VTX, IDX, POSITION.x, POSITION.y, POSITION.z, NORMAL.x, NORMAL.y, NORMAL.z, COLOR.x, COLOR.y, COLOR.z, COLOR.w, TEXCOORD.x, TEXCOORD.y
0, 0, 0.70681, 7.53026, 1.15366, -0.02884, -0.35291, 0.93406, 0.80, 0.80, 0.80, 1.00, 0.44849, 0.14128
1, 1, 0.7697, 7.69228, 1.18934, 0.02265, -0.22322, 0.97336, 0.80, 0.80, 0.80, 1.00, 0.44849, 0.00096
2, 2, 0.60271, 7.78382, 1.15678, -0.50356, -0.15305, 0.84903, 0.80, 0.80, 0.80, 1.00, 0.64421, 0.00096
3, 0, 0.70681, 7.53026, 1.15366, -0.02884, -0.35291, 0.93406, 0.80, 0.80, 0.80, 1.00, 0.44849, 0.14128
4, 2, 0.60271, 7.78382, 1.15678, -0.50356, -0.15305, 0.84903, 0.80, 0.80, 0.80, 1.00, 0.64421, 0.00096
5, 3, 0.51528, 7.68528, 1.06511, -0.61608, -0.16802, 0.76816, 0.80, 0.80, 0.80, 1.00, 0.68555, 0.13161
6, 3, 0.51528, 7.68528, 1.06511, -0.61608, -0.16802, 0.76816, 0.80, 0.80, 0.80, 1.00, 0.68555, 0.13161
7, 2, 0.60271, 7.78382, 1.15678, -0.50356, -0.15305, 0.84903, 0.80, 0.80, 0.80, 1.00, 0.64421, 0.00096
8, 4, 0.49725, 7.80926, 1.06477, -0.66668, -0.09478, 0.73785, 0.80, 0.80, 0.80, 1.00, 0.74824, 0.07275
9, 5, -1.01234, 4.69497, 2.31033, 0.10419, -0.6274, 0.77079, 0.80, 0.80, 0.80, 1.00, 0.17143, 0.09234
10, 6, -0.87794, 4.38359, 2.02906, 0.14234, -0.63592, 0.75761, 0.80, 0.80, 0.80, 1.00, 0.08136, 0.13403
11, 7, -0.82008, 4.66742, 2.26146, 0.12837, -0.64401, 0.75328, 0.80, 0.80, 0.80, 1.00, 0.12471, 0.08883
12, 5, -1.01234, 4.69497, 2.31033, 0.10419, -0.6274, 0.77079, 0.80, 0.80, 0.80, 1.00, 0.17143, 0.09234
13, 8, -1.04699, 4.4268, 2.1015, 0.1058, -0.61963, 0.77682, 0.80, 0.80, 0.80, 1.00, 0.12373, 0.13903
14, 6, -0.87794, 4.38359, 2.02906, 0.14234, -0.63592, 0.75761, 0.80, 0.80, 0.80, 1.00, 0.08136, 0.13403
15, 7, -0.82008, 4.66742, 2.26146, 0.12837, -0.64401, 0.75328, 0.80, 0.80, 0.80, 1.00, 0.12471, 0.08883
16, 6, -0.87794, 4.38359, 2.02906, 0.14234, -0.63592, 0.75761, 0.80, 0.80, 0.80, 1.00, 0.08136, 0.13403
17, 9, -0.6758, 4.59145, 2.16598, 0.1557, -0.64479, 0.74743, 0.80, 0.80, 0.80, 1.00, 0.07377, 0.08963
18, 8, -1.04699, 4.4268, 2.1015, 0.1058, -0.61963, 0.77682, 0.80, 0.80, 0.80, 1.00, 0.12373, 0.13903
19, 5, -1.01234, 4.69497, 2.31033, 0.10419, -0.6274, 0.77079, 0.80, 0.80, 0.80, 1.00, 0.17143, 0.09234
20, 10, -1.1624, 4.54996, 2.20427, 0.04101, -0.61739, 0.78469, 0.80, 0.80, 0.80, 1.00, 0.16611, 0.12918
21, 11, -1.02419, 4.92219, 2.11518, 0.11718, 0.81183, 0.57142, 0.80, 0.80, 0.80, 1.00, 0.17579, 0.04419
22, 12, -0.97704, 5.05931, 1.87028, 0.23919, 0.88079, 0.40806, 0.80, 0.80, 0.80, 1.00, 0.13161, 0.00331
23, 13, -1.05858, 5.05526, 1.87809, 0.00346, 0.87235, 0.48833, 0.80, 0.80, 0.80, 1.00, 0.17648, 0.0044
24, 11, -1.02419, 4.92219, 2.11518, 0.11718, 0.81183, 0.57142, 0.80, 0.80, 0.80, 1.00, 0.17579, 0.04419
25, 14, -0.81002, 4.90606, 2.07461, 0.39566, 0.78206, 0.48072, 0.80, 0.80, 0.80, 1.00, 0.12673, 0.04318
26, 12, -0.97704, 5.05931, 1.87028, 0.23919, 0.88079, 0.40806, 0.80, 0.80, 0.80, 1.00, 0.13161, 0.00331
27, 15, -0.92887, 4.54403, 1.77784, -0.43303, -0.40898, -0.80232, 0.80, 0.80, 0.80, 1.00, 0.32124, 0.0475
28, 16, -1.12605, 4.88321, 1.77865, -0.60185, -0.22862, -0.76407, 0.80, 0.80, 0.80, 1.00, 0.27177, 0.00674
29, 17, -0.98153, 4.84389, 1.70804, -0.48125, -0.27833, -0.83022, 0.80, 0.80, 0.80, 1.00, 0.31673, 0.00658
30, 15, -0.92887, 4.54403, 1.77784, -0.43303, -0.40898, -0.80232, 0.80, 0.80, 0.80, 1.00, 0.32124, 0.0475
31, 18, -1.11238, 4.58297, 1.84928, -0.66014, -0.41849, -0.6226, 0.80, 0.80, 0.80, 1.00, 0.27484, 0.04949
32, 16, -1.12605, 4.88321, 1.77865, -0.60185, -0.22862, -0.76407, 0.80, 0.80, 0.80, 1.00, 0.27177, 0.00674
33, 14, -0.81002, 4.90606, 2.07461, 0.39566, 0.78206, 0.48072, 0.80, 0.80, 0.80, 1.00, 0.12673, 0.04318
34, 19, -0.84896, 4.99632, 1.78627, 0.54713, 0.81672, 0.18147, 0.80, 0.80, 0.80, 1.00, 0.06758, 0.0022
35, 12, -0.97704, 5.05931, 1.87028, 0.23919, 0.88079, 0.40806, 0.80, 0.80, 0.80, 1.00, 0.13161, 0.00331
36, 14, -0.81002, 4.90606, 2.07461, 0.39566, 0.78206, 0.48072, 0.80, 0.80, 0.80, 1.00, 0.12673, 0.04318
37, 20, -0.66073, 4.82369, 1.97161, 0.63596, 0.66804, 0.38507, 0.80, 0.80, 0.80, 1.00, 0.06962, 0.04232
38, 19, -0.84896, 4.99632, 1.78627, 0.54713, 0.81672, 0.18147, 0.80, 0.80, 0.80, 1.00, 0.06758, 0.0022
39, 21, -0.66073, 4.82369, 1.97161, 0.69042, -0.21224, -0.69027, 0.80, 0.80, 0.80, 1.00, 0.06953, 0.04232
40, 22, -0.98153, 4.84389, 1.70804, 0.62647, -0.10822, -0.77067, 0.80, 0.80, 0.80, 1.00, 0.00909, 0.00308
41, 23, -0.84896, 4.99632, 1.78627, 0.62184, -0.14697, -0.76801, 0.80, 0.80, 0.80, 1.00, 0.06744, 0.00219
42, 21, -0.66073, 4.82369, 1.97161, 0.69042, -0.21224, -0.69027, 0.80, 0.80, 0.80, 1.00, 0.06953, 0.04232
43, 24, -0.92887, 4.54403, 1.77784, 0.74392, -0.29912, -0.59616, 0.80, 0.80, 0.80, 1.00, 0.00573, 0.04991
44, 22, -0.98153, 4.84389, 1.70804, 0.62647, -0.10822, -0.77067, 0.80, 0.80, 0.80, 1.00, 0.00909, 0.00308
45, 18, -1.11238, 4.58297, 1.84928, -0.66014, -0.41849, -0.6226, 0.80, 0.80, 0.80, 1.00, 0.27484, 0.04949
46, 25, -1.15744, 4.95268, 1.81242, -0.83442, -0.15459, -0.52738, 0.80, 0.80, 0.80, 1.00, 0.22293, 0.00477
47, 16, -1.12605, 4.88321, 1.77865, -0.60185, -0.22862, -0.76407, 0.80, 0.80, 0.80, 1.00, 0.27177, 0.00674
48, 18, -1.11238, 4.58297, 1.84928, -0.66014, -0.41849, -0.6226, 0.80, 0.80, 0.80, 1.00, 0.27484, 0.04949
49, 26, -1.2227, 4.72542, 1.96681, -0.85897, -0.34713, -0.37436, 0.80, 0.80, 0.80, 1.00, 0.22844, 0.04552
50, 25, -1.15744, 4.95268, 1.81242, -0.83442, -0.15459, -0.52738, 0.80, 0.80, 0.80, 1.00, 0.22293, 0.00477
51, 27, -1.2227, 4.72542, 1.96681, -0.77306, 0.44288, 0.45246, 0.80, 0.80, 0.80, 1.00, 0.22837, 0.04551
52, 28, -1.05858, 5.05526, 1.87809, -0.77578, 0.49246, 0.3927, 0.80, 0.80, 0.80, 1.00, 0.17658, 0.0044
53, 29, -1.15744, 4.95268, 1.81242, -0.77373, 0.49251, 0.39667, 0.80, 0.80, 0.80, 1.00, 0.22281, 0.00477
54, 27, -1.2227, 4.72542, 1.96681, -0.77306, 0.44288, 0.45246, 0.80, 0.80, 0.80, 1.00, 0.22837, 0.04551
55, 30, -1.02419, 4.92219, 2.11518, -0.76738, 0.39093, 0.50667, 0.80, 0.80, 0.80, 1.00, 0.17578, 0.04431
56, 28, -1.05858, 5.05526, 1.87809, -0.77578, 0.49246, 0.3927, 0.80, 0.80, 0.80, 1.00, 0.17658, 0.0044
57, 31, -0.99182, 4.78228, 2.2435, 0.17497, 0.65642, 0.7331, 0.80, 0.80, 0.80, 1.00, 0.172, 0.07336
58, 14, -0.81002, 4.90606, 2.07461, 0.39566, 0.78206, 0.48072, 0.80, 0.80, 0.80, 1.00, 0.12673, 0.04318
59, 11, -1.02419, 4.92219, 2.11518, 0.11718, 0.81183, 0.57142, 0.80, 0.80, 0.80, 1.00, 0.17579, 0.04419
60, 31, -0.99182, 4.78228, 2.2435, 0.17497, 0.65642, 0.7331, 0.80, 0.80, 0.80, 1.00, 0.172, 0.07336
61, 32, -0.78562, 4.76983, 2.20732, 0.44986, 0.52815, 0.7193, 0.80, 0.80, 0.80, 1.00, 0.12388, 0.07229
62, 14, -0.81002, 4.90606, 2.07461, 0.39566, 0.78206, 0.48072, 0.80, 0.80, 0.80, 1.00, 0.12673, 0.04318
63, 33, -0.91143, 4.41137, 1.91395, -0.35034, -0.80106, -0.48465, 0.80, 0.80, 0.80, 1.00, 0.32207, 0.07652
64, 18, -1.11238, 4.58297, 1.84928, -0.66014, -0.41849, -0.6226, 0.80, 0.80, 0.80, 1.00, 0.27484, 0.04949
65, 15, -0.92887, 4.54403, 1.77784, -0.43303, -0.40898, -0.80232, 0.80, 0.80, 0.80, 1.00, 0.32124, 0.0475
66, 33, -0.91143, 4.41137, 1.91395, -0.35034, -0.80106, -0.48465, 0.80, 0.80, 0.80, 1.00, 0.32207, 0.07652
67, 34, -1.08708, 4.44682, 1.98091, -0.61536, -0.75377, -0.22879, 0.80, 0.80, 0.80, 1.00, 0.27439, 0.07848
68, 18, -1.11238, 4.58297, 1.84928, -0.66014, -0.41849, -0.6226, 0.80, 0.80, 0.80, 1.00, 0.27484, 0.04949
69, 32, -0.78562, 4.76983, 2.20732, 0.44986, 0.52815, 0.7193, 0.80, 0.80, 0.80, 1.00, 0.12388, 0.07229
70, 20, -0.66073, 4.82369, 1.97161, 0.63596, 0.66804, 0.38507, 0.80, 0.80, 0.80, 1.00, 0.06962, 0.04232
71, 14, -0.81002, 4.90606, 2.07461, 0.39566, 0.78206, 0.48072, 0.80, 0.80, 0.80, 1.00, 0.12673, 0.04318
72, 32, -0.78562, 4.76983, 2.20732, 0.44986, 0.52815, 0.7193, 0.80, 0.80, 0.80, 1.00, 0.12388, 0.07229
73, 35, -0.6443, 4.69106, 2.10878, 0.65067, 0.34184, 0.67692, 0.80, 0.80, 0.80, 1.00, 0.0705, 0.0715
74, 20, -0.66073, 4.82369, 1.97161, 0.63596, 0.66804, 0.38507, 0.80, 0.80, 0.80, 1.00, 0.06962, 0.04232
75, 36, -0.6443, 4.69106, 2.10878, 0.77889, -0.42805, -0.4567, 0.80, 0.80, 0.80, 1.00, 0.0705, 0.0714
76, 24, -0.92887, 4.54403, 1.77784, 0.74392, -0.29912, -0.59616, 0.80, 0.80, 0.80, 1.00, 0.00573, 0.04991
77, 21, -0.66073, 4.82369, 1.97161, 0.69042, -0.21224, -0.69027, 0.80, 0.80, 0.80, 1.00, 0.06953, 0.04232
78, 36, -0.6443, 4.69106, 2.10878, 0.77889, -0.42805, -0.4567, 0.80, 0.80, 0.80, 1.00, 0.0705, 0.0714
79, 37, -0.91143, 4.41137, 1.91395, 0.78061, -0.46771, -0.41283, 0.80, 0.80, 0.80, 1.00, 0.0081, 0.07893
80, 24, -0.92887, 4.54403, 1.77784, 0.74392, -0.29912, -0.59616, 0.80, 0.80, 0.80, 1.00, 0.00573, 0.04991
81, 34, -1.08708, 4.44682, 1.98091, -0.61536, -0.75377, -0.22879, 0.80, 0.80, 0.80, 1.00, 0.27439, 0.07848
82, 26, -1.2227, 4.72542, 1.96681, -0.85897, -0.34713, -0.37436, 0.80, 0.80, 0.80, 1.00, 0.22844, 0.04552
83, 18, -1.11238, 4.58297, 1.84928, -0.66014, -0.41849, -0.6226, 0.80, 0.80, 0.80, 1.00, 0.27484, 0.04949
84, 34, -1.08708, 4.44682, 1.98091, -0.61536, -0.75377, -0.22879, 0.80, 0.80, 0.80, 1.00, 0.27439, 0.07848
85, 38, -1.18949, 4.58531, 2.09446, -0.79788, -0.59976, -0.05, 0.80, 0.80, 0.80, 1.00, 0.22639, 0.07458
86, 26, -1.2227, 4.72542, 1.96681, -0.85897, -0.34713, -0.37436, 0.80, 0.80, 0.80, 1.00, 0.22844, 0.04552
87, 39, -1.18949, 4.58531, 2.09446, -0.76962, 0.39868, 0.49716, 0.80, 0.80, 0.80, 1.00, 0.22633, 0.07458
88, 30, -1.02419, 4.92219, 2.11518, -0.76738, 0.39093, 0.50667, 0.80, 0.80, 0.80, 1.00, 0.17578, 0.04431
89, 27, -1.2227, 4.72542, 1.96681, -0.77306, 0.44288, 0.45246, 0.80, 0.80, 0.80, 1.00, 0.22837, 0.04551
90, 39, -1.18949, 4.58531, 2.09446, -0.76962, 0.39868, 0.49716, 0.80, 0.80, 0.80, 1.00, 0.22633, 0.07458
91, 40, -0.99182, 4.78228, 2.2435, -0.77274, 0.45132, 0.44462, 0.80, 0.80, 0.80, 1.00, 0.17202, 0.07336
92, 30, -1.02419, 4.92219, 2.11518, -0.76738, 0.39093, 0.50667, 0.80, 0.80, 0.80, 1.00, 0.17578, 0.04431
93, 41, -1.01234, 4.69497, 2.31033, 0.22825, 0.4768, 0.84802, 0.80, 0.80, 0.80, 1.00, 0.17143, 0.0923
94, 32, -0.78562, 4.76983, 2.20732, 0.44986, 0.52815, 0.7193, 0.80, 0.80, 0.80, 1.00, 0.12388, 0.07229
95, 31, -0.99182, 4.78228, 2.2435, 0.17497, 0.65642, 0.7331, 0.80, 0.80, 0.80, 1.00, 0.172, 0.07336
96, 41, -1.01234, 4.69497, 2.31033, 0.22825, 0.4768, 0.84802, 0.80, 0.80, 0.80, 1.00, 0.17143, 0.0923
97, 42, -0.82008, 4.66742, 2.26146, 0.5184, 0.27035, 0.81024, 0.80, 0.80, 0.80, 1.00, 0.12403, 0.08898
98, 32, -0.78562, 4.76983, 2.20732, 0.44986, 0.52815, 0.7193, 0.80, 0.80, 0.80, 1.00, 0.12388, 0.07229
99, 43, -0.87794, 4.38359, 2.02906, -0.26329, -0.95797, -0.11257, 0.80, 0.80, 0.80, 1.00, 0.31885, 0.09196
100, 34, -1.08708, 4.44682, 1.98091, -0.61536, -0.75377, -0.22879, 0.80, 0.80, 0.80, 1.00, 0.27439, 0.07848
101, 33, -0.91143, 4.41137, 1.91395, -0.35034, -0.80106, -0.48465, 0.80, 0.80, 0.80, 1.00, 0.32207, 0.07652
102, 43, -0.87794, 4.38359, 2.02906, -0.26329, -0.95797, -0.11257, 0.80, 0.80, 0.80, 1.00, 0.31885, 0.09196
103, 44, -1.04699, 4.4268, 2.1015, -0.60826, -0.79315, 0.01247, 0.80, 0.80, 0.80, 1.00, 0.27475, 0.09369
104, 34, -1.08708, 4.44682, 1.98091, -0.61536, -0.75377, -0.22879, 0.80, 0.80, 0.80, 1.00, 0.27439, 0.07848
105, 42, -0.82008, 4.66742, 2.26146, 0.5184, 0.27035, 0.81024, 0.80, 0.80, 0.80, 1.00, 0.12403, 0.08898
106, 35, -0.6443, 4.69106, 2.10878, 0.65067, 0.34184, 0.67692, 0.80, 0.80, 0.80, 1.00, 0.0705, 0.0715
107, 32, -0.78562, 4.76983, 2.20732, 0.44986, 0.52815, 0.7193, 0.80, 0.80, 0.80, 1.00, 0.12388, 0.07229
108, 42, -0.82008, 4.66742, 2.26146, 0.5184, 0.27035, 0.81024, 0.80, 0.80, 0.80, 1.00, 0.12403, 0.08898
109, 45, -0.6758, 4.59145, 2.16598, 0.61876, 0.23472, 0.74857, 0.80, 0.80, 0.80, 1.00, 0.07376, 0.08962
110, 35, -0.6443, 4.69106, 2.10878, 0.65067, 0.34184, 0.67692, 0.80, 0.80, 0.80, 1.00, 0.0705, 0.0715
111, 46, -0.6758, 4.59145, 2.16598, 0.78066, -0.49973, -0.37339, 0.80, 0.80, 0.80, 1.00, 0.0737, 0.08961
112, 37, -0.91143, 4.41137, 1.91395, 0.78061, -0.46771, -0.41283, 0.80, 0.80, 0.80, 1.00, 0.0081, 0.07893
113, 36, -0.6443, 4.69106, 2.10878, 0.77889, -0.42805, -0.4567, 0.80, 0.80, 0.80, 1.00, 0.0705, 0.0714
114, 46, -0.6758, 4.59145, 2.16598, 0.78066, -0.49973, -0.37339, 0.80, 0.80, 0.80, 1.00, 0.0737, 0.08961
115, 47, -0.87794, 4.38359, 2.02906, 0.77536, -0.52322, -0.35169, 0.80, 0.80, 0.80, 1.00, 0.00648, 0.09305
116, 37, -0.91143, 4.41137, 1.91395, 0.78061, -0.46771, -0.41283, 0.80, 0.80, 0.80, 1.00, 0.0081, 0.07893
117, 44, -1.04699, 4.4268, 2.1015, -0.60826, -0.79315, 0.01247, 0.80, 0.80, 0.80, 1.00, 0.27475, 0.09369
118, 38, -1.18949, 4.58531, 2.09446, -0.79788, -0.59976, -0.05, 0.80, 0.80, 0.80, 1.00, 0.22639, 0.07458
119, 34, -1.08708, 4.44682, 1.98091, -0.61536, -0.75377, -0.22879, 0.80, 0.80, 0.80, 1.00, 0.27439, 0.07848
120, 44, -1.04699, 4.4268, 2.1015, -0.60826, -0.79315, 0.01247, 0.80, 0.80, 0.80, 1.00, 0.27475, 0.09369
121, 48, -1.1624, 4.54996, 2.20427, -0.74165, -0.66923, -0.0322, 0.80, 0.80, 0.80, 1.00, 0.22155, 0.09023
122, 38, -1.18949, 4.58531, 2.09446, -0.79788, -0.59976, -0.05, 0.80, 0.80, 0.80, 1.00, 0.22639, 0.07458
123, 49, -1.1624, 4.54996, 2.20427, -0.77317, 0.50379, 0.3834, 0.80, 0.80, 0.80, 1.00, 0.22148, 0.09023
124, 40, -0.99182, 4.78228, 2.2435, -0.77274, 0.45132, 0.44462, 0.80, 0.80, 0.80, 1.00, 0.17202, 0.07336
125, 39, -1.18949, 4.58531, 2.09446, -0.76962, 0.39868, 0.49716, 0.80, 0.80, 0.80, 1.00, 0.22633, 0.07458
126, 49, -1.1624, 4.54996, 2.20427, -0.77317, 0.50379, 0.3834, 0.80, 0.80, 0.80, 1.00, 0.22148, 0.09023
127, 50, -1.01234, 4.69497, 2.31033, -0.76606, 0.49419, 0.40928, 0.80, 0.80, 0.80, 1.00, 0.17145, 0.0923
128, 40, -0.99182, 4.78228, 2.2435, -0.77274, 0.45132, 0.44462, 0.80, 0.80, 0.80, 1.00, 0.17202, 0.07336
129, 51, -1.21836, 5.44226, 1.37466, -0.40122, 0.65187, 0.64262, 0.80, 0.80, 0.80, 1.00, 0.84986, 0.04749
130, 52, -1.0294, 5.62627, 1.13256, 0.07756, 0.76385, 0.64009, 0.80, 0.80, 0.80, 1.00, 0.81563, 0.00882
131, 53, -1.23458, 5.64982, 1.16957, -0.4977, 0.58976, 0.635, 0.80, 0.80, 0.80, 1.00, 0.85038, 0.00812
132, 51, -1.21836, 5.44226, 1.37466, -0.40122, 0.65187, 0.64262, 0.80, 0.80, 0.80, 1.00, 0.84986, 0.04749
133, 54, -0.9769, 5.46336, 1.3661, -0.02535, 0.79376, 0.6071, 0.80, 0.80, 0.80, 1.00, 0.81401, 0.04676
134, 52, -1.0294, 5.62627, 1.13256, 0.07756, 0.76385, 0.64009, 0.80, 0.80, 0.80, 1.00, 0.81563, 0.00882
135, 55, -1.04093, 5.04953, 1.02174, 0.24759, -0.80836, -0.53341, 0.80, 0.80, 0.80, 1.00, 0.92383, 0.04943
136, 56, -1.31549, 5.35161, 0.90743, -0.59238, -0.56561, -0.57268, 0.80, 0.80, 0.80, 1.00, 0.89628, 0.0081
137, 57, -1.06008, 5.27606, 0.79528, 0.43943, -0.61608, -0.65281, 0.80, 0.80, 0.80, 1.00, 0.92295, 0.00834
138, 55, -1.04093, 5.04953, 1.02174, 0.24759, -0.80836, -0.53341, 0.80, 0.80, 0.80, 1.00, 0.92383, 0.04943
139, 58, -1.30784, 5.10998, 1.12566, -0.71403, -0.61367, -0.33536, 0.80, 0.80, 0.80, 1.00, 0.89729, 0.04995
140, 56, -1.31549, 5.35161, 0.90743, -0.59238, -0.56561, -0.57268, 0.80, 0.80, 0.80, 1.00, 0.89628, 0.0081
141, 59, -0.9769, 5.46336, 1.3661, 0.72409, 0.56418, 0.3952, 0.80, 0.80, 0.80, 1.00, 0.98858, 0.04646
142, 60, -0.80514, 5.51309, 0.98831, 0.93357, 0.33253, 0.12768, 0.80, 0.80, 0.80, 1.00, 0.95474, 0.00771
143, 61, -1.0294, 5.62627, 1.13256, 0.59509, 0.71556, 0.36463, 0.80, 0.80, 0.80, 1.00, 0.9902, 0.00882
144, 59, -0.9769, 5.46336, 1.3661, 0.72409, 0.56418, 0.3952, 0.80, 0.80, 0.80, 1.00, 0.98858, 0.04646
145, 62, -0.78971, 5.30919, 1.18885, 0.99813, 0.0442, 0.00303, 0.80, 0.80, 0.80, 1.00, 0.95589, 0.0481
146, 60, -0.80514, 5.51309, 0.98831, 0.93357, 0.33253, 0.12768, 0.80, 0.80, 0.80, 1.00, 0.95474, 0.00771
147, 62, -0.78971, 5.30919, 1.18885, 0.99813, 0.0442, 0.00303, 0.80, 0.80, 0.80, 1.00, 0.95589, 0.0481
148, 57, -1.06008, 5.27606, 0.79528, 0.43943, -0.61608, -0.65281, 0.80, 0.80, 0.80, 1.00, 0.92295, 0.00834
149, 60, -0.80514, 5.51309, 0.98831, 0.93357, 0.33253, 0.12768, 0.80, 0.80, 0.80, 1.00, 0.95474, 0.00771
150, 62, -0.78971, 5.30919, 1.18885, 0.99813, 0.0442, 0.00303, 0.80, 0.80, 0.80, 1.00, 0.95589, 0.0481
151, 55, -1.04093, 5.04953, 1.02174, 0.24759, -0.80836, -0.53341, 0.80, 0.80, 0.80, 1.00, 0.92383, 0.04943
152, 57, -1.06008, 5.27606, 0.79528, 0.43943, -0.61608, -0.65281, 0.80, 0.80, 0.80, 1.00, 0.92295, 0.00834
153, 58, -1.30784, 5.10998, 1.12566, -0.71403, -0.61367, -0.33536, 0.80, 0.80, 0.80, 1.00, 0.89729, 0.04995
154, 63, -1.42331, 5.48655, 1.02094, -0.99041, -0.11477, -0.0646, 0.80, 0.80, 0.80, 1.00, 0.87489, 0.00678
155, 56, -1.31549, 5.35161, 0.90743, -0.59238, -0.56561, -0.57268, 0.80, 0.80, 0.80, 1.00, 0.89628, 0.0081
156, 58, -1.30784, 5.10998, 1.12566, -0.71403, -0.61367, -0.33536, 0.80, 0.80, 0.80, 1.00, 0.89729, 0.04995
157, 64, -1.40499, 5.2618, 1.24438, -0.95929, -0.02535, 0.27804, 0.80, 0.80, 0.80, 1.00, 0.87444, 0.04921
158, 63, -1.42331, 5.48655, 1.02094, -0.99041, -0.11477, -0.0646, 0.80, 0.80, 0.80, 1.00, 0.87489, 0.00678
159, 64, -1.40499, 5.2618, 1.24438, -0.95929, -0.02535, 0.27804, 0.80, 0.80, 0.80, 1.00, 0.87444, 0.04921
160, 53, -1.23458, 5.64982, 1.16957, -0.4977, 0.58976, 0.635, 0.80, 0.80, 0.80, 1.00, 0.85038, 0.00812
161, 63, -1.42331, 5.48655, 1.02094, -0.99041, -0.11477, -0.0646, 0.80, 0.80, 0.80, 1.00, 0.87489, 0.00678
162, 64, -1.40499, 5.2618, 1.24438, -0.95929, -0.02535, 0.27804, 0.80, 0.80, 0.80, 1.00, 0.87444, 0.04921
163, 51, -1.21836, 5.44226, 1.37466, -0.40122, 0.65187, 0.64262, 0.80, 0.80, 0.80, 1.00, 0.84986, 0.04749
164, 53, -1.23458, 5.64982, 1.16957, -0.4977, 0.58976, 0.635, 0.80, 0.80, 0.80, 1.00, 0.85038, 0.00812
165, 65, -1.05858, 5.05526, 1.87809, -0.28286, 0.70883, 0.64542, 0.80, 0.80, 0.80, 1.00, 0.83237, 0.12965
166, 54, -0.9769, 5.46336, 1.3661, -0.02535, 0.79376, 0.6071, 0.80, 0.80, 0.80, 1.00, 0.81401, 0.04676
167, 51, -1.21836, 5.44226, 1.37466, -0.40122, 0.65187, 0.64262, 0.80, 0.80, 0.80, 1.00, 0.84986, 0.04749
168, 65, -1.05858, 5.05526, 1.87809, -0.28286, 0.70883, 0.64542, 0.80, 0.80, 0.80, 1.00, 0.83237, 0.12965
169, 66, -0.97704, 5.05931, 1.87028, 0.02105, 0.78037, 0.62435, 0.80, 0.80, 0.80, 1.00, 0.81382, 0.12904
170, 54, -0.9769, 5.46336, 1.3661, -0.02535, 0.79376, 0.6071, 0.80, 0.80, 0.80, 1.00, 0.81401, 0.04676
171, 67, -0.98153, 4.84389, 1.70804, 0.05252, -0.95799, -0.28141, 0.80, 0.80, 0.80, 1.00, 0.92921, 0.13049
172, 58, -1.30784, 5.10998, 1.12566, -0.71403, -0.61367, -0.33536, 0.80, 0.80, 0.80, 1.00, 0.89729, 0.04995
173, 55, -1.04093, 5.04953, 1.02174, 0.24759, -0.80836, -0.53341, 0.80, 0.80, 0.80, 1.00, 0.92383, 0.04943
174, 67, -0.98153, 4.84389, 1.70804, 0.05252, -0.95799, -0.28141, 0.80, 0.80, 0.80, 1.00, 0.92921, 0.13049
175, 68, -1.12605, 4.88321, 1.77865, -0.35321, -0.90975, -0.2172, 0.80, 0.80, 0.80, 1.00, 0.89311, 0.13102
176, 69, -1.30784, 5.10998, 1.12566, -0.35321, -0.90975, -0.2172, 0.80, 0.80, 0.80, 1.00, 0.89732, 0.04996
177, 70, -0.97704, 5.05931, 1.87028, 0.69649, 0.58973, 0.40739, 0.80, 0.80, 0.80, 1.00, 0.99048, 0.13054
178, 62, -0.78971, 5.30919, 1.18885, 0.99813, 0.0442, 0.00303, 0.80, 0.80, 0.80, 1.00, 0.95589, 0.0481
179, 59, -0.9769, 5.46336, 1.3661, 0.72409, 0.56418, 0.3952, 0.80, 0.80, 0.80, 1.00, 0.98858, 0.04646
180, 70, -0.97704, 5.05931, 1.87028, 0.69649, 0.58973, 0.40739, 0.80, 0.80, 0.80, 1.00, 0.99048, 0.13054
181, 71, -0.84896, 4.99632, 1.78627, 0.97503, -0.21667, -0.02563, 0.80, 0.80, 0.80, 1.00, 0.95856, 0.1299
182, 62, -0.78971, 5.30919, 1.18885, 0.99813, 0.0442, 0.00303, 0.80, 0.80, 0.80, 1.00, 0.95589, 0.0481
183, 71, -0.84896, 4.99632, 1.78627, 0.97503, -0.21667, -0.02563, 0.80, 0.80, 0.80, 1.00, 0.95856, 0.1299
184, 55, -1.04093, 5.04953, 1.02174, 0.24759, -0.80836, -0.53341, 0.80, 0.80, 0.80, 1.00, 0.92383, 0.04943
185, 62, -0.78971, 5.30919, 1.18885, 0.99813, 0.0442, 0.00303, 0.80, 0.80, 0.80, 1.00, 0.95589, 0.0481
186, 71, -0.84896, 4.99632, 1.78627, 0.97503, -0.21667, -0.02563, 0.80, 0.80, 0.80, 1.00, 0.95856, 0.1299
187, 67, -0.98153, 4.84389, 1.70804, 0.05252, -0.95799, -0.28141, 0.80, 0.80, 0.80, 1.00, 0.92921, 0.13049
188, 55, -1.04093, 5.04953, 1.02174, 0.24759, -0.80836, -0.53341, 0.80, 0.80, 0.80, 1.00, 0.92383, 0.04943
189, 72, -1.12605, 4.88321, 1.77865, -0.85447, -0.51129, 0.08425, 0.80, 0.80, 0.80, 1.00, 0.89315, 0.131
190, 64, -1.40499, 5.2618, 1.24438, -0.95929, -0.02535, 0.27804, 0.80, 0.80, 0.80, 1.00, 0.87444, 0.04921
191, 58, -1.30784, 5.10998, 1.12566, -0.71403, -0.61367, -0.33536, 0.80, 0.80, 0.80, 1.00, 0.89729, 0.04995
192, 72, -1.12605, 4.88321, 1.77865, -0.85447, -0.51129, 0.08425, 0.80, 0.80, 0.80, 1.00, 0.89315, 0.131
193, 73, -1.15744, 4.95268, 1.81242, -0.88567, 0.11574, 0.44763, 0.80, 0.80, 0.80, 1.00, 0.86425, 0.13012
194, 64, -1.40499, 5.2618, 1.24438, -0.95929, -0.02535, 0.27804, 0.80, 0.80, 0.80, 1.00, 0.87444, 0.04921
195, 73, -1.15744, 4.95268, 1.81242, -0.88567, 0.11574, 0.44763, 0.80, 0.80, 0.80, 1.00, 0.86425, 0.13012
196, 51, -1.21836, 5.44226, 1.37466, -0.40122, 0.65187, 0.64262, 0.80, 0.80, 0.80, 1.00, 0.84986, 0.04749
197, 64, -1.40499, 5.2618, 1.24438, -0.95929, -0.02535, 0.27804, 0.80, 0.80, 0.80, 1.00, 0.87444, 0.04921
198, 73, -1.15744, 4.95268, 1.81242, -0.88567, 0.11574, 0.44763, 0.80, 0.80, 0.80, 1.00, 0.86425, 0.13012
199, 65, -1.05858, 5.05526, 1.87809, -0.28286, 0.70883, 0.64542, 0.80, 0.80, 0.80, 1.00, 0.83237, 0.12965
200, 51, -1.21836, 5.44226, 1.37466, -0.40122, 0.65187, 0.64262, 0.80, 0.80, 0.80, 1.00, 0.84986, 0.04749
201, 74, -1.11143, 6.69363, 0.4386, -0.84543, 0.33126, 0.41697, 0.80, 0.80, 0.80, 1.00, 0.90, 0.24736
202, 75, -0.86163, 7.02052, 0.65774, -0.78236, 0.44097, 0.43813, 0.80, 0.80, 0.80, 1.00, 0.99013, 0.19746
203, 76, -1.11068, 6.98545, 0.2477, -0.88045, 0.38711, -0.2709, 0.80, 0.80, 0.80, 1.00, 0.87617, 0.20965
204, 74, -1.11143, 6.69363, 0.4386, -0.84543, 0.33126, 0.41697, 0.80, 0.80, 0.80, 1.00, 0.90, 0.24736
205, 77, -0.9591, 6.6575, 0.72594, -0.8142, 0.33358, 0.47344, 0.80, 0.80, 0.80, 1.00, 0.99122, 0.2465
206, 75, -0.86163, 7.02052, 0.65774, -0.78236, 0.44097, 0.43813, 0.80, 0.80, 0.80, 1.00, 0.99013, 0.19746
207, 76, -1.11068, 6.98545, 0.2477, -0.88045, 0.38711, -0.2709, 0.80, 0.80, 0.80, 1.00, 0.87617, 0.20965
208, 75, -0.86163, 7.02052, 0.65774, -0.78236, 0.44097, 0.43813, 0.80, 0.80, 0.80, 1.00, 0.99013, 0.19746
209, 78, -0.83501, 7.34407, 0.24582, -0.7903, 0.60898, 0.05793, 0.80, 0.80, 0.80, 1.00, 0.89775, 0.14833
210, 78, -0.83501, 7.34407, 0.24582, -0.7903, 0.60898, 0.05793, 0.80, 0.80, 0.80, 1.00, 0.89775, 0.14833
211, 75, -0.86163, 7.02052, 0.65774, -0.78236, 0.44097, 0.43813, 0.80, 0.80, 0.80, 1.00, 0.99013, 0.19746
212, 79, -0.67254, 7.3471, 0.54123, -0.72646, 0.56204, 0.39378, 0.80, 0.80, 0.80, 1.00, 0.99046, 0.14853
213, 80, -0.83501, 7.34407, 0.24582, -0.5314, 0.83207, -0.15656, 0.80, 0.80, 0.80, 1.00, 0.78808, 0.10212
214, 81, -0.67254, 7.3471, 0.54123, -0.31395, 0.8502, 0.42187, 0.80, 0.80, 0.80, 1.00, 0.73217, 0.10346
215, 82, -0.67105, 7.4459, 0.22968, -0.34171, 0.93678, -0.07232, 0.80, 0.80, 0.80, 1.00, 0.78005, 0.11705
216, 82, -0.67105, 7.4459, 0.22968, -0.34171, 0.93678, -0.07232, 0.80, 0.80, 0.80, 1.00, 0.78005, 0.11705
217, 81, -0.67254, 7.3471, 0.54123, -0.31395, 0.8502, 0.42187, 0.80, 0.80, 0.80, 1.00, 0.73217, 0.10346
218, 83, -0.56462, 7.4263, 0.45403, -0.078, 0.90402, 0.41977, 0.80, 0.80, 0.80, 1.00, 0.73853, 0.11711
219, 84, -1.16884, 6.71756, 0.22179, -0.82955, 0.26532, -0.48964, 0.80, 0.80, 0.80, 1.00, 0.867, 0.24465
220, 85, -0.70255, 6.90439, -0.0696, -0.37147, 0.35345, -0.85759, 0.80, 0.80, 0.80, 1.00, 0.80945, 0.21055
221, 86, -0.8201, 6.57399, 0.02828, 0.20377, -0.1953, -0.95837, 0.80, 0.80, 0.80, 1.00, 0.80765, 0.24557
222, 84, -1.16884, 6.71756, 0.22179, -0.82955, 0.26532, -0.48964, 0.80, 0.80, 0.80, 1.00, 0.867, 0.24465
223, 76, -1.11068, 6.98545, 0.2477, -0.88045, 0.38711, -0.2709, 0.80, 0.80, 0.80, 1.00, 0.87617, 0.20965
224, 85, -0.70255, 6.90439, -0.0696, -0.37147, 0.35345, -0.85759, 0.80, 0.80, 0.80, 1.00, 0.80945, 0.21055
225, 87, -0.9591, 6.6575, 0.72594, 0.1613, 0.05503, 0.9844, 0.80, 0.80, 0.80, 1.00, 0.61898, 0.24905
226, 88, -0.49369, 6.42372, 0.42616, 0.66354, -0.27421, 0.69487, 0.80, 0.80, 0.80, 1.00, 0.71846, 0.24832
227, 89, -0.47224, 6.76063, 0.64453, 0.10659, 0.04485, 0.99232, 0.80, 0.80, 0.80, 1.00, 0.70424, 0.21431
228, 90, -0.86163, 7.02052, 0.65774, 0.15997, 0.19084, 0.96756, 0.80, 0.80, 0.80, 1.00, 0.61758, 0.20001
229, 87, -0.9591, 6.6575, 0.72594, 0.1613, 0.05503, 0.9844, 0.80, 0.80, 0.80, 1.00, 0.61898, 0.24905
230, 89, -0.47224, 6.76063, 0.64453, 0.10659, 0.04485, 0.99232, 0.80, 0.80, 0.80, 1.00, 0.70424, 0.21431
231, 76, -1.11068, 6.98545, 0.2477, -0.88045, 0.38711, -0.2709, 0.80, 0.80, 0.80, 1.00, 0.87617, 0.20965
232, 91, -0.59531, 7.30421, -0.01429, -0.56613, 0.27887, -0.77456, 0.80, 0.80, 0.80, 1.00, 0.81012, 0.14623
233, 85, -0.70255, 6.90439, -0.0696, -0.37147, 0.35345, -0.85759, 0.80, 0.80, 0.80, 1.00, 0.80945, 0.21055
234, 76, -1.11068, 6.98545, 0.2477, -0.88045, 0.38711, -0.2709, 0.80, 0.80, 0.80, 1.00, 0.87617, 0.20965
235, 78, -0.83501, 7.34407, 0.24582, -0.7903, 0.60898, 0.05793, 0.80, 0.80, 0.80, 1.00, 0.89775, 0.14833
236, 91, -0.59531, 7.30421, -0.01429, -0.56613, 0.27887, -0.77456, 0.80, 0.80, 0.80, 1.00, 0.81012, 0.14623
237, 92, -0.67254, 7.3471, 0.54123, 0.02784, 0.18287, 0.9818, 0.80, 0.80, 0.80, 1.00, 0.61774, 0.14789
238, 89, -0.47224, 6.76063, 0.64453, 0.10659, 0.04485, 0.99232, 0.80, 0.80, 0.80, 1.00, 0.70424, 0.21431
239, 93, -0.28931, 7.29005, 0.6003, -0.13231, 0.12811, 0.98193, 0.80, 0.80, 0.80, 1.00, 0.69579, 0.14495
240, 92, -0.67254, 7.3471, 0.54123, 0.02784, 0.18287, 0.9818, 0.80, 0.80, 0.80, 1.00, 0.61774, 0.14789
241, 90, -0.86163, 7.02052, 0.65774, 0.15997, 0.19084, 0.96756, 0.80, 0.80, 0.80, 1.00, 0.61758, 0.20001
242, 89, -0.47224, 6.76063, 0.64453, 0.10659, 0.04485, 0.99232, 0.80, 0.80, 0.80, 1.00, 0.70424, 0.21431
243, 82, -0.67105, 7.4459, 0.22968, -0.34171, 0.93678, -0.07232, 0.80, 0.80, 0.80, 1.00, 0.78005, 0.11705
244, 94, -0.48712, 7.45709, 0.08502, -0.25813, 0.93126, -0.25614, 0.80, 0.80, 0.80, 1.00, 0.7888, 0.14547
245, 95, -0.59531, 7.30421, -0.01429, -0.47573, 0.68822, -0.54667, 0.80, 0.80, 0.80, 1.00, 0.80958, 0.14557
246, 80, -0.83501, 7.34407, 0.24582, -0.5314, 0.83207, -0.15656, 0.80, 0.80, 0.80, 1.00, 0.78808, 0.10212
247, 82, -0.67105, 7.4459, 0.22968, -0.34171, 0.93678, -0.07232, 0.80, 0.80, 0.80, 1.00, 0.78005, 0.11705
248, 95, -0.59531, 7.30421, -0.01429, -0.47573, 0.68822, -0.54667, 0.80, 0.80, 0.80, 1.00, 0.80958, 0.14557
249, 82, -0.67105, 7.4459, 0.22968, -0.34171, 0.93678, -0.07232, 0.80, 0.80, 0.80, 1.00, 0.78005, 0.11705
250, 96, -0.3358, 7.42993, 0.40303, 0.04086, 0.96748, 0.24908, 0.80, 0.80, 0.80, 1.00, 0.72992, 0.14557
251, 94, -0.48712, 7.45709, 0.08502, -0.25813, 0.93126, -0.25614, 0.80, 0.80, 0.80, 1.00, 0.7888, 0.14547
252, 82, -0.67105, 7.4459, 0.22968, -0.34171, 0.93678, -0.07232, 0.80, 0.80, 0.80, 1.00, 0.78005, 0.11705
253, 83, -0.56462, 7.4263, 0.45403, -0.078, 0.90402, 0.41977, 0.80, 0.80, 0.80, 1.00, 0.73853, 0.11711
254, 96, -0.3358, 7.42993, 0.40303, 0.04086, 0.96748, 0.24908, 0.80, 0.80, 0.80, 1.00, 0.72992, 0.14557
255, 83, -0.56462, 7.4263, 0.45403, -0.078, 0.90402, 0.41977, 0.80, 0.80, 0.80, 1.00, 0.73853, 0.11711
256, 97, -0.28931, 7.29005, 0.6003, 0.05852, 0.78325, 0.61833, 0.80, 0.80, 0.80, 1.00, 0.69529, 0.14565
257, 96, -0.3358, 7.42993, 0.40303, 0.04086, 0.96748, 0.24908, 0.80, 0.80, 0.80, 1.00, 0.72992, 0.14557
258, 83, -0.56462, 7.4263, 0.45403, -0.078, 0.90402, 0.41977, 0.80, 0.80, 0.80, 1.00, 0.73853, 0.11711
259, 81, -0.67254, 7.3471, 0.54123, -0.31395, 0.8502, 0.42187, 0.80, 0.80, 0.80, 1.00, 0.73217, 0.10346
260, 97, -0.28931, 7.29005, 0.6003, 0.05852, 0.78325, 0.61833, 0.80, 0.80, 0.80, 1.00, 0.69529, 0.14565
261, 98, -0.85331, 6.21818, 0.8057, 0.19798, 0.04175, 0.97834, 0.80, 0.80, 0.80, 1.00, 0.66835, 0.29778
262, 88, -0.49369, 6.42372, 0.42616, 0.66354, -0.27421, 0.69487, 0.80, 0.80, 0.80, 1.00, 0.71846, 0.24832
263, 87, -0.9591, 6.6575, 0.72594, 0.1613, 0.05503, 0.9844, 0.80, 0.80, 0.80, 1.00, 0.61898, 0.24905
264, 98, -0.85331, 6.21818, 0.8057, 0.19798, 0.04175, 0.97834, 0.80, 0.80, 0.80, 1.00, 0.66835, 0.29778
265, 99, -0.68588, 6.01485, 0.6524, 0.87262, -0.41976, 0.24659, 0.80, 0.80, 0.80, 1.00, 0.70995, 0.31396
266, 88, -0.49369, 6.42372, 0.42616, 0.66354, -0.27421, 0.69487, 0.80, 0.80, 0.80, 1.00, 0.71846, 0.24832
267, 99, -0.68588, 6.01485, 0.6524, 0.87262, -0.41976, 0.24659, 0.80, 0.80, 0.80, 1.00, 0.70995, 0.31396
268, 86, -0.8201, 6.57399, 0.02828, 0.20377, -0.1953, -0.95837, 0.80, 0.80, 0.80, 1.00, 0.80765, 0.24557
269, 88, -0.49369, 6.42372, 0.42616, 0.66354, -0.27421, 0.69487, 0.80, 0.80, 0.80, 1.00, 0.71846, 0.24832
270, 99, -0.68588, 6.01485, 0.6524, 0.87262, -0.41976, 0.24659, 0.80, 0.80, 0.80, 1.00, 0.70995, 0.31396
271, 100, -0.93711, 6.08513, 0.1872, 0.68107, -0.46747, -0.56227, 0.80, 0.80, 0.80, 1.00, 0.79836, 0.31124
272, 86, -0.8201, 6.57399, 0.02828, 0.20377, -0.1953, -0.95837, 0.80, 0.80, 0.80, 1.00, 0.80765, 0.24557
273, 101, -1.25301, 6.28923, 0.18406, -0.65282, 0.0166, -0.75612, 0.80, 0.80, 0.80, 1.00, 0.85923, 0.2996
274, 84, -1.16884, 6.71756, 0.22179, -0.82955, 0.26532, -0.48964, 0.80, 0.80, 0.80, 1.00, 0.867, 0.24465
275, 86, -0.8201, 6.57399, 0.02828, 0.20377, -0.1953, -0.95837, 0.80, 0.80, 0.80, 1.00, 0.80765, 0.24557
276, 101, -1.25301, 6.28923, 0.18406, -0.65282, 0.0166, -0.75612, 0.80, 0.80, 0.80, 1.00, 0.85923, 0.2996
277, 102, -1.3362, 6.25004, 0.42944, -0.95917, 0.27921, 0.01916, 0.80, 0.80, 0.80, 1.00, 0.90049, 0.31033
278, 84, -1.16884, 6.71756, 0.22179, -0.82955, 0.26532, -0.48964, 0.80, 0.80, 0.80, 1.00, 0.867, 0.24465
279, 77, -0.9591, 6.6575, 0.72594, -0.8142, 0.33358, 0.47344, 0.80, 0.80, 0.80, 1.00, 0.99122, 0.2465
280, 74, -1.11143, 6.69363, 0.4386, -0.84543, 0.33126, 0.41697, 0.80, 0.80, 0.80, 1.00, 0.90, 0.24736
281, 103, -1.14999, 6.18355, 0.75743, -0.81844, 0.28935, 0.4947, 0.80, 0.80, 0.80, 1.00, 0.98934, 0.31183
282, 102, -1.3362, 6.25004, 0.42944, -0.95917, 0.27921, 0.01916, 0.80, 0.80, 0.80, 1.00, 0.90049, 0.31033
283, 103, -1.14999, 6.18355, 0.75743, -0.81844, 0.28935, 0.4947, 0.80, 0.80, 0.80, 1.00, 0.98934, 0.31183
284, 74, -1.11143, 6.69363, 0.4386, -0.84543, 0.33126, 0.41697, 0.80, 0.80, 0.80, 1.00, 0.90, 0.24736
285, 98, -0.85331, 6.21818, 0.8057, 0.19798, 0.04175, 0.97834, 0.80, 0.80, 0.80, 1.00, 0.66835, 0.29778
286, 87, -0.9591, 6.6575, 0.72594, 0.1613, 0.05503, 0.9844, 0.80, 0.80, 0.80, 1.00, 0.61898, 0.24905
287, 104, -1.14999, 6.18355, 0.75743, -0.17604, 0.15503, 0.97113, 0.80, 0.80, 0.80, 1.00, 0.61655, 0.31439
288, 101, -1.25301, 6.28923, 0.18406, -0.65282, 0.0166, -0.75612, 0.80, 0.80, 0.80, 1.00, 0.85923, 0.2996
289, 86, -0.8201, 6.57399, 0.02828, 0.20377, -0.1953, -0.95837, 0.80, 0.80, 0.80, 1.00, 0.80765, 0.24557
290, 105, -1.06896, 5.89506, 0.20063, 0.39194, -0.12871, -0.9099, 0.80, 0.80, 0.80, 1.00, 0.80882, 0.34002
291, 106, -1.19539, 5.97676, 0.78634, -0.11695, 0.08677, 0.98836, 0.80, 0.80, 0.80, 1.00, 0.61687, 0.34162
292, 98, -0.85331, 6.21818, 0.8057, 0.19798, 0.04175, 0.97834, 0.80, 0.80, 0.80, 1.00, 0.66835, 0.29778
293, 104, -1.14999, 6.18355, 0.75743, -0.17604, 0.15503, 0.97113, 0.80, 0.80, 0.80, 1.00, 0.61655, 0.31439
294, 106, -1.19539, 5.97676, 0.78634, -0.11695, 0.08677, 0.98836, 0.80, 0.80, 0.80, 1.00, 0.61687, 0.34162
295, 107, -1.03109, 5.90935, 0.79521, 0.37285, -0.02274, 0.92659, 0.80, 0.80, 0.80, 1.00, 0.66031, 0.3427
296, 98, -0.85331, 6.21818, 0.8057, 0.19798, 0.04175, 0.97834, 0.80, 0.80, 0.80, 1.00, 0.66835, 0.29778
297, 105, -1.06896, 5.89506, 0.20063, 0.39194, -0.12871, -0.9099, 0.80, 0.80, 0.80, 1.00, 0.80882, 0.34002
298, 86, -0.8201, 6.57399, 0.02828, 0.20377, -0.1953, -0.95837, 0.80, 0.80, 0.80, 1.00, 0.80765, 0.24557
299, 100, -0.93711, 6.08513, 0.1872, 0.68107, -0.46747, -0.56227, 0.80, 0.80, 0.80, 1.00, 0.79836, 0.31124
300, 105, -1.06896, 5.89506, 0.20063, 0.39194, -0.12871, -0.9099, 0.80, 0.80, 0.80, 1.00, 0.80882, 0.34002
301, 108, -1.30075, 5.97311, 0.27116, -0.53202, 0.25654, -0.80581, 0.80, 0.80, 0.80, 1.00, 0.85691, 0.34094
302, 101, -1.25301, 6.28923, 0.18406, -0.65282, 0.0166, -0.75612, 0.80, 0.80, 0.80, 1.00, 0.85923, 0.2996
303, 107, -1.03109, 5.90935, 0.79521, 0.37285, -0.02274, 0.92659, 0.80, 0.80, 0.80, 1.00, 0.66031, 0.3427
304, 99, -0.68588, 6.01485, 0.6524, 0.87262, -0.41976, 0.24659, 0.80, 0.80, 0.80, 1.00, 0.70995, 0.31396
305, 98, -0.85331, 6.21818, 0.8057, 0.19798, 0.04175, 0.97834, 0.80, 0.80, 0.80, 1.00, 0.66835, 0.29778
306, 107, -1.03109, 5.90935, 0.79521, 0.37285, -0.02274, 0.92659, 0.80, 0.80, 0.80, 1.00, 0.66031, 0.3427
307, 109, -0.82055, 5.83793, 0.67131, 0.96175, -0.13979, 0.23185, 0.80, 0.80, 0.80, 1.00, 0.70581, 0.34132
308, 99, -0.68588, 6.01485, 0.6524, 0.87262, -0.41976, 0.24659, 0.80, 0.80, 0.80, 1.00, 0.70995, 0.31396
309, 109, -0.82055, 5.83793, 0.67131, 0.96175, -0.13979, 0.23185, 0.80, 0.80, 0.80, 1.00, 0.70581, 0.34132
310, 100, -0.93711, 6.08513, 0.1872, 0.68107, -0.46747, -0.56227, 0.80, 0.80, 0.80, 1.00, 0.79836, 0.31124
311, 99, -0.68588, 6.01485, 0.6524, 0.87262, -0.41976, 0.24659, 0.80, 0.80, 0.80, 1.00, 0.70995, 0.31396
312, 109, -0.82055, 5.83793, 0.67131, 0.96175, -0.13979, 0.23185, 0.80, 0.80, 0.80, 1.00, 0.70581, 0.34132
313, 105, -1.06896, 5.89506, 0.20063, 0.39194, -0.12871, -0.9099, 0.80, 0.80, 0.80, 1.00, 0.80882, 0.34002
314, 100, -0.93711, 6.08513, 0.1872, 0.68107, -0.46747, -0.56227, 0.80, 0.80, 0.80, 1.00, 0.79836, 0.31124
315, 108, -1.30075, 5.97311, 0.27116, -0.53202, 0.25654, -0.80581, 0.80, 0.80, 0.80, 1.00, 0.85691, 0.34094
316, 102, -1.3362, 6.25004, 0.42944, -0.95917, 0.27921, 0.01916, 0.80, 0.80, 0.80, 1.00, 0.90049, 0.31033
317, 101, -1.25301, 6.28923, 0.18406, -0.65282, 0.0166, -0.75612, 0.80, 0.80, 0.80, 1.00, 0.85923, 0.2996
318, 108, -1.30075, 5.97311, 0.27116, -0.53202, 0.25654, -0.80581, 0.80, 0.80, 0.80, 1.00, 0.85691, 0.34094
319, 110, -1.3913, 6.03106, 0.40905, -0.83778, 0.53805, -0.08523, 0.80, 0.80, 0.80, 1.00, 0.89202, 0.33907
320, 102, -1.3362, 6.25004, 0.42944, -0.95917, 0.27921, 0.01916, 0.80, 0.80, 0.80, 1.00, 0.90049, 0.31033
321, 110, -1.3913, 6.03106, 0.40905, -0.83778, 0.53805, -0.08523, 0.80, 0.80, 0.80, 1.00, 0.89202, 0.33907
322, 103, -1.14999, 6.18355, 0.75743, -0.81844, 0.28935, 0.4947, 0.80, 0.80, 0.80, 1.00, 0.98934, 0.31183
323, 102, -1.3362, 6.25004, 0.42944, -0.95917, 0.27921, 0.01916, 0.80, 0.80, 0.80, 1.00, 0.90049, 0.31033
324, 110, -1.3913, 6.03106, 0.40905, -0.83778, 0.53805, -0.08523, 0.80, 0.80, 0.80, 1.00, 0.89202, 0.33907
325, 111, -1.19539, 5.97676, 0.78634, -0.65579, 0.61741, 0.43306, 0.80, 0.80, 0.80, 1.00, 0.9901, 0.33906
326, 103, -1.14999, 6.18355, 0.75743, -0.81844, 0.28935, 0.4947, 0.80, 0.80, 0.80, 1.00, 0.98934, 0.31183
327, 112, -1.24877, 5.96035, 0.88112, 0.07046, 0.89741, 0.43501, 0.80, 0.80, 0.80, 1.00, 0.61703, 0.36159
328, 113, -1.03109, 5.90935, 0.79521, 0.1046, 0.48565, 0.86705, 0.80, 0.80, 0.80, 1.00, 0.66051, 0.34334
329, 114, -1.19539, 5.97676, 0.78634, 0.1224, 0.41734, 0.89961, 0.80, 0.80, 0.80, 1.00, 0.61691, 0.34226
330, 112, -1.24877, 5.96035, 0.88112, 0.07046, 0.89741, 0.43501, 0.80, 0.80, 0.80, 1.00, 0.61703, 0.36159
331, 115, -0.96417, 5.95292, 0.87013, 0.09555, 0.84077, 0.53233, 0.80, 0.80, 0.80, 1.00, 0.66085, 0.3621
332, 113, -1.03109, 5.90935, 0.79521, 0.1046, 0.48565, 0.86705, 0.80, 0.80, 0.80, 1.00, 0.66051, 0.34334
333, 116, -1.11432, 5.46255, 0.34199, 0.24341, -0.59263, -0.76701, 0.80, 0.80, 0.80, 1.00, 0.80364, 0.35882
334, 108, -1.30075, 5.97311, 0.27116, -0.53202, 0.25654, -0.80581, 0.80, 0.80, 0.80, 1.00, 0.85691, 0.34094
335, 105, -1.06896, 5.89506, 0.20063, 0.39194, -0.12871, -0.9099, 0.80, 0.80, 0.80, 1.00, 0.80882, 0.34002
336, 116, -1.11432, 5.46255, 0.34199, 0.24341, -0.59263, -0.76701, 0.80, 0.80, 0.80, 1.00, 0.80364, 0.35882
337, 117, -1.43384, 5.53238, 0.44588, -0.68473, -0.50495, -0.52427, 0.80, 0.80, 0.80, 1.00, 0.85733, 0.35974
338, 108, -1.30075, 5.97311, 0.27116, -0.53202, 0.25654, -0.80581, 0.80, 0.80, 0.80, 1.00, 0.85691, 0.34094
339, 118, -0.96417, 5.95292, 0.87013, 0.66924, 0.68793, 0.27912, 0.80, 0.80, 0.80, 1.00, 0.66065, 0.36146
340, 109, -0.82055, 5.83793, 0.67131, 0.96175, -0.13979, 0.23185, 0.80, 0.80, 0.80, 1.00, 0.70581, 0.34132
341, 107, -1.03109, 5.90935, 0.79521, 0.37285, -0.02274, 0.92659, 0.80, 0.80, 0.80, 1.00, 0.66031, 0.3427
342, 118, -0.96417, 5.95292, 0.87013, 0.66924, 0.68793, 0.27912, 0.80, 0.80, 0.80, 1.00, 0.66065, 0.36146
343, 119, -0.73702, 5.78847, 0.66919, 0.95118, 0.26599, -0.15104, 0.80, 0.80, 0.80, 1.00, 0.7111, 0.3601
344, 109, -0.82055, 5.83793, 0.67131, 0.96175, -0.13979, 0.23185, 0.80, 0.80, 0.80, 1.00, 0.70581, 0.34132
345, 119, -0.73702, 5.78847, 0.66919, 0.95118, 0.26599, -0.15104, 0.80, 0.80, 0.80, 1.00, 0.7111, 0.3601
346, 105, -1.06896, 5.89506, 0.20063, 0.39194, -0.12871, -0.9099, 0.80, 0.80, 0.80, 1.00, 0.80882, 0.34002
347, 109, -0.82055, 5.83793, 0.67131, 0.96175, -0.13979, 0.23185, 0.80, 0.80, 0.80, 1.00, 0.70581, 0.34132
348, 119, -0.73702, 5.78847, 0.66919, 0.95118, 0.26599, -0.15104, 0.80, 0.80, 0.80, 1.00, 0.7111, 0.3601
349, 116, -1.11432, 5.46255, 0.34199, 0.24341, -0.59263, -0.76701, 0.80, 0.80, 0.80, 1.00, 0.80364, 0.35882
350, 105, -1.06896, 5.89506, 0.20063, 0.39194, -0.12871, -0.9099, 0.80, 0.80, 0.80, 1.00, 0.80882, 0.34002
351, 117, -1.43384, 5.53238, 0.44588, -0.68473, -0.50495, -0.52427, 0.80, 0.80, 0.80, 1.00, 0.85733, 0.35974
352, 110, -1.3913, 6.03106, 0.40905, -0.83778, 0.53805, -0.08523, 0.80, 0.80, 0.80, 1.00, 0.89202, 0.33907
353, 108, -1.30075, 5.97311, 0.27116, -0.53202, 0.25654, -0.80581, 0.80, 0.80, 0.80, 1.00, 0.85691, 0.34094
354, 117, -1.43384, 5.53238, 0.44588, -0.68473, -0.50495, -0.52427, 0.80, 0.80, 0.80, 1.00, 0.85733, 0.35974
355, 120, -1.54865, 5.70862, 0.61566, -0.97955, 0.19096, -0.04786, 0.80, 0.80, 0.80, 1.00, 0.9008, 0.35788
356, 110, -1.3913, 6.03106, 0.40905, -0.83778, 0.53805, -0.08523, 0.80, 0.80, 0.80, 1.00, 0.89202, 0.33907
357, 120, -1.54865, 5.70862, 0.61566, -0.97955, 0.19096, -0.04786, 0.80, 0.80, 0.80, 1.00, 0.9008, 0.35788
358, 111, -1.19539, 5.97676, 0.78634, -0.65579, 0.61741, 0.43306, 0.80, 0.80, 0.80, 1.00, 0.9901, 0.33906
359, 110, -1.3913, 6.03106, 0.40905, -0.83778, 0.53805, -0.08523, 0.80, 0.80, 0.80, 1.00, 0.89202, 0.33907
360, 120, -1.54865, 5.70862, 0.61566, -0.97955, 0.19096, -0.04786, 0.80, 0.80, 0.80, 1.00, 0.9008, 0.35788
361, 121, -1.24877, 5.96035, 0.88112, -0.74502, 0.60758, 0.27307, 0.80, 0.80, 0.80, 1.00, 0.98896, 0.35775
362, 111, -1.19539, 5.97676, 0.78634, -0.65579, 0.61741, 0.43306, 0.80, 0.80, 0.80, 1.00, 0.9901, 0.33906
363, 122, -1.25524, 5.74668, 1.17132, 0.15302, 0.55548, 0.81654, 0.80, 0.80, 0.80, 1.00, 0.61681, 0.40716
364, 115, -0.96417, 5.95292, 0.87013, 0.09555, 0.84077, 0.53233, 0.80, 0.80, 0.80, 1.00, 0.66085, 0.3621
365, 112, -1.24877, 5.96035, 0.88112, 0.07046, 0.89741, 0.43501, 0.80, 0.80, 0.80, 1.00, 0.61703, 0.36159
366, 122, -1.25524, 5.74668, 1.17132, 0.15302, 0.55548, 0.81654, 0.80, 0.80, 0.80, 1.00, 0.61681, 0.40716
367, 123, -0.99949, 5.718, 1.12563, 0.19877, 0.2653, 0.94253, 0.80, 0.80, 0.80, 1.00, 0.65224, 0.40658
368, 115, -0.96417, 5.95292, 0.87013, 0.09555, 0.84077, 0.53233, 0.80, 0.80, 0.80, 1.00, 0.66085, 0.3621
369, 124, -1.05817, 5.29091, 0.71095, 0.23775, -0.93069, -0.2773, 0.80, 0.80, 0.80, 1.00, 0.79036, 0.40813
370, 117, -1.43384, 5.53238, 0.44588, -0.68473, -0.50495, -0.52427, 0.80, 0.80, 0.80, 1.00, 0.85733, 0.35974
371, 116, -1.11432, 5.46255, 0.34199, 0.24341, -0.59263, -0.76701, 0.80, 0.80, 0.80, 1.00, 0.80364, 0.35882
372, 124, -1.05817, 5.29091, 0.71095, 0.23775, -0.93069, -0.2773, 0.80, 0.80, 0.80, 1.00, 0.79036, 0.40813
373, 125, -1.35717, 5.37769, 0.83797, -0.60, -0.79262, -0.10494, 0.80, 0.80, 0.80, 1.00, 0.87804, 0.40966
374, 117, -1.43384, 5.53238, 0.44588, -0.68473, -0.50495, -0.52427, 0.80, 0.80, 0.80, 1.00, 0.85733, 0.35974
375, 126, -0.99949, 5.718, 1.12563, 0.67378, 0.34789, 0.65073, 0.80, 0.80, 0.80, 1.00, 0.65203, 0.40594
376, 119, -0.73702, 5.78847, 0.66919, 0.95118, 0.26599, -0.15104, 0.80, 0.80, 0.80, 1.00, 0.7111, 0.3601
377, 118, -0.96417, 5.95292, 0.87013, 0.66924, 0.68793, 0.27912, 0.80, 0.80, 0.80, 1.00, 0.66065, 0.36146
378, 126, -0.99949, 5.718, 1.12563, 0.67378, 0.34789, 0.65073, 0.80, 0.80, 0.80, 1.00, 0.65203, 0.40594
379, 127, -0.73974, 5.58467, 0.9579, 0.89929, -0.30271, 0.31302, 0.80, 0.80, 0.80, 1.00, 0.70178, 0.40485
380, 119, -0.73702, 5.78847, 0.66919, 0.95118, 0.26599, -0.15104, 0.80, 0.80, 0.80, 1.00, 0.7111, 0.3601
381, 127, -0.73974, 5.58467, 0.9579, 0.89929, -0.30271, 0.31302, 0.80, 0.80, 0.80, 1.00, 0.70178, 0.40485
382, 116, -1.11432, 5.46255, 0.34199, 0.24341, -0.59263, -0.76701, 0.80, 0.80, 0.80, 1.00, 0.80364, 0.35882
383, 119, -0.73702, 5.78847, 0.66919, 0.95118, 0.26599, -0.15104, 0.80, 0.80, 0.80, 1.00, 0.7111, 0.3601
384, 127, -0.73974, 5.58467, 0.9579, 0.89929, -0.30271, 0.31302, 0.80, 0.80, 0.80, 1.00, 0.70178, 0.40485
385, 124, -1.05817, 5.29091, 0.71095, 0.23775, -0.93069, -0.2773, 0.80, 0.80, 0.80, 1.00, 0.79036, 0.40813
386, 116, -1.11432, 5.46255, 0.34199, 0.24341, -0.59263, -0.76701, 0.80, 0.80, 0.80, 1.00, 0.80364, 0.35882
387, 125, -1.35717, 5.37769, 0.83797, -0.60, -0.79262, -0.10494, 0.80, 0.80, 0.80, 1.00, 0.87804, 0.40966
388, 120, -1.54865, 5.70862, 0.61566, -0.97955, 0.19096, -0.04786, 0.80, 0.80, 0.80, 1.00, 0.9008, 0.35788
389, 117, -1.43384, 5.53238, 0.44588, -0.68473, -0.50495, -0.52427, 0.80, 0.80, 0.80, 1.00, 0.85733, 0.35974
390, 125, -1.35717, 5.37769, 0.83797, -0.60, -0.79262, -0.10494, 0.80, 0.80, 0.80, 1.00, 0.87804, 0.40966
391, 128, -1.49073, 5.54232, 0.98333, -0.90155, -0.21413, 0.37359, 0.80, 0.80, 0.80, 1.00, 0.92605, 0.40659
392, 120, -1.54865, 5.70862, 0.61566, -0.97955, 0.19096, -0.04786, 0.80, 0.80, 0.80, 1.00, 0.9008, 0.35788
393, 128, -1.49073, 5.54232, 0.98333, -0.90155, -0.21413, 0.37359, 0.80, 0.80, 0.80, 1.00, 0.92605, 0.40659
394, 121, -1.24877, 5.96035, 0.88112, -0.74502, 0.60758, 0.27307, 0.80, 0.80, 0.80, 1.00, 0.98896, 0.35775
395, 120, -1.54865, 5.70862, 0.61566, -0.97955, 0.19096, -0.04786, 0.80, 0.80, 0.80, 1.00, 0.9008, 0.35788
396, 128, -1.49073, 5.54232, 0.98333, -0.90155, -0.21413, 0.37359, 0.80, 0.80, 0.80, 1.00, 0.92605, 0.40659
397, 129, -1.25524, 5.74668, 1.17132, -0.67111, 0.10289, 0.7329, 0.80, 0.80, 0.80, 1.00, 0.98879, 0.40333
398, 121, -1.24877, 5.96035, 0.88112, -0.74502, 0.60758, 0.27307, 0.80, 0.80, 0.80, 1.00, 0.98896, 0.35775
399, 130, -1.23458, 5.64982, 1.16957, 0.17855, 0.01817, 0.98278, 0.80, 0.80, 0.80, 1.00, 0.61683, 0.41609
400, 123, -0.99949, 5.718, 1.12563, 0.19877, 0.2653, 0.94253, 0.80, 0.80, 0.80, 1.00, 0.65224, 0.40658
401, 122, -1.25524, 5.74668, 1.17132, 0.15302, 0.55548, 0.81654, 0.80, 0.80, 0.80, 1.00, 0.61681, 0.40716
402, 130, -1.23458, 5.64982, 1.16957, 0.17855, 0.01817, 0.98278, 0.80, 0.80, 0.80, 1.00, 0.61683, 0.41609
403, 131, -1.0294, 5.62627, 1.13256, 0.17916, 0.01599, 0.98271, 0.80, 0.80, 0.80, 1.00, 0.65123, 0.41554
404, 123, -0.99949, 5.718, 1.12563, 0.19877, 0.2653, 0.94253, 0.80, 0.80, 0.80, 1.00, 0.65224, 0.40658
405, 132, -1.06008, 5.27606, 0.79528, 0.01514, -0.98637, -0.16314, 0.80, 0.80, 0.80, 1.00, 0.78671, 0.41705
406, 125, -1.35717, 5.37769, 0.83797, -0.60, -0.79262, -0.10494, 0.80, 0.80, 0.80, 1.00, 0.87804, 0.40966
407, 124, -1.05817, 5.29091, 0.71095, 0.23775, -0.93069, -0.2773, 0.80, 0.80, 0.80, 1.00, 0.79036, 0.40813
408, 132, -1.06008, 5.27606, 0.79528, 0.01514, -0.98637, -0.16314, 0.80, 0.80, 0.80, 1.00, 0.78671, 0.41705
409, 133, -1.31549, 5.35161, 0.90743, -0.59116, -0.80331, 0.06672, 0.80, 0.80, 0.80, 1.00, 0.88177, 0.41855
410, 125, -1.35717, 5.37769, 0.83797, -0.60, -0.79262, -0.10494, 0.80, 0.80, 0.80, 1.00, 0.87804, 0.40966
411, 134, -1.0294, 5.62627, 1.13256, 0.50322, -0.09743, 0.85756, 0.80, 0.80, 0.80, 1.00, 0.65102, 0.4149
412, 127, -0.73974, 5.58467, 0.9579, 0.89929, -0.30271, 0.31302, 0.80, 0.80, 0.80, 1.00, 0.70178, 0.40485
413, 126, -0.99949, 5.718, 1.12563, 0.67378, 0.34789, 0.65073, 0.80, 0.80, 0.80, 1.00, 0.65203, 0.40594
414, 134, -1.0294, 5.62627, 1.13256, 0.50322, -0.09743, 0.85756, 0.80, 0.80, 0.80, 1.00, 0.65102, 0.4149
415, 135, -0.80514, 5.51309, 0.98831, 0.76685, -0.5855, 0.26044, 0.80, 0.80, 0.80, 1.00, 0.70282, 0.41383
416, 127, -0.73974, 5.58467, 0.9579, 0.89929, -0.30271, 0.31302, 0.80, 0.80, 0.80, 1.00, 0.70178, 0.40485
417, 135, -0.80514, 5.51309, 0.98831, 0.76685, -0.5855, 0.26044, 0.80, 0.80, 0.80, 1.00, 0.70282, 0.41383
418, 124, -1.05817, 5.29091, 0.71095, 0.23775, -0.93069, -0.2773, 0.80, 0.80, 0.80, 1.00, 0.79036, 0.40813
419, 127, -0.73974, 5.58467, 0.9579, 0.89929, -0.30271, 0.31302, 0.80, 0.80, 0.80, 1.00, 0.70178, 0.40485
420, 135, -0.80514, 5.51309, 0.98831, 0.76685, -0.5855, 0.26044, 0.80, 0.80, 0.80, 1.00, 0.70282, 0.41383
421, 132, -1.06008, 5.27606, 0.79528, 0.01514, -0.98637, -0.16314, 0.80, 0.80, 0.80, 1.00, 0.78671, 0.41705
422, 124, -1.05817, 5.29091, 0.71095, 0.23775, -0.93069, -0.2773, 0.80, 0.80, 0.80, 1.00, 0.79036, 0.40813
423, 133, -1.31549, 5.35161, 0.90743, -0.59116, -0.80331, 0.06672, 0.80, 0.80, 0.80, 1.00, 0.88177, 0.41855
424, 128, -1.49073, 5.54232, 0.98333, -0.90155, -0.21413, 0.37359, 0.80, 0.80, 0.80, 1.00, 0.92605, 0.40659
425, 125, -1.35717, 5.37769, 0.83797, -0.60, -0.79262, -0.10494, 0.80, 0.80, 0.80, 1.00, 0.87804, 0.40966
426, 133, -1.31549, 5.35161, 0.90743, -0.59116, -0.80331, 0.06672, 0.80, 0.80, 0.80, 1.00, 0.88177, 0.41855
427, 136, -1.42331, 5.48655, 1.02094, -0.6518, -0.3482, 0.67242, 0.80, 0.80, 0.80, 1.00, 0.9282, 0.41554
428, 128, -1.49073, 5.54232, 0.98333, -0.90155, -0.21413, 0.37359, 0.80, 0.80, 0.80, 1.00, 0.92605, 0.40659
429, 136, -1.42331, 5.48655, 1.02094, -0.6518, -0.3482, 0.67242, 0.80, 0.80, 0.80, 1.00, 0.9282, 0.41554
430, 129, -1.25524, 5.74668, 1.17132, -0.67111, 0.10289, 0.7329, 0.80, 0.80, 0.80, 1.00, 0.98879, 0.40333
431, 128, -1.49073, 5.54232, 0.98333, -0.90155, -0.21413, 0.37359, 0.80, 0.80, 0.80, 1.00, 0.92605, 0.40659
432, 136, -1.42331, 5.48655, 1.02094, -0.6518, -0.3482, 0.67242, 0.80, 0.80, 0.80, 1.00, 0.9282, 0.41554
433, 137, -1.23458, 5.64982, 1.16957, -0.54084, -0.13046, 0.82978, 0.80, 0.80, 0.80, 1.00, 0.9888, 0.41224
434, 129, -1.25524, 5.74668, 1.17132, -0.67111, 0.10289, 0.7329, 0.80, 0.80, 0.80, 1.00, 0.98879, 0.40333
435, 74, -1.11143, 6.69363, 0.4386, -0.84543, 0.33126, 0.41697, 0.80, 0.80, 0.80, 1.00, 0.90, 0.24736
436, 76, -1.11068, 6.98545, 0.2477, -0.88045, 0.38711, -0.2709, 0.80, 0.80, 0.80, 1.00, 0.87617, 0.20965
437, 84, -1.16884, 6.71756, 0.22179, -0.82955, 0.26532, -0.48964, 0.80, 0.80, 0.80, 1.00, 0.867, 0.24465
438, 84, -1.16884, 6.71756, 0.22179, -0.82955, 0.26532, -0.48964, 0.80, 0.80, 0.80, 1.00, 0.867, 0.24465
439, 102, -1.3362, 6.25004, 0.42944, -0.95917, 0.27921, 0.01916, 0.80, 0.80, 0.80, 1.00, 0.90049, 0.31033
440, 74, -1.11143, 6.69363, 0.4386, -0.84543, 0.33126, 0.41697, 0.80, 0.80, 0.80, 1.00, 0.90, 0.24736
441, 138, -0.22022, 4.10291, 0.88528, -0.14605, -0.11205, 0.98291, 0.80, 0.80, 0.80, 1.00, 0.33113, 0.13508
442, 139, -0.57843, 4.14835, 0.58186, -0.86217, -0.0579, 0.50329, 0.80, 0.80, 0.80, 1.00, 0.25092, 0.13517
443, 140, -0.43345, 2.38614, 0.56214, -0.5844, -0.35874, 0.72786, 0.80, 0.80, 0.80, 1.00, 0.29349, 0.44726
444, 141, -0.02346, 2.52987, -0.40443, 0.05053, 0.04081, -0.99789, 0.80, 0.80, 0.80, 1.00, 0.14472, 0.4727
445, 142, 0.11067, 4.11396, 0.01887, -0.16499, -0.98617, -0.01558, 0.80, 0.80, 0.80, 1.00, 0.14033, 0.15646
446, 143, 0.54375, 4.07225, 0.05975, 0.98507, -0.14482, 0.093, 0.80, 0.80, 0.80, 1.00, 0.10614, 0.16404
447, 144, 0.37022, 2.4689, -0.30037, 0.88011, -0.11259, -0.46122, 0.80, 0.80, 0.80, 1.00, 0.10165, 0.48498
448, 141, -0.02346, 2.52987, -0.40443, 0.05053, 0.04081, -0.99789, 0.80, 0.80, 0.80, 1.00, 0.14472, 0.4727
449, 143, 0.54375, 4.07225, 0.05975, 0.98507, -0.14482, 0.093, 0.80, 0.80, 0.80, 1.00, 0.10614, 0.16404
450, 144, 0.37022, 2.4689, -0.30037, 0.88011, -0.11259, -0.46122, 0.80, 0.80, 0.80, 1.00, 0.10165, 0.48498
451, 143, 0.54375, 4.07225, 0.05975, 0.98507, -0.14482, 0.093, 0.80, 0.80, 0.80, 1.00, 0.10614, 0.16404
452, 145, 0.3342, 4.14163, 0.39985, 0.99011, 0.02835, 0.13738, 0.80, 0.80, 0.80, 1.00, 0.07378, 0.15933
453, 146, 0.41089, 2.4001, 0.17888, 0.99467, -0.09621, 0.03699, 0.80, 0.80, 0.80, 1.00, 0.05031, 0.47586
454, 144, 0.37022, 2.4689, -0.30037, 0.88011, -0.11259, -0.46122, 0.80, 0.80, 0.80, 1.00, 0.10165, 0.48498
455, 145, 0.3342, 4.14163, 0.39985, 0.99011, 0.02835, 0.13738, 0.80, 0.80, 0.80, 1.00, 0.07378, 0.15933
456, 147, 0.27137, 2.39326, 0.60508, 0.11495, -0.37381, 0.92035, 0.80, 0.80, 0.80, 1.00, 0.36069, 0.45539
457, 148, 0.1972, 4.14336, 0.7526, 0.30814, -0.06693, 0.94898, 0.80, 0.80, 0.80, 1.00, 0.38772, 0.14075
458, 138, -0.22022, 4.10291, 0.88528, -0.14605, -0.11205, 0.98291, 0.80, 0.80, 0.80, 1.00, 0.33113, 0.13508
459, 140, -0.43345, 2.38614, 0.56214, -0.5844, -0.35874, 0.72786, 0.80, 0.80, 0.80, 1.00, 0.29349, 0.44726
460, 147, 0.27137, 2.39326, 0.60508, 0.11495, -0.37381, 0.92035, 0.80, 0.80, 0.80, 1.00, 0.36069, 0.45539
461, 138, -0.22022, 4.10291, 0.88528, -0.14605, -0.11205, 0.98291, 0.80, 0.80, 0.80, 1.00, 0.33113, 0.13508
462, 149, 0.27137, 2.39326, 0.60508, 0.9416, 0.00568, 0.33669, 0.80, 0.80, 0.80, 1.00, 0.00917, 0.45539
463, 145, 0.3342, 4.14163, 0.39985, 0.99011, 0.02835, 0.13738, 0.80, 0.80, 0.80, 1.00, 0.07378, 0.15933
464, 150, 0.1972, 4.14336, 0.7526, 0.93214, 0.00899, 0.36198, 0.80, 0.80, 0.80, 1.00, 0.03616, 0.14075
465, 149, 0.27137, 2.39326, 0.60508, 0.9416, 0.00568, 0.33669, 0.80, 0.80, 0.80, 1.00, 0.00917, 0.45539
466, 146, 0.41089, 2.4001, 0.17888, 0.99467, -0.09621, 0.03699, 0.80, 0.80, 0.80, 1.00, 0.05031, 0.47586
467, 145, 0.3342, 4.14163, 0.39985, 0.99011, 0.02835, 0.13738, 0.80, 0.80, 0.80, 1.00, 0.07378, 0.15933
468, 151, -0.65966, 2.46957, 0.11507, -0.9592, -0.25578, 0.12045, 0.80, 0.80, 0.80, 1.00, 0.24336, 0.44936
469, 139, -0.57843, 4.14835, 0.58186, -0.86217, -0.0579, 0.50329, 0.80, 0.80, 0.80, 1.00, 0.25092, 0.13517
470, 152, -0.64563, 4.2029, 0.3461, -0.99811, 0.00019, 0.06142, 0.80, 0.80, 0.80, 1.00, 0.21674, 0.13527
471, 151, -0.65966, 2.46957, 0.11507, -0.9592, -0.25578, 0.12045, 0.80, 0.80, 0.80, 1.00, 0.24336, 0.44936
472, 140, -0.43345, 2.38614, 0.56214, -0.5844, -0.35874, 0.72786, 0.80, 0.80, 0.80, 1.00, 0.29349, 0.44726
473, 139, -0.57843, 4.14835, 0.58186, -0.86217, -0.0579, 0.50329, 0.80, 0.80, 0.80, 1.00, 0.25092, 0.13517
474, 141, -0.02346, 2.52987, -0.40443, 0.05053, 0.04081, -0.99789, 0.80, 0.80, 0.80, 1.00, 0.14472, 0.4727
475, 153, -0.37762, 4.23191, -0.02723, -0.99556, -0.00437, -0.09399, 0.80, 0.80, 0.80, 1.00, 0.18641, 0.13501
476, 142, 0.11067, 4.11396, 0.01887, -0.16499, -0.98617, -0.01558, 0.80, 0.80, 0.80, 1.00, 0.14033, 0.15646
477, 141, -0.02346, 2.52987, -0.40443, 0.05053, 0.04081, -0.99789, 0.80, 0.80, 0.80, 1.00, 0.14472, 0.4727
478, 154, -0.64142, 2.57843, -0.29101, -0.73626, -0.12793, -0.66449, 0.80, 0.80, 0.80, 1.00, 0.2056, 0.44908
479, 153, -0.37762, 4.23191, -0.02723, -0.99556, -0.00437, -0.09399, 0.80, 0.80, 0.80, 1.00, 0.18641, 0.13501
480, 154, -0.64142, 2.57843, -0.29101, -0.73626, -0.12793, -0.66449, 0.80, 0.80, 0.80, 1.00, 0.2056, 0.44908
481, 152, -0.64563, 4.2029, 0.3461, -0.99811, 0.00019, 0.06142, 0.80, 0.80, 0.80, 1.00, 0.21674, 0.13527
482, 153, -0.37762, 4.23191, -0.02723, -0.99556, -0.00437, -0.09399, 0.80, 0.80, 0.80, 1.00, 0.18641, 0.13501
483, 154, -0.64142, 2.57843, -0.29101, -0.73626, -0.12793, -0.66449, 0.80, 0.80, 0.80, 1.00, 0.2056, 0.44908
484, 151, -0.65966, 2.46957, 0.11507, -0.9592, -0.25578, 0.12045, 0.80, 0.80, 0.80, 1.00, 0.24336, 0.44936
485, 152, -0.64563, 4.2029, 0.3461, -0.99811, 0.00019, 0.06142, 0.80, 0.80, 0.80, 1.00, 0.21674, 0.13527
486, 155, 0.36123, 2.06833, -0.13199, 0.77113, -0.21935, -0.59718, 0.80, 0.80, 0.80, 1.00, 0.10182, 0.55266
487, 141, -0.02346, 2.52987, -0.40443, 0.05053, 0.04081, -0.99789, 0.80, 0.80, 0.80, 1.00, 0.14472, 0.4727
488, 144, 0.37022, 2.4689, -0.30037, 0.88011, -0.11259, -0.46122, 0.80, 0.80, 0.80, 1.00, 0.10165, 0.48498
489, 155, 0.36123, 2.06833, -0.13199, 0.77113, -0.21935, -0.59718, 0.80, 0.80, 0.80, 1.00, 0.10182, 0.55266
490, 156, 0.15755, 2.31519, -0.2576, 0.4346, 0.26152, -0.86021, 0.80, 0.80, 0.80, 1.00, 0.16244, 0.5428
491, 141, -0.02346, 2.52987, -0.40443, 0.05053, 0.04081, -0.99789, 0.80, 0.80, 0.80, 1.00, 0.14472, 0.4727
492, 157, 0.20462, 1.92868, 0.06412, 0.67058, -0.74088, 0.00112, 0.80, 0.80, 0.80, 1.00, 0.05249, 0.54608
493, 144, 0.37022, 2.4689, -0.30037, 0.88011, -0.11259, -0.46122, 0.80, 0.80, 0.80, 1.00, 0.10165, 0.48498
494, 146, 0.41089, 2.4001, 0.17888, 0.99467, -0.09621, 0.03699, 0.80, 0.80, 0.80, 1.00, 0.05031, 0.47586
495, 157, 0.20462, 1.92868, 0.06412, 0.67058, -0.74088, 0.00112, 0.80, 0.80, 0.80, 1.00, 0.05249, 0.54608
496, 155, 0.36123, 2.06833, -0.13199, 0.77113, -0.21935, -0.59718, 0.80, 0.80, 0.80, 1.00, 0.10182, 0.55266
497, 144, 0.37022, 2.4689, -0.30037, 0.88011, -0.11259, -0.46122, 0.80, 0.80, 0.80, 1.00, 0.10165, 0.48498
498, 158, -0.33104, 2.04674, 0.17542, -0.74769, -0.65419, 0.09353, 0.80, 0.80, 0.80, 1.00, 0.3103, 0.52581
499, 147, 0.27137, 2.39326, 0.60508, 0.11495, -0.37381, 0.92035, 0.80, 0.80, 0.80, 1.00, 0.36069, 0.45539
500, 140, -0.43345, 2.38614, 0.56214, -0.5844, -0.35874, 0.72786, 0.80, 0.80, 0.80, 1.00, 0.29349, 0.44726
501, 158, -0.33104, 2.04674, 0.17542, -0.74769, -0.65419, 0.09353, 0.80, 0.80, 0.80, 1.00, 0.3103, 0.52581
502, 159, -0.00458, 1.89595, 0.23052, -0.43452, -0.8846, 0.15636, 0.80, 0.80, 0.80, 1.00, 0.36257, 0.53132
503, 147, 0.27137, 2.39326, 0.60508, 0.11495, -0.37381, 0.92035, 0.80, 0.80, 0.80, 1.00, 0.36069, 0.45539
504, 160, -0.00458, 1.89595, 0.23052, 0.31334, -0.9309, 0.18039, 0.80, 0.80, 0.80, 1.00, 0.0111, 0.53132
505, 161, 0.41089, 2.4001, 0.17888, 0.83225, -0.47716, 0.28226, 0.80, 0.80, 0.80, 1.00, 0.05039, 0.47586
506, 162, 0.27137, 2.39326, 0.60508, 0.83438, -0.48309, 0.26539, 0.80, 0.80, 0.80, 1.00, 0.00918, 0.45539
507, 160, -0.00458, 1.89595, 0.23052, 0.31334, -0.9309, 0.18039, 0.80, 0.80, 0.80, 1.00, 0.0111, 0.53132
508, 163, 0.20462, 1.92868, 0.06412, 0.30374, -0.93097, 0.19562, 0.80, 0.80, 0.80, 1.00, 0.05258, 0.54608
509, 161, 0.41089, 2.4001, 0.17888, 0.83225, -0.47716, 0.28226, 0.80, 0.80, 0.80, 1.00, 0.05039, 0.47586
510, 164, -0.35041, 2.33222, -0.08342, -0.90755, -0.0088, -0.41517, 0.80, 0.80, 0.80, 1.00, 0.25611, 0.52596
511, 140, -0.43345, 2.38614, 0.56214, -0.5844, -0.35874, 0.72786, 0.80, 0.80, 0.80, 1.00, 0.29349, 0.44726
512, 151, -0.65966, 2.46957, 0.11507, -0.9592, -0.25578, 0.12045, 0.80, 0.80, 0.80, 1.00, 0.24336, 0.44936
513, 164, -0.35041, 2.33222, -0.08342, -0.90755, -0.0088, -0.41517, 0.80, 0.80, 0.80, 1.00, 0.25611, 0.52596
514, 158, -0.33104, 2.04674, 0.17542, -0.74769, -0.65419, 0.09353, 0.80, 0.80, 0.80, 1.00, 0.3103, 0.52581
515, 140, -0.43345, 2.38614, 0.56214, -0.5844, -0.35874, 0.72786, 0.80, 0.80, 0.80, 1.00, 0.29349, 0.44726
516, 156, 0.15755, 2.31519, -0.2576, 0.4346, 0.26152, -0.86021, 0.80, 0.80, 0.80, 1.00, 0.16244, 0.5428
517, 154, -0.64142, 2.57843, -0.29101, -0.73626, -0.12793, -0.66449, 0.80, 0.80, 0.80, 1.00, 0.2056, 0.44908
518, 141, -0.02346, 2.52987, -0.40443, 0.05053, 0.04081, -0.99789, 0.80, 0.80, 0.80, 1.00, 0.14472, 0.4727
519, 156, 0.15755, 2.31519, -0.2576, 0.4346, 0.26152, -0.86021, 0.80, 0.80, 0.80, 1.00, 0.16244, 0.5428
520, 165, -0.11353, 2.51267, -0.27617, -0.42945, 0.30214, -0.84851, 0.80, 0.80, 0.80, 1.00, 0.20809, 0.52575
521, 154, -0.64142, 2.57843, -0.29101, -0.73626, -0.12793, -0.66449, 0.80, 0.80, 0.80, 1.00, 0.2056, 0.44908
522, 165, -0.11353, 2.51267, -0.27617, -0.42945, 0.30214, -0.84851, 0.80, 0.80, 0.80, 1.00, 0.20809, 0.52575
523, 151, -0.65966, 2.46957, 0.11507, -0.9592, -0.25578, 0.12045, 0.80, 0.80, 0.80, 1.00, 0.24336, 0.44936
524, 154, -0.64142, 2.57843, -0.29101, -0.73626, -0.12793, -0.66449, 0.80, 0.80, 0.80, 1.00, 0.2056, 0.44908
525, 165, -0.11353, 2.51267, -0.27617, -0.42945, 0.30214, -0.84851, 0.80, 0.80, 0.80, 1.00, 0.20809, 0.52575
526, 164, -0.35041, 2.33222, -0.08342, -0.90755, -0.0088, -0.41517, 0.80, 0.80, 0.80, 1.00, 0.25611, 0.52596
527, 151, -0.65966, 2.46957, 0.11507, -0.9592, -0.25578, 0.12045, 0.80, 0.80, 0.80, 1.00, 0.24336, 0.44936
528, 166, 0.13662, 1.77356, -0.68323, 0.76974, 0.34516, -0.53429, 0.80, 0.80, 0.80, 1.00, 0.91128, 0.48716
529, 167, 0.15755, 2.31519, -0.2576, 0.70586, 0.47495, -0.52226, 0.80, 0.80, 0.80, 1.00, 0.89725, 0.42902
530, 168, 0.36123, 2.06833, -0.13199, 0.77056, 0.3722, -0.51446, 0.80, 0.80, 0.80, 1.00, 0.92246, 0.43041
531, 166, 0.13662, 1.77356, -0.68323, 0.76974, 0.34516, -0.53429, 0.80, 0.80, 0.80, 1.00, 0.91128, 0.48716
532, 169, -0.07106, 2.07387, -0.79276, 0.61978, 0.50095, -0.60117, 0.80, 0.80, 0.80, 1.00, 0.87231, 0.47948
533, 167, 0.15755, 2.31519, -0.2576, 0.70586, 0.47495, -0.52226, 0.80, 0.80, 0.80, 1.00, 0.89725, 0.42902
534, 170, -0.02092, 1.62123, -0.36955, 0.54202, -0.78778, 0.28791, 0.80, 0.80, 0.80, 1.00, 0.96337, 0.47594
535, 171, 0.36123, 2.06833, -0.13199, 0.7371, -0.67047, 0.07393, 0.80, 0.80, 0.80, 1.00, 0.92343, 0.43706
536, 172, 0.20462, 1.92868, 0.06412, 0.58968, -0.77031, 0.23759, 0.80, 0.80, 0.80, 1.00, 0.95569, 0.4343
537, 170, -0.02092, 1.62123, -0.36955, 0.54202, -0.78778, 0.28791, 0.80, 0.80, 0.80, 1.00, 0.96337, 0.47594
538, 173, 0.13662, 1.77356, -0.68323, 0.7881, -0.60541, 0.10267, 0.80, 0.80, 0.80, 1.00, 0.92291, 0.48464
539, 171, 0.36123, 2.06833, -0.13199, 0.7371, -0.67047, 0.07393, 0.80, 0.80, 0.80, 1.00, 0.92343, 0.43706
540, 174, -0.35168, 1.54393, -0.27591, -0.50175, -0.63804, 0.58065, 0.80, 0.80, 0.80, 1.00, 0.73448, 0.47956
541, 175, -0.00458, 1.89595, 0.23052, -0.39569, -0.60224, 0.69049, 0.80, 0.80, 0.80, 1.00, 0.71594, 0.42934
542, 176, -0.33104, 2.04674, 0.17542, -0.76412, -0.22775, 0.60157, 0.80, 0.80, 0.80, 1.00, 0.74168, 0.42874
543, 177, -0.59305, 1.66633, -0.35528, -0.86959, -0.29607, 0.3915, 0.80, 0.80, 0.80, 1.00, 0.76451, 0.47946
544, 174, -0.35168, 1.54393, -0.27591, -0.50175, -0.63804, 0.58065, 0.80, 0.80, 0.80, 1.00, 0.73448, 0.47956
545, 176, -0.33104, 2.04674, 0.17542, -0.76412, -0.22775, 0.60157, 0.80, 0.80, 0.80, 1.00, 0.74168, 0.42874
546, 170, -0.02092, 1.62123, -0.36955, 0.54202, -0.78778, 0.28791, 0.80, 0.80, 0.80, 1.00, 0.96337, 0.47594
547, 172, 0.20462, 1.92868, 0.06412, 0.58968, -0.77031, 0.23759, 0.80, 0.80, 0.80, 1.00, 0.95569, 0.4343
548, 178, -0.00458, 1.89595, 0.23052, 0.36829, -0.84811, 0.37654, 0.80, 0.80, 0.80, 1.00, 0.98763, 0.43219
549, 179, -0.35168, 1.54393, -0.27591, 0.31752, -0.85036, 0.41542, 0.80, 0.80, 0.80, 1.00, 0.99852, 0.47698
550, 170, -0.02092, 1.62123, -0.36955, 0.54202, -0.78778, 0.28791, 0.80, 0.80, 0.80, 1.00, 0.96337, 0.47594
551, 178, -0.00458, 1.89595, 0.23052, 0.36829, -0.84811, 0.37654, 0.80, 0.80, 0.80, 1.00, 0.98763, 0.43219
552, 180, -0.69584, 2.0347, -0.66543, -0.89344, 0.44476, -0.04637, 0.80, 0.80, 0.80, 1.00, 0.81, 0.47876
553, 176, -0.33104, 2.04674, 0.17542, -0.76412, -0.22775, 0.60157, 0.80, 0.80, 0.80, 1.00, 0.74168, 0.42874
554, 181, -0.35041, 2.33222, -0.08342, -0.7296, 0.68263, 0.01987, 0.80, 0.80, 0.80, 1.00, 0.80834, 0.42881
555, 180, -0.69584, 2.0347, -0.66543, -0.89344, 0.44476, -0.04637, 0.80, 0.80, 0.80, 1.00, 0.81, 0.47876
556, 177, -0.59305, 1.66633, -0.35528, -0.86959, -0.29607, 0.3915, 0.80, 0.80, 0.80, 1.00, 0.76451, 0.47946
557, 176, -0.33104, 2.04674, 0.17542, -0.76412, -0.22775, 0.60157, 0.80, 0.80, 0.80, 1.00, 0.74168, 0.42874
558, 169, -0.07106, 2.07387, -0.79276, 0.61978, 0.50095, -0.60117, 0.80, 0.80, 0.80, 1.00, 0.87231, 0.47948
559, 182, -0.11353, 2.51267, -0.27617, 0.11269, 0.85341, -0.50472, 0.80, 0.80, 0.80, 1.00, 0.86247, 0.42872
560, 167, 0.15755, 2.31519, -0.2576, 0.70586, 0.47495, -0.52226, 0.80, 0.80, 0.80, 1.00, 0.89725, 0.42902
561, 169, -0.07106, 2.07387, -0.79276, 0.61978, 0.50095, -0.60117, 0.80, 0.80, 0.80, 1.00, 0.87231, 0.47948
562, 183, -0.33726, 2.18169, -0.85938, -0.07712, 0.81267, -0.57398, 0.80, 0.80, 0.80, 1.00, 0.84635, 0.47958
563, 182, -0.11353, 2.51267, -0.27617, 0.11269, 0.85341, -0.50472, 0.80, 0.80, 0.80, 1.00, 0.86247, 0.42872
564, 183, -0.33726, 2.18169, -0.85938, -0.07712, 0.81267, -0.57398, 0.80, 0.80, 0.80, 1.00, 0.84635, 0.47958
565, 181, -0.35041, 2.33222, -0.08342, -0.7296, 0.68263, 0.01987, 0.80, 0.80, 0.80, 1.00, 0.80834, 0.42881
566, 182, -0.11353, 2.51267, -0.27617, 0.11269, 0.85341, -0.50472, 0.80, 0.80, 0.80, 1.00, 0.86247, 0.42872
567, 183, -0.33726, 2.18169, -0.85938, -0.07712, 0.81267, -0.57398, 0.80, 0.80, 0.80, 1.00, 0.84635, 0.47958
568, 180, -0.69584, 2.0347, -0.66543, -0.89344, 0.44476, -0.04637, 0.80, 0.80, 0.80, 1.00, 0.81, 0.47876
569, 181, -0.35041, 2.33222, -0.08342, -0.7296, 0.68263, 0.01987, 0.80, 0.80, 0.80, 1.00, 0.80834, 0.42881
570, 184, -0.3932, 0.8064, -1.80092, 0.84241, 0.34679, -0.40791, 0.80, 0.80, 0.80, 1.00, 0.90361, 0.60723
571, 169, -0.07106, 2.07387, -0.79276, 0.61978, 0.50095, -0.60117, 0.80, 0.80, 0.80, 1.00, 0.87231, 0.47948
572, 166, 0.13662, 1.77356, -0.68323, 0.76974, 0.34516, -0.53429, 0.80, 0.80, 0.80, 1.00, 0.91128, 0.48716
573, 184, -0.3932, 0.8064, -1.80092, 0.84241, 0.34679, -0.40791, 0.80, 0.80, 0.80, 1.00, 0.90361, 0.60723
574, 185, -0.51081, 0.92549, -1.93166, 0.66927, 0.43775, -0.59735, 0.80, 0.80, 0.80, 1.00, 0.86396, 0.60688
575, 169, -0.07106, 2.07387, -0.79276, 0.61978, 0.50095, -0.60117, 0.80, 0.80, 0.80, 1.00, 0.87231, 0.47948
576, 186, -0.47459, 0.7492, -1.71595, 0.63034, -0.44342, 0.63189, 0.80, 0.80, 0.80, 1.00, 0.95139, 0.60668
577, 173, 0.13662, 1.77356, -0.68323, 0.7881, -0.60541, 0.10267, 0.80, 0.80, 0.80, 1.00, 0.92291, 0.48464
578, 170, -0.02092, 1.62123, -0.36955, 0.54202, -0.78778, 0.28791, 0.80, 0.80, 0.80, 1.00, 0.96337, 0.47594
579, 186, -0.47459, 0.7492, -1.71595, 0.63034, -0.44342, 0.63189, 0.80, 0.80, 0.80, 1.00, 0.95139, 0.60668
580, 187, -0.3932, 0.8064, -1.80092, 0.78039, -0.32154, 0.52998, 0.80, 0.80, 0.80, 1.00, 0.92935, 0.60822
581, 173, 0.13662, 1.77356, -0.68323, 0.7881, -0.60541, 0.10267, 0.80, 0.80, 0.80, 1.00, 0.92291, 0.48464
582, 188, -0.72313, 0.77178, -1.80163, -0.7715, -0.57935, 0.2547, 0.80, 0.80, 0.80, 1.00, 0.76975, 0.60446
583, 174, -0.35168, 1.54393, -0.27591, -0.50175, -0.63804, 0.58065, 0.80, 0.80, 0.80, 1.00, 0.73448, 0.47956
584, 177, -0.59305, 1.66633, -0.35528, -0.86959, -0.29607, 0.3915, 0.80, 0.80, 0.80, 1.00, 0.76451, 0.47946
585, 188, -0.72313, 0.77178, -1.80163, -0.7715, -0.57935, 0.2547, 0.80, 0.80, 0.80, 1.00, 0.76975, 0.60446
586, 189, -0.60139, 0.74013, -1.68416, -0.60055, -0.66189, 0.44402, 0.80, 0.80, 0.80, 1.00, 0.74022, 0.60392
587, 174, -0.35168, 1.54393, -0.27591, -0.50175, -0.63804, 0.58065, 0.80, 0.80, 0.80, 1.00, 0.73448, 0.47956
588, 190, -0.60139, 0.74013, -1.68416, 0.24623, -0.61898, 0.74173, 0.80, 0.80, 0.80, 1.00, 0.97059, 0.60313
589, 170, -0.02092, 1.62123, -0.36955, 0.54202, -0.78778, 0.28791, 0.80, 0.80, 0.80, 1.00, 0.96337, 0.47594
590, 179, -0.35168, 1.54393, -0.27591, 0.31752, -0.85036, 0.41542, 0.80, 0.80, 0.80, 1.00, 0.99852, 0.47698
591, 190, -0.60139, 0.74013, -1.68416, 0.24623, -0.61898, 0.74173, 0.80, 0.80, 0.80, 1.00, 0.97059, 0.60313
592, 186, -0.47459, 0.7492, -1.71595, 0.63034, -0.44342, 0.63189, 0.80, 0.80, 0.80, 1.00, 0.95139, 0.60668
593, 170, -0.02092, 1.62123, -0.36955, 0.54202, -0.78778, 0.28791, 0.80, 0.80, 0.80, 1.00, 0.96337, 0.47594
594, 191, -0.70758, 0.88828, -1.9697, -0.89766, -0.1261, -0.41444, 0.80, 0.80, 0.80, 1.00, 0.80086, 0.60553
595, 177, -0.59305, 1.66633, -0.35528, -0.86959, -0.29607, 0.3915, 0.80, 0.80, 0.80, 1.00, 0.76451, 0.47946
596, 180, -0.69584, 2.0347, -0.66543, -0.89344, 0.44476, -0.04637, 0.80, 0.80, 0.80, 1.00, 0.81, 0.47876
597, 191, -0.70758, 0.88828, -1.9697, -0.89766, -0.1261, -0.41444, 0.80, 0.80, 0.80, 1.00, 0.80086, 0.60553
598, 188, -0.72313, 0.77178, -1.80163, -0.7715, -0.57935, 0.2547, 0.80, 0.80, 0.80, 1.00, 0.76975, 0.60446
599, 177, -0.59305, 1.66633, -0.35528, -0.86959, -0.29607, 0.3915, 0.80, 0.80, 0.80, 1.00, 0.76451, 0.47946
600, 185, -0.51081, 0.92549, -1.93166, 0.66927, 0.43775, -0.59735, 0.80, 0.80, 0.80, 1.00, 0.86396, 0.60688
601, 183, -0.33726, 2.18169, -0.85938, -0.07712, 0.81267, -0.57398, 0.80, 0.80, 0.80, 1.00, 0.84635, 0.47958
602, 169, -0.07106, 2.07387, -0.79276, 0.61978, 0.50095, -0.60117, 0.80, 0.80, 0.80, 1.00, 0.87231, 0.47948
603, 185, -0.51081, 0.92549, -1.93166, 0.66927, 0.43775, -0.59735, 0.80, 0.80, 0.80, 1.00, 0.86396, 0.60688
604, 192, -0.62225, 0.94817, -2.0176, -0.15878, 0.41051, -0.89453, 0.80, 0.80, 0.80, 1.00, 0.8338, 0.60579
605, 183, -0.33726, 2.18169, -0.85938, -0.07712, 0.81267, -0.57398, 0.80, 0.80, 0.80, 1.00, 0.84635, 0.47958
606, 192, -0.62225, 0.94817, -2.0176, -0.15878, 0.41051, -0.89453, 0.80, 0.80, 0.80, 1.00, 0.8338, 0.60579
607, 180, -0.69584, 2.0347, -0.66543, -0.89344, 0.44476, -0.04637, 0.80, 0.80, 0.80, 1.00, 0.81, 0.47876
608, 183, -0.33726, 2.18169, -0.85938, -0.07712, 0.81267, -0.57398, 0.80, 0.80, 0.80, 1.00, 0.84635, 0.47958
609, 192, -0.62225, 0.94817, -2.0176, -0.15878, 0.41051, -0.89453, 0.80, 0.80, 0.80, 1.00, 0.8338, 0.60579
610, 191, -0.70758, 0.88828, -1.9697, -0.89766, -0.1261, -0.41444, 0.80, 0.80, 0.80, 1.00, 0.80086, 0.60553
611, 180, -0.69584, 2.0347, -0.66543, -0.89344, 0.44476, -0.04637, 0.80, 0.80, 0.80, 1.00, 0.81, 0.47876
612, 193, 0.22351, 0.31872, -1.53212, 0.34859, -0.8371, -0.41743, 0.80, 0.80, 0.80, 1.00, 0.47813, 0.44864
613, 194, 0.28219, 0.24817, -1.35583, 0.3231, -0.83481, -0.4418, 0.80, 0.80, 0.80, 1.00, 0.46676, 0.42347
614, 195, -0.04882, 0.07519, -1.27025, 0.34226, -0.83663, -0.42358, 0.80, 0.80, 0.80, 1.00, 0.40971, 0.43767
615, 193, 0.22351, 0.31872, -1.53212, 0.34859, -0.8371, -0.41743, 0.80, 0.80, 0.80, 1.00, 0.47813, 0.44864
616, 195, -0.04882, 0.07519, -1.27025, 0.34226, -0.83663, -0.42358, 0.80, 0.80, 0.80, 1.00, 0.40971, 0.43767
617, 196, -0.15462, 0.04318, -1.2982, 0.36118, -0.83785, -0.40505, 0.80, 0.80, 0.80, 1.00, 0.3972, 0.44864
618, 193, 0.22351, 0.31872, -1.53212, 0.34859, -0.8371, -0.41743, 0.80, 0.80, 0.80, 1.00, 0.47813, 0.44864
619, 196, -0.15462, 0.04318, -1.2982, 0.36118, -0.83785, -0.40505, 0.80, 0.80, 0.80, 1.00, 0.3972, 0.44864
620, 197, 0.10569, 0.34874, -1.69929, 0.36132, -0.83793, -0.40477, 0.80, 0.80, 0.80, 1.00, 0.47895, 0.49995
621, 196, -0.15462, 0.04318, -1.2982, 0.36118, -0.83785, -0.40505, 0.80, 0.80, 0.80, 1.00, 0.3972, 0.44864
622, 198, -0.33377, 0.08325, -1.54084, 0.36154, -0.83797, -0.40448, 0.80, 0.80, 0.80, 1.00, 0.3972, 0.51328
623, 197, 0.10569, 0.34874, -1.69929, 0.36132, -0.83793, -0.40477, 0.80, 0.80, 0.80, 1.00, 0.47895, 0.49995
624, 198, -0.33377, 0.08325, -1.54084, 0.36154, -0.83797, -0.40448, 0.80, 0.80, 0.80, 1.00, 0.3972, 0.51328
625, 199, -0.42453, 0.53158, -2.29971, 0.28276, -0.81409, -0.50377, 0.80, 0.80, 0.80, 1.00, 0.47606, 0.58889
626, 197, 0.10569, 0.34874, -1.69929, 0.36132, -0.83793, -0.40477, 0.80, 0.80, 0.80, 1.00, 0.47895, 0.49995
627, 199, -0.42453, 0.53158, -2.29971, 0.28276, -0.81409, -0.50377, 0.80, 0.80, 0.80, 1.00, 0.47606, 0.58889
628, 198, -0.33377, 0.08325, -1.54084, 0.36154, -0.83797, -0.40448, 0.80, 0.80, 0.80, 1.00, 0.3972, 0.51328
629, 200, -0.72087, 0.31564, -2.11639, 0.2826, -0.81398, -0.50404, 0.80, 0.80, 0.80, 1.00, 0.41264, 0.58889
630, 200, -0.72087, 0.31564, -2.11639, 0.2826, -0.81398, -0.50404, 0.80, 0.80, 0.80, 1.00, 0.41264, 0.58889
631, 201, -0.58657, 0.49466, -2.33051, 0.28238, -0.81389, -0.50431, 0.80, 0.80, 0.80, 1.00, 0.45706, 0.60475
632, 199, -0.42453, 0.53158, -2.29971, 0.28276, -0.81409, -0.50377, 0.80, 0.80, 0.80, 1.00, 0.47606, 0.58889
633, 200, -0.72087, 0.31564, -2.11639, 0.2826, -0.81398, -0.50404, 0.80, 0.80, 0.80, 1.00, 0.41264, 0.58889
634, 202, -0.72615, 0.39295, -2.24417, 0.28238, -0.81389, -0.50431, 0.80, 0.80, 0.80, 1.00, 0.42718, 0.60475
635, 201, -0.58657, 0.49466, -2.33051, 0.28238, -0.81389, -0.50431, 0.80, 0.80, 0.80, 1.00, 0.45706, 0.60475
636, 203, -0.2458, 0.69745, -1.77661, 0.71174, 0.68007, -0.16249, 0.80, 0.80, 0.80, 1.00, 0.613, 0.50877
637, 204, -0.51081, 0.92549, -1.93166, 0.59182, 0.79871, -0.08456, 0.80, 0.80, 0.80, 1.00, 0.66336, 0.47671
638, 205, -0.3932, 0.8064, -1.80092, 0.55141, 0.79876, 0.22961, 0.80, 0.80, 0.80, 1.00, 0.63352, 0.488
639, 203, -0.2458, 0.69745, -1.77661, 0.71174, 0.68007, -0.16249, 0.80, 0.80, 0.80, 1.00, 0.613, 0.50877
640, 206, -0.41604, 0.83886, -1.97578, 0.63075, 0.66213, -0.39953, 0.80, 0.80, 0.80, 1.00, 0.65619, 0.49774
641, 204, -0.51081, 0.92549, -1.93166, 0.59182, 0.79871, -0.08456, 0.80, 0.80, 0.80, 1.00, 0.66336, 0.47671
642, 207, -0.35899, 0.60916, -1.65934, 0.12664, 0.65483, 0.74177, 0.80, 0.80, 0.80, 1.00, 0.60121, 0.46273
643, 208, -0.3932, 0.8064, -1.80092, 0.3296, 0.58674, 0.73578, 0.80, 0.80, 0.80, 1.00, 0.6264, 0.43644
644, 209, -0.47459, 0.7492, -1.71595, 0.21503, 0.48391, 0.84499, 0.80, 0.80, 0.80, 1.00, 0.62276, 0.45986
645, 207, -0.35899, 0.60916, -1.65934, 0.12664, 0.65483, 0.74177, 0.80, 0.80, 0.80, 1.00, 0.60121, 0.46273
646, 210, -0.2458, 0.69745, -1.77661, 0.16661, 0.70128, 0.68954, 0.80, 0.80, 0.80, 1.00, 0.60648, 0.4294
647, 208, -0.3932, 0.8064, -1.80092, 0.3296, 0.58674, 0.73578, 0.80, 0.80, 0.80, 1.00, 0.6264, 0.43644
648, 211, -0.70942, 0.62646, -1.79622, -0.90864, -0.06707, 0.40803, 0.80, 0.80, 0.80, 1.00, 0.65226, 0.50274
649, 212, -0.60139, 0.74013, -1.68416, -0.69979, -0.036, 0.71135, 0.80, 0.80, 0.80, 1.00, 0.63415, 0.48306
650, 213, -0.72313, 0.77178, -1.80163, -0.98127, -0.0704, 0.1672, 0.80, 0.80, 0.80, 1.00, 0.65918, 0.48292
651, 211, -0.70942, 0.62646, -1.79622, -0.90864, -0.06707, 0.40803, 0.80, 0.80, 0.80, 1.00, 0.65226, 0.50274
652, 214, -0.53423, 0.5803, -1.62549, -0.70477, -0.05072, 0.7055, 0.80, 0.80, 0.80, 1.00, 0.61603, 0.50288
653, 212, -0.60139, 0.74013, -1.68416, -0.69979, -0.036, 0.71135, 0.80, 0.80, 0.80, 1.00, 0.63415, 0.48306
654, 215, -0.53423, 0.5803, -1.62549, 0.10187, 0.5347, 0.83586, 0.80, 0.80, 0.80, 1.00, 0.61265, 0.49168
655, 209, -0.47459, 0.7492, -1.71595, 0.21503, 0.48391, 0.84499, 0.80, 0.80, 0.80, 1.00, 0.62276, 0.45986
656, 216, -0.60139, 0.74013, -1.68416, 0.19184, 0.40866, 0.88914, 0.80, 0.80, 0.80, 1.00, 0.63066, 0.48026
657, 215, -0.53423, 0.5803, -1.62549, 0.10187, 0.5347, 0.83586, 0.80, 0.80, 0.80, 1.00, 0.61265, 0.49168
658, 207, -0.35899, 0.60916, -1.65934, 0.12664, 0.65483, 0.74177, 0.80, 0.80, 0.80, 1.00, 0.60121, 0.46273
659, 209, -0.47459, 0.7492, -1.71595, 0.21503, 0.48391, 0.84499, 0.80, 0.80, 0.80, 1.00, 0.62276, 0.45986
660, 217, -0.69317, 0.78782, -2.03642, -0.99537, 0.0185, -0.06161, 0.80, 0.80, 0.80, 1.00, 0.68234, 0.5018
661, 213, -0.72313, 0.77178, -1.80163, -0.98127, -0.0704, 0.1672, 0.80, 0.80, 0.80, 1.00, 0.65918, 0.48292
662, 218, -0.70758, 0.88828, -1.9697, -0.98754, -0.05521, -0.12765, 0.80, 0.80, 0.80, 1.00, 0.67997, 0.48197
663, 217, -0.69317, 0.78782, -2.03642, -0.99537, 0.0185, -0.06161, 0.80, 0.80, 0.80, 1.00, 0.68234, 0.5018
664, 211, -0.70942, 0.62646, -1.79622, -0.90864, -0.06707, 0.40803, 0.80, 0.80, 0.80, 1.00, 0.65226, 0.50274
665, 213, -0.72313, 0.77178, -1.80163, -0.98127, -0.0704, 0.1672, 0.80, 0.80, 0.80, 1.00, 0.65918, 0.48292
666, 206, -0.41604, 0.83886, -1.97578, 0.63075, 0.66213, -0.39953, 0.80, 0.80, 0.80, 1.00, 0.65619, 0.49774
667, 219, -0.62225, 0.94817, -2.0176, 0.48874, 0.75666, -0.42932, 0.80, 0.80, 0.80, 1.00, 0.68422, 0.47557
668, 204, -0.51081, 0.92549, -1.93166, 0.59182, 0.79871, -0.08456, 0.80, 0.80, 0.80, 1.00, 0.66336, 0.47671
669, 206, -0.41604, 0.83886, -1.97578, 0.63075, 0.66213, -0.39953, 0.80, 0.80, 0.80, 1.00, 0.65619, 0.49774
670, 220, -0.57505, 0.87032, -2.10253, 0.53851, 0.66834, -0.50915, 0.80, 0.80, 0.80, 1.00, 0.68637, 0.49661
671, 219, -0.62225, 0.94817, -2.0176, 0.48874, 0.75666, -0.42932, 0.80, 0.80, 0.80, 1.00, 0.68422, 0.47557
672, 221, -0.57505, 0.87032, -2.10253, -0.48173, 0.44817, -0.74854, 0.80, 0.80, 0.80, 1.00, 0.70022, 0.49868
673, 222, -0.70758, 0.88828, -1.9697, -0.63312, 0.36047, -0.6799, 0.80, 0.80, 0.80, 1.00, 0.72368, 0.47984
674, 223, -0.62225, 0.94817, -2.0176, -0.63358, 0.35911, -0.68018, 0.80, 0.80, 0.80, 1.00, 0.70521, 0.47975
675, 221, -0.57505, 0.87032, -2.10253, -0.48173, 0.44817, -0.74854, 0.80, 0.80, 0.80, 1.00, 0.70022, 0.49868
676, 224, -0.69317, 0.78782, -2.03642, -0.65931, 0.43437, -0.60819, 0.80, 0.80, 0.80, 1.00, 0.72573, 0.49878
677, 222, -0.70758, 0.88828, -1.9697, -0.63312, 0.36047, -0.6799, 0.80, 0.80, 0.80, 1.00, 0.72368, 0.47984
678, 225, 0.28219, 0.24817, -1.35583, 0.85657, 0.50155, -0.10043, 0.80, 0.80, 0.80, 1.00, 0.50024, 0.57157
679, 226, 0.17845, 0.39976, -1.48546, 0.71089, 0.68288, -0.15417, 0.80, 0.80, 0.80, 1.00, 0.52788, 0.55185
680, 227, 0.22696, 0.36383, -1.28474, 0.70709, 0.70218, -0.04644, 0.80, 0.80, 0.80, 1.00, 0.4989, 0.54593
681, 225, 0.28219, 0.24817, -1.35583, 0.85657, 0.50155, -0.10043, 0.80, 0.80, 0.80, 1.00, 0.50024, 0.57157
682, 228, 0.22351, 0.31872, -1.53212, 0.75974, 0.58111, -0.28444, 0.80, 0.80, 0.80, 1.00, 0.52788, 0.57
683, 226, 0.17845, 0.39976, -1.48546, 0.71089, 0.68288, -0.15417, 0.80, 0.80, 0.80, 1.00, 0.52788, 0.55185
684, 226, 0.17845, 0.39976, -1.48546, 0.71089, 0.68288, -0.15417, 0.80, 0.80, 0.80, 1.00, 0.52788, 0.55185
685, 228, 0.22351, 0.31872, -1.53212, 0.75974, 0.58111, -0.28444, 0.80, 0.80, 0.80, 1.00, 0.52788, 0.57
686, 229, 0.06305, 0.4352, -1.64231, 0.65953, 0.67349, -0.32742, 0.80, 0.80, 0.80, 1.00, 0.58286, 0.55047
687, 229, 0.06305, 0.4352, -1.64231, 0.65953, 0.67349, -0.32742, 0.80, 0.80, 0.80, 1.00, 0.58286, 0.55047
688, 228, 0.22351, 0.31872, -1.53212, 0.75974, 0.58111, -0.28444, 0.80, 0.80, 0.80, 1.00, 0.52788, 0.57
689, 230, 0.10569, 0.34874, -1.69929, 0.68519, 0.59575, -0.41425, 0.80, 0.80, 0.80, 1.00, 0.5842, 0.57
690, 229, 0.06305, 0.4352, -1.64231, 0.65953, 0.67349, -0.32742, 0.80, 0.80, 0.80, 1.00, 0.58286, 0.55047
691, 230, 0.10569, 0.34874, -1.69929, 0.68519, 0.59575, -0.41425, 0.80, 0.80, 0.80, 1.00, 0.5842, 0.57
692, 231, -0.45179, 0.61949, -2.2238, 0.69619, 0.54684, -0.46087, 0.80, 0.80, 0.80, 1.00, 0.67917, 0.54944
693, 231, -0.45179, 0.61949, -2.2238, 0.69619, 0.54684, -0.46087, 0.80, 0.80, 0.80, 1.00, 0.67917, 0.54944
694, 230, 0.10569, 0.34874, -1.69929, 0.68519, 0.59575, -0.41425, 0.80, 0.80, 0.80, 1.00, 0.5842, 0.57
695, 232, -0.42453, 0.53158, -2.29971, 0.68721, 0.58262, -0.42934, 0.80, 0.80, 0.80, 1.00, 0.68185, 0.57014
696, 233, -0.45179, 0.61949, -2.2238, 0.10345, 0.57477, -0.80858, 0.80, 0.80, 0.80, 1.00, 0.69902, 0.55084
697, 234, -0.42453, 0.53158, -2.29971, 0.05822, 0.61502, -0.78301, 0.80, 0.80, 0.80, 1.00, 0.69837, 0.57075
698, 235, -0.63264, 0.60857, -2.25433, -0.31619, 0.52566, -0.7857, 0.80, 0.80, 0.80, 1.00, 0.71007, 0.54633
699, 234, -0.42453, 0.53158, -2.29971, 0.05822, 0.61502, -0.78301, 0.80, 0.80, 0.80, 1.00, 0.69837, 0.57075
700, 236, -0.58657, 0.49466, -2.33051, -0.43639, 0.3696, -0.81616, 0.80, 0.80, 0.80, 1.00, 0.70942, 0.57075
701, 235, -0.63264, 0.60857, -2.25433, -0.31619, 0.52566, -0.7857, 0.80, 0.80, 0.80, 1.00, 0.71007, 0.54633
702, 237, -0.18428, 0.13545, -1.26107, -0.53035, -0.23624, 0.81201, 0.80, 0.80, 0.80, 1.00, 0.52674, 0.55375
703, 238, -0.04882, 0.07519, -1.27025, -0.13539, -0.43525, 0.88723, 0.80, 0.80, 0.80, 1.00, 0.51498, 0.57085
704, 239, -0.08865, 0.20208, -1.2087, -0.39673, -0.14368, 0.90448, 0.80, 0.80, 0.80, 1.00, 0.51367, 0.54669
705, 240, -0.15462, 0.04318, -1.2982, -0.58066, -0.45822, 0.67017, 0.80, 0.80, 0.80, 1.00, 0.52674, 0.57085
706, 238, -0.04882, 0.07519, -1.27025, -0.13539, -0.43525, 0.88723, 0.80, 0.80, 0.80, 1.00, 0.51498, 0.57085
707, 237, -0.18428, 0.13545, -1.26107, -0.53035, -0.23624, 0.81201, 0.80, 0.80, 0.80, 1.00, 0.52674, 0.55375
708, 240, -0.15462, 0.04318, -1.2982, -0.58066, -0.45822, 0.67017, 0.80, 0.80, 0.80, 1.00, 0.52674, 0.57085
709, 237, -0.18428, 0.13545, -1.26107, -0.53035, -0.23624, 0.81201, 0.80, 0.80, 0.80, 1.00, 0.52674, 0.55375
710, 241, -0.36101, 0.18094, -1.4934, -0.80214, -0.25154, 0.53848, 0.80, 0.80, 0.80, 1.00, 0.5947, 0.55245
711, 240, -0.15462, 0.04318, -1.2982, -0.58066, -0.45822, 0.67017, 0.80, 0.80, 0.80, 1.00, 0.52674, 0.57085
712, 241, -0.36101, 0.18094, -1.4934, -0.80214, -0.25154, 0.53848, 0.80, 0.80, 0.80, 1.00, 0.5947, 0.55245
713, 242, -0.33377, 0.08325, -1.54084, -0.80191, -0.43061, 0.40955, 0.80, 0.80, 0.80, 1.00, 0.59601, 0.57085
714, 242, -0.33377, 0.08325, -1.54084, -0.80191, -0.43061, 0.40955, 0.80, 0.80, 0.80, 1.00, 0.59601, 0.57085
715, 241, -0.36101, 0.18094, -1.4934, -0.80214, -0.25154, 0.53848, 0.80, 0.80, 0.80, 1.00, 0.5947, 0.55245
716, 243, -0.73768, 0.41117, -2.04695, -0.91135, -0.29337, 0.2818, 0.80, 0.80, 0.80, 1.00, 0.67443, 0.55148
717, 242, -0.33377, 0.08325, -1.54084, -0.80191, -0.43061, 0.40955, 0.80, 0.80, 0.80, 1.00, 0.59601, 0.57085
718, 243, -0.73768, 0.41117, -2.04695, -0.91135, -0.29337, 0.2818, 0.80, 0.80, 0.80, 1.00, 0.67443, 0.55148
719, 244, -0.72087, 0.31564, -2.11639, -0.94896, -0.28832, 0.10863, 0.80, 0.80, 0.80, 1.00, 0.67705, 0.57098
720, 244, -0.72087, 0.31564, -2.11639, -0.94896, -0.28832, 0.10863, 0.80, 0.80, 0.80, 1.00, 0.67705, 0.57098
721, 243, -0.73768, 0.41117, -2.04695, -0.91135, -0.29337, 0.2818, 0.80, 0.80, 0.80, 1.00, 0.67443, 0.55148
722, 245, -0.76177, 0.51448, -2.17445, -0.99464, -0.06548, 0.04133, 0.80, 0.80, 0.80, 1.00, 0.69404, 0.54707
723, 246, -0.72615, 0.39295, -2.24417, -0.9664, -0.22718, -0.09553, 0.80, 0.80, 0.80, 1.00, 0.69404, 0.57098
724, 244, -0.72087, 0.31564, -2.11639, -0.94896, -0.28832, 0.10863, 0.80, 0.80, 0.80, 1.00, 0.67705, 0.57098
725, 245, -0.76177, 0.51448, -2.17445, -0.99464, -0.06548, 0.04133, 0.80, 0.80, 0.80, 1.00, 0.69404, 0.54707
726, 235, -0.63264, 0.60857, -2.25433, -0.31619, 0.52566, -0.7857, 0.80, 0.80, 0.80, 1.00, 0.71007, 0.54633
727, 236, -0.58657, 0.49466, -2.33051, -0.43639, 0.3696, -0.81616, 0.80, 0.80, 0.80, 1.00, 0.70942, 0.57075
728, 247, -0.76177, 0.51448, -2.17445, -0.6523, 0.31427, -0.68462, 0.80, 0.80, 0.80, 1.00, 0.72613, 0.54633
729, 236, -0.58657, 0.49466, -2.33051, -0.43639, 0.3696, -0.81616, 0.80, 0.80, 0.80, 1.00, 0.70942, 0.57075
730, 248, -0.72615, 0.39295, -2.24417, -0.62841, 0.23837, -0.73561, 0.80, 0.80, 0.80, 1.00, 0.72678, 0.57075
731, 247, -0.76177, 0.51448, -2.17445, -0.6523, 0.31427, -0.68462, 0.80, 0.80, 0.80, 1.00, 0.72613, 0.54633
732, 249, 0.28219, 0.24817, -1.35583, 0.3811, -0.32291, 0.86237, 0.80, 0.80, 0.80, 1.00, 0.55825, 0.52848
733, 250, 0.22696, 0.36383, -1.28474, 0.38061, -0.34346, 0.85463, 0.80, 0.80, 0.80, 1.00, 0.55657, 0.50775
734, 251, -0.08865, 0.20208, -1.2087, 0.3811, -0.32291, 0.86237, 0.80, 0.80, 0.80, 1.00, 0.50171, 0.50648
735, 249, 0.28219, 0.24817, -1.35583, 0.3811, -0.32291, 0.86237, 0.80, 0.80, 0.80, 1.00, 0.55825, 0.52848
736, 251, -0.08865, 0.20208, -1.2087, 0.3811, -0.32291, 0.86237, 0.80, 0.80, 0.80, 1.00, 0.50171, 0.50648
737, 252, -0.04882, 0.07519, -1.27025, 0.38141, -0.3022, 0.8697, 0.80, 0.80, 0.80, 1.00, 0.50002, 0.5272
738, 253, 0.22696, 0.36383, -1.28474, -0.16817, 0.73303, 0.65616, 0.80, 0.80, 0.80, 1.00, 0.49574, 0.43934
739, 254, 0.01552, 0.49498, -1.51939, -0.12087, 0.80194, 0.58166, 0.80, 0.80, 0.80, 1.00, 0.55726, 0.43544
740, 255, -0.2474, 0.31825, -1.35429, -0.13566, 0.7561, 0.63716, 0.80, 0.80, 0.80, 1.00, 0.55726, 0.50127
741, 253, 0.22696, 0.36383, -1.28474, -0.16817, 0.73303, 0.65616, 0.80, 0.80, 0.80, 1.00, 0.49574, 0.43934
742, 255, -0.2474, 0.31825, -1.35429, -0.13566, 0.7561, 0.63716, 0.80, 0.80, 0.80, 1.00, 0.55726, 0.50127
743, 256, -0.08865, 0.20208, -1.2087, -0.17154, 0.67008, 0.71951, 0.80, 0.80, 0.80, 1.00, 0.51087, 0.5034
744, 255, -0.2474, 0.31825, -1.35429, -0.13566, 0.7561, 0.63716, 0.80, 0.80, 0.80, 1.00, 0.55726, 0.50127
745, 207, -0.35899, 0.60916, -1.65934, 0.12664, 0.65483, 0.74177, 0.80, 0.80, 0.80, 1.00, 0.60121, 0.46273
746, 215, -0.53423, 0.5803, -1.62549, 0.10187, 0.5347, 0.83586, 0.80, 0.80, 0.80, 1.00, 0.61265, 0.49168
747, 207, -0.35899, 0.60916, -1.65934, 0.12664, 0.65483, 0.74177, 0.80, 0.80, 0.80, 1.00, 0.60121, 0.46273
748, 255, -0.2474, 0.31825, -1.35429, -0.13566, 0.7561, 0.63716, 0.80, 0.80, 0.80, 1.00, 0.55726, 0.50127
749, 254, 0.01552, 0.49498, -1.51939, -0.12087, 0.80194, 0.58166, 0.80, 0.80, 0.80, 1.00, 0.55726, 0.43544
750, 207, -0.35899, 0.60916, -1.65934, 0.12664, 0.65483, 0.74177, 0.80, 0.80, 0.80, 1.00, 0.60121, 0.46273
751, 254, 0.01552, 0.49498, -1.51939, -0.12087, 0.80194, 0.58166, 0.80, 0.80, 0.80, 1.00, 0.55726, 0.43544
752, 210, -0.2458, 0.69745, -1.77661, 0.16661, 0.70128, 0.68954, 0.80, 0.80, 0.80, 1.00, 0.60648, 0.4294
753, 239, -0.08865, 0.20208, -1.2087, -0.39673, -0.14368, 0.90448, 0.80, 0.80, 0.80, 1.00, 0.51367, 0.54669
754, 257, -0.2474, 0.31825, -1.35429, -0.71532, 0.06816, 0.69339, 0.80, 0.80, 0.80, 1.00, 0.56032, 0.53081
755, 237, -0.18428, 0.13545, -1.26107, -0.53035, -0.23624, 0.81201, 0.80, 0.80, 0.80, 1.00, 0.52674, 0.55375
756, 237, -0.18428, 0.13545, -1.26107, -0.53035, -0.23624, 0.81201, 0.80, 0.80, 0.80, 1.00, 0.52674, 0.55375
757, 257, -0.2474, 0.31825, -1.35429, -0.71532, 0.06816, 0.69339, 0.80, 0.80, 0.80, 1.00, 0.56032, 0.53081
758, 241, -0.36101, 0.18094, -1.4934, -0.80214, -0.25154, 0.53848, 0.80, 0.80, 0.80, 1.00, 0.5947, 0.55245
759, 241, -0.36101, 0.18094, -1.4934, -0.80214, -0.25154, 0.53848, 0.80, 0.80, 0.80, 1.00, 0.5947, 0.55245
760, 257, -0.2474, 0.31825, -1.35429, -0.71532, 0.06816, 0.69339, 0.80, 0.80, 0.80, 1.00, 0.56032, 0.53081
761, 214, -0.53423, 0.5803, -1.62549, -0.70477, -0.05072, 0.7055, 0.80, 0.80, 0.80, 1.00, 0.61603, 0.50288
762, 241, -0.36101, 0.18094, -1.4934, -0.80214, -0.25154, 0.53848, 0.80, 0.80, 0.80, 1.00, 0.5947, 0.55245
763, 214, -0.53423, 0.5803, -1.62549, -0.70477, -0.05072, 0.7055, 0.80, 0.80, 0.80, 1.00, 0.61603, 0.50288
764, 211, -0.70942, 0.62646, -1.79622, -0.90864, -0.06707, 0.40803, 0.80, 0.80, 0.80, 1.00, 0.65226, 0.50274
765, 241, -0.36101, 0.18094, -1.4934, -0.80214, -0.25154, 0.53848, 0.80, 0.80, 0.80, 1.00, 0.5947, 0.55245
766, 211, -0.70942, 0.62646, -1.79622, -0.90864, -0.06707, 0.40803, 0.80, 0.80, 0.80, 1.00, 0.65226, 0.50274
767, 243, -0.73768, 0.41117, -2.04695, -0.91135, -0.29337, 0.2818, 0.80, 0.80, 0.80, 1.00, 0.67443, 0.55148
768, 226, 0.17845, 0.39976, -1.48546, 0.71089, 0.68288, -0.15417, 0.80, 0.80, 0.80, 1.00, 0.52788, 0.55185
769, 258, 0.01552, 0.49498, -1.51939, 0.55462, 0.82342, -0.09868, 0.80, 0.80, 0.80, 1.00, 0.56228, 0.52987
770, 227, 0.22696, 0.36383, -1.28474, 0.70709, 0.70218, -0.04644, 0.80, 0.80, 0.80, 1.00, 0.4989, 0.54593
771, 226, 0.17845, 0.39976, -1.48546, 0.71089, 0.68288, -0.15417, 0.80, 0.80, 0.80, 1.00, 0.52788, 0.55185
772, 229, 0.06305, 0.4352, -1.64231, 0.65953, 0.67349, -0.32742, 0.80, 0.80, 0.80, 1.00, 0.58286, 0.55047
773, 258, 0.01552, 0.49498, -1.51939, 0.55462, 0.82342, -0.09868, 0.80, 0.80, 0.80, 1.00, 0.56228, 0.52987
774, 229, 0.06305, 0.4352, -1.64231, 0.65953, 0.67349, -0.32742, 0.80, 0.80, 0.80, 1.00, 0.58286, 0.55047
775, 203, -0.2458, 0.69745, -1.77661, 0.71174, 0.68007, -0.16249, 0.80, 0.80, 0.80, 1.00, 0.613, 0.50877
776, 258, 0.01552, 0.49498, -1.51939, 0.55462, 0.82342, -0.09868, 0.80, 0.80, 0.80, 1.00, 0.56228, 0.52987
777, 229, 0.06305, 0.4352, -1.64231, 0.65953, 0.67349, -0.32742, 0.80, 0.80, 0.80, 1.00, 0.58286, 0.55047
778, 231, -0.45179, 0.61949, -2.2238, 0.69619, 0.54684, -0.46087, 0.80, 0.80, 0.80, 1.00, 0.67917, 0.54944
779, 203, -0.2458, 0.69745, -1.77661, 0.71174, 0.68007, -0.16249, 0.80, 0.80, 0.80, 1.00, 0.613, 0.50877
780, 231, -0.45179, 0.61949, -2.2238, 0.69619, 0.54684, -0.46087, 0.80, 0.80, 0.80, 1.00, 0.67917, 0.54944
781, 206, -0.41604, 0.83886, -1.97578, 0.63075, 0.66213, -0.39953, 0.80, 0.80, 0.80, 1.00, 0.65619, 0.49774
782, 203, -0.2458, 0.69745, -1.77661, 0.71174, 0.68007, -0.16249, 0.80, 0.80, 0.80, 1.00, 0.613, 0.50877
783, 231, -0.45179, 0.61949, -2.2238, 0.69619, 0.54684, -0.46087, 0.80, 0.80, 0.80, 1.00, 0.67917, 0.54944
784, 220, -0.57505, 0.87032, -2.10253, 0.53851, 0.66834, -0.50915, 0.80, 0.80, 0.80, 1.00, 0.68637, 0.49661
785, 206, -0.41604, 0.83886, -1.97578, 0.63075, 0.66213, -0.39953, 0.80, 0.80, 0.80, 1.00, 0.65619, 0.49774
786, 233, -0.45179, 0.61949, -2.2238, 0.10345, 0.57477, -0.80858, 0.80, 0.80, 0.80, 1.00, 0.69902, 0.55084
787, 235, -0.63264, 0.60857, -2.25433, -0.31619, 0.52566, -0.7857, 0.80, 0.80, 0.80, 1.00, 0.71007, 0.54633
788, 221, -0.57505, 0.87032, -2.10253, -0.48173, 0.44817, -0.74854, 0.80, 0.80, 0.80, 1.00, 0.70022, 0.49868
789, 245, -0.76177, 0.51448, -2.17445, -0.99464, -0.06548, 0.04133, 0.80, 0.80, 0.80, 1.00, 0.69404, 0.54707
790, 243, -0.73768, 0.41117, -2.04695, -0.91135, -0.29337, 0.2818, 0.80, 0.80, 0.80, 1.00, 0.67443, 0.55148
791, 211, -0.70942, 0.62646, -1.79622, -0.90864, -0.06707, 0.40803, 0.80, 0.80, 0.80, 1.00, 0.65226, 0.50274
792, 245, -0.76177, 0.51448, -2.17445, -0.99464, -0.06548, 0.04133, 0.80, 0.80, 0.80, 1.00, 0.69404, 0.54707
793, 211, -0.70942, 0.62646, -1.79622, -0.90864, -0.06707, 0.40803, 0.80, 0.80, 0.80, 1.00, 0.65226, 0.50274
794, 217, -0.69317, 0.78782, -2.03642, -0.99537, 0.0185, -0.06161, 0.80, 0.80, 0.80, 1.00, 0.68234, 0.5018
795, 224, -0.69317, 0.78782, -2.03642, -0.65931, 0.43437, -0.60819, 0.80, 0.80, 0.80, 1.00, 0.72573, 0.49878
796, 235, -0.63264, 0.60857, -2.25433, -0.31619, 0.52566, -0.7857, 0.80, 0.80, 0.80, 1.00, 0.71007, 0.54633
797, 247, -0.76177, 0.51448, -2.17445, -0.6523, 0.31427, -0.68462, 0.80, 0.80, 0.80, 1.00, 0.72613, 0.54633
798, 235, -0.63264, 0.60857, -2.25433, -0.31619, 0.52566, -0.7857, 0.80, 0.80, 0.80, 1.00, 0.71007, 0.54633
799, 224, -0.69317, 0.78782, -2.03642, -0.65931, 0.43437, -0.60819, 0.80, 0.80, 0.80, 1.00, 0.72573, 0.49878
800, 221, -0.57505, 0.87032, -2.10253, -0.48173, 0.44817, -0.74854, 0.80, 0.80, 0.80, 1.00, 0.70022, 0.49868
801, 259, 0.44727, 7.32246, 0.71842, -0.66458, -0.24245, 0.70529, 0.80, 0.80, 0.80, 1.00, 0.33854, 0.04987
802, 260, 0.38694, 7.57413, 0.61087, -0.76834, 0.08657, 0.63255, 0.80, 0.80, 0.80, 1.00, 0.35388, 0.02254
803, 261, 0.31923, 7.50737, 0.53769, -0.7823, 0.06272, 0.61808, 0.80, 0.80, 0.80, 1.00, 0.36012, 0.04638
804, 262, 0.38694, 7.57413, 0.61087, -0.82341, 0.41684, 0.38286, 0.80, 0.80, 0.80, 1.00, 0.3538, 0.02288
805, 263, 0.40593, 7.79095, 0.41606, -0.77728, 0.6176, 0.11426, 0.80, 0.80, 0.80, 1.00, 0.40394, 0.00465
806, 264, 0.31923, 7.50737, 0.53769, -0.86302, 0.37822, 0.33224, 0.80, 0.80, 0.80, 1.00, 0.36004, 0.04671
807, 265, 0.63397, 7.04254, 0.56515, 0.25805, -0.53614, 0.80285, 0.80, 0.80, 0.80, 1.00, 0.32881, 0.12721
808, 266, 0.55938, 7.2605, 0.69463, -0.13589, -0.60282, 0.78507, 0.80, 0.80, 0.80, 1.00, 0.33048, 0.05465
809, 259, 0.44727, 7.32246, 0.71842, -0.66458, -0.24245, 0.70529, 0.80, 0.80, 0.80, 1.00, 0.33854, 0.04987
810, 265, 0.63397, 7.04254, 0.56515, 0.25805, -0.53614, 0.80285, 0.80, 0.80, 0.80, 1.00, 0.32881, 0.12721
811, 259, 0.44727, 7.32246, 0.71842, -0.66458, -0.24245, 0.70529, 0.80, 0.80, 0.80, 1.00, 0.33854, 0.04987
812, 267, 0.30246, 7.25528, 0.53624, -0.45675, -0.22657, 0.85928, 0.80, 0.80, 0.80, 1.00, 0.36494, 0.10422
813, 267, 0.30246, 7.25528, 0.53624, -0.45675, -0.22657, 0.85928, 0.80, 0.80, 0.80, 1.00, 0.36494, 0.10422
814, 259, 0.44727, 7.32246, 0.71842, -0.66458, -0.24245, 0.70529, 0.80, 0.80, 0.80, 1.00, 0.33854, 0.04987
815, 261, 0.31923, 7.50737, 0.53769, -0.7823, 0.06272, 0.61808, 0.80, 0.80, 0.80, 1.00, 0.36012, 0.04638
816, 264, 0.31923, 7.50737, 0.53769, -0.86302, 0.37822, 0.33224, 0.80, 0.80, 0.80, 1.00, 0.36004, 0.04671
817, 263, 0.40593, 7.79095, 0.41606, -0.77728, 0.6176, 0.11426, 0.80, 0.80, 0.80, 1.00, 0.40394, 0.00465
818, 268, 0.18005, 7.49194, 0.28917, -0.87192, 0.48391, 0.06462, 0.80, 0.80, 0.80, 1.00, 0.40507, 0.07599
819, 264, 0.31923, 7.50737, 0.53769, -0.86302, 0.37822, 0.33224, 0.80, 0.80, 0.80, 1.00, 0.36004, 0.04671
820, 268, 0.18005, 7.49194, 0.28917, -0.87192, 0.48391, 0.06462, 0.80, 0.80, 0.80, 1.00, 0.40507, 0.07599
821, 269, 0.30246, 7.25528, 0.53624, -0.80268, 0.17786, 0.56779, 0.80, 0.80, 0.80, 1.00, 0.36486, 0.10456
822, 268, 0.18005, 7.49194, 0.28917, -0.87192, 0.48391, 0.06462, 0.80, 0.80, 0.80, 1.00, 0.40507, 0.07599
823, 263, 0.40593, 7.79095, 0.41606, -0.77728, 0.6176, 0.11426, 0.80, 0.80, 0.80, 1.00, 0.40394, 0.00465
824, 270, 0.55758, 7.81382, 0.31315, -0.20091, 0.80366, -0.559, 0.80, 0.80, 0.80, 1.00, 0.42678, 0.00025
825, 268, 0.18005, 7.49194, 0.28917, -0.87192, 0.48391, 0.06462, 0.80, 0.80, 0.80, 1.00, 0.40507, 0.07599
826, 270, 0.55758, 7.81382, 0.31315, -0.20091, 0.80366, -0.559, 0.80, 0.80, 0.80, 1.00, 0.42678, 0.00025
827, 271, 0.48593, 7.54967, 0.02754, -0.24644, 0.56445, -0.78697, 0.80, 0.80, 0.80, 1.00, 0.43519, 0.06053
828, 271, 0.48593, 7.54967, 0.02754, -0.24644, 0.56445, -0.78697, 0.80, 0.80, 0.80, 1.00, 0.43519, 0.06053
829, 270, 0.55758, 7.81382, 0.31315, -0.20091, 0.80366, -0.559, 0.80, 0.80, 0.80, 1.00, 0.42678, 0.00025
830, 272, 0.70384, 7.77961, 0.27534, 0.19854, 0.7344, -0.64788, 0.80, 0.80, 0.80, 1.00, 0.439, -0.00075
831, 273, 0.55656, 7.19565, 0.88949, -0.26588, -0.85777, 0.43872, 0.80, 0.80, 0.80, 1.00, 0.39733, 0.41452
832, 274, 0.47579, 7.56167, 1.01983, -0.62162, -0.28129, 0.72962, 0.80, 0.80, 0.80, 1.00, 0.4328, 0.34516
833, 275, 0.41729, 7.30598, 0.82675, -0.84959, -0.51827, 0.08836, 0.80, 0.80, 0.80, 1.00, 0.42681, 0.41326
834, 276, 0.64972, 7.39724, 1.07335, -0.17014, -0.67635, 0.71552, 0.80, 0.80, 0.80, 1.00, 0.39649, 0.35562
835, 274, 0.47579, 7.56167, 1.01983, -0.62162, -0.28129, 0.72962, 0.80, 0.80, 0.80, 1.00, 0.4328, 0.34516
836, 273, 0.55656, 7.19565, 0.88949, -0.26588, -0.85777, 0.43872, 0.80, 0.80, 0.80, 1.00, 0.39733, 0.41452
837, 277, 0.67149, 7.44115, 1.12719, -0.10228, -0.52741, 0.84227, 0.80, 0.80, 0.80, 1.00, 0.39738, 0.33798
838, 274, 0.47579, 7.56167, 1.01983, -0.62162, -0.28129, 0.72962, 0.80, 0.80, 0.80, 1.00, 0.4328, 0.34516
839, 276, 0.64972, 7.39724, 1.07335, -0.17014, -0.67635, 0.71552, 0.80, 0.80, 0.80, 1.00, 0.39649, 0.35562
840, 277, 0.67149, 7.44115, 1.12719, -0.10228, -0.52741, 0.84227, 0.80, 0.80, 0.80, 1.00, 0.39738, 0.33798
841, 278, 0.70681, 7.53026, 1.15366, -0.01965, -0.33021, 0.94255, 0.80, 0.80, 0.80, 1.00, 0.39649, 0.31324
842, 274, 0.47579, 7.56167, 1.01983, -0.62162, -0.28129, 0.72962, 0.80, 0.80, 0.80, 1.00, 0.4328, 0.34516
843, 274, 0.47579, 7.56167, 1.01983, -0.62162, -0.28129, 0.72962, 0.80, 0.80, 0.80, 1.00, 0.4328, 0.34516
844, 278, 0.70681, 7.53026, 1.15366, -0.01965, -0.33021, 0.94255, 0.80, 0.80, 0.80, 1.00, 0.39649, 0.31324
845, 279, 0.51528, 7.68528, 1.06511, -0.51021, -0.14692, 0.84614, 0.80, 0.80, 0.80, 1.00, 0.43423, 0.31062
846, 280, 0.84711, 7.87836, 1.27872, -0.00341, -0.2896, 0.95599, 0.80, 0.80, 0.80, 1.00, 0.39567, 0.21373
847, 281, 0.6944, 7.99735, 1.18864, -0.5361, 0.106, 0.83628, 0.80, 0.80, 0.80, 1.00, 0.42726, 0.21528
848, 282, 0.60271, 7.78382, 1.15678, -0.52158, 0.01372, 0.85188, 0.80, 0.80, 0.80, 1.00, 0.42919, 0.25769
849, 282, 0.60271, 7.78382, 1.15678, -0.52158, 0.01372, 0.85188, 0.80, 0.80, 0.80, 1.00, 0.42919, 0.25769
850, 283, 0.7697, 7.69228, 1.18934, -0.05395, -0.41398, 0.90753, 0.80, 0.80, 0.80, 1.00, 0.39649, 0.25639
851, 280, 0.84711, 7.87836, 1.27872, -0.00341, -0.2896, 0.95599, 0.80, 0.80, 0.80, 1.00, 0.39567, 0.21373
852, 284, 0.84711, 7.87836, 1.27872, 0.11257, 0.01778, 0.9924, 0.80, 0.80, 0.80, 1.00, 0.39618, 0.21377
853, 285, 0.91691, 8.07423, 1.26348, 0.24013, 0.39945, 0.88382, 0.80, 0.80, 0.80, 1.00, 0.42794, 0.21506
854, 286, 0.73331, 8.13561, 1.17857, -0.46907, 0.3629, 0.80417, 0.80, 0.80, 0.80, 1.00, 0.44333, 0.18059
855, 284, 0.84711, 7.87836, 1.27872, 0.11257, 0.01778, 0.9924, 0.80, 0.80, 0.80, 1.00, 0.39618, 0.21377
856, 286, 0.73331, 8.13561, 1.17857, -0.46907, 0.3629, 0.80417, 0.80, 0.80, 0.80, 1.00, 0.44333, 0.18059
857, 287, 0.6944, 7.99735, 1.18864, -0.48557, 0.1993, 0.85008, 0.80, 0.80, 0.80, 1.00, 0.42484, 0.18234
858, 288, 0.55938, 7.2605, 0.69463, -0.35494, -0.88754, -0.29285, 0.80, 0.80, 0.80, 1.00, 0.39905, 0.42646
859, 273, 0.55656, 7.19565, 0.88949, -0.26588, -0.85777, 0.43872, 0.80, 0.80, 0.80, 1.00, 0.39733, 0.41452
860, 275, 0.41729, 7.30598, 0.82675, -0.84959, -0.51827, 0.08836, 0.80, 0.80, 0.80, 1.00, 0.42681, 0.41326
861, 288, 0.55938, 7.2605, 0.69463, -0.35494, -0.88754, -0.29285, 0.80, 0.80, 0.80, 1.00, 0.39905, 0.42646
862, 275, 0.41729, 7.30598, 0.82675, -0.84959, -0.51827, 0.08836, 0.80, 0.80, 0.80, 1.00, 0.42681, 0.41326
863, 289, 0.44727, 7.32246, 0.71842, -0.73435, -0.60967, -0.29593, 0.80, 0.80, 0.80, 1.00, 0.41852, 0.42068
864, 289, 0.44727, 7.32246, 0.71842, -0.73435, -0.60967, -0.29593, 0.80, 0.80, 0.80, 1.00, 0.41852, 0.42068
865, 275, 0.41729, 7.30598, 0.82675, -0.84959, -0.51827, 0.08836, 0.80, 0.80, 0.80, 1.00, 0.42681, 0.41326
866, 290, 0.38694, 7.57413, 0.61087, -0.96897, -0.2092, -0.12312, 0.80, 0.80, 0.80, 1.00, 0.48682, 0.40128
867, 282, 0.60271, 7.78382, 1.15678, -0.52158, 0.01372, 0.85188, 0.80, 0.80, 0.80, 1.00, 0.42919, 0.25769
868, 281, 0.6944, 7.99735, 1.18864, -0.5361, 0.106, 0.83628, 0.80, 0.80, 0.80, 1.00, 0.42726, 0.21528
869, 291, 0.5804, 8.04772, 1.09215, -0.6172, 0.1378, 0.77338, 0.80, 0.80, 0.80, 1.00, 0.45139, 0.227
870, 282, 0.60271, 7.78382, 1.15678, -0.52158, 0.01372, 0.85188, 0.80, 0.80, 0.80, 1.00, 0.42919, 0.25769
871, 291, 0.5804, 8.04772, 1.09215, -0.6172, 0.1378, 0.77338, 0.80, 0.80, 0.80, 1.00, 0.45139, 0.227
872, 292, 0.49725, 7.80926, 1.06477, -0.63244, 0.13364, 0.7617, 0.80, 0.80, 0.80, 1.00, 0.44396, 0.28677
873, 293, 0.51528, 7.68528, 1.06511, -0.64653, -0.08276, 0.75698, 0.80, 0.80, 0.80, 1.00, 0.43445, 0.31062
874, 294, 0.49725, 7.80926, 1.06477, -0.80028, 0.20385, 0.56221, 0.80, 0.80, 0.80, 1.00, 0.44418, 0.28677
875, 295, 0.42165, 7.75153, 0.9924, -0.86023, 0.06947, 0.50308, 0.80, 0.80, 0.80, 1.00, 0.45208, 0.31432
876, 296, 0.47579, 7.56167, 1.01983, -0.72331, -0.10786, 0.68048, 0.80, 0.80, 0.80, 1.00, 0.43301, 0.34516
877, 293, 0.51528, 7.68528, 1.06511, -0.64653, -0.08276, 0.75698, 0.80, 0.80, 0.80, 1.00, 0.43445, 0.31062
878, 295, 0.42165, 7.75153, 0.9924, -0.86023, 0.06947, 0.50308, 0.80, 0.80, 0.80, 1.00, 0.45208, 0.31432
879, 296, 0.47579, 7.56167, 1.01983, -0.72331, -0.10786, 0.68048, 0.80, 0.80, 0.80, 1.00, 0.43301, 0.34516
880, 295, 0.42165, 7.75153, 0.9924, -0.86023, 0.06947, 0.50308, 0.80, 0.80, 0.80, 1.00, 0.45208, 0.31432
881, 297, 0.40284, 7.62423, 0.93671, -0.97219, -0.01678, 0.22884, 0.80, 0.80, 0.80, 1.00, 0.44661, 0.34908
882, 275, 0.41729, 7.30598, 0.82675, -0.84959, -0.51827, 0.08836, 0.80, 0.80, 0.80, 1.00, 0.42681, 0.41326
883, 274, 0.47579, 7.56167, 1.01983, -0.62162, -0.28129, 0.72962, 0.80, 0.80, 0.80, 1.00, 0.4328, 0.34516
884, 298, 0.40284, 7.62423, 0.93671, -0.93702, -0.15036, 0.31177, 0.80, 0.80, 0.80, 1.00, 0.44639, 0.34908
885, 275, 0.41729, 7.30598, 0.82675, -0.84959, -0.51827, 0.08836, 0.80, 0.80, 0.80, 1.00, 0.42681, 0.41326
886, 298, 0.40284, 7.62423, 0.93671, -0.93702, -0.15036, 0.31177, 0.80, 0.80, 0.80, 1.00, 0.44639, 0.34908
887, 290, 0.38694, 7.57413, 0.61087, -0.96897, -0.2092, -0.12312, 0.80, 0.80, 0.80, 1.00, 0.48682, 0.40128
888, 297, 0.40284, 7.62423, 0.93671, -0.97219, -0.01678, 0.22884, 0.80, 0.80, 0.80, 1.00, 0.44661, 0.34908
889, 295, 0.42165, 7.75153, 0.9924, -0.86023, 0.06947, 0.50308, 0.80, 0.80, 0.80, 1.00, 0.45208, 0.31432
890, 299, 0.4131, 7.90631, 0.74072, -0.98424, 0.15856, 0.06303, 0.80, 0.80, 0.80, 1.00, 0.51159, 0.31455
891, 297, 0.40284, 7.62423, 0.93671, -0.97219, -0.01678, 0.22884, 0.80, 0.80, 0.80, 1.00, 0.44661, 0.34908
892, 300, 0.37019, 7.68685, 0.61594, -0.99736, 0.0472, -0.02852, 0.80, 0.80, 0.80, 1.00, 0.51356, 0.37896
893, 301, 0.38694, 7.57413, 0.61087, -0.98491, -0.14275, -0.08569, 0.80, 0.80, 0.80, 1.00, 0.48703, 0.40128
894, 300, 0.37019, 7.68685, 0.61594, -0.99736, 0.0472, -0.02852, 0.80, 0.80, 0.80, 1.00, 0.51356, 0.37896
895, 297, 0.40284, 7.62423, 0.93671, -0.97219, -0.01678, 0.22884, 0.80, 0.80, 0.80, 1.00, 0.44661, 0.34908
896, 299, 0.4131, 7.90631, 0.74072, -0.98424, 0.15856, 0.06303, 0.80, 0.80, 0.80, 1.00, 0.51159, 0.31455
897, 295, 0.42165, 7.75153, 0.9924, -0.86023, 0.06947, 0.50308, 0.80, 0.80, 0.80, 1.00, 0.45208, 0.31432
898, 294, 0.49725, 7.80926, 1.06477, -0.80028, 0.20385, 0.56221, 0.80, 0.80, 0.80, 1.00, 0.44418, 0.28677
899, 302, 0.43925, 7.99977, 0.80482, -0.9126, 0.30393, 0.26998, 0.80, 0.80, 0.80, 1.00, 0.50903, 0.28505
900, 295, 0.42165, 7.75153, 0.9924, -0.86023, 0.06947, 0.50308, 0.80, 0.80, 0.80, 1.00, 0.45208, 0.31432
901, 302, 0.43925, 7.99977, 0.80482, -0.9126, 0.30393, 0.26998, 0.80, 0.80, 0.80, 1.00, 0.50903, 0.28505
902, 299, 0.4131, 7.90631, 0.74072, -0.98424, 0.15856, 0.06303, 0.80, 0.80, 0.80, 1.00, 0.51159, 0.31455
903, 302, 0.43925, 7.99977, 0.80482, -0.9126, 0.30393, 0.26998, 0.80, 0.80, 0.80, 1.00, 0.50903, 0.28505
904, 294, 0.49725, 7.80926, 1.06477, -0.80028, 0.20385, 0.56221, 0.80, 0.80, 0.80, 1.00, 0.44418, 0.28677
905, 303, 0.5804, 8.04772, 1.09215, -0.88537, 0.24119, 0.39498, 0.80, 0.80, 0.80, 1.00, 0.45161, 0.227
906, 302, 0.43925, 7.99977, 0.80482, -0.9126, 0.30393, 0.26998, 0.80, 0.80, 0.80, 1.00, 0.50903, 0.28505
907, 303, 0.5804, 8.04772, 1.09215, -0.88537, 0.24119, 0.39498, 0.80, 0.80, 0.80, 1.00, 0.45161, 0.227
908, 304, 0.52939, 8.17262, 0.91074, -0.91046, 0.31019, 0.27009, 0.80, 0.80, 0.80, 1.00, 0.50946, 0.22644
909, 305, 0.5804, 8.04772, 1.09215, -0.6448, 0.39744, 0.6517, 0.80, 0.80, 0.80, 1.00, 0.44778, 0.16183
910, 287, 0.6944, 7.99735, 1.18864, -0.48557, 0.1993, 0.85008, 0.80, 0.80, 0.80, 1.00, 0.42484, 0.18234
911, 286, 0.73331, 8.13561, 1.17857, -0.46907, 0.3629, 0.80417, 0.80, 0.80, 0.80, 1.00, 0.44333, 0.18059
912, 305, 0.5804, 8.04772, 1.09215, -0.6448, 0.39744, 0.6517, 0.80, 0.80, 0.80, 1.00, 0.44778, 0.16183
913, 286, 0.73331, 8.13561, 1.17857, -0.46907, 0.3629, 0.80417, 0.80, 0.80, 0.80, 1.00, 0.44333, 0.18059
914, 306, 0.65262, 8.27099, 0.9896, -0.55432, 0.66039, 0.5056, 0.80, 0.80, 0.80, 1.00, 0.49524, 0.16213
915, 305, 0.5804, 8.04772, 1.09215, -0.6448, 0.39744, 0.6517, 0.80, 0.80, 0.80, 1.00, 0.44778, 0.16183
916, 306, 0.65262, 8.27099, 0.9896, -0.55432, 0.66039, 0.5056, 0.80, 0.80, 0.80, 1.00, 0.49524, 0.16213
917, 307, 0.52939, 8.17262, 0.91074, -0.70805, 0.59061, 0.38548, 0.80, 0.80, 0.80, 1.00, 0.49757, 0.14886
918, 285, 0.91691, 8.07423, 1.26348, 0.24013, 0.39945, 0.88382, 0.80, 0.80, 0.80, 1.00, 0.42794, 0.21506
919, 308, 0.95138, 8.21685, 1.09949, 0.33378, 0.74706, 0.57415, 0.80, 0.80, 0.80, 1.00, 0.45335, 0.2274
920, 309, 0.78321, 8.25008, 1.12477, -0.07971, 0.77095, 0.63138, 0.80, 0.80, 0.80, 1.00, 0.46816, 0.18293
921, 285, 0.91691, 8.07423, 1.26348, 0.24013, 0.39945, 0.88382, 0.80, 0.80, 0.80, 1.00, 0.42794, 0.21506
922, 309, 0.78321, 8.25008, 1.12477, -0.07971, 0.77095, 0.63138, 0.80, 0.80, 0.80, 1.00, 0.46816, 0.18293
923, 286, 0.73331, 8.13561, 1.17857, -0.46907, 0.3629, 0.80417, 0.80, 0.80, 0.80, 1.00, 0.44333, 0.18059
924, 286, 0.73331, 8.13561, 1.17857, -0.46907, 0.3629, 0.80417, 0.80, 0.80, 0.80, 1.00, 0.44333, 0.18059
925, 309, 0.78321, 8.25008, 1.12477, -0.07971, 0.77095, 0.63138, 0.80, 0.80, 0.80, 1.00, 0.46816, 0.18293
926, 306, 0.65262, 8.27099, 0.9896, -0.55432, 0.66039, 0.5056, 0.80, 0.80, 0.80, 1.00, 0.49524, 0.16213
927, 309, 0.78321, 8.25008, 1.12477, -0.07971, 0.77095, 0.63138, 0.80, 0.80, 0.80, 1.00, 0.46816, 0.18293
928, 310, 0.97949, 8.37873, 0.81023, 0.35477, 0.88356, 0.30484, 0.80, 0.80, 0.80, 1.00, 0.55016, 0.22415
929, 311, 0.7967, 8.41439, 0.81232, -0.05749, 0.9814, 0.18267, 0.80, 0.80, 0.80, 1.00, 0.55016, 0.18074
930, 309, 0.78321, 8.25008, 1.12477, -0.07971, 0.77095, 0.63138, 0.80, 0.80, 0.80, 1.00, 0.46816, 0.18293
931, 308, 0.95138, 8.21685, 1.09949, 0.33378, 0.74706, 0.57415, 0.80, 0.80, 0.80, 1.00, 0.45335, 0.2274
932, 310, 0.97949, 8.37873, 0.81023, 0.35477, 0.88356, 0.30484, 0.80, 0.80, 0.80, 1.00, 0.55016, 0.22415
933, 306, 0.65262, 8.27099, 0.9896, -0.55432, 0.66039, 0.5056, 0.80, 0.80, 0.80, 1.00, 0.49524, 0.16213
934, 309, 0.78321, 8.25008, 1.12477, -0.07971, 0.77095, 0.63138, 0.80, 0.80, 0.80, 1.00, 0.46816, 0.18293
935, 311, 0.7967, 8.41439, 0.81232, -0.05749, 0.9814, 0.18267, 0.80, 0.80, 0.80, 1.00, 0.55016, 0.18074
936, 306, 0.65262, 8.27099, 0.9896, -0.55432, 0.66039, 0.5056, 0.80, 0.80, 0.80, 1.00, 0.49524, 0.16213
937, 311, 0.7967, 8.41439, 0.81232, -0.05749, 0.9814, 0.18267, 0.80, 0.80, 0.80, 1.00, 0.55016, 0.18074
938, 312, 0.66496, 8.38492, 0.77736, -0.48739, 0.87276, -0.00753, 0.80, 0.80, 0.80, 1.00, 0.55127, 0.16103
939, 306, 0.65262, 8.27099, 0.9896, -0.55432, 0.66039, 0.5056, 0.80, 0.80, 0.80, 1.00, 0.49524, 0.16213
940, 312, 0.66496, 8.38492, 0.77736, -0.48739, 0.87276, -0.00753, 0.80, 0.80, 0.80, 1.00, 0.55127, 0.16103
941, 307, 0.52939, 8.17262, 0.91074, -0.70805, 0.59061, 0.38548, 0.80, 0.80, 0.80, 1.00, 0.49757, 0.14886
942, 307, 0.52939, 8.17262, 0.91074, -0.70805, 0.59061, 0.38548, 0.80, 0.80, 0.80, 1.00, 0.49757, 0.14886
943, 312, 0.66496, 8.38492, 0.77736, -0.48739, 0.87276, -0.00753, 0.80, 0.80, 0.80, 1.00, 0.55127, 0.16103
944, 313, 0.5545, 8.29626, 0.71672, -0.59305, 0.79989, -0.08656, 0.80, 0.80, 0.80, 1.00, 0.55127, 0.14899
945, 302, 0.43925, 7.99977, 0.80482, -0.9126, 0.30393, 0.26998, 0.80, 0.80, 0.80, 1.00, 0.50903, 0.28505
946, 304, 0.52939, 8.17262, 0.91074, -0.91046, 0.31019, 0.27009, 0.80, 0.80, 0.80, 1.00, 0.50946, 0.22644
947, 314, 0.5545, 8.29626, 0.71672, -0.83416, 0.54315, -0.08666, 0.80, 0.80, 0.80, 1.00, 0.55034, 0.22487
948, 302, 0.43925, 7.99977, 0.80482, -0.9126, 0.30393, 0.26998, 0.80, 0.80, 0.80, 1.00, 0.50903, 0.28505
949, 314, 0.5545, 8.29626, 0.71672, -0.83416, 0.54315, -0.08666, 0.80, 0.80, 0.80, 1.00, 0.55034, 0.22487
950, 315, 0.45011, 8.12974, 0.61295, -0.82701, 0.48501, -0.28095, 0.80, 0.80, 0.80, 1.00, 0.54659, 0.28123
951, 299, 0.4131, 7.90631, 0.74072, -0.98424, 0.15856, 0.06303, 0.80, 0.80, 0.80, 1.00, 0.51159, 0.31455
952, 302, 0.43925, 7.99977, 0.80482, -0.9126, 0.30393, 0.26998, 0.80, 0.80, 0.80, 1.00, 0.50903, 0.28505
953, 315, 0.45011, 8.12974, 0.61295, -0.82701, 0.48501, -0.28095, 0.80, 0.80, 0.80, 1.00, 0.54659, 0.28123
954, 299, 0.4131, 7.90631, 0.74072, -0.98424, 0.15856, 0.06303, 0.80, 0.80, 0.80, 1.00, 0.51159, 0.31455
955, 315, 0.45011, 8.12974, 0.61295, -0.82701, 0.48501, -0.28095, 0.80, 0.80, 0.80, 1.00, 0.54659, 0.28123
956, 316, 0.43804, 8.00958, 0.54428, -0.87037, 0.35374, -0.33945, 0.80, 0.80, 0.80, 1.00, 0.55114, 0.31553
957, 300, 0.37019, 7.68685, 0.61594, -0.99736, 0.0472, -0.02852, 0.80, 0.80, 0.80, 1.00, 0.51356, 0.37896
958, 299, 0.4131, 7.90631, 0.74072, -0.98424, 0.15856, 0.06303, 0.80, 0.80, 0.80, 1.00, 0.51159, 0.31455
959, 316, 0.43804, 8.00958, 0.54428, -0.87037, 0.35374, -0.33945, 0.80, 0.80, 0.80, 1.00, 0.55114, 0.31553
960, 300, 0.37019, 7.68685, 0.61594, -0.99736, 0.0472, -0.02852, 0.80, 0.80, 0.80, 1.00, 0.51356, 0.37896
961, 316, 0.43804, 8.00958, 0.54428, -0.87037, 0.35374, -0.33945, 0.80, 0.80, 0.80, 1.00, 0.55114, 0.31553
962, 317, 0.40593, 7.79095, 0.41606, -0.86426, 0.22889, -0.44543, 0.80, 0.80, 0.80, 1.00, 0.5597, 0.37925
963, 301, 0.38694, 7.57413, 0.61087, -0.98491, -0.14275, -0.08569, 0.80, 0.80, 0.80, 1.00, 0.48703, 0.40128
964, 300, 0.37019, 7.68685, 0.61594, -0.99736, 0.0472, -0.02852, 0.80, 0.80, 0.80, 1.00, 0.51356, 0.37896
965, 317, 0.40593, 7.79095, 0.41606, -0.86426, 0.22889, -0.44543, 0.80, 0.80, 0.80, 1.00, 0.5597, 0.37925
966, 312, 0.66496, 8.38492, 0.77736, -0.48739, 0.87276, -0.00753, 0.80, 0.80, 0.80, 1.00, 0.55127, 0.16103
967, 311, 0.7967, 8.41439, 0.81232, -0.05749, 0.9814, 0.18267, 0.80, 0.80, 0.80, 1.00, 0.55016, 0.18074
968, 318, 0.80796, 8.39743, 0.68747, -0.12941, 0.91864, -0.37221, 0.80, 0.80, 0.80, 1.00, 0.579, 0.18414
969, 313, 0.5545, 8.29626, 0.71672, -0.59305, 0.79989, -0.08656, 0.80, 0.80, 0.80, 1.00, 0.55127, 0.14899
970, 312, 0.66496, 8.38492, 0.77736, -0.48739, 0.87276, -0.00753, 0.80, 0.80, 0.80, 1.00, 0.55127, 0.16103
971, 319, 0.72954, 8.30106, 0.58721, -0.23186, 0.80276, -0.54821, 0.80, 0.80, 0.80, 1.00, 0.60997, 0.17511
972, 319, 0.72954, 8.30106, 0.58721, -0.23186, 0.80276, -0.54821, 0.80, 0.80, 0.80, 1.00, 0.60997, 0.17511
973, 312, 0.66496, 8.38492, 0.77736, -0.48739, 0.87276, -0.00753, 0.80, 0.80, 0.80, 1.00, 0.55127, 0.16103
974, 318, 0.80796, 8.39743, 0.68747, -0.12941, 0.91864, -0.37221, 0.80, 0.80, 0.80, 1.00, 0.579, 0.18414
975, 315, 0.45011, 8.12974, 0.61295, -0.82701, 0.48501, -0.28095, 0.80, 0.80, 0.80, 1.00, 0.54659, 0.28123
976, 314, 0.5545, 8.29626, 0.71672, -0.83416, 0.54315, -0.08666, 0.80, 0.80, 0.80, 1.00, 0.55034, 0.22487
977, 320, 0.72954, 8.30106, 0.58721, -0.32661, 0.6806, -0.65457, 0.80, 0.80, 0.80, 1.00, 0.58419, 0.22272
978, 315, 0.45011, 8.12974, 0.61295, -0.82701, 0.48501, -0.28095, 0.80, 0.80, 0.80, 1.00, 0.54659, 0.28123
979, 320, 0.72954, 8.30106, 0.58721, -0.32661, 0.6806, -0.65457, 0.80, 0.80, 0.80, 1.00, 0.58419, 0.22272
980, 321, 0.62719, 8.1462, 0.46273, -0.37839, 0.58015, -0.71998, 0.80, 0.80, 0.80, 1.00, 0.58059, 0.27908
981, 316, 0.43804, 8.00958, 0.54428, -0.87037, 0.35374, -0.33945, 0.80, 0.80, 0.80, 1.00, 0.55114, 0.31553
982, 315, 0.45011, 8.12974, 0.61295, -0.82701, 0.48501, -0.28095, 0.80, 0.80, 0.80, 1.00, 0.54659, 0.28123
983, 321, 0.62719, 8.1462, 0.46273, -0.37839, 0.58015, -0.71998, 0.80, 0.80, 0.80, 1.00, 0.58059, 0.27908
984, 316, 0.43804, 8.00958, 0.54428, -0.87037, 0.35374, -0.33945, 0.80, 0.80, 0.80, 1.00, 0.55114, 0.31553
985, 321, 0.62719, 8.1462, 0.46273, -0.37839, 0.58015, -0.71998, 0.80, 0.80, 0.80, 1.00, 0.58059, 0.27908
986, 322, 0.56507, 8.02798, 0.40672, -0.45944, 0.46974, -0.75245, 0.80, 0.80, 0.80, 1.00, 0.57904, 0.31584
987, 317, 0.40593, 7.79095, 0.41606, -0.86426, 0.22889, -0.44543, 0.80, 0.80, 0.80, 1.00, 0.5597, 0.37925
988, 316, 0.43804, 8.00958, 0.54428, -0.87037, 0.35374, -0.33945, 0.80, 0.80, 0.80, 1.00, 0.55114, 0.31553
989, 322, 0.56507, 8.02798, 0.40672, -0.45944, 0.46974, -0.75245, 0.80, 0.80, 0.80, 1.00, 0.57904, 0.31584
990, 317, 0.40593, 7.79095, 0.41606, -0.86426, 0.22889, -0.44543, 0.80, 0.80, 0.80, 1.00, 0.5597, 0.37925
991, 322, 0.56507, 8.02798, 0.40672, -0.45944, 0.46974, -0.75245, 0.80, 0.80, 0.80, 1.00, 0.57904, 0.31584
992, 323, 0.55758, 7.81382, 0.31315, -0.3016, 0.37975, -0.8733, 0.80, 0.80, 0.80, 1.00, 0.5884, 0.37215
993, 324, 0.77846, 7.96589, 0.33786, 0.03215, 0.36104, -0.93084, 0.80, 0.80, 0.80, 1.00, 0.60972, 0.31473
994, 323, 0.55758, 7.81382, 0.31315, -0.3016, 0.37975, -0.8733, 0.80, 0.80, 0.80, 1.00, 0.5884, 0.37215
995, 322, 0.56507, 8.02798, 0.40672, -0.45944, 0.46974, -0.75245, 0.80, 0.80, 0.80, 1.00, 0.57904, 0.31584
996, 323, 0.55758, 7.81382, 0.31315, -0.3016, 0.37975, -0.8733, 0.80, 0.80, 0.80, 1.00, 0.5884, 0.37215
997, 324, 0.77846, 7.96589, 0.33786, 0.03215, 0.36104, -0.93084, 0.80, 0.80, 0.80, 1.00, 0.60972, 0.31473
998, 325, 0.70384, 7.77961, 0.27534, 0.01292, 0.31345, -0.94837, 0.80, 0.80, 0.80, 1.00, 0.61158, 0.36739
999, 324, 0.77846, 7.96589, 0.33786, 0.03215, 0.36104, -0.93084, 0.80, 0.80, 0.80, 1.00, 0.60972, 0.31473
1000, 322, 0.56507, 8.02798, 0.40672, -0.45944, 0.46974, -0.75245, 0.80, 0.80, 0.80, 1.00, 0.57904, 0.31584
1001, 321, 0.62719, 8.1462, 0.46273, -0.37839, 0.58015, -0.71998, 0.80, 0.80, 0.80, 1.00, 0.58059, 0.27908
1002, 324, 0.77846, 7.96589, 0.33786, 0.03215, 0.36104, -0.93084, 0.80, 0.80, 0.80, 1.00, 0.60972, 0.31473
1003, 321, 0.62719, 8.1462, 0.46273, -0.37839, 0.58015, -0.71998, 0.80, 0.80, 0.80, 1.00, 0.58059, 0.27908
1004, 326, 0.83991, 8.116, 0.40075, 0.09356, 0.50735, -0.85549, 0.80, 0.80, 0.80, 1.00, 0.60881, 0.27062
1005, 326, 0.83991, 8.116, 0.40075, 0.09356, 0.50735, -0.85549, 0.80, 0.80, 0.80, 1.00, 0.60881, 0.27062
1006, 321, 0.62719, 8.1462, 0.46273, -0.37839, 0.58015, -0.71998, 0.80, 0.80, 0.80, 1.00, 0.58059, 0.27908
1007, 320, 0.72954, 8.30106, 0.58721, -0.32661, 0.6806, -0.65457, 0.80, 0.80, 0.80, 1.00, 0.58419, 0.22272
1008, 326, 0.83991, 8.116, 0.40075, 0.09356, 0.50735, -0.85549, 0.80, 0.80, 0.80, 1.00, 0.60881, 0.27062
1009, 320, 0.72954, 8.30106, 0.58721, -0.32661, 0.6806, -0.65457, 0.80, 0.80, 0.80, 1.00, 0.58419, 0.22272
1010, 327, 0.91297, 8.28208, 0.51767, 0.10788, 0.54016, -0.83346, 0.80, 0.80, 0.80, 1.00, 0.60935, 0.21549
1011, 328, 0.91297, 8.28208, 0.51767, 0.21279, 0.76238, -0.61, 0.80, 0.80, 0.80, 1.00, 0.6094, 0.21557
1012, 319, 0.72954, 8.30106, 0.58721, -0.23186, 0.80276, -0.54821, 0.80, 0.80, 0.80, 1.00, 0.60997, 0.17511
1013, 329, 0.96175, 8.37637, 0.6523, 0.27627, 0.87428, -0.3979, 0.80, 0.80, 0.80, 1.00, 0.58422, 0.22302
1014, 329, 0.96175, 8.37637, 0.6523, 0.27627, 0.87428, -0.3979, 0.80, 0.80, 0.80, 1.00, 0.58422, 0.22302
1015, 319, 0.72954, 8.30106, 0.58721, -0.23186, 0.80276, -0.54821, 0.80, 0.80, 0.80, 1.00, 0.60997, 0.17511
1016, 318, 0.80796, 8.39743, 0.68747, -0.12941, 0.91864, -0.37221, 0.80, 0.80, 0.80, 1.00, 0.579, 0.18414
1017, 329, 0.96175, 8.37637, 0.6523, 0.27627, 0.87428, -0.3979, 0.80, 0.80, 0.80, 1.00, 0.58422, 0.22302
1018, 311, 0.7967, 8.41439, 0.81232, -0.05749, 0.9814, 0.18267, 0.80, 0.80, 0.80, 1.00, 0.55016, 0.18074
1019, 310, 0.97949, 8.37873, 0.81023, 0.35477, 0.88356, 0.30484, 0.80, 0.80, 0.80, 1.00, 0.55016, 0.22415
1020, 311, 0.7967, 8.41439, 0.81232, -0.05749, 0.9814, 0.18267, 0.80, 0.80, 0.80, 1.00, 0.55016, 0.18074
1021, 329, 0.96175, 8.37637, 0.6523, 0.27627, 0.87428, -0.3979, 0.80, 0.80, 0.80, 1.00, 0.58422, 0.22302
1022, 318, 0.80796, 8.39743, 0.68747, -0.12941, 0.91864, -0.37221, 0.80, 0.80, 0.80, 1.00, 0.579, 0.18414
1023, 1, 0.7697, 7.69228, 1.18934, 0.02265, -0.22322, 0.97336, 0.80, 0.80, 0.80, 1.00, 0.44849, 0.00096
1024, 0, 0.70681, 7.53026, 1.15366, -0.02884, -0.35291, 0.93406, 0.80, 0.80, 0.80, 1.00, 0.44849, 0.14128
1025, 330, 0.94672, 7.6581, 1.11992, 0.4373, -0.49689, 0.74822, 0.80, 0.80, 0.80, 1.00, 0.64421, 0.00096
1026, 330, 0.94672, 7.6581, 1.11992, 0.4373, -0.49689, 0.74822, 0.80, 0.80, 0.80, 1.00, 0.64421, 0.00096
1027, 0, 0.70681, 7.53026, 1.15366, -0.02884, -0.35291, 0.93406, 0.80, 0.80, 0.80, 1.00, 0.44849, 0.14128
1028, 331, 0.93214, 7.53294, 1.02045, 0.49673, -0.57471, 0.64893, 0.80, 0.80, 0.80, 1.00, 0.68555, 0.13161
1029, 330, 0.94672, 7.6581, 1.11992, 0.4373, -0.49689, 0.74822, 0.80, 0.80, 0.80, 1.00, 0.64421, 0.00096
1030, 331, 0.93214, 7.53294, 1.02045, 0.49673, -0.57471, 0.64893, 0.80, 0.80, 0.80, 1.00, 0.68555, 0.13161
1031, 332, 1.02453, 7.61656, 1.00827, 0.57554, -0.54875, 0.60475, 0.80, 0.80, 0.80, 1.00, 0.74824, 0.07275
1032, 333, 1.65136, 3.69588, -1.18792, 0.04924, -0.99828, -0.02329, 0.80, 0.80, 0.80, 1.00, 0.08136, 0.13403
1033, 334, 2.06235, 3.71631, -1.03104, 0.08488, -0.99518, -0.04383, 0.80, 0.80, 0.80, 1.00, 0.17143, 0.09234
1034, 335, 1.90124, 3.69776, -0.91353, 0.05104, -0.99766, -0.03988, 0.80, 0.80, 0.80, 1.00, 0.12471, 0.08883
1035, 336, 1.82055, 3.70279, -1.2717, 0.0915, -0.99489, -0.0364, 0.80, 0.80, 0.80, 1.00, 0.12373, 0.13903
1036, 334, 2.06235, 3.71631, -1.03104, 0.08488, -0.99518, -0.04383, 0.80, 0.80, 0.80, 1.00, 0.17143, 0.09234
1037, 333, 1.65136, 3.69588, -1.18792, 0.04924, -0.99828, -0.02329, 0.80, 0.80, 0.80, 1.00, 0.08136, 0.13403
1038, 333, 1.65136, 3.69588, -1.18792, 0.04924, -0.99828, -0.02329, 0.80, 0.80, 0.80, 1.00, 0.08136, 0.13403
1039, 335, 1.90124, 3.69776, -0.91353, 0.05104, -0.99766, -0.03988, 0.80, 0.80, 0.80, 1.00, 0.12471, 0.08883
1040, 337, 1.71655, 3.69129, -0.87418, 0.0304, -0.99908, -0.02108, 0.80, 0.80, 0.80, 1.00, 0.07377, 0.08963
1041, 334, 2.06235, 3.71631, -1.03104, 0.08488, -0.99518, -0.04383, 0.80, 0.80, 0.80, 1.00, 0.17143, 0.09234
1042, 336, 1.82055, 3.70279, -1.2717, 0.0915, -0.99489, -0.0364, 0.80, 0.80, 0.80, 1.00, 0.12373, 0.13903
1043, 338, 2.016, 3.72901, -1.26001, 0.137, -0.98687, -0.08255, 0.80, 0.80, 0.80, 1.00, 0.16611, 0.12918
1044, 339, 1.95912, 4.27037, -0.92972, 0.54909, 0.22524, 0.80361, 0.80, 0.80, 0.80, 1.00, 0.13161, 0.00331
1045, 340, 2.06675, 4.00987, -0.97014, 0.68766, 0.08338, 0.71979, 0.80, 0.80, 0.80, 1.00, 0.17579, 0.04419
1046, 341, 2.01161, 4.27755, -0.99232, 0.73752, 0.2056, 0.64175, 0.80, 0.80, 0.80, 1.00, 0.17648, 0.0044
1047, 342, 1.90308, 3.98844, -0.82686, 0.44736, 0.07776, 0.88977, 0.80, 0.80, 0.80, 1.00, 0.12673, 0.04318
1048, 340, 2.06675, 4.00987, -0.97014, 0.68766, 0.08338, 0.71979, 0.80, 0.80, 0.80, 1.00, 0.17579, 0.04419
1049, 339, 1.95912, 4.27037, -0.92972, 0.54909, 0.22524, 0.80361, 0.80, 0.80, 0.80, 1.00, 0.13161, 0.00331
1050, 343, 1.90506, 4.25206, -1.17114, -0.21189, 0.52963, -0.82022, 0.80, 0.80, 0.80, 1.00, 0.27177, 0.00674
1051, 344, 1.61168, 3.99488, -1.21156, -0.42992, 0.40855, -0.80389, 0.80, 0.80, 0.80, 1.00, 0.32124, 0.0475
1052, 345, 1.75395, 4.25099, -1.10345, -0.35096, 0.5231, -0.77546, 0.80, 0.80, 0.80, 1.00, 0.31673, 0.00658
1053, 346, 1.78692, 4.00253, -1.30916, -0.18699, 0.31326, -0.92996, 0.80, 0.80, 0.80, 1.00, 0.27484, 0.04949
1054, 344, 1.61168, 3.99488, -1.21156, -0.42992, 0.40855, -0.80389, 0.80, 0.80, 0.80, 1.00, 0.32124, 0.0475
1055, 343, 1.90506, 4.25206, -1.17114, -0.21189, 0.52963, -0.82022, 0.80, 0.80, 0.80, 1.00, 0.27177, 0.00674
1056, 347, 1.79788, 4.26697, -0.89206, 0.19094, 0.2919, 0.93618, 0.80, 0.80, 0.80, 1.00, 0.06758, 0.0022
1057, 342, 1.90308, 3.98844, -0.82686, 0.44736, 0.07776, 0.88977, 0.80, 0.80, 0.80, 1.00, 0.12673, 0.04318
1058, 339, 1.95912, 4.27037, -0.92972, 0.54909, 0.22524, 0.80361, 0.80, 0.80, 0.80, 1.00, 0.13161, 0.00331
1059, 348, 1.70752, 3.9824, -0.78954, 0.18456, 0.02838, 0.98133, 0.80, 0.80, 0.80, 1.00, 0.06962, 0.04232
1060, 342, 1.90308, 3.98844, -0.82686, 0.44736, 0.07776, 0.88977, 0.80, 0.80, 0.80, 1.00, 0.12673, 0.04318
1061, 347, 1.79788, 4.26697, -0.89206, 0.19094, 0.2919, 0.93618, 0.80, 0.80, 0.80, 1.00, 0.06758, 0.0022
1062, 349, 1.75395, 4.25099, -1.10345, -0.9052, 0.37821, 0.18951, 0.80, 0.80, 0.80, 1.00, 0.00909, 0.00308
1063, 350, 1.70752, 3.9824, -0.78954, -0.94839, 0.23923, 0.20392, 0.80, 0.80, 0.80, 1.00, 0.06953, 0.04232
1064, 351, 1.79788, 4.26697, -0.89206, -0.92046, 0.35199, 0.16485, 0.80, 0.80, 0.80, 1.00, 0.06744, 0.00219
1065, 352, 1.61168, 3.99488, -1.21156, -0.96816, 0.10328, 0.22409, 0.80, 0.80, 0.80, 1.00, 0.00573, 0.04991
1066, 350, 1.70752, 3.9824, -0.78954, -0.94839, 0.23923, 0.20392, 0.80, 0.80, 0.80, 1.00, 0.06953, 0.04232
1067, 349, 1.75395, 4.25099, -1.10345, -0.9052, 0.37821, 0.18951, 0.80, 0.80, 0.80, 1.00, 0.00909, 0.00308
1068, 353, 1.98004, 4.27824, -1.14588, 0.11139, 0.44762, -0.88623, 0.80, 0.80, 0.80, 1.00, 0.22293, 0.00477
1069, 346, 1.78692, 4.00253, -1.30916, -0.18699, 0.31326, -0.92996, 0.80, 0.80, 0.80, 1.00, 0.27484, 0.04949
1070, 343, 1.90506, 4.25206, -1.17114, -0.21189, 0.52963, -0.82022, 0.80, 0.80, 0.80, 1.00, 0.27177, 0.00674
1071, 354, 1.99803, 4.02941, -1.27824, 0.12133, 0.21455, -0.9681, 0.80, 0.80, 0.80, 1.00, 0.22844, 0.04552
1072, 346, 1.78692, 4.00253, -1.30916, -0.18699, 0.31326, -0.92996, 0.80, 0.80, 0.80, 1.00, 0.27484, 0.04949
1073, 353, 1.98004, 4.27824, -1.14588, 0.11139, 0.44762, -0.88623, 0.80, 0.80, 0.80, 1.00, 0.22293, 0.00477
1074, 355, 2.01161, 4.27755, -0.99232, 0.96253, 0.17825, -0.2002, 0.80, 0.80, 0.80, 1.00, 0.17658, 0.0044
1075, 356, 1.99803, 4.02941, -1.27824, 0.9719, 0.1015, -0.20824, 0.80, 0.80, 0.80, 1.00, 0.22837, 0.04551
1076, 357, 1.98004, 4.27824, -1.14588, 0.9637, 0.17496, -0.1974, 0.80, 0.80, 0.80, 1.00, 0.22281, 0.00477
1077, 358, 2.06675, 4.00987, -0.97014, 0.9749, 0.02674, -0.21701, 0.80, 0.80, 0.80, 1.00, 0.17578, 0.04431
1078, 356, 1.99803, 4.02941, -1.27824, 0.9719, 0.1015, -0.20824, 0.80, 0.80, 0.80, 1.00, 0.22837, 0.04551
1079, 355, 2.01161, 4.27755, -0.99232, 0.96253, 0.17825, -0.2002, 0.80, 0.80, 0.80, 1.00, 0.17658, 0.0044
1080, 342, 1.90308, 3.98844, -0.82686, 0.44736, 0.07776, 0.88977, 0.80, 0.80, 0.80, 1.00, 0.12673, 0.04318
1081, 359, 2.05367, 3.81832, -0.98593, 0.6714, -0.14769, 0.72475, 0.80, 0.80, 0.80, 1.00, 0.172, 0.07336
1082, 340, 2.06675, 4.00987, -0.97014, 0.68766, 0.08338, 0.71979, 0.80, 0.80, 0.80, 1.00, 0.17579, 0.04419
1083, 360, 1.89941, 3.79755, -0.84539, 0.42986, -0.27323, 0.85932, 0.80, 0.80, 0.80, 1.00, 0.12388, 0.07229
1084, 359, 2.05367, 3.81832, -0.98593, 0.6714, -0.14769, 0.72475, 0.80, 0.80, 0.80, 1.00, 0.172, 0.07336
1085, 342, 1.90308, 3.98844, -0.82686, 0.44736, 0.07776, 0.88977, 0.80, 0.80, 0.80, 1.00, 0.12673, 0.04318
1086, 346, 1.78692, 4.00253, -1.30916, -0.18699, 0.31326, -0.92996, 0.80, 0.80, 0.80, 1.00, 0.27484, 0.04949
1087, 361, 1.61614, 3.80514, -1.23239, -0.4871, -0.09584, -0.86686, 0.80, 0.80, 0.80, 1.00, 0.32207, 0.07652
1088, 344, 1.61168, 3.99488, -1.21156, -0.42992, 0.40855, -0.80389, 0.80, 0.80, 0.80, 1.00, 0.32124, 0.0475
1089, 362, 1.78209, 3.81231, -1.32727, -0.14595, -0.20315, -0.96717, 0.80, 0.80, 0.80, 1.00, 0.27439, 0.07848
1090, 361, 1.61614, 3.80514, -1.23239, -0.4871, -0.09584, -0.86686, 0.80, 0.80, 0.80, 1.00, 0.32207, 0.07652
1091, 346, 1.78692, 4.00253, -1.30916, -0.18699, 0.31326, -0.92996, 0.80, 0.80, 0.80, 1.00, 0.27484, 0.04949
1092, 348, 1.70752, 3.9824, -0.78954, 0.18456, 0.02838, 0.98133, 0.80, 0.80, 0.80, 1.00, 0.06962, 0.04232
1093, 360, 1.89941, 3.79755, -0.84539, 0.42986, -0.27323, 0.85932, 0.80, 0.80, 0.80, 1.00, 0.12388, 0.07229
1094, 342, 1.90308, 3.98844, -0.82686, 0.44736, 0.07776, 0.88977, 0.80, 0.80, 0.80, 1.00, 0.12673, 0.04318
1095, 363, 1.71326, 3.79209, -0.81081, 0.18676, -0.40123, 0.89562, 0.80, 0.80, 0.80, 1.00, 0.0705, 0.0715
1096, 360, 1.89941, 3.79755, -0.84539, 0.42986, -0.27323, 0.85932, 0.80, 0.80, 0.80, 1.00, 0.12388, 0.07229
1097, 348, 1.70752, 3.9824, -0.78954, 0.18456, 0.02838, 0.98133, 0.80, 0.80, 0.80, 1.00, 0.06962, 0.04232
1098, 352, 1.61168, 3.99488, -1.21156, -0.96816, 0.10328, 0.22409, 0.80, 0.80, 0.80, 1.00, 0.00573, 0.04991
1099, 364, 1.71326, 3.79209, -0.81081, -0.97049, -0.08986, 0.21983, 0.80, 0.80, 0.80, 1.00, 0.0705, 0.0714
1100, 350, 1.70752, 3.9824, -0.78954, -0.94839, 0.23923, 0.20392, 0.80, 0.80, 0.80, 1.00, 0.06953, 0.04232
1101, 365, 1.61614, 3.80514, -1.23239, -0.9651, -0.14827, 0.21187, 0.80, 0.80, 0.80, 1.00, 0.0081, 0.07893
1102, 364, 1.71326, 3.79209, -0.81081, -0.97049, -0.08986, 0.21983, 0.80, 0.80, 0.80, 1.00, 0.0705, 0.0714
1103, 352, 1.61168, 3.99488, -1.21156, -0.96816, 0.10328, 0.22409, 0.80, 0.80, 0.80, 1.00, 0.00573, 0.04991
1104, 354, 1.99803, 4.02941, -1.27824, 0.12133, 0.21455, -0.9681, 0.80, 0.80, 0.80, 1.00, 0.22844, 0.04552
1105, 362, 1.78209, 3.81231, -1.32727, -0.14595, -0.20315, -0.96717, 0.80, 0.80, 0.80, 1.00, 0.27439, 0.07848
1106, 346, 1.78692, 4.00253, -1.30916, -0.18699, 0.31326, -0.92996, 0.80, 0.80, 0.80, 1.00, 0.27484, 0.04949
1107, 366, 1.98393, 3.83806, -1.29371, 0.1523, -0.20012, -0.96686, 0.80, 0.80, 0.80, 1.00, 0.22639, 0.07458
1108, 362, 1.78209, 3.81231, -1.32727, -0.14595, -0.20315, -0.96717, 0.80, 0.80, 0.80, 1.00, 0.27439, 0.07848
1109, 354, 1.99803, 4.02941, -1.27824, 0.12133, 0.21455, -0.9681, 0.80, 0.80, 0.80, 1.00, 0.22844, 0.04552
1110, 358, 2.06675, 4.00987, -0.97014, 0.9749, 0.02674, -0.21701, 0.80, 0.80, 0.80, 1.00, 0.17578, 0.04431
1111, 367, 1.98393, 3.83806, -1.29371, 0.97444, 0.03921, -0.2172, 0.80, 0.80, 0.80, 1.00, 0.22633, 0.07458
1112, 356, 1.99803, 4.02941, -1.27824, 0.9719, 0.1015, -0.20824, 0.80, 0.80, 0.80, 1.00, 0.22837, 0.04551
1113, 368, 2.05367, 3.81832, -0.98593, 0.97124, 0.1127, -0.20558, 0.80, 0.80, 0.80, 1.00, 0.17202, 0.07336
1114, 367, 1.98393, 3.83806, -1.29371, 0.97444, 0.03921, -0.2172, 0.80, 0.80, 0.80, 1.00, 0.22633, 0.07458
1115, 358, 2.06675, 4.00987, -0.97014, 0.9749, 0.02674, -0.21701, 0.80, 0.80, 0.80, 1.00, 0.17578, 0.04431
1116, 360, 1.89941, 3.79755, -0.84539, 0.42986, -0.27323, 0.85932, 0.80, 0.80, 0.80, 1.00, 0.12388, 0.07229
1117, 369, 2.06235, 3.71631, -1.03104, 0.61724, -0.35913, 0.69857, 0.80, 0.80, 0.80, 1.00, 0.17143, 0.0923
1118, 359, 2.05367, 3.81832, -0.98593, 0.6714, -0.14769, 0.72475, 0.80, 0.80, 0.80, 1.00, 0.172, 0.07336
1119, 370, 1.90124, 3.69776, -0.91353, 0.31209, -0.52065, 0.79351, 0.80, 0.80, 0.80, 1.00, 0.12403, 0.08898
1120, 369, 2.06235, 3.71631, -1.03104, 0.61724, -0.35913, 0.69857, 0.80, 0.80, 0.80, 1.00, 0.17143, 0.0923
1121, 360, 1.89941, 3.79755, -0.84539, 0.42986, -0.27323, 0.85932, 0.80, 0.80, 0.80, 1.00, 0.12388, 0.07229
1122, 362, 1.78209, 3.81231, -1.32727, -0.14595, -0.20315, -0.96717, 0.80, 0.80, 0.80, 1.00, 0.27439, 0.07848
1123, 371, 1.65136, 3.69588, -1.18792, -0.39438, -0.48853, -0.7773, 0.80, 0.80, 0.80, 1.00, 0.31885, 0.09196
1124, 361, 1.61614, 3.80514, -1.23239, -0.4871, -0.09584, -0.86686, 0.80, 0.80, 0.80, 1.00, 0.32207, 0.07652
1125, 372, 1.82055, 3.70279, -1.2717, -0.02398, -0.40787, -0.91178, 0.80, 0.80, 0.80, 1.00, 0.27475, 0.09369
1126, 371, 1.65136, 3.69588, -1.18792, -0.39438, -0.48853, -0.7773, 0.80, 0.80, 0.80, 1.00, 0.31885, 0.09196
1127, 362, 1.78209, 3.81231, -1.32727, -0.14595, -0.20315, -0.96717, 0.80, 0.80, 0.80, 1.00, 0.27439, 0.07848
1128, 363, 1.71326, 3.79209, -0.81081, 0.18676, -0.40123, 0.89562, 0.80, 0.80, 0.80, 1.00, 0.0705, 0.0715
1129, 370, 1.90124, 3.69776, -0.91353, 0.31209, -0.52065, 0.79351, 0.80, 0.80, 0.80, 1.00, 0.12403, 0.08898
1130, 360, 1.89941, 3.79755, -0.84539, 0.42986, -0.27323, 0.85932, 0.80, 0.80, 0.80, 1.00, 0.12388, 0.07229
1131, 373, 1.71655, 3.69129, -0.87418, 0.19526, -0.51747, 0.83202, 0.80, 0.80, 0.80, 1.00, 0.07376, 0.08962
1132, 370, 1.90124, 3.69776, -0.91353, 0.31209, -0.52065, 0.79351, 0.80, 0.80, 0.80, 1.00, 0.12403, 0.08898
1133, 363, 1.71326, 3.79209, -0.81081, 0.18676, -0.40123, 0.89562, 0.80, 0.80, 0.80, 1.00, 0.0705, 0.0715
1134, 365, 1.61614, 3.80514, -1.23239, -0.9651, -0.14827, 0.21187, 0.80, 0.80, 0.80, 1.00, 0.0081, 0.07893
1135, 374, 1.71655, 3.69129, -0.87418, -0.95749, -0.19812, 0.20562, 0.80, 0.80, 0.80, 1.00, 0.0737, 0.08961
1136, 364, 1.71326, 3.79209, -0.81081, -0.97049, -0.08986, 0.21983, 0.80, 0.80, 0.80, 1.00, 0.0705, 0.0714
1137, 375, 1.65136, 3.69588, -1.18792, -0.95303, -0.22836, 0.19477, 0.80, 0.80, 0.80, 1.00, 0.00648, 0.09305
1138, 374, 1.71655, 3.69129, -0.87418, -0.95749, -0.19812, 0.20562, 0.80, 0.80, 0.80, 1.00, 0.0737, 0.08961
1139, 365, 1.61614, 3.80514, -1.23239, -0.9651, -0.14827, 0.21187, 0.80, 0.80, 0.80, 1.00, 0.0081, 0.07893
1140, 366, 1.98393, 3.83806, -1.29371, 0.1523, -0.20012, -0.96686, 0.80, 0.80, 0.80, 1.00, 0.22639, 0.07458
1141, 372, 1.82055, 3.70279, -1.2717, -0.02398, -0.40787, -0.91178, 0.80, 0.80, 0.80, 1.00, 0.27475, 0.09369
1142, 362, 1.78209, 3.81231, -1.32727, -0.14595, -0.20315, -0.96717, 0.80, 0.80, 0.80, 1.00, 0.27439, 0.07848
1143, 376, 2.016, 3.72901, -1.26001, 0.09342, -0.26907, -0.9576, 0.80, 0.80, 0.80, 1.00, 0.22155, 0.09023
1144, 372, 1.82055, 3.70279, -1.2717, -0.02398, -0.40787, -0.91178, 0.80, 0.80, 0.80, 1.00, 0.27475, 0.09369
1145, 366, 1.98393, 3.83806, -1.29371, 0.1523, -0.20012, -0.96686, 0.80, 0.80, 0.80, 1.00, 0.22639, 0.07458
1146, 368, 2.05367, 3.81832, -0.98593, 0.97124, 0.1127, -0.20558, 0.80, 0.80, 0.80, 1.00, 0.17202, 0.07336
1147, 377, 2.016, 3.72901, -1.26001, 0.96105, 0.19195, -0.19457, 0.80, 0.80, 0.80, 1.00, 0.22148, 0.09023
1148, 367, 1.98393, 3.83806, -1.29371, 0.97444, 0.03921, -0.2172, 0.80, 0.80, 0.80, 1.00, 0.22633, 0.07458
1149, 378, 2.06235, 3.71631, -1.03104, 0.96752, 0.16529, -0.18679, 0.80, 0.80, 0.80, 1.00, 0.17145, 0.0923
1150, 377, 2.016, 3.72901, -1.26001, 0.96105, 0.19195, -0.19457, 0.80, 0.80, 0.80, 1.00, 0.22148, 0.09023
1151, 368, 2.05367, 3.81832, -0.98593, 0.97124, 0.1127, -0.20558, 0.80, 0.80, 0.80, 1.00, 0.17202, 0.07336
1152, 379, 1.6835, 5.18571, -1.14451, 0.69036, 0.31662, 0.64934, 0.80, 0.80, 0.80, 1.00, 0.81563, 0.00882
1153, 380, 1.89714, 4.91447, -1.23967, 0.93991, 0.24802, 0.23126, 0.80, 0.80, 0.80, 1.00, 0.84986, 0.04749
1154, 381, 1.84273, 5.19882, -1.28053, 0.96947, 0.20463, 0.12897, 0.80, 0.80, 0.80, 1.00, 0.85038, 0.00812
1155, 382, 1.75276, 4.92262, -1.04497, 0.74111, 0.36534, 0.562, 0.80, 0.80, 0.80, 1.00, 0.81401, 0.04676
1156, 380, 1.89714, 4.91447, -1.23967, 0.93991, 0.24802, 0.23126, 0.80, 0.80, 0.80, 1.00, 0.84986, 0.04749
1157, 379, 1.6835, 5.18571, -1.14451, 0.69036, 0.31662, 0.64934, 0.80, 0.80, 0.80, 1.00, 0.81563, 0.00882
1158, 383, 1.59536, 5.08454, -1.58023, -0.25569, -0.15172, -0.95387, 0.80, 0.80, 0.80, 1.00, 0.89628, 0.0081
1159, 384, 1.39378, 4.75113, -1.41302, -0.83, -0.42909, -0.35448, 0.80, 0.80, 0.80, 1.00, 0.92383, 0.04943
1160, 385, 1.33343, 5.06291, -1.46005, -0.95657, -0.21444, -0.19332, 0.80, 0.80, 0.80, 1.00, 0.92295, 0.00834
1161, 386, 1.65119, 4.76479, -1.55176, -0.0345, -0.30835, -0.94982, 0.80, 0.80, 0.80, 1.00, 0.89729, 0.04995
1162, 384, 1.39378, 4.75113, -1.41302, -0.83, -0.42909, -0.35448, 0.80, 0.80, 0.80, 1.00, 0.92383, 0.04943
1163, 383, 1.59536, 5.08454, -1.58023, -0.25569, -0.15172, -0.95387, 0.80, 0.80, 0.80, 1.00, 0.89628, 0.0081
1164, 387, 1.40374, 5.1504, -1.07827, -0.35056, 0.16269, 0.92136, 0.80, 0.80, 0.80, 1.00, 0.95474, 0.00771
1165, 388, 1.75276, 4.92262, -1.04497, 0.05136, 0.23452, 0.9699, 0.80, 0.80, 0.80, 1.00, 0.98858, 0.04646
1166, 389, 1.6835, 5.18571, -1.14451, 0.16582, 0.38727, 0.90613, 0.80, 0.80, 0.80, 1.00, 0.9902, 0.00882
1167, 390, 1.45685, 4.87157, -1.039, -0.5864, -0.02291, 0.8086, 0.80, 0.80, 0.80, 1.00, 0.95589, 0.0481
1168, 388, 1.75276, 4.92262, -1.04497, 0.05136, 0.23452, 0.9699, 0.80, 0.80, 0.80, 1.00, 0.98858, 0.04646
1169, 387, 1.40374, 5.1504, -1.07827, -0.35056, 0.16269, 0.92136, 0.80, 0.80, 0.80, 1.00, 0.95474, 0.00771
1170, 385, 1.33343, 5.06291, -1.46005, -0.95657, -0.21444, -0.19332, 0.80, 0.80, 0.80, 1.00, 0.92295, 0.00834
1171, 390, 1.45685, 4.87157, -1.039, -0.5864, -0.02291, 0.8086, 0.80, 0.80, 0.80, 1.00, 0.95589, 0.0481
1172, 387, 1.40374, 5.1504, -1.07827, -0.35056, 0.16269, 0.92136, 0.80, 0.80, 0.80, 1.00, 0.95474, 0.00771
1173, 384, 1.39378, 4.75113, -1.41302, -0.83, -0.42909, -0.35448, 0.80, 0.80, 0.80, 1.00, 0.92383, 0.04943
1174, 390, 1.45685, 4.87157, -1.039, -0.5864, -0.02291, 0.8086, 0.80, 0.80, 0.80, 1.00, 0.95589, 0.0481
1175, 385, 1.33343, 5.06291, -1.46005, -0.95657, -0.21444, -0.19332, 0.80, 0.80, 0.80, 1.00, 0.92295, 0.00834
1176, 391, 1.79132, 5.14745, -1.56167, 0.51189, -0.00597, -0.85799, 0.80, 0.80, 0.80, 1.00, 0.87489, 0.00678
1177, 386, 1.65119, 4.76479, -1.55176, -0.0345, -0.30835, -0.94982, 0.80, 0.80, 0.80, 1.00, 0.89729, 0.04995
1178, 383, 1.59536, 5.08454, -1.58023, -0.25569, -0.15172, -0.95387, 0.80, 0.80, 0.80, 1.00, 0.89628, 0.0081
1179, 392, 1.85073, 4.83879, -1.51616, 0.76625, -0.10872, -0.6319, 0.80, 0.80, 0.80, 1.00, 0.87444, 0.04921
1180, 386, 1.65119, 4.76479, -1.55176, -0.0345, -0.30835, -0.94982, 0.80, 0.80, 0.80, 1.00, 0.89729, 0.04995
1181, 391, 1.79132, 5.14745, -1.56167, 0.51189, -0.00597, -0.85799, 0.80, 0.80, 0.80, 1.00, 0.87489, 0.00678
1182, 381, 1.84273, 5.19882, -1.28053, 0.96947, 0.20463, 0.12897, 0.80, 0.80, 0.80, 1.00, 0.85038, 0.00812
1183, 392, 1.85073, 4.83879, -1.51616, 0.76625, -0.10872, -0.6319, 0.80, 0.80, 0.80, 1.00, 0.87444, 0.04921
1184, 391, 1.79132, 5.14745, -1.56167, 0.51189, -0.00597, -0.85799, 0.80, 0.80, 0.80, 1.00, 0.87489, 0.00678
1185, 380, 1.89714, 4.91447, -1.23967, 0.93991, 0.24802, 0.23126, 0.80, 0.80, 0.80, 1.00, 0.84986, 0.04749
1186, 392, 1.85073, 4.83879, -1.51616, 0.76625, -0.10872, -0.6319, 0.80, 0.80, 0.80, 1.00, 0.87444, 0.04921
1187, 381, 1.84273, 5.19882, -1.28053, 0.96947, 0.20463, 0.12897, 0.80, 0.80, 0.80, 1.00, 0.85038, 0.00812
1188, 382, 1.75276, 4.92262, -1.04497, 0.74111, 0.36534, 0.562, 0.80, 0.80, 0.80, 1.00, 0.81401, 0.04676
1189, 393, 2.01161, 4.27755, -0.99232, 0.92461, 0.03833, 0.3764, 0.80, 0.80, 0.80, 1.00, 0.83237, 0.12965
1190, 380, 1.89714, 4.91447, -1.23967, 0.93991, 0.24802, 0.23126, 0.80, 0.80, 0.80, 1.00, 0.84986, 0.04749
1191, 394, 1.95912, 4.27037, -0.92972, 0.7625, 0.0423, 0.64399, 0.80, 0.80, 0.80, 1.00, 0.81382, 0.12904
1192, 393, 2.01161, 4.27755, -0.99232, 0.92461, 0.03833, 0.3764, 0.80, 0.80, 0.80, 1.00, 0.83237, 0.12965
1193, 382, 1.75276, 4.92262, -1.04497, 0.74111, 0.36534, 0.562, 0.80, 0.80, 0.80, 1.00, 0.81401, 0.04676
1194, 386, 1.65119, 4.76479, -1.55176, -0.0345, -0.30835, -0.94982, 0.80, 0.80, 0.80, 1.00, 0.89729, 0.04995
1195, 395, 1.75395, 4.25099, -1.10345, -0.68976, -0.42437, -0.58523, 0.80, 0.80, 0.80, 1.00, 0.92921, 0.13049
1196, 384, 1.39378, 4.75113, -1.41302, -0.83, -0.42909, -0.35448, 0.80, 0.80, 0.80, 1.00, 0.92383, 0.04943
1197, 396, 1.90506, 4.25206, -1.17114, -0.37839, -0.36295, -0.85045, 0.80, 0.80, 0.80, 1.00, 0.89311, 0.13102
1198, 395, 1.75395, 4.25099, -1.10345, -0.68976, -0.42437, -0.58523, 0.80, 0.80, 0.80, 1.00, 0.92921, 0.13049
1199, 397, 1.65119, 4.76479, -1.55176, -0.28344, -0.64372, -0.71018, 0.80, 0.80, 0.80, 1.00, 0.89732, 0.04996
1200, 390, 1.45685, 4.87157, -1.039, -0.5864, -0.02291, 0.8086, 0.80, 0.80, 0.80, 1.00, 0.95589, 0.0481
1201, 398, 1.95912, 4.27037, -0.92972, 0.12131, -0.05044, 0.99025, 0.80, 0.80, 0.80, 1.00, 0.99048, 0.13054
1202, 388, 1.75276, 4.92262, -1.04497, 0.05136, 0.23452, 0.9699, 0.80, 0.80, 0.80, 1.00, 0.98858, 0.04646
1203, 399, 1.79788, 4.26697, -0.89206, -0.72144, -0.30782, 0.61897, 0.80, 0.80, 0.80, 1.00, 0.95856, 0.1299
1204, 398, 1.95912, 4.27037, -0.92972, 0.12131, -0.05044, 0.99025, 0.80, 0.80, 0.80, 1.00, 0.99048, 0.13054
1205, 390, 1.45685, 4.87157, -1.039, -0.5864, -0.02291, 0.8086, 0.80, 0.80, 0.80, 1.00, 0.95589, 0.0481
1206, 384, 1.39378, 4.75113, -1.41302, -0.83, -0.42909, -0.35448, 0.80, 0.80, 0.80, 1.00, 0.92383, 0.04943
1207, 399, 1.79788, 4.26697, -0.89206, -0.72144, -0.30782, 0.61897, 0.80, 0.80, 0.80, 1.00, 0.95856, 0.1299
1208, 390, 1.45685, 4.87157, -1.039, -0.5864, -0.02291, 0.8086, 0.80, 0.80, 0.80, 1.00, 0.95589, 0.0481
1209, 395, 1.75395, 4.25099, -1.10345, -0.68976, -0.42437, -0.58523, 0.80, 0.80, 0.80, 1.00, 0.92921, 0.13049
1210, 399, 1.79788, 4.26697, -0.89206, -0.72144, -0.30782, 0.61897, 0.80, 0.80, 0.80, 1.00, 0.95856, 0.1299
1211, 384, 1.39378, 4.75113, -1.41302, -0.83, -0.42909, -0.35448, 0.80, 0.80, 0.80, 1.00, 0.92383, 0.04943
1212, 392, 1.85073, 4.83879, -1.51616, 0.76625, -0.10872, -0.6319, 0.80, 0.80, 0.80, 1.00, 0.87444, 0.04921
1213, 400, 1.90506, 4.25206, -1.17114, 0.31327, -0.23086, -0.92017, 0.80, 0.80, 0.80, 1.00, 0.89315, 0.131
1214, 386, 1.65119, 4.76479, -1.55176, -0.0345, -0.30835, -0.94982, 0.80, 0.80, 0.80, 1.00, 0.89729, 0.04995
1215, 401, 1.98004, 4.27824, -1.14588, 0.87147, -0.08577, -0.48107, 0.80, 0.80, 0.80, 1.00, 0.86425, 0.13012
1216, 400, 1.90506, 4.25206, -1.17114, 0.31327, -0.23086, -0.92017, 0.80, 0.80, 0.80, 1.00, 0.89315, 0.131
1217, 392, 1.85073, 4.83879, -1.51616, 0.76625, -0.10872, -0.6319, 0.80, 0.80, 0.80, 1.00, 0.87444, 0.04921
1218, 380, 1.89714, 4.91447, -1.23967, 0.93991, 0.24802, 0.23126, 0.80, 0.80, 0.80, 1.00, 0.84986, 0.04749
1219, 401, 1.98004, 4.27824, -1.14588, 0.87147, -0.08577, -0.48107, 0.80, 0.80, 0.80, 1.00, 0.86425, 0.13012
1220, 392, 1.85073, 4.83879, -1.51616, 0.76625, -0.10872, -0.6319, 0.80, 0.80, 0.80, 1.00, 0.87444, 0.04921
1221, 393, 2.01161, 4.27755, -0.99232, 0.92461, 0.03833, 0.3764, 0.80, 0.80, 0.80, 1.00, 0.83237, 0.12965
1222, 401, 1.98004, 4.27824, -1.14588, 0.87147, -0.08577, -0.48107, 0.80, 0.80, 0.80, 1.00, 0.86425, 0.13012
1223, 380, 1.89714, 4.91447, -1.23967, 0.93991, 0.24802, 0.23126, 0.80, 0.80, 0.80, 1.00, 0.84986, 0.04749
1224, 402, 1.66328, 6.5705, -0.6308, 0.93389, 0.30713, -0.17887, 0.80, 0.80, 0.80, 1.00, 0.99013, 0.19746
1225, 403, 1.57191, 6.44689, -1.07071, 0.92801, 0.236, -0.28546, 0.80, 0.80, 0.80, 1.00, 0.90, 0.24736
1226, 404, 1.5143, 6.78885, -1.03278, 0.46797, 0.62796, -0.62094, 0.80, 0.80, 0.80, 1.00, 0.87617, 0.20965
1227, 405, 1.67349, 6.24639, -0.83275, 0.94977, 0.20437, -0.23353, 0.80, 0.80, 0.80, 1.00, 0.99122, 0.2465
1228, 403, 1.57191, 6.44689, -1.07071, 0.92801, 0.236, -0.28546, 0.80, 0.80, 0.80, 1.00, 0.90, 0.24736
1229, 402, 1.66328, 6.5705, -0.6308, 0.93389, 0.30713, -0.17887, 0.80, 0.80, 0.80, 1.00, 0.99013, 0.19746
1230, 402, 1.66328, 6.5705, -0.6308, 0.93389, 0.30713, -0.17887, 0.80, 0.80, 0.80, 1.00, 0.99013, 0.19746
1231, 404, 1.5143, 6.78885, -1.03278, 0.46797, 0.62796, -0.62094, 0.80, 0.80, 0.80, 1.00, 0.87617, 0.20965
1232, 406, 1.43821, 7.04316, -0.66661, 0.71046, 0.63833, -0.29459, 0.80, 0.80, 0.80, 1.00, 0.89775, 0.14833
1233, 402, 1.66328, 6.5705, -0.6308, 0.93389, 0.30713, -0.17887, 0.80, 0.80, 0.80, 1.00, 0.99013, 0.19746
1234, 406, 1.43821, 7.04316, -0.66661, 0.71046, 0.63833, -0.29459, 0.80, 0.80, 0.80, 1.00, 0.89775, 0.14833
1235, 407, 1.55008, 6.87012, -0.39966, 0.90007, 0.42144, -0.10443, 0.80, 0.80, 0.80, 1.00, 0.99046, 0.14853
1236, 408, 1.55008, 6.87012, -0.39966, 0.73961, 0.57534, 0.34778, 0.80, 0.80, 0.80, 1.00, 0.73217, 0.10346
1237, 409, 1.43821, 7.04316, -0.66661, 0.45353, 0.88488, -0.10469, 0.80, 0.80, 0.80, 1.00, 0.78808, 0.10212
1238, 410, 1.35115, 7.10694, -0.5058, 0.42363, 0.89696, 0.12551, 0.80, 0.80, 0.80, 1.00, 0.78005, 0.11705
1239, 408, 1.55008, 6.87012, -0.39966, 0.73961, 0.57534, 0.34778, 0.80, 0.80, 0.80, 1.00, 0.73217, 0.10346
1240, 410, 1.35115, 7.10694, -0.5058, 0.42363, 0.89696, 0.12551, 0.80, 0.80, 0.80, 1.00, 0.78005, 0.11705
1241, 411, 1.44075, 6.96006, -0.32558, 0.60388, 0.57783, 0.54813, 0.80, 0.80, 0.80, 1.00, 0.73853, 0.11711
1242, 412, 1.00631, 6.61834, -0.80964, -0.27409, 0.33715, -0.89976, 0.80, 0.80, 0.80, 1.00, 0.80945, 0.21055
1243, 413, 1.45798, 6.58453, -1.20849, 0.24373, 0.62218, -0.74318, 0.80, 0.80, 0.80, 1.00, 0.867, 0.24465
1244, 414, 1.0577, 6.49185, -1.10426, -0.87638, 0.2662, -0.39925, 0.80, 0.80, 0.80, 1.00, 0.80765, 0.24557
1245, 404, 1.5143, 6.78885, -1.03278, 0.46797, 0.62796, -0.62094, 0.80, 0.80, 0.80, 1.00, 0.87617, 0.20965
1246, 413, 1.45798, 6.58453, -1.20849, 0.24373, 0.62218, -0.74318, 0.80, 0.80, 0.80, 1.00, 0.867, 0.24465
1247, 412, 1.00631, 6.61834, -0.80964, -0.27409, 0.33715, -0.89976, 0.80, 0.80, 0.80, 1.00, 0.80945, 0.21055
1248, 415, 1.08089, 6.1685, -0.29929, 0.0373, -0.1727, 0.98339, 0.80, 0.80, 0.80, 1.00, 0.71846, 0.24832
1249, 416, 1.67349, 6.24639, -0.83275, 0.62552, -0.46696, 0.62383, 0.80, 0.80, 0.80, 1.00, 0.61898, 0.24905
1250, 417, 1.33547, 6.28264, -0.4603, 0.66301, -0.46923, 0.58202, 0.80, 0.80, 0.80, 1.00, 0.70424, 0.21431
1251, 416, 1.67349, 6.24639, -0.83275, 0.62552, -0.46696, 0.62383, 0.80, 0.80, 0.80, 1.00, 0.61898, 0.24905
1252, 418, 1.66328, 6.5705, -0.6308, 0.65186, -0.34287, 0.67519, 0.80, 0.80, 0.80, 1.00, 0.61758, 0.20001
1253, 417, 1.33547, 6.28264, -0.4603, 0.66301, -0.46923, 0.58202, 0.80, 0.80, 0.80, 1.00, 0.70424, 0.21431
1254, 419, 1.08745, 7.09194, -0.63048, -0.12515, 0.72414, -0.67747, 0.80, 0.80, 0.80, 1.00, 0.81012, 0.14623
1255, 404, 1.5143, 6.78885, -1.03278, 0.46797, 0.62796, -0.62094, 0.80, 0.80, 0.80, 1.00, 0.87617, 0.20965
1256, 412, 1.00631, 6.61834, -0.80964, -0.27409, 0.33715, -0.89976, 0.80, 0.80, 0.80, 1.00, 0.80945, 0.21055
1257, 406, 1.43821, 7.04316, -0.66661, 0.71046, 0.63833, -0.29459, 0.80, 0.80, 0.80, 1.00, 0.89775, 0.14833
1258, 404, 1.5143, 6.78885, -1.03278, 0.46797, 0.62796, -0.62094, 0.80, 0.80, 0.80, 1.00, 0.87617, 0.20965
1259, 419, 1.08745, 7.09194, -0.63048, -0.12515, 0.72414, -0.67747, 0.80, 0.80, 0.80, 1.00, 0.81012, 0.14623
1260, 417, 1.33547, 6.28264, -0.4603, 0.66301, -0.46923, 0.58202, 0.80, 0.80, 0.80, 1.00, 0.70424, 0.21431
1261, 420, 1.55008, 6.87012, -0.39966, 0.74348, -0.33181, 0.57921, 0.80, 0.80, 0.80, 1.00, 0.61774, 0.14789
1262, 421, 1.33474, 6.72053, -0.10829, 0.8296, -0.34838, 0.43447, 0.80, 0.80, 0.80, 1.00, 0.69579, 0.14495
1263, 418, 1.66328, 6.5705, -0.6308, 0.65186, -0.34287, 0.67519, 0.80, 0.80, 0.80, 1.00, 0.61758, 0.20001
1264, 420, 1.55008, 6.87012, -0.39966, 0.74348, -0.33181, 0.57921, 0.80, 0.80, 0.80, 1.00, 0.61774, 0.14789
1265, 417, 1.33547, 6.28264, -0.4603, 0.66301, -0.46923, 0.58202, 0.80, 0.80, 0.80, 1.00, 0.70424, 0.21431
1266, 422, 1.13333, 7.15294, -0.43278, 0.23628, 0.96684, 0.09661, 0.80, 0.80, 0.80, 1.00, 0.7888, 0.14547
1267, 410, 1.35115, 7.10694, -0.5058, 0.42363, 0.89696, 0.12551, 0.80, 0.80, 0.80, 1.00, 0.78005, 0.11705
1268, 423, 1.08745, 7.09194, -0.63048, 0.09618, 0.94359, -0.31639, 0.80, 0.80, 0.80, 1.00, 0.80958, 0.14557
1269, 410, 1.35115, 7.10694, -0.5058, 0.42363, 0.89696, 0.12551, 0.80, 0.80, 0.80, 1.00, 0.78005, 0.11705
1270, 409, 1.43821, 7.04316, -0.66661, 0.45353, 0.88488, -0.10469, 0.80, 0.80, 0.80, 1.00, 0.78808, 0.10212
1271, 423, 1.08745, 7.09194, -0.63048, 0.09618, 0.94359, -0.31639, 0.80, 0.80, 0.80, 1.00, 0.80958, 0.14557
1272, 424, 1.26022, 6.9452, -0.1767, 0.42286, 0.69334, 0.58288, 0.80, 0.80, 0.80, 1.00, 0.72992, 0.14557
1273, 410, 1.35115, 7.10694, -0.5058, 0.42363, 0.89696, 0.12551, 0.80, 0.80, 0.80, 1.00, 0.78005, 0.11705
1274, 422, 1.13333, 7.15294, -0.43278, 0.23628, 0.96684, 0.09661, 0.80, 0.80, 0.80, 1.00, 0.7888, 0.14547
1275, 411, 1.44075, 6.96006, -0.32558, 0.60388, 0.57783, 0.54813, 0.80, 0.80, 0.80, 1.00, 0.73853, 0.11711
1276, 410, 1.35115, 7.10694, -0.5058, 0.42363, 0.89696, 0.12551, 0.80, 0.80, 0.80, 1.00, 0.78005, 0.11705
1277, 424, 1.26022, 6.9452, -0.1767, 0.42286, 0.69334, 0.58288, 0.80, 0.80, 0.80, 1.00, 0.72992, 0.14557
1278, 425, 1.33474, 6.72053, -0.10829, 0.62772, 0.35188, 0.69336, 0.80, 0.80, 0.80, 1.00, 0.69529, 0.14565
1279, 411, 1.44075, 6.96006, -0.32558, 0.60388, 0.57783, 0.54813, 0.80, 0.80, 0.80, 1.00, 0.73853, 0.11711
1280, 424, 1.26022, 6.9452, -0.1767, 0.42286, 0.69334, 0.58288, 0.80, 0.80, 0.80, 1.00, 0.72992, 0.14557
1281, 408, 1.55008, 6.87012, -0.39966, 0.73961, 0.57534, 0.34778, 0.80, 0.80, 0.80, 1.00, 0.73217, 0.10346
1282, 411, 1.44075, 6.96006, -0.32558, 0.60388, 0.57783, 0.54813, 0.80, 0.80, 0.80, 1.00, 0.73853, 0.11711
1283, 425, 1.33474, 6.72053, -0.10829, 0.62772, 0.35188, 0.69336, 0.80, 0.80, 0.80, 1.00, 0.69529, 0.14565
1284, 415, 1.08089, 6.1685, -0.29929, 0.0373, -0.1727, 0.98339, 0.80, 0.80, 0.80, 1.00, 0.71846, 0.24832
1285, 426, 1.54242, 5.81347, -0.91029, 0.59427, -0.48218, 0.64255, 0.80, 0.80, 0.80, 1.00, 0.66835, 0.29778
1286, 416, 1.67349, 6.24639, -0.83275, 0.62552, -0.46696, 0.62383, 0.80, 0.80, 0.80, 1.00, 0.61898, 0.24905
1287, 427, 1.26925, 5.68425, -0.94949, -0.48966, -0.64233, 0.5887, 0.80, 0.80, 0.80, 1.00, 0.70995, 0.31396
1288, 426, 1.54242, 5.81347, -0.91029, 0.59427, -0.48218, 0.64255, 0.80, 0.80, 0.80, 1.00, 0.66835, 0.29778
1289, 415, 1.08089, 6.1685, -0.29929, 0.0373, -0.1727, 0.98339, 0.80, 0.80, 0.80, 1.00, 0.71846, 0.24832
1290, 414, 1.0577, 6.49185, -1.10426, -0.87638, 0.2662, -0.39925, 0.80, 0.80, 0.80, 1.00, 0.80765, 0.24557
1291, 427, 1.26925, 5.68425, -0.94949, -0.48966, -0.64233, 0.5887, 0.80, 0.80, 0.80, 1.00, 0.70995, 0.31396
1292, 415, 1.08089, 6.1685, -0.29929, 0.0373, -0.1727, 0.98339, 0.80, 0.80, 0.80, 1.00, 0.71846, 0.24832
1293, 428, 1.11098, 6.01975, -1.33295, -0.96703, -0.24967, 0.03063, 0.80, 0.80, 0.80, 1.00, 0.79836, 0.31124
1294, 427, 1.26925, 5.68425, -0.94949, -0.48966, -0.64233, 0.5887, 0.80, 0.80, 0.80, 1.00, 0.70995, 0.31396
1295, 414, 1.0577, 6.49185, -1.10426, -0.87638, 0.2662, -0.39925, 0.80, 0.80, 0.80, 1.00, 0.80765, 0.24557
1296, 413, 1.45798, 6.58453, -1.20849, 0.24373, 0.62218, -0.74318, 0.80, 0.80, 0.80, 1.00, 0.867, 0.24465
1297, 429, 1.36503, 6.25436, -1.481, -0.12979, 0.50817, -0.85058, 0.80, 0.80, 0.80, 1.00, 0.85923, 0.2996
1298, 414, 1.0577, 6.49185, -1.10426, -0.87638, 0.2662, -0.39925, 0.80, 0.80, 0.80, 1.00, 0.80765, 0.24557
1299, 430, 1.58427, 6.11613, -1.44185, 0.69764, 0.40846, -0.58735, 0.80, 0.80, 0.80, 1.00, 0.90049, 0.31033
1300, 429, 1.36503, 6.25436, -1.481, -0.12979, 0.50817, -0.85058, 0.80, 0.80, 0.80, 1.00, 0.85923, 0.2996
1301, 413, 1.45798, 6.58453, -1.20849, 0.24373, 0.62218, -0.74318, 0.80, 0.80, 0.80, 1.00, 0.867, 0.24465
1302, 403, 1.57191, 6.44689, -1.07071, 0.92801, 0.236, -0.28546, 0.80, 0.80, 0.80, 1.00, 0.90, 0.24736
1303, 405, 1.67349, 6.24639, -0.83275, 0.94977, 0.20437, -0.23353, 0.80, 0.80, 0.80, 1.00, 0.99122, 0.2465
1304, 431, 1.68541, 5.86346, -1.17221, 0.95555, 0.15709, -0.24611, 0.80, 0.80, 0.80, 1.00, 0.98934, 0.31183
1305, 431, 1.68541, 5.86346, -1.17221, 0.95555, 0.15709, -0.24611, 0.80, 0.80, 0.80, 1.00, 0.98934, 0.31183
1306, 430, 1.58427, 6.11613, -1.44185, 0.69764, 0.40846, -0.58735, 0.80, 0.80, 0.80, 1.00, 0.90049, 0.31033
1307, 403, 1.57191, 6.44689, -1.07071, 0.92801, 0.236, -0.28546, 0.80, 0.80, 0.80, 1.00, 0.90, 0.24736
1308, 416, 1.67349, 6.24639, -0.83275, 0.62552, -0.46696, 0.62383, 0.80, 0.80, 0.80, 1.00, 0.61898, 0.24905
1309, 426, 1.54242, 5.81347, -0.91029, 0.59427, -0.48218, 0.64255, 0.80, 0.80, 0.80, 1.00, 0.66835, 0.29778
1310, 432, 1.68541, 5.86346, -1.17221, 0.8569, -0.31195, 0.40835, 0.80, 0.80, 0.80, 1.00, 0.61655, 0.31439
1311, 414, 1.0577, 6.49185, -1.10426, -0.87638, 0.2662, -0.39925, 0.80, 0.80, 0.80, 1.00, 0.80765, 0.24557
1312, 429, 1.36503, 6.25436, -1.481, -0.12979, 0.50817, -0.85058, 0.80, 0.80, 0.80, 1.00, 0.85923, 0.2996
1313, 433, 1.1513, 5.87618, -1.51026, -0.94177, 0.2637, -0.20457, 0.80, 0.80, 0.80, 1.00, 0.80882, 0.34002
1314, 426, 1.54242, 5.81347, -0.91029, 0.59427, -0.48218, 0.64255, 0.80, 0.80, 0.80, 1.00, 0.66835, 0.29778
1315, 434, 1.67764, 5.68181, -1.28447, 0.81308, -0.38961, 0.43072, 0.80, 0.80, 0.80, 1.00, 0.61687, 0.34162
1316, 432, 1.68541, 5.86346, -1.17221, 0.8569, -0.31195, 0.40835, 0.80, 0.80, 0.80, 1.00, 0.61655, 0.31439
1317, 435, 1.5615, 5.5892, -1.18668, 0.42839, -0.54451, 0.72014, 0.80, 0.80, 0.80, 1.00, 0.66031, 0.3427
1318, 434, 1.67764, 5.68181, -1.28447, 0.81308, -0.38961, 0.43072, 0.80, 0.80, 0.80, 1.00, 0.61687, 0.34162
1319, 426, 1.54242, 5.81347, -0.91029, 0.59427, -0.48218, 0.64255, 0.80, 0.80, 0.80, 1.00, 0.66835, 0.29778
1320, 414, 1.0577, 6.49185, -1.10426, -0.87638, 0.2662, -0.39925, 0.80, 0.80, 0.80, 1.00, 0.80765, 0.24557
1321, 433, 1.1513, 5.87618, -1.51026, -0.94177, 0.2637, -0.20457, 0.80, 0.80, 0.80, 1.00, 0.80882, 0.34002
1322, 428, 1.11098, 6.01975, -1.33295, -0.96703, -0.24967, 0.03063, 0.80, 0.80, 0.80, 1.00, 0.79836, 0.31124
1323, 436, 1.3705, 5.95153, -1.61548, -0.17552, 0.71408, -0.67695, 0.80, 0.80, 0.80, 1.00, 0.85691, 0.34094
1324, 433, 1.1513, 5.87618, -1.51026, -0.94177, 0.2637, -0.20457, 0.80, 0.80, 0.80, 1.00, 0.80882, 0.34002
1325, 429, 1.36503, 6.25436, -1.481, -0.12979, 0.50817, -0.85058, 0.80, 0.80, 0.80, 1.00, 0.85923, 0.2996
1326, 427, 1.26925, 5.68425, -0.94949, -0.48966, -0.64233, 0.5887, 0.80, 0.80, 0.80, 1.00, 0.70995, 0.31396
1327, 435, 1.5615, 5.5892, -1.18668, 0.42839, -0.54451, 0.72014, 0.80, 0.80, 0.80, 1.00, 0.66031, 0.3427
1328, 426, 1.54242, 5.81347, -0.91029, 0.59427, -0.48218, 0.64255, 0.80, 0.80, 0.80, 1.00, 0.66835, 0.29778
1329, 437, 1.31896, 5.54971, -1.1204, -0.47897, -0.41358, 0.77333, 0.80, 0.80, 0.80, 1.00, 0.70581, 0.34132
1330, 435, 1.5615, 5.5892, -1.18668, 0.42839, -0.54451, 0.72014, 0.80, 0.80, 0.80, 1.00, 0.66031, 0.3427
1331, 427, 1.26925, 5.68425, -0.94949, -0.48966, -0.64233, 0.5887, 0.80, 0.80, 0.80, 1.00, 0.70995, 0.31396
1332, 428, 1.11098, 6.01975, -1.33295, -0.96703, -0.24967, 0.03063, 0.80, 0.80, 0.80, 1.00, 0.79836, 0.31124
1333, 437, 1.31896, 5.54971, -1.1204, -0.47897, -0.41358, 0.77333, 0.80, 0.80, 0.80, 1.00, 0.70581, 0.34132
1334, 427, 1.26925, 5.68425, -0.94949, -0.48966, -0.64233, 0.5887, 0.80, 0.80, 0.80, 1.00, 0.70995, 0.31396
1335, 433, 1.1513, 5.87618, -1.51026, -0.94177, 0.2637, -0.20457, 0.80, 0.80, 0.80, 1.00, 0.80882, 0.34002
1336, 437, 1.31896, 5.54971, -1.1204, -0.47897, -0.41358, 0.77333, 0.80, 0.80, 0.80, 1.00, 0.70581, 0.34132
1337, 428, 1.11098, 6.01975, -1.33295, -0.96703, -0.24967, 0.03063, 0.80, 0.80, 0.80, 1.00, 0.79836, 0.31124
1338, 430, 1.58427, 6.11613, -1.44185, 0.69764, 0.40846, -0.58735, 0.80, 0.80, 0.80, 1.00, 0.90049, 0.31033
1339, 436, 1.3705, 5.95153, -1.61548, -0.17552, 0.71408, -0.67695, 0.80, 0.80, 0.80, 1.00, 0.85691, 0.34094
1340, 429, 1.36503, 6.25436, -1.481, -0.12979, 0.50817, -0.85058, 0.80, 0.80, 0.80, 1.00, 0.85923, 0.2996
1341, 438, 1.54358, 5.95014, -1.59077, 0.61722, 0.65721, -0.43142, 0.80, 0.80, 0.80, 1.00, 0.89202, 0.33907
1342, 436, 1.3705, 5.95153, -1.61548, -0.17552, 0.71408, -0.67695, 0.80, 0.80, 0.80, 1.00, 0.85691, 0.34094
1343, 430, 1.58427, 6.11613, -1.44185, 0.69764, 0.40846, -0.58735, 0.80, 0.80, 0.80, 1.00, 0.90049, 0.31033
1344, 431, 1.68541, 5.86346, -1.17221, 0.95555, 0.15709, -0.24611, 0.80, 0.80, 0.80, 1.00, 0.98934, 0.31183
1345, 438, 1.54358, 5.95014, -1.59077, 0.61722, 0.65721, -0.43142, 0.80, 0.80, 0.80, 1.00, 0.89202, 0.33907
1346, 430, 1.58427, 6.11613, -1.44185, 0.69764, 0.40846, -0.58735, 0.80, 0.80, 0.80, 1.00, 0.90049, 0.31033
1347, 439, 1.67764, 5.68181, -1.28447, 0.89918, 0.43598, -0.00754, 0.80, 0.80, 0.80, 1.00, 0.9901, 0.33906
1348, 438, 1.54358, 5.95014, -1.59077, 0.61722, 0.65721, -0.43142, 0.80, 0.80, 0.80, 1.00, 0.89202, 0.33907
1349, 431, 1.68541, 5.86346, -1.17221, 0.95555, 0.15709, -0.24611, 0.80, 0.80, 0.80, 1.00, 0.98934, 0.31183
1350, 440, 1.5615, 5.5892, -1.18668, 0.69596, -0.03221, 0.71615, 0.80, 0.80, 0.80, 1.00, 0.66051, 0.34334
1351, 441, 1.76805, 5.61412, -1.32454, 0.60228, 0.53723, 0.58949, 0.80, 0.80, 0.80, 1.00, 0.61703, 0.36159
1352, 442, 1.67764, 5.68181, -1.28447, 0.68931, -0.10967, 0.7149, 0.80, 0.80, 0.80, 1.00, 0.61691, 0.34226
1353, 443, 1.58495, 5.59662, -1.10697, 0.63347, 0.43702, 0.6375, 0.80, 0.80, 0.80, 1.00, 0.66085, 0.3621
1354, 441, 1.76805, 5.61412, -1.32454, 0.60228, 0.53723, 0.58949, 0.80, 0.80, 0.80, 1.00, 0.61703, 0.36159
1355, 440, 1.5615, 5.5892, -1.18668, 0.69596, -0.03221, 0.71615, 0.80, 0.80, 0.80, 1.00, 0.66051, 0.34334
1356, 436, 1.3705, 5.95153, -1.61548, -0.17552, 0.71408, -0.67695, 0.80, 0.80, 0.80, 1.00, 0.85691, 0.34094
1357, 444, 1.12078, 5.45994, -1.66145, -0.90851, -0.12373, -0.39699, 0.80, 0.80, 0.80, 1.00, 0.80364, 0.35882
1358, 433, 1.1513, 5.87618, -1.51026, -0.94177, 0.2637, -0.20457, 0.80, 0.80, 0.80, 1.00, 0.80882, 0.34002
1359, 445, 1.41364, 5.48474, -1.83859, -0.14282, -0.11948, -0.98162, 0.80, 0.80, 0.80, 1.00, 0.85733, 0.35974
1360, 444, 1.12078, 5.45994, -1.66145, -0.90851, -0.12373, -0.39699, 0.80, 0.80, 0.80, 1.00, 0.80364, 0.35882
1361, 436, 1.3705, 5.95153, -1.61548, -0.17552, 0.71408, -0.67695, 0.80, 0.80, 0.80, 1.00, 0.85691, 0.34094
1362, 437, 1.31896, 5.54971, -1.1204, -0.47897, -0.41358, 0.77333, 0.80, 0.80, 0.80, 1.00, 0.70581, 0.34132
1363, 446, 1.58495, 5.59662, -1.10697, 0.05064, 0.40352, 0.91278, 0.80, 0.80, 0.80, 1.00, 0.66065, 0.36146
1364, 435, 1.5615, 5.5892, -1.18668, 0.42839, -0.54451, 0.72014, 0.80, 0.80, 0.80, 1.00, 0.66031, 0.3427
1365, 447, 1.24436, 5.54668, -1.08469, -0.58115, 0.24902, 0.77369, 0.80, 0.80, 0.80, 1.00, 0.7111, 0.3601
1366, 446, 1.58495, 5.59662, -1.10697, 0.05064, 0.40352, 0.91278, 0.80, 0.80, 0.80, 1.00, 0.66065, 0.36146
1367, 437, 1.31896, 5.54971, -1.1204, -0.47897, -0.41358, 0.77333, 0.80, 0.80, 0.80, 1.00, 0.70581, 0.34132
1368, 433, 1.1513, 5.87618, -1.51026, -0.94177, 0.2637, -0.20457, 0.80, 0.80, 0.80, 1.00, 0.80882, 0.34002
1369, 447, 1.24436, 5.54668, -1.08469, -0.58115, 0.24902, 0.77369, 0.80, 0.80, 0.80, 1.00, 0.7111, 0.3601
1370, 437, 1.31896, 5.54971, -1.1204, -0.47897, -0.41358, 0.77333, 0.80, 0.80, 0.80, 1.00, 0.70581, 0.34132
1371, 444, 1.12078, 5.45994, -1.66145, -0.90851, -0.12373, -0.39699, 0.80, 0.80, 0.80, 1.00, 0.80364, 0.35882
1372, 447, 1.24436, 5.54668, -1.08469, -0.58115, 0.24902, 0.77369, 0.80, 0.80, 0.80, 1.00, 0.7111, 0.3601
1373, 433, 1.1513, 5.87618, -1.51026, -0.94177, 0.2637, -0.20457, 0.80, 0.80, 0.80, 1.00, 0.80882, 0.34002
1374, 438, 1.54358, 5.95014, -1.59077, 0.61722, 0.65721, -0.43142, 0.80, 0.80, 0.80, 1.00, 0.89202, 0.33907
1375, 445, 1.41364, 5.48474, -1.83859, -0.14282, -0.11948, -0.98162, 0.80, 0.80, 0.80, 1.00, 0.85733, 0.35974
1376, 436, 1.3705, 5.95153, -1.61548, -0.17552, 0.71408, -0.67695, 0.80, 0.80, 0.80, 1.00, 0.85691, 0.34094
1377, 448, 1.66883, 5.55423, -1.78305, 0.63326, 0.24585, -0.7327, 0.80, 0.80, 0.80, 1.00, 0.9008, 0.35788
1378, 445, 1.41364, 5.48474, -1.83859, -0.14282, -0.11948, -0.98162, 0.80, 0.80, 0.80, 1.00, 0.85733, 0.35974
1379, 438, 1.54358, 5.95014, -1.59077, 0.61722, 0.65721, -0.43142, 0.80, 0.80, 0.80, 1.00, 0.89202, 0.33907
1380, 439, 1.67764, 5.68181, -1.28447, 0.89918, 0.43598, -0.00754, 0.80, 0.80, 0.80, 1.00, 0.9901, 0.33906
1381, 448, 1.66883, 5.55423, -1.78305, 0.63326, 0.24585, -0.7327, 0.80, 0.80, 0.80, 1.00, 0.9008, 0.35788
1382, 438, 1.54358, 5.95014, -1.59077, 0.61722, 0.65721, -0.43142, 0.80, 0.80, 0.80, 1.00, 0.89202, 0.33907
1383, 449, 1.76805, 5.61412, -1.32454, 0.87355, 0.42176, -0.24007, 0.80, 0.80, 0.80, 1.00, 0.98896, 0.35775
1384, 448, 1.66883, 5.55423, -1.78305, 0.63326, 0.24585, -0.7327, 0.80, 0.80, 0.80, 1.00, 0.9008, 0.35788
1385, 439, 1.67764, 5.68181, -1.28447, 0.89918, 0.43598, -0.00754, 0.80, 0.80, 0.80, 1.00, 0.9901, 0.33906
1386, 443, 1.58495, 5.59662, -1.10697, 0.63347, 0.43702, 0.6375, 0.80, 0.80, 0.80, 1.00, 0.66085, 0.3621
1387, 450, 1.89331, 5.28186, -1.2617, 0.68855, 0.0429, 0.72269, 0.80, 0.80, 0.80, 1.00, 0.61681, 0.40716
1388, 441, 1.76805, 5.61412, -1.32454, 0.60228, 0.53723, 0.58949, 0.80, 0.80, 0.80, 1.00, 0.61703, 0.36159
1389, 451, 1.69541, 5.26587, -1.09171, 0.63841, -0.27284, 0.71849, 0.80, 0.80, 0.80, 1.00, 0.65224, 0.40658
1390, 450, 1.89331, 5.28186, -1.2617, 0.68855, 0.0429, 0.72269, 0.80, 0.80, 0.80, 1.00, 0.61681, 0.40716
1391, 443, 1.58495, 5.59662, -1.10697, 0.63347, 0.43702, 0.6375, 0.80, 0.80, 0.80, 1.00, 0.66085, 0.3621
1392, 445, 1.41364, 5.48474, -1.83859, -0.14282, -0.11948, -0.98162, 0.80, 0.80, 0.80, 1.00, 0.85733, 0.35974
1393, 452, 1.27904, 5.11912, -1.49504, -0.69175, -0.6655, -0.27879, 0.80, 0.80, 0.80, 1.00, 0.79036, 0.40813
1394, 444, 1.12078, 5.45994, -1.66145, -0.90851, -0.12373, -0.39699, 0.80, 0.80, 0.80, 1.00, 0.80364, 0.35882
1395, 453, 1.58206, 5.14522, -1.63845, -0.01084, -0.58716, -0.80873, 0.80, 0.80, 0.80, 1.00, 0.87804, 0.40966
1396, 452, 1.27904, 5.11912, -1.49504, -0.69175, -0.6655, -0.27879, 0.80, 0.80, 0.80, 1.00, 0.79036, 0.40813
1397, 445, 1.41364, 5.48474, -1.83859, -0.14282, -0.11948, -0.98162, 0.80, 0.80, 0.80, 1.00, 0.85733, 0.35974
1398, 447, 1.24436, 5.54668, -1.08469, -0.58115, 0.24902, 0.77369, 0.80, 0.80, 0.80, 1.00, 0.7111, 0.3601
1399, 454, 1.69541, 5.26587, -1.09171, 0.17802, -0.07945, 0.97988, 0.80, 0.80, 0.80, 1.00, 0.65203, 0.40594
1400, 446, 1.58495, 5.59662, -1.10697, 0.05064, 0.40352, 0.91278, 0.80, 0.80, 0.80, 1.00, 0.66065, 0.36146
1401, 455, 1.37006, 5.2234, -1.0161, -0.44197, -0.47374, 0.76077, 0.80, 0.80, 0.80, 1.00, 0.70178, 0.40485
1402, 454, 1.69541, 5.26587, -1.09171, 0.17802, -0.07945, 0.97988, 0.80, 0.80, 0.80, 1.00, 0.65203, 0.40594
1403, 447, 1.24436, 5.54668, -1.08469, -0.58115, 0.24902, 0.77369, 0.80, 0.80, 0.80, 1.00, 0.7111, 0.3601
1404, 444, 1.12078, 5.45994, -1.66145, -0.90851, -0.12373, -0.39699, 0.80, 0.80, 0.80, 1.00, 0.80364, 0.35882
1405, 455, 1.37006, 5.2234, -1.0161, -0.44197, -0.47374, 0.76077, 0.80, 0.80, 0.80, 1.00, 0.70178, 0.40485
1406, 447, 1.24436, 5.54668, -1.08469, -0.58115, 0.24902, 0.77369, 0.80, 0.80, 0.80, 1.00, 0.7111, 0.3601
1407, 452, 1.27904, 5.11912, -1.49504, -0.69175, -0.6655, -0.27879, 0.80, 0.80, 0.80, 1.00, 0.79036, 0.40813
1408, 455, 1.37006, 5.2234, -1.0161, -0.44197, -0.47374, 0.76077, 0.80, 0.80, 0.80, 1.00, 0.70178, 0.40485
1409, 444, 1.12078, 5.45994, -1.66145, -0.90851, -0.12373, -0.39699, 0.80, 0.80, 0.80, 1.00, 0.80364, 0.35882
1410, 448, 1.66883, 5.55423, -1.78305, 0.63326, 0.24585, -0.7327, 0.80, 0.80, 0.80, 1.00, 0.9008, 0.35788
1411, 453, 1.58206, 5.14522, -1.63845, -0.01084, -0.58716, -0.80873, 0.80, 0.80, 0.80, 1.00, 0.87804, 0.40966
1412, 445, 1.41364, 5.48474, -1.83859, -0.14282, -0.11948, -0.98162, 0.80, 0.80, 0.80, 1.00, 0.85733, 0.35974
1413, 456, 1.82716, 5.21852, -1.61398, 0.72615, -0.32281, -0.60573, 0.80, 0.80, 0.80, 1.00, 0.92605, 0.40659
1414, 453, 1.58206, 5.14522, -1.63845, -0.01084, -0.58716, -0.80873, 0.80, 0.80, 0.80, 1.00, 0.87804, 0.40966
1415, 448, 1.66883, 5.55423, -1.78305, 0.63326, 0.24585, -0.7327, 0.80, 0.80, 0.80, 1.00, 0.9008, 0.35788
1416, 449, 1.76805, 5.61412, -1.32454, 0.87355, 0.42176, -0.24007, 0.80, 0.80, 0.80, 1.00, 0.98896, 0.35775
1417, 456, 1.82716, 5.21852, -1.61398, 0.72615, -0.32281, -0.60573, 0.80, 0.80, 0.80, 1.00, 0.92605, 0.40659
1418, 448, 1.66883, 5.55423, -1.78305, 0.63326, 0.24585, -0.7327, 0.80, 0.80, 0.80, 1.00, 0.9008, 0.35788
1419, 457, 1.89331, 5.28186, -1.2617, 0.95782, -0.25159, -0.13265, 0.80, 0.80, 0.80, 1.00, 0.98879, 0.40333
1420, 456, 1.82716, 5.21852, -1.61398, 0.72615, -0.32281, -0.60573, 0.80, 0.80, 0.80, 1.00, 0.92605, 0.40659
1421, 449, 1.76805, 5.61412, -1.32454, 0.87355, 0.42176, -0.24007, 0.80, 0.80, 0.80, 1.00, 0.98896, 0.35775
1422, 451, 1.69541, 5.26587, -1.09171, 0.63841, -0.27284, 0.71849, 0.80, 0.80, 0.80, 1.00, 0.65224, 0.40658
1423, 458, 1.84273, 5.19882, -1.28053, 0.58478, -0.50355, 0.63477, 0.80, 0.80, 0.80, 1.00, 0.61683, 0.41609
1424, 450, 1.89331, 5.28186, -1.2617, 0.68855, 0.0429, 0.72269, 0.80, 0.80, 0.80, 1.00, 0.61681, 0.40716
1425, 459, 1.6835, 5.18571, -1.14451, 0.58353, -0.50541, 0.63445, 0.80, 0.80, 0.80, 1.00, 0.65123, 0.41554
1426, 458, 1.84273, 5.19882, -1.28053, 0.58478, -0.50355, 0.63477, 0.80, 0.80, 0.80, 1.00, 0.61683, 0.41609
1427, 451, 1.69541, 5.26587, -1.09171, 0.63841, -0.27284, 0.71849, 0.80, 0.80, 0.80, 1.00, 0.65224, 0.40658
1428, 453, 1.58206, 5.14522, -1.63845, -0.01084, -0.58716, -0.80873, 0.80, 0.80, 0.80, 1.00, 0.87804, 0.40966
1429, 460, 1.33343, 5.06291, -1.46005, -0.49822, -0.75894, -0.4185, 0.80, 0.80, 0.80, 1.00, 0.78671, 0.41705
1430, 452, 1.27904, 5.11912, -1.49504, -0.69175, -0.6655, -0.27879, 0.80, 0.80, 0.80, 1.00, 0.79036, 0.40813
1431, 461, 1.59536, 5.08454, -1.58023, 0.09958, -0.68563, -0.72049, 0.80, 0.80, 0.80, 1.00, 0.88177, 0.41855
1432, 460, 1.33343, 5.06291, -1.46005, -0.49822, -0.75894, -0.4185, 0.80, 0.80, 0.80, 1.00, 0.78671, 0.41705
1433, 453, 1.58206, 5.14522, -1.63845, -0.01084, -0.58716, -0.80873, 0.80, 0.80, 0.80, 1.00, 0.87804, 0.40966
1434, 455, 1.37006, 5.2234, -1.0161, -0.44197, -0.47374, 0.76077, 0.80, 0.80, 0.80, 1.00, 0.70178, 0.40485
1435, 462, 1.6835, 5.18571, -1.14451, 0.25649, -0.5567, 0.78921, 0.80, 0.80, 0.80, 1.00, 0.65102, 0.4149
1436, 454, 1.69541, 5.26587, -1.09171, 0.17802, -0.07945, 0.97988, 0.80, 0.80, 0.80, 1.00, 0.65203, 0.40594
1437, 463, 1.40374, 5.1504, -1.07827, -0.50591, -0.68022, 0.52945, 0.80, 0.80, 0.80, 1.00, 0.70282, 0.41383
1438, 462, 1.6835, 5.18571, -1.14451, 0.25649, -0.5567, 0.78921, 0.80, 0.80, 0.80, 1.00, 0.65102, 0.4149
1439, 455, 1.37006, 5.2234, -1.0161, -0.44197, -0.47374, 0.76077, 0.80, 0.80, 0.80, 1.00, 0.70178, 0.40485
1440, 452, 1.27904, 5.11912, -1.49504, -0.69175, -0.6655, -0.27879, 0.80, 0.80, 0.80, 1.00, 0.79036, 0.40813
1441, 463, 1.40374, 5.1504, -1.07827, -0.50591, -0.68022, 0.52945, 0.80, 0.80, 0.80, 1.00, 0.70282, 0.41383
1442, 455, 1.37006, 5.2234, -1.0161, -0.44197, -0.47374, 0.76077, 0.80, 0.80, 0.80, 1.00, 0.70178, 0.40485
1443, 460, 1.33343, 5.06291, -1.46005, -0.49822, -0.75894, -0.4185, 0.80, 0.80, 0.80, 1.00, 0.78671, 0.41705
1444, 463, 1.40374, 5.1504, -1.07827, -0.50591, -0.68022, 0.52945, 0.80, 0.80, 0.80, 1.00, 0.70282, 0.41383
1445, 452, 1.27904, 5.11912, -1.49504, -0.69175, -0.6655, -0.27879, 0.80, 0.80, 0.80, 1.00, 0.79036, 0.40813
1446, 456, 1.82716, 5.21852, -1.61398, 0.72615, -0.32281, -0.60573, 0.80, 0.80, 0.80, 1.00, 0.92605, 0.40659
1447, 461, 1.59536, 5.08454, -1.58023, 0.09958, -0.68563, -0.72049, 0.80, 0.80, 0.80, 1.00, 0.88177, 0.41855
1448, 453, 1.58206, 5.14522, -1.63845, -0.01084, -0.58716, -0.80873, 0.80, 0.80, 0.80, 1.00, 0.87804, 0.40966
1449, 464, 1.79132, 5.14745, -1.56167, 0.73233, -0.60672, -0.30722, 0.80, 0.80, 0.80, 1.00, 0.9282, 0.41554
1450, 461, 1.59536, 5.08454, -1.58023, 0.09958, -0.68563, -0.72049, 0.80, 0.80, 0.80, 1.00, 0.88177, 0.41855
1451, 456, 1.82716, 5.21852, -1.61398, 0.72615, -0.32281, -0.60573, 0.80, 0.80, 0.80, 1.00, 0.92605, 0.40659
1452, 457, 1.89331, 5.28186, -1.2617, 0.95782, -0.25159, -0.13265, 0.80, 0.80, 0.80, 1.00, 0.98879, 0.40333
1453, 464, 1.79132, 5.14745, -1.56167, 0.73233, -0.60672, -0.30722, 0.80, 0.80, 0.80, 1.00, 0.9282, 0.41554
1454, 456, 1.82716, 5.21852, -1.61398, 0.72615, -0.32281, -0.60573, 0.80, 0.80, 0.80, 1.00, 0.92605, 0.40659
1455, 465, 1.84273, 5.19882, -1.28053, 0.85771, -0.50873, -0.0641, 0.80, 0.80, 0.80, 1.00, 0.9888, 0.41224
1456, 464, 1.79132, 5.14745, -1.56167, 0.73233, -0.60672, -0.30722, 0.80, 0.80, 0.80, 1.00, 0.9282, 0.41554
1457, 457, 1.89331, 5.28186, -1.2617, 0.95782, -0.25159, -0.13265, 0.80, 0.80, 0.80, 1.00, 0.98879, 0.40333
1458, 404, 1.5143, 6.78885, -1.03278, 0.46797, 0.62796, -0.62094, 0.80, 0.80, 0.80, 1.00, 0.87617, 0.20965
1459, 403, 1.57191, 6.44689, -1.07071, 0.92801, 0.236, -0.28546, 0.80, 0.80, 0.80, 1.00, 0.90, 0.24736
1460, 413, 1.45798, 6.58453, -1.20849, 0.24373, 0.62218, -0.74318, 0.80, 0.80, 0.80, 1.00, 0.867, 0.24465
1461, 430, 1.58427, 6.11613, -1.44185, 0.69764, 0.40846, -0.58735, 0.80, 0.80, 0.80, 1.00, 0.90049, 0.31033
1462, 413, 1.45798, 6.58453, -1.20849, 0.24373, 0.62218, -0.74318, 0.80, 0.80, 0.80, 1.00, 0.867, 0.24465
1463, 403, 1.57191, 6.44689, -1.07071, 0.92801, 0.236, -0.28546, 0.80, 0.80, 0.80, 1.00, 0.90, 0.24736
1464, 466, 0.16278, 3.94588, -0.55417, -0.53178, -0.63648, -0.54866, 0.80, 0.80, 0.80, 1.00, 0.25092, 0.13517
1465, 467, 0.52898, 4.09757, -0.80901, 0.15282, -0.29031, -0.9427, 0.80, 0.80, 0.80, 1.00, 0.33113, 0.13508
1466, 468, 1.31401, 2.68147, -0.14412, -0.0928, -0.72205, -0.67878, 0.80, 0.80, 0.80, 1.00, 0.29349, 0.44726
1467, 142, 0.11067, 4.11396, 0.01887, -0.16499, -0.98617, -0.01558, 0.80, 0.80, 0.80, 1.00, 0.14033, 0.15646
1468, 469, 1.35036, 3.15766, 0.79806, -0.18774, 0.17807, 0.96454, 0.80, 0.80, 0.80, 1.00, 0.14472, 0.4727
1469, 143, 0.54375, 4.07225, 0.05975, 0.98507, -0.14482, 0.093, 0.80, 0.80, 0.80, 1.00, 0.10614, 0.16404
1470, 469, 1.35036, 3.15766, 0.79806, -0.18774, 0.17807, 0.96454, 0.80, 0.80, 0.80, 1.00, 0.14472, 0.4727
1471, 470, 1.71274, 3.3424, 0.74314, 0.65513, 0.51149, 0.54595, 0.80, 0.80, 0.80, 1.00, 0.10165, 0.48498
1472, 143, 0.54375, 4.07225, 0.05975, 0.98507, -0.14482, 0.093, 0.80, 0.80, 0.80, 1.00, 0.10614, 0.16404
1473, 143, 0.54375, 4.07225, 0.05975, 0.98507, -0.14482, 0.093, 0.80, 0.80, 0.80, 1.00, 0.10614, 0.16404
1474, 470, 1.71274, 3.3424, 0.74314, 0.65513, 0.51149, 0.54595, 0.80, 0.80, 0.80, 1.00, 0.10165, 0.48498
1475, 471, 0.83719, 4.52672, -0.29939, 0.77862, 0.61886, -0.05642, 0.80, 0.80, 0.80, 1.00, 0.07378, 0.15933
1476, 470, 1.71274, 3.3424, 0.74314, 0.65513, 0.51149, 0.54595, 0.80, 0.80, 0.80, 1.00, 0.10165, 0.48498
1477, 472, 1.88236, 3.25921, 0.29593, 0.83547, 0.53741, 0.06822, 0.80, 0.80, 0.80, 1.00, 0.05031, 0.47586
1478, 471, 0.83719, 4.52672, -0.29939, 0.77862, 0.61886, -0.05642, 0.80, 0.80, 0.80, 1.00, 0.07378, 0.15933
1479, 473, 0.80165, 4.40245, -0.65382, 0.47129, 0.02951, -0.88134, 0.80, 0.80, 0.80, 1.00, 0.38772, 0.14075
1480, 474, 1.86486, 3.1183, -0.1282, 0.49733, -0.32298, -0.80379, 0.80, 0.80, 0.80, 1.00, 0.36069, 0.45539
1481, 467, 0.52898, 4.09757, -0.80901, 0.15282, -0.29031, -0.9427, 0.80, 0.80, 0.80, 1.00, 0.33113, 0.13508
1482, 474, 1.86486, 3.1183, -0.1282, 0.49733, -0.32298, -0.80379, 0.80, 0.80, 0.80, 1.00, 0.36069, 0.45539
1483, 468, 1.31401, 2.68147, -0.14412, -0.0928, -0.72205, -0.67878, 0.80, 0.80, 0.80, 1.00, 0.29349, 0.44726
1484, 467, 0.52898, 4.09757, -0.80901, 0.15282, -0.29031, -0.9427, 0.80, 0.80, 0.80, 1.00, 0.33113, 0.13508
1485, 471, 0.83719, 4.52672, -0.29939, 0.77862, 0.61886, -0.05642, 0.80, 0.80, 0.80, 1.00, 0.07378, 0.15933
1486, 475, 1.86486, 3.1183, -0.1282, 0.79493, 0.54833, -0.24918, 0.80, 0.80, 0.80, 1.00, 0.00917, 0.45539
1487, 476, 0.80165, 4.40245, -0.65382, 0.79078, 0.5421, -0.27525, 0.80, 0.80, 0.80, 1.00, 0.03616, 0.14075
1488, 472, 1.88236, 3.25921, 0.29593, 0.83547, 0.53741, 0.06822, 0.80, 0.80, 0.80, 1.00, 0.05031, 0.47586
1489, 475, 1.86486, 3.1183, -0.1282, 0.79493, 0.54833, -0.24918, 0.80, 0.80, 0.80, 1.00, 0.00917, 0.45539
1490, 471, 0.83719, 4.52672, -0.29939, 0.77862, 0.61886, -0.05642, 0.80, 0.80, 0.80, 1.00, 0.07378, 0.15933
1491, 466, 0.16278, 3.94588, -0.55417, -0.53178, -0.63648, -0.54866, 0.80, 0.80, 0.80, 1.00, 0.25092, 0.13517
1492, 477, 0.99845, 2.65735, 0.25314, -0.56768, -0.80459, -0.14249, 0.80, 0.80, 0.80, 1.00, 0.24336, 0.44936
1493, 478, 0.0305, 3.97353, -0.34258, -0.76131, -0.62483, -0.14344, 0.80, 0.80, 0.80, 1.00, 0.21674, 0.13527
1494, 468, 1.31401, 2.68147, -0.14412, -0.0928, -0.72205, -0.67878, 0.80, 0.80, 0.80, 1.00, 0.29349, 0.44726
1495, 477, 0.99845, 2.65735, 0.25314, -0.56768, -0.80459, -0.14249, 0.80, 0.80, 0.80, 1.00, 0.24336, 0.44936
1496, 466, 0.16278, 3.94588, -0.55417, -0.53178, -0.63648, -0.54866, 0.80, 0.80, 0.80, 1.00, 0.25092, 0.13517
1497, 153, -0.37762, 4.23191, -0.02723, -0.99556, -0.00437, -0.09399, 0.80, 0.80, 0.80, 1.00, 0.18641, 0.13501
1498, 469, 1.35036, 3.15766, 0.79806, -0.18774, 0.17807, 0.96454, 0.80, 0.80, 0.80, 1.00, 0.14472, 0.4727
1499, 142, 0.11067, 4.11396, 0.01887, -0.16499, -0.98617, -0.01558, 0.80, 0.80, 0.80, 1.00, 0.14033, 0.15646
1500, 479, 0.86565, 2.79938, 0.62562, -0.63003, -0.47742, 0.61102, 0.80, 0.80, 0.80, 1.00, 0.2056, 0.44908
1501, 469, 1.35036, 3.15766, 0.79806, -0.18774, 0.17807, 0.96454, 0.80, 0.80, 0.80, 1.00, 0.14472, 0.4727
1502, 153, -0.37762, 4.23191, -0.02723, -0.99556, -0.00437, -0.09399, 0.80, 0.80, 0.80, 1.00, 0.18641, 0.13501
1503, 478, 0.0305, 3.97353, -0.34258, -0.76131, -0.62483, -0.14344, 0.80, 0.80, 0.80, 1.00, 0.21674, 0.13527
1504, 479, 0.86565, 2.79938, 0.62562, -0.63003, -0.47742, 0.61102, 0.80, 0.80, 0.80, 1.00, 0.2056, 0.44908
1505, 153, -0.37762, 4.23191, -0.02723, -0.99556, -0.00437, -0.09399, 0.80, 0.80, 0.80, 1.00, 0.18641, 0.13501
1506, 477, 0.99845, 2.65735, 0.25314, -0.56768, -0.80459, -0.14249, 0.80, 0.80, 0.80, 1.00, 0.24336, 0.44936
1507, 479, 0.86565, 2.79938, 0.62562, -0.63003, -0.47742, 0.61102, 0.80, 0.80, 0.80, 1.00, 0.2056, 0.44908
1508, 478, 0.0305, 3.97353, -0.34258, -0.76131, -0.62483, -0.14344, 0.80, 0.80, 0.80, 1.00, 0.21674, 0.13527
1509, 469, 1.35036, 3.15766, 0.79806, -0.18774, 0.17807, 0.96454, 0.80, 0.80, 0.80, 1.00, 0.14472, 0.4727
1510, 480, 1.85592, 2.78916, 0.81949, 0.0886, -0.25699, 0.95998, 0.80, 0.80, 0.80, 1.00, 0.10182, 0.55266
1511, 470, 1.71274, 3.3424, 0.74314, 0.65513, 0.51149, 0.54595, 0.80, 0.80, 0.80, 1.00, 0.10165, 0.48498
1512, 481, 1.58131, 2.98427, 0.75764, -0.42201, 0.12526, 0.89733, 0.80, 0.80, 0.80, 1.00, 0.16244, 0.5428
1513, 480, 1.85592, 2.78916, 0.81949, 0.0886, -0.25699, 0.95998, 0.80, 0.80, 0.80, 1.00, 0.10182, 0.55266
1514, 469, 1.35036, 3.15766, 0.79806, -0.18774, 0.17807, 0.96454, 0.80, 0.80, 0.80, 1.00, 0.14472, 0.4727
1515, 470, 1.71274, 3.3424, 0.74314, 0.65513, 0.51149, 0.54595, 0.80, 0.80, 0.80, 1.00, 0.10165, 0.48498
1516, 482, 1.93297, 2.67733, 0.56645, 0.58187, -0.65445, 0.47143, 0.80, 0.80, 0.80, 1.00, 0.05249, 0.54608
1517, 472, 1.88236, 3.25921, 0.29593, 0.83547, 0.53741, 0.06822, 0.80, 0.80, 0.80, 1.00, 0.05031, 0.47586
1518, 480, 1.85592, 2.78916, 0.81949, 0.0886, -0.25699, 0.95998, 0.80, 0.80, 0.80, 1.00, 0.10182, 0.55266
1519, 482, 1.93297, 2.67733, 0.56645, 0.58187, -0.65445, 0.47143, 0.80, 0.80, 0.80, 1.00, 0.05249, 0.54608
1520, 470, 1.71274, 3.3424, 0.74314, 0.65513, 0.51149, 0.54595, 0.80, 0.80, 0.80, 1.00, 0.10165, 0.48498
1521, 474, 1.86486, 3.1183, -0.1282, 0.49733, -0.32298, -0.80379, 0.80, 0.80, 0.80, 1.00, 0.36069, 0.45539
1522, 483, 1.65291, 2.7623, 0.09186, -0.26188, -0.689, -0.6683, 0.80, 0.80, 0.80, 1.00, 0.3103, 0.52581
1523, 468, 1.31401, 2.68147, -0.14412, -0.0928, -0.72205, -0.67878, 0.80, 0.80, 0.80, 1.00, 0.29349, 0.44726
1524, 484, 1.93191, 2.65834, 0.2981, 0.03151, -0.87002, -0.48158, 0.80, 0.80, 0.80, 1.00, 0.36257, 0.53132
1525, 483, 1.65291, 2.7623, 0.09186, -0.26188, -0.689, -0.6683, 0.80, 0.80, 0.80, 1.00, 0.3103, 0.52581
1526, 474, 1.86486, 3.1183, -0.1282, 0.49733, -0.32298, -0.80379, 0.80, 0.80, 0.80, 1.00, 0.36069, 0.45539
1527, 485, 1.88236, 3.25921, 0.29593, 0.98485, 0.11528, -0.10172, 0.80, 0.80, 0.80, 1.00, 0.05039, 0.47586
1528, 486, 1.93191, 2.65834, 0.2981, 0.53068, -0.83793, 0.07282, 0.80, 0.80, 0.80, 1.00, 0.0111, 0.53132
1529, 487, 1.86486, 3.1183, -0.1282, 0.98658, 0.11398, -0.08388, 0.80, 0.80, 0.80, 1.00, 0.00918, 0.45539
1530, 488, 1.93297, 2.67733, 0.56645, 0.53598, -0.83589, 0.05574, 0.80, 0.80, 0.80, 1.00, 0.05258, 0.54608
1531, 486, 1.93191, 2.65834, 0.2981, 0.53068, -0.83793, 0.07282, 0.80, 0.80, 0.80, 1.00, 0.0111, 0.53132
1532, 485, 1.88236, 3.25921, 0.29593, 0.98485, 0.11528, -0.10172, 0.80, 0.80, 0.80, 1.00, 0.05039, 0.47586
1533, 468, 1.31401, 2.68147, -0.14412, -0.0928, -0.72205, -0.67878, 0.80, 0.80, 0.80, 1.00, 0.29349, 0.44726
1534, 489, 1.38709, 2.98629, 0.25842, -0.87909, -0.17866, -0.42947, 0.80, 0.80, 0.80, 1.00, 0.25611, 0.52596
1535, 477, 0.99845, 2.65735, 0.25314, -0.56768, -0.80459, -0.14249, 0.80, 0.80, 0.80, 1.00, 0.24336, 0.44936
1536, 483, 1.65291, 2.7623, 0.09186, -0.26188, -0.689, -0.6683, 0.80, 0.80, 0.80, 1.00, 0.3103, 0.52581
1537, 489, 1.38709, 2.98629, 0.25842, -0.87909, -0.17866, -0.42947, 0.80, 0.80, 0.80, 1.00, 0.25611, 0.52596
1538, 468, 1.31401, 2.68147, -0.14412, -0.0928, -0.72205, -0.67878, 0.80, 0.80, 0.80, 1.00, 0.29349, 0.44726
1539, 479, 0.86565, 2.79938, 0.62562, -0.63003, -0.47742, 0.61102, 0.80, 0.80, 0.80, 1.00, 0.2056, 0.44908
1540, 481, 1.58131, 2.98427, 0.75764, -0.42201, 0.12526, 0.89733, 0.80, 0.80, 0.80, 1.00, 0.16244, 0.5428
1541, 469, 1.35036, 3.15766, 0.79806, -0.18774, 0.17807, 0.96454, 0.80, 0.80, 0.80, 1.00, 0.14472, 0.4727
1542, 490, 1.35442, 3.14617, 0.573, -0.96662, 0.08351, 0.23083, 0.80, 0.80, 0.80, 1.00, 0.20809, 0.52575
1543, 481, 1.58131, 2.98427, 0.75764, -0.42201, 0.12526, 0.89733, 0.80, 0.80, 0.80, 1.00, 0.16244, 0.5428
1544, 479, 0.86565, 2.79938, 0.62562, -0.63003, -0.47742, 0.61102, 0.80, 0.80, 0.80, 1.00, 0.2056, 0.44908
1545, 477, 0.99845, 2.65735, 0.25314, -0.56768, -0.80459, -0.14249, 0.80, 0.80, 0.80, 1.00, 0.24336, 0.44936
1546, 490, 1.35442, 3.14617, 0.573, -0.96662, 0.08351, 0.23083, 0.80, 0.80, 0.80, 1.00, 0.20809, 0.52575
1547, 479, 0.86565, 2.79938, 0.62562, -0.63003, -0.47742, 0.61102, 0.80, 0.80, 0.80, 1.00, 0.2056, 0.44908
1548, 489, 1.38709, 2.98629, 0.25842, -0.87909, -0.17866, -0.42947, 0.80, 0.80, 0.80, 1.00, 0.25611, 0.52596
1549, 490, 1.35442, 3.14617, 0.573, -0.96662, 0.08351, 0.23083, 0.80, 0.80, 0.80, 1.00, 0.20809, 0.52575
1550, 477, 0.99845, 2.65735, 0.25314, -0.56768, -0.80459, -0.14249, 0.80, 0.80, 0.80, 1.00, 0.24336, 0.44936
1551, 491, 1.58131, 2.98427, 0.75764, -0.04518, 0.42581, 0.90058, 0.80, 0.80, 0.80, 1.00, 0.89725, 0.42902
1552, 492, 1.36718, 2.3718, 0.98387, 0.01388, 0.30355, 0.94997, 0.80, 0.80, 0.80, 1.00, 0.91128, 0.48716
1553, 493, 1.85592, 2.78916, 0.81949, 0.02337, 0.33383, 0.93942, 0.80, 0.80, 0.80, 1.00, 0.92246, 0.43041
1554, 494, 1.09059, 2.62162, 0.91162, -0.16371, 0.42708, 0.88662, 0.80, 0.80, 0.80, 1.00, 0.87231, 0.47948
1555, 492, 1.36718, 2.3718, 0.98387, 0.01388, 0.30355, 0.94997, 0.80, 0.80, 0.80, 1.00, 0.91128, 0.48716
1556, 491, 1.58131, 2.98427, 0.75764, -0.04518, 0.42581, 0.90058, 0.80, 0.80, 0.80, 1.00, 0.89725, 0.42902
1557, 495, 1.85592, 2.78916, 0.81949, 0.66292, -0.56519, 0.47966, 0.80, 0.80, 0.80, 1.00, 0.92343, 0.43706
1558, 496, 1.53383, 2.27089, 0.65421, 0.72424, -0.6555, 0.18699, 0.80, 0.80, 0.80, 1.00, 0.96337, 0.47594
1559, 497, 1.93297, 2.67733, 0.56645, 0.7131, -0.64391, 0.25662, 0.80, 0.80, 0.80, 1.00, 0.95569, 0.4343
1560, 498, 1.36718, 2.3718, 0.98387, 0.70255, -0.49137, 0.50392, 0.80, 0.80, 0.80, 1.00, 0.92291, 0.48464
1561, 496, 1.53383, 2.27089, 0.65421, 0.72424, -0.6555, 0.18699, 0.80, 0.80, 0.80, 1.00, 0.96337, 0.47594
1562, 495, 1.85592, 2.78916, 0.81949, 0.66292, -0.56519, 0.47966, 0.80, 0.80, 0.80, 1.00, 0.92343, 0.43706
1563, 499, 1.93191, 2.65834, 0.2981, 0.39307, -0.48606, -0.77787, 0.80, 0.80, 0.80, 1.00, 0.71594, 0.42934
1564, 500, 1.41154, 2.18244, 0.33689, 0.25214, -0.55288, -0.79076, 0.80, 0.80, 0.80, 1.00, 0.73448, 0.47956
1565, 501, 1.65291, 2.7623, 0.09186, 0.01463, -0.17565, -0.9822, 0.80, 0.80, 0.80, 1.00, 0.74168, 0.42874
1566, 500, 1.41154, 2.18244, 0.33689, 0.25214, -0.55288, -0.79076, 0.80, 0.80, 0.80, 1.00, 0.73448, 0.47956
1567, 502, 1.17418, 2.26223, 0.20972, -0.19355, -0.29387, -0.93234, 0.80, 0.80, 0.80, 1.00, 0.76451, 0.47946
1568, 501, 1.65291, 2.7623, 0.09186, 0.01463, -0.17565, -0.9822, 0.80, 0.80, 0.80, 1.00, 0.74168, 0.42874
1569, 497, 1.93297, 2.67733, 0.56645, 0.7131, -0.64391, 0.25662, 0.80, 0.80, 0.80, 1.00, 0.95569, 0.4343
1570, 496, 1.53383, 2.27089, 0.65421, 0.72424, -0.6555, 0.18699, 0.80, 0.80, 0.80, 1.00, 0.96337, 0.47594
1571, 503, 1.93191, 2.65834, 0.2981, 0.69358, -0.71329, -0.006, 0.80, 0.80, 0.80, 1.00, 0.98763, 0.43219
1572, 496, 1.53383, 2.27089, 0.65421, 0.72424, -0.6555, 0.18699, 0.80, 0.80, 0.80, 1.00, 0.96337, 0.47594
1573, 504, 1.41154, 2.18244, 0.33689, 0.69098, -0.71266, -0.06985, 0.80, 0.80, 0.80, 1.00, 0.99852, 0.47698
1574, 503, 1.93191, 2.65834, 0.2981, 0.69358, -0.71329, -0.006, 0.80, 0.80, 0.80, 1.00, 0.98763, 0.43219
1575, 501, 1.65291, 2.7623, 0.09186, 0.01463, -0.17565, -0.9822, 0.80, 0.80, 0.80, 1.00, 0.74168, 0.42874
1576, 505, 0.79989, 2.54847, 0.34986, -0.69272, 0.33636, -0.62945, 0.80, 0.80, 0.80, 1.00, 0.81, 0.47876
1577, 506, 1.38709, 2.98629, 0.25842, -0.591, 0.59633, -0.53325, 0.80, 0.80, 0.80, 1.00, 0.80834, 0.42881
1578, 502, 1.17418, 2.26223, 0.20972, -0.19355, -0.29387, -0.93234, 0.80, 0.80, 0.80, 1.00, 0.76451, 0.47946
1579, 505, 0.79989, 2.54847, 0.34986, -0.69272, 0.33636, -0.62945, 0.80, 0.80, 0.80, 1.00, 0.81, 0.47876
1580, 501, 1.65291, 2.7623, 0.09186, 0.01463, -0.17565, -0.9822, 0.80, 0.80, 0.80, 1.00, 0.74168, 0.42874
1581, 507, 1.35442, 3.14617, 0.573, -0.48691, 0.73949, 0.45638, 0.80, 0.80, 0.80, 1.00, 0.86247, 0.42872
1582, 494, 1.09059, 2.62162, 0.91162, -0.16371, 0.42708, 0.88662, 0.80, 0.80, 0.80, 1.00, 0.87231, 0.47948
1583, 491, 1.58131, 2.98427, 0.75764, -0.04518, 0.42581, 0.90058, 0.80, 0.80, 0.80, 1.00, 0.89725, 0.42902
1584, 508, 0.85019, 2.68738, 0.75649, -0.64938, 0.66783, 0.35316, 0.80, 0.80, 0.80, 1.00, 0.84635, 0.47958
1585, 494, 1.09059, 2.62162, 0.91162, -0.16371, 0.42708, 0.88662, 0.80, 0.80, 0.80, 1.00, 0.87231, 0.47948
1586, 507, 1.35442, 3.14617, 0.573, -0.48691, 0.73949, 0.45638, 0.80, 0.80, 0.80, 1.00, 0.86247, 0.42872
1587, 506, 1.38709, 2.98629, 0.25842, -0.591, 0.59633, -0.53325, 0.80, 0.80, 0.80, 1.00, 0.80834, 0.42881
1588, 508, 0.85019, 2.68738, 0.75649, -0.64938, 0.66783, 0.35316, 0.80, 0.80, 0.80, 1.00, 0.84635, 0.47958
1589, 507, 1.35442, 3.14617, 0.573, -0.48691, 0.73949, 0.45638, 0.80, 0.80, 0.80, 1.00, 0.86247, 0.42872
1590, 505, 0.79989, 2.54847, 0.34986, -0.69272, 0.33636, -0.62945, 0.80, 0.80, 0.80, 1.00, 0.81, 0.47876
1591, 508, 0.85019, 2.68738, 0.75649, -0.64938, 0.66783, 0.35316, 0.80, 0.80, 0.80, 1.00, 0.84635, 0.47958
1592, 506, 1.38709, 2.98629, 0.25842, -0.591, 0.59633, -0.53325, 0.80, 0.80, 0.80, 1.00, 0.80834, 0.42881
1593, 494, 1.09059, 2.62162, 0.91162, -0.16371, 0.42708, 0.88662, 0.80, 0.80, 0.80, 1.00, 0.87231, 0.47948
1594, 509, 0.33798, 1.08197, 1.31417, -0.08992, 0.29632, 0.9486, 0.80, 0.80, 0.80, 1.00, 0.90361, 0.60723
1595, 492, 1.36718, 2.3718, 0.98387, 0.01388, 0.30355, 0.94997, 0.80, 0.80, 0.80, 1.00, 0.91128, 0.48716
1596, 510, 0.15984, 1.18374, 1.26116, -0.33997, 0.36306, 0.86573, 0.80, 0.80, 0.80, 1.00, 0.86396, 0.60688
1597, 509, 0.33798, 1.08197, 1.31417, -0.08992, 0.29632, 0.9486, 0.80, 0.80, 0.80, 1.00, 0.90361, 0.60723
1598, 494, 1.09059, 2.62162, 0.91162, -0.16371, 0.42708, 0.88662, 0.80, 0.80, 0.80, 1.00, 0.87231, 0.47948
1599, 498, 1.36718, 2.3718, 0.98387, 0.70255, -0.49137, 0.50392, 0.80, 0.80, 0.80, 1.00, 0.92291, 0.48464
1600, 511, 0.39106, 1.03537, 1.20398, 0.8699, -0.361, 0.31903, 0.80, 0.80, 0.80, 1.00, 0.95139, 0.60668
1601, 496, 1.53383, 2.27089, 0.65421, 0.72424, -0.6555, 0.18699, 0.80, 0.80, 0.80, 1.00, 0.96337, 0.47594
1602, 512, 0.33798, 1.08197, 1.31417, 0.82037, -0.25227, 0.50186, 0.80, 0.80, 0.80, 1.00, 0.92935, 0.60822
1603, 511, 0.39106, 1.03537, 1.20398, 0.8699, -0.361, 0.31903, 0.80, 0.80, 0.80, 1.00, 0.95139, 0.60668
1604, 498, 1.36718, 2.3718, 0.98387, 0.70255, -0.49137, 0.50392, 0.80, 0.80, 0.80, 1.00, 0.92291, 0.48464
1605, 500, 1.41154, 2.18244, 0.33689, 0.25214, -0.55288, -0.79076, 0.80, 0.80, 0.80, 1.00, 0.73448, 0.47956
1606, 513, 0.21485, 1.04674, 1.00873, 0.00263, -0.54458, -0.83448, 0.80, 0.80, 0.80, 1.00, 0.76975, 0.60446
1607, 502, 1.17418, 2.26223, 0.20972, -0.19355, -0.29387, -0.93234, 0.80, 0.80, 0.80, 1.00, 0.76451, 0.47946
1608, 514, 0.37265, 1.02988, 1.07446, 0.25079, -0.60301, -0.75321, 0.80, 0.80, 0.80, 1.00, 0.74022, 0.60392
1609, 513, 0.21485, 1.04674, 1.00873, 0.00263, -0.54458, -0.83448, 0.80, 0.80, 0.80, 1.00, 0.76975, 0.60446
1610, 500, 1.41154, 2.18244, 0.33689, 0.25214, -0.55288, -0.79076, 0.80, 0.80, 0.80, 1.00, 0.73448, 0.47956
1611, 496, 1.53383, 2.27089, 0.65421, 0.72424, -0.6555, 0.18699, 0.80, 0.80, 0.80, 1.00, 0.96337, 0.47594
1612, 515, 0.37265, 1.02988, 1.07446, 0.84307, -0.52251, -0.08499, 0.80, 0.80, 0.80, 1.00, 0.97059, 0.60313
1613, 504, 1.41154, 2.18244, 0.33689, 0.69098, -0.71266, -0.06985, 0.80, 0.80, 0.80, 1.00, 0.99852, 0.47698
1614, 511, 0.39106, 1.03537, 1.20398, 0.8699, -0.361, 0.31903, 0.80, 0.80, 0.80, 1.00, 0.95139, 0.60668
1615, 515, 0.37265, 1.02988, 1.07446, 0.84307, -0.52251, -0.08499, 0.80, 0.80, 0.80, 1.00, 0.97059, 0.60313
1616, 496, 1.53383, 2.27089, 0.65421, 0.72424, -0.6555, 0.18699, 0.80, 0.80, 0.80, 1.00, 0.96337, 0.47594
1617, 502, 1.17418, 2.26223, 0.20972, -0.19355, -0.29387, -0.93234, 0.80, 0.80, 0.80, 1.00, 0.76451, 0.47946
1618, 516, 0.0538, 1.14183, 1.09273, -0.70944, -0.17696, -0.6739, 0.80, 0.80, 0.80, 1.00, 0.80086, 0.60553
1619, 505, 0.79989, 2.54847, 0.34986, -0.69272, 0.33636, -0.62945, 0.80, 0.80, 0.80, 1.00, 0.81, 0.47876
1620, 513, 0.21485, 1.04674, 1.00873, 0.00263, -0.54458, -0.83448, 0.80, 0.80, 0.80, 1.00, 0.76975, 0.60446
1621, 516, 0.0538, 1.14183, 1.09273, -0.70944, -0.17696, -0.6739, 0.80, 0.80, 0.80, 1.00, 0.80086, 0.60553
1622, 502, 1.17418, 2.26223, 0.20972, -0.19355, -0.29387, -0.93234, 0.80, 0.80, 0.80, 1.00, 0.76451, 0.47946
1623, 508, 0.85019, 2.68738, 0.75649, -0.64938, 0.66783, 0.35316, 0.80, 0.80, 0.80, 1.00, 0.84635, 0.47958
1624, 510, 0.15984, 1.18374, 1.26116, -0.33997, 0.36306, 0.86573, 0.80, 0.80, 0.80, 1.00, 0.86396, 0.60688
1625, 494, 1.09059, 2.62162, 0.91162, -0.16371, 0.42708, 0.88662, 0.80, 0.80, 0.80, 1.00, 0.87231, 0.47948
1626, 517, 0.03589, 1.19555, 1.19242, -0.92633, 0.29817, 0.21526, 0.80, 0.80, 0.80, 1.00, 0.8338, 0.60579
1627, 510, 0.15984, 1.18374, 1.26116, -0.33997, 0.36306, 0.86573, 0.80, 0.80, 0.80, 1.00, 0.86396, 0.60688
1628, 508, 0.85019, 2.68738, 0.75649, -0.64938, 0.66783, 0.35316, 0.80, 0.80, 0.80, 1.00, 0.84635, 0.47958
1629, 505, 0.79989, 2.54847, 0.34986, -0.69272, 0.33636, -0.62945, 0.80, 0.80, 0.80, 1.00, 0.81, 0.47876
1630, 517, 0.03589, 1.19555, 1.19242, -0.92633, 0.29817, 0.21526, 0.80, 0.80, 0.80, 1.00, 0.8338, 0.60579
1631, 508, 0.85019, 2.68738, 0.75649, -0.64938, 0.66783, 0.35316, 0.80, 0.80, 0.80, 1.00, 0.84635, 0.47958
1632, 516, 0.0538, 1.14183, 1.09273, -0.70944, -0.17696, -0.6739, 0.80, 0.80, 0.80, 1.00, 0.80086, 0.60553
1633, 517, 0.03589, 1.19555, 1.19242, -0.92633, 0.29817, 0.21526, 0.80, 0.80, 0.80, 1.00, 0.8338, 0.60579
1634, 505, 0.79989, 2.54847, 0.34986, -0.69272, 0.33636, -0.62945, 0.80, 0.80, 0.80, 1.00, 0.81, 0.47876
1635, 518, 1.07852, 0.69779, 1.68202, 0.10897, -0.8596, 0.48618, 0.80, 0.80, 0.80, 1.00, 0.46676, 0.42347
1636, 519, 0.88481, 0.69695, 1.72548, 0.14153, -0.8496, 0.49516, 0.80, 0.80, 0.80, 1.00, 0.47813, 0.44864
1637, 520, 1.0473, 0.50814, 1.35129, 0.13341, -0.8522, 0.49297, 0.80, 0.80, 0.80, 1.00, 0.40971, 0.43767
1638, 520, 1.0473, 0.50814, 1.35129, 0.13341, -0.8522, 0.49297, 0.80, 0.80, 0.80, 1.00, 0.40971, 0.43767
1639, 519, 0.88481, 0.69695, 1.72548, 0.14153, -0.8496, 0.49516, 0.80, 0.80, 0.80, 1.00, 0.47813, 0.44864
1640, 521, 0.98512, 0.45147, 1.27493, 0.15774, -0.8442, 0.49942, 0.80, 0.80, 0.80, 1.00, 0.3972, 0.44864
1641, 521, 0.98512, 0.45147, 1.27493, 0.15774, -0.8442, 0.49942, 0.80, 0.80, 0.80, 1.00, 0.3972, 0.44864
1642, 519, 0.88481, 0.69695, 1.72548, 0.14153, -0.8496, 0.49516, 0.80, 0.80, 0.80, 1.00, 0.47813, 0.44864
1643, 522, 0.68412, 0.65135, 1.71284, 0.15807, -0.84415, 0.49939, 0.80, 0.80, 0.80, 1.00, 0.47895, 0.49995
1644, 523, 0.69112, 0.38065, 1.24956, 0.15842, -0.84406, 0.49942, 0.80, 0.80, 0.80, 1.00, 0.3972, 0.51328
1645, 521, 0.98512, 0.45147, 1.27493, 0.15774, -0.8442, 0.49942, 0.80, 0.80, 0.80, 1.00, 0.3972, 0.44864
1646, 522, 0.68412, 0.65135, 1.71284, 0.15807, -0.84415, 0.49939, 0.80, 0.80, 0.80, 1.00, 0.47895, 0.49995
1647, 524, -0.10042, 0.75011, 1.46497, -0.26252, -0.86503, 0.41881, 0.80, 0.80, 0.80, 1.00, 0.47606, 0.58889
1648, 523, 0.69112, 0.38065, 1.24956, 0.15842, -0.84406, 0.49942, 0.80, 0.80, 0.80, 1.00, 0.3972, 0.51328
1649, 522, 0.68412, 0.65135, 1.71284, 0.15807, -0.84415, 0.49939, 0.80, 0.80, 0.80, 1.00, 0.47895, 0.49995
1650, 523, 0.69112, 0.38065, 1.24956, 0.15842, -0.84406, 0.49942, 0.80, 0.80, 0.80, 1.00, 0.3972, 0.51328
1651, 524, -0.10042, 0.75011, 1.46497, -0.26252, -0.86503, 0.41881, 0.80, 0.80, 0.80, 1.00, 0.47606, 0.58889
1652, 525, -0.02181, 0.55773, 1.11188, -0.26283, -0.86496, 0.41877, 0.80, 0.80, 0.80, 1.00, 0.41264, 0.58889
1653, 526, -0.18658, 0.70945, 1.32579, -0.26318, -0.86491, 0.41867, 0.80, 0.80, 0.80, 1.00, 0.45706, 0.60475
1654, 525, -0.02181, 0.55773, 1.11188, -0.26283, -0.86496, 0.41877, 0.80, 0.80, 0.80, 1.00, 0.41264, 0.58889
1655, 524, -0.10042, 0.75011, 1.46497, -0.26252, -0.86503, 0.41881, 0.80, 0.80, 0.80, 1.00, 0.47606, 0.58889
1656, 527, -0.14955, 0.61883, 1.15948, -0.26318, -0.86491, 0.41867, 0.80, 0.80, 0.80, 1.00, 0.42718, 0.60475
1657, 525, -0.02181, 0.55773, 1.11188, -0.26283, -0.86496, 0.41877, 0.80, 0.80, 0.80, 1.00, 0.41264, 0.58889
1658, 526, -0.18658, 0.70945, 1.32579, -0.26318, -0.86491, 0.41867, 0.80, 0.80, 0.80, 1.00, 0.45706, 0.60475
1659, 528, 0.15984, 1.18374, 1.26116, 0.05999, 0.78151, 0.613, 0.80, 0.80, 0.80, 1.00, 0.66336, 0.47671
1660, 529, 0.42886, 0.97752, 1.43599, 0.04775, 0.65512, 0.74834, 0.80, 0.80, 0.80, 1.00, 0.613, 0.50877
1661, 530, 0.33798, 1.08197, 1.31417, 0.33242, 0.8192, 0.455, 0.80, 0.80, 0.80, 1.00, 0.63352, 0.488
1662, 531, 0.16537, 1.093, 1.36172, -0.19848, 0.60867, 0.76398, 0.80, 0.80, 0.80, 1.00, 0.65619, 0.49774
1663, 529, 0.42886, 0.97752, 1.43599, 0.04775, 0.65512, 0.74834, 0.80, 0.80, 0.80, 1.00, 0.613, 0.50877
1664, 528, 0.15984, 1.18374, 1.26116, 0.05999, 0.78151, 0.613, 0.80, 0.80, 0.80, 1.00, 0.66336, 0.47671
1665, 532, 0.33798, 1.08197, 1.31417, 0.73498, 0.66968, 0.04674, 0.80, 0.80, 0.80, 1.00, 0.6264, 0.43644
1666, 533, 0.50283, 0.90397, 1.2827, 0.65516, 0.73721, -0.13973, 0.80, 0.80, 0.80, 1.00, 0.60121, 0.46273
1667, 534, 0.39106, 1.03537, 1.20398, 0.80266, 0.58078, -0.10536, 0.80, 0.80, 0.80, 1.00, 0.62276, 0.45986
1668, 535, 0.42886, 0.97752, 1.43599, 0.61741, 0.77699, -0.08078, 0.80, 0.80, 0.80, 1.00, 0.60648, 0.4294
1669, 533, 0.50283, 0.90397, 1.2827, 0.65516, 0.73721, -0.13973, 0.80, 0.80, 0.80, 1.00, 0.60121, 0.46273
1670, 532, 0.33798, 1.08197, 1.31417, 0.73498, 0.66968, 0.04674, 0.80, 0.80, 0.80, 1.00, 0.6264, 0.43644
1671, 536, 0.37265, 1.02988, 1.07446, 0.38791, 0.04795, -0.92015, 0.80, 0.80, 0.80, 1.00, 0.63415, 0.48306
1672, 537, 0.24128, 0.90368, 1.01295, 0.03345, -0.01979, -0.99752, 0.80, 0.80, 0.80, 1.00, 0.65226, 0.50274
1673, 538, 0.21485, 1.04674, 1.00873, -0.21468, -0.05222, -0.97208, 0.80, 0.80, 0.80, 1.00, 0.65918, 0.48292
1674, 539, 0.46997, 0.879, 1.10686, 0.38228, 0.03268, -0.92314, 0.80, 0.80, 0.80, 1.00, 0.61603, 0.50288
1675, 537, 0.24128, 0.90368, 1.01295, 0.03345, -0.01979, -0.99752, 0.80, 0.80, 0.80, 1.00, 0.65226, 0.50274
1676, 536, 0.37265, 1.02988, 1.07446, 0.38791, 0.04795, -0.92015, 0.80, 0.80, 0.80, 1.00, 0.63415, 0.48306
1677, 534, 0.39106, 1.03537, 1.20398, 0.80266, 0.58078, -0.10536, 0.80, 0.80, 0.80, 1.00, 0.62276, 0.45986
1678, 540, 0.46997, 0.879, 1.10686, 0.74529, 0.62961, -0.20397, 0.80, 0.80, 0.80, 1.00, 0.61265, 0.49168
1679, 541, 0.37265, 1.02988, 1.07446, 0.84264, 0.51158, -0.14698, 0.80, 0.80, 0.80, 1.00, 0.63066, 0.48026
1680, 533, 0.50283, 0.90397, 1.2827, 0.65516, 0.73721, -0.13973, 0.80, 0.80, 0.80, 1.00, 0.60121, 0.46273
1681, 540, 0.46997, 0.879, 1.10686, 0.74529, 0.62961, -0.20397, 0.80, 0.80, 0.80, 1.00, 0.61265, 0.49168
1682, 534, 0.39106, 1.03537, 1.20398, 0.80266, 0.58078, -0.10536, 0.80, 0.80, 0.80, 1.00, 0.62276, 0.45986
1683, 538, 0.21485, 1.04674, 1.00873, -0.21468, -0.05222, -0.97208, 0.80, 0.80, 0.80, 1.00, 0.65918, 0.48292
1684, 542, 0.00938, 1.03448, 1.12727, -0.43967, 0.00819, -0.89328, 0.80, 0.80, 0.80, 1.00, 0.68234, 0.5018
1685, 543, 0.0538, 1.14183, 1.09273, -0.48896, -0.07262, -0.8639, 0.80, 0.80, 0.80, 1.00, 0.67997, 0.48197
1686, 537, 0.24128, 0.90368, 1.01295, 0.03345, -0.01979, -0.99752, 0.80, 0.80, 0.80, 1.00, 0.65226, 0.50274
1687, 542, 0.00938, 1.03448, 1.12727, -0.43967, 0.00819, -0.89328, 0.80, 0.80, 0.80, 1.00, 0.68234, 0.5018
1688, 538, 0.21485, 1.04674, 1.00873, -0.21468, -0.05222, -0.97208, 0.80, 0.80, 0.80, 1.00, 0.65918, 0.48292
1689, 544, 0.03589, 1.19555, 1.19242, -0.29071, 0.69822, 0.64861, 0.80, 0.80, 0.80, 1.00, 0.68422, 0.47557
1690, 531, 0.16537, 1.093, 1.36172, -0.19848, 0.60867, 0.76398, 0.80, 0.80, 0.80, 1.00, 0.65619, 0.49774
1691, 528, 0.15984, 1.18374, 1.26116, 0.05999, 0.78151, 0.613, 0.80, 0.80, 0.80, 1.00, 0.66336, 0.47671
1692, 545, -0.01517, 1.10846, 1.26519, -0.33495, 0.6014, 0.72132, 0.80, 0.80, 0.80, 1.00, 0.68637, 0.49661
1693, 531, 0.16537, 1.093, 1.36172, -0.19848, 0.60867, 0.76398, 0.80, 0.80, 0.80, 1.00, 0.65619, 0.49774
1694, 544, 0.03589, 1.19555, 1.19242, -0.29071, 0.69822, 0.64861, 0.80, 0.80, 0.80, 1.00, 0.68422, 0.47557
1695, 546, 0.0538, 1.14183, 1.09273, -0.9057, 0.27317, -0.30676, 0.80, 0.80, 0.80, 1.00, 0.72368, 0.47984
1696, 547, -0.01517, 1.10846, 1.26519, -0.92042, 0.35208, -0.13698, 0.80, 0.80, 0.80, 1.00, 0.70022, 0.49868
1697, 548, 0.03589, 1.19555, 1.19242, -0.90599, 0.27179, -0.30714, 0.80, 0.80, 0.80, 1.00, 0.70521, 0.47975
1698, 549, 0.00938, 1.03448, 1.12727, -0.85826, 0.35481, -0.35524, 0.80, 0.80, 0.80, 1.00, 0.72573, 0.49878
1699, 547, -0.01517, 1.10846, 1.26519, -0.92042, 0.35208, -0.13698, 0.80, 0.80, 0.80, 1.00, 0.70022, 0.49868
1700, 546, 0.0538, 1.14183, 1.09273, -0.9057, 0.27317, -0.30676, 0.80, 0.80, 0.80, 1.00, 0.72368, 0.47984
1701, 550, 0.87054, 0.77927, 1.66464, -0.02189, 0.70542, 0.70208, 0.80, 0.80, 0.80, 1.00, 0.52788, 0.55185
1702, 551, 1.07852, 0.69779, 1.68202, 0.15716, 0.57933, 0.79405, 0.80, 0.80, 0.80, 1.00, 0.50024, 0.57157
1703, 552, 1.06614, 0.81825, 1.6006, 0.05461, 0.75701, 0.64318, 0.80, 0.80, 0.80, 1.00, 0.4989, 0.54593
1704, 553, 0.88481, 0.69695, 1.72548, -0.06452, 0.57788, 0.80922, 0.80, 0.80, 0.80, 1.00, 0.52788, 0.57
1705, 551, 1.07852, 0.69779, 1.68202, 0.15716, 0.57933, 0.79405, 0.80, 0.80, 0.80, 1.00, 0.50024, 0.57157
1706, 550, 0.87054, 0.77927, 1.66464, -0.02189, 0.70542, 0.70208, 0.80, 0.80, 0.80, 1.00, 0.52788, 0.55185
1707, 553, 0.88481, 0.69695, 1.72548, -0.06452, 0.57788, 0.80922, 0.80, 0.80, 0.80, 1.00, 0.52788, 0.57
1708, 550, 0.87054, 0.77927, 1.66464, -0.02189, 0.70542, 0.70208, 0.80, 0.80, 0.80, 1.00, 0.52788, 0.55185
1709, 554, 0.67724, 0.74239, 1.64882, -0.18077, 0.6327, 0.74835, 0.80, 0.80, 0.80, 1.00, 0.58286, 0.55047
1710, 553, 0.88481, 0.69695, 1.72548, -0.06452, 0.57788, 0.80922, 0.80, 0.80, 0.80, 1.00, 0.52788, 0.57
1711, 554, 0.67724, 0.74239, 1.64882, -0.18077, 0.6327, 0.74835, 0.80, 0.80, 0.80, 1.00, 0.58286, 0.55047
1712, 555, 0.68412, 0.65135, 1.71284, -0.20896, 0.53732, 0.81364, 0.80, 0.80, 0.80, 1.00, 0.5842, 0.57
1713, 555, 0.68412, 0.65135, 1.71284, -0.20896, 0.53732, 0.81364, 0.80, 0.80, 0.80, 1.00, 0.5842, 0.57
1714, 554, 0.67724, 0.74239, 1.64882, -0.18077, 0.6327, 0.74835, 0.80, 0.80, 0.80, 1.00, 0.58286, 0.55047
1715, 556, -0.05111, 0.84612, 1.4145, -0.21677, 0.48744, 0.84286, 0.80, 0.80, 0.80, 1.00, 0.67917, 0.54944
1716, 555, 0.68412, 0.65135, 1.71284, -0.20896, 0.53732, 0.81364, 0.80, 0.80, 0.80, 1.00, 0.5842, 0.57
1717, 556, -0.05111, 0.84612, 1.4145, -0.21677, 0.48744, 0.84286, 0.80, 0.80, 0.80, 1.00, 0.67917, 0.54944
1718, 557, -0.10042, 0.75011, 1.46497, -0.19531, 0.5266, 0.82402, 0.80, 0.80, 0.80, 1.00, 0.68185, 0.57014
1719, 558, -0.10042, 0.75011, 1.46497, -0.76387, 0.51446, 0.3814, 0.80, 0.80, 0.80, 1.00, 0.69837, 0.57075
1720, 559, -0.05111, 0.84612, 1.4145, -0.76549, 0.47169, 0.43117, 0.80, 0.80, 0.80, 1.00, 0.69902, 0.55084
1721, 560, -0.14712, 0.83116, 1.25901, -0.89973, 0.42472, 0.03332, 0.80, 0.80, 0.80, 1.00, 0.71007, 0.54633
1722, 561, -0.18658, 0.70945, 1.32579, -0.95625, 0.26637, -0.07261, 0.80, 0.80, 0.80, 1.00, 0.70942, 0.57075
1723, 558, -0.10042, 0.75011, 1.46497, -0.76387, 0.51446, 0.3814, 0.80, 0.80, 0.80, 1.00, 0.69837, 0.57075
1724, 560, -0.14712, 0.83116, 1.25901, -0.89973, 0.42472, 0.03332, 0.80, 0.80, 0.80, 1.00, 0.71007, 0.54633
1725, 562, 1.0473, 0.50814, 1.35129, 0.79376, -0.14376, -0.5877, 0.80, 0.80, 0.80, 1.00, 0.51498, 0.57085
1726, 563, 0.96676, 0.54379, 1.23245, 0.46974, -0.05073, -0.88054, 0.80, 0.80, 0.80, 1.00, 0.52674, 0.55375
1727, 564, 1.03083, 0.6386, 1.28822, 0.57473, 0.08739, -0.81267, 0.80, 0.80, 0.80, 1.00, 0.51367, 0.54669
1728, 562, 1.0473, 0.50814, 1.35129, 0.79376, -0.14376, -0.5877, 0.80, 0.80, 0.80, 1.00, 0.51498, 0.57085
1729, 565, 0.98512, 0.45147, 1.27493, 0.41299, -0.31035, -0.85468, 0.80, 0.80, 0.80, 1.00, 0.52674, 0.57085
1730, 563, 0.96676, 0.54379, 1.23245, 0.46974, -0.05073, -0.88054, 0.80, 0.80, 0.80, 1.00, 0.52674, 0.55375
1731, 563, 0.96676, 0.54379, 1.23245, 0.46974, -0.05073, -0.88054, 0.80, 0.80, 0.80, 1.00, 0.52674, 0.55375
1732, 565, 0.98512, 0.45147, 1.27493, 0.41299, -0.31035, -0.85468, 0.80, 0.80, 0.80, 1.00, 0.52674, 0.57085
1733, 566, 0.68015, 0.48169, 1.20389, 0.12608, -0.19857, -0.97006, 0.80, 0.80, 0.80, 1.00, 0.5947, 0.55245
1734, 566, 0.68015, 0.48169, 1.20389, 0.12608, -0.19857, -0.97006, 0.80, 0.80, 0.80, 1.00, 0.5947, 0.55245
1735, 565, 0.98512, 0.45147, 1.27493, 0.41299, -0.31035, -0.85468, 0.80, 0.80, 0.80, 1.00, 0.52674, 0.57085
1736, 567, 0.69112, 0.38065, 1.24956, 0.08871, -0.40566, -0.90686, 0.80, 0.80, 0.80, 1.00, 0.59601, 0.57085
1737, 566, 0.68015, 0.48169, 1.20389, 0.12608, -0.19857, -0.97006, 0.80, 0.80, 0.80, 1.00, 0.5947, 0.55245
1738, 567, 0.69112, 0.38065, 1.24956, 0.08871, -0.40566, -0.90686, 0.80, 0.80, 0.80, 1.00, 0.59601, 0.57085
1739, 568, 0.02472, 0.66052, 1.07386, -0.058, -0.25882, -0.96137, 0.80, 0.80, 0.80, 1.00, 0.67443, 0.55148
1740, 568, 0.02472, 0.66052, 1.07386, -0.058, -0.25882, -0.96137, 0.80, 0.80, 0.80, 1.00, 0.67443, 0.55148
1741, 567, 0.69112, 0.38065, 1.24956, 0.08871, -0.40566, -0.90686, 0.80, 0.80, 0.80, 1.00, 0.59601, 0.57085
1742, 569, -0.02181, 0.55773, 1.11188, -0.23165, -0.27473, -0.92928, 0.80, 0.80, 0.80, 1.00, 0.67705, 0.57098
1743, 568, 0.02472, 0.66052, 1.07386, -0.058, -0.25882, -0.96137, 0.80, 0.80, 0.80, 1.00, 0.67443, 0.55148
1744, 569, -0.02181, 0.55773, 1.11188, -0.23165, -0.27473, -0.92928, 0.80, 0.80, 0.80, 1.00, 0.67705, 0.57098
1745, 570, -0.11287, 0.74733, 1.10515, -0.33568, -0.06251, -0.93582, 0.80, 0.80, 0.80, 1.00, 0.69404, 0.54707
1746, 569, -0.02181, 0.55773, 1.11188, -0.23165, -0.27473, -0.92928, 0.80, 0.80, 0.80, 1.00, 0.67705, 0.57098
1747, 571, -0.14955, 0.61883, 1.15948, -0.43224, -0.23882, -0.86425, 0.80, 0.80, 0.80, 1.00, 0.69404, 0.57098
1748, 570, -0.11287, 0.74733, 1.10515, -0.33568, -0.06251, -0.93582, 0.80, 0.80, 0.80, 1.00, 0.69404, 0.54707
1749, 561, -0.18658, 0.70945, 1.32579, -0.95625, 0.26637, -0.07261, 0.80, 0.80, 0.80, 1.00, 0.70942, 0.57075
1750, 560, -0.14712, 0.83116, 1.25901, -0.89973, 0.42472, 0.03332, 0.80, 0.80, 0.80, 1.00, 0.71007, 0.54633
1751, 572, -0.11287, 0.74733, 1.10515, -0.91221, 0.22685, -0.32464, 0.80, 0.80, 0.80, 1.00, 0.72613, 0.54633
1752, 573, -0.14955, 0.61883, 1.15948, -0.94132, 0.14571, -0.28633, 0.80, 0.80, 0.80, 1.00, 0.72678, 0.57075
1753, 561, -0.18658, 0.70945, 1.32579, -0.95625, 0.26637, -0.07261, 0.80, 0.80, 0.80, 1.00, 0.70942, 0.57075
1754, 572, -0.11287, 0.74733, 1.10515, -0.91221, 0.22685, -0.32464, 0.80, 0.80, 0.80, 1.00, 0.72613, 0.54633
1755, 574, 1.06614, 0.81825, 1.6006, 0.98645, 0.01912, -0.12876, 0.80, 0.80, 0.80, 1.00, 0.55657, 0.50775
1756, 575, 1.07852, 0.69779, 1.68202, 0.98541, 0.04072, -0.1319, 0.80, 0.80, 0.80, 1.00, 0.55825, 0.52848
1757, 576, 1.03083, 0.6386, 1.28822, 0.98541, 0.04072, -0.1319, 0.80, 0.80, 0.80, 1.00, 0.50171, 0.50648
1758, 576, 1.03083, 0.6386, 1.28822, 0.98541, 0.04072, -0.1319, 0.80, 0.80, 0.80, 1.00, 0.50171, 0.50648
1759, 575, 1.07852, 0.69779, 1.68202, 0.98541, 0.04072, -0.1319, 0.80, 0.80, 0.80, 1.00, 0.55825, 0.52848
1760, 577, 1.0473, 0.50814, 1.35129, 0.98389, 0.06231, -0.13497, 0.80, 0.80, 0.80, 1.00, 0.50002, 0.5272
1761, 578, 0.72985, 0.82889, 1.54565, 0.11229, 0.90828, -0.38742, 0.80, 0.80, 0.80, 1.00, 0.55726, 0.43544
1762, 579, 1.06614, 0.81825, 1.6006, 0.17309, 0.86006, -0.46815, 0.80, 0.80, 0.80, 1.00, 0.49574, 0.43934
1763, 580, 0.79617, 0.67275, 1.23145, 0.16557, 0.88095, -0.43001, 0.80, 0.80, 0.80, 1.00, 0.55726, 0.50127
1764, 580, 0.79617, 0.67275, 1.23145, 0.16557, 0.88095, -0.43001, 0.80, 0.80, 0.80, 1.00, 0.55726, 0.50127
1765, 579, 1.06614, 0.81825, 1.6006, 0.17309, 0.86006, -0.46815, 0.80, 0.80, 0.80, 1.00, 0.49574, 0.43934
1766, 581, 1.03083, 0.6386, 1.28822, 0.24434, 0.82133, -0.50548, 0.80, 0.80, 0.80, 1.00, 0.51087, 0.5034
1767, 533, 0.50283, 0.90397, 1.2827, 0.65516, 0.73721, -0.13973, 0.80, 0.80, 0.80, 1.00, 0.60121, 0.46273
1768, 580, 0.79617, 0.67275, 1.23145, 0.16557, 0.88095, -0.43001, 0.80, 0.80, 0.80, 1.00, 0.55726, 0.50127
1769, 540, 0.46997, 0.879, 1.10686, 0.74529, 0.62961, -0.20397, 0.80, 0.80, 0.80, 1.00, 0.61265, 0.49168
1770, 580, 0.79617, 0.67275, 1.23145, 0.16557, 0.88095, -0.43001, 0.80, 0.80, 0.80, 1.00, 0.55726, 0.50127
1771, 533, 0.50283, 0.90397, 1.2827, 0.65516, 0.73721, -0.13973, 0.80, 0.80, 0.80, 1.00, 0.60121, 0.46273
1772, 578, 0.72985, 0.82889, 1.54565, 0.11229, 0.90828, -0.38742, 0.80, 0.80, 0.80, 1.00, 0.55726, 0.43544
1773, 578, 0.72985, 0.82889, 1.54565, 0.11229, 0.90828, -0.38742, 0.80, 0.80, 0.80, 1.00, 0.55726, 0.43544
1774, 533, 0.50283, 0.90397, 1.2827, 0.65516, 0.73721, -0.13973, 0.80, 0.80, 0.80, 1.00, 0.60121, 0.46273
1775, 535, 0.42886, 0.97752, 1.43599, 0.61741, 0.77699, -0.08078, 0.80, 0.80, 0.80, 1.00, 0.60648, 0.4294
1776, 582, 0.79617, 0.67275, 1.23145, 0.17572, 0.16204, -0.96934, 0.80, 0.80, 0.80, 1.00, 0.56032, 0.53081
1777, 564, 1.03083, 0.6386, 1.28822, 0.57473, 0.08739, -0.81267, 0.80, 0.80, 0.80, 1.00, 0.51367, 0.54669
1778, 563, 0.96676, 0.54379, 1.23245, 0.46974, -0.05073, -0.88054, 0.80, 0.80, 0.80, 1.00, 0.52674, 0.55375
1779, 582, 0.79617, 0.67275, 1.23145, 0.17572, 0.16204, -0.96934, 0.80, 0.80, 0.80, 1.00, 0.56032, 0.53081
1780, 563, 0.96676, 0.54379, 1.23245, 0.46974, -0.05073, -0.88054, 0.80, 0.80, 0.80, 1.00, 0.52674, 0.55375
1781, 566, 0.68015, 0.48169, 1.20389, 0.12608, -0.19857, -0.97006, 0.80, 0.80, 0.80, 1.00, 0.5947, 0.55245
1782, 582, 0.79617, 0.67275, 1.23145, 0.17572, 0.16204, -0.96934, 0.80, 0.80, 0.80, 1.00, 0.56032, 0.53081
1783, 566, 0.68015, 0.48169, 1.20389, 0.12608, -0.19857, -0.97006, 0.80, 0.80, 0.80, 1.00, 0.5947, 0.55245
1784, 539, 0.46997, 0.879, 1.10686, 0.38228, 0.03268, -0.92314, 0.80, 0.80, 0.80, 1.00, 0.61603, 0.50288
1785, 539, 0.46997, 0.879, 1.10686, 0.38228, 0.03268, -0.92314, 0.80, 0.80, 0.80, 1.00, 0.61603, 0.50288
1786, 566, 0.68015, 0.48169, 1.20389, 0.12608, -0.19857, -0.97006, 0.80, 0.80, 0.80, 1.00, 0.5947, 0.55245
1787, 537, 0.24128, 0.90368, 1.01295, 0.03345, -0.01979, -0.99752, 0.80, 0.80, 0.80, 1.00, 0.65226, 0.50274
1788, 537, 0.24128, 0.90368, 1.01295, 0.03345, -0.01979, -0.99752, 0.80, 0.80, 0.80, 1.00, 0.65226, 0.50274
1789, 566, 0.68015, 0.48169, 1.20389, 0.12608, -0.19857, -0.97006, 0.80, 0.80, 0.80, 1.00, 0.5947, 0.55245
1790, 568, 0.02472, 0.66052, 1.07386, -0.058, -0.25882, -0.96137, 0.80, 0.80, 0.80, 1.00, 0.67443, 0.55148
1791, 583, 0.72985, 0.82889, 1.54565, -0.10489, 0.82669, 0.54325, 0.80, 0.80, 0.80, 1.00, 0.56228, 0.52987
1792, 550, 0.87054, 0.77927, 1.66464, -0.02189, 0.70542, 0.70208, 0.80, 0.80, 0.80, 1.00, 0.52788, 0.55185
1793, 552, 1.06614, 0.81825, 1.6006, 0.05461, 0.75701, 0.64318, 0.80, 0.80, 0.80, 1.00, 0.4989, 0.54593
1794, 554, 0.67724, 0.74239, 1.64882, -0.18077, 0.6327, 0.74835, 0.80, 0.80, 0.80, 1.00, 0.58286, 0.55047
1795, 550, 0.87054, 0.77927, 1.66464, -0.02189, 0.70542, 0.70208, 0.80, 0.80, 0.80, 1.00, 0.52788, 0.55185
1796, 583, 0.72985, 0.82889, 1.54565, -0.10489, 0.82669, 0.54325, 0.80, 0.80, 0.80, 1.00, 0.56228, 0.52987
1797, 529, 0.42886, 0.97752, 1.43599, 0.04775, 0.65512, 0.74834, 0.80, 0.80, 0.80, 1.00, 0.613, 0.50877
1798, 554, 0.67724, 0.74239, 1.64882, -0.18077, 0.6327, 0.74835, 0.80, 0.80, 0.80, 1.00, 0.58286, 0.55047
1799, 583, 0.72985, 0.82889, 1.54565, -0.10489, 0.82669, 0.54325, 0.80, 0.80, 0.80, 1.00, 0.56228, 0.52987
1800, 556, -0.05111, 0.84612, 1.4145, -0.21677, 0.48744, 0.84286, 0.80, 0.80, 0.80, 1.00, 0.67917, 0.54944
1801, 554, 0.67724, 0.74239, 1.64882, -0.18077, 0.6327, 0.74835, 0.80, 0.80, 0.80, 1.00, 0.58286, 0.55047
1802, 529, 0.42886, 0.97752, 1.43599, 0.04775, 0.65512, 0.74834, 0.80, 0.80, 0.80, 1.00, 0.613, 0.50877
1803, 531, 0.16537, 1.093, 1.36172, -0.19848, 0.60867, 0.76398, 0.80, 0.80, 0.80, 1.00, 0.65619, 0.49774
1804, 556, -0.05111, 0.84612, 1.4145, -0.21677, 0.48744, 0.84286, 0.80, 0.80, 0.80, 1.00, 0.67917, 0.54944
1805, 529, 0.42886, 0.97752, 1.43599, 0.04775, 0.65512, 0.74834, 0.80, 0.80, 0.80, 1.00, 0.613, 0.50877
1806, 545, -0.01517, 1.10846, 1.26519, -0.33495, 0.6014, 0.72132, 0.80, 0.80, 0.80, 1.00, 0.68637, 0.49661
1807, 556, -0.05111, 0.84612, 1.4145, -0.21677, 0.48744, 0.84286, 0.80, 0.80, 0.80, 1.00, 0.67917, 0.54944
1808, 531, 0.16537, 1.093, 1.36172, -0.19848, 0.60867, 0.76398, 0.80, 0.80, 0.80, 1.00, 0.65619, 0.49774
1809, 560, -0.14712, 0.83116, 1.25901, -0.89973, 0.42472, 0.03332, 0.80, 0.80, 0.80, 1.00, 0.71007, 0.54633
1810, 559, -0.05111, 0.84612, 1.4145, -0.76549, 0.47169, 0.43117, 0.80, 0.80, 0.80, 1.00, 0.69902, 0.55084
1811, 547, -0.01517, 1.10846, 1.26519, -0.92042, 0.35208, -0.13698, 0.80, 0.80, 0.80, 1.00, 0.70022, 0.49868
1812, 568, 0.02472, 0.66052, 1.07386, -0.058, -0.25882, -0.96137, 0.80, 0.80, 0.80, 1.00, 0.67443, 0.55148
1813, 570, -0.11287, 0.74733, 1.10515, -0.33568, -0.06251, -0.93582, 0.80, 0.80, 0.80, 1.00, 0.69404, 0.54707
1814, 537, 0.24128, 0.90368, 1.01295, 0.03345, -0.01979, -0.99752, 0.80, 0.80, 0.80, 1.00, 0.65226, 0.50274
1815, 537, 0.24128, 0.90368, 1.01295, 0.03345, -0.01979, -0.99752, 0.80, 0.80, 0.80, 1.00, 0.65226, 0.50274
1816, 570, -0.11287, 0.74733, 1.10515, -0.33568, -0.06251, -0.93582, 0.80, 0.80, 0.80, 1.00, 0.69404, 0.54707
1817, 542, 0.00938, 1.03448, 1.12727, -0.43967, 0.00819, -0.89328, 0.80, 0.80, 0.80, 1.00, 0.68234, 0.5018
1818, 560, -0.14712, 0.83116, 1.25901, -0.89973, 0.42472, 0.03332, 0.80, 0.80, 0.80, 1.00, 0.71007, 0.54633
1819, 549, 0.00938, 1.03448, 1.12727, -0.85826, 0.35481, -0.35524, 0.80, 0.80, 0.80, 1.00, 0.72573, 0.49878
1820, 572, -0.11287, 0.74733, 1.10515, -0.91221, 0.22685, -0.32464, 0.80, 0.80, 0.80, 1.00, 0.72613, 0.54633
1821, 549, 0.00938, 1.03448, 1.12727, -0.85826, 0.35481, -0.35524, 0.80, 0.80, 0.80, 1.00, 0.72573, 0.49878
1822, 560, -0.14712, 0.83116, 1.25901, -0.89973, 0.42472, 0.03332, 0.80, 0.80, 0.80, 1.00, 0.71007, 0.54633
1823, 547, -0.01517, 1.10846, 1.26519, -0.92042, 0.35208, -0.13698, 0.80, 0.80, 0.80, 1.00, 0.70022, 0.49868
1824, 584, 0.87237, 7.39672, 0.55886, 0.74737, -0.46735, 0.47015, 0.80, 0.80, 0.80, 1.00, 0.35388, 0.02254
1825, 585, 0.68706, 7.23482, 0.69273, 0.47381, -0.65847, 0.58331, 0.80, 0.80, 0.80, 1.00, 0.33854, 0.04987
1826, 586, 0.86677, 7.30727, 0.47902, 0.73989, -0.49357, 0.45498, 0.80, 0.80, 0.80, 1.00, 0.36012, 0.04638
1827, 587, 0.95994, 7.58848, 0.3567, 0.99556, -0.03029, -0.07569, 0.80, 0.80, 0.80, 1.00, 0.40394, 0.00465
1828, 588, 0.87237, 7.39672, 0.55886, 0.95229, -0.2321, 0.1926, 0.80, 0.80, 0.80, 1.00, 0.3538, 0.02288
1829, 589, 0.86677, 7.30727, 0.47902, 0.94783, -0.28356, 0.13822, 0.80, 0.80, 0.80, 1.00, 0.36004, 0.04671
1830, 266, 0.55938, 7.2605, 0.69463, -0.13589, -0.60282, 0.78507, 0.80, 0.80, 0.80, 1.00, 0.33048, 0.05465
1831, 265, 0.63397, 7.04254, 0.56515, 0.25805, -0.53614, 0.80285, 0.80, 0.80, 0.80, 1.00, 0.32881, 0.12721
1832, 585, 0.68706, 7.23482, 0.69273, 0.47381, -0.65847, 0.58331, 0.80, 0.80, 0.80, 1.00, 0.33854, 0.04987
1833, 585, 0.68706, 7.23482, 0.69273, 0.47381, -0.65847, 0.58331, 0.80, 0.80, 0.80, 1.00, 0.33854, 0.04987
1834, 265, 0.63397, 7.04254, 0.56515, 0.25805, -0.53614, 0.80285, 0.80, 0.80, 0.80, 1.00, 0.32881, 0.12721
1835, 590, 0.88584, 7.15763, 0.2836, 0.84473, -0.44443, 0.29566, 0.80, 0.80, 0.80, 1.00, 0.36494, 0.10422
1836, 585, 0.68706, 7.23482, 0.69273, 0.47381, -0.65847, 0.58331, 0.80, 0.80, 0.80, 1.00, 0.33854, 0.04987
1837, 590, 0.88584, 7.15763, 0.2836, 0.84473, -0.44443, 0.29566, 0.80, 0.80, 0.80, 1.00, 0.36494, 0.10422
1838, 586, 0.86677, 7.30727, 0.47902, 0.73989, -0.49357, 0.45498, 0.80, 0.80, 0.80, 1.00, 0.36012, 0.04638
1839, 587, 0.95994, 7.58848, 0.3567, 0.99556, -0.03029, -0.07569, 0.80, 0.80, 0.80, 1.00, 0.40394, 0.00465
1840, 589, 0.86677, 7.30727, 0.47902, 0.94783, -0.28356, 0.13822, 0.80, 0.80, 0.80, 1.00, 0.36004, 0.04671
1841, 591, 0.85389, 7.37915, -0.00265, 0.74187, 0.21378, -0.63424, 0.80, 0.80, 0.80, 1.00, 0.40507, 0.07599
1842, 591, 0.85389, 7.37915, -0.00265, 0.74187, 0.21378, -0.63424, 0.80, 0.80, 0.80, 1.00, 0.40507, 0.07599
1843, 589, 0.86677, 7.30727, 0.47902, 0.94783, -0.28356, 0.13822, 0.80, 0.80, 0.80, 1.00, 0.36004, 0.04671
1844, 592, 0.88584, 7.15763, 0.2836, 0.97152, -0.11913, -0.20054, 0.80, 0.80, 0.80, 1.00, 0.36486, 0.10456
1845, 587, 0.95994, 7.58848, 0.3567, 0.99556, -0.03029, -0.07569, 0.80, 0.80, 0.80, 1.00, 0.40394, 0.00465
1846, 591, 0.85389, 7.37915, -0.00265, 0.74187, 0.21378, -0.63424, 0.80, 0.80, 0.80, 1.00, 0.40507, 0.07599
1847, 593, 0.84199, 7.70988, 0.28267, 0.55772, 0.52642, -0.64028, 0.80, 0.80, 0.80, 1.00, 0.42678, 0.00025
1848, 593, 0.84199, 7.70988, 0.28267, 0.55772, 0.52642, -0.64028, 0.80, 0.80, 0.80, 1.00, 0.42678, 0.00025
1849, 591, 0.85389, 7.37915, -0.00265, 0.74187, 0.21378, -0.63424, 0.80, 0.80, 0.80, 1.00, 0.40507, 0.07599
1850, 271, 0.48593, 7.54967, 0.02754, -0.24644, 0.56445, -0.78697, 0.80, 0.80, 0.80, 1.00, 0.43519, 0.06053
1851, 593, 0.84199, 7.70988, 0.28267, 0.55772, 0.52642, -0.64028, 0.80, 0.80, 0.80, 1.00, 0.42678, 0.00025
1852, 271, 0.48593, 7.54967, 0.02754, -0.24644, 0.56445, -0.78697, 0.80, 0.80, 0.80, 1.00, 0.43519, 0.06053
1853, 272, 0.70384, 7.77961, 0.27534, 0.19854, 0.7344, -0.64788, 0.80, 0.80, 0.80, 1.00, 0.439, -0.00075
1854, 594, 0.87443, 7.41598, 0.97711, 0.42151, -0.66251, 0.61785, 0.80, 0.80, 0.80, 1.00, 0.4328, 0.34516
1855, 273, 0.55656, 7.19565, 0.88949, -0.26588, -0.85777, 0.43872, 0.80, 0.80, 0.80, 1.00, 0.39733, 0.41452
1856, 595, 0.71919, 7.19565, 0.79441, 0.3211, -0.94611, -0.03707, 0.80, 0.80, 0.80, 1.00, 0.42681, 0.41326
1857, 594, 0.87443, 7.41598, 0.97711, 0.42151, -0.66251, 0.61785, 0.80, 0.80, 0.80, 1.00, 0.4328, 0.34516
1858, 276, 0.64972, 7.39724, 1.07335, -0.17014, -0.67635, 0.71552, 0.80, 0.80, 0.80, 1.00, 0.39649, 0.35562
1859, 273, 0.55656, 7.19565, 0.88949, -0.26588, -0.85777, 0.43872, 0.80, 0.80, 0.80, 1.00, 0.39733, 0.41452
1860, 594, 0.87443, 7.41598, 0.97711, 0.42151, -0.66251, 0.61785, 0.80, 0.80, 0.80, 1.00, 0.4328, 0.34516
1861, 277, 0.67149, 7.44115, 1.12719, -0.10228, -0.52741, 0.84227, 0.80, 0.80, 0.80, 1.00, 0.39738, 0.33798
1862, 276, 0.64972, 7.39724, 1.07335, -0.17014, -0.67635, 0.71552, 0.80, 0.80, 0.80, 1.00, 0.39649, 0.35562
1863, 278, 0.70681, 7.53026, 1.15366, -0.01965, -0.33021, 0.94255, 0.80, 0.80, 0.80, 1.00, 0.39649, 0.31324
1864, 277, 0.67149, 7.44115, 1.12719, -0.10228, -0.52741, 0.84227, 0.80, 0.80, 0.80, 1.00, 0.39738, 0.33798
1865, 594, 0.87443, 7.41598, 0.97711, 0.42151, -0.66251, 0.61785, 0.80, 0.80, 0.80, 1.00, 0.4328, 0.34516
1866, 278, 0.70681, 7.53026, 1.15366, -0.01965, -0.33021, 0.94255, 0.80, 0.80, 0.80, 1.00, 0.39649, 0.31324
1867, 594, 0.87443, 7.41598, 0.97711, 0.42151, -0.66251, 0.61785, 0.80, 0.80, 0.80, 1.00, 0.4328, 0.34516
1868, 596, 0.93214, 7.53294, 1.02045, 0.44564, -0.49624, 0.74372, 0.80, 0.80, 0.80, 1.00, 0.43423, 0.31062
1869, 597, 1.0202, 7.87828, 1.15373, 0.62427, -0.31807, 0.71196, 0.80, 0.80, 0.80, 1.00, 0.42726, 0.21528
1870, 280, 0.84711, 7.87836, 1.27872, -0.00341, -0.2896, 0.95599, 0.80, 0.80, 0.80, 1.00, 0.39567, 0.21373
1871, 598, 0.94672, 7.6581, 1.11992, 0.55755, -0.38065, 0.73625, 0.80, 0.80, 0.80, 1.00, 0.42919, 0.25769
1872, 283, 0.7697, 7.69228, 1.18934, -0.05395, -0.41398, 0.90753, 0.80, 0.80, 0.80, 1.00, 0.39649, 0.25639
1873, 598, 0.94672, 7.6581, 1.11992, 0.55755, -0.38065, 0.73625, 0.80, 0.80, 0.80, 1.00, 0.42919, 0.25769
1874, 280, 0.84711, 7.87836, 1.27872, -0.00341, -0.2896, 0.95599, 0.80, 0.80, 0.80, 1.00, 0.39567, 0.21373
1875, 285, 0.91691, 8.07423, 1.26348, 0.24013, 0.39945, 0.88382, 0.80, 0.80, 0.80, 1.00, 0.42794, 0.21506
1876, 284, 0.84711, 7.87836, 1.27872, 0.11257, 0.01778, 0.9924, 0.80, 0.80, 0.80, 1.00, 0.39618, 0.21377
1877, 599, 1.07733, 8.00989, 1.14171, 0.73186, -0.07599, 0.67549, 0.80, 0.80, 0.80, 1.00, 0.44333, 0.18059
1878, 599, 1.07733, 8.00989, 1.14171, 0.73186, -0.07599, 0.67549, 0.80, 0.80, 0.80, 1.00, 0.44333, 0.18059
1879, 284, 0.84711, 7.87836, 1.27872, 0.11257, 0.01778, 0.9924, 0.80, 0.80, 0.80, 1.00, 0.39618, 0.21377
1880, 600, 1.0202, 7.87828, 1.15373, 0.64853, -0.21516, 0.72857, 0.80, 0.80, 0.80, 1.00, 0.42484, 0.18234
1881, 273, 0.55656, 7.19565, 0.88949, -0.26588, -0.85777, 0.43872, 0.80, 0.80, 0.80, 1.00, 0.39733, 0.41452
1882, 288, 0.55938, 7.2605, 0.69463, -0.35494, -0.88754, -0.29285, 0.80, 0.80, 0.80, 1.00, 0.39905, 0.42646
1883, 595, 0.71919, 7.19565, 0.79441, 0.3211, -0.94611, -0.03707, 0.80, 0.80, 0.80, 1.00, 0.42681, 0.41326
1884, 595, 0.71919, 7.19565, 0.79441, 0.3211, -0.94611, -0.03707, 0.80, 0.80, 0.80, 1.00, 0.42681, 0.41326
1885, 288, 0.55938, 7.2605, 0.69463, -0.35494, -0.88754, -0.29285, 0.80, 0.80, 0.80, 1.00, 0.39905, 0.42646
1886, 601, 0.68706, 7.23482, 0.69273, 0.10499, -0.91641, -0.38586, 0.80, 0.80, 0.80, 1.00, 0.41852, 0.42068
1887, 595, 0.71919, 7.19565, 0.79441, 0.3211, -0.94611, -0.03707, 0.80, 0.80, 0.80, 1.00, 0.42681, 0.41326
1888, 601, 0.68706, 7.23482, 0.69273, 0.10499, -0.91641, -0.38586, 0.80, 0.80, 0.80, 1.00, 0.41852, 0.42068
1889, 602, 0.87237, 7.39672, 0.55886, 0.5677, -0.77078, -0.28776, 0.80, 0.80, 0.80, 1.00, 0.48682, 0.40128
1890, 597, 1.0202, 7.87828, 1.15373, 0.62427, -0.31807, 0.71196, 0.80, 0.80, 0.80, 1.00, 0.42726, 0.21528
1891, 598, 0.94672, 7.6581, 1.11992, 0.55755, -0.38065, 0.73625, 0.80, 0.80, 0.80, 1.00, 0.42919, 0.25769
1892, 603, 1.11945, 7.85072, 1.03439, 0.69338, -0.34115, 0.63296, 0.80, 0.80, 0.80, 1.00, 0.45139, 0.227
1893, 603, 1.11945, 7.85072, 1.03439, 0.69338, -0.34115, 0.63296, 0.80, 0.80, 0.80, 1.00, 0.45139, 0.227
1894, 598, 0.94672, 7.6581, 1.11992, 0.55755, -0.38065, 0.73625, 0.80, 0.80, 0.80, 1.00, 0.42919, 0.25769
1895, 604, 1.02453, 7.61656, 1.00827, 0.69994, -0.35329, 0.61894, 0.80, 0.80, 0.80, 1.00, 0.44396, 0.28677
1896, 605, 1.02453, 7.61656, 1.00827, 0.83281, -0.39297, 0.38723, 0.80, 0.80, 0.80, 1.00, 0.44418, 0.28677
1897, 606, 0.93214, 7.53294, 1.02045, 0.57171, -0.52798, 0.62645, 0.80, 0.80, 0.80, 1.00, 0.43445, 0.31062
1898, 607, 1.03072, 7.52894, 0.92714, 0.78095, -0.53031, 0.32724, 0.80, 0.80, 0.80, 1.00, 0.45208, 0.31432
1899, 606, 0.93214, 7.53294, 1.02045, 0.57171, -0.52798, 0.62645, 0.80, 0.80, 0.80, 1.00, 0.43445, 0.31062
1900, 608, 0.87443, 7.41598, 0.97711, 0.5988, -0.59103, 0.53882, 0.80, 0.80, 0.80, 1.00, 0.43301, 0.34516
1901, 607, 1.03072, 7.52894, 0.92714, 0.78095, -0.53031, 0.32724, 0.80, 0.80, 0.80, 1.00, 0.45208, 0.31432
1902, 607, 1.03072, 7.52894, 0.92714, 0.78095, -0.53031, 0.32724, 0.80, 0.80, 0.80, 1.00, 0.45208, 0.31432
1903, 608, 0.87443, 7.41598, 0.97711, 0.5988, -0.59103, 0.53882, 0.80, 0.80, 0.80, 1.00, 0.43301, 0.34516
1904, 609, 0.95328, 7.42308, 0.87774, 0.75843, -0.64925, 0.04341, 0.80, 0.80, 0.80, 1.00, 0.44661, 0.34908
1905, 594, 0.87443, 7.41598, 0.97711, 0.42151, -0.66251, 0.61785, 0.80, 0.80, 0.80, 1.00, 0.4328, 0.34516
1906, 595, 0.71919, 7.19565, 0.79441, 0.3211, -0.94611, -0.03707, 0.80, 0.80, 0.80, 1.00, 0.42681, 0.41326
1907, 610, 0.95328, 7.42308, 0.87774, 0.66254, -0.73493, 0.14039, 0.80, 0.80, 0.80, 1.00, 0.44639, 0.34908
1908, 610, 0.95328, 7.42308, 0.87774, 0.66254, -0.73493, 0.14039, 0.80, 0.80, 0.80, 1.00, 0.44639, 0.34908
1909, 595, 0.71919, 7.19565, 0.79441, 0.3211, -0.94611, -0.03707, 0.80, 0.80, 0.80, 1.00, 0.42681, 0.41326
1910, 602, 0.87237, 7.39672, 0.55886, 0.5677, -0.77078, -0.28776, 0.80, 0.80, 0.80, 1.00, 0.48682, 0.40128
1911, 607, 1.03072, 7.52894, 0.92714, 0.78095, -0.53031, 0.32724, 0.80, 0.80, 0.80, 1.00, 0.45208, 0.31432
1912, 609, 0.95328, 7.42308, 0.87774, 0.75843, -0.64925, 0.04341, 0.80, 0.80, 0.80, 1.00, 0.44661, 0.34908
1913, 611, 1.08872, 7.6594, 0.66833, 0.84818, -0.51111, -0.1333, 0.80, 0.80, 0.80, 1.00, 0.51159, 0.31455
1914, 612, 0.95766, 7.47216, 0.553, 0.76993, -0.59866, -0.21788, 0.80, 0.80, 0.80, 1.00, 0.51356, 0.37896
1915, 609, 0.95328, 7.42308, 0.87774, 0.75843, -0.64925, 0.04341, 0.80, 0.80, 0.80, 1.00, 0.44661, 0.34908
1916, 613, 0.87237, 7.39672, 0.55886, 0.62894, -0.73255, -0.2586, 0.80, 0.80, 0.80, 1.00, 0.48703, 0.40128
1917, 609, 0.95328, 7.42308, 0.87774, 0.75843, -0.64925, 0.04341, 0.80, 0.80, 0.80, 1.00, 0.44661, 0.34908
1918, 612, 0.95766, 7.47216, 0.553, 0.76993, -0.59866, -0.21788, 0.80, 0.80, 0.80, 1.00, 0.51356, 0.37896
1919, 611, 1.08872, 7.6594, 0.66833, 0.84818, -0.51111, -0.1333, 0.80, 0.80, 0.80, 1.00, 0.51159, 0.31455
1920, 605, 1.02453, 7.61656, 1.00827, 0.83281, -0.39297, 0.38723, 0.80, 0.80, 0.80, 1.00, 0.44418, 0.28677
1921, 607, 1.03072, 7.52894, 0.92714, 0.78095, -0.53031, 0.32724, 0.80, 0.80, 0.80, 1.00, 0.45208, 0.31432
1922, 614, 1.14069, 7.74342, 0.72966, 0.92591, -0.36796, 0.07299, 0.80, 0.80, 0.80, 1.00, 0.50903, 0.28505
1923, 614, 1.14069, 7.74342, 0.72966, 0.92591, -0.36796, 0.07299, 0.80, 0.80, 0.80, 1.00, 0.50903, 0.28505
1924, 607, 1.03072, 7.52894, 0.92714, 0.78095, -0.53031, 0.32724, 0.80, 0.80, 0.80, 1.00, 0.45208, 0.31432
1925, 611, 1.08872, 7.6594, 0.66833, 0.84818, -0.51111, -0.1333, 0.80, 0.80, 0.80, 1.00, 0.51159, 0.31455
1926, 605, 1.02453, 7.61656, 1.00827, 0.83281, -0.39297, 0.38723, 0.80, 0.80, 0.80, 1.00, 0.44418, 0.28677
1927, 614, 1.14069, 7.74342, 0.72966, 0.92591, -0.36796, 0.07299, 0.80, 0.80, 0.80, 1.00, 0.50903, 0.28505
1928, 615, 1.11945, 7.85072, 1.03439, 0.88894, -0.40724, 0.20487, 0.80, 0.80, 0.80, 1.00, 0.45161, 0.227
1929, 615, 1.11945, 7.85072, 1.03439, 0.88894, -0.40724, 0.20487, 0.80, 0.80, 0.80, 1.00, 0.45161, 0.227
1930, 614, 1.14069, 7.74342, 0.72966, 0.92591, -0.36796, 0.07299, 0.80, 0.80, 0.80, 1.00, 0.50903, 0.28505
1931, 616, 1.20325, 7.92635, 0.83854, 0.92832, -0.36181, 0.07307, 0.80, 0.80, 0.80, 1.00, 0.50946, 0.22644
1932, 600, 1.0202, 7.87828, 1.15373, 0.64853, -0.21516, 0.72857, 0.80, 0.80, 0.80, 1.00, 0.42484, 0.18234
1933, 617, 1.11945, 7.85072, 1.03439, 0.85668, -0.15129, 0.49082, 0.80, 0.80, 0.80, 1.00, 0.44778, 0.16183
1934, 599, 1.07733, 8.00989, 1.14171, 0.73186, -0.07599, 0.67549, 0.80, 0.80, 0.80, 1.00, 0.44333, 0.18059
1935, 599, 1.07733, 8.00989, 1.14171, 0.73186, -0.07599, 0.67549, 0.80, 0.80, 0.80, 1.00, 0.44333, 0.18059
1936, 617, 1.11945, 7.85072, 1.03439, 0.85668, -0.15129, 0.49082, 0.80, 0.80, 0.80, 1.00, 0.44778, 0.16183
1937, 618, 1.18857, 8.07512, 0.93218, 0.92932, 0.11818, 0.34663, 0.80, 0.80, 0.80, 1.00, 0.49524, 0.16213
1938, 618, 1.18857, 8.07512, 0.93218, 0.92932, 0.11818, 0.34663, 0.80, 0.80, 0.80, 1.00, 0.49524, 0.16213
1939, 617, 1.11945, 7.85072, 1.03439, 0.85668, -0.15129, 0.49082, 0.80, 0.80, 0.80, 1.00, 0.44778, 0.16183
1940, 619, 1.20325, 7.92635, 0.83854, 0.97729, -0.02531, 0.2049, 0.80, 0.80, 0.80, 1.00, 0.49757, 0.14886
1941, 308, 0.95138, 8.21685, 1.09949, 0.33378, 0.74706, 0.57415, 0.80, 0.80, 0.80, 1.00, 0.45335, 0.2274
1942, 285, 0.91691, 8.07423, 1.26348, 0.24013, 0.39945, 0.88382, 0.80, 0.80, 0.80, 1.00, 0.42794, 0.21506
1943, 620, 1.10292, 8.13323, 1.09052, 0.66864, 0.49746, 0.5512, 0.80, 0.80, 0.80, 1.00, 0.46816, 0.18293
1944, 620, 1.10292, 8.13323, 1.09052, 0.66864, 0.49746, 0.5512, 0.80, 0.80, 0.80, 1.00, 0.46816, 0.18293
1945, 285, 0.91691, 8.07423, 1.26348, 0.24013, 0.39945, 0.88382, 0.80, 0.80, 0.80, 1.00, 0.42794, 0.21506
1946, 599, 1.07733, 8.00989, 1.14171, 0.73186, -0.07599, 0.67549, 0.80, 0.80, 0.80, 1.00, 0.44333, 0.18059
1947, 620, 1.10292, 8.13323, 1.09052, 0.66864, 0.49746, 0.5512, 0.80, 0.80, 0.80, 1.00, 0.46816, 0.18293
1948, 599, 1.07733, 8.00989, 1.14171, 0.73186, -0.07599, 0.67549, 0.80, 0.80, 0.80, 1.00, 0.44333, 0.18059
1949, 618, 1.18857, 8.07512, 0.93218, 0.92932, 0.11818, 0.34663, 0.80, 0.80, 0.80, 1.00, 0.49524, 0.16213
1950, 310, 0.97949, 8.37873, 0.81023, 0.35477, 0.88356, 0.30484, 0.80, 0.80, 0.80, 1.00, 0.55016, 0.22415
1951, 620, 1.10292, 8.13323, 1.09052, 0.66864, 0.49746, 0.5512, 0.80, 0.80, 0.80, 1.00, 0.46816, 0.18293
1952, 621, 1.13917, 8.28923, 0.77563, 0.70231, 0.70373, 0.10126, 0.80, 0.80, 0.80, 1.00, 0.55016, 0.18074
1953, 308, 0.95138, 8.21685, 1.09949, 0.33378, 0.74706, 0.57415, 0.80, 0.80, 0.80, 1.00, 0.45335, 0.2274
1954, 620, 1.10292, 8.13323, 1.09052, 0.66864, 0.49746, 0.5512, 0.80, 0.80, 0.80, 1.00, 0.46816, 0.18293
1955, 310, 0.97949, 8.37873, 0.81023, 0.35477, 0.88356, 0.30484, 0.80, 0.80, 0.80, 1.00, 0.55016, 0.22415
1956, 620, 1.10292, 8.13323, 1.09052, 0.66864, 0.49746, 0.5512, 0.80, 0.80, 0.80, 1.00, 0.46816, 0.18293
1957, 618, 1.18857, 8.07512, 0.93218, 0.92932, 0.11818, 0.34663, 0.80, 0.80, 0.80, 1.00, 0.49524, 0.16213
1958, 621, 1.13917, 8.28923, 0.77563, 0.70231, 0.70373, 0.10126, 0.80, 0.80, 0.80, 1.00, 0.55016, 0.18074
1959, 621, 1.13917, 8.28923, 0.77563, 0.70231, 0.70373, 0.10126, 0.80, 0.80, 0.80, 1.00, 0.55016, 0.18074
1960, 618, 1.18857, 8.07512, 0.93218, 0.92932, 0.11818, 0.34663, 0.80, 0.80, 0.80, 1.00, 0.49524, 0.16213
1961, 622, 1.2123, 8.1849, 0.71871, 0.91878, 0.35886, -0.15819, 0.80, 0.80, 0.80, 1.00, 0.55127, 0.16103
1962, 622, 1.2123, 8.1849, 0.71871, 0.91878, 0.35886, -0.15819, 0.80, 0.80, 0.80, 1.00, 0.55127, 0.16103
1963, 618, 1.18857, 8.07512, 0.93218, 0.92932, 0.11818, 0.34663, 0.80, 0.80, 0.80, 1.00, 0.49524, 0.16213
1964, 619, 1.20325, 7.92635, 0.83854, 0.97729, -0.02531, 0.2049, 0.80, 0.80, 0.80, 1.00, 0.49757, 0.14886
1965, 622, 1.2123, 8.1849, 0.71871, 0.91878, 0.35886, -0.15819, 0.80, 0.80, 0.80, 1.00, 0.55127, 0.16103
1966, 619, 1.20325, 7.92635, 0.83854, 0.97729, -0.02531, 0.2049, 0.80, 0.80, 0.80, 1.00, 0.49757, 0.14886
1967, 623, 1.22702, 8.05049, 0.64467, 0.93654, 0.24089, -0.25045, 0.80, 0.80, 0.80, 1.00, 0.55127, 0.14899
1968, 616, 1.20325, 7.92635, 0.83854, 0.92832, -0.36181, 0.07307, 0.80, 0.80, 0.80, 1.00, 0.50946, 0.22644
1969, 614, 1.14069, 7.74342, 0.72966, 0.92591, -0.36796, 0.07299, 0.80, 0.80, 0.80, 1.00, 0.50903, 0.28505
1970, 624, 1.22702, 8.05049, 0.64467, 0.9531, -0.11002, -0.27816, 0.80, 0.80, 0.80, 1.00, 0.55034, 0.22487
1971, 624, 1.22702, 8.05049, 0.64467, 0.9531, -0.11002, -0.27816, 0.80, 0.80, 0.80, 1.00, 0.55034, 0.22487
1972, 614, 1.14069, 7.74342, 0.72966, 0.92591, -0.36796, 0.07299, 0.80, 0.80, 0.80, 1.00, 0.50903, 0.28505
1973, 625, 1.17955, 7.86317, 0.5348, 0.87444, -0.13679, -0.46326, 0.80, 0.80, 0.80, 1.00, 0.54659, 0.28123
1974, 614, 1.14069, 7.74342, 0.72966, 0.92591, -0.36796, 0.07299, 0.80, 0.80, 0.80, 1.00, 0.50903, 0.28505
1975, 611, 1.08872, 7.6594, 0.66833, 0.84818, -0.51111, -0.1333, 0.80, 0.80, 0.80, 1.00, 0.51159, 0.31455
1976, 625, 1.17955, 7.86317, 0.5348, 0.87444, -0.13679, -0.46326, 0.80, 0.80, 0.80, 1.00, 0.54659, 0.28123
1977, 625, 1.17955, 7.86317, 0.5348, 0.87444, -0.13679, -0.46326, 0.80, 0.80, 0.80, 1.00, 0.54659, 0.28123
1978, 611, 1.08872, 7.6594, 0.66833, 0.84818, -0.51111, -0.1333, 0.80, 0.80, 0.80, 1.00, 0.51159, 0.31455
1979, 626, 1.09918, 7.76796, 0.47344, 0.81227, -0.26119, -0.51974, 0.80, 0.80, 0.80, 1.00, 0.55114, 0.31553
1980, 611, 1.08872, 7.6594, 0.66833, 0.84818, -0.51111, -0.1333, 0.80, 0.80, 0.80, 1.00, 0.51159, 0.31455
1981, 612, 0.95766, 7.47216, 0.553, 0.76993, -0.59866, -0.21788, 0.80, 0.80, 0.80, 1.00, 0.51356, 0.37896
1982, 626, 1.09918, 7.76796, 0.47344, 0.81227, -0.26119, -0.51974, 0.80, 0.80, 0.80, 1.00, 0.55114, 0.31553
1983, 626, 1.09918, 7.76796, 0.47344, 0.81227, -0.26119, -0.51974, 0.80, 0.80, 0.80, 1.00, 0.55114, 0.31553
1984, 612, 0.95766, 7.47216, 0.553, 0.76993, -0.59866, -0.21788, 0.80, 0.80, 0.80, 1.00, 0.51356, 0.37896
1985, 627, 0.95994, 7.58848, 0.3567, 0.70838, -0.34584, -0.61393, 0.80, 0.80, 0.80, 1.00, 0.5597, 0.37925
1986, 612, 0.95766, 7.47216, 0.553, 0.76993, -0.59866, -0.21788, 0.80, 0.80, 0.80, 1.00, 0.51356, 0.37896
1987, 613, 0.87237, 7.39672, 0.55886, 0.62894, -0.73255, -0.2586, 0.80, 0.80, 0.80, 1.00, 0.48703, 0.40128
1988, 627, 0.95994, 7.58848, 0.3567, 0.70838, -0.34584, -0.61393, 0.80, 0.80, 0.80, 1.00, 0.5597, 0.37925
1989, 621, 1.13917, 8.28923, 0.77563, 0.70231, 0.70373, 0.10126, 0.80, 0.80, 0.80, 1.00, 0.55016, 0.18074
1990, 622, 1.2123, 8.1849, 0.71871, 0.91878, 0.35886, -0.15819, 0.80, 0.80, 0.80, 1.00, 0.55127, 0.16103
1991, 628, 1.09663, 8.29193, 0.65654, 0.61244, 0.64753, -0.45169, 0.80, 0.80, 0.80, 1.00, 0.579, 0.18414
1992, 622, 1.2123, 8.1849, 0.71871, 0.91878, 0.35886, -0.15819, 0.80, 0.80, 0.80, 1.00, 0.55127, 0.16103
1993, 623, 1.22702, 8.05049, 0.64467, 0.93654, 0.24089, -0.25045, 0.80, 0.80, 0.80, 1.00, 0.55127, 0.14899
1994, 629, 1.07511, 8.17477, 0.55019, 0.58229, 0.50523, -0.63544, 0.80, 0.80, 0.80, 1.00, 0.60997, 0.17511
1995, 622, 1.2123, 8.1849, 0.71871, 0.91878, 0.35886, -0.15819, 0.80, 0.80, 0.80, 1.00, 0.55127, 0.16103
1996, 629, 1.07511, 8.17477, 0.55019, 0.58229, 0.50523, -0.63544, 0.80, 0.80, 0.80, 1.00, 0.60997, 0.17511
1997, 628, 1.09663, 8.29193, 0.65654, 0.61244, 0.64753, -0.45169, 0.80, 0.80, 0.80, 1.00, 0.579, 0.18414
1998, 624, 1.22702, 8.05049, 0.64467, 0.9531, -0.11002, -0.27816, 0.80, 0.80, 0.80, 1.00, 0.55034, 0.22487
1999, 625, 1.17955, 7.86317, 0.5348, 0.87444, -0.13679, -0.46326, 0.80, 0.80, 0.80, 1.00, 0.54659, 0.28123
2000, 630, 1.07511, 8.17477, 0.55019, 0.55539, 0.35827, -0.74908, 0.80, 0.80, 0.80, 1.00, 0.58419, 0.22272
2001, 630, 1.07511, 8.17477, 0.55019, 0.55539, 0.35827, -0.74908, 0.80, 0.80, 0.80, 1.00, 0.58419, 0.22272
2002, 625, 1.17955, 7.86317, 0.5348, 0.87444, -0.13679, -0.46326, 0.80, 0.80, 0.80, 1.00, 0.54659, 0.28123
2003, 631, 1.02967, 7.99911, 0.41961, 0.51786, 0.25261, -0.81601, 0.80, 0.80, 0.80, 1.00, 0.58059, 0.27908
2004, 625, 1.17955, 7.86317, 0.5348, 0.87444, -0.13679, -0.46326, 0.80, 0.80, 0.80, 1.00, 0.54659, 0.28123
2005, 626, 1.09918, 7.76796, 0.47344, 0.81227, -0.26119, -0.51974, 0.80, 0.80, 0.80, 1.00, 0.55114, 0.31553
2006, 631, 1.02967, 7.99911, 0.41961, 0.51786, 0.25261, -0.81601, 0.80, 0.80, 0.80, 1.00, 0.58059, 0.27908
2007, 631, 1.02967, 7.99911, 0.41961, 0.51786, 0.25261, -0.81601, 0.80, 0.80, 0.80, 1.00, 0.58059, 0.27908
2008, 626, 1.09918, 7.76796, 0.47344, 0.81227, -0.26119, -0.51974, 0.80, 0.80, 0.80, 1.00, 0.55114, 0.31553
2009, 632, 0.99031, 7.87258, 0.36115, 0.50202, 0.11837, -0.85547, 0.80, 0.80, 0.80, 1.00, 0.57904, 0.31584
2010, 626, 1.09918, 7.76796, 0.47344, 0.81227, -0.26119, -0.51974, 0.80, 0.80, 0.80, 1.00, 0.55114, 0.31553
2011, 627, 0.95994, 7.58848, 0.3567, 0.70838, -0.34584, -0.61393, 0.80, 0.80, 0.80, 1.00, 0.5597, 0.37925
2012, 632, 0.99031, 7.87258, 0.36115, 0.50202, 0.11837, -0.85547, 0.80, 0.80, 0.80, 1.00, 0.57904, 0.31584
2013, 632, 0.99031, 7.87258, 0.36115, 0.50202, 0.11837, -0.85547, 0.80, 0.80, 0.80, 1.00, 0.57904, 0.31584
2014, 627, 0.95994, 7.58848, 0.3567, 0.70838, -0.34584, -0.61393, 0.80, 0.80, 0.80, 1.00, 0.5597, 0.37925
2015, 633, 0.84199, 7.70988, 0.28267, 0.30418, 0.15836, -0.9382, 0.80, 0.80, 0.80, 1.00, 0.5884, 0.37215
2016, 633, 0.84199, 7.70988, 0.28267, 0.30418, 0.15836, -0.9382, 0.80, 0.80, 0.80, 1.00, 0.5884, 0.37215
2017, 324, 0.77846, 7.96589, 0.33786, 0.03215, 0.36104, -0.93084, 0.80, 0.80, 0.80, 1.00, 0.60972, 0.31473
2018, 632, 0.99031, 7.87258, 0.36115, 0.50202, 0.11837, -0.85547, 0.80, 0.80, 0.80, 1.00, 0.57904, 0.31584
2019, 324, 0.77846, 7.96589, 0.33786, 0.03215, 0.36104, -0.93084, 0.80, 0.80, 0.80, 1.00, 0.60972, 0.31473
2020, 633, 0.84199, 7.70988, 0.28267, 0.30418, 0.15836, -0.9382, 0.80, 0.80, 0.80, 1.00, 0.5884, 0.37215
2021, 325, 0.70384, 7.77961, 0.27534, 0.01292, 0.31345, -0.94837, 0.80, 0.80, 0.80, 1.00, 0.61158, 0.36739
2022, 632, 0.99031, 7.87258, 0.36115, 0.50202, 0.11837, -0.85547, 0.80, 0.80, 0.80, 1.00, 0.57904, 0.31584
2023, 324, 0.77846, 7.96589, 0.33786, 0.03215, 0.36104, -0.93084, 0.80, 0.80, 0.80, 1.00, 0.60972, 0.31473
2024, 631, 1.02967, 7.99911, 0.41961, 0.51786, 0.25261, -0.81601, 0.80, 0.80, 0.80, 1.00, 0.58059, 0.27908
2025, 631, 1.02967, 7.99911, 0.41961, 0.51786, 0.25261, -0.81601, 0.80, 0.80, 0.80, 1.00, 0.58059, 0.27908
2026, 324, 0.77846, 7.96589, 0.33786, 0.03215, 0.36104, -0.93084, 0.80, 0.80, 0.80, 1.00, 0.60972, 0.31473
2027, 326, 0.83991, 8.116, 0.40075, 0.09356, 0.50735, -0.85549, 0.80, 0.80, 0.80, 1.00, 0.60881, 0.27062
2028, 631, 1.02967, 7.99911, 0.41961, 0.51786, 0.25261, -0.81601, 0.80, 0.80, 0.80, 1.00, 0.58059, 0.27908
2029, 326, 0.83991, 8.116, 0.40075, 0.09356, 0.50735, -0.85549, 0.80, 0.80, 0.80, 1.00, 0.60881, 0.27062
2030, 630, 1.07511, 8.17477, 0.55019, 0.55539, 0.35827, -0.74908, 0.80, 0.80, 0.80, 1.00, 0.58419, 0.22272
2031, 630, 1.07511, 8.17477, 0.55019, 0.55539, 0.35827, -0.74908, 0.80, 0.80, 0.80, 1.00, 0.58419, 0.22272
2032, 326, 0.83991, 8.116, 0.40075, 0.09356, 0.50735, -0.85549, 0.80, 0.80, 0.80, 1.00, 0.60881, 0.27062
2033, 327, 0.91297, 8.28208, 0.51767, 0.10788, 0.54016, -0.83346, 0.80, 0.80, 0.80, 1.00, 0.60935, 0.21549
2034, 629, 1.07511, 8.17477, 0.55019, 0.58229, 0.50523, -0.63544, 0.80, 0.80, 0.80, 1.00, 0.60997, 0.17511
2035, 328, 0.91297, 8.28208, 0.51767, 0.21279, 0.76238, -0.61, 0.80, 0.80, 0.80, 1.00, 0.6094, 0.21557
2036, 329, 0.96175, 8.37637, 0.6523, 0.27627, 0.87428, -0.3979, 0.80, 0.80, 0.80, 1.00, 0.58422, 0.22302
2037, 629, 1.07511, 8.17477, 0.55019, 0.58229, 0.50523, -0.63544, 0.80, 0.80, 0.80, 1.00, 0.60997, 0.17511
2038, 329, 0.96175, 8.37637, 0.6523, 0.27627, 0.87428, -0.3979, 0.80, 0.80, 0.80, 1.00, 0.58422, 0.22302
2039, 628, 1.09663, 8.29193, 0.65654, 0.61244, 0.64753, -0.45169, 0.80, 0.80, 0.80, 1.00, 0.579, 0.18414
2040, 621, 1.13917, 8.28923, 0.77563, 0.70231, 0.70373, 0.10126, 0.80, 0.80, 0.80, 1.00, 0.55016, 0.18074
2041, 329, 0.96175, 8.37637, 0.6523, 0.27627, 0.87428, -0.3979, 0.80, 0.80, 0.80, 1.00, 0.58422, 0.22302
2042, 310, 0.97949, 8.37873, 0.81023, 0.35477, 0.88356, 0.30484, 0.80, 0.80, 0.80, 1.00, 0.55016, 0.22415
2043, 329, 0.96175, 8.37637, 0.6523, 0.27627, 0.87428, -0.3979, 0.80, 0.80, 0.80, 1.00, 0.58422, 0.22302
2044, 621, 1.13917, 8.28923, 0.77563, 0.70231, 0.70373, 0.10126, 0.80, 0.80, 0.80, 1.00, 0.55016, 0.18074
2045, 628, 1.09663, 8.29193, 0.65654, 0.61244, 0.64753, -0.45169, 0.80, 0.80, 0.80, 1.00, 0.579, 0.18414
2046, 634, -0.3358, 7.42993, 0.40303, 0.03663, 0.99692, 0.06772, 0.80, 0.80, 0.80, 1.00, 0.00704, 0.58912
2047, 635, 0.18005, 7.49194, 0.28917, -0.09652, 0.99384, -0.05373, 0.80, 0.80, 0.80, 1.00, 0.1167, 0.56472
2048, 636, -0.48712, 7.45709, 0.08502, -0.07314, 0.92601, -0.36959, 0.80, 0.80, 0.80, 1.00, 0.00688, 0.58894
2049, 637, -0.31077, 5.25857, 0.55741, -0.89726, 0.30966, 0.31468, 0.80, 0.80, 0.80, 1.00, 0.05065, 0.87207
2050, 638, -0.54977, 5.45664, 0.08372, -0.94072, -0.02916, -0.33538, 0.80, 0.80, 0.80, 1.00, 0.05235, 0.84249
2051, 639, -0.42396, 5.31436, 0.17976, -0.95907, 0.25278, 0.12757, 0.80, 0.80, 0.80, 1.00, 0.10315, 0.8678
2052, 639, -0.42396, 5.31436, 0.17976, -0.95907, 0.25278, 0.12757, 0.80, 0.80, 0.80, 1.00, 0.10315, 0.8678
2053, 638, -0.54977, 5.45664, 0.08372, -0.94072, -0.02916, -0.33538, 0.80, 0.80, 0.80, 1.00, 0.05235, 0.84249
2054, 640, -0.44929, 5.50768, -0.23891, -0.89487, -0.08334, -0.43654, 0.80, 0.80, 0.80, 1.00, 0.0913, 0.83742
2055, 640, -0.44929, 5.50768, -0.23891, -0.89487, -0.08334, -0.43654, 0.80, 0.80, 0.80, 1.00, 0.0913, 0.83742
2056, 638, -0.54977, 5.45664, 0.08372, -0.94072, -0.02916, -0.33538, 0.80, 0.80, 0.80, 1.00, 0.05235, 0.84249
2057, 641, -0.60896, 5.6661, 0.13308, -0.974, -0.15078, -0.16411, 0.80, 0.80, 0.80, 1.00, 0.03203, 0.8169
2058, 640, -0.44929, 5.50768, -0.23891, -0.89487, -0.08334, -0.43654, 0.80, 0.80, 0.80, 1.00, 0.0913, 0.83742
2059, 641, -0.60896, 5.6661, 0.13308, -0.974, -0.15078, -0.16411, 0.80, 0.80, 0.80, 1.00, 0.03203, 0.8169
2060, 642, -0.48625, 5.66161, -0.20474, -0.83001, -0.10166, -0.54687, 0.80, 0.80, 0.80, 1.00, 0.07775, 0.8185
2061, 642, -0.48625, 5.66161, -0.20474, -0.83001, -0.10166, -0.54687, 0.80, 0.80, 0.80, 1.00, 0.07775, 0.8185
2062, 641, -0.60896, 5.6661, 0.13308, -0.974, -0.15078, -0.16411, 0.80, 0.80, 0.80, 1.00, 0.03203, 0.8169
2063, 643, -0.8201, 6.57399, 0.02828, -0.89939, 0.00247, -0.43512, 0.80, 0.80, 0.80, 1.00, 0.01288, 0.70971
2064, 641, -0.60896, 5.6661, 0.13308, -0.974, -0.15078, -0.16411, 0.80, 0.80, 0.80, 1.00, 0.03203, 0.8169
2065, 644, -0.49369, 6.42372, 0.42616, -0.89917, 0.0204, 0.43514, 0.80, 0.80, 0.80, 1.00, 0.01965, 0.71244
2066, 643, -0.8201, 6.57399, 0.02828, -0.89939, 0.00247, -0.43512, 0.80, 0.80, 0.80, 1.00, 0.01288, 0.70971
2067, 639, -0.42396, 5.31436, 0.17976, -0.95907, 0.25278, 0.12757, 0.80, 0.80, 0.80, 1.00, 0.10315, 0.8678
2068, 645, -0.32243, 5.49967, -0.40838, -0.52409, 0.00585, -0.85063, 0.80, 0.80, 0.80, 1.00, 0.12686, 0.83751
2069, 646, -0.4041, 5.30431, 0.0361, -0.87378, 0.29031, -0.39016, 0.80, 0.80, 0.80, 1.00, 0.13025, 0.86896
2070, 645, -0.32243, 5.49967, -0.40838, -0.52409, 0.00585, -0.85063, 0.80, 0.80, 0.80, 1.00, 0.12686, 0.83751
2071, 639, -0.42396, 5.31436, 0.17976, -0.95907, 0.25278, 0.12757, 0.80, 0.80, 0.80, 1.00, 0.10315, 0.8678
2072, 640, -0.44929, 5.50768, -0.23891, -0.89487, -0.08334, -0.43654, 0.80, 0.80, 0.80, 1.00, 0.0913, 0.83742
2073, 645, -0.32243, 5.49967, -0.40838, -0.52409, 0.00585, -0.85063, 0.80, 0.80, 0.80, 1.00, 0.12686, 0.83751
2074, 640, -0.44929, 5.50768, -0.23891, -0.89487, -0.08334, -0.43654, 0.80, 0.80, 0.80, 1.00, 0.0913, 0.83742
2075, 642, -0.48625, 5.66161, -0.20474, -0.83001, -0.10166, -0.54687, 0.80, 0.80, 0.80, 1.00, 0.07775, 0.8185
2076, 645, -0.32243, 5.49967, -0.40838, -0.52409, 0.00585, -0.85063, 0.80, 0.80, 0.80, 1.00, 0.12686, 0.83751
2077, 642, -0.48625, 5.66161, -0.20474, -0.83001, -0.10166, -0.54687, 0.80, 0.80, 0.80, 1.00, 0.07775, 0.8185
2078, 647, -0.29988, 5.67428, -0.39045, -0.33003, -0.00041, -0.94306, 0.80, 0.80, 0.80, 1.00, 0.12517, 0.81486
2079, 647, -0.29988, 5.67428, -0.39045, -0.33003, -0.00041, -0.94306, 0.80, 0.80, 0.80, 1.00, 0.12517, 0.81486
2080, 642, -0.48625, 5.66161, -0.20474, -0.83001, -0.10166, -0.54687, 0.80, 0.80, 0.80, 1.00, 0.07775, 0.8185
2081, 643, -0.8201, 6.57399, 0.02828, -0.89939, 0.00247, -0.43512, 0.80, 0.80, 0.80, 1.00, 0.01288, 0.70971
2082, 647, -0.29988, 5.67428, -0.39045, -0.33003, -0.00041, -0.94306, 0.80, 0.80, 0.80, 1.00, 0.12517, 0.81486
2083, 643, -0.8201, 6.57399, 0.02828, -0.89939, 0.00247, -0.43512, 0.80, 0.80, 0.80, 1.00, 0.01288, 0.70971
2084, 648, -0.27202, 6.79836, -0.40244, -0.36212, 0.25055, -0.89688, 0.80, 0.80, 0.80, 1.00, 0.10993, 0.6832
2085, 648, -0.27202, 6.79836, -0.40244, -0.36212, 0.25055, -0.89688, 0.80, 0.80, 0.80, 1.00, 0.10993, 0.6832
2086, 643, -0.8201, 6.57399, 0.02828, -0.89939, 0.00247, -0.43512, 0.80, 0.80, 0.80, 1.00, 0.01288, 0.70971
2087, 649, -0.70255, 6.90439, -0.0696, -0.52208, 0.33687, -0.78251, 0.80, 0.80, 0.80, 1.00, 0.00667, 0.67494
2088, 648, -0.27202, 6.79836, -0.40244, -0.36212, 0.25055, -0.89688, 0.80, 0.80, 0.80, 1.00, 0.10993, 0.6832
2089, 649, -0.70255, 6.90439, -0.0696, -0.52208, 0.33687, -0.78251, 0.80, 0.80, 0.80, 1.00, 0.00667, 0.67494
2090, 650, -0.59531, 7.30421, -0.01429, -0.48535, 0.39611, -0.77836, 0.80, 0.80, 0.80, 1.00, 0.00704, 0.61106
2091, 648, -0.27202, 6.79836, -0.40244, -0.36212, 0.25055, -0.89688, 0.80, 0.80, 0.80, 1.00, 0.10993, 0.6832
2092, 650, -0.59531, 7.30421, -0.01429, -0.48535, 0.39611, -0.77836, 0.80, 0.80, 0.80, 1.00, 0.00704, 0.61106
2093, 651, -0.1564, 7.28482, -0.30203, -0.26508, 0.54916, -0.7917, 0.80, 0.80, 0.80, 1.00, 0.10823, 0.6179
2094, 651, -0.1564, 7.28482, -0.30203, -0.26508, 0.54916, -0.7917, 0.80, 0.80, 0.80, 1.00, 0.10823, 0.6179
2095, 650, -0.59531, 7.30421, -0.01429, -0.48535, 0.39611, -0.77836, 0.80, 0.80, 0.80, 1.00, 0.00704, 0.61106
2096, 652, -0.05368, 7.44621, -0.12712, -0.10682, 0.88368, -0.45516, 0.80, 0.80, 0.80, 1.00, 0.10823, 0.59
2097, 652, -0.05368, 7.44621, -0.12712, -0.10682, 0.88368, -0.45516, 0.80, 0.80, 0.80, 1.00, 0.10823, 0.59
2098, 650, -0.59531, 7.30421, -0.01429, -0.48535, 0.39611, -0.77836, 0.80, 0.80, 0.80, 1.00, 0.00704, 0.61106
2099, 636, -0.48712, 7.45709, 0.08502, -0.07314, 0.92601, -0.36959, 0.80, 0.80, 0.80, 1.00, 0.00688, 0.58894
2100, 636, -0.48712, 7.45709, 0.08502, -0.07314, 0.92601, -0.36959, 0.80, 0.80, 0.80, 1.00, 0.00688, 0.58894
2101, 635, 0.18005, 7.49194, 0.28917, -0.09652, 0.99384, -0.05373, 0.80, 0.80, 0.80, 1.00, 0.1167, 0.56472
2102, 652, -0.05368, 7.44621, -0.12712, -0.10682, 0.88368, -0.45516, 0.80, 0.80, 0.80, 1.00, 0.10823, 0.59
2103, 653, -0.23053, 5.2809, -0.21445, -0.82749, 0.19832, -0.52529, 0.80, 0.80, 0.80, 1.00, 0.19239, 0.8691
2104, 645, -0.32243, 5.49967, -0.40838, -0.52409, 0.00585, -0.85063, 0.80, 0.80, 0.80, 1.00, 0.12686, 0.83751
2105, 654, 0.0043, 5.44791, -0.43463, -0.30523, 0.13009, -0.94243, 0.80, 0.80, 0.80, 1.00, 0.19239, 0.83712
2106, 653, -0.23053, 5.2809, -0.21445, -0.82749, 0.19832, -0.52529, 0.80, 0.80, 0.80, 1.00, 0.19239, 0.8691
2107, 646, -0.4041, 5.30431, 0.0361, -0.87378, 0.29031, -0.39016, 0.80, 0.80, 0.80, 1.00, 0.13025, 0.86896
2108, 645, -0.32243, 5.49967, -0.40838, -0.52409, 0.00585, -0.85063, 0.80, 0.80, 0.80, 1.00, 0.12686, 0.83751
2109, 654, 0.0043, 5.44791, -0.43463, -0.30523, 0.13009, -0.94243, 0.80, 0.80, 0.80, 1.00, 0.19239, 0.83712
2110, 647, -0.29988, 5.67428, -0.39045, -0.33003, -0.00041, -0.94306, 0.80, 0.80, 0.80, 1.00, 0.12517, 0.81486
2111, 655, 0.03155, 5.60377, -0.42093, -0.31829, 0.04796, -0.94586, 0.80, 0.80, 0.80, 1.00, 0.19239, 0.81677
2112, 647, -0.29988, 5.67428, -0.39045, -0.33003, -0.00041, -0.94306, 0.80, 0.80, 0.80, 1.00, 0.12517, 0.81486
2113, 654, 0.0043, 5.44791, -0.43463, -0.30523, 0.13009, -0.94243, 0.80, 0.80, 0.80, 1.00, 0.19239, 0.83712
2114, 645, -0.32243, 5.49967, -0.40838, -0.52409, 0.00585, -0.85063, 0.80, 0.80, 0.80, 1.00, 0.12686, 0.83751
2115, 647, -0.29988, 5.67428, -0.39045, -0.33003, -0.00041, -0.94306, 0.80, 0.80, 0.80, 1.00, 0.12517, 0.81486
2116, 656, 0.13196, 6.74134, -0.47788, -0.36067, 0.19995, -0.91006, 0.80, 0.80, 0.80, 1.00, 0.19239, 0.67902
2117, 655, 0.03155, 5.60377, -0.42093, -0.31829, 0.04796, -0.94586, 0.80, 0.80, 0.80, 1.00, 0.19239, 0.81677
2118, 647, -0.29988, 5.67428, -0.39045, -0.33003, -0.00041, -0.94306, 0.80, 0.80, 0.80, 1.00, 0.12517, 0.81486
2119, 648, -0.27202, 6.79836, -0.40244, -0.36212, 0.25055, -0.89688, 0.80, 0.80, 0.80, 1.00, 0.10993, 0.6832
2120, 656, 0.13196, 6.74134, -0.47788, -0.36067, 0.19995, -0.91006, 0.80, 0.80, 0.80, 1.00, 0.19239, 0.67902
2121, 648, -0.27202, 6.79836, -0.40244, -0.36212, 0.25055, -0.89688, 0.80, 0.80, 0.80, 1.00, 0.10993, 0.6832
2122, 657, 0.29075, 7.30864, -0.33016, -0.24708, 0.56293, -0.78786, 0.80, 0.80, 0.80, 1.00, 0.19239, 0.6012
2123, 656, 0.13196, 6.74134, -0.47788, -0.36067, 0.19995, -0.91006, 0.80, 0.80, 0.80, 1.00, 0.19239, 0.67902
2124, 648, -0.27202, 6.79836, -0.40244, -0.36212, 0.25055, -0.89688, 0.80, 0.80, 0.80, 1.00, 0.10993, 0.6832
2125, 651, -0.1564, 7.28482, -0.30203, -0.26508, 0.54916, -0.7917, 0.80, 0.80, 0.80, 1.00, 0.10823, 0.6179
2126, 657, 0.29075, 7.30864, -0.33016, -0.24708, 0.56293, -0.78786, 0.80, 0.80, 0.80, 1.00, 0.19239, 0.6012
2127, 651, -0.1564, 7.28482, -0.30203, -0.26508, 0.54916, -0.7917, 0.80, 0.80, 0.80, 1.00, 0.10823, 0.6179
2128, 652, -0.05368, 7.44621, -0.12712, -0.10682, 0.88368, -0.45516, 0.80, 0.80, 0.80, 1.00, 0.10823, 0.59
2129, 657, 0.29075, 7.30864, -0.33016, -0.24708, 0.56293, -0.78786, 0.80, 0.80, 0.80, 1.00, 0.19239, 0.6012
2130, 652, -0.05368, 7.44621, -0.12712, -0.10682, 0.88368, -0.45516, 0.80, 0.80, 0.80, 1.00, 0.10823, 0.59
2131, 658, 0.35441, 7.40654, -0.22095, -0.0332, 0.90405, -0.4256, 0.80, 0.80, 0.80, 1.00, 0.19239, 0.58414
2132, 657, 0.29075, 7.30864, -0.33016, -0.24708, 0.56293, -0.78786, 0.80, 0.80, 0.80, 1.00, 0.19239, 0.6012
2133, 652, -0.05368, 7.44621, -0.12712, -0.10682, 0.88368, -0.45516, 0.80, 0.80, 0.80, 1.00, 0.10823, 0.59
2134, 635, 0.18005, 7.49194, 0.28917, -0.09652, 0.99384, -0.05373, 0.80, 0.80, 0.80, 1.00, 0.1167, 0.56472
2135, 658, 0.35441, 7.40654, -0.22095, -0.0332, 0.90405, -0.4256, 0.80, 0.80, 0.80, 1.00, 0.19239, 0.58414
2136, 635, 0.18005, 7.49194, 0.28917, -0.09652, 0.99384, -0.05373, 0.80, 0.80, 0.80, 1.00, 0.1167, 0.56472
2137, 659, 0.48593, 7.54967, 0.02754, -0.05844, 0.87829, -0.47397, 0.80, 0.80, 0.80, 1.00, 0.19239, 0.55536
2138, 658, 0.35441, 7.40654, -0.22095, -0.0332, 0.90405, -0.4256, 0.80, 0.80, 0.80, 1.00, 0.19239, 0.58414
2139, 660, -0.37603, 5.13952, 0.59231, -0.79251, 0.52063, 0.31759, 0.80, 0.80, 0.80, 1.00, 0.03926, 0.88833
2140, 637, -0.31077, 5.25857, 0.55741, -0.89726, 0.30966, 0.31468, 0.80, 0.80, 0.80, 1.00, 0.05065, 0.87207
2141, 639, -0.42396, 5.31436, 0.17976, -0.95907, 0.25278, 0.12757, 0.80, 0.80, 0.80, 1.00, 0.10315, 0.8678
2142, 660, -0.37603, 5.13952, 0.59231, -0.79251, 0.52063, 0.31759, 0.80, 0.80, 0.80, 1.00, 0.03926, 0.88833
2143, 639, -0.42396, 5.31436, 0.17976, -0.95907, 0.25278, 0.12757, 0.80, 0.80, 0.80, 1.00, 0.10315, 0.8678
2144, 661, -0.51196, 5.16507, 0.21279, -0.87925, 0.46217, 0.11539, 0.80, 0.80, 0.80, 1.00, 0.09007, 0.88833
2145, 662, -0.48676, 5.16411, 0.01474, -0.80585, 0.51305, -0.29561, 0.80, 0.80, 0.80, 1.00, 0.12702, 0.88833
2146, 639, -0.42396, 5.31436, 0.17976, -0.95907, 0.25278, 0.12757, 0.80, 0.80, 0.80, 1.00, 0.10315, 0.8678
2147, 646, -0.4041, 5.30431, 0.0361, -0.87378, 0.29031, -0.39016, 0.80, 0.80, 0.80, 1.00, 0.13025, 0.86896
2148, 662, -0.48676, 5.16411, 0.01474, -0.80585, 0.51305, -0.29561, 0.80, 0.80, 0.80, 1.00, 0.12702, 0.88833
2149, 661, -0.51196, 5.16507, 0.21279, -0.87925, 0.46217, 0.11539, 0.80, 0.80, 0.80, 1.00, 0.09007, 0.88833
2150, 639, -0.42396, 5.31436, 0.17976, -0.95907, 0.25278, 0.12757, 0.80, 0.80, 0.80, 1.00, 0.10315, 0.8678
2151, 663, -0.32502, 5.14393, -0.26204, -0.69222, 0.5484, -0.46912, 0.80, 0.80, 0.80, 1.00, 0.19239, 0.88833
2152, 646, -0.4041, 5.30431, 0.0361, -0.87378, 0.29031, -0.39016, 0.80, 0.80, 0.80, 1.00, 0.13025, 0.86896
2153, 653, -0.23053, 5.2809, -0.21445, -0.82749, 0.19832, -0.52529, 0.80, 0.80, 0.80, 1.00, 0.19239, 0.8691
2154, 663, -0.32502, 5.14393, -0.26204, -0.69222, 0.5484, -0.46912, 0.80, 0.80, 0.80, 1.00, 0.19239, 0.88833
2155, 662, -0.48676, 5.16411, 0.01474, -0.80585, 0.51305, -0.29561, 0.80, 0.80, 0.80, 1.00, 0.12702, 0.88833
2156, 646, -0.4041, 5.30431, 0.0361, -0.87378, 0.29031, -0.39016, 0.80, 0.80, 0.80, 1.00, 0.13025, 0.86896
2157, 664, -0.43501, 5.0266, 0.62201, -0.89032, 0.32562, 0.31826, 0.80, 0.80, 0.80, 1.00, 0.02936, 0.9037
2158, 660, -0.37603, 5.13952, 0.59231, -0.79251, 0.52063, 0.31759, 0.80, 0.80, 0.80, 1.00, 0.03926, 0.88833
2159, 661, -0.51196, 5.16507, 0.21279, -0.87925, 0.46217, 0.11539, 0.80, 0.80, 0.80, 1.00, 0.09007, 0.88833
2160, 664, -0.43501, 5.0266, 0.62201, -0.89032, 0.32562, 0.31826, 0.80, 0.80, 0.80, 1.00, 0.02936, 0.9037
2161, 661, -0.51196, 5.16507, 0.21279, -0.87925, 0.46217, 0.11539, 0.80, 0.80, 0.80, 1.00, 0.09007, 0.88833
2162, 665, -0.55269, 5.05252, 0.22848, -0.94173, 0.30847, 0.13411, 0.80, 0.80, 0.80, 1.00, 0.08452, 0.90333
2163, 666, -0.03055, 4.56156, 0.86935, -0.67531, 0.06863, 0.73433, 0.80, 0.80, 0.80, 1.00, 0.01731, 0.95368
2164, 664, -0.43501, 5.0266, 0.62201, -0.89032, 0.32562, 0.31826, 0.80, 0.80, 0.80, 1.00, 0.02936, 0.9037
2165, 667, -0.4041, 4.54328, 0.52753, -0.85013, 0.03377, 0.52548, 0.80, 0.80, 0.80, 1.00, 0.07944, 0.95603
2166, 664, -0.43501, 5.0266, 0.62201, -0.89032, 0.32562, 0.31826, 0.80, 0.80, 0.80, 1.00, 0.02936, 0.9037
2167, 665, -0.55269, 5.05252, 0.22848, -0.94173, 0.30847, 0.13411, 0.80, 0.80, 0.80, 1.00, 0.08452, 0.90333
2168, 667, -0.4041, 4.54328, 0.52753, -0.85013, 0.03377, 0.52548, 0.80, 0.80, 0.80, 1.00, 0.07944, 0.95603
2169, 667, -0.4041, 4.54328, 0.52753, -0.85013, 0.03377, 0.52548, 0.80, 0.80, 0.80, 1.00, 0.07944, 0.95603
2170, 665, -0.55269, 5.05252, 0.22848, -0.94173, 0.30847, 0.13411, 0.80, 0.80, 0.80, 1.00, 0.08452, 0.90333
2171, 668, -0.54642, 5.05137, -0.01238, -0.91221, 0.31122, -0.26647, 0.80, 0.80, 0.80, 1.00, 0.12686, 0.90379
2172, 669, -0.47686, 4.55279, 0.2867, -0.9943, -0.09064, 0.05603, 0.80, 0.80, 0.80, 1.00, 0.12686, 0.95481
2173, 667, -0.4041, 4.54328, 0.52753, -0.85013, 0.03377, 0.52548, 0.80, 0.80, 0.80, 1.00, 0.07944, 0.95603
2174, 668, -0.54642, 5.05137, -0.01238, -0.91221, 0.31122, -0.26647, 0.80, 0.80, 0.80, 1.00, 0.12686, 0.90379
2175, 668, -0.54642, 5.05137, -0.01238, -0.91221, 0.31122, -0.26647, 0.80, 0.80, 0.80, 1.00, 0.12686, 0.90379
2176, 661, -0.51196, 5.16507, 0.21279, -0.87925, 0.46217, 0.11539, 0.80, 0.80, 0.80, 1.00, 0.09007, 0.88833
2177, 662, -0.48676, 5.16411, 0.01474, -0.80585, 0.51305, -0.29561, 0.80, 0.80, 0.80, 1.00, 0.12702, 0.88833
2178, 665, -0.55269, 5.05252, 0.22848, -0.94173, 0.30847, 0.13411, 0.80, 0.80, 0.80, 1.00, 0.08452, 0.90333
2179, 661, -0.51196, 5.16507, 0.21279, -0.87925, 0.46217, 0.11539, 0.80, 0.80, 0.80, 1.00, 0.09007, 0.88833
2180, 668, -0.54642, 5.05137, -0.01238, -0.91221, 0.31122, -0.26647, 0.80, 0.80, 0.80, 1.00, 0.12686, 0.90379
2181, 670, -0.44663, 4.54518, -0.03375, -0.99419, -0.05266, -0.09386, 0.80, 0.80, 0.80, 1.00, 0.19239, 0.95578
2182, 668, -0.54642, 5.05137, -0.01238, -0.91221, 0.31122, -0.26647, 0.80, 0.80, 0.80, 1.00, 0.12686, 0.90379
2183, 671, -0.3873, 5.03595, -0.29203, -0.76601, 0.40017, -0.50308, 0.80, 0.80, 0.80, 1.00, 0.19239, 0.90324
2184, 668, -0.54642, 5.05137, -0.01238, -0.91221, 0.31122, -0.26647, 0.80, 0.80, 0.80, 1.00, 0.12686, 0.90379
2185, 670, -0.44663, 4.54518, -0.03375, -0.99419, -0.05266, -0.09386, 0.80, 0.80, 0.80, 1.00, 0.19239, 0.95578
2186, 669, -0.47686, 4.55279, 0.2867, -0.9943, -0.09064, 0.05603, 0.80, 0.80, 0.80, 1.00, 0.12686, 0.95481
2187, 671, -0.3873, 5.03595, -0.29203, -0.76601, 0.40017, -0.50308, 0.80, 0.80, 0.80, 1.00, 0.19239, 0.90324
2188, 662, -0.48676, 5.16411, 0.01474, -0.80585, 0.51305, -0.29561, 0.80, 0.80, 0.80, 1.00, 0.12702, 0.88833
2189, 663, -0.32502, 5.14393, -0.26204, -0.69222, 0.5484, -0.46912, 0.80, 0.80, 0.80, 1.00, 0.19239, 0.88833
2190, 668, -0.54642, 5.05137, -0.01238, -0.91221, 0.31122, -0.26647, 0.80, 0.80, 0.80, 1.00, 0.12686, 0.90379
2191, 662, -0.48676, 5.16411, 0.01474, -0.80585, 0.51305, -0.29561, 0.80, 0.80, 0.80, 1.00, 0.12702, 0.88833
2192, 671, -0.3873, 5.03595, -0.29203, -0.76601, 0.40017, -0.50308, 0.80, 0.80, 0.80, 1.00, 0.19239, 0.90324
2193, 672, -0.22022, 4.10291, 0.88528, -0.63695, -0.18332, 0.74879, 0.80, 0.80, 0.80, 1.00, 0.00937, 0.99597
2194, 666, -0.03055, 4.56156, 0.86935, -0.67531, 0.06863, 0.73433, 0.80, 0.80, 0.80, 1.00, 0.01731, 0.95368
2195, 667, -0.4041, 4.54328, 0.52753, -0.85013, 0.03377, 0.52548, 0.80, 0.80, 0.80, 1.00, 0.07944, 0.95603
2196, 672, -0.22022, 4.10291, 0.88528, -0.63695, -0.18332, 0.74879, 0.80, 0.80, 0.80, 1.00, 0.00937, 0.99597
2197, 667, -0.4041, 4.54328, 0.52753, -0.85013, 0.03377, 0.52548, 0.80, 0.80, 0.80, 1.00, 0.07944, 0.95603
2198, 673, -0.57843, 4.14835, 0.58186, -0.83702, -0.22353, 0.49943, 0.80, 0.80, 0.80, 1.00, 0.06986, 0.99604
2199, 674, -0.64563, 4.2029, 0.3461, -0.9571, -0.25739, 0.13303, 0.80, 0.80, 0.80, 1.00, 0.1188, 0.99611
2200, 667, -0.4041, 4.54328, 0.52753, -0.85013, 0.03377, 0.52548, 0.80, 0.80, 0.80, 1.00, 0.07944, 0.95603
2201, 669, -0.47686, 4.55279, 0.2867, -0.9943, -0.09064, 0.05603, 0.80, 0.80, 0.80, 1.00, 0.12686, 0.95481
2202, 674, -0.64563, 4.2029, 0.3461, -0.9571, -0.25739, 0.13303, 0.80, 0.80, 0.80, 1.00, 0.1188, 0.99611
2203, 673, -0.57843, 4.14835, 0.58186, -0.83702, -0.22353, 0.49943, 0.80, 0.80, 0.80, 1.00, 0.06986, 0.99604
2204, 667, -0.4041, 4.54328, 0.52753, -0.85013, 0.03377, 0.52548, 0.80, 0.80, 0.80, 1.00, 0.07944, 0.95603
2205, 675, -0.37762, 4.23191, -0.02723, -0.97521, -0.20118, -0.09207, 0.80, 0.80, 0.80, 1.00, 0.19239, 0.99593
2206, 669, -0.47686, 4.55279, 0.2867, -0.9943, -0.09064, 0.05603, 0.80, 0.80, 0.80, 1.00, 0.12686, 0.95481
2207, 670, -0.44663, 4.54518, -0.03375, -0.99419, -0.05266, -0.09386, 0.80, 0.80, 0.80, 1.00, 0.19239, 0.95578
2208, 669, -0.47686, 4.55279, 0.2867, -0.9943, -0.09064, 0.05603, 0.80, 0.80, 0.80, 1.00, 0.12686, 0.95481
2209, 675, -0.37762, 4.23191, -0.02723, -0.97521, -0.20118, -0.09207, 0.80, 0.80, 0.80, 1.00, 0.19239, 0.99593
2210, 674, -0.64563, 4.2029, 0.3461, -0.9571, -0.25739, 0.13303, 0.80, 0.80, 0.80, 1.00, 0.1188, 0.99611
2211, 676, 0.85389, 7.37915, -0.00265, 0.29732, 0.92792, -0.22429, 0.80, 0.80, 0.80, 1.00, 0.26807, 0.56472
2212, 677, 1.26022, 6.9452, -0.1767, 0.30249, 0.80826, 0.50475, 0.80, 0.80, 0.80, 1.00, 0.37774, 0.58912
2213, 678, 1.13333, 7.15294, -0.43278, 0.0358, 0.98332, 0.17825, 0.80, 0.80, 0.80, 1.00, 0.3779, 0.58894
2214, 679, 0.73811, 5.27012, -0.35914, 0.50099, -0.23795, -0.83113, 0.80, 0.80, 0.80, 1.00, 0.33243, 0.84249
2215, 680, 0.41811, 5.16674, -0.62545, -0.1043, 0.20976, -0.97217, 0.80, 0.80, 0.80, 1.00, 0.33412, 0.87207
2216, 681, 0.03494, 5.25654, -0.56497, -0.30257, 0.17007, -0.93783, 0.80, 0.80, 0.80, 1.00, 0.28162, 0.8678
2217, 679, 0.73811, 5.27012, -0.35914, 0.50099, -0.23795, -0.83113, 0.80, 0.80, 0.80, 1.00, 0.33243, 0.84249
2218, 681, 0.03494, 5.25654, -0.56497, -0.30257, 0.17007, -0.93783, 0.80, 0.80, 0.80, 1.00, 0.28162, 0.8678
2219, 682, 0.48038, 5.37305, -0.55859, 0.39153, -0.26963, -0.87889, 0.80, 0.80, 0.80, 1.00, 0.29348, 0.83742
2220, 679, 0.73811, 5.27012, -0.35914, 0.50099, -0.23795, -0.83113, 0.80, 0.80, 0.80, 1.00, 0.33243, 0.84249
2221, 682, 0.48038, 5.37305, -0.55859, 0.39153, -0.26963, -0.87889, 0.80, 0.80, 0.80, 1.00, 0.29348, 0.83742
2222, 683, 0.86582, 5.45252, -0.37404, 0.59865, -0.37853, -0.70489, 0.80, 0.80, 0.80, 1.00, 0.35275, 0.8169
2223, 683, 0.86582, 5.45252, -0.37404, 0.59865, -0.37853, -0.70489, 0.80, 0.80, 0.80, 1.00, 0.35275, 0.8169
2224, 682, 0.48038, 5.37305, -0.55859, 0.39153, -0.26963, -0.87889, 0.80, 0.80, 0.80, 1.00, 0.29348, 0.83742
2225, 684, 0.56802, 5.50893, -0.56727, 0.27126, -0.26115, -0.92556, 0.80, 0.80, 0.80, 1.00, 0.30702, 0.8185
2226, 683, 0.86582, 5.45252, -0.37404, 0.59865, -0.37853, -0.70489, 0.80, 0.80, 0.80, 1.00, 0.35275, 0.8169
2227, 684, 0.56802, 5.50893, -0.56727, 0.27126, -0.26115, -0.92556, 0.80, 0.80, 0.80, 1.00, 0.30702, 0.8185
2228, 685, 1.0577, 6.49185, -1.10426, 0.25439, 0.38483, -0.88636, 0.80, 0.80, 0.80, 1.00, 0.3719, 0.70971
2229, 686, 1.08089, 6.1685, -0.29929, 0.88193, -0.2683, -0.38546, 0.80, 0.80, 0.80, 1.00, 0.36512, 0.71244
2230, 683, 0.86582, 5.45252, -0.37404, 0.59865, -0.37853, -0.70489, 0.80, 0.80, 0.80, 1.00, 0.35275, 0.8169
2231, 685, 1.0577, 6.49185, -1.10426, 0.25439, 0.38483, -0.88636, 0.80, 0.80, 0.80, 1.00, 0.3719, 0.70971
2232, 687, 0.28018, 5.41241, -0.6156, -0.11598, -0.05325, -0.99096, 0.80, 0.80, 0.80, 1.00, 0.25791, 0.83751
2233, 681, 0.03494, 5.25654, -0.56497, -0.30257, 0.17007, -0.93783, 0.80, 0.80, 0.80, 1.00, 0.28162, 0.8678
2234, 688, -0.08454, 5.26405, -0.48249, -0.72188, 0.27117, -0.63668, 0.80, 0.80, 0.80, 1.00, 0.25453, 0.86896
2235, 681, 0.03494, 5.25654, -0.56497, -0.30257, 0.17007, -0.93783, 0.80, 0.80, 0.80, 1.00, 0.28162, 0.8678
2236, 687, 0.28018, 5.41241, -0.6156, -0.11598, -0.05325, -0.99096, 0.80, 0.80, 0.80, 1.00, 0.25791, 0.83751
2237, 682, 0.48038, 5.37305, -0.55859, 0.39153, -0.26963, -0.87889, 0.80, 0.80, 0.80, 1.00, 0.29348, 0.83742
2238, 682, 0.48038, 5.37305, -0.55859, 0.39153, -0.26963, -0.87889, 0.80, 0.80, 0.80, 1.00, 0.29348, 0.83742
2239, 687, 0.28018, 5.41241, -0.6156, -0.11598, -0.05325, -0.99096, 0.80, 0.80, 0.80, 1.00, 0.25791, 0.83751
2240, 684, 0.56802, 5.50893, -0.56727, 0.27126, -0.26115, -0.92556, 0.80, 0.80, 0.80, 1.00, 0.30702, 0.8185
2241, 684, 0.56802, 5.50893, -0.56727, 0.27126, -0.26115, -0.92556, 0.80, 0.80, 0.80, 1.00, 0.30702, 0.8185
2242, 687, 0.28018, 5.41241, -0.6156, -0.11598, -0.05325, -0.99096, 0.80, 0.80, 0.80, 1.00, 0.25791, 0.83751
2243, 689, 0.3183, 5.58476, -0.60302, -0.32, -0.00186, -0.9465, 0.80, 0.80, 0.80, 1.00, 0.25961, 0.81486
2244, 684, 0.56802, 5.50893, -0.56727, 0.27126, -0.26115, -0.92556, 0.80, 0.80, 0.80, 1.00, 0.30702, 0.8185
2245, 689, 0.3183, 5.58476, -0.60302, -0.32, -0.00186, -0.9465, 0.80, 0.80, 0.80, 1.00, 0.25961, 0.81486
2246, 685, 1.0577, 6.49185, -1.10426, 0.25439, 0.38483, -0.88636, 0.80, 0.80, 0.80, 1.00, 0.3719, 0.70971
2247, 685, 1.0577, 6.49185, -1.10426, 0.25439, 0.38483, -0.88636, 0.80, 0.80, 0.80, 1.00, 0.3719, 0.70971
2248, 689, 0.3183, 5.58476, -0.60302, -0.32, -0.00186, -0.9465, 0.80, 0.80, 0.80, 1.00, 0.25961, 0.81486
2249, 690, 0.46213, 6.67547, -0.72037, -0.33642, 0.24625, -0.90801, 0.80, 0.80, 0.80, 1.00, 0.27485, 0.6832
2250, 685, 1.0577, 6.49185, -1.10426, 0.25439, 0.38483, -0.88636, 0.80, 0.80, 0.80, 1.00, 0.3719, 0.70971
2251, 690, 0.46213, 6.67547, -0.72037, -0.33642, 0.24625, -0.90801, 0.80, 0.80, 0.80, 1.00, 0.27485, 0.6832
2252, 691, 1.00631, 6.61834, -0.80964, -0.12795, 0.27089, -0.95318, 0.80, 0.80, 0.80, 1.00, 0.37811, 0.67494
2253, 691, 1.00631, 6.61834, -0.80964, -0.12795, 0.27089, -0.95318, 0.80, 0.80, 0.80, 1.00, 0.37811, 0.67494
2254, 690, 0.46213, 6.67547, -0.72037, -0.33642, 0.24625, -0.90801, 0.80, 0.80, 0.80, 1.00, 0.27485, 0.6832
2255, 692, 1.08745, 7.09194, -0.63048, -0.14643, 0.8106, -0.56633, 0.80, 0.80, 0.80, 1.00, 0.37774, 0.61106
2256, 692, 1.08745, 7.09194, -0.63048, -0.14643, 0.8106, -0.56633, 0.80, 0.80, 0.80, 1.00, 0.37774, 0.61106
2257, 690, 0.46213, 6.67547, -0.72037, -0.33642, 0.24625, -0.90801, 0.80, 0.80, 0.80, 1.00, 0.27485, 0.6832
2258, 693, 0.59283, 7.15941, -0.62649, -0.24199, 0.5453, -0.8017, 0.80, 0.80, 0.80, 1.00, 0.27654, 0.6179
2259, 692, 1.08745, 7.09194, -0.63048, -0.14643, 0.8106, -0.56633, 0.80, 0.80, 0.80, 1.00, 0.37774, 0.61106
2260, 693, 0.59283, 7.15941, -0.62649, -0.24199, 0.5453, -0.8017, 0.80, 0.80, 0.80, 1.00, 0.27654, 0.6179
2261, 694, 0.69555, 7.3208, -0.45158, -0.01234, 0.86786, -0.49607, 0.80, 0.80, 0.80, 1.00, 0.27654, 0.59
2262, 692, 1.08745, 7.09194, -0.63048, -0.14643, 0.8106, -0.56633, 0.80, 0.80, 0.80, 1.00, 0.37774, 0.61106
2263, 694, 0.69555, 7.3208, -0.45158, -0.01234, 0.86786, -0.49607, 0.80, 0.80, 0.80, 1.00, 0.27654, 0.59
2264, 678, 1.13333, 7.15294, -0.43278, 0.0358, 0.98332, 0.17825, 0.80, 0.80, 0.80, 1.00, 0.3779, 0.58894
2265, 676, 0.85389, 7.37915, -0.00265, 0.29732, 0.92792, -0.22429, 0.80, 0.80, 0.80, 1.00, 0.26807, 0.56472
2266, 678, 1.13333, 7.15294, -0.43278, 0.0358, 0.98332, 0.17825, 0.80, 0.80, 0.80, 1.00, 0.3779, 0.58894
2267, 694, 0.69555, 7.3208, -0.45158, -0.01234, 0.86786, -0.49607, 0.80, 0.80, 0.80, 1.00, 0.27654, 0.59
2268, 687, 0.28018, 5.41241, -0.6156, -0.11598, -0.05325, -0.99096, 0.80, 0.80, 0.80, 1.00, 0.25791, 0.83751
2269, 653, -0.23053, 5.2809, -0.21445, -0.82749, 0.19832, -0.52529, 0.80, 0.80, 0.80, 1.00, 0.19239, 0.8691
2270, 654, 0.0043, 5.44791, -0.43463, -0.30523, 0.13009, -0.94243, 0.80, 0.80, 0.80, 1.00, 0.19239, 0.83712
2271, 688, -0.08454, 5.26405, -0.48249, -0.72188, 0.27117, -0.63668, 0.80, 0.80, 0.80, 1.00, 0.25453, 0.86896
2272, 653, -0.23053, 5.2809, -0.21445, -0.82749, 0.19832, -0.52529, 0.80, 0.80, 0.80, 1.00, 0.19239, 0.8691
2273, 687, 0.28018, 5.41241, -0.6156, -0.11598, -0.05325, -0.99096, 0.80, 0.80, 0.80, 1.00, 0.25791, 0.83751
2274, 689, 0.3183, 5.58476, -0.60302, -0.32, -0.00186, -0.9465, 0.80, 0.80, 0.80, 1.00, 0.25961, 0.81486
2275, 654, 0.0043, 5.44791, -0.43463, -0.30523, 0.13009, -0.94243, 0.80, 0.80, 0.80, 1.00, 0.19239, 0.83712
2276, 655, 0.03155, 5.60377, -0.42093, -0.31829, 0.04796, -0.94586, 0.80, 0.80, 0.80, 1.00, 0.19239, 0.81677
2277, 654, 0.0043, 5.44791, -0.43463, -0.30523, 0.13009, -0.94243, 0.80, 0.80, 0.80, 1.00, 0.19239, 0.83712
2278, 689, 0.3183, 5.58476, -0.60302, -0.32, -0.00186, -0.9465, 0.80, 0.80, 0.80, 1.00, 0.25961, 0.81486
2279, 687, 0.28018, 5.41241, -0.6156, -0.11598, -0.05325, -0.99096, 0.80, 0.80, 0.80, 1.00, 0.25791, 0.83751
2280, 656, 0.13196, 6.74134, -0.47788, -0.36067, 0.19995, -0.91006, 0.80, 0.80, 0.80, 1.00, 0.19239, 0.67902
2281, 689, 0.3183, 5.58476, -0.60302, -0.32, -0.00186, -0.9465, 0.80, 0.80, 0.80, 1.00, 0.25961, 0.81486
2282, 655, 0.03155, 5.60377, -0.42093, -0.31829, 0.04796, -0.94586, 0.80, 0.80, 0.80, 1.00, 0.19239, 0.81677
2283, 690, 0.46213, 6.67547, -0.72037, -0.33642, 0.24625, -0.90801, 0.80, 0.80, 0.80, 1.00, 0.27485, 0.6832
2284, 689, 0.3183, 5.58476, -0.60302, -0.32, -0.00186, -0.9465, 0.80, 0.80, 0.80, 1.00, 0.25961, 0.81486
2285, 656, 0.13196, 6.74134, -0.47788, -0.36067, 0.19995, -0.91006, 0.80, 0.80, 0.80, 1.00, 0.19239, 0.67902
2286, 657, 0.29075, 7.30864, -0.33016, -0.24708, 0.56293, -0.78786, 0.80, 0.80, 0.80, 1.00, 0.19239, 0.6012
2287, 690, 0.46213, 6.67547, -0.72037, -0.33642, 0.24625, -0.90801, 0.80, 0.80, 0.80, 1.00, 0.27485, 0.6832
2288, 656, 0.13196, 6.74134, -0.47788, -0.36067, 0.19995, -0.91006, 0.80, 0.80, 0.80, 1.00, 0.19239, 0.67902
2289, 693, 0.59283, 7.15941, -0.62649, -0.24199, 0.5453, -0.8017, 0.80, 0.80, 0.80, 1.00, 0.27654, 0.6179
2290, 690, 0.46213, 6.67547, -0.72037, -0.33642, 0.24625, -0.90801, 0.80, 0.80, 0.80, 1.00, 0.27485, 0.6832
2291, 657, 0.29075, 7.30864, -0.33016, -0.24708, 0.56293, -0.78786, 0.80, 0.80, 0.80, 1.00, 0.19239, 0.6012
2292, 694, 0.69555, 7.3208, -0.45158, -0.01234, 0.86786, -0.49607, 0.80, 0.80, 0.80, 1.00, 0.27654, 0.59
2293, 693, 0.59283, 7.15941, -0.62649, -0.24199, 0.5453, -0.8017, 0.80, 0.80, 0.80, 1.00, 0.27654, 0.6179
2294, 657, 0.29075, 7.30864, -0.33016, -0.24708, 0.56293, -0.78786, 0.80, 0.80, 0.80, 1.00, 0.19239, 0.6012
2295, 658, 0.35441, 7.40654, -0.22095, -0.0332, 0.90405, -0.4256, 0.80, 0.80, 0.80, 1.00, 0.19239, 0.58414
2296, 694, 0.69555, 7.3208, -0.45158, -0.01234, 0.86786, -0.49607, 0.80, 0.80, 0.80, 1.00, 0.27654, 0.59
2297, 657, 0.29075, 7.30864, -0.33016, -0.24708, 0.56293, -0.78786, 0.80, 0.80, 0.80, 1.00, 0.19239, 0.6012
2298, 676, 0.85389, 7.37915, -0.00265, 0.29732, 0.92792, -0.22429, 0.80, 0.80, 0.80, 1.00, 0.26807, 0.56472
2299, 694, 0.69555, 7.3208, -0.45158, -0.01234, 0.86786, -0.49607, 0.80, 0.80, 0.80, 1.00, 0.27654, 0.59
2300, 658, 0.35441, 7.40654, -0.22095, -0.0332, 0.90405, -0.4256, 0.80, 0.80, 0.80, 1.00, 0.19239, 0.58414
2301, 659, 0.48593, 7.54967, 0.02754, -0.05844, 0.87829, -0.47397, 0.80, 0.80, 0.80, 1.00, 0.19239, 0.55536
2302, 676, 0.85389, 7.37915, -0.00265, 0.29732, 0.92792, -0.22429, 0.80, 0.80, 0.80, 1.00, 0.26807, 0.56472
2303, 658, 0.35441, 7.40654, -0.22095, -0.0332, 0.90405, -0.4256, 0.80, 0.80, 0.80, 1.00, 0.19239, 0.58414
2304, 680, 0.41811, 5.16674, -0.62545, -0.1043, 0.20976, -0.97217, 0.80, 0.80, 0.80, 1.00, 0.33412, 0.87207
2305, 695, 0.41144, 5.0403, -0.68562, -0.0398, 0.42579, -0.90394, 0.80, 0.80, 0.80, 1.00, 0.34551, 0.88833
2306, 681, 0.03494, 5.25654, -0.56497, -0.30257, 0.17007, -0.93783, 0.80, 0.80, 0.80, 1.00, 0.28162, 0.8678
2307, 681, 0.03494, 5.25654, -0.56497, -0.30257, 0.17007, -0.93783, 0.80, 0.80, 0.80, 1.00, 0.28162, 0.8678
2308, 695, 0.41144, 5.0403, -0.68562, -0.0398, 0.42579, -0.90394, 0.80, 0.80, 0.80, 1.00, 0.34551, 0.88833
2309, 696, 0.01424, 5.09878, -0.64114, -0.26287, 0.38451, -0.8849, 0.80, 0.80, 0.80, 1.00, 0.29471, 0.88833
2310, 681, 0.03494, 5.25654, -0.56497, -0.30257, 0.17007, -0.93783, 0.80, 0.80, 0.80, 1.00, 0.28162, 0.8678
2311, 697, -0.15058, 5.12175, -0.53083, -0.59171, 0.48607, -0.64313, 0.80, 0.80, 0.80, 1.00, 0.25776, 0.88833
2312, 688, -0.08454, 5.26405, -0.48249, -0.72188, 0.27117, -0.63668, 0.80, 0.80, 0.80, 1.00, 0.25453, 0.86896
2313, 696, 0.01424, 5.09878, -0.64114, -0.26287, 0.38451, -0.8849, 0.80, 0.80, 0.80, 1.00, 0.29471, 0.88833
2314, 697, -0.15058, 5.12175, -0.53083, -0.59171, 0.48607, -0.64313, 0.80, 0.80, 0.80, 1.00, 0.25776, 0.88833
2315, 681, 0.03494, 5.25654, -0.56497, -0.30257, 0.17007, -0.93783, 0.80, 0.80, 0.80, 1.00, 0.28162, 0.8678
2316, 688, -0.08454, 5.26405, -0.48249, -0.72188, 0.27117, -0.63668, 0.80, 0.80, 0.80, 1.00, 0.25453, 0.86896
2317, 663, -0.32502, 5.14393, -0.26204, -0.69222, 0.5484, -0.46912, 0.80, 0.80, 0.80, 1.00, 0.19239, 0.88833
2318, 653, -0.23053, 5.2809, -0.21445, -0.82749, 0.19832, -0.52529, 0.80, 0.80, 0.80, 1.00, 0.19239, 0.8691
2319, 697, -0.15058, 5.12175, -0.53083, -0.59171, 0.48607, -0.64313, 0.80, 0.80, 0.80, 1.00, 0.25776, 0.88833
2320, 663, -0.32502, 5.14393, -0.26204, -0.69222, 0.5484, -0.46912, 0.80, 0.80, 0.80, 1.00, 0.19239, 0.88833
2321, 688, -0.08454, 5.26405, -0.48249, -0.72188, 0.27117, -0.63668, 0.80, 0.80, 0.80, 1.00, 0.25453, 0.86896
2322, 695, 0.41144, 5.0403, -0.68562, -0.0398, 0.42579, -0.90394, 0.80, 0.80, 0.80, 1.00, 0.34551, 0.88833
2323, 698, 0.4034, 4.92097, -0.7386, -0.09688, 0.22566, -0.96938, 0.80, 0.80, 0.80, 1.00, 0.35542, 0.9037
2324, 696, 0.01424, 5.09878, -0.64114, -0.26287, 0.38451, -0.8849, 0.80, 0.80, 0.80, 1.00, 0.29471, 0.88833
2325, 696, 0.01424, 5.09878, -0.64114, -0.26287, 0.38451, -0.8849, 0.80, 0.80, 0.80, 1.00, 0.29471, 0.88833
2326, 698, 0.4034, 4.92097, -0.7386, -0.09688, 0.22566, -0.96938, 0.80, 0.80, 0.80, 1.00, 0.35542, 0.9037
2327, 699, 0.00201, 4.98264, -0.67171, -0.28508, 0.22574, -0.93154, 0.80, 0.80, 0.80, 1.00, 0.30025, 0.90333
2328, 698, 0.4034, 4.92097, -0.7386, -0.09688, 0.22566, -0.96938, 0.80, 0.80, 0.80, 1.00, 0.35542, 0.9037
2329, 700, 0.13111, 4.56156, -0.84302, -0.52595, 0.06863, -0.84774, 0.80, 0.80, 0.80, 1.00, 0.36746, 0.95368
2330, 701, -0.29981, 4.54328, -0.57715, -0.73677, 0.03377, -0.6753, 0.80, 0.80, 0.80, 1.00, 0.30533, 0.95603
2331, 699, 0.00201, 4.98264, -0.67171, -0.28508, 0.22574, -0.93154, 0.80, 0.80, 0.80, 1.00, 0.30025, 0.90333
2332, 698, 0.4034, 4.92097, -0.7386, -0.09688, 0.22566, -0.96938, 0.80, 0.80, 0.80, 1.00, 0.35542, 0.9037
2333, 701, -0.29981, 4.54328, -0.57715, -0.73677, 0.03377, -0.6753, 0.80, 0.80, 0.80, 1.00, 0.30533, 0.95603
2334, 699, 0.00201, 4.98264, -0.67171, -0.28508, 0.22574, -0.93154, 0.80, 0.80, 0.80, 1.00, 0.30025, 0.90333
2335, 701, -0.29981, 4.54328, -0.57715, -0.73677, 0.03377, -0.6753, 0.80, 0.80, 0.80, 1.00, 0.30533, 0.95603
2336, 702, -0.20944, 5.00891, -0.55923, -0.6278, 0.27539, -0.72803, 0.80, 0.80, 0.80, 1.00, 0.25791, 0.90379
2337, 701, -0.29981, 4.54328, -0.57715, -0.73677, 0.03377, -0.6753, 0.80, 0.80, 0.80, 1.00, 0.30533, 0.95603
2338, 703, -0.41635, 4.55279, -0.35419, -0.96625, -0.09064, -0.24113, 0.80, 0.80, 0.80, 1.00, 0.25791, 0.95481
2339, 702, -0.20944, 5.00891, -0.55923, -0.6278, 0.27539, -0.72803, 0.80, 0.80, 0.80, 1.00, 0.25791, 0.90379
2340, 696, 0.01424, 5.09878, -0.64114, -0.26287, 0.38451, -0.8849, 0.80, 0.80, 0.80, 1.00, 0.29471, 0.88833
2341, 702, -0.20944, 5.00891, -0.55923, -0.6278, 0.27539, -0.72803, 0.80, 0.80, 0.80, 1.00, 0.25791, 0.90379
2342, 697, -0.15058, 5.12175, -0.53083, -0.59171, 0.48607, -0.64313, 0.80, 0.80, 0.80, 1.00, 0.25776, 0.88833
2343, 696, 0.01424, 5.09878, -0.64114, -0.26287, 0.38451, -0.8849, 0.80, 0.80, 0.80, 1.00, 0.29471, 0.88833
2344, 699, 0.00201, 4.98264, -0.67171, -0.28508, 0.22574, -0.93154, 0.80, 0.80, 0.80, 1.00, 0.30025, 0.90333
2345, 702, -0.20944, 5.00891, -0.55923, -0.6278, 0.27539, -0.72803, 0.80, 0.80, 0.80, 1.00, 0.25791, 0.90379
2346, 702, -0.20944, 5.00891, -0.55923, -0.6278, 0.27539, -0.72803, 0.80, 0.80, 0.80, 1.00, 0.25791, 0.90379
2347, 670, -0.44663, 4.54518, -0.03375, -0.99419, -0.05266, -0.09386, 0.80, 0.80, 0.80, 1.00, 0.19239, 0.95578
2348, 671, -0.3873, 5.03595, -0.29203, -0.76601, 0.40017, -0.50308, 0.80, 0.80, 0.80, 1.00, 0.19239, 0.90324
2349, 670, -0.44663, 4.54518, -0.03375, -0.99419, -0.05266, -0.09386, 0.80, 0.80, 0.80, 1.00, 0.19239, 0.95578
2350, 702, -0.20944, 5.00891, -0.55923, -0.6278, 0.27539, -0.72803, 0.80, 0.80, 0.80, 1.00, 0.25791, 0.90379
2351, 703, -0.41635, 4.55279, -0.35419, -0.96625, -0.09064, -0.24113, 0.80, 0.80, 0.80, 1.00, 0.25791, 0.95481
2352, 697, -0.15058, 5.12175, -0.53083, -0.59171, 0.48607, -0.64313, 0.80, 0.80, 0.80, 1.00, 0.25776, 0.88833
2353, 671, -0.3873, 5.03595, -0.29203, -0.76601, 0.40017, -0.50308, 0.80, 0.80, 0.80, 1.00, 0.19239, 0.90324
2354, 663, -0.32502, 5.14393, -0.26204, -0.69222, 0.5484, -0.46912, 0.80, 0.80, 0.80, 1.00, 0.19239, 0.88833
2355, 697, -0.15058, 5.12175, -0.53083, -0.59171, 0.48607, -0.64313, 0.80, 0.80, 0.80, 1.00, 0.25776, 0.88833
2356, 702, -0.20944, 5.00891, -0.55923, -0.6278, 0.27539, -0.72803, 0.80, 0.80, 0.80, 1.00, 0.25791, 0.90379
2357, 671, -0.3873, 5.03595, -0.29203, -0.76601, 0.40017, -0.50308, 0.80, 0.80, 0.80, 1.00, 0.19239, 0.90324
2358, 700, 0.13111, 4.56156, -0.84302, -0.52595, 0.06863, -0.84774, 0.80, 0.80, 0.80, 1.00, 0.36746, 0.95368
2359, 704, 0.52898, 4.09757, -0.80901, -0.2331, -0.62198, -0.74122, 0.80, 0.80, 0.80, 1.00, 0.3754, 0.99597
2360, 701, -0.29981, 4.54328, -0.57715, -0.73677, 0.03377, -0.6753, 0.80, 0.80, 0.80, 1.00, 0.30533, 0.95603
2361, 701, -0.29981, 4.54328, -0.57715, -0.73677, 0.03377, -0.6753, 0.80, 0.80, 0.80, 1.00, 0.30533, 0.95603
2362, 704, 0.52898, 4.09757, -0.80901, -0.2331, -0.62198, -0.74122, 0.80, 0.80, 0.80, 1.00, 0.3754, 0.99597
2363, 705, 0.16278, 3.94588, -0.55417, -0.41505, -0.74795, -0.5072, 0.80, 0.80, 0.80, 1.00, 0.31491, 0.99604
2364, 701, -0.29981, 4.54328, -0.57715, -0.73677, 0.03377, -0.6753, 0.80, 0.80, 0.80, 1.00, 0.30533, 0.95603
2365, 706, 0.0305, 3.97353, -0.34258, -0.56254, -0.80599, -0.15418, 0.80, 0.80, 0.80, 1.00, 0.26598, 0.99611
2366, 703, -0.41635, 4.55279, -0.35419, -0.96625, -0.09064, -0.24113, 0.80, 0.80, 0.80, 1.00, 0.25791, 0.95481
2367, 705, 0.16278, 3.94588, -0.55417, -0.41505, -0.74795, -0.5072, 0.80, 0.80, 0.80, 1.00, 0.31491, 0.99604
2368, 706, 0.0305, 3.97353, -0.34258, -0.56254, -0.80599, -0.15418, 0.80, 0.80, 0.80, 1.00, 0.26598, 0.99611
2369, 701, -0.29981, 4.54328, -0.57715, -0.73677, 0.03377, -0.6753, 0.80, 0.80, 0.80, 1.00, 0.30533, 0.95603
2370, 703, -0.41635, 4.55279, -0.35419, -0.96625, -0.09064, -0.24113, 0.80, 0.80, 0.80, 1.00, 0.25791, 0.95481
2371, 675, -0.37762, 4.23191, -0.02723, -0.97521, -0.20118, -0.09207, 0.80, 0.80, 0.80, 1.00, 0.19239, 0.99593
2372, 670, -0.44663, 4.54518, -0.03375, -0.99419, -0.05266, -0.09386, 0.80, 0.80, 0.80, 1.00, 0.19239, 0.95578
2373, 675, -0.37762, 4.23191, -0.02723, -0.97521, -0.20118, -0.09207, 0.80, 0.80, 0.80, 1.00, 0.19239, 0.99593
2374, 703, -0.41635, 4.55279, -0.35419, -0.96625, -0.09064, -0.24113, 0.80, 0.80, 0.80, 1.00, 0.25791, 0.95481
2375, 706, 0.0305, 3.97353, -0.34258, -0.56254, -0.80599, -0.15418, 0.80, 0.80, 0.80, 1.00, 0.26598, 0.99611
2376, 707, -0.15718, 5.3182, 0.58714, -0.42877, -0.28161, 0.85744, 0.80, 0.80, 0.80, 1.00, 0.73749, 0.84695
2377, 708, 0.63357, 5.08827, 0.33297, 0.84382, -0.09814, 0.52758, 0.80, 0.80, 0.80, 1.00, 0.63385, 0.87519
2378, 709, 0.31361, 5.27254, 0.53871, 0.22356, -0.4753, 0.85008, 0.80, 0.80, 0.80, 1.00, 0.63385, 0.84348
2379, 708, 0.63357, 5.08827, 0.33297, 0.84382, -0.09814, 0.52758, 0.80, 0.80, 0.80, 1.00, 0.63385, 0.87519
2380, 707, -0.15718, 5.3182, 0.58714, -0.42877, -0.28161, 0.85744, 0.80, 0.80, 0.80, 1.00, 0.73749, 0.84695
2381, 710, 0.26946, 5.17098, 0.69652, 0.23431, 0.11562, 0.96526, 0.80, 0.80, 0.80, 1.00, 0.74539, 0.87156
2382, 709, 0.31361, 5.27254, 0.53871, 0.22356, -0.4753, 0.85008, 0.80, 0.80, 0.80, 1.00, 0.63385, 0.84348
2383, 711, 0.38119, 5.42496, 0.67114, 0.23883, -0.42377, 0.87283, 0.80, 0.80, 0.80, 1.00, 0.63385, 0.82468
2384, 712, -0.23909, 5.54177, 0.73828, -0.32668, -0.32842, 0.88533, 0.80, 0.80, 0.80, 1.00, 0.73768, 0.82474
2385, 709, 0.31361, 5.27254, 0.53871, 0.22356, -0.4753, 0.85008, 0.80, 0.80, 0.80, 1.00, 0.63385, 0.84348
2386, 712, -0.23909, 5.54177, 0.73828, -0.32668, -0.32842, 0.88533, 0.80, 0.80, 0.80, 1.00, 0.73768, 0.82474
2387, 707, -0.15718, 5.3182, 0.58714, -0.42877, -0.28161, 0.85744, 0.80, 0.80, 0.80, 1.00, 0.73749, 0.84695
2388, 712, -0.23909, 5.54177, 0.73828, -0.32668, -0.32842, 0.88533, 0.80, 0.80, 0.80, 1.00, 0.73768, 0.82474
2389, 713, -0.06438, 6.14856, 0.82316, -0.06915, -0.22903, 0.97008, 0.80, 0.80, 0.80, 1.00, 0.747, 0.74537
2390, 714, -0.28021, 6.23287, 0.73394, -0.67469, -0.10626, 0.72923, 0.80, 0.80, 0.80, 1.00, 0.80067, 0.74405
2391, 712, -0.23909, 5.54177, 0.73828, -0.32668, -0.32842, 0.88533, 0.80, 0.80, 0.80, 1.00, 0.73768, 0.82474
2392, 711, 0.38119, 5.42496, 0.67114, 0.23883, -0.42377, 0.87283, 0.80, 0.80, 0.80, 1.00, 0.63385, 0.82468
2393, 715, 0.53555, 6.03081, 0.68182, 0.3615, -0.28796, 0.88584, 0.80, 0.80, 0.80, 1.00, 0.63385, 0.74442
2394, 713, -0.06438, 6.14856, 0.82316, -0.06915, -0.22903, 0.97008, 0.80, 0.80, 0.80, 1.00, 0.747, 0.74537
2395, 716, -0.02424, 6.39833, 0.85886, -0.11743, -0.01728, 0.99206, 0.80, 0.80, 0.80, 1.00, 0.747, 0.72113
2396, 714, -0.28021, 6.23287, 0.73394, -0.67469, -0.10626, 0.72923, 0.80, 0.80, 0.80, 1.00, 0.80067, 0.74405
2397, 714, -0.28021, 6.23287, 0.73394, -0.67469, -0.10626, 0.72923, 0.80, 0.80, 0.80, 1.00, 0.80067, 0.74405
2398, 716, -0.02424, 6.39833, 0.85886, -0.11743, -0.01728, 0.99206, 0.80, 0.80, 0.80, 1.00, 0.747, 0.72113
2399, 717, -0.23202, 6.49514, 0.77261, -0.53423, 0.0456, 0.84309, 0.80, 0.80, 0.80, 1.00, 0.80067, 0.71913
2400, 716, -0.02424, 6.39833, 0.85886, -0.11743, -0.01728, 0.99206, 0.80, 0.80, 0.80, 1.00, 0.747, 0.72113
2401, 718, 0.63397, 7.04254, 0.56515, 0.41983, 0.26546, 0.86704, 0.80, 0.80, 0.80, 1.00, 0.63385, 0.63694
2402, 719, -0.08796, 7.28497, 0.58732, 0.04632, 0.60085, 0.79727, 0.80, 0.80, 0.80, 1.00, 0.7742, 0.6389
2403, 720, 0.57398, 6.26906, 0.72515, 0.35586, -0.22098, 0.90709, 0.80, 0.80, 0.80, 1.00, 0.63385, 0.72087
2404, 718, 0.63397, 7.04254, 0.56515, 0.41983, 0.26546, 0.86704, 0.80, 0.80, 0.80, 1.00, 0.63385, 0.63694
2405, 716, -0.02424, 6.39833, 0.85886, -0.11743, -0.01728, 0.99206, 0.80, 0.80, 0.80, 1.00, 0.747, 0.72113
2406, 710, 0.26946, 5.17098, 0.69652, 0.23431, 0.11562, 0.96526, 0.80, 0.80, 0.80, 1.00, 0.74539, 0.87156
2407, 707, -0.15718, 5.3182, 0.58714, -0.42877, -0.28161, 0.85744, 0.80, 0.80, 0.80, 1.00, 0.73749, 0.84695
2408, 721, -0.4367, 5.44544, 0.21089, -0.78437, -0.03711, 0.61777, 0.80, 0.80, 0.80, 1.00, 0.80909, 0.84596
2409, 710, 0.26946, 5.17098, 0.69652, 0.23431, 0.11562, 0.96526, 0.80, 0.80, 0.80, 1.00, 0.74539, 0.87156
2410, 721, -0.4367, 5.44544, 0.21089, -0.78437, -0.03711, 0.61777, 0.80, 0.80, 0.80, 1.00, 0.80909, 0.84596
2411, 722, -0.14068, 5.21659, 0.59693, -0.17661, 0.29947, 0.93762, 0.80, 0.80, 0.80, 1.00, 0.79666, 0.87338
2412, 721, -0.4367, 5.44544, 0.21089, -0.78437, -0.03711, 0.61777, 0.80, 0.80, 0.80, 1.00, 0.80909, 0.84596
2413, 707, -0.15718, 5.3182, 0.58714, -0.42877, -0.28161, 0.85744, 0.80, 0.80, 0.80, 1.00, 0.73749, 0.84695
2414, 723, -0.50652, 5.6397, 0.2615, -0.82011, -0.26583, 0.50512, 0.80, 0.80, 0.80, 1.00, 0.81059, 0.82602
2415, 707, -0.15718, 5.3182, 0.58714, -0.42877, -0.28161, 0.85744, 0.80, 0.80, 0.80, 1.00, 0.73749, 0.84695
2416, 712, -0.23909, 5.54177, 0.73828, -0.32668, -0.32842, 0.88533, 0.80, 0.80, 0.80, 1.00, 0.73768, 0.82474
2417, 723, -0.50652, 5.6397, 0.2615, -0.82011, -0.26583, 0.50512, 0.80, 0.80, 0.80, 1.00, 0.81059, 0.82602
2418, 723, -0.50652, 5.6397, 0.2615, -0.82011, -0.26583, 0.50512, 0.80, 0.80, 0.80, 1.00, 0.81059, 0.82602
2419, 712, -0.23909, 5.54177, 0.73828, -0.32668, -0.32842, 0.88533, 0.80, 0.80, 0.80, 1.00, 0.73768, 0.82474
2420, 714, -0.28021, 6.23287, 0.73394, -0.67469, -0.10626, 0.72923, 0.80, 0.80, 0.80, 1.00, 0.80067, 0.74405
2421, 723, -0.50652, 5.6397, 0.2615, -0.82011, -0.26583, 0.50512, 0.80, 0.80, 0.80, 1.00, 0.81059, 0.82602
2422, 714, -0.28021, 6.23287, 0.73394, -0.67469, -0.10626, 0.72923, 0.80, 0.80, 0.80, 1.00, 0.80067, 0.74405
2423, 724, -0.45527, 6.41218, 0.45137, -0.74729, -0.18278, 0.63755, 0.80, 0.80, 0.80, 1.00, 0.83713, 0.73723
2424, 724, -0.45527, 6.41218, 0.45137, -0.74729, -0.18278, 0.63755, 0.80, 0.80, 0.80, 1.00, 0.83713, 0.73723
2425, 714, -0.28021, 6.23287, 0.73394, -0.67469, -0.10626, 0.72923, 0.80, 0.80, 0.80, 1.00, 0.80067, 0.74405
2426, 725, -0.47224, 6.76063, 0.64453, -0.53527, 0.12856, 0.8337, 0.80, 0.80, 0.80, 1.00, 0.83816, 0.70727
2427, 725, -0.47224, 6.76063, 0.64453, -0.53527, 0.12856, 0.8337, 0.80, 0.80, 0.80, 1.00, 0.83816, 0.70727
2428, 714, -0.28021, 6.23287, 0.73394, -0.67469, -0.10626, 0.72923, 0.80, 0.80, 0.80, 1.00, 0.80067, 0.74405
2429, 717, -0.23202, 6.49514, 0.77261, -0.53423, 0.0456, 0.84309, 0.80, 0.80, 0.80, 1.00, 0.80067, 0.71913
2430, 725, -0.47224, 6.76063, 0.64453, -0.53527, 0.12856, 0.8337, 0.80, 0.80, 0.80, 1.00, 0.83816, 0.70727
2431, 717, -0.23202, 6.49514, 0.77261, -0.53423, 0.0456, 0.84309, 0.80, 0.80, 0.80, 1.00, 0.80067, 0.71913
2432, 719, -0.08796, 7.28497, 0.58732, 0.04632, 0.60085, 0.79727, 0.80, 0.80, 0.80, 1.00, 0.7742, 0.6389
2433, 725, -0.47224, 6.76063, 0.64453, -0.53527, 0.12856, 0.8337, 0.80, 0.80, 0.80, 1.00, 0.83816, 0.70727
2434, 719, -0.08796, 7.28497, 0.58732, 0.04632, 0.60085, 0.79727, 0.80, 0.80, 0.80, 1.00, 0.7742, 0.6389
2435, 726, -0.28931, 7.29005, 0.6003, 0.06836, 0.48984, 0.86831, 0.80, 0.80, 0.80, 1.00, 0.83797, 0.64565
2436, 718, 0.63397, 7.04254, 0.56515, 0.41983, 0.26546, 0.86704, 0.80, 0.80, 0.80, 1.00, 0.63385, 0.63694
2437, 727, 0.30246, 7.25528, 0.53624, 0.14102, 0.65389, 0.74277, 0.80, 0.80, 0.80, 1.00, 0.69503, 0.62512
2438, 719, -0.08796, 7.28497, 0.58732, 0.04632, 0.60085, 0.79727, 0.80, 0.80, 0.80, 1.00, 0.7742, 0.6389
2439, 719, -0.08796, 7.28497, 0.58732, 0.04632, 0.60085, 0.79727, 0.80, 0.80, 0.80, 1.00, 0.7742, 0.6389
2440, 727, 0.30246, 7.25528, 0.53624, 0.14102, 0.65389, 0.74277, 0.80, 0.80, 0.80, 1.00, 0.69503, 0.62512
2441, 728, -0.3358, 7.42993, 0.40303, 0.16686, 0.87115, 0.46124, 0.80, 0.80, 0.80, 1.00, 0.83807, 0.63116
2442, 719, -0.08796, 7.28497, 0.58732, 0.04632, 0.60085, 0.79727, 0.80, 0.80, 0.80, 1.00, 0.7742, 0.6389
2443, 728, -0.3358, 7.42993, 0.40303, 0.16686, 0.87115, 0.46124, 0.80, 0.80, 0.80, 1.00, 0.83807, 0.63116
2444, 726, -0.28931, 7.29005, 0.6003, 0.06836, 0.48984, 0.86831, 0.80, 0.80, 0.80, 1.00, 0.83797, 0.64565
2445, 728, -0.3358, 7.42993, 0.40303, 0.16686, 0.87115, 0.46124, 0.80, 0.80, 0.80, 1.00, 0.83807, 0.63116
2446, 727, 0.30246, 7.25528, 0.53624, 0.14102, 0.65389, 0.74277, 0.80, 0.80, 0.80, 1.00, 0.69503, 0.62512
2447, 729, 0.18005, 7.49194, 0.28917, 0.10558, 0.74407, 0.65923, 0.80, 0.80, 0.80, 1.00, 0.70451, 0.61042
2448, 722, -0.14068, 5.21659, 0.59693, -0.17661, 0.29947, 0.93762, 0.80, 0.80, 0.80, 1.00, 0.79666, 0.87338
2449, 721, -0.4367, 5.44544, 0.21089, -0.78437, -0.03711, 0.61777, 0.80, 0.80, 0.80, 1.00, 0.80909, 0.84596
2450, 730, -0.54977, 5.45664, 0.08372, -0.77032, -0.10394, 0.62775, 0.80, 0.80, 0.80, 1.00, 0.83039, 0.84807
2451, 722, -0.14068, 5.21659, 0.59693, -0.17661, 0.29947, 0.93762, 0.80, 0.80, 0.80, 1.00, 0.79666, 0.87338
2452, 730, -0.54977, 5.45664, 0.08372, -0.77032, -0.10394, 0.62775, 0.80, 0.80, 0.80, 1.00, 0.83039, 0.84807
2453, 731, -0.31077, 5.25857, 0.55741, -0.16833, 0.22211, 0.96038, 0.80, 0.80, 0.80, 1.00, 0.81639, 0.87164
2454, 730, -0.54977, 5.45664, 0.08372, -0.77032, -0.10394, 0.62775, 0.80, 0.80, 0.80, 1.00, 0.83039, 0.84807
2455, 721, -0.4367, 5.44544, 0.21089, -0.78437, -0.03711, 0.61777, 0.80, 0.80, 0.80, 1.00, 0.80909, 0.84596
2456, 723, -0.50652, 5.6397, 0.2615, -0.82011, -0.26583, 0.50512, 0.80, 0.80, 0.80, 1.00, 0.81059, 0.82602
2457, 730, -0.54977, 5.45664, 0.08372, -0.77032, -0.10394, 0.62775, 0.80, 0.80, 0.80, 1.00, 0.83039, 0.84807
2458, 723, -0.50652, 5.6397, 0.2615, -0.82011, -0.26583, 0.50512, 0.80, 0.80, 0.80, 1.00, 0.81059, 0.82602
2459, 732, -0.60896, 5.6661, 0.13308, -0.7383, -0.17877, 0.64904, 0.80, 0.80, 0.80, 1.00, 0.84244, 0.82475
2460, 732, -0.60896, 5.6661, 0.13308, -0.7383, -0.17877, 0.64904, 0.80, 0.80, 0.80, 1.00, 0.84244, 0.82475
2461, 724, -0.45527, 6.41218, 0.45137, -0.74729, -0.18278, 0.63755, 0.80, 0.80, 0.80, 1.00, 0.83713, 0.73723
2462, 733, -0.49369, 6.42372, 0.42616, -0.58336, -0.2763, 0.7627, 0.80, 0.80, 0.80, 1.00, 0.83841, 0.73597
2463, 732, -0.60896, 5.6661, 0.13308, -0.7383, -0.17877, 0.64904, 0.80, 0.80, 0.80, 1.00, 0.84244, 0.82475
2464, 723, -0.50652, 5.6397, 0.2615, -0.82011, -0.26583, 0.50512, 0.80, 0.80, 0.80, 1.00, 0.81059, 0.82602
2465, 724, -0.45527, 6.41218, 0.45137, -0.74729, -0.18278, 0.63755, 0.80, 0.80, 0.80, 1.00, 0.83713, 0.73723
2466, 733, -0.49369, 6.42372, 0.42616, -0.58336, -0.2763, 0.7627, 0.80, 0.80, 0.80, 1.00, 0.83841, 0.73597
2467, 724, -0.45527, 6.41218, 0.45137, -0.74729, -0.18278, 0.63755, 0.80, 0.80, 0.80, 1.00, 0.83713, 0.73723
2468, 725, -0.47224, 6.76063, 0.64453, -0.53527, 0.12856, 0.8337, 0.80, 0.80, 0.80, 1.00, 0.83816, 0.70727
2469, 734, 0.62488, 4.99421, 0.33492, 0.8361, -0.15224, 0.52702, 0.80, 0.80, 0.80, 1.00, 0.63385, 0.88546
2470, 708, 0.63357, 5.08827, 0.33297, 0.84382, -0.09814, 0.52758, 0.80, 0.80, 0.80, 1.00, 0.63385, 0.87519
2471, 710, 0.26946, 5.17098, 0.69652, 0.23431, 0.11562, 0.96526, 0.80, 0.80, 0.80, 1.00, 0.74539, 0.87156
2472, 734, 0.62488, 4.99421, 0.33492, 0.8361, -0.15224, 0.52702, 0.80, 0.80, 0.80, 1.00, 0.63385, 0.88546
2473, 710, 0.26946, 5.17098, 0.69652, 0.23431, 0.11562, 0.96526, 0.80, 0.80, 0.80, 1.00, 0.74539, 0.87156
2474, 735, 0.24597, 5.04536, 0.70693, 0.35741, -0.02864, 0.93351, 0.80, 0.80, 0.80, 1.00, 0.73225, 0.88546
2475, 735, 0.24597, 5.04536, 0.70693, 0.35741, -0.02864, 0.93351, 0.80, 0.80, 0.80, 1.00, 0.73225, 0.88546
2476, 710, 0.26946, 5.17098, 0.69652, 0.23431, 0.11562, 0.96526, 0.80, 0.80, 0.80, 1.00, 0.74539, 0.87156
2477, 736, -0.19445, 5.11165, 0.65295, -0.16716, 0.36046, 0.91767, 0.80, 0.80, 0.80, 1.00, 0.80282, 0.88546
2478, 736, -0.19445, 5.11165, 0.65295, -0.16716, 0.36046, 0.91767, 0.80, 0.80, 0.80, 1.00, 0.80282, 0.88546
2479, 710, 0.26946, 5.17098, 0.69652, 0.23431, 0.11562, 0.96526, 0.80, 0.80, 0.80, 1.00, 0.74539, 0.87156
2480, 722, -0.14068, 5.21659, 0.59693, -0.17661, 0.29947, 0.93762, 0.80, 0.80, 0.80, 1.00, 0.79666, 0.87338
2481, 736, -0.19445, 5.11165, 0.65295, -0.16716, 0.36046, 0.91767, 0.80, 0.80, 0.80, 1.00, 0.80282, 0.88546
2482, 722, -0.14068, 5.21659, 0.59693, -0.17661, 0.29947, 0.93762, 0.80, 0.80, 0.80, 1.00, 0.79666, 0.87338
2483, 737, -0.37603, 5.13952, 0.59231, -0.19193, 0.53693, 0.8215, 0.80, 0.80, 0.80, 1.00, 0.8201, 0.88546
2484, 738, -0.37603, 5.13952, 0.59231, -0.18797, 0.35483, 0.91584, 0.80, 0.80, 0.80, 1.00, 0.81144, 0.88546
2485, 722, -0.14068, 5.21659, 0.59693, -0.17661, 0.29947, 0.93762, 0.80, 0.80, 0.80, 1.00, 0.79666, 0.87338
2486, 731, -0.31077, 5.25857, 0.55741, -0.16833, 0.22211, 0.96038, 0.80, 0.80, 0.80, 1.00, 0.81639, 0.87164
2487, 739, 0.65486, 4.57588, 0.07024, 0.98795, -0.12349, 0.09327, 0.80, 0.80, 0.80, 1.00, 0.63385, 0.93945
2488, 734, 0.62488, 4.99421, 0.33492, 0.8361, -0.15224, 0.52702, 0.80, 0.80, 0.80, 1.00, 0.63385, 0.88546
2489, 735, 0.24597, 5.04536, 0.70693, 0.35741, -0.02864, 0.93351, 0.80, 0.80, 0.80, 1.00, 0.73225, 0.88546
2490, 739, 0.65486, 4.57588, 0.07024, 0.98795, -0.12349, 0.09327, 0.80, 0.80, 0.80, 1.00, 0.63385, 0.93945
2491, 735, 0.24597, 5.04536, 0.70693, 0.35741, -0.02864, 0.93351, 0.80, 0.80, 0.80, 1.00, 0.73225, 0.88546
2492, 740, 0.48165, 4.5621, 0.58609, 0.90116, -0.01881, 0.43307, 0.80, 0.80, 0.80, 1.00, 0.73455, 0.94095
2493, 740, 0.48165, 4.5621, 0.58609, 0.90116, -0.01881, 0.43307, 0.80, 0.80, 0.80, 1.00, 0.73455, 0.94095
2494, 735, 0.24597, 5.04536, 0.70693, 0.35741, -0.02864, 0.93351, 0.80, 0.80, 0.80, 1.00, 0.73225, 0.88546
2495, 741, 0.33982, 4.55374, 0.80071, 0.51079, 0.09134, 0.85483, 0.80, 0.80, 0.80, 1.00, 0.7777, 0.94186
2496, 742, -0.21228, 4.98697, 0.69032, -0.17297, 0.24903, 0.95292, 0.80, 0.80, 0.80, 1.00, 0.80041, 0.89912
2497, 735, 0.24597, 5.04536, 0.70693, 0.35741, -0.02864, 0.93351, 0.80, 0.80, 0.80, 1.00, 0.73225, 0.88546
2498, 736, -0.19445, 5.11165, 0.65295, -0.16716, 0.36046, 0.91767, 0.80, 0.80, 0.80, 1.00, 0.80282, 0.88546
2499, 742, -0.21228, 4.98697, 0.69032, -0.17297, 0.24903, 0.95292, 0.80, 0.80, 0.80, 1.00, 0.80041, 0.89912
2500, 743, -0.03055, 4.56156, 0.86935, 0.19718, 0.12069, 0.97291, 0.80, 0.80, 0.80, 1.00, 0.82847, 0.941
2501, 741, 0.33982, 4.55374, 0.80071, 0.51079, 0.09134, 0.85483, 0.80, 0.80, 0.80, 1.00, 0.7777, 0.94186
2502, 742, -0.21228, 4.98697, 0.69032, -0.17297, 0.24903, 0.95292, 0.80, 0.80, 0.80, 1.00, 0.80041, 0.89912
2503, 736, -0.19445, 5.11165, 0.65295, -0.16716, 0.36046, 0.91767, 0.80, 0.80, 0.80, 1.00, 0.80282, 0.88546
2504, 744, -0.43501, 5.0266, 0.62201, -0.24264, 0.29303, 0.9248, 0.80, 0.80, 0.80, 1.00, 0.82069, 0.89852
2505, 744, -0.43501, 5.0266, 0.62201, -0.24264, 0.29303, 0.9248, 0.80, 0.80, 0.80, 1.00, 0.82069, 0.89852
2506, 736, -0.19445, 5.11165, 0.65295, -0.16716, 0.36046, 0.91767, 0.80, 0.80, 0.80, 1.00, 0.80282, 0.88546
2507, 738, -0.37603, 5.13952, 0.59231, -0.18797, 0.35483, 0.91584, 0.80, 0.80, 0.80, 1.00, 0.81144, 0.88546
2508, 742, -0.21228, 4.98697, 0.69032, -0.17297, 0.24903, 0.95292, 0.80, 0.80, 0.80, 1.00, 0.80041, 0.89912
2509, 741, 0.33982, 4.55374, 0.80071, 0.51079, 0.09134, 0.85483, 0.80, 0.80, 0.80, 1.00, 0.7777, 0.94186
2510, 735, 0.24597, 5.04536, 0.70693, 0.35741, -0.02864, 0.93351, 0.80, 0.80, 0.80, 1.00, 0.73225, 0.88546
2511, 742, -0.21228, 4.98697, 0.69032, -0.17297, 0.24903, 0.95292, 0.80, 0.80, 0.80, 1.00, 0.80041, 0.89912
2512, 744, -0.43501, 5.0266, 0.62201, -0.24264, 0.29303, 0.9248, 0.80, 0.80, 0.80, 1.00, 0.82069, 0.89852
2513, 743, -0.03055, 4.56156, 0.86935, 0.19718, 0.12069, 0.97291, 0.80, 0.80, 0.80, 1.00, 0.82847, 0.941
2514, 716, -0.02424, 6.39833, 0.85886, -0.11743, -0.01728, 0.99206, 0.80, 0.80, 0.80, 1.00, 0.747, 0.72113
2515, 713, -0.06438, 6.14856, 0.82316, -0.06915, -0.22903, 0.97008, 0.80, 0.80, 0.80, 1.00, 0.747, 0.74537
2516, 720, 0.57398, 6.26906, 0.72515, 0.35586, -0.22098, 0.90709, 0.80, 0.80, 0.80, 1.00, 0.63385, 0.72087
2517, 716, -0.02424, 6.39833, 0.85886, -0.11743, -0.01728, 0.99206, 0.80, 0.80, 0.80, 1.00, 0.747, 0.72113
2518, 719, -0.08796, 7.28497, 0.58732, 0.04632, 0.60085, 0.79727, 0.80, 0.80, 0.80, 1.00, 0.7742, 0.6389
2519, 717, -0.23202, 6.49514, 0.77261, -0.53423, 0.0456, 0.84309, 0.80, 0.80, 0.80, 1.00, 0.80067, 0.71913
2520, 713, -0.06438, 6.14856, 0.82316, -0.06915, -0.22903, 0.97008, 0.80, 0.80, 0.80, 1.00, 0.747, 0.74537
2521, 712, -0.23909, 5.54177, 0.73828, -0.32668, -0.32842, 0.88533, 0.80, 0.80, 0.80, 1.00, 0.73768, 0.82474
2522, 715, 0.53555, 6.03081, 0.68182, 0.3615, -0.28796, 0.88584, 0.80, 0.80, 0.80, 1.00, 0.63385, 0.74442
2523, 715, 0.53555, 6.03081, 0.68182, 0.3615, -0.28796, 0.88584, 0.80, 0.80, 0.80, 1.00, 0.63385, 0.74442
2524, 720, 0.57398, 6.26906, 0.72515, 0.35586, -0.22098, 0.90709, 0.80, 0.80, 0.80, 1.00, 0.63385, 0.72087
2525, 713, -0.06438, 6.14856, 0.82316, -0.06915, -0.22903, 0.97008, 0.80, 0.80, 0.80, 1.00, 0.747, 0.74537
2526, 745, 0.54375, 4.07225, 0.05975, 0.97199, -0.21636, 0.09176, 0.80, 0.80, 0.80, 1.00, 0.63385, 0.9943
2527, 739, 0.65486, 4.57588, 0.07024, 0.98795, -0.12349, 0.09327, 0.80, 0.80, 0.80, 1.00, 0.63385, 0.93945
2528, 746, 0.3342, 4.14163, 0.39985, 0.98221, -0.01233, 0.18737, 0.80, 0.80, 0.80, 1.00, 0.71133, 0.99147
2529, 740, 0.48165, 4.5621, 0.58609, 0.90116, -0.01881, 0.43307, 0.80, 0.80, 0.80, 1.00, 0.73455, 0.94095
2530, 747, 0.1972, 4.14336, 0.7526, 0.64344, -0.06212, 0.76297, 0.80, 0.80, 0.80, 1.00, 0.77665, 0.98035
2531, 746, 0.3342, 4.14163, 0.39985, 0.98221, -0.01233, 0.18737, 0.80, 0.80, 0.80, 1.00, 0.71133, 0.99147
2532, 743, -0.03055, 4.56156, 0.86935, 0.19718, 0.12069, 0.97291, 0.80, 0.80, 0.80, 1.00, 0.82847, 0.941
2533, 747, 0.1972, 4.14336, 0.7526, 0.64344, -0.06212, 0.76297, 0.80, 0.80, 0.80, 1.00, 0.77665, 0.98035
2534, 741, 0.33982, 4.55374, 0.80071, 0.51079, 0.09134, 0.85483, 0.80, 0.80, 0.80, 1.00, 0.7777, 0.94186
2535, 747, 0.1972, 4.14336, 0.7526, 0.64344, -0.06212, 0.76297, 0.80, 0.80, 0.80, 1.00, 0.77665, 0.98035
2536, 740, 0.48165, 4.5621, 0.58609, 0.90116, -0.01881, 0.43307, 0.80, 0.80, 0.80, 1.00, 0.73455, 0.94095
2537, 741, 0.33982, 4.55374, 0.80071, 0.51079, 0.09134, 0.85483, 0.80, 0.80, 0.80, 1.00, 0.7777, 0.94186
2538, 747, 0.1972, 4.14336, 0.7526, 0.64344, -0.06212, 0.76297, 0.80, 0.80, 0.80, 1.00, 0.77665, 0.98035
2539, 743, -0.03055, 4.56156, 0.86935, 0.19718, 0.12069, 0.97291, 0.80, 0.80, 0.80, 1.00, 0.82847, 0.941
2540, 748, -0.22022, 4.10291, 0.88528, 0.31036, -0.1027, 0.94505, 0.80, 0.80, 0.80, 1.00, 0.83589, 0.97695
2541, 739, 0.65486, 4.57588, 0.07024, 0.98795, -0.12349, 0.09327, 0.80, 0.80, 0.80, 1.00, 0.63385, 0.93945
2542, 740, 0.48165, 4.5621, 0.58609, 0.90116, -0.01881, 0.43307, 0.80, 0.80, 0.80, 1.00, 0.73455, 0.94095
2543, 746, 0.3342, 4.14163, 0.39985, 0.98221, -0.01233, 0.18737, 0.80, 0.80, 0.80, 1.00, 0.71133, 0.99147
2544, 708, 0.63357, 5.08827, 0.33297, 0.84382, -0.09814, 0.52758, 0.80, 0.80, 0.80, 1.00, 0.63385, 0.87519
2545, 749, 0.7102, 5.19259, 0.28888, 0.77011, -0.45523, 0.44519, 0.80, 0.80, 0.80, 1.00, 0.54579, 0.84695
2546, 709, 0.31361, 5.27254, 0.53871, 0.22356, -0.4753, 0.85008, 0.80, 0.80, 0.80, 1.00, 0.63385, 0.84348
2547, 749, 0.7102, 5.19259, 0.28888, 0.77011, -0.45523, 0.44519, 0.80, 0.80, 0.80, 1.00, 0.54579, 0.84695
2548, 708, 0.63357, 5.08827, 0.33297, 0.84382, -0.09814, 0.52758, 0.80, 0.80, 0.80, 1.00, 0.63385, 0.87519
2549, 750, 0.79803, 5.10439, -0.16127, 0.97234, 0.02263, -0.23245, 0.80, 0.80, 0.80, 1.00, 0.53788, 0.87156
2550, 711, 0.38119, 5.42496, 0.67114, 0.23883, -0.42377, 0.87283, 0.80, 0.80, 0.80, 1.00, 0.63385, 0.82468
2551, 709, 0.31361, 5.27254, 0.53871, 0.22356, -0.4753, 0.85008, 0.80, 0.80, 0.80, 1.00, 0.63385, 0.84348
2552, 751, 0.92009, 5.37389, 0.33968, 0.69791, -0.4768, 0.53301, 0.80, 0.80, 0.80, 1.00, 0.51617, 0.82316
2553, 751, 0.92009, 5.37389, 0.33968, 0.69791, -0.4768, 0.53301, 0.80, 0.80, 0.80, 1.00, 0.51617, 0.82316
2554, 709, 0.31361, 5.27254, 0.53871, 0.22356, -0.4753, 0.85008, 0.80, 0.80, 0.80, 1.00, 0.63385, 0.84348
2555, 749, 0.7102, 5.19259, 0.28888, 0.77011, -0.45523, 0.44519, 0.80, 0.80, 0.80, 1.00, 0.54579, 0.84695
2556, 752, 1.04036, 5.96949, 0.31417, 0.70437, -0.35441, 0.6137, 0.80, 0.80, 0.80, 1.00, 0.52069, 0.74537
2557, 751, 0.92009, 5.37389, 0.33968, 0.69791, -0.4768, 0.53301, 0.80, 0.80, 0.80, 1.00, 0.51617, 0.82316
2558, 753, 1.12872, 6.00449, 0.08481, 0.9296, -0.3663, -0.00991, 0.80, 0.80, 0.80, 1.00, 0.48954, 0.74405
2559, 711, 0.38119, 5.42496, 0.67114, 0.23883, -0.42377, 0.87283, 0.80, 0.80, 0.80, 1.00, 0.63385, 0.82468
2560, 751, 0.92009, 5.37389, 0.33968, 0.69791, -0.4768, 0.53301, 0.80, 0.80, 0.80, 1.00, 0.51617, 0.82316
2561, 715, 0.53555, 6.03081, 0.68182, 0.3615, -0.28796, 0.88584, 0.80, 0.80, 0.80, 1.00, 0.63385, 0.74442
2562, 754, 1.09089, 6.21166, 0.37594, 0.77789, -0.16715, 0.60433, 0.80, 0.80, 0.80, 1.00, 0.52069, 0.72113
2563, 752, 1.04036, 5.96949, 0.31417, 0.70437, -0.35441, 0.6137, 0.80, 0.80, 0.80, 1.00, 0.52069, 0.74537
2564, 753, 1.12872, 6.00449, 0.08481, 0.9296, -0.3663, -0.00991, 0.80, 0.80, 0.80, 1.00, 0.48954, 0.74405
2565, 754, 1.09089, 6.21166, 0.37594, 0.77789, -0.16715, 0.60433, 0.80, 0.80, 0.80, 1.00, 0.52069, 0.72113
2566, 753, 1.12872, 6.00449, 0.08481, 0.9296, -0.3663, -0.00991, 0.80, 0.80, 0.80, 1.00, 0.48954, 0.74405
2567, 755, 1.19017, 6.25708, 0.15672, 0.95804, -0.2042, 0.19684, 0.80, 0.80, 0.80, 1.00, 0.48261, 0.71756
2568, 718, 0.63397, 7.04254, 0.56515, 0.41983, 0.26546, 0.86704, 0.80, 0.80, 0.80, 1.00, 0.63385, 0.63694
2569, 754, 1.09089, 6.21166, 0.37594, 0.77789, -0.16715, 0.60433, 0.80, 0.80, 0.80, 1.00, 0.52069, 0.72113
2570, 756, 1.19667, 6.68475, 0.03451, 0.71428, 0.11106, 0.68978, 0.80, 0.80, 0.80, 1.00, 0.49349, 0.6389
2571, 718, 0.63397, 7.04254, 0.56515, 0.41983, 0.26546, 0.86704, 0.80, 0.80, 0.80, 1.00, 0.63385, 0.63694
2572, 720, 0.57398, 6.26906, 0.72515, 0.35586, -0.22098, 0.90709, 0.80, 0.80, 0.80, 1.00, 0.63385, 0.72087
2573, 754, 1.09089, 6.21166, 0.37594, 0.77789, -0.16715, 0.60433, 0.80, 0.80, 0.80, 1.00, 0.52069, 0.72113
2574, 749, 0.7102, 5.19259, 0.28888, 0.77011, -0.45523, 0.44519, 0.80, 0.80, 0.80, 1.00, 0.54579, 0.84695
2575, 750, 0.79803, 5.10439, -0.16127, 0.97234, 0.02263, -0.23245, 0.80, 0.80, 0.80, 1.00, 0.53788, 0.87156
2576, 757, 0.72659, 5.27697, -0.18912, 0.95622, -0.28918, 0.01924, 0.80, 0.80, 0.80, 1.00, 0.48631, 0.84596
2577, 757, 0.72659, 5.27697, -0.18912, 0.95622, -0.28918, 0.01924, 0.80, 0.80, 0.80, 1.00, 0.48631, 0.84596
2578, 750, 0.79803, 5.10439, -0.16127, 0.97234, 0.02263, -0.23245, 0.80, 0.80, 0.80, 1.00, 0.53788, 0.87156
2579, 758, 0.52724, 5.13243, -0.487, 0.77472, 0.17961, -0.60625, 0.80, 0.80, 0.80, 1.00, 0.48315, 0.87495
2580, 749, 0.7102, 5.19259, 0.28888, 0.77011, -0.45523, 0.44519, 0.80, 0.80, 0.80, 1.00, 0.54579, 0.84695
2581, 757, 0.72659, 5.27697, -0.18912, 0.95622, -0.28918, 0.01924, 0.80, 0.80, 0.80, 1.00, 0.48631, 0.84596
2582, 759, 0.85923, 5.44191, -0.20814, 0.85715, -0.50873, -0.07162, 0.80, 0.80, 0.80, 1.00, 0.46403, 0.8276
2583, 751, 0.92009, 5.37389, 0.33968, 0.69791, -0.4768, 0.53301, 0.80, 0.80, 0.80, 1.00, 0.51617, 0.82316
2584, 749, 0.7102, 5.19259, 0.28888, 0.77011, -0.45523, 0.44519, 0.80, 0.80, 0.80, 1.00, 0.54579, 0.84695
2585, 759, 0.85923, 5.44191, -0.20814, 0.85715, -0.50873, -0.07162, 0.80, 0.80, 0.80, 1.00, 0.46403, 0.8276
2586, 751, 0.92009, 5.37389, 0.33968, 0.69791, -0.4768, 0.53301, 0.80, 0.80, 0.80, 1.00, 0.51617, 0.82316
2587, 759, 0.85923, 5.44191, -0.20814, 0.85715, -0.50873, -0.07162, 0.80, 0.80, 0.80, 1.00, 0.46403, 0.8276
2588, 753, 1.12872, 6.00449, 0.08481, 0.9296, -0.3663, -0.00991, 0.80, 0.80, 0.80, 1.00, 0.48954, 0.74405
2589, 753, 1.12872, 6.00449, 0.08481, 0.9296, -0.3663, -0.00991, 0.80, 0.80, 0.80, 1.00, 0.48954, 0.74405
2590, 759, 0.85923, 5.44191, -0.20814, 0.85715, -0.50873, -0.07162, 0.80, 0.80, 0.80, 1.00, 0.46403, 0.8276
2591, 760, 1.073, 6.16446, -0.25274, 0.88603, -0.44752, -0.11496, 0.80, 0.80, 0.80, 1.00, 0.41844, 0.74352
2592, 753, 1.12872, 6.00449, 0.08481, 0.9296, -0.3663, -0.00991, 0.80, 0.80, 0.80, 1.00, 0.48954, 0.74405
2593, 760, 1.073, 6.16446, -0.25274, 0.88603, -0.44752, -0.11496, 0.80, 0.80, 0.80, 1.00, 0.41844, 0.74352
2594, 761, 1.33547, 6.28264, -0.4603, 0.97721, -0.19946, 0.05975, 0.80, 0.80, 0.80, 1.00, 0.40702, 0.71198
2595, 753, 1.12872, 6.00449, 0.08481, 0.9296, -0.3663, -0.00991, 0.80, 0.80, 0.80, 1.00, 0.48954, 0.74405
2596, 761, 1.33547, 6.28264, -0.4603, 0.97721, -0.19946, 0.05975, 0.80, 0.80, 0.80, 1.00, 0.40702, 0.71198
2597, 755, 1.19017, 6.25708, 0.15672, 0.95804, -0.2042, 0.19684, 0.80, 0.80, 0.80, 1.00, 0.48261, 0.71756
2598, 755, 1.19017, 6.25708, 0.15672, 0.95804, -0.2042, 0.19684, 0.80, 0.80, 0.80, 1.00, 0.48261, 0.71756
2599, 761, 1.33547, 6.28264, -0.4603, 0.97721, -0.19946, 0.05975, 0.80, 0.80, 0.80, 1.00, 0.40702, 0.71198
2600, 756, 1.19667, 6.68475, 0.03451, 0.71428, 0.11106, 0.68978, 0.80, 0.80, 0.80, 1.00, 0.49349, 0.6389
2601, 756, 1.19667, 6.68475, 0.03451, 0.71428, 0.11106, 0.68978, 0.80, 0.80, 0.80, 1.00, 0.49349, 0.6389
2602, 761, 1.33547, 6.28264, -0.4603, 0.97721, -0.19946, 0.05975, 0.80, 0.80, 0.80, 1.00, 0.40702, 0.71198
2603, 762, 1.33474, 6.72053, -0.10829, 0.72095, -0.02245, 0.69138, 0.80, 0.80, 0.80, 1.00, 0.40722, 0.65037
2604, 763, 0.88584, 7.15763, 0.2836, 0.61805, 0.57404, 0.53619, 0.80, 0.80, 0.80, 1.00, 0.57267, 0.62512
2605, 718, 0.63397, 7.04254, 0.56515, 0.41983, 0.26546, 0.86704, 0.80, 0.80, 0.80, 1.00, 0.63385, 0.63694
2606, 756, 1.19667, 6.68475, 0.03451, 0.71428, 0.11106, 0.68978, 0.80, 0.80, 0.80, 1.00, 0.49349, 0.6389
2607, 763, 0.88584, 7.15763, 0.2836, 0.61805, 0.57404, 0.53619, 0.80, 0.80, 0.80, 1.00, 0.57267, 0.62512
2608, 756, 1.19667, 6.68475, 0.03451, 0.71428, 0.11106, 0.68978, 0.80, 0.80, 0.80, 1.00, 0.49349, 0.6389
2609, 764, 1.26022, 6.9452, -0.1767, 0.46998, 0.48347, 0.7377, 0.80, 0.80, 0.80, 1.00, 0.40712, 0.63588
2610, 764, 1.26022, 6.9452, -0.1767, 0.46998, 0.48347, 0.7377, 0.80, 0.80, 0.80, 1.00, 0.40712, 0.63588
2611, 756, 1.19667, 6.68475, 0.03451, 0.71428, 0.11106, 0.68978, 0.80, 0.80, 0.80, 1.00, 0.49349, 0.6389
2612, 762, 1.33474, 6.72053, -0.10829, 0.72095, -0.02245, 0.69138, 0.80, 0.80, 0.80, 1.00, 0.40722, 0.65037
2613, 763, 0.88584, 7.15763, 0.2836, 0.61805, 0.57404, 0.53619, 0.80, 0.80, 0.80, 1.00, 0.57267, 0.62512
2614, 764, 1.26022, 6.9452, -0.1767, 0.46998, 0.48347, 0.7377, 0.80, 0.80, 0.80, 1.00, 0.40712, 0.63588
2615, 765, 0.85389, 7.37915, -0.00265, 0.6062, 0.66027, 0.44243, 0.80, 0.80, 0.80, 1.00, 0.56318, 0.61042
2616, 757, 0.72659, 5.27697, -0.18912, 0.95622, -0.28918, 0.01924, 0.80, 0.80, 0.80, 1.00, 0.48631, 0.84596
2617, 758, 0.52724, 5.13243, -0.487, 0.77472, 0.17961, -0.60625, 0.80, 0.80, 0.80, 1.00, 0.48315, 0.87495
2618, 766, 0.73811, 5.27012, -0.35914, 0.93466, -0.35085, 0.04147, 0.80, 0.80, 0.80, 1.00, 0.44942, 0.85122
2619, 766, 0.73811, 5.27012, -0.35914, 0.93466, -0.35085, 0.04147, 0.80, 0.80, 0.80, 1.00, 0.44942, 0.85122
2620, 758, 0.52724, 5.13243, -0.487, 0.77472, 0.17961, -0.60625, 0.80, 0.80, 0.80, 1.00, 0.48315, 0.87495
2621, 767, 0.41811, 5.16674, -0.62545, 0.79337, 0.10095, -0.60031, 0.80, 0.80, 0.80, 1.00, 0.44784, 0.87636
2622, 757, 0.72659, 5.27697, -0.18912, 0.95622, -0.28918, 0.01924, 0.80, 0.80, 0.80, 1.00, 0.48631, 0.84596
2623, 766, 0.73811, 5.27012, -0.35914, 0.93466, -0.35085, 0.04147, 0.80, 0.80, 0.80, 1.00, 0.44942, 0.85122
2624, 759, 0.85923, 5.44191, -0.20814, 0.85715, -0.50873, -0.07162, 0.80, 0.80, 0.80, 1.00, 0.46403, 0.8276
2625, 759, 0.85923, 5.44191, -0.20814, 0.85715, -0.50873, -0.07162, 0.80, 0.80, 0.80, 1.00, 0.46403, 0.8276
2626, 766, 0.73811, 5.27012, -0.35914, 0.93466, -0.35085, 0.04147, 0.80, 0.80, 0.80, 1.00, 0.44942, 0.85122
2627, 768, 0.86582, 5.45252, -0.37404, 0.90431, -0.41666, 0.08421, 0.80, 0.80, 0.80, 1.00, 0.43045, 0.82947
2628, 760, 1.073, 6.16446, -0.25274, 0.88603, -0.44752, -0.11496, 0.80, 0.80, 0.80, 1.00, 0.41844, 0.74352
2629, 768, 0.86582, 5.45252, -0.37404, 0.90431, -0.41666, 0.08421, 0.80, 0.80, 0.80, 1.00, 0.43045, 0.82947
2630, 769, 1.08089, 6.1685, -0.29929, 0.8539, -0.50927, 0.10052, 0.80, 0.80, 0.80, 1.00, 0.41889, 0.74069
2631, 759, 0.85923, 5.44191, -0.20814, 0.85715, -0.50873, -0.07162, 0.80, 0.80, 0.80, 1.00, 0.46403, 0.8276
2632, 768, 0.86582, 5.45252, -0.37404, 0.90431, -0.41666, 0.08421, 0.80, 0.80, 0.80, 1.00, 0.43045, 0.82947
2633, 760, 1.073, 6.16446, -0.25274, 0.88603, -0.44752, -0.11496, 0.80, 0.80, 0.80, 1.00, 0.41844, 0.74352
2634, 760, 1.073, 6.16446, -0.25274, 0.88603, -0.44752, -0.11496, 0.80, 0.80, 0.80, 1.00, 0.41844, 0.74352
2635, 769, 1.08089, 6.1685, -0.29929, 0.8539, -0.50927, 0.10052, 0.80, 0.80, 0.80, 1.00, 0.41889, 0.74069
2636, 761, 1.33547, 6.28264, -0.4603, 0.97721, -0.19946, 0.05975, 0.80, 0.80, 0.80, 1.00, 0.40702, 0.71198
2637, 708, 0.63357, 5.08827, 0.33297, 0.84382, -0.09814, 0.52758, 0.80, 0.80, 0.80, 1.00, 0.63385, 0.87519
2638, 734, 0.62488, 4.99421, 0.33492, 0.8361, -0.15224, 0.52702, 0.80, 0.80, 0.80, 1.00, 0.63385, 0.88546
2639, 750, 0.79803, 5.10439, -0.16127, 0.97234, 0.02263, -0.23245, 0.80, 0.80, 0.80, 1.00, 0.53788, 0.87156
2640, 750, 0.79803, 5.10439, -0.16127, 0.97234, 0.02263, -0.23245, 0.80, 0.80, 0.80, 1.00, 0.53788, 0.87156
2641, 734, 0.62488, 4.99421, 0.33492, 0.8361, -0.15224, 0.52702, 0.80, 0.80, 0.80, 1.00, 0.63385, 0.88546
2642, 770, 0.788, 4.97707, -0.1727, 0.98978, -0.10832, -0.09273, 0.80, 0.80, 0.80, 1.00, 0.53544, 0.88546
2643, 750, 0.79803, 5.10439, -0.16127, 0.97234, 0.02263, -0.23245, 0.80, 0.80, 0.80, 1.00, 0.53788, 0.87156
2644, 770, 0.788, 4.97707, -0.1727, 0.98978, -0.10832, -0.09273, 0.80, 0.80, 0.80, 1.00, 0.53544, 0.88546
2645, 771, 0.54551, 5.01842, -0.5479, 0.76547, 0.24296, -0.59584, 0.80, 0.80, 0.80, 1.00, 0.47007, 0.88703
2646, 750, 0.79803, 5.10439, -0.16127, 0.97234, 0.02263, -0.23245, 0.80, 0.80, 0.80, 1.00, 0.53788, 0.87156
2647, 771, 0.54551, 5.01842, -0.5479, 0.76547, 0.24296, -0.59584, 0.80, 0.80, 0.80, 1.00, 0.47007, 0.88703
2648, 758, 0.52724, 5.13243, -0.487, 0.77472, 0.17961, -0.60625, 0.80, 0.80, 0.80, 1.00, 0.48315, 0.87495
2649, 758, 0.52724, 5.13243, -0.487, 0.77472, 0.17961, -0.60625, 0.80, 0.80, 0.80, 1.00, 0.48315, 0.87495
2650, 771, 0.54551, 5.01842, -0.5479, 0.76547, 0.24296, -0.59584, 0.80, 0.80, 0.80, 1.00, 0.47007, 0.88703
2651, 772, 0.41144, 5.0403, -0.68562, 0.73308, 0.30124, -0.60979, 0.80, 0.80, 0.80, 1.00, 0.4372, 0.89018
2652, 758, 0.52724, 5.13243, -0.487, 0.77472, 0.17961, -0.60625, 0.80, 0.80, 0.80, 1.00, 0.48315, 0.87495
2653, 772, 0.41144, 5.0403, -0.68562, 0.73308, 0.30124, -0.60979, 0.80, 0.80, 0.80, 1.00, 0.4372, 0.89018
2654, 767, 0.41811, 5.16674, -0.62545, 0.79337, 0.10095, -0.60031, 0.80, 0.80, 0.80, 1.00, 0.44784, 0.87636
2655, 734, 0.62488, 4.99421, 0.33492, 0.8361, -0.15224, 0.52702, 0.80, 0.80, 0.80, 1.00, 0.63385, 0.88546
2656, 739, 0.65486, 4.57588, 0.07024, 0.98795, -0.12349, 0.09327, 0.80, 0.80, 0.80, 1.00, 0.63385, 0.93945
2657, 770, 0.788, 4.97707, -0.1727, 0.98978, -0.10832, -0.09273, 0.80, 0.80, 0.80, 1.00, 0.53544, 0.88546
2658, 770, 0.788, 4.97707, -0.1727, 0.98978, -0.10832, -0.09273, 0.80, 0.80, 0.80, 1.00, 0.53544, 0.88546
2659, 739, 0.65486, 4.57588, 0.07024, 0.98795, -0.12349, 0.09327, 0.80, 0.80, 0.80, 1.00, 0.63385, 0.93945
2660, 773, 0.58125, 4.5621, -0.4689, 0.96629, -0.01881, -0.25677, 0.80, 0.80, 0.80, 1.00, 0.53314, 0.94095
2661, 770, 0.788, 4.97707, -0.1727, 0.98978, -0.10832, -0.09273, 0.80, 0.80, 0.80, 1.00, 0.53544, 0.88546
2662, 773, 0.58125, 4.5621, -0.4689, 0.96629, -0.01881, -0.25677, 0.80, 0.80, 0.80, 1.00, 0.53314, 0.94095
2663, 774, 0.48209, 4.55374, -0.70628, 0.66175, 0.09134, -0.74413, 0.80, 0.80, 0.80, 1.00, 0.48999, 0.94186
2664, 770, 0.788, 4.97707, -0.1727, 0.98978, -0.10832, -0.09273, 0.80, 0.80, 0.80, 1.00, 0.53544, 0.88546
2665, 775, 0.56208, 4.88941, -0.56635, 0.7865, 0.12814, -0.60415, 0.80, 0.80, 0.80, 1.00, 0.46382, 0.90069
2666, 771, 0.54551, 5.01842, -0.5479, 0.76547, 0.24296, -0.59584, 0.80, 0.80, 0.80, 1.00, 0.47007, 0.88703
2667, 776, 0.13111, 4.56156, -0.84302, 0.37578, 0.12069, -0.91881, 0.80, 0.80, 0.80, 1.00, 0.41671, 0.94573
2668, 775, 0.56208, 4.88941, -0.56635, 0.7865, 0.12814, -0.60415, 0.80, 0.80, 0.80, 1.00, 0.46382, 0.90069
2669, 774, 0.48209, 4.55374, -0.70628, 0.66175, 0.09134, -0.74413, 0.80, 0.80, 0.80, 1.00, 0.48999, 0.94186
2670, 771, 0.54551, 5.01842, -0.5479, 0.76547, 0.24296, -0.59584, 0.80, 0.80, 0.80, 1.00, 0.47007, 0.88703
2671, 775, 0.56208, 4.88941, -0.56635, 0.7865, 0.12814, -0.60415, 0.80, 0.80, 0.80, 1.00, 0.46382, 0.90069
2672, 777, 0.4034, 4.92097, -0.7386, 0.73304, 0.1701, -0.65857, 0.80, 0.80, 0.80, 1.00, 0.42796, 0.90324
2673, 771, 0.54551, 5.01842, -0.5479, 0.76547, 0.24296, -0.59584, 0.80, 0.80, 0.80, 1.00, 0.47007, 0.88703
2674, 777, 0.4034, 4.92097, -0.7386, 0.73304, 0.1701, -0.65857, 0.80, 0.80, 0.80, 1.00, 0.42796, 0.90324
2675, 772, 0.41144, 5.0403, -0.68562, 0.73308, 0.30124, -0.60979, 0.80, 0.80, 0.80, 1.00, 0.4372, 0.89018
2676, 774, 0.48209, 4.55374, -0.70628, 0.66175, 0.09134, -0.74413, 0.80, 0.80, 0.80, 1.00, 0.48999, 0.94186
2677, 775, 0.56208, 4.88941, -0.56635, 0.7865, 0.12814, -0.60415, 0.80, 0.80, 0.80, 1.00, 0.46382, 0.90069
2678, 770, 0.788, 4.97707, -0.1727, 0.98978, -0.10832, -0.09273, 0.80, 0.80, 0.80, 1.00, 0.53544, 0.88546
2679, 777, 0.4034, 4.92097, -0.7386, 0.73304, 0.1701, -0.65857, 0.80, 0.80, 0.80, 1.00, 0.42796, 0.90324
2680, 775, 0.56208, 4.88941, -0.56635, 0.7865, 0.12814, -0.60415, 0.80, 0.80, 0.80, 1.00, 0.46382, 0.90069
2681, 776, 0.13111, 4.56156, -0.84302, 0.37578, 0.12069, -0.91881, 0.80, 0.80, 0.80, 1.00, 0.41671, 0.94573
2682, 752, 1.04036, 5.96949, 0.31417, 0.70437, -0.35441, 0.6137, 0.80, 0.80, 0.80, 1.00, 0.52069, 0.74537
2683, 754, 1.09089, 6.21166, 0.37594, 0.77789, -0.16715, 0.60433, 0.80, 0.80, 0.80, 1.00, 0.52069, 0.72113
2684, 720, 0.57398, 6.26906, 0.72515, 0.35586, -0.22098, 0.90709, 0.80, 0.80, 0.80, 1.00, 0.63385, 0.72087
2685, 756, 1.19667, 6.68475, 0.03451, 0.71428, 0.11106, 0.68978, 0.80, 0.80, 0.80, 1.00, 0.49349, 0.6389
2686, 754, 1.09089, 6.21166, 0.37594, 0.77789, -0.16715, 0.60433, 0.80, 0.80, 0.80, 1.00, 0.52069, 0.72113
2687, 755, 1.19017, 6.25708, 0.15672, 0.95804, -0.2042, 0.19684, 0.80, 0.80, 0.80, 1.00, 0.48261, 0.71756
2688, 751, 0.92009, 5.37389, 0.33968, 0.69791, -0.4768, 0.53301, 0.80, 0.80, 0.80, 1.00, 0.51617, 0.82316
2689, 752, 1.04036, 5.96949, 0.31417, 0.70437, -0.35441, 0.6137, 0.80, 0.80, 0.80, 1.00, 0.52069, 0.74537
2690, 715, 0.53555, 6.03081, 0.68182, 0.3615, -0.28796, 0.88584, 0.80, 0.80, 0.80, 1.00, 0.63385, 0.74442
2691, 720, 0.57398, 6.26906, 0.72515, 0.35586, -0.22098, 0.90709, 0.80, 0.80, 0.80, 1.00, 0.63385, 0.72087
2692, 715, 0.53555, 6.03081, 0.68182, 0.3615, -0.28796, 0.88584, 0.80, 0.80, 0.80, 1.00, 0.63385, 0.74442
2693, 752, 1.04036, 5.96949, 0.31417, 0.70437, -0.35441, 0.6137, 0.80, 0.80, 0.80, 1.00, 0.52069, 0.74537
2694, 739, 0.65486, 4.57588, 0.07024, 0.98795, -0.12349, 0.09327, 0.80, 0.80, 0.80, 1.00, 0.63385, 0.93945
2695, 745, 0.54375, 4.07225, 0.05975, 0.97199, -0.21636, 0.09176, 0.80, 0.80, 0.80, 1.00, 0.63385, 0.9943
2696, 778, 0.83719, 4.52672, -0.29939, 0.80672, 0.57688, -0.09689, 0.80, 0.80, 0.80, 1.00, 0.55637, 0.99147
2697, 779, 0.80165, 4.40245, -0.65382, 0.69055, 0.26228, -0.6736, 0.80, 0.80, 0.80, 1.00, 0.49104, 0.98035
2698, 773, 0.58125, 4.5621, -0.4689, 0.96629, -0.01881, -0.25677, 0.80, 0.80, 0.80, 1.00, 0.53314, 0.94095
2699, 778, 0.83719, 4.52672, -0.29939, 0.80672, 0.57688, -0.09689, 0.80, 0.80, 0.80, 1.00, 0.55637, 0.99147
2700, 779, 0.80165, 4.40245, -0.65382, 0.69055, 0.26228, -0.6736, 0.80, 0.80, 0.80, 1.00, 0.49104, 0.98035
2701, 776, 0.13111, 4.56156, -0.84302, 0.37578, 0.12069, -0.91881, 0.80, 0.80, 0.80, 1.00, 0.41671, 0.94573
2702, 774, 0.48209, 4.55374, -0.70628, 0.66175, 0.09134, -0.74413, 0.80, 0.80, 0.80, 1.00, 0.48999, 0.94186
2703, 773, 0.58125, 4.5621, -0.4689, 0.96629, -0.01881, -0.25677, 0.80, 0.80, 0.80, 1.00, 0.53314, 0.94095
2704, 779, 0.80165, 4.40245, -0.65382, 0.69055, 0.26228, -0.6736, 0.80, 0.80, 0.80, 1.00, 0.49104, 0.98035
2705, 774, 0.48209, 4.55374, -0.70628, 0.66175, 0.09134, -0.74413, 0.80, 0.80, 0.80, 1.00, 0.48999, 0.94186
2706, 776, 0.13111, 4.56156, -0.84302, 0.37578, 0.12069, -0.91881, 0.80, 0.80, 0.80, 1.00, 0.41671, 0.94573
2707, 779, 0.80165, 4.40245, -0.65382, 0.69055, 0.26228, -0.6736, 0.80, 0.80, 0.80, 1.00, 0.49104, 0.98035
2708, 780, 0.52898, 4.09757, -0.80901, 0.49338, 0.0038, -0.86965, 0.80, 0.80, 0.80, 1.00, 0.4093, 0.98167
2709, 773, 0.58125, 4.5621, -0.4689, 0.96629, -0.01881, -0.25677, 0.80, 0.80, 0.80, 1.00, 0.53314, 0.94095
2710, 739, 0.65486, 4.57588, 0.07024, 0.98795, -0.12349, 0.09327, 0.80, 0.80, 0.80, 1.00, 0.63385, 0.93945
2711, 778, 0.83719, 4.52672, -0.29939, 0.80672, 0.57688, -0.09689, 0.80, 0.80, 0.80, 1.00, 0.55637, 0.99147
