VTX, IDX, POSITION.x, POSITION.y, POSITION.z, NORMAL.x, NORMAL.y, NORMAL.z, COLOR.x, COLOR.y, COLOR.z, COLOR.w, TEXCOORD.x, TEXCOORD.y
0, 0, 0.45654, 8.08734, 2.19389, -0.05957, -0.53071, 0.84485, 0.80, 0.80, 0.80, 1.00, 0.44849, 0.14128
1, 1, 0.491, 8.24589, 2.26557, -0.03182, -0.40577, 0.91286, 0.80, 0.80, 0.80, 1.00, 0.44849, 0.00096
2, 2, 0.3156, 8.3195, 2.23088, -0.54978, -0.38157, 0.74259, 0.80, 0.80, 0.80, 1.00, 0.64421, 0.00096
3, 0, 0.45654, 8.08734, 2.19389, -0.05957, -0.53071, 0.84485, 0.80, 0.80, 0.80, 1.00, 0.44849, 0.14128
4, 2, 0.3156, 8.3195, 2.23088, -0.54978, -0.38157, 0.74259, 0.80, 0.80, 0.80, 1.00, 0.64421, 0.00096
5, 3, 0.25248, 8.23046, 2.11318, -0.65115, -0.39482, 0.6477, 0.80, 0.80, 0.80, 1.00, 0.68555, 0.13161
6, 3, 0.25248, 8.23046, 2.11318, -0.65115, -0.39482, 0.6477, 0.80, 0.80, 0.80, 1.00, 0.68555, 0.13161
7, 2, 0.3156, 8.3195, 2.23088, -0.54978, -0.38157, 0.74259, 0.80, 0.80, 0.80, 1.00, 0.64421, 0.00096
8, 4, 0.21613, 8.34863, 2.13328, -0.70928, -0.32427, 0.6255, 0.80, 0.80, 0.80, 1.00, 0.74824, 0.07275
9, 5, -0.87996, 6.41864, 3.92042, 0.16149, 0.06084, 0.98485, 0.80, 0.80, 0.80, 1.00, 0.17143, 0.09234
10, 6, -0.57662, 6.10111, 3.88235, 0.20192, 0.06415, 0.97715, 0.80, 0.80, 0.80, 1.00, 0.08136, 0.13403
11, 7, -0.68609, 6.45606, 3.8859, 0.19348, 0.04994, 0.97968, 0.80, 0.80, 0.80, 1.00, 0.12471, 0.08883
12, 5, -0.87996, 6.41864, 3.92042, 0.16149, 0.06084, 0.98485, 0.80, 0.80, 0.80, 1.00, 0.17143, 0.09234
13, 8, -0.76101, 6.0983, 3.92414, 0.15859, 0.07038, 0.98468, 0.80, 0.80, 0.80, 1.00, 0.12373, 0.13903
14, 6, -0.57662, 6.10111, 3.88235, 0.20192, 0.06415, 0.97715, 0.80, 0.80, 0.80, 1.00, 0.08136, 0.13403
15, 7, -0.68609, 6.45606, 3.8859, 0.19348, 0.04994, 0.97968, 0.80, 0.80, 0.80, 1.00, 0.12471, 0.08883
16, 6, -0.57662, 6.10111, 3.88235, 0.20192, 0.06415, 0.97715, 0.80, 0.80, 0.80, 1.00, 0.08136, 0.13403
17, 9, -0.50613, 6.41212, 3.84792, 0.21959, 0.05805, 0.97371, 0.80, 0.80, 0.80, 1.00, 0.07377, 0.08963
18, 8, -0.76101, 6.0983, 3.92414, 0.15859, 0.07038, 0.98468, 0.80, 0.80, 0.80, 1.00, 0.12373, 0.13903
19, 5, -0.87996, 6.41864, 3.92042, 0.16149, 0.06084, 0.98485, 0.80, 0.80, 0.80, 1.00, 0.17143, 0.09234
20, 10, -0.93488, 6.19158, 3.93678, 0.0979, 0.04795, 0.9939, 0.80, 0.80, 0.80, 1.00, 0.16611, 0.12918
21, 11, -0.93412, 6.45661, 3.62793, -0.33545, 0.94002, -0.05981, 0.80, 0.80, 0.80, 1.00, 0.17579, 0.04419
22, 12, -0.88959, 6.42986, 3.3479, -0.21593, 0.94657, -0.23891, 0.80, 0.80, 0.80, 1.00, 0.13161, 0.00331
23, 13, -0.96286, 6.3957, 3.36209, -0.44198, 0.88346, -0.15459, 0.80, 0.80, 0.80, 1.00, 0.17648, 0.0044
24, 11, -0.93412, 6.45661, 3.62793, -0.33545, 0.94002, -0.05981, 0.80, 0.80, 0.80, 1.00, 0.17579, 0.04419
25, 14, -0.72686, 6.51632, 3.59139, -0.05406, 0.98966, -0.13169, 0.80, 0.80, 0.80, 1.00, 0.12673, 0.04318
26, 12, -0.88959, 6.42986, 3.3479, -0.21593, 0.94657, -0.23891, 0.80, 0.80, 0.80, 1.00, 0.13161, 0.00331
27, 15, -0.62754, 6.04354, 3.58968, -0.05065, -0.93588, -0.34826, 0.80, 0.80, 0.80, 1.00, 0.32124, 0.0475
28, 16, -0.93484, 6.19025, 3.39468, -0.27989, -0.86414, -0.41788, 0.80, 0.80, 0.80, 1.00, 0.27177, 0.00674
29, 17, -0.77434, 6.186, 3.35362, -0.13784, -0.88348, -0.44741, 0.80, 0.80, 0.80, 1.00, 0.31673, 0.00658
30, 15, -0.62754, 6.04354, 3.58968, -0.05065, -0.93588, -0.34826, 0.80, 0.80, 0.80, 1.00, 0.32124, 0.0475
31, 18, -0.82301, 6.03086, 3.63429, -0.29089, -0.93838, -0.18578, 0.80, 0.80, 0.80, 1.00, 0.27484, 0.04949
32, 16, -0.93484, 6.19025, 3.39468, -0.27989, -0.86414, -0.41788, 0.80, 0.80, 0.80, 1.00, 0.27177, 0.00674
33, 14, -0.72686, 6.51632, 3.59139, -0.05406, 0.98966, -0.13169, 0.80, 0.80, 0.80, 1.00, 0.12673, 0.04318
34, 19, -0.73171, 6.39434, 3.31201, 0.13558, 0.90698, -0.39836, 0.80, 0.80, 0.80, 1.00, 0.06758, 0.0022
35, 12, -0.88959, 6.42986, 3.3479, -0.21593, 0.94657, -0.23891, 0.80, 0.80, 0.80, 1.00, 0.13161, 0.00331
36, 14, -0.72686, 6.51632, 3.59139, -0.05406, 0.98966, -0.13169, 0.80, 0.80, 0.80, 1.00, 0.12673, 0.04318
37, 20, -0.53827, 6.46584, 3.55111, 0.22663, 0.96174, -0.15291, 0.80, 0.80, 0.80, 1.00, 0.06962, 0.04232
38, 19, -0.73171, 6.39434, 3.31201, 0.13558, 0.90698, -0.39836, 0.80, 0.80, 0.80, 1.00, 0.06758, 0.0022
39, 21, -0.53827, 6.46584, 3.55111, 0.8554, -0.24136, -0.45827, 0.80, 0.80, 0.80, 1.00, 0.06953, 0.04232
40, 22, -0.77434, 6.186, 3.35362, 0.77614, -0.24457, -0.58116, 0.80, 0.80, 0.80, 1.00, 0.00909, 0.00308
41, 23, -0.73171, 6.39434, 3.31201, 0.7863, -0.27169, -0.55487, 0.80, 0.80, 0.80, 1.00, 0.06744, 0.00219
42, 21, -0.53827, 6.46584, 3.55111, 0.8554, -0.24136, -0.45827, 0.80, 0.80, 0.80, 1.00, 0.06953, 0.04232
43, 24, -0.62754, 6.04354, 3.58968, 0.91561, -0.22304, -0.33448, 0.80, 0.80, 0.80, 1.00, 0.00573, 0.04991
44, 22, -0.77434, 6.186, 3.35362, 0.77614, -0.24457, -0.58116, 0.80, 0.80, 0.80, 1.00, 0.00909, 0.00308
45, 18, -0.82301, 6.03086, 3.63429, -0.29089, -0.93838, -0.18578, 0.80, 0.80, 0.80, 1.00, 0.27484, 0.04949
46, 25, -0.99727, 6.24371, 3.38051, -0.56994, -0.77868, -0.2618, 0.80, 0.80, 0.80, 1.00, 0.22293, 0.00477
47, 16, -0.93484, 6.19025, 3.39468, -0.27989, -0.86414, -0.41788, 0.80, 0.80, 0.80, 1.00, 0.27177, 0.00674
48, 18, -0.82301, 6.03086, 3.63429, -0.29089, -0.93838, -0.18578, 0.80, 0.80, 0.80, 1.00, 0.27484, 0.04949
49, 26, -1.00305, 6.14819, 3.64629, -0.55228, -0.83322, -0.02128, 0.80, 0.80, 0.80, 1.00, 0.22844, 0.04552
50, 25, -0.99727, 6.24371, 3.38051, -0.56994, -0.77868, -0.2618, 0.80, 0.80, 0.80, 1.00, 0.22293, 0.00477
51, 27, -1.00305, 6.14819, 3.64629, -0.96473, 0.22583, 0.13502, 0.80, 0.80, 0.80, 1.00, 0.22837, 0.04551
52, 28, -0.96286, 6.3957, 3.36209, -0.97281, 0.22412, 0.05772, 0.80, 0.80, 0.80, 1.00, 0.17658, 0.0044
53, 29, -0.99727, 6.24371, 3.38051, -0.97188, 0.22735, 0.06067, 0.80, 0.80, 0.80, 1.00, 0.22281, 0.00477
54, 27, -1.00305, 6.14819, 3.64629, -0.96473, 0.22583, 0.13502, 0.80, 0.80, 0.80, 1.00, 0.22837, 0.04551
55, 30, -0.93412, 6.45661, 3.62793, -0.95184, 0.22401, 0.20922, 0.80, 0.80, 0.80, 1.00, 0.17578, 0.04431
56, 28, -0.96286, 6.3957, 3.36209, -0.97281, 0.22412, 0.05772, 0.80, 0.80, 0.80, 1.00, 0.17658, 0.0044
57, 31, -0.88013, 6.44899, 3.81272, -0.26022, 0.95224, 0.159, 0.80, 0.80, 0.80, 1.00, 0.172, 0.07336
58, 14, -0.72686, 6.51632, 3.59139, -0.05406, 0.98966, -0.13169, 0.80, 0.80, 0.80, 1.00, 0.12673, 0.04318
59, 11, -0.93412, 6.45661, 3.62793, -0.33545, 0.94002, -0.05981, 0.80, 0.80, 0.80, 1.00, 0.17579, 0.04419
60, 31, -0.88013, 6.44899, 3.81272, -0.26022, 0.95224, 0.159, 0.80, 0.80, 0.80, 1.00, 0.172, 0.07336
61, 32, -0.68242, 6.51026, 3.77791, 0.03856, 0.97712, 0.20846, 0.80, 0.80, 0.80, 1.00, 0.12388, 0.07229
62, 14, -0.72686, 6.51632, 3.59139, -0.05406, 0.98966, -0.13169, 0.80, 0.80, 0.80, 1.00, 0.12673, 0.04318
63, 33, -0.59147, 6.03884, 3.77714, 0.10286, -0.98503, 0.13722, 0.80, 0.80, 0.80, 1.00, 0.32207, 0.07652
64, 18, -0.82301, 6.03086, 3.63429, -0.29089, -0.93838, -0.18578, 0.80, 0.80, 0.80, 1.00, 0.27484, 0.04949
65, 15, -0.62754, 6.04354, 3.58968, -0.05065, -0.93588, -0.34826, 0.80, 0.80, 0.80, 1.00, 0.32124, 0.0475
66, 33, -0.59147, 6.03884, 3.77714, 0.10286, -0.98503, 0.13722, 0.80, 0.80, 0.80, 1.00, 0.32207, 0.07652
67, 34, -0.77756, 6.02463, 3.81986, -0.2103, -0.92113, 0.32706, 0.80, 0.80, 0.80, 1.00, 0.27439, 0.07848
68, 18, -0.82301, 6.03086, 3.63429, -0.29089, -0.93838, -0.18578, 0.80, 0.80, 0.80, 1.00, 0.27484, 0.04949
69, 32, -0.68242, 6.51026, 3.77791, 0.03856, 0.97712, 0.20846, 0.80, 0.80, 0.80, 1.00, 0.12388, 0.07229
70, 20, -0.53827, 6.46584, 3.55111, 0.22663, 0.96174, -0.15291, 0.80, 0.80, 0.80, 1.00, 0.06962, 0.04232
71, 14, -0.72686, 6.51632, 3.59139, -0.05406, 0.98966, -0.13169, 0.80, 0.80, 0.80, 1.00, 0.12673, 0.04318
72, 32, -0.68242, 6.51026, 3.77791, 0.03856, 0.97712, 0.20846, 0.80, 0.80, 0.80, 1.00, 0.12388, 0.07229
73, 35, -0.50335, 6.46133, 3.73945, 0.29968, 0.91298, 0.27633, 0.80, 0.80, 0.80, 1.00, 0.0705, 0.0715
74, 20, -0.53827, 6.46584, 3.55111, 0.22663, 0.96174, -0.15291, 0.80, 0.80, 0.80, 1.00, 0.06962, 0.04232
75, 36, -0.50335, 6.46133, 3.73945, 0.9652, -0.21553, -0.14789, 0.80, 0.80, 0.80, 1.00, 0.0705, 0.0714
76, 24, -0.62754, 6.04354, 3.58968, 0.91561, -0.22304, -0.33448, 0.80, 0.80, 0.80, 1.00, 0.00573, 0.04991
77, 21, -0.53827, 6.46584, 3.55111, 0.8554, -0.24136, -0.45827, 0.80, 0.80, 0.80, 1.00, 0.06953, 0.04232
78, 36, -0.50335, 6.46133, 3.73945, 0.9652, -0.21553, -0.14789, 0.80, 0.80, 0.80, 1.00, 0.0705, 0.0714
79, 37, -0.59147, 6.03884, 3.77714, 0.97214, -0.21664, -0.08911, 0.80, 0.80, 0.80, 1.00, 0.0081, 0.07893
80, 24, -0.62754, 6.04354, 3.58968, 0.91561, -0.22304, -0.33448, 0.80, 0.80, 0.80, 1.00, 0.00573, 0.04991
81, 34, -0.77756, 6.02463, 3.81986, -0.2103, -0.92113, 0.32706, 0.80, 0.80, 0.80, 1.00, 0.27439, 0.07848
82, 26, -1.00305, 6.14819, 3.64629, -0.55228, -0.83322, -0.02128, 0.80, 0.80, 0.80, 1.00, 0.22844, 0.04552
83, 18, -0.82301, 6.03086, 3.63429, -0.29089, -0.93838, -0.18578, 0.80, 0.80, 0.80, 1.00, 0.27484, 0.04949
84, 34, -0.77756, 6.02463, 3.81986, -0.2103, -0.92113, 0.32706, 0.80, 0.80, 0.80, 1.00, 0.27439, 0.07848
85, 38, -0.94809, 6.1404, 3.83062, -0.47324, -0.7922, 0.38495, 0.80, 0.80, 0.80, 1.00, 0.22639, 0.07458
86, 26, -1.00305, 6.14819, 3.64629, -0.55228, -0.83322, -0.02128, 0.80, 0.80, 0.80, 1.00, 0.22844, 0.04552
87, 39, -0.94809, 6.1404, 3.83062, -0.95469, 0.22284, 0.19713, 0.80, 0.80, 0.80, 1.00, 0.22633, 0.07458
88, 30, -0.93412, 6.45661, 3.62793, -0.95184, 0.22401, 0.20922, 0.80, 0.80, 0.80, 1.00, 0.17578, 0.04431
89, 27, -1.00305, 6.14819, 3.64629, -0.96473, 0.22583, 0.13502, 0.80, 0.80, 0.80, 1.00, 0.22837, 0.04551
90, 39, -0.94809, 6.1404, 3.83062, -0.95469, 0.22284, 0.19713, 0.80, 0.80, 0.80, 1.00, 0.22633, 0.07458
91, 40, -0.88013, 6.44899, 3.81272, -0.96593, 0.22723, 0.12364, 0.80, 0.80, 0.80, 1.00, 0.17202, 0.07336
92, 30, -0.93412, 6.45661, 3.62793, -0.95184, 0.22401, 0.20922, 0.80, 0.80, 0.80, 1.00, 0.17578, 0.04431
93, 41, -0.87996, 6.41864, 3.92042, -0.16921, 0.91878, 0.35632, 0.80, 0.80, 0.80, 1.00, 0.17143, 0.0923
94, 32, -0.68242, 6.51026, 3.77791, 0.03856, 0.97712, 0.20846, 0.80, 0.80, 0.80, 1.00, 0.12388, 0.07229
95, 31, -0.88013, 6.44899, 3.81272, -0.26022, 0.95224, 0.159, 0.80, 0.80, 0.80, 1.00, 0.172, 0.07336
96, 41, -0.87996, 6.41864, 3.92042, -0.16921, 0.91878, 0.35632, 0.80, 0.80, 0.80, 1.00, 0.17143, 0.0923
97, 42, -0.68609, 6.45606, 3.8859, 0.17868, 0.8828, 0.43411, 0.80, 0.80, 0.80, 1.00, 0.12403, 0.08898
98, 32, -0.68242, 6.51026, 3.77791, 0.03856, 0.97712, 0.20846, 0.80, 0.80, 0.80, 1.00, 0.12388, 0.07229
99, 43, -0.57662, 6.10111, 3.88235, 0.15764, -0.8392, 0.52015, 0.80, 0.80, 0.80, 1.00, 0.31885, 0.09196
100, 34, -0.77756, 6.02463, 3.81986, -0.2103, -0.92113, 0.32706, 0.80, 0.80, 0.80, 1.00, 0.27439, 0.07848
101, 33, -0.59147, 6.03884, 3.77714, 0.10286, -0.98503, 0.13722, 0.80, 0.80, 0.80, 1.00, 0.32207, 0.07652
102, 43, -0.57662, 6.10111, 3.88235, 0.15764, -0.8392, 0.52015, 0.80, 0.80, 0.80, 1.00, 0.31885, 0.09196
103, 44, -0.76101, 6.0983, 3.92414, -0.24299, -0.80546, 0.54027, 0.80, 0.80, 0.80, 1.00, 0.27475, 0.09369
104, 34, -0.77756, 6.02463, 3.81986, -0.2103, -0.92113, 0.32706, 0.80, 0.80, 0.80, 1.00, 0.27439, 0.07848
105, 42, -0.68609, 6.45606, 3.8859, 0.17868, 0.8828, 0.43411, 0.80, 0.80, 0.80, 1.00, 0.12403, 0.08898
106, 35, -0.50335, 6.46133, 3.73945, 0.29968, 0.91298, 0.27633, 0.80, 0.80, 0.80, 1.00, 0.0705, 0.0715
107, 32, -0.68242, 6.51026, 3.77791, 0.03856, 0.97712, 0.20846, 0.80, 0.80, 0.80, 1.00, 0.12388, 0.07229
108, 42, -0.68609, 6.45606, 3.8859, 0.17868, 0.8828, 0.43411, 0.80, 0.80, 0.80, 1.00, 0.12403, 0.08898
109, 45, -0.50613, 6.41212, 3.84792, 0.29618, 0.8668, 0.40079, 0.80, 0.80, 0.80, 1.00, 0.07376, 0.08962
110, 35, -0.50335, 6.46133, 3.73945, 0.29968, 0.91298, 0.27633, 0.80, 0.80, 0.80, 1.00, 0.0705, 0.0715
111, 46, -0.50613, 6.41212, 3.84792, 0.97564, -0.21579, -0.03842, 0.80, 0.80, 0.80, 1.00, 0.0737, 0.08961
112, 37, -0.59147, 6.03884, 3.77714, 0.97214, -0.21664, -0.08911, 0.80, 0.80, 0.80, 1.00, 0.0081, 0.07893
113, 36, -0.50335, 6.46133, 3.73945, 0.9652, -0.21553, -0.14789, 0.80, 0.80, 0.80, 1.00, 0.0705, 0.0714
114, 46, -0.50613, 6.41212, 3.84792, 0.97564, -0.21579, -0.03842, 0.80, 0.80, 0.80, 1.00, 0.0737, 0.08961
115, 47, -0.57662, 6.10111, 3.88235, 0.97505, -0.2217, -0.00653, 0.80, 0.80, 0.80, 1.00, 0.00648, 0.09305
116, 37, -0.59147, 6.03884, 3.77714, 0.97214, -0.21664, -0.08911, 0.80, 0.80, 0.80, 1.00, 0.0081, 0.07893
117, 44, -0.76101, 6.0983, 3.92414, -0.24299, -0.80546, 0.54027, 0.80, 0.80, 0.80, 1.00, 0.27475, 0.09369
118, 38, -0.94809, 6.1404, 3.83062, -0.47324, -0.7922, 0.38495, 0.80, 0.80, 0.80, 1.00, 0.22639, 0.07458
119, 34, -0.77756, 6.02463, 3.81986, -0.2103, -0.92113, 0.32706, 0.80, 0.80, 0.80, 1.00, 0.27439, 0.07848
120, 44, -0.76101, 6.0983, 3.92414, -0.24299, -0.80546, 0.54027, 0.80, 0.80, 0.80, 1.00, 0.27475, 0.09369
121, 48, -0.93488, 6.19158, 3.93678, -0.40014, -0.80488, 0.43792, 0.80, 0.80, 0.80, 1.00, 0.22155, 0.09023
122, 38, -0.94809, 6.1404, 3.83062, -0.47324, -0.7922, 0.38495, 0.80, 0.80, 0.80, 1.00, 0.22639, 0.07458
123, 49, -0.93488, 6.19158, 3.93678, -0.97274, 0.22767, 0.04326, 0.80, 0.80, 0.80, 1.00, 0.22148, 0.09023
124, 40, -0.88013, 6.44899, 3.81272, -0.96593, 0.22723, 0.12364, 0.80, 0.80, 0.80, 1.00, 0.17202, 0.07336
125, 39, -0.94809, 6.1404, 3.83062, -0.95469, 0.22284, 0.19713, 0.80, 0.80, 0.80, 1.00, 0.22633, 0.07458
126, 49, -0.93488, 6.19158, 3.93678, -0.97274, 0.22767, 0.04326, 0.80, 0.80, 0.80, 1.00, 0.22148, 0.09023
127, 50, -0.87996, 6.41864, 3.92042, -0.96848, 0.23918, 0.06901, 0.80, 0.80, 0.80, 1.00, 0.17145, 0.0923
128, 40, -0.88013, 6.44899, 3.81272, -0.96593, 0.22723, 0.12364, 0.80, 0.80, 0.80, 1.00, 0.17202, 0.07336
129, 51, -1.08139, 6.60882, 2.7953, -0.72307, 0.59342, 0.35348, 0.80, 0.80, 0.80, 1.00, 0.84986, 0.04749
130, 52, -0.89772, 6.79149, 2.54782, -0.31248, 0.86005, 0.40307, 0.80, 0.80, 0.80, 1.00, 0.81563, 0.00882
131, 53, -1.10349, 6.75023, 2.54036, -0.79233, 0.50178, 0.34694, 0.80, 0.80, 0.80, 1.00, 0.85038, 0.00812
132, 51, -1.08139, 6.60882, 2.7953, -0.72307, 0.59342, 0.35348, 0.80, 0.80, 0.80, 1.00, 0.84986, 0.04749
133, 54, -0.86228, 6.70939, 2.82339, -0.40766, 0.84512, 0.34554, 0.80, 0.80, 0.80, 1.00, 0.81401, 0.04676
134, 52, -0.89772, 6.79149, 2.54782, -0.31248, 0.86005, 0.40307, 0.80, 0.80, 0.80, 1.00, 0.81563, 0.00882
135, 55, -0.71393, 6.23637, 2.60348, 0.5982, -0.7666, -0.23309, 0.80, 0.80, 0.80, 1.00, 0.92383, 0.04943
136, 56, -1.02511, 6.39449, 2.36261, -0.23732, -0.84153, -0.48498, 0.80, 0.80, 0.80, 1.00, 0.89628, 0.0081
137, 57, -0.73871, 6.38966, 2.3225, 0.75066, -0.54964, -0.36651, 0.80, 0.80, 0.80, 1.00, 0.92295, 0.00834
138, 55, -0.71393, 6.23637, 2.60348, 0.5982, -0.7666, -0.23309, 0.80, 0.80, 0.80, 1.00, 0.92383, 0.04943
139, 58, -1.0045, 6.22169, 2.63806, -0.39673, -0.8776, -0.26853, 0.80, 0.80, 0.80, 1.00, 0.89729, 0.04995
140, 56, -1.02511, 6.39449, 2.36261, -0.23732, -0.84153, -0.48498, 0.80, 0.80, 0.80, 1.00, 0.89628, 0.0081
141, 59, -0.86228, 6.70939, 2.82339, 0.40491, 0.84831, 0.34074, 0.80, 0.80, 0.80, 1.00, 0.98858, 0.04646
142, 60, -0.62103, 6.73478, 2.48255, 0.73369, 0.65224, 0.1898, 0.80, 0.80, 0.80, 1.00, 0.95474, 0.00771
143, 61, -0.89772, 6.79149, 2.54782, 0.25005, 0.9361, 0.24676, 0.80, 0.80, 0.80, 1.00, 0.9902, 0.00882
144, 59, -0.86228, 6.70939, 2.82339, 0.40491, 0.84831, 0.34074, 0.80, 0.80, 0.80, 1.00, 0.98858, 0.04646
145, 62, -0.59955, 6.59549, 2.73203, 0.90829, 0.38439, 0.16449, 0.80, 0.80, 0.80, 1.00, 0.95589, 0.0481
146, 60, -0.62103, 6.73478, 2.48255, 0.73369, 0.65224, 0.1898, 0.80, 0.80, 0.80, 1.00, 0.95474, 0.00771
147, 62, -0.59955, 6.59549, 2.73203, 0.90829, 0.38439, 0.16449, 0.80, 0.80, 0.80, 1.00, 0.95589, 0.0481
148, 57, -0.73871, 6.38966, 2.3225, 0.75066, -0.54964, -0.36651, 0.80, 0.80, 0.80, 1.00, 0.92295, 0.00834
149, 60, -0.62103, 6.73478, 2.48255, 0.73369, 0.65224, 0.1898, 0.80, 0.80, 0.80, 1.00, 0.95474, 0.00771
150, 62, -0.59955, 6.59549, 2.73203, 0.90829, 0.38439, 0.16449, 0.80, 0.80, 0.80, 1.00, 0.95589, 0.0481
151, 55, -0.71393, 6.23637, 2.60348, 0.5982, -0.7666, -0.23309, 0.80, 0.80, 0.80, 1.00, 0.92383, 0.04943
152, 57, -0.73871, 6.38966, 2.3225, 0.75066, -0.54964, -0.36651, 0.80, 0.80, 0.80, 1.00, 0.92295, 0.00834
153, 58, -1.0045, 6.22169, 2.63806, -0.39673, -0.8776, -0.26853, 0.80, 0.80, 0.80, 1.00, 0.89729, 0.04995
154, 63, -1.19265, 6.50472, 2.41303, -0.86505, -0.45924, -0.20143, 0.80, 0.80, 0.80, 1.00, 0.87489, 0.00678
155, 56, -1.02511, 6.39449, 2.36261, -0.23732, -0.84153, -0.48498, 0.80, 0.80, 0.80, 1.00, 0.89628, 0.0081
156, 58, -1.0045, 6.22169, 2.63806, -0.39673, -0.8776, -0.26853, 0.80, 0.80, 0.80, 1.00, 0.89729, 0.04995
157, 64, -1.16838, 6.35213, 2.69051, -0.94997, -0.29485, 0.10244, 0.80, 0.80, 0.80, 1.00, 0.87444, 0.04921
158, 63, -1.19265, 6.50472, 2.41303, -0.86505, -0.45924, -0.20143, 0.80, 0.80, 0.80, 1.00, 0.87489, 0.00678
159, 64, -1.16838, 6.35213, 2.69051, -0.94997, -0.29485, 0.10244, 0.80, 0.80, 0.80, 1.00, 0.87444, 0.04921
160, 53, -1.10349, 6.75023, 2.54036, -0.79233, 0.50178, 0.34694, 0.80, 0.80, 0.80, 1.00, 0.85038, 0.00812
161, 63, -1.19265, 6.50472, 2.41303, -0.86505, -0.45924, -0.20143, 0.80, 0.80, 0.80, 1.00, 0.87489, 0.00678
162, 64, -1.16838, 6.35213, 2.69051, -0.94997, -0.29485, 0.10244, 0.80, 0.80, 0.80, 1.00, 0.87444, 0.04921
163, 51, -1.08139, 6.60882, 2.7953, -0.72307, 0.59342, 0.35348, 0.80, 0.80, 0.80, 1.00, 0.84986, 0.04749
164, 53, -1.10349, 6.75023, 2.54036, -0.79233, 0.50178, 0.34694, 0.80, 0.80, 0.80, 1.00, 0.85038, 0.00812
165, 65, -0.96286, 6.3957, 3.36209, -0.67099, 0.73599, 0.0891, 0.80, 0.80, 0.80, 1.00, 0.83237, 0.12965
166, 54, -0.86228, 6.70939, 2.82339, -0.40766, 0.84512, 0.34554, 0.80, 0.80, 0.80, 1.00, 0.81401, 0.04676
167, 51, -1.08139, 6.60882, 2.7953, -0.72307, 0.59342, 0.35348, 0.80, 0.80, 0.80, 1.00, 0.84986, 0.04749
168, 65, -0.96286, 6.3957, 3.36209, -0.67099, 0.73599, 0.0891, 0.80, 0.80, 0.80, 1.00, 0.83237, 0.12965
169, 66, -0.88959, 6.42986, 3.3479, -0.4214, 0.90671, 0.0077, 0.80, 0.80, 0.80, 1.00, 0.81382, 0.12904
170, 54, -0.86228, 6.70939, 2.82339, -0.40766, 0.84512, 0.34554, 0.80, 0.80, 0.80, 1.00, 0.81401, 0.04676
171, 67, -0.77434, 6.186, 3.35362, 0.4786, -0.79792, 0.36603, 0.80, 0.80, 0.80, 1.00, 0.92921, 0.13049
172, 58, -1.0045, 6.22169, 2.63806, -0.39673, -0.8776, -0.26853, 0.80, 0.80, 0.80, 1.00, 0.89729, 0.04995
173, 55, -0.71393, 6.23637, 2.60348, 0.5982, -0.7666, -0.23309, 0.80, 0.80, 0.80, 1.00, 0.92383, 0.04943
174, 67, -0.77434, 6.186, 3.35362, 0.4786, -0.79792, 0.36603, 0.80, 0.80, 0.80, 1.00, 0.92921, 0.13049
175, 68, -0.93484, 6.19025, 3.39468, 0.08202, -0.90621, 0.41441, 0.80, 0.80, 0.80, 1.00, 0.89311, 0.13102
176, 69, -1.0045, 6.22169, 2.63806, -0.00861, -0.99975, -0.01068, 0.80, 0.80, 0.80, 1.00, 0.89732, 0.04996
177, 70, -0.88959, 6.42986, 3.3479, 0.30597, 0.94749, -0.09124, 0.80, 0.80, 0.80, 1.00, 0.99048, 0.13054
178, 62, -0.59955, 6.59549, 2.73203, 0.90829, 0.38439, 0.16449, 0.80, 0.80, 0.80, 1.00, 0.95589, 0.0481
179, 59, -0.86228, 6.70939, 2.82339, 0.40491, 0.84831, 0.34074, 0.80, 0.80, 0.80, 1.00, 0.98858, 0.04646
180, 70, -0.88959, 6.42986, 3.3479, 0.30597, 0.94749, -0.09124, 0.80, 0.80, 0.80, 1.00, 0.99048, 0.13054
181, 71, -0.73171, 6.39434, 3.31201, 0.9629, 0.26548, 0.04687, 0.80, 0.80, 0.80, 1.00, 0.95856, 0.1299
182, 62, -0.59955, 6.59549, 2.73203, 0.90829, 0.38439, 0.16449, 0.80, 0.80, 0.80, 1.00, 0.95589, 0.0481
183, 71, -0.73171, 6.39434, 3.31201, 0.9629, 0.26548, 0.04687, 0.80, 0.80, 0.80, 1.00, 0.95856, 0.1299
184, 55, -0.71393, 6.23637, 2.60348, 0.5982, -0.7666, -0.23309, 0.80, 0.80, 0.80, 1.00, 0.92383, 0.04943
185, 62, -0.59955, 6.59549, 2.73203, 0.90829, 0.38439, 0.16449, 0.80, 0.80, 0.80, 1.00, 0.95589, 0.0481
186, 71, -0.73171, 6.39434, 3.31201, 0.9629, 0.26548, 0.04687, 0.80, 0.80, 0.80, 1.00, 0.95856, 0.1299
187, 67, -0.77434, 6.186, 3.35362, 0.4786, -0.79792, 0.36603, 0.80, 0.80, 0.80, 1.00, 0.92921, 0.13049
188, 55, -0.71393, 6.23637, 2.60348, 0.5982, -0.7666, -0.23309, 0.80, 0.80, 0.80, 1.00, 0.92383, 0.04943
189, 72, -0.93484, 6.19025, 3.39468, -0.58813, -0.67864, 0.43969, 0.80, 0.80, 0.80, 1.00, 0.89315, 0.131
190, 64, -1.16838, 6.35213, 2.69051, -0.94997, -0.29485, 0.10244, 0.80, 0.80, 0.80, 1.00, 0.87444, 0.04921
191, 58, -1.0045, 6.22169, 2.63806, -0.39673, -0.8776, -0.26853, 0.80, 0.80, 0.80, 1.00, 0.89729, 0.04995
192, 72, -0.93484, 6.19025, 3.39468, -0.58813, -0.67864, 0.43969, 0.80, 0.80, 0.80, 1.00, 0.89315, 0.131
193, 73, -0.99727, 6.24371, 3.38051, -0.93878, -0.0513, 0.34059, 0.80, 0.80, 0.80, 1.00, 0.86425, 0.13012
194, 64, -1.16838, 6.35213, 2.69051, -0.94997, -0.29485, 0.10244, 0.80, 0.80, 0.80, 1.00, 0.87444, 0.04921
195, 73, -0.99727, 6.24371, 3.38051, -0.93878, -0.0513, 0.34059, 0.80, 0.80, 0.80, 1.00, 0.86425, 0.13012
196, 51, -1.08139, 6.60882, 2.7953, -0.72307, 0.59342, 0.35348, 0.80, 0.80, 0.80, 1.00, 0.84986, 0.04749
197, 64, -1.16838, 6.35213, 2.69051, -0.94997, -0.29485, 0.10244, 0.80, 0.80, 0.80, 1.00, 0.87444, 0.04921
198, 73, -0.99727, 6.24371, 3.38051, -0.93878, -0.0513, 0.34059, 0.80, 0.80, 0.80, 1.00, 0.86425, 0.13012
199, 65, -0.96286, 6.3957, 3.36209, -0.67099, 0.73599, 0.0891, 0.80, 0.80, 0.80, 1.00, 0.83237, 0.12965
200, 51, -1.08139, 6.60882, 2.7953, -0.72307, 0.59342, 0.35348, 0.80, 0.80, 0.80, 1.00, 0.84986, 0.04749
201, 74, -1.11089, 7.47134, 1.42622, -0.97405, 0.15859, 0.16132, 0.80, 0.80, 0.80, 1.00, 0.90, 0.24736
202, 75, -1.01747, 7.92597, 1.47082, -0.95097, 0.28075, 0.12951, 0.80, 0.80, 0.80, 1.00, 0.99013, 0.19746
203, 76, -1.15313, 7.62833, 1.11762, -0.87653, -0.11086, -0.46815, 0.80, 0.80, 0.80, 1.00, 0.87617, 0.20965
204, 74, -1.11089, 7.47134, 1.42622, -0.97405, 0.15859, 0.16132, 0.80, 0.80, 0.80, 1.00, 0.90, 0.24736
205, 77, -1.0192, 7.62197, 1.70217, -0.95752, 0.19642, 0.21103, 0.80, 0.80, 0.80, 1.00, 0.99122, 0.2465
206, 75, -1.01747, 7.92597, 1.47082, -0.95097, 0.28075, 0.12951, 0.80, 0.80, 0.80, 1.00, 0.99013, 0.19746
207, 76, -1.15313, 7.62833, 1.11762, -0.87653, -0.11086, -0.46815, 0.80, 0.80, 0.80, 1.00, 0.87617, 0.20965
208, 75, -1.01747, 7.92597, 1.47082, -0.95097, 0.28075, 0.12951, 0.80, 0.80, 0.80, 1.00, 0.99013, 0.19746
209, 78, -0.99761, 8.02088, 0.95508, -0.92565, 0.24904, -0.28456, 0.80, 0.80, 0.80, 1.00, 0.89775, 0.14833
210, 78, -0.99761, 8.02088, 0.95508, -0.92565, 0.24904, -0.28456, 0.80, 0.80, 0.80, 1.00, 0.89775, 0.14833
211, 75, -1.01747, 7.92597, 1.47082, -0.95097, 0.28075, 0.12951, 0.80, 0.80, 0.80, 1.00, 0.99013, 0.19746
212, 79, -0.90936, 8.21097, 1.21952, -0.92393, 0.38087, 0.03464, 0.80, 0.80, 0.80, 1.00, 0.99046, 0.14853
213, 80, -0.99761, 8.02088, 0.95508, -0.70182, 0.43009, -0.56763, 0.80, 0.80, 0.80, 1.00, 0.78808, 0.10212
214, 81, -0.90936, 8.21097, 1.21952, -0.62664, 0.77681, -0.06072, 0.80, 0.80, 0.80, 1.00, 0.73217, 0.10346
215, 82, -0.87, 8.15573, 0.89951, -0.57231, 0.62065, -0.53568, 0.80, 0.80, 0.80, 1.00, 0.78005, 0.11705
216, 82, -0.87, 8.15573, 0.89951, -0.57231, 0.62065, -0.53568, 0.80, 0.80, 0.80, 1.00, 0.78005, 0.11705
217, 81, -0.90936, 8.21097, 1.21952, -0.62664, 0.77681, -0.06072, 0.80, 0.80, 0.80, 1.00, 0.73217, 0.10346
218, 83, -0.81257, 8.27603, 1.11017, -0.42097, 0.90365, -0.07713, 0.80, 0.80, 0.80, 1.00, 0.73853, 0.11711
219, 84, -1.12533, 7.37525, 1.22246, -0.74756, -0.28983, -0.59739, 0.80, 0.80, 0.80, 1.00, 0.867, 0.24465
220, 85, -0.77734, 7.71939, 0.66715, -0.11417, 0.52474, -0.84338, 0.80, 0.80, 0.80, 1.00, 0.80945, 0.21055
221, 86, -0.71698, 7.29464, 1.14051, 0.45022, -0.51163, -0.73172, 0.80, 0.80, 0.80, 1.00, 0.80765, 0.24557
222, 84, -1.12533, 7.37525, 1.22246, -0.74756, -0.28983, -0.59739, 0.80, 0.80, 0.80, 1.00, 0.867, 0.24465
223, 76, -1.15313, 7.62833, 1.11762, -0.87653, -0.11086, -0.46815, 0.80, 0.80, 0.80, 1.00, 0.87617, 0.20965
224, 85, -0.77734, 7.71939, 0.66715, -0.11417, 0.52474, -0.84338, 0.80, 0.80, 0.80, 1.00, 0.80945, 0.21055
225, 87, -1.0192, 7.62197, 1.70217, -0.07422, 0.53627, 0.84064, 0.80, 0.80, 0.80, 1.00, 0.61898, 0.24905
226, 88, -0.75933, 7.22398, 0.97155, 0.46209, -0.65233, 0.60056, 0.80, 0.80, 0.80, 1.00, 0.71846, 0.24832
227, 89, -0.57614, 7.84318, 1.60487, -0.12414, 0.51205, 0.84982, 0.80, 0.80, 0.80, 1.00, 0.70424, 0.21431
228, 90, -1.01747, 7.92597, 1.47082, -0.11075, 0.64048, 0.7598, 0.80, 0.80, 0.80, 1.00, 0.61758, 0.20001
229, 87, -1.0192, 7.62197, 1.70217, -0.07422, 0.53627, 0.84064, 0.80, 0.80, 0.80, 1.00, 0.61898, 0.24905
230, 89, -0.57614, 7.84318, 1.60487, -0.12414, 0.51205, 0.84982, 0.80, 0.80, 0.80, 1.00, 0.70424, 0.21431
231, 76, -1.15313, 7.62833, 1.11762, -0.87653, -0.11086, -0.46815, 0.80, 0.80, 0.80, 1.00, 0.87617, 0.20965
232, 91, -0.70675, 7.958, 0.75917, -0.44454, -0.31118, -0.83978, 0.80, 0.80, 0.80, 1.00, 0.81012, 0.14623
233, 85, -0.77734, 7.71939, 0.66715, -0.11417, 0.52474, -0.84338, 0.80, 0.80, 0.80, 1.00, 0.80945, 0.21055
234, 76, -1.15313, 7.62833, 1.11762, -0.87653, -0.11086, -0.46815, 0.80, 0.80, 0.80, 1.00, 0.87617, 0.20965
235, 78, -0.99761, 8.02088, 0.95508, -0.92565, 0.24904, -0.28456, 0.80, 0.80, 0.80, 1.00, 0.89775, 0.14833
236, 91, -0.70675, 7.958, 0.75917, -0.44454, -0.31118, -0.83978, 0.80, 0.80, 0.80, 1.00, 0.81012, 0.14623
237, 92, -0.90936, 8.21097, 1.21952, -0.23506, 0.59351, 0.76962, 0.80, 0.80, 0.80, 1.00, 0.61774, 0.14789
238, 89, -0.57614, 7.84318, 1.60487, -0.12414, 0.51205, 0.84982, 0.80, 0.80, 0.80, 1.00, 0.70424, 0.21431
239, 93, -0.54722, 8.32528, 1.3177, -0.36916, 0.4918, 0.78849, 0.80, 0.80, 0.80, 1.00, 0.69579, 0.14495
240, 92, -0.90936, 8.21097, 1.21952, -0.23506, 0.59351, 0.76962, 0.80, 0.80, 0.80, 1.00, 0.61774, 0.14789
241, 90, -1.01747, 7.92597, 1.47082, -0.11075, 0.64048, 0.7598, 0.80, 0.80, 0.80, 1.00, 0.61758, 0.20001
242, 89, -0.57614, 7.84318, 1.60487, -0.12414, 0.51205, 0.84982, 0.80, 0.80, 0.80, 1.00, 0.70424, 0.21431
243, 82, -0.87, 8.15573, 0.89951, -0.57231, 0.62065, -0.53568, 0.80, 0.80, 0.80, 1.00, 0.78005, 0.11705
244, 94, -0.67046, 8.16618, 0.77682, -0.4535, 0.5646, -0.68938, 0.80, 0.80, 0.80, 1.00, 0.7888, 0.14547
245, 95, -0.70675, 7.958, 0.75917, -0.52563, 0.15907, -0.83551, 0.80, 0.80, 0.80, 1.00, 0.80958, 0.14557
246, 80, -0.99761, 8.02088, 0.95508, -0.70182, 0.43009, -0.56763, 0.80, 0.80, 0.80, 1.00, 0.78808, 0.10212
247, 82, -0.87, 8.15573, 0.89951, -0.57231, 0.62065, -0.53568, 0.80, 0.80, 0.80, 1.00, 0.78005, 0.11705
248, 95, -0.70675, 7.958, 0.75917, -0.52563, 0.15907, -0.83551, 0.80, 0.80, 0.80, 1.00, 0.80958, 0.14557
249, 82, -0.87, 8.15573, 0.89951, -0.57231, 0.62065, -0.53568, 0.80, 0.80, 0.80, 1.00, 0.78005, 0.11705
250, 96, -0.5888, 8.33737, 1.07512, -0.29169, 0.92278, -0.25118, 0.80, 0.80, 0.80, 1.00, 0.72992, 0.14557
251, 94, -0.67046, 8.16618, 0.77682, -0.4535, 0.5646, -0.68938, 0.80, 0.80, 0.80, 1.00, 0.7888, 0.14547
252, 82, -0.87, 8.15573, 0.89951, -0.57231, 0.62065, -0.53568, 0.80, 0.80, 0.80, 1.00, 0.78005, 0.11705
253, 83, -0.81257, 8.27603, 1.11017, -0.42097, 0.90365, -0.07713, 0.80, 0.80, 0.80, 1.00, 0.73853, 0.11711
254, 96, -0.5888, 8.33737, 1.07512, -0.29169, 0.92278, -0.25118, 0.80, 0.80, 0.80, 1.00, 0.72992, 0.14557
255, 83, -0.81257, 8.27603, 1.11017, -0.42097, 0.90365, -0.07713, 0.80, 0.80, 0.80, 1.00, 0.73853, 0.11711
256, 97, -0.54722, 8.32528, 1.3177, -0.30094, 0.9397, 0.1617, 0.80, 0.80, 0.80, 1.00, 0.69529, 0.14565
257, 96, -0.5888, 8.33737, 1.07512, -0.29169, 0.92278, -0.25118, 0.80, 0.80, 0.80, 1.00, 0.72992, 0.14557
258, 83, -0.81257, 8.27603, 1.11017, -0.42097, 0.90365, -0.07713, 0.80, 0.80, 0.80, 1.00, 0.73853, 0.11711
259, 81, -0.90936, 8.21097, 1.21952, -0.62664, 0.77681, -0.06072, 0.80, 0.80, 0.80, 1.00, 0.73217, 0.10346
260, 97, -0.54722, 8.32528, 1.3177, -0.30094, 0.9397, 0.1617, 0.80, 0.80, 0.80, 1.00, 0.69529, 0.14565
261, 98, -0.81148, 7.33188, 1.99074, -0.03483, 0.5356, 0.84361, 0.80, 0.80, 0.80, 1.00, 0.66835, 0.29778
262, 88, -0.75933, 7.22398, 0.97155, 0.46209, -0.65233, 0.60056, 0.80, 0.80, 0.80, 1.00, 0.71846, 0.24832
263, 87, -1.0192, 7.62197, 1.70217, -0.07422, 0.53627, 0.84064, 0.80, 0.80, 0.80, 1.00, 0.61898, 0.24905
264, 98, -0.81148, 7.33188, 1.99074, -0.03483, 0.5356, 0.84361, 0.80, 0.80, 0.80, 1.00, 0.66835, 0.29778
265, 99, -0.56412, 7.15561, 1.96405, 0.88372, 0.07044, 0.46243, 0.80, 0.80, 0.80, 1.00, 0.70995, 0.31396
266, 88, -0.75933, 7.22398, 0.97155, 0.46209, -0.65233, 0.60056, 0.80, 0.80, 0.80, 1.00, 0.71846, 0.24832
267, 99, -0.56412, 7.15561, 1.96405, 0.88372, 0.07044, 0.46243, 0.80, 0.80, 0.80, 1.00, 0.70995, 0.31396
268, 86, -0.71698, 7.29464, 1.14051, 0.45022, -0.51163, -0.73172, 0.80, 0.80, 0.80, 1.00, 0.80765, 0.24557
269, 88, -0.75933, 7.22398, 0.97155, 0.46209, -0.65233, 0.60056, 0.80, 0.80, 0.80, 1.00, 0.71846, 0.24832
270, 99, -0.56412, 7.15561, 1.96405, 0.88372, 0.07044, 0.46243, 0.80, 0.80, 0.80, 1.00, 0.70995, 0.31396
271, 100, -0.72025, 6.91984, 1.51133, 0.89023, -0.39311, -0.23, 0.80, 0.80, 0.80, 1.00, 0.79836, 0.31124
272, 86, -0.71698, 7.29464, 1.14051, 0.45022, -0.51163, -0.73172, 0.80, 0.80, 0.80, 1.00, 0.80765, 0.24557
273, 101, -1.07341, 6.97534, 1.39376, -0.45445, -0.55015, -0.70035, 0.80, 0.80, 0.80, 1.00, 0.85923, 0.2996
274, 84, -1.12533, 7.37525, 1.22246, -0.74756, -0.28983, -0.59739, 0.80, 0.80, 0.80, 1.00, 0.867, 0.24465
275, 86, -0.71698, 7.29464, 1.14051, 0.45022, -0.51163, -0.73172, 0.80, 0.80, 0.80, 1.00, 0.80765, 0.24557
276, 101, -1.07341, 6.97534, 1.39376, -0.45445, -0.55015, -0.70035, 0.80, 0.80, 0.80, 1.00, 0.85923, 0.2996
277, 102, -1.19216, 7.02177, 1.62297, -0.98093, -0.09989, -0.16628, 0.80, 0.80, 0.80, 1.00, 0.90049, 0.31033
278, 84, -1.12533, 7.37525, 1.22246, -0.74756, -0.28983, -0.59739, 0.80, 0.80, 0.80, 1.00, 0.867, 0.24465
279, 77, -1.0192, 7.62197, 1.70217, -0.95752, 0.19642, 0.21103, 0.80, 0.80, 0.80, 1.00, 0.99122, 0.2465
280, 74, -1.11089, 7.47134, 1.42622, -0.97405, 0.15859, 0.16132, 0.80, 0.80, 0.80, 1.00, 0.90, 0.24736
281, 103, -1.06872, 7.17722, 1.95084, -0.95334, 0.16779, 0.25089, 0.80, 0.80, 0.80, 1.00, 0.98934, 0.31183
282, 102, -1.19216, 7.02177, 1.62297, -0.98093, -0.09989, -0.16628, 0.80, 0.80, 0.80, 1.00, 0.90049, 0.31033
283, 103, -1.06872, 7.17722, 1.95084, -0.95334, 0.16779, 0.25089, 0.80, 0.80, 0.80, 1.00, 0.98934, 0.31183
284, 74, -1.11089, 7.47134, 1.42622, -0.97405, 0.15859, 0.16132, 0.80, 0.80, 0.80, 1.00, 0.90, 0.24736
285, 98, -0.81148, 7.33188, 1.99074, -0.03483, 0.5356, 0.84361, 0.80, 0.80, 0.80, 1.00, 0.66835, 0.29778
286, 87, -1.0192, 7.62197, 1.70217, -0.07422, 0.53627, 0.84064, 0.80, 0.80, 0.80, 1.00, 0.61898, 0.24905
287, 104, -1.06872, 7.17722, 1.95084, -0.41547, 0.49382, 0.76381, 0.80, 0.80, 0.80, 1.00, 0.61655, 0.31439
288, 101, -1.07341, 6.97534, 1.39376, -0.45445, -0.55015, -0.70035, 0.80, 0.80, 0.80, 1.00, 0.85923, 0.2996
289, 86, -0.71698, 7.29464, 1.14051, 0.45022, -0.51163, -0.73172, 0.80, 0.80, 0.80, 1.00, 0.80765, 0.24557
290, 105, -0.79199, 6.72231, 1.60904, 0.5968, -0.36884, -0.71253, 0.80, 0.80, 0.80, 1.00, 0.80882, 0.34002
291, 106, -1.05813, 7.00324, 2.07445, -0.34434, 0.46594, 0.81497, 0.80, 0.80, 0.80, 1.00, 0.61687, 0.34162
292, 98, -0.81148, 7.33188, 1.99074, -0.03483, 0.5356, 0.84361, 0.80, 0.80, 0.80, 1.00, 0.66835, 0.29778
293, 104, -1.06872, 7.17722, 1.95084, -0.41547, 0.49382, 0.76381, 0.80, 0.80, 0.80, 1.00, 0.61655, 0.31439
294, 106, -1.05813, 7.00324, 2.07445, -0.34434, 0.46594, 0.81497, 0.80, 0.80, 0.80, 1.00, 0.61687, 0.34162
295, 107, -0.88708, 7.00954, 2.12308, 0.15816, 0.52133, 0.83841, 0.80, 0.80, 0.80, 1.00, 0.66031, 0.3427
296, 98, -0.81148, 7.33188, 1.99074, -0.03483, 0.5356, 0.84361, 0.80, 0.80, 0.80, 1.00, 0.66835, 0.29778
297, 105, -0.79199, 6.72231, 1.60904, 0.5968, -0.36884, -0.71253, 0.80, 0.80, 0.80, 1.00, 0.80882, 0.34002
298, 86, -0.71698, 7.29464, 1.14051, 0.45022, -0.51163, -0.73172, 0.80, 0.80, 0.80, 1.00, 0.80765, 0.24557
299, 100, -0.72025, 6.91984, 1.51133, 0.89023, -0.39311, -0.23, 0.80, 0.80, 0.80, 1.00, 0.79836, 0.31124
300, 105, -0.79199, 6.72231, 1.60904, 0.5968, -0.36884, -0.71253, 0.80, 0.80, 0.80, 1.00, 0.80882, 0.34002
301, 108, -1.04608, 6.73595, 1.62125, -0.39961, -0.33133, -0.85453, 0.80, 0.80, 0.80, 1.00, 0.85691, 0.34094
302, 101, -1.07341, 6.97534, 1.39376, -0.45445, -0.55015, -0.70035, 0.80, 0.80, 0.80, 1.00, 0.85923, 0.2996
303, 107, -0.88708, 7.00954, 2.12308, 0.15816, 0.52133, 0.83841, 0.80, 0.80, 0.80, 1.00, 0.66031, 0.3427
304, 99, -0.56412, 7.15561, 1.96405, 0.88372, 0.07044, 0.46243, 0.80, 0.80, 0.80, 1.00, 0.70995, 0.31396
305, 98, -0.81148, 7.33188, 1.99074, -0.03483, 0.5356, 0.84361, 0.80, 0.80, 0.80, 1.00, 0.66835, 0.29778
306, 107, -0.88708, 7.00954, 2.12308, 0.15816, 0.52133, 0.83841, 0.80, 0.80, 0.80, 1.00, 0.66031, 0.3427
307, 109, -0.64342, 6.97036, 2.06, 0.89006, 0.32651, 0.31775, 0.80, 0.80, 0.80, 1.00, 0.70581, 0.34132
308, 99, -0.56412, 7.15561, 1.96405, 0.88372, 0.07044, 0.46243, 0.80, 0.80, 0.80, 1.00, 0.70995, 0.31396
309, 109, -0.64342, 6.97036, 2.06, 0.89006, 0.32651, 0.31775, 0.80, 0.80, 0.80, 1.00, 0.70581, 0.34132
310, 100, -0.72025, 6.91984, 1.51133, 0.89023, -0.39311, -0.23, 0.80, 0.80, 0.80, 1.00, 0.79836, 0.31124
311, 99, -0.56412, 7.15561, 1.96405, 0.88372, 0.07044, 0.46243, 0.80, 0.80, 0.80, 1.00, 0.70995, 0.31396
312, 109, -0.64342, 6.97036, 2.06, 0.89006, 0.32651, 0.31775, 0.80, 0.80, 0.80, 1.00, 0.70581, 0.34132
313, 105, -0.79199, 6.72231, 1.60904, 0.5968, -0.36884, -0.71253, 0.80, 0.80, 0.80, 1.00, 0.80882, 0.34002
314, 100, -0.72025, 6.91984, 1.51133, 0.89023, -0.39311, -0.23, 0.80, 0.80, 0.80, 1.00, 0.79836, 0.31124
315, 108, -1.04608, 6.73595, 1.62125, -0.39961, -0.33133, -0.85453, 0.80, 0.80, 0.80, 1.00, 0.85691, 0.34094
316, 102, -1.19216, 7.02177, 1.62297, -0.98093, -0.09989, -0.16628, 0.80, 0.80, 0.80, 1.00, 0.90049, 0.31033
317, 101, -1.07341, 6.97534, 1.39376, -0.45445, -0.55015, -0.70035, 0.80, 0.80, 0.80, 1.00, 0.85923, 0.2996
318, 108, -1.04608, 6.73595, 1.62125, -0.39961, -0.33133, -0.85453, 0.80, 0.80, 0.80, 1.00, 0.85691, 0.34094
319, 110, -1.17666, 6.81257, 1.70899, -0.91932, 0.11063, -0.37738, 0.80, 0.80, 0.80, 1.00, 0.89202, 0.33907
320, 102, -1.19216, 7.02177, 1.62297, -0.98093, -0.09989, -0.16628, 0.80, 0.80, 0.80, 1.00, 0.90049, 0.31033
321, 110, -1.17666, 6.81257, 1.70899, -0.91932, 0.11063, -0.37738, 0.80, 0.80, 0.80, 1.00, 0.89202, 0.33907
322, 103, -1.06872, 7.17722, 1.95084, -0.95334, 0.16779, 0.25089, 0.80, 0.80, 0.80, 1.00, 0.98934, 0.31183
323, 102, -1.19216, 7.02177, 1.62297, -0.98093, -0.09989, -0.16628, 0.80, 0.80, 0.80, 1.00, 0.90049, 0.31033
324, 110, -1.17666, 6.81257, 1.70899, -0.91932, 0.11063, -0.37738, 0.80, 0.80, 0.80, 1.00, 0.89202, 0.33907
325, 111, -1.05813, 7.00324, 2.07445, -0.88205, 0.46886, 0.04548, 0.80, 0.80, 0.80, 1.00, 0.9901, 0.33906
326, 103, -1.06872, 7.17722, 1.95084, -0.95334, 0.16779, 0.25089, 0.80, 0.80, 0.80, 1.00, 0.98934, 0.31183
327, 112, -1.13195, 6.96913, 2.17807, -0.30485, 0.93688, 0.17055, 0.80, 0.80, 0.80, 1.00, 0.61703, 0.36159
328, 113, -0.88708, 7.00954, 2.12308, -0.22555, 0.81996, 0.52591, 0.80, 0.80, 0.80, 1.00, 0.66051, 0.34334
329, 114, -1.05813, 7.00324, 2.07445, -0.19627, 0.78422, 0.58844, 0.80, 0.80, 0.80, 1.00, 0.61691, 0.34226
330, 112, -1.13195, 6.96913, 2.17807, -0.30485, 0.93688, 0.17055, 0.80, 0.80, 0.80, 1.00, 0.61703, 0.36159
331, 115, -0.86416, 7.0579, 2.21941, -0.29036, 0.91406, 0.28278, 0.80, 0.80, 0.80, 1.00, 0.66085, 0.3621
332, 113, -0.88708, 7.00954, 2.12308, -0.22555, 0.81996, 0.52591, 0.80, 0.80, 0.80, 1.00, 0.66051, 0.34334
333, 116, -0.72616, 6.44668, 1.83245, 0.59219, -0.61954, -0.51515, 0.80, 0.80, 0.80, 1.00, 0.80364, 0.35882
334, 108, -1.04608, 6.73595, 1.62125, -0.39961, -0.33133, -0.85453, 0.80, 0.80, 0.80, 1.00, 0.85691, 0.34094
335, 105, -0.79199, 6.72231, 1.60904, 0.5968, -0.36884, -0.71253, 0.80, 0.80, 0.80, 1.00, 0.80882, 0.34002
336, 116, -0.72616, 6.44668, 1.83245, 0.59219, -0.61954, -0.51515, 0.80, 0.80, 0.80, 1.00, 0.80364, 0.35882
337, 117, -1.068, 6.42248, 1.85519, -0.35249, -0.80762, -0.47244, 0.80, 0.80, 0.80, 1.00, 0.85733, 0.35974
338, 108, -1.04608, 6.73595, 1.62125, -0.39961, -0.33133, -0.85453, 0.80, 0.80, 0.80, 1.00, 0.85691, 0.34094
339, 118, -0.86416, 7.0579, 2.21941, 0.34843, 0.91838, 0.18671, 0.80, 0.80, 0.80, 1.00, 0.66065, 0.36146
340, 109, -0.64342, 6.97036, 2.06, 0.89006, 0.32651, 0.31775, 0.80, 0.80, 0.80, 1.00, 0.70581, 0.34132
341, 107, -0.88708, 7.00954, 2.12308, 0.15816, 0.52133, 0.83841, 0.80, 0.80, 0.80, 1.00, 0.66031, 0.3427
342, 118, -0.86416, 7.0579, 2.21941, 0.34843, 0.91838, 0.18671, 0.80, 0.80, 0.80, 1.00, 0.66065, 0.36146
343, 119, -0.55549, 6.94337, 2.11553, 0.84064, 0.53895, -0.05163, 0.80, 0.80, 0.80, 1.00, 0.7111, 0.3601
344, 109, -0.64342, 6.97036, 2.06, 0.89006, 0.32651, 0.31775, 0.80, 0.80, 0.80, 1.00, 0.70581, 0.34132
345, 119, -0.55549, 6.94337, 2.11553, 0.84064, 0.53895, -0.05163, 0.80, 0.80, 0.80, 1.00, 0.7111, 0.3601
346, 105, -0.79199, 6.72231, 1.60904, 0.5968, -0.36884, -0.71253, 0.80, 0.80, 0.80, 1.00, 0.80882, 0.34002
347, 109, -0.64342, 6.97036, 2.06, 0.89006, 0.32651, 0.31775, 0.80, 0.80, 0.80, 1.00, 0.70581, 0.34132
348, 119, -0.55549, 6.94337, 2.11553, 0.84064, 0.53895, -0.05163, 0.80, 0.80, 0.80, 1.00, 0.7111, 0.3601
349, 116, -0.72616, 6.44668, 1.83245, 0.59219, -0.61954, -0.51515, 0.80, 0.80, 0.80, 1.00, 0.80364, 0.35882
350, 105, -0.79199, 6.72231, 1.60904, 0.5968, -0.36884, -0.71253, 0.80, 0.80, 0.80, 1.00, 0.80882, 0.34002
351, 117, -1.068, 6.42248, 1.85519, -0.35249, -0.80762, -0.47244, 0.80, 0.80, 0.80, 1.00, 0.85733, 0.35974
352, 110, -1.17666, 6.81257, 1.70899, -0.91932, 0.11063, -0.37738, 0.80, 0.80, 0.80, 1.00, 0.89202, 0.33907
353, 108, -1.04608, 6.73595, 1.62125, -0.39961, -0.33133, -0.85453, 0.80, 0.80, 0.80, 1.00, 0.85691, 0.34094
354, 117, -1.068, 6.42248, 1.85519, -0.35249, -0.80762, -0.47244, 0.80, 0.80, 0.80, 1.00, 0.85733, 0.35974
355, 120, -1.26832, 6.57991, 1.9459, -0.94731, -0.17214, -0.26978, 0.80, 0.80, 0.80, 1.00, 0.9008, 0.35788
356, 110, -1.17666, 6.81257, 1.70899, -0.91932, 0.11063, -0.37738, 0.80, 0.80, 0.80, 1.00, 0.89202, 0.33907
357, 120, -1.26832, 6.57991, 1.9459, -0.94731, -0.17214, -0.26978, 0.80, 0.80, 0.80, 1.00, 0.9008, 0.35788
358, 111, -1.05813, 7.00324, 2.07445, -0.88205, 0.46886, 0.04548, 0.80, 0.80, 0.80, 1.00, 0.9901, 0.33906
359, 110, -1.17666, 6.81257, 1.70899, -0.91932, 0.11063, -0.37738, 0.80, 0.80, 0.80, 1.00, 0.89202, 0.33907
360, 120, -1.26832, 6.57991, 1.9459, -0.94731, -0.17214, -0.26978, 0.80, 0.80, 0.80, 1.00, 0.9008, 0.35788
361, 121, -1.13195, 6.96913, 2.17807, -0.93299, 0.35716, -0.04303, 0.80, 0.80, 0.80, 1.00, 0.98896, 0.35775
362, 111, -1.05813, 7.00324, 2.07445, -0.88205, 0.46886, 0.04548, 0.80, 0.80, 0.80, 1.00, 0.9901, 0.33906
363, 122, -1.15089, 6.83215, 2.51115, -0.2281, 0.73227, 0.64152, 0.80, 0.80, 0.80, 1.00, 0.61681, 0.40716
364, 115, -0.86416, 7.0579, 2.21941, -0.29036, 0.91406, 0.28278, 0.80, 0.80, 0.80, 1.00, 0.66085, 0.3621
365, 112, -1.13195, 6.96913, 2.17807, -0.30485, 0.93688, 0.17055, 0.80, 0.80, 0.80, 1.00, 0.61703, 0.36159
366, 122, -1.15089, 6.83215, 2.51115, -0.2281, 0.73227, 0.64152, 0.80, 0.80, 0.80, 1.00, 0.61681, 0.40716
367, 123, -0.89473, 6.88428, 2.52067, -0.13466, 0.5088, 0.85017, 0.80, 0.80, 0.80, 1.00, 0.65224, 0.40658
368, 115, -0.86416, 7.0579, 2.21941, -0.29036, 0.91406, 0.28278, 0.80, 0.80, 0.80, 1.00, 0.66085, 0.3621
369, 124, -0.71958, 6.38623, 2.23901, 0.5586, -0.82827, 0.04152, 0.80, 0.80, 0.80, 1.00, 0.79036, 0.40813
370, 117, -1.068, 6.42248, 1.85519, -0.35249, -0.80762, -0.47244, 0.80, 0.80, 0.80, 1.00, 0.85733, 0.35974
371, 116, -0.72616, 6.44668, 1.83245, 0.59219, -0.61954, -0.51515, 0.80, 0.80, 0.80, 1.00, 0.80364, 0.35882
372, 124, -0.71958, 6.38623, 2.23901, 0.5586, -0.82827, 0.04152, 0.80, 0.80, 0.80, 1.00, 0.79036, 0.40813
373, 125, -1.05329, 6.38946, 2.2824, -0.29905, -0.95388, 0.01934, 0.80, 0.80, 0.80, 1.00, 0.87804, 0.40966
374, 117, -1.068, 6.42248, 1.85519, -0.35249, -0.80762, -0.47244, 0.80, 0.80, 0.80, 1.00, 0.85733, 0.35974
375, 126, -0.89473, 6.88428, 2.52067, 0.35513, 0.68659, 0.63417, 0.80, 0.80, 0.80, 1.00, 0.65203, 0.40594
376, 119, -0.55549, 6.94337, 2.11553, 0.84064, 0.53895, -0.05163, 0.80, 0.80, 0.80, 1.00, 0.7111, 0.3601
377, 118, -0.86416, 7.0579, 2.21941, 0.34843, 0.91838, 0.18671, 0.80, 0.80, 0.80, 1.00, 0.66065, 0.36146
378, 126, -0.89473, 6.88428, 2.52067, 0.35513, 0.68659, 0.63417, 0.80, 0.80, 0.80, 1.00, 0.65203, 0.40594
379, 127, -0.57342, 6.81642, 2.44509, 0.83732, 0.09783, 0.53766, 0.80, 0.80, 0.80, 1.00, 0.70178, 0.40485
380, 119, -0.55549, 6.94337, 2.11553, 0.84064, 0.53895, -0.05163, 0.80, 0.80, 0.80, 1.00, 0.7111, 0.3601
381, 127, -0.57342, 6.81642, 2.44509, 0.83732, 0.09783, 0.53766, 0.80, 0.80, 0.80, 1.00, 0.70178, 0.40485
382, 116, -0.72616, 6.44668, 1.83245, 0.59219, -0.61954, -0.51515, 0.80, 0.80, 0.80, 1.00, 0.80364, 0.35882
383, 119, -0.55549, 6.94337, 2.11553, 0.84064, 0.53895, -0.05163, 0.80, 0.80, 0.80, 1.00, 0.7111, 0.3601
384, 127, -0.57342, 6.81642, 2.44509, 0.83732, 0.09783, 0.53766, 0.80, 0.80, 0.80, 1.00, 0.70178, 0.40485
385, 124, -0.71958, 6.38623, 2.23901, 0.5586, -0.82827, 0.04152, 0.80, 0.80, 0.80, 1.00, 0.79036, 0.40813
386, 116, -0.72616, 6.44668, 1.83245, 0.59219, -0.61954, -0.51515, 0.80, 0.80, 0.80, 1.00, 0.80364, 0.35882
387, 125, -1.05329, 6.38946, 2.2824, -0.29905, -0.95388, 0.01934, 0.80, 0.80, 0.80, 1.00, 0.87804, 0.40966
388, 120, -1.26832, 6.57991, 1.9459, -0.94731, -0.17214, -0.26978, 0.80, 0.80, 0.80, 1.00, 0.9008, 0.35788
389, 117, -1.068, 6.42248, 1.85519, -0.35249, -0.80762, -0.47244, 0.80, 0.80, 0.80, 1.00, 0.85733, 0.35974
390, 125, -1.05329, 6.38946, 2.2824, -0.29905, -0.95388, 0.01934, 0.80, 0.80, 0.80, 1.00, 0.87804, 0.40966
391, 128, -1.26132, 6.52469, 2.35006, -0.86684, -0.42776, 0.25588, 0.80, 0.80, 0.80, 1.00, 0.92605, 0.40659
392, 120, -1.26832, 6.57991, 1.9459, -0.94731, -0.17214, -0.26978, 0.80, 0.80, 0.80, 1.00, 0.9008, 0.35788
393, 128, -1.26132, 6.52469, 2.35006, -0.86684, -0.42776, 0.25588, 0.80, 0.80, 0.80, 1.00, 0.92605, 0.40659
394, 121, -1.13195, 6.96913, 2.17807, -0.93299, 0.35716, -0.04303, 0.80, 0.80, 0.80, 1.00, 0.98896, 0.35775
395, 120, -1.26832, 6.57991, 1.9459, -0.94731, -0.17214, -0.26978, 0.80, 0.80, 0.80, 1.00, 0.9008, 0.35788
396, 128, -1.26132, 6.52469, 2.35006, -0.86684, -0.42776, 0.25588, 0.80, 0.80, 0.80, 1.00, 0.92605, 0.40659
397, 129, -1.15089, 6.83215, 2.51115, -0.83747, 0.01701, 0.54618, 0.80, 0.80, 0.80, 1.00, 0.98879, 0.40333
398, 121, -1.13195, 6.96913, 2.17807, -0.93299, 0.35716, -0.04303, 0.80, 0.80, 0.80, 1.00, 0.98896, 0.35775
399, 130, -1.10349, 6.75023, 2.54036, -0.09253, 0.28407, 0.95421, 0.80, 0.80, 0.80, 1.00, 0.61683, 0.41609
400, 123, -0.89473, 6.88428, 2.52067, -0.13466, 0.5088, 0.85017, 0.80, 0.80, 0.80, 1.00, 0.65224, 0.40658
401, 122, -1.15089, 6.83215, 2.51115, -0.2281, 0.73227, 0.64152, 0.80, 0.80, 0.80, 1.00, 0.61681, 0.40716
402, 130, -1.10349, 6.75023, 2.54036, -0.09253, 0.28407, 0.95421, 0.80, 0.80, 0.80, 1.00, 0.61683, 0.41609
403, 131, -0.89772, 6.79149, 2.54782, -0.09132, 0.28227, 0.95486, 0.80, 0.80, 0.80, 1.00, 0.65123, 0.41554
404, 123, -0.89473, 6.88428, 2.52067, -0.13466, 0.5088, 0.85017, 0.80, 0.80, 0.80, 1.00, 0.65224, 0.40658
405, 132, -0.73871, 6.38966, 2.3225, 0.33975, -0.93186, 0.12618, 0.80, 0.80, 0.80, 1.00, 0.78671, 0.41705
406, 125, -1.05329, 6.38946, 2.2824, -0.29905, -0.95388, 0.01934, 0.80, 0.80, 0.80, 1.00, 0.87804, 0.40966
407, 124, -0.71958, 6.38623, 2.23901, 0.5586, -0.82827, 0.04152, 0.80, 0.80, 0.80, 1.00, 0.79036, 0.40813
408, 132, -0.73871, 6.38966, 2.3225, 0.33975, -0.93186, 0.12618, 0.80, 0.80, 0.80, 1.00, 0.78671, 0.41705
409, 133, -1.02511, 6.39449, 2.36261, -0.33186, -0.92464, 0.18601, 0.80, 0.80, 0.80, 1.00, 0.88177, 0.41855
410, 125, -1.05329, 6.38946, 2.2824, -0.29905, -0.95388, 0.01934, 0.80, 0.80, 0.80, 1.00, 0.87804, 0.40966
411, 134, -0.89772, 6.79149, 2.54782, 0.27272, 0.26368, 0.92509, 0.80, 0.80, 0.80, 1.00, 0.65102, 0.4149
412, 127, -0.57342, 6.81642, 2.44509, 0.83732, 0.09783, 0.53766, 0.80, 0.80, 0.80, 1.00, 0.70178, 0.40485
413, 126, -0.89473, 6.88428, 2.52067, 0.35513, 0.68659, 0.63417, 0.80, 0.80, 0.80, 1.00, 0.65203, 0.40594
414, 134, -0.89772, 6.79149, 2.54782, 0.27272, 0.26368, 0.92509, 0.80, 0.80, 0.80, 1.00, 0.65102, 0.4149
415, 135, -0.62103, 6.73478, 2.48255, 0.80989, -0.21759, 0.54449, 0.80, 0.80, 0.80, 1.00, 0.70282, 0.41383
416, 127, -0.57342, 6.81642, 2.44509, 0.83732, 0.09783, 0.53766, 0.80, 0.80, 0.80, 1.00, 0.70178, 0.40485
417, 135, -0.62103, 6.73478, 2.48255, 0.80989, -0.21759, 0.54449, 0.80, 0.80, 0.80, 1.00, 0.70282, 0.41383
418, 124, -0.71958, 6.38623, 2.23901, 0.5586, -0.82827, 0.04152, 0.80, 0.80, 0.80, 1.00, 0.79036, 0.40813
419, 127, -0.57342, 6.81642, 2.44509, 0.83732, 0.09783, 0.53766, 0.80, 0.80, 0.80, 1.00, 0.70178, 0.40485
420, 135, -0.62103, 6.73478, 2.48255, 0.80989, -0.21759, 0.54449, 0.80, 0.80, 0.80, 1.00, 0.70282, 0.41383
421, 132, -0.73871, 6.38966, 2.3225, 0.33975, -0.93186, 0.12618, 0.80, 0.80, 0.80, 1.00, 0.78671, 0.41705
422, 124, -0.71958, 6.38623, 2.23901, 0.5586, -0.82827, 0.04152, 0.80, 0.80, 0.80, 1.00, 0.79036, 0.40813
423, 133, -1.02511, 6.39449, 2.36261, -0.33186, -0.92464, 0.18601, 0.80, 0.80, 0.80, 1.00, 0.88177, 0.41855
424, 128, -1.26132, 6.52469, 2.35006, -0.86684, -0.42776, 0.25588, 0.80, 0.80, 0.80, 1.00, 0.92605, 0.40659
425, 125, -1.05329, 6.38946, 2.2824, -0.29905, -0.95388, 0.01934, 0.80, 0.80, 0.80, 1.00, 0.87804, 0.40966
426, 133, -1.02511, 6.39449, 2.36261, -0.33186, -0.92464, 0.18601, 0.80, 0.80, 0.80, 1.00, 0.88177, 0.41855
427, 136, -1.19265, 6.50472, 2.41303, -0.67428, -0.40194, 0.6194, 0.80, 0.80, 0.80, 1.00, 0.9282, 0.41554
428, 128, -1.26132, 6.52469, 2.35006, -0.86684, -0.42776, 0.25588, 0.80, 0.80, 0.80, 1.00, 0.92605, 0.40659
429, 136, -1.19265, 6.50472, 2.41303, -0.67428, -0.40194, 0.6194, 0.80, 0.80, 0.80, 1.00, 0.9282, 0.41554
430, 129, -1.15089, 6.83215, 2.51115, -0.83747, 0.01701, 0.54618, 0.80, 0.80, 0.80, 1.00, 0.98879, 0.40333
431, 128, -1.26132, 6.52469, 2.35006, -0.86684, -0.42776, 0.25588, 0.80, 0.80, 0.80, 1.00, 0.92605, 0.40659
432, 136, -1.19265, 6.50472, 2.41303, -0.67428, -0.40194, 0.6194, 0.80, 0.80, 0.80, 1.00, 0.9282, 0.41554
433, 137, -1.10349, 6.75023, 2.54036, -0.67486, -0.13147, 0.72608, 0.80, 0.80, 0.80, 1.00, 0.9888, 0.41224
434, 129, -1.15089, 6.83215, 2.51115, -0.83747, 0.01701, 0.54618, 0.80, 0.80, 0.80, 1.00, 0.98879, 0.40333
435, 74, -1.11089, 7.47134, 1.42622, -0.97405, 0.15859, 0.16132, 0.80, 0.80, 0.80, 1.00, 0.90, 0.24736
436, 76, -1.15313, 7.62833, 1.11762, -0.87653, -0.11086, -0.46815, 0.80, 0.80, 0.80, 1.00, 0.87617, 0.20965
437, 84, -1.12533, 7.37525, 1.22246, -0.74756, -0.28983, -0.59739, 0.80, 0.80, 0.80, 1.00, 0.867, 0.24465
438, 84, -1.12533, 7.37525, 1.22246, -0.74756, -0.28983, -0.59739, 0.80, 0.80, 0.80, 1.00, 0.867, 0.24465
439, 102, -1.19216, 7.02177, 1.62297, -0.98093, -0.09989, -0.16628, 0.80, 0.80, 0.80, 1.00, 0.90049, 0.31033
440, 74, -1.11089, 7.47134, 1.42622, -0.97405, 0.15859, 0.16132, 0.80, 0.80, 0.80, 1.00, 0.90, 0.24736
441, 138, -0.81335, 4.77062, 1.02132, -0.96892, 0.19792, 0.14778, 0.80, 0.80, 0.80, 1.00, 0.33113, 0.13508
442, 139, -0.66092, 4.52936, 0.64621, -0.78672, -0.26786, -0.55548, 0.80, 0.80, 0.80, 1.00, 0.25092, 0.13517
443, 140, -0.93338, 3.17203, 1.7444, -0.94701, -0.2984, -0.1182, 0.80, 0.80, 0.80, 1.00, 0.29349, 0.44726
444, 141, 0.12425, 3.12915, 1.79393, 0.93339, -0.30542, -0.1876, 0.80, 0.80, 0.80, 1.00, 0.14472, 0.4727
445, 142, 0.01209, 4.66895, 0.69907, -0.07524, -0.98617, -0.14766, 0.80, 0.80, 0.80, 1.00, 0.14033, 0.15646
446, 143, 0.20958, 4.62725, 1.08666, 0.4492, -0.14482, 0.88161, 0.80, 0.80, 0.80, 1.00, 0.10614, 0.16404
447, 144, 0.16303, 3.30221, 2.16515, 0.72183, 0.15433, 0.67391, 0.80, 0.80, 0.80, 1.00, 0.10165, 0.48498
448, 141, 0.12425, 3.12915, 1.79393, 0.93339, -0.30542, -0.1876, 0.80, 0.80, 0.80, 1.00, 0.14472, 0.4727
449, 143, 0.20958, 4.62725, 1.08666, 0.4492, -0.14482, 0.88161, 0.80, 0.80, 0.80, 1.00, 0.10614, 0.16404
450, 144, 0.16303, 3.30221, 2.16515, 0.72183, 0.15433, 0.67391, 0.80, 0.80, 0.80, 1.00, 0.10165, 0.48498
451, 143, 0.20958, 4.62725, 1.08666, 0.4492, -0.14482, 0.88161, 0.80, 0.80, 0.80, 1.00, 0.10614, 0.16404
452, 145, -0.16014, 4.88538, 1.3444, 0.24597, 0.53636, 0.80641, 0.80, 0.80, 0.80, 1.00, 0.07378, 0.15933
453, 146, -0.27089, 3.43971, 2.33485, 0.31457, 0.40186, 0.85911, 0.80, 0.80, 0.80, 1.00, 0.05031, 0.47586
454, 144, 0.16303, 3.30221, 2.16515, 0.72183, 0.15433, 0.67391, 0.80, 0.80, 0.80, 1.00, 0.10165, 0.48498
455, 145, -0.16014, 4.88538, 1.3444, 0.24597, 0.53636, 0.80641, 0.80, 0.80, 0.80, 1.00, 0.07378, 0.15933
456, 147, -0.71098, 3.52344, 2.31447, -0.86686, 0.08684, 0.49067, 0.80, 0.80, 0.80, 1.00, 0.36069, 0.45539
457, 148, -0.53089, 4.95055, 1.30614, -0.76172, 0.43465, 0.47979, 0.80, 0.80, 0.80, 1.00, 0.38772, 0.14075
458, 138, -0.81335, 4.77062, 1.02132, -0.96892, 0.19792, 0.14778, 0.80, 0.80, 0.80, 1.00, 0.33113, 0.13508
459, 140, -0.93338, 3.17203, 1.7444, -0.94701, -0.2984, -0.1182, 0.80, 0.80, 0.80, 1.00, 0.29349, 0.44726
460, 147, -0.71098, 3.52344, 2.31447, -0.86686, 0.08684, 0.49067, 0.80, 0.80, 0.80, 1.00, 0.36069, 0.45539
461, 138, -0.81335, 4.77062, 1.02132, -0.96892, 0.19792, 0.14778, 0.80, 0.80, 0.80, 1.00, 0.33113, 0.13508
462, 149, -0.71098, 3.52344, 2.31447, 0.04254, 0.56769, 0.82119, 0.80, 0.80, 0.80, 1.00, 0.00917, 0.45539
463, 145, -0.16014, 4.88538, 1.3444, 0.24597, 0.53636, 0.80641, 0.80, 0.80, 0.80, 1.00, 0.07378, 0.15933
464, 150, -0.53089, 4.95055, 1.30614, 0.01671, 0.5751, 0.81696, 0.80, 0.80, 0.80, 1.00, 0.03616, 0.14075
465, 149, -0.71098, 3.52344, 2.31447, 0.04254, 0.56769, 0.82119, 0.80, 0.80, 0.80, 1.00, 0.00917, 0.45539
466, 146, -0.27089, 3.43971, 2.33485, 0.31457, 0.40186, 0.85911, 0.80, 0.80, 0.80, 1.00, 0.05031, 0.47586
467, 145, -0.16014, 4.88538, 1.3444, 0.24597, 0.53636, 0.80641, 0.80, 0.80, 0.80, 1.00, 0.07378, 0.15933
468, 151, -0.59429, 2.97108, 1.42433, -0.51324, -0.61139, -0.60133, 0.80, 0.80, 0.80, 1.00, 0.24336, 0.44936
469, 139, -0.66092, 4.52936, 0.64621, -0.78672, -0.26786, -0.55548, 0.80, 0.80, 0.80, 1.00, 0.25092, 0.13517
470, 152, -0.46082, 4.45628, 0.5133, -0.424, -0.44505, -0.7879, 0.80, 0.80, 0.80, 1.00, 0.21674, 0.13527
471, 151, -0.59429, 2.97108, 1.42433, -0.51324, -0.61139, -0.60133, 0.80, 0.80, 0.80, 1.00, 0.24336, 0.44936
472, 140, -0.93338, 3.17203, 1.7444, -0.94701, -0.2984, -0.1182, 0.80, 0.80, 0.80, 1.00, 0.29349, 0.44726
473, 139, -0.66092, 4.52936, 0.64621, -0.78672, -0.26786, -0.55548, 0.80, 0.80, 0.80, 1.00, 0.25092, 0.13517
474, 141, 0.12425, 3.12915, 1.79393, 0.93339, -0.30542, -0.1876, 0.80, 0.80, 0.80, 1.00, 0.14472, 0.4727
475, 153, -0.21057, 4.78691, 0.26207, -0.45399, -0.00437, -0.891, 0.80, 0.80, 0.80, 1.00, 0.18641, 0.13501
476, 142, 0.01209, 4.66895, 0.69907, -0.07524, -0.98617, -0.14766, 0.80, 0.80, 0.80, 1.00, 0.14033, 0.15646
477, 141, 0.12425, 3.12915, 1.79393, 0.93339, -0.30542, -0.1876, 0.80, 0.80, 0.80, 1.00, 0.14472, 0.4727
478, 154, -0.19732, 2.91993, 1.29452, 0.30724, -0.68878, -0.65556, 0.80, 0.80, 0.80, 1.00, 0.2056, 0.44908
479, 153, -0.21057, 4.78691, 0.26207, -0.45399, -0.00437, -0.891, 0.80, 0.80, 0.80, 1.00, 0.18641, 0.13501
480, 154, -0.19732, 2.91993, 1.29452, 0.30724, -0.68878, -0.65556, 0.80, 0.80, 0.80, 1.00, 0.2056, 0.44908
481, 152, -0.46082, 4.45628, 0.5133, -0.424, -0.44505, -0.7879, 0.80, 0.80, 0.80, 1.00, 0.21674, 0.13527
482, 153, -0.21057, 4.78691, 0.26207, -0.45399, -0.00437, -0.891, 0.80, 0.80, 0.80, 1.00, 0.18641, 0.13501
483, 154, -0.19732, 2.91993, 1.29452, 0.30724, -0.68878, -0.65556, 0.80, 0.80, 0.80, 1.00, 0.2056, 0.44908
484, 151, -0.59429, 2.97108, 1.42433, -0.51324, -0.61139, -0.60133, 0.80, 0.80, 0.80, 1.00, 0.24336, 0.44936
485, 152, -0.46082, 4.45628, 0.5133, -0.424, -0.44505, -0.7879, 0.80, 0.80, 0.80, 1.00, 0.21674, 0.13527
486, 155, -0.02146, 2.83402, 2.28118, 0.78547, -0.53258, 0.31377, 0.80, 0.80, 0.80, 1.00, 0.10182, 0.55266
487, 141, 0.12425, 3.12915, 1.79393, 0.93339, -0.30542, -0.1876, 0.80, 0.80, 0.80, 1.00, 0.14472, 0.4727
488, 144, 0.16303, 3.30221, 2.16515, 0.72183, 0.15433, 0.67391, 0.80, 0.80, 0.80, 1.00, 0.10165, 0.48498
489, 155, -0.02146, 2.83402, 2.28118, 0.78547, -0.53258, 0.31377, 0.80, 0.80, 0.80, 1.00, 0.10182, 0.55266
490, 156, -0.07088, 2.81582, 1.94118, 0.74789, -0.57681, -0.32732, 0.80, 0.80, 0.80, 1.00, 0.16244, 0.5428
491, 141, 0.12425, 3.12915, 1.79393, 0.93339, -0.30542, -0.1876, 0.80, 0.80, 0.80, 1.00, 0.14472, 0.4727
492, 157, -0.27164, 2.92093, 2.39346, 0.31876, -0.26694, 0.90862, 0.80, 0.80, 0.80, 1.00, 0.05249, 0.54608
493, 144, 0.16303, 3.30221, 2.16515, 0.72183, 0.15433, 0.67391, 0.80, 0.80, 0.80, 1.00, 0.10165, 0.48498
494, 146, -0.27089, 3.43971, 2.33485, 0.31457, 0.40186, 0.85911, 0.80, 0.80, 0.80, 1.00, 0.05031, 0.47586
495, 157, -0.27164, 2.92093, 2.39346, 0.31876, -0.26694, 0.90862, 0.80, 0.80, 0.80, 1.00, 0.05249, 0.54608
496, 155, -0.02146, 2.83402, 2.28118, 0.78547, -0.53258, 0.31377, 0.80, 0.80, 0.80, 1.00, 0.10182, 0.55266
497, 144, 0.16303, 3.30221, 2.16515, 0.72183, 0.15433, 0.67391, 0.80, 0.80, 0.80, 1.00, 0.10165, 0.48498
498, 158, -0.73414, 3.00931, 2.09055, -0.92436, -0.31617, 0.21342, 0.80, 0.80, 0.80, 1.00, 0.3103, 0.52581
499, 147, -0.71098, 3.52344, 2.31447, -0.86686, 0.08684, 0.49067, 0.80, 0.80, 0.80, 1.00, 0.36069, 0.45539
500, 140, -0.93338, 3.17203, 1.7444, -0.94701, -0.2984, -0.1182, 0.80, 0.80, 0.80, 1.00, 0.29349, 0.44726
501, 158, -0.73414, 3.00931, 2.09055, -0.92436, -0.31617, 0.21342, 0.80, 0.80, 0.80, 1.00, 0.3103, 0.52581
502, 159, -0.51971, 3.02584, 2.3842, -0.75302, -0.33195, 0.56782, 0.80, 0.80, 0.80, 1.00, 0.36257, 0.53132
503, 147, -0.71098, 3.52344, 2.31447, -0.86686, 0.08684, 0.49067, 0.80, 0.80, 0.80, 1.00, 0.36069, 0.45539
504, 160, -0.51971, 3.02584, 2.3842, -0.12065, -0.24264, 0.96186, 0.80, 0.80, 0.80, 1.00, 0.0111, 0.53132
505, 161, -0.27089, 3.43971, 2.33485, -0.04256, 0.10819, 0.99246, 0.80, 0.80, 0.80, 1.00, 0.05039, 0.47586
506, 162, -0.71098, 3.52344, 2.31447, -0.0276, 0.09829, 0.99402, 0.80, 0.80, 0.80, 1.00, 0.00918, 0.45539
507, 160, -0.51971, 3.02584, 2.3842, -0.12065, -0.24264, 0.96186, 0.80, 0.80, 0.80, 1.00, 0.0111, 0.53132
508, 163, -0.27164, 2.92093, 2.39346, -0.1339, -0.23051, 0.96309, 0.80, 0.80, 0.80, 1.00, 0.05258, 0.54608
509, 161, -0.27089, 3.43971, 2.33485, -0.04256, 0.10819, 0.99246, 0.80, 0.80, 0.80, 1.00, 0.05039, 0.47586
510, 164, -0.56566, 2.91498, 1.75579, -0.66947, -0.47653, -0.56902, 0.80, 0.80, 0.80, 1.00, 0.25611, 0.52596
511, 140, -0.93338, 3.17203, 1.7444, -0.94701, -0.2984, -0.1182, 0.80, 0.80, 0.80, 1.00, 0.29349, 0.44726
512, 151, -0.59429, 2.97108, 1.42433, -0.51324, -0.61139, -0.60133, 0.80, 0.80, 0.80, 1.00, 0.24336, 0.44936
513, 164, -0.56566, 2.91498, 1.75579, -0.66947, -0.47653, -0.56902, 0.80, 0.80, 0.80, 1.00, 0.25611, 0.52596
514, 158, -0.73414, 3.00931, 2.09055, -0.92436, -0.31617, 0.21342, 0.80, 0.80, 0.80, 1.00, 0.3103, 0.52581
515, 140, -0.93338, 3.17203, 1.7444, -0.94701, -0.2984, -0.1182, 0.80, 0.80, 0.80, 1.00, 0.29349, 0.44726
516, 156, -0.07088, 2.81582, 1.94118, 0.74789, -0.57681, -0.32732, 0.80, 0.80, 0.80, 1.00, 0.16244, 0.5428
517, 154, -0.19732, 2.91993, 1.29452, 0.30724, -0.68878, -0.65556, 0.80, 0.80, 0.80, 1.00, 0.2056, 0.44908
518, 141, 0.12425, 3.12915, 1.79393, 0.93339, -0.30542, -0.1876, 0.80, 0.80, 0.80, 1.00, 0.14472, 0.4727
519, 156, -0.07088, 2.81582, 1.94118, 0.74789, -0.57681, -0.32732, 0.80, 0.80, 0.80, 1.00, 0.16244, 0.5428
520, 165, -0.23118, 2.85988, 1.64926, 0.00015, -0.65155, -0.75758, 0.80, 0.80, 0.80, 1.00, 0.20809, 0.52575
521, 154, -0.19732, 2.91993, 1.29452, 0.30724, -0.68878, -0.65556, 0.80, 0.80, 0.80, 1.00, 0.2056, 0.44908
522, 165, -0.23118, 2.85988, 1.64926, 0.00015, -0.65155, -0.75758, 0.80, 0.80, 0.80, 1.00, 0.20809, 0.52575
523, 151, -0.59429, 2.97108, 1.42433, -0.51324, -0.61139, -0.60133, 0.80, 0.80, 0.80, 1.00, 0.24336, 0.44936
524, 154, -0.19732, 2.91993, 1.29452, 0.30724, -0.68878, -0.65556, 0.80, 0.80, 0.80, 1.00, 0.2056, 0.44908
525, 165, -0.23118, 2.85988, 1.64926, 0.00015, -0.65155, -0.75758, 0.80, 0.80, 0.80, 1.00, 0.20809, 0.52575
526, 164, -0.56566, 2.91498, 1.75579, -0.66947, -0.47653, -0.56902, 0.80, 0.80, 0.80, 1.00, 0.25611, 0.52596
527, 151, -0.59429, 2.97108, 1.42433, -0.51324, -0.61139, -0.60133, 0.80, 0.80, 0.80, 1.00, 0.24336, 0.44936
528, 166, -0.15243, 2.18617, 2.20953, 0.97001, -0.21206, -0.11788, 0.80, 0.80, 0.80, 1.00, 0.91128, 0.48716
529, 167, -0.07088, 2.81582, 1.94118, 0.95739, -0.14815, -0.2476, 0.80, 0.80, 0.80, 1.00, 0.89725, 0.42902
530, 168, -0.02146, 2.83402, 2.28118, 0.97434, -0.18189, -0.13192, 0.80, 0.80, 0.80, 1.00, 0.92246, 0.43041
531, 166, -0.15243, 2.18617, 2.20953, 0.97001, -0.21206, -0.11788, 0.80, 0.80, 0.80, 1.00, 0.91128, 0.48716
532, 169, -0.19096, 2.20671, 1.83062, 0.91612, -0.21528, -0.33782, 0.80, 0.80, 0.80, 1.00, 0.87231, 0.47948
533, 167, -0.07088, 2.81582, 1.94118, 0.95739, -0.14815, -0.2476, 0.80, 0.80, 0.80, 1.00, 0.89725, 0.42902
534, 170, -0.44508, 2.36981, 2.37517, 0.09844, -0.0537, 0.99291, 0.80, 0.80, 0.80, 1.00, 0.96337, 0.47594
535, 171, -0.02146, 2.83402, 2.28118, 0.37988, -0.16212, 0.90989, 0.80, 0.80, 0.80, 1.00, 0.92343, 0.43706
536, 172, -0.27164, 2.92093, 2.39346, 0.1625, -0.08375, 0.98235, 0.80, 0.80, 0.80, 1.00, 0.95569, 0.4343
537, 170, -0.44508, 2.36981, 2.37517, 0.09844, -0.0537, 0.99291, 0.80, 0.80, 0.80, 1.00, 0.96337, 0.47594
538, 173, -0.15243, 2.18617, 2.20953, 0.43933, -0.10022, 0.8919, 0.80, 0.80, 0.80, 1.00, 0.92291, 0.48464
539, 171, -0.02146, 2.83402, 2.28118, 0.37988, -0.16212, 0.90989, 0.80, 0.80, 0.80, 1.00, 0.92343, 0.43706
540, 174, -0.79322, 2.37548, 2.31826, -0.85592, 0.14703, 0.49545, 0.80, 0.80, 0.80, 1.00, 0.73448, 0.47956
541, 175, -0.51971, 3.02584, 2.3842, -0.78434, 0.27272, 0.55671, 0.80, 0.80, 0.80, 1.00, 0.71594, 0.42934
542, 176, -0.73414, 3.00931, 2.09055, -0.94352, 0.32683, 0.05095, 0.80, 0.80, 0.80, 1.00, 0.74168, 0.42874
543, 177, -0.93562, 2.3346, 2.07804, -0.99486, 0.09827, -0.02102, 0.80, 0.80, 0.80, 1.00, 0.76451, 0.47946
544, 174, -0.79322, 2.37548, 2.31826, -0.85592, 0.14703, 0.49545, 0.80, 0.80, 0.80, 1.00, 0.73448, 0.47956
545, 176, -0.73414, 3.00931, 2.09055, -0.94352, 0.32683, 0.05095, 0.80, 0.80, 0.80, 1.00, 0.74168, 0.42874
546, 170, -0.44508, 2.36981, 2.37517, 0.09844, -0.0537, 0.99291, 0.80, 0.80, 0.80, 1.00, 0.96337, 0.47594
547, 172, -0.27164, 2.92093, 2.39346, 0.1625, -0.08375, 0.98235, 0.80, 0.80, 0.80, 1.00, 0.95569, 0.4343
548, 178, -0.51971, 3.02584, 2.3842, -0.10403, -0.02552, 0.99352, 0.80, 0.80, 0.80, 1.00, 0.98763, 0.43219
549, 179, -0.79322, 2.37548, 2.31826, -0.16168, 0.0013, 0.98614, 0.80, 0.80, 0.80, 1.00, 0.99852, 0.47698
550, 170, -0.44508, 2.36981, 2.37517, 0.09844, -0.0537, 0.99291, 0.80, 0.80, 0.80, 1.00, 0.96337, 0.47594
551, 178, -0.51971, 3.02584, 2.3842, -0.10403, -0.02552, 0.99352, 0.80, 0.80, 0.80, 1.00, 0.98763, 0.43219
552, 180, -0.79404, 2.22437, 1.61874, -0.60807, 0.06116, -0.79073, 0.80, 0.80, 0.80, 1.00, 0.81, 0.47876
553, 176, -0.73414, 3.00931, 2.09055, -0.94352, 0.32683, 0.05095, 0.80, 0.80, 0.80, 1.00, 0.74168, 0.42874
554, 181, -0.56566, 2.91498, 1.75579, -0.39843, 0.25077, -0.8814, 0.80, 0.80, 0.80, 1.00, 0.80834, 0.42881
555, 180, -0.79404, 2.22437, 1.61874, -0.60807, 0.06116, -0.79073, 0.80, 0.80, 0.80, 1.00, 0.81, 0.47876
556, 177, -0.93562, 2.3346, 2.07804, -0.99486, 0.09827, -0.02102, 0.80, 0.80, 0.80, 1.00, 0.76451, 0.47946
557, 176, -0.73414, 3.00931, 2.09055, -0.94352, 0.32683, 0.05095, 0.80, 0.80, 0.80, 1.00, 0.74168, 0.42874
558, 169, -0.19096, 2.20671, 1.83062, 0.91612, -0.21528, -0.33782, 0.80, 0.80, 0.80, 1.00, 0.87231, 0.47948
559, 182, -0.23118, 2.85988, 1.64926, 0.56875, -0.02614, -0.8216, 0.80, 0.80, 0.80, 1.00, 0.86247, 0.42872
560, 167, -0.07088, 2.81582, 1.94118, 0.95739, -0.14815, -0.2476, 0.80, 0.80, 0.80, 1.00, 0.89725, 0.42902
561, 169, -0.19096, 2.20671, 1.83062, 0.91612, -0.21528, -0.33782, 0.80, 0.80, 0.80, 1.00, 0.87231, 0.47948
562, 183, -0.3645, 2.16714, 1.59532, 0.40903, -0.12874, -0.90278, 0.80, 0.80, 0.80, 1.00, 0.84635, 0.47958
563, 182, -0.23118, 2.85988, 1.64926, 0.56875, -0.02614, -0.8216, 0.80, 0.80, 0.80, 1.00, 0.86247, 0.42872
564, 183, -0.3645, 2.16714, 1.59532, 0.40903, -0.12874, -0.90278, 0.80, 0.80, 0.80, 1.00, 0.84635, 0.47958
565, 181, -0.56566, 2.91498, 1.75579, -0.39843, 0.25077, -0.8814, 0.80, 0.80, 0.80, 1.00, 0.80834, 0.42881
566, 182, -0.23118, 2.85988, 1.64926, 0.56875, -0.02614, -0.8216, 0.80, 0.80, 0.80, 1.00, 0.86247, 0.42872
567, 183, -0.3645, 2.16714, 1.59532, 0.40903, -0.12874, -0.90278, 0.80, 0.80, 0.80, 1.00, 0.84635, 0.47958
568, 180, -0.79404, 2.22437, 1.61874, -0.60807, 0.06116, -0.79073, 0.80, 0.80, 0.80, 1.00, 0.81, 0.47876
569, 181, -0.56566, 2.91498, 1.75579, -0.39843, 0.25077, -0.8814, 0.80, 0.80, 0.80, 1.00, 0.80834, 0.42881
570, 184, -0.6145, 0.55312, 2.33593, 0.91748, -0.36296, -0.16143, 0.80, 0.80, 0.80, 1.00, 0.90361, 0.60723
571, 169, -0.19096, 2.20671, 1.83062, 0.91612, -0.21528, -0.33782, 0.80, 0.80, 0.80, 1.00, 0.87231, 0.47948
572, 166, -0.15243, 2.18617, 2.20953, 0.97001, -0.21206, -0.11788, 0.80, 0.80, 0.80, 1.00, 0.91128, 0.48716
573, 184, -0.6145, 0.55312, 2.33593, 0.91748, -0.36296, -0.16143, 0.80, 0.80, 0.80, 1.00, 0.90361, 0.60723
574, 185, -0.63547, 0.60395, 2.13026, 0.83863, -0.34358, -0.4221, 0.80, 0.80, 0.80, 1.00, 0.86396, 0.60688
575, 169, -0.19096, 2.20671, 1.83062, 0.91612, -0.21528, -0.33782, 0.80, 0.80, 0.80, 1.00, 0.87231, 0.47948
576, 186, -0.71954, 0.59967, 2.39895, 0.22721, -0.18178, 0.95585, 0.80, 0.80, 0.80, 1.00, 0.95139, 0.60668
577, 173, -0.15243, 2.18617, 2.20953, 0.43933, -0.10022, 0.8919, 0.80, 0.80, 0.80, 1.00, 0.92291, 0.48464
578, 170, -0.44508, 2.36981, 2.37517, 0.09844, -0.0537, 0.99291, 0.80, 0.80, 0.80, 1.00, 0.96337, 0.47594
579, 186, -0.71954, 0.59967, 2.39895, 0.22721, -0.18178, 0.95585, 0.80, 0.80, 0.80, 1.00, 0.95139, 0.60668
580, 187, -0.6145, 0.55312, 2.33593, 0.42659, -0.22332, 0.87551, 0.80, 0.80, 0.80, 1.00, 0.92935, 0.60822
581, 173, -0.15243, 2.18617, 2.20953, 0.43933, -0.10022, 0.8919, 0.80, 0.80, 0.80, 1.00, 0.92291, 0.48464
582, 188, -0.90603, 0.66688, 2.22382, -0.98076, 0.08273, 0.17647, 0.80, 0.80, 0.80, 1.00, 0.76975, 0.60446
583, 174, -0.79322, 2.37548, 2.31826, -0.85592, 0.14703, 0.49545, 0.80, 0.80, 0.80, 1.00, 0.73448, 0.47956
584, 177, -0.93562, 2.3346, 2.07804, -0.99486, 0.09827, -0.02102, 0.80, 0.80, 0.80, 1.00, 0.76451, 0.47946
585, 188, -0.90603, 0.66688, 2.22382, -0.98076, 0.08273, 0.17647, 0.80, 0.80, 0.80, 1.00, 0.76975, 0.60446
586, 189, -0.83127, 0.66567, 2.37938, -0.89895, 0.0699, 0.43223, 0.80, 0.80, 0.80, 1.00, 0.74022, 0.60392
587, 174, -0.79322, 2.37548, 2.31826, -0.85592, 0.14703, 0.49545, 0.80, 0.80, 0.80, 1.00, 0.73448, 0.47956
588, 190, -0.83127, 0.66567, 2.37938, -0.19603, -0.07421, 0.97706, 0.80, 0.80, 0.80, 1.00, 0.97059, 0.60313
589, 170, -0.44508, 2.36981, 2.37517, 0.09844, -0.0537, 0.99291, 0.80, 0.80, 0.80, 1.00, 0.96337, 0.47594
590, 179, -0.79322, 2.37548, 2.31826, -0.16168, 0.0013, 0.98614, 0.80, 0.80, 0.80, 1.00, 0.99852, 0.47698
591, 190, -0.83127, 0.66567, 2.37938, -0.19603, -0.07421, 0.97706, 0.80, 0.80, 0.80, 1.00, 0.97059, 0.60313
592, 186, -0.71954, 0.59967, 2.39895, 0.22721, -0.18178, 0.95585, 0.80, 0.80, 0.80, 1.00, 0.95139, 0.60668
593, 170, -0.44508, 2.36981, 2.37517, 0.09844, -0.0537, 0.99291, 0.80, 0.80, 0.80, 1.00, 0.96337, 0.47594
594, 191, -0.81626, 0.63779, 2.04126, -0.78437, 0.03822, -0.61828, 0.80, 0.80, 0.80, 1.00, 0.80086, 0.60553
595, 177, -0.93562, 2.3346, 2.07804, -0.99486, 0.09827, -0.02102, 0.80, 0.80, 0.80, 1.00, 0.76451, 0.47946
596, 180, -0.79404, 2.22437, 1.61874, -0.60807, 0.06116, -0.79073, 0.80, 0.80, 0.80, 1.00, 0.81, 0.47876
597, 191, -0.81626, 0.63779, 2.04126, -0.78437, 0.03822, -0.61828, 0.80, 0.80, 0.80, 1.00, 0.80086, 0.60553
598, 188, -0.90603, 0.66688, 2.22382, -0.98076, 0.08273, 0.17647, 0.80, 0.80, 0.80, 1.00, 0.76975, 0.60446
599, 177, -0.93562, 2.3346, 2.07804, -0.99486, 0.09827, -0.02102, 0.80, 0.80, 0.80, 1.00, 0.76451, 0.47946
600, 185, -0.63547, 0.60395, 2.13026, 0.83863, -0.34358, -0.4221, 0.80, 0.80, 0.80, 1.00, 0.86396, 0.60688
601, 183, -0.3645, 2.16714, 1.59532, 0.40903, -0.12874, -0.90278, 0.80, 0.80, 0.80, 1.00, 0.84635, 0.47958
602, 169, -0.19096, 2.20671, 1.83062, 0.91612, -0.21528, -0.33782, 0.80, 0.80, 0.80, 1.00, 0.87231, 0.47948
603, 185, -0.63547, 0.60395, 2.13026, 0.83863, -0.34358, -0.4221, 0.80, 0.80, 0.80, 1.00, 0.86396, 0.60688
604, 192, -0.70888, 0.61386, 2.00801, 0.16, -0.19632, -0.96663, 0.80, 0.80, 0.80, 1.00, 0.8338, 0.60579
605, 183, -0.3645, 2.16714, 1.59532, 0.40903, -0.12874, -0.90278, 0.80, 0.80, 0.80, 1.00, 0.84635, 0.47958
606, 192, -0.70888, 0.61386, 2.00801, 0.16, -0.19632, -0.96663, 0.80, 0.80, 0.80, 1.00, 0.8338, 0.60579
607, 180, -0.79404, 2.22437, 1.61874, -0.60807, 0.06116, -0.79073, 0.80, 0.80, 0.80, 1.00, 0.81, 0.47876
608, 183, -0.3645, 2.16714, 1.59532, 0.40903, -0.12874, -0.90278, 0.80, 0.80, 0.80, 1.00, 0.84635, 0.47958
609, 192, -0.70888, 0.61386, 2.00801, 0.16, -0.19632, -0.96663, 0.80, 0.80, 0.80, 1.00, 0.8338, 0.60579
610, 191, -0.81626, 0.63779, 2.04126, -0.78437, 0.03822, -0.61828, 0.80, 0.80, 0.80, 1.00, 0.80086, 0.60553
611, 180, -0.79404, 2.22437, 1.61874, -0.60807, 0.06116, -0.79073, 0.80, 0.80, 0.80, 1.00, 0.81, 0.47876
612, 193, -0.40556, 0.09732, 3.02218, -0.20411, -0.97524, 0.07585, 0.80, 0.80, 0.80, 1.00, 0.47813, 0.44864
613, 194, -0.4132, 0.10822, 3.22097, -0.2214, -0.97339, 0.04496, 0.80, 0.80, 0.80, 1.00, 0.46676, 0.42347
614, 195, -0.78688, 0.19393, 3.24127, -0.20846, -0.97489, 0.06813, 0.80, 0.80, 0.80, 1.00, 0.40971, 0.43767
615, 193, -0.40556, 0.09732, 3.02218, -0.20411, -0.97524, 0.07585, 0.80, 0.80, 0.80, 1.00, 0.47813, 0.44864
616, 195, -0.78688, 0.19393, 3.24127, -0.20846, -0.97489, 0.06813, 0.80, 0.80, 0.80, 1.00, 0.40971, 0.43767
617, 196, -0.8886, 0.20959, 3.19151, -0.19537, -0.97571, 0.09125, 0.80, 0.80, 0.80, 1.00, 0.3972, 0.44864
618, 193, -0.40556, 0.09732, 3.02218, -0.20411, -0.97524, 0.07585, 0.80, 0.80, 0.80, 1.00, 0.47813, 0.44864
619, 196, -0.8886, 0.20959, 3.19151, -0.19537, -0.97571, 0.09125, 0.80, 0.80, 0.80, 1.00, 0.3972, 0.44864
620, 197, -0.47011, 0.09182, 2.82528, -0.19531, -0.97569, 0.09157, 0.80, 0.80, 0.80, 1.00, 0.47895, 0.49995
621, 196, -0.8886, 0.20959, 3.19151, -0.19537, -0.97571, 0.09125, 0.80, 0.80, 0.80, 1.00, 0.3972, 0.44864
622, 198, -0.9909, 0.20317, 2.90413, -0.19519, -0.97568, 0.09192, 0.80, 0.80, 0.80, 1.00, 0.3972, 0.51328
623, 197, -0.47011, 0.09182, 2.82528, -0.19531, -0.97569, 0.09157, 0.80, 0.80, 0.80, 1.00, 0.47895, 0.49995
624, 198, -0.9909, 0.20317, 2.90413, -0.19519, -0.97568, 0.09192, 0.80, 0.80, 0.80, 1.00, 0.3972, 0.51328
625, 199, -0.76346, 0.07773, 2.05625, -0.19519, -0.97568, 0.09192, 0.80, 0.80, 0.80, 1.00, 0.47606, 0.58889
626, 197, -0.47011, 0.09182, 2.82528, -0.19531, -0.97569, 0.09157, 0.80, 0.80, 0.80, 1.00, 0.47895, 0.49995
627, 199, -0.76346, 0.07773, 2.05625, -0.19519, -0.97568, 0.09192, 0.80, 0.80, 0.80, 1.00, 0.47606, 0.58889
628, 198, -0.9909, 0.20317, 2.90413, -0.19519, -0.97568, 0.09192, 0.80, 0.80, 0.80, 1.00, 0.3972, 0.51328
629, 200, -1.14202, 0.16572, 2.18896, -0.19524, -0.9757, 0.09159, 0.80, 0.80, 0.80, 1.00, 0.41264, 0.58889
630, 200, -1.14202, 0.16572, 2.18896, -0.19524, -0.9757, 0.09159, 0.80, 0.80, 0.80, 1.00, 0.41264, 0.58889
631, 201, -0.91594, 0.10165, 1.98632, -0.19537, -0.97571, 0.09125, 0.80, 0.80, 0.80, 1.00, 0.45706, 0.60475
632, 199, -0.76346, 0.07773, 2.05625, -0.19519, -0.97568, 0.09192, 0.80, 0.80, 0.80, 1.00, 0.47606, 0.58889
633, 200, -1.14202, 0.16572, 2.18896, -0.19524, -0.9757, 0.09159, 0.80, 0.80, 0.80, 1.00, 0.41264, 0.58889
634, 202, -1.09425, 0.14309, 2.04883, -0.19537, -0.97571, 0.09125, 0.80, 0.80, 0.80, 1.00, 0.42718, 0.60475
635, 201, -0.91594, 0.10165, 1.98632, -0.19537, -0.97571, 0.09125, 0.80, 0.80, 0.80, 1.00, 0.45706, 0.60475
636, 203, -0.55629, 0.43232, 2.46369, 0.98254, 0.0664, -0.17366, 0.80, 0.80, 0.80, 1.00, 0.613, 0.50877
637, 204, -0.63547, 0.60395, 2.13026, 0.9458, 0.24417, -0.21397, 0.80, 0.80, 0.80, 1.00, 0.66336, 0.47671
638, 205, -0.6145, 0.55312, 2.33593, 0.89203, 0.45121, 0.02036, 0.80, 0.80, 0.80, 1.00, 0.63352, 0.488
639, 203, -0.55629, 0.43232, 2.46369, 0.98254, 0.0664, -0.17366, 0.80, 0.80, 0.80, 1.00, 0.613, 0.50877
640, 206, -0.60353, 0.47887, 2.17266, 0.92108, -0.05542, -0.38522, 0.80, 0.80, 0.80, 1.00, 0.65619, 0.49774
641, 204, -0.63547, 0.60395, 2.13026, 0.9458, 0.24417, -0.21397, 0.80, 0.80, 0.80, 1.00, 0.66336, 0.47671
642, 207, -0.70726, 0.49059, 2.55471, 0.42694, 0.84069, 0.33109, 0.80, 0.80, 0.80, 1.00, 0.60121, 0.46273
643, 208, -0.6145, 0.55312, 2.33593, 0.55607, 0.70612, 0.43702, 0.80, 0.80, 0.80, 1.00, 0.6264, 0.43644
644, 209, -0.71954, 0.59967, 2.39895, 0.39625, 0.75021, 0.52795, 0.80, 0.80, 0.80, 1.00, 0.62276, 0.45986
645, 207, -0.70726, 0.49059, 2.55471, 0.42694, 0.84069, 0.33109, 0.80, 0.80, 0.80, 1.00, 0.60121, 0.46273
646, 210, -0.55629, 0.43232, 2.46369, 0.48961, 0.82395, 0.28315, 0.80, 0.80, 0.80, 1.00, 0.60648, 0.4294
647, 208, -0.6145, 0.55312, 2.33593, 0.55607, 0.70612, 0.43702, 0.80, 0.80, 0.80, 1.00, 0.6264, 0.43644
648, 211, -0.9774, 0.56575, 2.30185, -0.81363, 0.58062, 0.00418, 0.80, 0.80, 0.80, 1.00, 0.65226, 0.50274
649, 212, -0.83127, 0.66567, 2.37938, -0.64365, 0.6981, 0.31186, 0.80, 0.80, 0.80, 1.00, 0.63415, 0.48306
650, 213, -0.90603, 0.66688, 2.22382, -0.85968, 0.46293, -0.21404, 0.80, 0.80, 0.80, 1.00, 0.65918, 0.48292
651, 211, -0.9774, 0.56575, 2.30185, -0.81363, 0.58062, 0.00418, 0.80, 0.80, 0.80, 1.00, 0.65226, 0.50274
652, 214, -0.87027, 0.56461, 2.52733, -0.65571, 0.68665, 0.3122, 0.80, 0.80, 0.80, 1.00, 0.61603, 0.50288
653, 212, -0.83127, 0.66567, 2.37938, -0.64365, 0.6981, 0.31186, 0.80, 0.80, 0.80, 1.00, 0.63415, 0.48306
654, 215, -0.87027, 0.56461, 2.52733, 0.33233, 0.8264, 0.45292, 0.80, 0.80, 0.80, 1.00, 0.61265, 0.49168
655, 209, -0.71954, 0.59967, 2.39895, 0.39625, 0.75021, 0.52795, 0.80, 0.80, 0.80, 1.00, 0.62276, 0.45986
656, 216, -0.83127, 0.66567, 2.37938, 0.33163, 0.73551, 0.58952, 0.80, 0.80, 0.80, 1.00, 0.63066, 0.48026
657, 215, -0.87027, 0.56461, 2.52733, 0.33233, 0.8264, 0.45292, 0.80, 0.80, 0.80, 1.00, 0.61265, 0.49168
658, 207, -0.70726, 0.49059, 2.55471, 0.42694, 0.84069, 0.33109, 0.80, 0.80, 0.80, 1.00, 0.60121, 0.46273
659, 209, -0.71954, 0.59967, 2.39895, 0.39625, 0.75021, 0.52795, 0.80, 0.80, 0.80, 1.00, 0.62276, 0.45986
660, 217, -0.85694, 0.52318, 2.04104, -0.80603, 0.39071, -0.44344, 0.80, 0.80, 0.80, 1.00, 0.68234, 0.5018
661, 213, -0.90603, 0.66688, 2.22382, -0.85968, 0.46293, -0.21404, 0.80, 0.80, 0.80, 1.00, 0.65918, 0.48292
662, 218, -0.81626, 0.63779, 2.04126, -0.83702, 0.29743, -0.45826, 0.80, 0.80, 0.80, 1.00, 0.67997, 0.48197
663, 217, -0.85694, 0.52318, 2.04104, -0.80603, 0.39071, -0.44344, 0.80, 0.80, 0.80, 1.00, 0.68234, 0.5018
664, 211, -0.9774, 0.56575, 2.30185, -0.81363, 0.58062, 0.00418, 0.80, 0.80, 0.80, 1.00, 0.65226, 0.50274
665, 213, -0.90603, 0.66688, 2.22382, -0.85968, 0.46293, -0.21404, 0.80, 0.80, 0.80, 1.00, 0.65918, 0.48292
666, 206, -0.60353, 0.47887, 2.17266, 0.92108, -0.05542, -0.38522, 0.80, 0.80, 0.80, 1.00, 0.65619, 0.49774
667, 219, -0.70888, 0.61386, 2.00801, 0.8595, 0.05001, -0.50847, 0.80, 0.80, 0.80, 1.00, 0.68422, 0.47557
668, 204, -0.63547, 0.60395, 2.13026, 0.9458, 0.24417, -0.21397, 0.80, 0.80, 0.80, 1.00, 0.66336, 0.47671
669, 206, -0.60353, 0.47887, 2.17266, 0.92108, -0.05542, -0.38522, 0.80, 0.80, 0.80, 1.00, 0.65619, 0.49774
670, 220, -0.70852, 0.48989, 1.99537, 0.8557, -0.07905, -0.51113, 0.80, 0.80, 0.80, 1.00, 0.68637, 0.49661
671, 219, -0.70888, 0.61386, 2.00801, 0.8595, 0.05001, -0.50847, 0.80, 0.80, 0.80, 1.00, 0.68422, 0.47557
672, 221, -0.70852, 0.48989, 1.99537, -0.09442, 0.0524, -0.99332, 0.80, 0.80, 0.80, 1.00, 0.70022, 0.49868
673, 222, -0.81626, 0.63779, 2.04126, -0.27336, 0.09756, -0.95608, 0.80, 0.80, 0.80, 1.00, 0.72368, 0.47984
674, 223, -0.70888, 0.61386, 2.00801, -0.2745, 0.09666, -0.95584, 0.80, 0.80, 0.80, 1.00, 0.70521, 0.47975
675, 221, -0.70852, 0.48989, 1.99537, -0.09442, 0.0524, -0.99332, 0.80, 0.80, 0.80, 1.00, 0.70022, 0.49868
676, 224, -0.85694, 0.52318, 2.04104, -0.25777, 0.20207, -0.94395, 0.80, 0.80, 0.80, 1.00, 0.72573, 0.49878
677, 222, -0.81626, 0.63779, 2.04126, -0.27336, 0.09756, -0.95608, 0.80, 0.80, 0.80, 1.00, 0.72368, 0.47984
678, 225, -0.4132, 0.10822, 3.22097, 0.99188, -0.12222, 0.03158, 0.80, 0.80, 0.80, 1.00, 0.50024, 0.57157
679, 226, -0.39519, 0.20053, 3.01619, 0.98969, 0.05046, -0.13386, 0.80, 0.80, 0.80, 1.00, 0.52788, 0.55185
680, 227, -0.39148, 0.25329, 3.21952, 0.9914, 0.12077, -0.04967, 0.80, 0.80, 0.80, 1.00, 0.4989, 0.54593
681, 225, -0.4132, 0.10822, 3.22097, 0.99188, -0.12222, 0.03158, 0.80, 0.80, 0.80, 1.00, 0.50024, 0.57157
682, 228, -0.40556, 0.09732, 3.02218, 0.97518, -0.11178, -0.19078, 0.80, 0.80, 0.80, 1.00, 0.52788, 0.57
683, 226, -0.39519, 0.20053, 3.01619, 0.98969, 0.05046, -0.13386, 0.80, 0.80, 0.80, 1.00, 0.52788, 0.55185
684, 226, -0.39519, 0.20053, 3.01619, 0.98969, 0.05046, -0.13386, 0.80, 0.80, 0.80, 1.00, 0.52788, 0.55185
685, 228, -0.40556, 0.09732, 3.02218, 0.97518, -0.11178, -0.19078, 0.80, 0.80, 0.80, 1.00, 0.52788, 0.57
686, 229, -0.4552, 0.20289, 2.82701, 0.95442, -0.01887, -0.29772, 0.80, 0.80, 0.80, 1.00, 0.58286, 0.55047
687, 229, -0.4552, 0.20289, 2.82701, 0.95442, -0.01887, -0.29772, 0.80, 0.80, 0.80, 1.00, 0.58286, 0.55047
688, 228, -0.40556, 0.09732, 3.02218, 0.97518, -0.11178, -0.19078, 0.80, 0.80, 0.80, 1.00, 0.52788, 0.57
689, 230, -0.47011, 0.09182, 2.82528, 0.93324, -0.13056, -0.33442, 0.80, 0.80, 0.80, 1.00, 0.5842, 0.57
690, 229, -0.4552, 0.20289, 2.82701, 0.95442, -0.01887, -0.29772, 0.80, 0.80, 0.80, 1.00, 0.58286, 0.55047
691, 230, -0.47011, 0.09182, 2.82528, 0.93324, -0.13056, -0.33442, 0.80, 0.80, 0.80, 1.00, 0.5842, 0.57
692, 231, -0.74109, 0.19474, 2.0647, 0.91371, -0.19815, -0.35441, 0.80, 0.80, 0.80, 1.00, 0.67917, 0.54944
693, 231, -0.74109, 0.19474, 2.0647, 0.91371, -0.19815, -0.35441, 0.80, 0.80, 0.80, 1.00, 0.67917, 0.54944
694, 230, -0.47011, 0.09182, 2.82528, 0.93324, -0.13056, -0.33442, 0.80, 0.80, 0.80, 1.00, 0.5842, 0.57
695, 232, -0.76346, 0.07773, 2.05625, 0.92452, -0.15102, -0.34964, 0.80, 0.80, 0.80, 1.00, 0.68185, 0.57014
696, 233, -0.74109, 0.19474, 2.0647, 0.4636, -0.14221, -0.87395, 0.80, 0.80, 0.80, 1.00, 0.69902, 0.55084
697, 234, -0.76346, 0.07773, 2.05625, 0.44745, -0.08053, -0.89008, 0.80, 0.80, 0.80, 1.00, 0.69837, 0.57075
698, 235, -0.89436, 0.24433, 1.97547, 0.08837, 0.01343, -0.99523, 0.80, 0.80, 0.80, 1.00, 0.71007, 0.54633
699, 234, -0.76346, 0.07773, 2.05625, 0.44745, -0.08053, -0.89008, 0.80, 0.80, 0.80, 1.00, 0.69837, 0.57075
700, 236, -0.91594, 0.10165, 1.98632, -0.09713, -0.0608, -0.99258, 0.80, 0.80, 0.80, 1.00, 0.70942, 0.57075
701, 235, -0.89436, 0.24433, 1.97547, 0.08837, 0.01343, -0.99523, 0.80, 0.80, 0.80, 1.00, 0.71007, 0.54633
702, 237, -0.85855, 0.30822, 3.17863, -0.61771, 0.50962, 0.59812, 0.80, 0.80, 0.80, 1.00, 0.52674, 0.55375
703, 238, -0.78688, 0.19393, 3.24127, -0.42951, 0.21183, 0.87722, 0.80, 0.80, 0.80, 1.00, 0.51498, 0.57085
704, 239, -0.74549, 0.33443, 3.23292, -0.46131, 0.55567, 0.69078, 0.80, 0.80, 0.80, 1.00, 0.51367, 0.54669
705, 240, -0.8886, 0.20959, 3.19151, -0.78327, 0.30591, 0.54069, 0.80, 0.80, 0.80, 1.00, 0.52674, 0.57085
706, 238, -0.78688, 0.19393, 3.24127, -0.42951, 0.21183, 0.87722, 0.80, 0.80, 0.80, 1.00, 0.51498, 0.57085
707, 237, -0.85855, 0.30822, 3.17863, -0.61771, 0.50962, 0.59812, 0.80, 0.80, 0.80, 1.00, 0.52674, 0.55375
708, 240, -0.8886, 0.20959, 3.19151, -0.78327, 0.30591, 0.54069, 0.80, 0.80, 0.80, 1.00, 0.52674, 0.57085
709, 237, -0.85855, 0.30822, 3.17863, -0.61771, 0.50962, 0.59812, 0.80, 0.80, 0.80, 1.00, 0.52674, 0.55375
710, 241, -0.95631, 0.30967, 2.89896, -0.82526, 0.49437, 0.27181, 0.80, 0.80, 0.80, 1.00, 0.5947, 0.55245
711, 240, -0.8886, 0.20959, 3.19151, -0.78327, 0.30591, 0.54069, 0.80, 0.80, 0.80, 1.00, 0.52674, 0.57085
712, 241, -0.95631, 0.30967, 2.89896, -0.82526, 0.49437, 0.27181, 0.80, 0.80, 0.80, 1.00, 0.5947, 0.55245
713, 242, -0.9909, 0.20317, 2.90413, -0.92544, 0.30243, 0.2275, 0.80, 0.80, 0.80, 1.00, 0.59601, 0.57085
714, 242, -0.9909, 0.20317, 2.90413, -0.92544, 0.30243, 0.2275, 0.80, 0.80, 0.80, 1.00, 0.59601, 0.57085
715, 241, -0.95631, 0.30967, 2.89896, -0.82526, 0.49437, 0.27181, 0.80, 0.80, 0.80, 1.00, 0.5947, 0.55245
716, 243, -1.10629, 0.27962, 2.19273, -0.93582, 0.35169, 0.00922, 0.80, 0.80, 0.80, 1.00, 0.67443, 0.55148
717, 242, -0.9909, 0.20317, 2.90413, -0.92544, 0.30243, 0.2275, 0.80, 0.80, 0.80, 1.00, 0.59601, 0.57085
718, 243, -1.10629, 0.27962, 2.19273, -0.93582, 0.35169, 0.00922, 0.80, 0.80, 0.80, 1.00, 0.67443, 0.55148
719, 244, -1.14202, 0.16572, 2.18896, -0.95266, 0.26602, -0.14554, 0.80, 0.80, 0.80, 1.00, 0.67705, 0.57098
720, 244, -1.14202, 0.16572, 2.18896, -0.95266, 0.26602, -0.14554, 0.80, 0.80, 0.80, 1.00, 0.67705, 0.57098
721, 243, -1.10629, 0.27962, 2.19273, -0.93582, 0.35169, 0.00922, 0.80, 0.80, 0.80, 1.00, 0.67443, 0.55148
722, 245, -1.05931, 0.28267, 2.03329, -0.8597, 0.39568, -0.3217, 0.80, 0.80, 0.80, 1.00, 0.69404, 0.54707
723, 246, -1.09425, 0.14309, 2.04883, -0.9191, 0.19126, -0.34355, 0.80, 0.80, 0.80, 1.00, 0.69404, 0.57098
724, 244, -1.14202, 0.16572, 2.18896, -0.95266, 0.26602, -0.14554, 0.80, 0.80, 0.80, 1.00, 0.67705, 0.57098
725, 245, -1.05931, 0.28267, 2.03329, -0.8597, 0.39568, -0.3217, 0.80, 0.80, 0.80, 1.00, 0.69404, 0.54707
726, 235, -0.89436, 0.24433, 1.97547, 0.08837, 0.01343, -0.99523, 0.80, 0.80, 0.80, 1.00, 0.71007, 0.54633
727, 236, -0.91594, 0.10165, 1.98632, -0.09713, -0.0608, -0.99258, 0.80, 0.80, 0.80, 1.00, 0.70942, 0.57075
728, 247, -1.05931, 0.28267, 2.03329, -0.31504, 0.07134, -0.94552, 0.80, 0.80, 0.80, 1.00, 0.72613, 0.54633
729, 236, -0.91594, 0.10165, 1.98632, -0.09713, -0.0608, -0.99258, 0.80, 0.80, 0.80, 1.00, 0.70942, 0.57075
730, 248, -1.09425, 0.14309, 2.04883, -0.33501, -0.02103, -0.9411, 0.80, 0.80, 0.80, 1.00, 0.72678, 0.57075
731, 247, -1.05931, 0.28267, 2.03329, -0.31504, 0.07134, -0.94552, 0.80, 0.80, 0.80, 1.00, 0.72613, 0.54633
732, 249, -0.4132, 0.10822, 3.22097, 0.05084, 0.02233, 0.99764, 0.80, 0.80, 0.80, 1.00, 0.55825, 0.52848
733, 250, -0.39148, 0.25329, 3.21952, 0.03847, 0.00415, 0.99844, 0.80, 0.80, 0.80, 1.00, 0.55657, 0.50775
734, 251, -0.74549, 0.33443, 3.23292, 0.05084, 0.02233, 0.99764, 0.80, 0.80, 0.80, 1.00, 0.50171, 0.50648
735, 249, -0.4132, 0.10822, 3.22097, 0.05084, 0.02233, 0.99764, 0.80, 0.80, 0.80, 1.00, 0.55825, 0.52848
736, 251, -0.74549, 0.33443, 3.23292, 0.05084, 0.02233, 0.99764, 0.80, 0.80, 0.80, 1.00, 0.50171, 0.50648
737, 252, -0.78688, 0.19393, 3.24127, 0.06319, 0.04049, 0.99636, 0.80, 0.80, 0.80, 1.00, 0.50002, 0.5272
738, 253, -0.39148, 0.25329, 3.21952, 0.26882, 0.93393, 0.23242, 0.80, 0.80, 0.80, 1.00, 0.49574, 0.43934
739, 254, -0.46467, 0.33114, 2.89369, 0.3531, 0.92114, 0.1595, 0.80, 0.80, 0.80, 1.00, 0.55726, 0.43544
740, 255, -0.79167, 0.42092, 3.00802, 0.3099, 0.92441, 0.21904, 0.80, 0.80, 0.80, 1.00, 0.55726, 0.50127
741, 253, -0.39148, 0.25329, 3.21952, 0.26882, 0.93393, 0.23242, 0.80, 0.80, 0.80, 1.00, 0.49574, 0.43934
742, 255, -0.79167, 0.42092, 3.00802, 0.3099, 0.92441, 0.21904, 0.80, 0.80, 0.80, 1.00, 0.55726, 0.50127
743, 256, -0.74549, 0.33443, 3.23292, 0.22381, 0.92347, 0.30914, 0.80, 0.80, 0.80, 1.00, 0.51087, 0.5034
744, 255, -0.79167, 0.42092, 3.00802, 0.3099, 0.92441, 0.21904, 0.80, 0.80, 0.80, 1.00, 0.55726, 0.50127
745, 207, -0.70726, 0.49059, 2.55471, 0.42694, 0.84069, 0.33109, 0.80, 0.80, 0.80, 1.00, 0.60121, 0.46273
746, 215, -0.87027, 0.56461, 2.52733, 0.33233, 0.8264, 0.45292, 0.80, 0.80, 0.80, 1.00, 0.61265, 0.49168
747, 207, -0.70726, 0.49059, 2.55471, 0.42694, 0.84069, 0.33109, 0.80, 0.80, 0.80, 1.00, 0.60121, 0.46273
748, 255, -0.79167, 0.42092, 3.00802, 0.3099, 0.92441, 0.21904, 0.80, 0.80, 0.80, 1.00, 0.55726, 0.50127
749, 254, -0.46467, 0.33114, 2.89369, 0.3531, 0.92114, 0.1595, 0.80, 0.80, 0.80, 1.00, 0.55726, 0.43544
750, 207, -0.70726, 0.49059, 2.55471, 0.42694, 0.84069, 0.33109, 0.80, 0.80, 0.80, 1.00, 0.60121, 0.46273
751, 254, -0.46467, 0.33114, 2.89369, 0.3531, 0.92114, 0.1595, 0.80, 0.80, 0.80, 1.00, 0.55726, 0.43544
752, 210, -0.55629, 0.43232, 2.46369, 0.48961, 0.82395, 0.28315, 0.80, 0.80, 0.80, 1.00, 0.60648, 0.4294
753, 239, -0.74549, 0.33443, 3.23292, -0.46131, 0.55567, 0.69078, 0.80, 0.80, 0.80, 1.00, 0.51367, 0.54669
754, 257, -0.79167, 0.42092, 3.00802, -0.57219, 0.75549, 0.31714, 0.80, 0.80, 0.80, 1.00, 0.56032, 0.53081
755, 237, -0.85855, 0.30822, 3.17863, -0.61771, 0.50962, 0.59812, 0.80, 0.80, 0.80, 1.00, 0.52674, 0.55375
756, 237, -0.85855, 0.30822, 3.17863, -0.61771, 0.50962, 0.59812, 0.80, 0.80, 0.80, 1.00, 0.52674, 0.55375
757, 257, -0.79167, 0.42092, 3.00802, -0.57219, 0.75549, 0.31714, 0.80, 0.80, 0.80, 1.00, 0.56032, 0.53081
758, 241, -0.95631, 0.30967, 2.89896, -0.82526, 0.49437, 0.27181, 0.80, 0.80, 0.80, 1.00, 0.5947, 0.55245
759, 241, -0.95631, 0.30967, 2.89896, -0.82526, 0.49437, 0.27181, 0.80, 0.80, 0.80, 1.00, 0.5947, 0.55245
760, 257, -0.79167, 0.42092, 3.00802, -0.57219, 0.75549, 0.31714, 0.80, 0.80, 0.80, 1.00, 0.56032, 0.53081
761, 214, -0.87027, 0.56461, 2.52733, -0.65571, 0.68665, 0.3122, 0.80, 0.80, 0.80, 1.00, 0.61603, 0.50288
762, 241, -0.95631, 0.30967, 2.89896, -0.82526, 0.49437, 0.27181, 0.80, 0.80, 0.80, 1.00, 0.5947, 0.55245
763, 214, -0.87027, 0.56461, 2.52733, -0.65571, 0.68665, 0.3122, 0.80, 0.80, 0.80, 1.00, 0.61603, 0.50288
764, 211, -0.9774, 0.56575, 2.30185, -0.81363, 0.58062, 0.00418, 0.80, 0.80, 0.80, 1.00, 0.65226, 0.50274
765, 241, -0.95631, 0.30967, 2.89896, -0.82526, 0.49437, 0.27181, 0.80, 0.80, 0.80, 1.00, 0.5947, 0.55245
766, 211, -0.9774, 0.56575, 2.30185, -0.81363, 0.58062, 0.00418, 0.80, 0.80, 0.80, 1.00, 0.65226, 0.50274
767, 243, -1.10629, 0.27962, 2.19273, -0.93582, 0.35169, 0.00922, 0.80, 0.80, 0.80, 1.00, 0.67443, 0.55148
768, 226, -0.39519, 0.20053, 3.01619, 0.98969, 0.05046, -0.13386, 0.80, 0.80, 0.80, 1.00, 0.52788, 0.55185
769, 258, -0.46467, 0.33114, 2.89369, 0.94721, 0.25522, -0.1939, 0.80, 0.80, 0.80, 1.00, 0.56228, 0.52987
770, 227, -0.39148, 0.25329, 3.21952, 0.9914, 0.12077, -0.04967, 0.80, 0.80, 0.80, 1.00, 0.4989, 0.54593
771, 226, -0.39519, 0.20053, 3.01619, 0.98969, 0.05046, -0.13386, 0.80, 0.80, 0.80, 1.00, 0.52788, 0.55185
772, 229, -0.4552, 0.20289, 2.82701, 0.95442, -0.01887, -0.29772, 0.80, 0.80, 0.80, 1.00, 0.58286, 0.55047
773, 258, -0.46467, 0.33114, 2.89369, 0.94721, 0.25522, -0.1939, 0.80, 0.80, 0.80, 1.00, 0.56228, 0.52987
774, 229, -0.4552, 0.20289, 2.82701, 0.95442, -0.01887, -0.29772, 0.80, 0.80, 0.80, 1.00, 0.58286, 0.55047
775, 203, -0.55629, 0.43232, 2.46369, 0.98254, 0.0664, -0.17366, 0.80, 0.80, 0.80, 1.00, 0.613, 0.50877
776, 258, -0.46467, 0.33114, 2.89369, 0.94721, 0.25522, -0.1939, 0.80, 0.80, 0.80, 1.00, 0.56228, 0.52987
777, 229, -0.4552, 0.20289, 2.82701, 0.95442, -0.01887, -0.29772, 0.80, 0.80, 0.80, 1.00, 0.58286, 0.55047
778, 231, -0.74109, 0.19474, 2.0647, 0.91371, -0.19815, -0.35441, 0.80, 0.80, 0.80, 1.00, 0.67917, 0.54944
779, 203, -0.55629, 0.43232, 2.46369, 0.98254, 0.0664, -0.17366, 0.80, 0.80, 0.80, 1.00, 0.613, 0.50877
780, 231, -0.74109, 0.19474, 2.0647, 0.91371, -0.19815, -0.35441, 0.80, 0.80, 0.80, 1.00, 0.67917, 0.54944
781, 206, -0.60353, 0.47887, 2.17266, 0.92108, -0.05542, -0.38522, 0.80, 0.80, 0.80, 1.00, 0.65619, 0.49774
782, 203, -0.55629, 0.43232, 2.46369, 0.98254, 0.0664, -0.17366, 0.80, 0.80, 0.80, 1.00, 0.613, 0.50877
783, 231, -0.74109, 0.19474, 2.0647, 0.91371, -0.19815, -0.35441, 0.80, 0.80, 0.80, 1.00, 0.67917, 0.54944
784, 220, -0.70852, 0.48989, 1.99537, 0.8557, -0.07905, -0.51113, 0.80, 0.80, 0.80, 1.00, 0.68637, 0.49661
785, 206, -0.60353, 0.47887, 2.17266, 0.92108, -0.05542, -0.38522, 0.80, 0.80, 0.80, 1.00, 0.65619, 0.49774
786, 233, -0.74109, 0.19474, 2.0647, 0.4636, -0.14221, -0.87395, 0.80, 0.80, 0.80, 1.00, 0.69902, 0.55084
787, 235, -0.89436, 0.24433, 1.97547, 0.08837, 0.01343, -0.99523, 0.80, 0.80, 0.80, 1.00, 0.71007, 0.54633
788, 221, -0.70852, 0.48989, 1.99537, -0.09442, 0.0524, -0.99332, 0.80, 0.80, 0.80, 1.00, 0.70022, 0.49868
789, 245, -1.05931, 0.28267, 2.03329, -0.8597, 0.39568, -0.3217, 0.80, 0.80, 0.80, 1.00, 0.69404, 0.54707
790, 243, -1.10629, 0.27962, 2.19273, -0.93582, 0.35169, 0.00922, 0.80, 0.80, 0.80, 1.00, 0.67443, 0.55148
791, 211, -0.9774, 0.56575, 2.30185, -0.81363, 0.58062, 0.00418, 0.80, 0.80, 0.80, 1.00, 0.65226, 0.50274
792, 245, -1.05931, 0.28267, 2.03329, -0.8597, 0.39568, -0.3217, 0.80, 0.80, 0.80, 1.00, 0.69404, 0.54707
793, 211, -0.9774, 0.56575, 2.30185, -0.81363, 0.58062, 0.00418, 0.80, 0.80, 0.80, 1.00, 0.65226, 0.50274
794, 217, -0.85694, 0.52318, 2.04104, -0.80603, 0.39071, -0.44344, 0.80, 0.80, 0.80, 1.00, 0.68234, 0.5018
795, 224, -0.85694, 0.52318, 2.04104, -0.25777, 0.20207, -0.94395, 0.80, 0.80, 0.80, 1.00, 0.72573, 0.49878
796, 235, -0.89436, 0.24433, 1.97547, 0.08837, 0.01343, -0.99523, 0.80, 0.80, 0.80, 1.00, 0.71007, 0.54633
797, 247, -1.05931, 0.28267, 2.03329, -0.31504, 0.07134, -0.94552, 0.80, 0.80, 0.80, 1.00, 0.72613, 0.54633
798, 235, -0.89436, 0.24433, 1.97547, 0.08837, 0.01343, -0.99523, 0.80, 0.80, 0.80, 1.00, 0.71007, 0.54633
799, 224, -0.85694, 0.52318, 2.04104, -0.25777, 0.20207, -0.94395, 0.80, 0.80, 0.80, 1.00, 0.72573, 0.49878
800, 221, -0.70852, 0.48989, 1.99537, -0.09442, 0.0524, -0.99332, 0.80, 0.80, 0.80, 1.00, 0.70022, 0.49868
801, 259, 0.27111, 7.93748, 1.70057, -0.68211, -0.46104, 0.56707, 0.80, 0.80, 0.80, 1.00, 0.33854, 0.04987
802, 260, 0.18358, 8.19532, 1.63422, -0.8272, -0.14057, 0.54372, 0.80, 0.80, 0.80, 1.00, 0.35388, 0.02254
803, 261, 0.13345, 8.13609, 1.54267, -0.83607, -0.1627, 0.52361, 0.80, 0.80, 0.80, 1.00, 0.36012, 0.04638
804, 262, 0.18358, 8.19532, 1.63422, -0.90856, 0.22233, 0.35345, 0.80, 0.80, 0.80, 1.00, 0.3538, 0.02288
805, 263, 0.18729, 8.44683, 1.48559, -0.86903, 0.47631, 0.13299, 0.80, 0.80, 0.80, 1.00, 0.40394, 0.00465
806, 264, 0.13345, 8.13609, 1.54267, -0.93725, 0.18963, 0.29234, 0.80, 0.80, 0.80, 1.00, 0.36004, 0.04671
807, 265, 0.36104, 7.59945, 1.61642, 0.00523, -0.68208, 0.73104, 0.80, 0.80, 0.80, 1.00, 0.32881, 0.12721
808, 266, 0.39305, 7.89658, 1.67918, -0.11416, -0.75806, 0.64133, 0.80, 0.80, 0.80, 1.00, 0.33048, 0.05465
809, 259, 0.27111, 7.93748, 1.70057, -0.68211, -0.46104, 0.56707, 0.80, 0.80, 0.80, 1.00, 0.33854, 0.04987
810, 265, 0.36104, 7.59945, 1.61642, 0.00523, -0.68208, 0.73104, 0.80, 0.80, 0.80, 1.00, 0.32881, 0.12721
811, 259, 0.27111, 7.93748, 1.70057, -0.68211, -0.46104, 0.56707, 0.80, 0.80, 0.80, 1.00, 0.33854, 0.04987
812, 267, 0.06409, 7.85119, 1.54843, -0.67625, -0.30421, 0.67084, 0.80, 0.80, 0.80, 1.00, 0.36494, 0.10422
813, 267, 0.06409, 7.85119, 1.54843, -0.67625, -0.30421, 0.67084, 0.80, 0.80, 0.80, 1.00, 0.36494, 0.10422
814, 259, 0.27111, 7.93748, 1.70057, -0.68211, -0.46104, 0.56707, 0.80, 0.80, 0.80, 1.00, 0.33854, 0.04987
815, 261, 0.13345, 8.13609, 1.54267, -0.83607, -0.1627, 0.52361, 0.80, 0.80, 0.80, 1.00, 0.36012, 0.04638
816, 264, 0.13345, 8.13609, 1.54267, -0.93725, 0.18963, 0.29234, 0.80, 0.80, 0.80, 1.00, 0.36004, 0.04671
817, 263, 0.18729, 8.44683, 1.48559, -0.86903, 0.47631, 0.13299, 0.80, 0.80, 0.80, 1.00, 0.40394, 0.00465
818, 268, 0.02624, 8.13638, 1.32619, -0.82239, 0.56582, -0.05821, 0.80, 0.80, 0.80, 1.00, 0.40507, 0.07599
819, 264, 0.13345, 8.13609, 1.54267, -0.93725, 0.18963, 0.29234, 0.80, 0.80, 0.80, 1.00, 0.36004, 0.04671
820, 268, 0.02624, 8.13638, 1.32619, -0.82239, 0.56582, -0.05821, 0.80, 0.80, 0.80, 1.00, 0.40507, 0.07599
821, 269, 0.06409, 7.85119, 1.54843, -0.90617, 0.17848, 0.38337, 0.80, 0.80, 0.80, 1.00, 0.36486, 0.10456
822, 268, 0.02624, 8.13638, 1.32619, -0.82239, 0.56582, -0.05821, 0.80, 0.80, 0.80, 1.00, 0.40507, 0.07599
823, 263, 0.18729, 8.44683, 1.48559, -0.86903, 0.47631, 0.13299, 0.80, 0.80, 0.80, 1.00, 0.40394, 0.00465
824, 270, 0.34259, 8.50907, 1.40697, -0.26828, 0.86478, -0.42339, 0.80, 0.80, 0.80, 1.00, 0.42678, 0.00025
825, 268, 0.02624, 8.13638, 1.32619, -0.82239, 0.56582, -0.05821, 0.80, 0.80, 0.80, 1.00, 0.40507, 0.07599
826, 270, 0.34259, 8.50907, 1.40697, -0.26828, 0.86478, -0.42339, 0.80, 0.80, 0.80, 1.00, 0.42678, 0.00025
827, 271, 0.39231, 8.19855, 1.15961, 0.00401, 0.70598, -0.70799, 0.80, 0.80, 0.80, 1.00, 0.43519, 0.06053
828, 271, 0.39231, 8.19855, 1.15961, 0.00401, 0.70598, -0.70799, 0.80, 0.80, 0.80, 1.00, 0.43519, 0.06053
829, 270, 0.34259, 8.50907, 1.40697, -0.26828, 0.86478, -0.42339, 0.80, 0.80, 0.80, 1.00, 0.42678, 0.00025
830, 272, 0.49528, 8.50232, 1.38093, 0.1438, 0.86699, -0.47606, 0.80, 0.80, 0.80, 1.00, 0.439, -0.00075
831, 273, 0.38246, 7.7948, 1.8574, -0.17282, -0.95438, 0.24142, 0.80, 0.80, 0.80, 1.00, 0.39733, 0.41452
832, 274, 0.23619, 8.11417, 2.04184, -0.63613, -0.49798, 0.5888, 0.80, 0.80, 0.80, 1.00, 0.4328, 0.34516
833, 275, 0.23429, 7.89622, 1.79988, -0.76751, -0.63146, -0.10738, 0.80, 0.80, 0.80, 1.00, 0.42681, 0.41326
834, 276, 0.42747, 7.96652, 2.08457, -0.13061, -0.82023, 0.55601, 0.80, 0.80, 0.80, 1.00, 0.39649, 0.35562
835, 274, 0.23619, 8.11417, 2.04184, -0.63613, -0.49798, 0.5888, 0.80, 0.80, 0.80, 1.00, 0.4328, 0.34516
836, 273, 0.38246, 7.7948, 1.8574, -0.17282, -0.95438, 0.24142, 0.80, 0.80, 0.80, 1.00, 0.39733, 0.41452
837, 277, 0.43748, 8.0014, 2.14769, -0.0975, -0.6917, 0.71486, 0.80, 0.80, 0.80, 1.00, 0.39738, 0.33798
838, 274, 0.23619, 8.11417, 2.04184, -0.63613, -0.49798, 0.5888, 0.80, 0.80, 0.80, 1.00, 0.4328, 0.34516
839, 276, 0.42747, 7.96652, 2.08457, -0.13061, -0.82023, 0.55601, 0.80, 0.80, 0.80, 1.00, 0.39649, 0.35562
840, 277, 0.43748, 8.0014, 2.14769, -0.0975, -0.6917, 0.71486, 0.80, 0.80, 0.80, 1.00, 0.39738, 0.33798
841, 278, 0.45654, 8.08734, 2.19389, -0.05469, -0.50914, 0.85835, 0.80, 0.80, 0.80, 1.00, 0.39649, 0.31324
842, 274, 0.23619, 8.11417, 2.04184, -0.63613, -0.49798, 0.5888, 0.80, 0.80, 0.80, 1.00, 0.4328, 0.34516
843, 274, 0.23619, 8.11417, 2.04184, -0.63613, -0.49798, 0.5888, 0.80, 0.80, 0.80, 1.00, 0.4328, 0.34516
844, 278, 0.45654, 8.08734, 2.19389, -0.05469, -0.50914, 0.85835, 0.80, 0.80, 0.80, 1.00, 0.39649, 0.31324
845, 279, 0.25248, 8.23046, 2.11318, -0.55699, -0.37591, 0.7401, 0.80, 0.80, 0.80, 1.00, 0.43423, 0.31062
846, 280, 0.53131, 8.41912, 2.39578, -0.04598, -0.47022, 0.88077, 0.80, 0.80, 0.80, 1.00, 0.39567, 0.21373
847, 281, 0.37105, 8.53259, 2.31156, -0.61958, -0.13164, 0.77345, 0.80, 0.80, 0.80, 1.00, 0.42726, 0.21528
848, 282, 0.3156, 8.3195, 2.23088, -0.59282, -0.22246, 0.77359, 0.80, 0.80, 0.80, 1.00, 0.42919, 0.25769
849, 282, 0.3156, 8.3195, 2.23088, -0.59282, -0.22246, 0.77359, 0.80, 0.80, 0.80, 1.00, 0.42919, 0.25769
850, 283, 0.491, 8.24589, 2.26557, -0.07276, -0.58808, 0.80489, 0.80, 0.80, 0.80, 1.00, 0.39649, 0.25639
851, 280, 0.53131, 8.41912, 2.39578, -0.04598, -0.47022, 0.88077, 0.80, 0.80, 0.80, 1.00, 0.39567, 0.21373
852, 284, 0.53131, 8.41912, 2.39578, 0.01891, -0.1637, 0.98581, 0.80, 0.80, 0.80, 1.00, 0.39618, 0.21377
853, 285, 0.57208, 8.62149, 2.4247, 0.09714, 0.24509, 0.9641, 0.80, 0.80, 0.80, 1.00, 0.42794, 0.21506
854, 286, 0.38957, 8.67396, 2.33143, -0.58917, 0.13299, 0.79665, 0.80, 0.80, 0.80, 1.00, 0.44333, 0.18059
855, 284, 0.53131, 8.41912, 2.39578, 0.01891, -0.1637, 0.98581, 0.80, 0.80, 0.80, 1.00, 0.39618, 0.21377
856, 286, 0.38957, 8.67396, 2.33143, -0.58917, 0.13299, 0.79665, 0.80, 0.80, 0.80, 1.00, 0.44333, 0.18059
857, 287, 0.37105, 8.53259, 2.31156, -0.58501, -0.03714, 0.80981, 0.80, 0.80, 0.80, 1.00, 0.42484, 0.18234
858, 288, 0.39305, 7.89658, 1.67918, -0.19025, -0.85068, -0.48903, 0.80, 0.80, 0.80, 1.00, 0.39905, 0.42646
859, 273, 0.38246, 7.7948, 1.8574, -0.17282, -0.95438, 0.24142, 0.80, 0.80, 0.80, 1.00, 0.39733, 0.41452
860, 275, 0.23429, 7.89622, 1.79988, -0.76751, -0.63146, -0.10738, 0.80, 0.80, 0.80, 1.00, 0.42681, 0.41326
861, 288, 0.39305, 7.89658, 1.67918, -0.19025, -0.85068, -0.48903, 0.80, 0.80, 0.80, 1.00, 0.39905, 0.42646
862, 275, 0.23429, 7.89622, 1.79988, -0.76751, -0.63146, -0.10738, 0.80, 0.80, 0.80, 1.00, 0.42681, 0.41326
863, 289, 0.27111, 7.93748, 1.70057, -0.60561, -0.62951, -0.4859, 0.80, 0.80, 0.80, 1.00, 0.41852, 0.42068
864, 289, 0.27111, 7.93748, 1.70057, -0.60561, -0.62951, -0.4859, 0.80, 0.80, 0.80, 1.00, 0.41852, 0.42068
865, 275, 0.23429, 7.89622, 1.79988, -0.76751, -0.63146, -0.10738, 0.80, 0.80, 0.80, 1.00, 0.42681, 0.41326
866, 290, 0.18358, 8.19532, 1.63422, -0.9125, -0.30505, -0.27171, 0.80, 0.80, 0.80, 1.00, 0.48682, 0.40128
867, 282, 0.3156, 8.3195, 2.23088, -0.59282, -0.22246, 0.77359, 0.80, 0.80, 0.80, 1.00, 0.42919, 0.25769
868, 281, 0.37105, 8.53259, 2.31156, -0.61958, -0.13164, 0.77345, 0.80, 0.80, 0.80, 1.00, 0.42726, 0.21528
869, 291, 0.25983, 8.58571, 2.21313, -0.69861, -0.09889, 0.7083, 0.80, 0.80, 0.80, 1.00, 0.45139, 0.227
870, 282, 0.3156, 8.3195, 2.23088, -0.59282, -0.22246, 0.77359, 0.80, 0.80, 0.80, 1.00, 0.42919, 0.25769
871, 291, 0.25983, 8.58571, 2.21313, -0.69861, -0.09889, 0.7083, 0.80, 0.80, 0.80, 1.00, 0.45139, 0.227
872, 292, 0.21613, 8.34863, 2.13328, -0.71196, -0.10262, 0.69435, 0.80, 0.80, 0.80, 1.00, 0.44396, 0.28677
873, 293, 0.25248, 8.23046, 2.11318, -0.69294, -0.31375, 0.64873, 0.80, 0.80, 0.80, 1.00, 0.43445, 0.31062
874, 294, 0.21613, 8.34863, 2.13328, -0.86994, -0.01693, 0.4926, 0.80, 0.80, 0.80, 1.00, 0.44418, 0.28677
875, 295, 0.1568, 8.29697, 2.04324, -0.90354, -0.14362, 0.40339, 0.80, 0.80, 0.80, 1.00, 0.45208, 0.31432
876, 296, 0.23619, 8.11417, 2.04184, -0.75796, -0.33304, 0.56045, 0.80, 0.80, 0.80, 1.00, 0.43301, 0.34516
877, 293, 0.25248, 8.23046, 2.11318, -0.69294, -0.31375, 0.64873, 0.80, 0.80, 0.80, 1.00, 0.43445, 0.31062
878, 295, 0.1568, 8.29697, 2.04324, -0.90354, -0.14362, 0.40339, 0.80, 0.80, 0.80, 1.00, 0.45208, 0.31432
879, 296, 0.23619, 8.11417, 2.04184, -0.75796, -0.33304, 0.56045, 0.80, 0.80, 0.80, 1.00, 0.43301, 0.34516
880, 295, 0.1568, 8.29697, 2.04324, -0.90354, -0.14362, 0.40339, 0.80, 0.80, 0.80, 1.00, 0.45208, 0.31432
881, 297, 0.16239, 8.18184, 1.96349, -0.97625, -0.18793, 0.10671, 0.80, 0.80, 0.80, 1.00, 0.44661, 0.34908
882, 275, 0.23429, 7.89622, 1.79988, -0.76751, -0.63146, -0.10738, 0.80, 0.80, 0.80, 1.00, 0.42681, 0.41326
883, 274, 0.23619, 8.11417, 2.04184, -0.63613, -0.49798, 0.5888, 0.80, 0.80, 0.80, 1.00, 0.4328, 0.34516
884, 298, 0.16239, 8.18184, 1.96349, -0.92901, -0.32946, 0.16754, 0.80, 0.80, 0.80, 1.00, 0.44639, 0.34908
885, 275, 0.23429, 7.89622, 1.79988, -0.76751, -0.63146, -0.10738, 0.80, 0.80, 0.80, 1.00, 0.42681, 0.41326
886, 298, 0.16239, 8.18184, 1.96349, -0.92901, -0.32946, 0.16754, 0.80, 0.80, 0.80, 1.00, 0.44639, 0.34908
887, 290, 0.18358, 8.19532, 1.63422, -0.9125, -0.30505, -0.27171, 0.80, 0.80, 0.80, 1.00, 0.48682, 0.40128
888, 297, 0.16239, 8.18184, 1.96349, -0.97625, -0.18793, 0.10671, 0.80, 0.80, 0.80, 1.00, 0.44661, 0.34908
889, 295, 0.1568, 8.29697, 2.04324, -0.90354, -0.14362, 0.40339, 0.80, 0.80, 0.80, 1.00, 0.45208, 0.31432
890, 299, 0.14781, 8.49584, 1.82455, -0.99951, 0.01353, -0.02477, 0.80, 0.80, 0.80, 1.00, 0.51159, 0.31455
891, 297, 0.16239, 8.18184, 1.96349, -0.97625, -0.18793, 0.10671, 0.80, 0.80, 0.80, 1.00, 0.44661, 0.34908
892, 300, 0.1497, 8.30165, 1.65772, -0.98748, -0.07831, -0.13599, 0.80, 0.80, 0.80, 1.00, 0.51356, 0.37896
893, 301, 0.18358, 8.19532, 1.63422, -0.94156, -0.24996, -0.22492, 0.80, 0.80, 0.80, 1.00, 0.48703, 0.40128
894, 300, 0.1497, 8.30165, 1.65772, -0.98748, -0.07831, -0.13599, 0.80, 0.80, 0.80, 1.00, 0.51356, 0.37896
895, 297, 0.16239, 8.18184, 1.96349, -0.97625, -0.18793, 0.10671, 0.80, 0.80, 0.80, 1.00, 0.44661, 0.34908
896, 299, 0.14781, 8.49584, 1.82455, -0.99951, 0.01353, -0.02477, 0.80, 0.80, 0.80, 1.00, 0.51159, 0.31455
897, 295, 0.1568, 8.29697, 2.04324, -0.90354, -0.14362, 0.40339, 0.80, 0.80, 0.80, 1.00, 0.45208, 0.31432
898, 294, 0.21613, 8.34863, 2.13328, -0.86994, -0.01693, 0.4926, 0.80, 0.80, 0.80, 1.00, 0.44418, 0.28677
899, 302, 0.15379, 8.5774, 1.90722, -0.96935, 0.12329, 0.2122, 0.80, 0.80, 0.80, 1.00, 0.50903, 0.28505
900, 295, 0.1568, 8.29697, 2.04324, -0.90354, -0.14362, 0.40339, 0.80, 0.80, 0.80, 1.00, 0.45208, 0.31432
901, 302, 0.15379, 8.5774, 1.90722, -0.96935, 0.12329, 0.2122, 0.80, 0.80, 0.80, 1.00, 0.50903, 0.28505
902, 299, 0.14781, 8.49584, 1.82455, -0.99951, 0.01353, -0.02477, 0.80, 0.80, 0.80, 1.00, 0.51159, 0.31455
903, 302, 0.15379, 8.5774, 1.90722, -0.96935, 0.12329, 0.2122, 0.80, 0.80, 0.80, 1.00, 0.50903, 0.28505
904, 294, 0.21613, 8.34863, 2.13328, -0.86994, -0.01693, 0.4926, 0.80, 0.80, 0.80, 1.00, 0.44418, 0.28677
905, 303, 0.25983, 8.58571, 2.21313, -0.94435, 0.04124, 0.32609, 0.80, 0.80, 0.80, 1.00, 0.45161, 0.227
906, 302, 0.15379, 8.5774, 1.90722, -0.96935, 0.12329, 0.2122, 0.80, 0.80, 0.80, 1.00, 0.50903, 0.28505
907, 303, 0.25983, 8.58571, 2.21313, -0.94435, 0.04124, 0.32609, 0.80, 0.80, 0.80, 1.00, 0.45161, 0.227
908, 304, 0.20715, 8.73617, 2.05268, -0.96819, 0.12962, 0.2137, 0.80, 0.80, 0.80, 1.00, 0.50946, 0.22644
909, 305, 0.25983, 8.58571, 2.21313, -0.75382, 0.17373, 0.63342, 0.80, 0.80, 0.80, 1.00, 0.44778, 0.16183
910, 287, 0.37105, 8.53259, 2.31156, -0.58501, -0.03714, 0.80981, 0.80, 0.80, 0.80, 1.00, 0.42484, 0.18234
911, 286, 0.38957, 8.67396, 2.33143, -0.58917, 0.13299, 0.79665, 0.80, 0.80, 0.80, 1.00, 0.44333, 0.18059
912, 305, 0.25983, 8.58571, 2.21313, -0.75382, 0.17373, 0.63342, 0.80, 0.80, 0.80, 1.00, 0.44778, 0.16183
913, 286, 0.38957, 8.67396, 2.33143, -0.58917, 0.13299, 0.79665, 0.80, 0.80, 0.80, 1.00, 0.44333, 0.18059
914, 306, 0.30674, 8.83222, 2.16202, -0.69095, 0.46975, 0.54913, 0.80, 0.80, 0.80, 1.00, 0.49524, 0.16213
915, 305, 0.25983, 8.58571, 2.21313, -0.75382, 0.17373, 0.63342, 0.80, 0.80, 0.80, 1.00, 0.44778, 0.16183
916, 306, 0.30674, 8.83222, 2.16202, -0.69095, 0.46975, 0.54913, 0.80, 0.80, 0.80, 1.00, 0.49524, 0.16213
917, 307, 0.20715, 8.73617, 2.05268, -0.82117, 0.40563, 0.40111, 0.80, 0.80, 0.80, 1.00, 0.49757, 0.14886
918, 285, 0.57208, 8.62149, 2.4247, 0.09714, 0.24509, 0.9641, 0.80, 0.80, 0.80, 1.00, 0.42794, 0.21506
919, 308, 0.59942, 8.79684, 2.29448, 0.16516, 0.656, 0.73579, 0.80, 0.80, 0.80, 1.00, 0.45335, 0.2274
920, 309, 0.42641, 8.80225, 2.30554, -0.25111, 0.61413, 0.74765, 0.80, 0.80, 0.80, 1.00, 0.46816, 0.18293
921, 285, 0.57208, 8.62149, 2.4247, 0.09714, 0.24509, 0.9641, 0.80, 0.80, 0.80, 1.00, 0.42794, 0.21506
922, 309, 0.42641, 8.80225, 2.30554, -0.25111, 0.61413, 0.74765, 0.80, 0.80, 0.80, 1.00, 0.46816, 0.18293
923, 286, 0.38957, 8.67396, 2.33143, -0.58917, 0.13299, 0.79665, 0.80, 0.80, 0.80, 1.00, 0.44333, 0.18059
924, 286, 0.38957, 8.67396, 2.33143, -0.58917, 0.13299, 0.79665, 0.80, 0.80, 0.80, 1.00, 0.44333, 0.18059
925, 309, 0.42641, 8.80225, 2.30554, -0.25111, 0.61413, 0.74765, 0.80, 0.80, 0.80, 1.00, 0.46816, 0.18293
926, 306, 0.30674, 8.83222, 2.16202, -0.69095, 0.46975, 0.54913, 0.80, 0.80, 0.80, 1.00, 0.49524, 0.16213
927, 309, 0.42641, 8.80225, 2.30554, -0.25111, 0.61413, 0.74765, 0.80, 0.80, 0.80, 1.00, 0.46816, 0.18293
928, 310, 0.62887, 9.01478, 2.04466, 0.1896, 0.84443, 0.50, 0.80, 0.80, 0.80, 1.00, 0.55016, 0.22415
929, 311, 0.44318, 9.02522, 2.03179, -0.22039, 0.90991, 0.35021, 0.80, 0.80, 0.80, 1.00, 0.55016, 0.18074
930, 309, 0.42641, 8.80225, 2.30554, -0.25111, 0.61413, 0.74765, 0.80, 0.80, 0.80, 1.00, 0.46816, 0.18293
931, 308, 0.59942, 8.79684, 2.29448, 0.16516, 0.656, 0.73579, 0.80, 0.80, 0.80, 1.00, 0.45335, 0.2274
932, 310, 0.62887, 9.01478, 2.04466, 0.1896, 0.84443, 0.50, 0.80, 0.80, 0.80, 1.00, 0.55016, 0.22415
933, 306, 0.30674, 8.83222, 2.16202, -0.69095, 0.46975, 0.54913, 0.80, 0.80, 0.80, 1.00, 0.49524, 0.16213
934, 309, 0.42641, 8.80225, 2.30554, -0.25111, 0.61413, 0.74765, 0.80, 0.80, 0.80, 1.00, 0.46816, 0.18293
935, 311, 0.44318, 9.02522, 2.03179, -0.22039, 0.90991, 0.35021, 0.80, 0.80, 0.80, 1.00, 0.55016, 0.18074
936, 306, 0.30674, 8.83222, 2.16202, -0.69095, 0.46975, 0.54913, 0.80, 0.80, 0.80, 1.00, 0.49524, 0.16213
937, 311, 0.44318, 9.02522, 2.03179, -0.22039, 0.90991, 0.35021, 0.80, 0.80, 0.80, 1.00, 0.55016, 0.18074
938, 312, 0.32092, 8.98635, 1.97686, -0.61066, 0.78592, 0.09435, 0.80, 0.80, 0.80, 1.00, 0.55127, 0.16103
939, 306, 0.30674, 8.83222, 2.16202, -0.69095, 0.46975, 0.54913, 0.80, 0.80, 0.80, 1.00, 0.49524, 0.16213
940, 312, 0.32092, 8.98635, 1.97686, -0.61066, 0.78592, 0.09435, 0.80, 0.80, 0.80, 1.00, 0.55127, 0.16103
941, 307, 0.20715, 8.73617, 2.05268, -0.82117, 0.40563, 0.40111, 0.80, 0.80, 0.80, 1.00, 0.49757, 0.14886
942, 307, 0.20715, 8.73617, 2.05268, -0.82117, 0.40563, 0.40111, 0.80, 0.80, 0.80, 1.00, 0.49757, 0.14886
943, 312, 0.32092, 8.98635, 1.97686, -0.61066, 0.78592, 0.09435, 0.80, 0.80, 0.80, 1.00, 0.55127, 0.16103
944, 313, 0.23081, 8.89779, 1.88858, -0.69674, 0.71696, -0.00847, 0.80, 0.80, 0.80, 1.00, 0.55127, 0.14899
945, 302, 0.15379, 8.5774, 1.90722, -0.96935, 0.12329, 0.2122, 0.80, 0.80, 0.80, 1.00, 0.50903, 0.28505
946, 304, 0.20715, 8.73617, 2.05268, -0.96819, 0.12962, 0.2137, 0.80, 0.80, 0.80, 1.00, 0.50946, 0.22644
947, 314, 0.23081, 8.89779, 1.88858, -0.89583, 0.43618, -0.08348, 0.80, 0.80, 0.80, 1.00, 0.55034, 0.22487
948, 302, 0.15379, 8.5774, 1.90722, -0.96935, 0.12329, 0.2122, 0.80, 0.80, 0.80, 1.00, 0.50903, 0.28505
949, 314, 0.23081, 8.89779, 1.88858, -0.89583, 0.43618, -0.08348, 0.80, 0.80, 0.80, 1.00, 0.55034, 0.22487
950, 315, 0.16227, 8.7429, 1.74471, -0.86257, 0.41894, -0.28301, 0.80, 0.80, 0.80, 1.00, 0.54659, 0.28123
951, 299, 0.14781, 8.49584, 1.82455, -0.99951, 0.01353, -0.02477, 0.80, 0.80, 0.80, 1.00, 0.51159, 0.31455
952, 302, 0.15379, 8.5774, 1.90722, -0.96935, 0.12329, 0.2122, 0.80, 0.80, 0.80, 1.00, 0.50903, 0.28505
953, 315, 0.16227, 8.7429, 1.74471, -0.86257, 0.41894, -0.28301, 0.80, 0.80, 0.80, 1.00, 0.54659, 0.28123
954, 299, 0.14781, 8.49584, 1.82455, -0.99951, 0.01353, -0.02477, 0.80, 0.80, 0.80, 1.00, 0.51159, 0.31455
955, 315, 0.16227, 8.7429, 1.74471, -0.86257, 0.41894, -0.28301, 0.80, 0.80, 0.80, 1.00, 0.54659, 0.28123
956, 316, 0.17458, 8.63813, 1.65436, -0.88033, 0.2973, -0.3691, 0.80, 0.80, 0.80, 1.00, 0.55114, 0.31553
957, 300, 0.1497, 8.30165, 1.65772, -0.98748, -0.07831, -0.13599, 0.80, 0.80, 0.80, 1.00, 0.51356, 0.37896
958, 299, 0.14781, 8.49584, 1.82455, -0.99951, 0.01353, -0.02477, 0.80, 0.80, 0.80, 1.00, 0.51159, 0.31455
959, 316, 0.17458, 8.63813, 1.65436, -0.88033, 0.2973, -0.3691, 0.80, 0.80, 0.80, 1.00, 0.55114, 0.31553
960, 300, 0.1497, 8.30165, 1.65772, -0.98748, -0.07831, -0.13599, 0.80, 0.80, 0.80, 1.00, 0.51356, 0.37896
961, 316, 0.17458, 8.63813, 1.65436, -0.88033, 0.2973, -0.3691, 0.80, 0.80, 0.80, 1.00, 0.55114, 0.31553
962, 317, 0.18729, 8.44683, 1.48559, -0.84603, 0.1977, -0.49461, 0.80, 0.80, 0.80, 1.00, 0.5597, 0.37925
963, 301, 0.18358, 8.19532, 1.63422, -0.94156, -0.24996, -0.22492, 0.80, 0.80, 0.80, 1.00, 0.48703, 0.40128
964, 300, 0.1497, 8.30165, 1.65772, -0.98748, -0.07831, -0.13599, 0.80, 0.80, 0.80, 1.00, 0.51356, 0.37896
965, 317, 0.18729, 8.44683, 1.48559, -0.84603, 0.1977, -0.49461, 0.80, 0.80, 0.80, 1.00, 0.5597, 0.37925
966, 312, 0.32092, 8.98635, 1.97686, -0.61066, 0.78592, 0.09435, 0.80, 0.80, 0.80, 1.00, 0.55127, 0.16103
967, 311, 0.44318, 9.02522, 2.03179, -0.22039, 0.90991, 0.35021, 0.80, 0.80, 0.80, 1.00, 0.55016, 0.18074
968, 318, 0.46807, 9.03482, 1.90807, -0.23189, 0.94896, -0.21164, 0.80, 0.80, 0.80, 1.00, 0.579, 0.18414
969, 313, 0.23081, 8.89779, 1.88858, -0.69674, 0.71696, -0.00847, 0.80, 0.80, 0.80, 1.00, 0.55127, 0.14899
970, 312, 0.32092, 8.98635, 1.97686, -0.61066, 0.78592, 0.09435, 0.80, 0.80, 0.80, 1.00, 0.55127, 0.16103
971, 319, 0.41426, 8.95076, 1.78343, -0.29963, 0.85775, -0.41663, 0.80, 0.80, 0.80, 1.00, 0.60997, 0.17511
972, 319, 0.41426, 8.95076, 1.78343, -0.29963, 0.85775, -0.41663, 0.80, 0.80, 0.80, 1.00, 0.60997, 0.17511
973, 312, 0.32092, 8.98635, 1.97686, -0.61066, 0.78592, 0.09435, 0.80, 0.80, 0.80, 1.00, 0.55127, 0.16103
974, 318, 0.46807, 9.03482, 1.90807, -0.23189, 0.94896, -0.21164, 0.80, 0.80, 0.80, 1.00, 0.579, 0.18414
975, 315, 0.16227, 8.7429, 1.74471, -0.86257, 0.41894, -0.28301, 0.80, 0.80, 0.80, 1.00, 0.54659, 0.28123
976, 314, 0.23081, 8.89779, 1.88858, -0.89583, 0.43618, -0.08348, 0.80, 0.80, 0.80, 1.00, 0.55034, 0.22487
977, 320, 0.41426, 8.95076, 1.78343, -0.3651, 0.74771, -0.55384, 0.80, 0.80, 0.80, 1.00, 0.58419, 0.22272
978, 315, 0.16227, 8.7429, 1.74471, -0.86257, 0.41894, -0.28301, 0.80, 0.80, 0.80, 1.00, 0.54659, 0.28123
979, 320, 0.41426, 8.95076, 1.78343, -0.3651, 0.74771, -0.55384, 0.80, 0.80, 0.80, 1.00, 0.58419, 0.22272
980, 321, 0.34784, 8.81153, 1.62169, -0.39516, 0.65628, -0.64206, 0.80, 0.80, 0.80, 1.00, 0.58059, 0.27908
981, 316, 0.17458, 8.63813, 1.65436, -0.88033, 0.2973, -0.3691, 0.80, 0.80, 0.80, 1.00, 0.55114, 0.31553
982, 315, 0.16227, 8.7429, 1.74471, -0.86257, 0.41894, -0.28301, 0.80, 0.80, 0.80, 1.00, 0.54659, 0.28123
983, 321, 0.34784, 8.81153, 1.62169, -0.39516, 0.65628, -0.64206, 0.80, 0.80, 0.80, 1.00, 0.58059, 0.27908
984, 316, 0.17458, 8.63813, 1.65436, -0.88033, 0.2973, -0.3691, 0.80, 0.80, 0.80, 1.00, 0.55114, 0.31553
985, 321, 0.34784, 8.81153, 1.62169, -0.39516, 0.65628, -0.64206, 0.80, 0.80, 0.80, 1.00, 0.58059, 0.27908
986, 322, 0.3094, 8.69965, 1.5382, -0.45556, 0.54488, -0.70334, 0.80, 0.80, 0.80, 1.00, 0.57904, 0.31584
987, 317, 0.18729, 8.44683, 1.48559, -0.84603, 0.1977, -0.49461, 0.80, 0.80, 0.80, 1.00, 0.5597, 0.37925
988, 316, 0.17458, 8.63813, 1.65436, -0.88033, 0.2973, -0.3691, 0.80, 0.80, 0.80, 1.00, 0.55114, 0.31553
989, 322, 0.3094, 8.69965, 1.5382, -0.45556, 0.54488, -0.70334, 0.80, 0.80, 0.80, 1.00, 0.57904, 0.31584
990, 317, 0.18729, 8.44683, 1.48559, -0.84603, 0.1977, -0.49461, 0.80, 0.80, 0.80, 1.00, 0.5597, 0.37925
991, 322, 0.3094, 8.69965, 1.5382, -0.45556, 0.54488, -0.70334, 0.80, 0.80, 0.80, 1.00, 0.57904, 0.31584
992, 323, 0.34259, 8.50907, 1.40697, -0.2756, 0.50181, -0.81929, 0.80, 0.80, 0.80, 1.00, 0.5884, 0.37215
993, 324, 0.53523, 8.68067, 1.48462, 0.06132, 0.53841, -0.83984, 0.80, 0.80, 0.80, 1.00, 0.60972, 0.31473
994, 323, 0.34259, 8.50907, 1.40697, -0.2756, 0.50181, -0.81929, 0.80, 0.80, 0.80, 1.00, 0.5884, 0.37215
995, 322, 0.3094, 8.69965, 1.5382, -0.45556, 0.54488, -0.70334, 0.80, 0.80, 0.80, 1.00, 0.57904, 0.31584
996, 323, 0.34259, 8.50907, 1.40697, -0.2756, 0.50181, -0.81929, 0.80, 0.80, 0.80, 1.00, 0.5884, 0.37215
997, 324, 0.53523, 8.68067, 1.48462, 0.06132, 0.53841, -0.83984, 0.80, 0.80, 0.80, 1.00, 0.60972, 0.31473
998, 325, 0.49528, 8.50232, 1.38093, 0.05109, 0.49313, -0.86787, 0.80, 0.80, 0.80, 1.00, 0.61158, 0.36739
999, 324, 0.53523, 8.68067, 1.48462, 0.06132, 0.53841, -0.83984, 0.80, 0.80, 0.80, 1.00, 0.60972, 0.31473
1000, 322, 0.3094, 8.69965, 1.5382, -0.45556, 0.54488, -0.70334, 0.80, 0.80, 0.80, 1.00, 0.57904, 0.31584
1001, 321, 0.34784, 8.81153, 1.62169, -0.39516, 0.65628, -0.64206, 0.80, 0.80, 0.80, 1.00, 0.58059, 0.27908
1002, 324, 0.53523, 8.68067, 1.48462, 0.06132, 0.53841, -0.83984, 0.80, 0.80, 0.80, 1.00, 0.60972, 0.31473
1003, 321, 0.34784, 8.81153, 1.62169, -0.39516, 0.65628, -0.64206, 0.80, 0.80, 0.80, 1.00, 0.58059, 0.27908
1004, 326, 0.56761, 8.8221, 1.58054, 0.0931, 0.67369, -0.73243, 0.80, 0.80, 0.80, 1.00, 0.60881, 0.27062
1005, 326, 0.56761, 8.8221, 1.58054, 0.0931, 0.67369, -0.73243, 0.80, 0.80, 0.80, 1.00, 0.60881, 0.27062
1006, 321, 0.34784, 8.81153, 1.62169, -0.39516, 0.65628, -0.64206, 0.80, 0.80, 0.80, 1.00, 0.58059, 0.27908
1007, 320, 0.41426, 8.95076, 1.78343, -0.3651, 0.74771, -0.55384, 0.80, 0.80, 0.80, 1.00, 0.58419, 0.22272
1008, 326, 0.56761, 8.8221, 1.58054, 0.0931, 0.67369, -0.73243, 0.80, 0.80, 0.80, 1.00, 0.60881, 0.27062
1009, 320, 0.41426, 8.95076, 1.78343, -0.3651, 0.74771, -0.55384, 0.80, 0.80, 0.80, 1.00, 0.58419, 0.22272
1010, 327, 0.60416, 8.9699, 1.73351, 0.1003, 0.70308, -0.70327, 0.80, 0.80, 0.80, 1.00, 0.60935, 0.21549
1011, 328, 0.60416, 8.9699, 1.73351, 0.15024, 0.88856, -0.4323, 0.80, 0.80, 0.80, 1.00, 0.6094, 0.21557
1012, 319, 0.41426, 8.95076, 1.78343, -0.29963, 0.85775, -0.41663, 0.80, 0.80, 0.80, 1.00, 0.60997, 0.17511
1013, 329, 0.62596, 9.04132, 1.88788, 0.1769, 0.96372, -0.19733, 0.80, 0.80, 0.80, 1.00, 0.58422, 0.22302
1014, 329, 0.62596, 9.04132, 1.88788, 0.1769, 0.96372, -0.19733, 0.80, 0.80, 0.80, 1.00, 0.58422, 0.22302
1015, 319, 0.41426, 8.95076, 1.78343, -0.29963, 0.85775, -0.41663, 0.80, 0.80, 0.80, 1.00, 0.60997, 0.17511
1016, 318, 0.46807, 9.03482, 1.90807, -0.23189, 0.94896, -0.21164, 0.80, 0.80, 0.80, 1.00, 0.579, 0.18414
1017, 329, 0.62596, 9.04132, 1.88788, 0.1769, 0.96372, -0.19733, 0.80, 0.80, 0.80, 1.00, 0.58422, 0.22302
1018, 311, 0.44318, 9.02522, 2.03179, -0.22039, 0.90991, 0.35021, 0.80, 0.80, 0.80, 1.00, 0.55016, 0.18074
1019, 310, 0.62887, 9.01478, 2.04466, 0.1896, 0.84443, 0.50, 0.80, 0.80, 0.80, 1.00, 0.55016, 0.22415
1020, 311, 0.44318, 9.02522, 2.03179, -0.22039, 0.90991, 0.35021, 0.80, 0.80, 0.80, 1.00, 0.55016, 0.18074
1021, 329, 0.62596, 9.04132, 1.88788, 0.1769, 0.96372, -0.19733, 0.80, 0.80, 0.80, 1.00, 0.58422, 0.22302
1022, 318, 0.46807, 9.03482, 1.90807, -0.23189, 0.94896, -0.21164, 0.80, 0.80, 0.80, 1.00, 0.579, 0.18414
1023, 1, 0.491, 8.24589, 2.26557, -0.03182, -0.40577, 0.91286, 0.80, 0.80, 0.80, 1.00, 0.44849, 0.00096
1024, 0, 0.45654, 8.08734, 2.19389, -0.05957, -0.53071, 0.84485, 0.80, 0.80, 0.80, 1.00, 0.44849, 0.14128
1025, 330, 0.67683, 8.2494, 2.21226, 0.43819, -0.5733, 0.69168, 0.80, 0.80, 0.80, 1.00, 0.64421, 0.00096
1026, 330, 0.67683, 8.2494, 2.21226, 0.43819, -0.5733, 0.69168, 0.80, 0.80, 0.80, 1.00, 0.64421, 0.00096
1027, 0, 0.45654, 8.08734, 2.19389, -0.05957, -0.53071, 0.84485, 0.80, 0.80, 0.80, 1.00, 0.44849, 0.14128
1028, 331, 0.6902, 8.14552, 2.09062, 0.51738, -0.62159, 0.58749, 0.80, 0.80, 0.80, 1.00, 0.68555, 0.13161
1029, 330, 0.67683, 8.2494, 2.21226, 0.43819, -0.5733, 0.69168, 0.80, 0.80, 0.80, 1.00, 0.64421, 0.00096
1030, 331, 0.6902, 8.14552, 2.09062, 0.51738, -0.62159, 0.58749, 0.80, 0.80, 0.80, 1.00, 0.68555, 0.13161
1031, 332, 0.76981, 8.24118, 2.10475, 0.59513, -0.57741, 0.55828, 0.80, 0.80, 0.80, 1.00, 0.74824, 0.07275
1032, 333, 2.4597, 5.0737, -0.79814, 0.84821, -0.37198, 0.37671, 0.80, 0.80, 0.80, 1.00, 0.08136, 0.13403
1033, 334, 2.6367, 5.47722, -0.80808, 0.86891, -0.35331, 0.34627, 0.80, 0.80, 0.80, 1.00, 0.17143, 0.09234
1034, 335, 2.54215, 5.40313, -0.64764, 0.85181, -0.37853, 0.36176, 0.80, 0.80, 0.80, 1.00, 0.12471, 0.08883
1035, 336, 2.56179, 5.16603, -0.92775, 0.87087, -0.3444, 0.3503, 0.80, 0.80, 0.80, 1.00, 0.12373, 0.13903
1036, 334, 2.6367, 5.47722, -0.80808, 0.86891, -0.35331, 0.34627, 0.80, 0.80, 0.80, 1.00, 0.17143, 0.09234
1037, 333, 2.4597, 5.0737, -0.79814, 0.84821, -0.37198, 0.37671, 0.80, 0.80, 0.80, 1.00, 0.08136, 0.13403
1038, 333, 2.4597, 5.0737, -0.79814, 0.84821, -0.37198, 0.37671, 0.80, 0.80, 0.80, 1.00, 0.08136, 0.13403
1039, 335, 2.54215, 5.40313, -0.64764, 0.85181, -0.37853, 0.36176, 0.80, 0.80, 0.80, 1.00, 0.12471, 0.08883
1040, 337, 2.43967, 5.27707, -0.5509, 0.83821, -0.38579, 0.38511, 0.80, 0.80, 0.80, 1.00, 0.07377, 0.08963
1041, 334, 2.6367, 5.47722, -0.80808, 0.86891, -0.35331, 0.34627, 0.80, 0.80, 0.80, 1.00, 0.17143, 0.09234
1042, 336, 2.56179, 5.16603, -0.92775, 0.87087, -0.3444, 0.3503, 0.80, 0.80, 0.80, 1.00, 0.12373, 0.13903
1043, 338, 2.64433, 5.33348, -0.99279, 0.89774, -0.32876, 0.29281, 0.80, 0.80, 0.80, 1.00, 0.16611, 0.12918
1044, 339, 2.108, 5.66855, -0.9171, -0.03766, 0.91115, 0.40994, 0.80, 0.80, 0.80, 1.00, 0.13161, 0.00331
1045, 340, 2.38732, 5.62787, -0.8791, 0.16957, 0.92037, 0.35185, 0.80, 0.80, 0.80, 1.00, 0.17579, 0.04419
1046, 341, 2.14246, 5.68115, -0.99052, 0.11136, 0.96925, 0.21861, 0.80, 0.80, 0.80, 1.00, 0.17648, 0.0044
1047, 342, 2.28888, 5.56337, -0.69471, 0.01152, 0.81607, 0.57755, 0.80, 0.80, 0.80, 1.00, 0.12673, 0.04318
1048, 340, 2.38732, 5.62787, -0.8791, 0.16957, 0.92037, 0.35185, 0.80, 0.80, 0.80, 1.00, 0.17579, 0.04419
1049, 339, 2.108, 5.66855, -0.9171, -0.03766, 0.91115, 0.40994, 0.80, 0.80, 0.80, 1.00, 0.13161, 0.00331
1050, 343, 2.13918, 5.50033, -1.09705, -0.39381, -0.35706, -0.84677, 0.80, 0.80, 0.80, 1.00, 0.27177, 0.00674
1051, 344, 2.19788, 5.15073, -0.92883, -0.41627, -0.56604, -0.71128, 0.80, 0.80, 0.80, 1.00, 0.32124, 0.0475
1052, 345, 2.04517, 5.41639, -0.98947, -0.47249, -0.44518, -0.76038, 0.80, 0.80, 0.80, 1.00, 0.31673, 0.00658
1053, 346, 2.30526, 5.24122, -1.07248, -0.18248, -0.47833, -0.8588, 0.80, 0.80, 0.80, 1.00, 0.27484, 0.04949
1054, 344, 2.19788, 5.15073, -0.92883, -0.41627, -0.56604, -0.71128, 0.80, 0.80, 0.80, 1.00, 0.32124, 0.0475
1055, 343, 2.13918, 5.50033, -1.09705, -0.39381, -0.35706, -0.84677, 0.80, 0.80, 0.80, 1.00, 0.27177, 0.00674
1056, 347, 2.01606, 5.56103, -0.83076, -0.31185, 0.72607, 0.61262, 0.80, 0.80, 0.80, 1.00, 0.06758, 0.0022
1057, 342, 2.28888, 5.56337, -0.69471, 0.01152, 0.81607, 0.57755, 0.80, 0.80, 0.80, 1.00, 0.12673, 0.04318
1058, 339, 2.108, 5.66855, -0.9171, -0.03766, 0.91115, 0.40994, 0.80, 0.80, 0.80, 1.00, 0.13161, 0.00331
1059, 348, 2.18052, 5.42807, -0.59631, -0.10816, 0.63819, 0.76203, 0.80, 0.80, 0.80, 1.00, 0.06962, 0.04232
1060, 342, 2.28888, 5.56337, -0.69471, 0.01152, 0.81607, 0.57755, 0.80, 0.80, 0.80, 1.00, 0.12673, 0.04318
1061, 347, 2.01606, 5.56103, -0.83076, -0.31185, 0.72607, 0.61262, 0.80, 0.80, 0.80, 1.00, 0.06758, 0.0022
1062, 349, 2.04517, 5.41639, -0.98947, -0.8372, -0.45583, 0.30182, 0.80, 0.80, 0.80, 1.00, 0.00909, 0.00308
1063, 350, 2.18052, 5.42807, -0.59631, -0.74964, -0.53763, 0.3857, 0.80, 0.80, 0.80, 1.00, 0.06953, 0.04232
1064, 351, 2.01606, 5.56103, -0.83076, -0.81938, -0.49027, 0.29671, 0.80, 0.80, 0.80, 1.00, 0.06744, 0.00219
1065, 352, 2.19788, 5.15073, -0.92883, -0.65292, -0.59726, 0.46554, 0.80, 0.80, 0.80, 1.00, 0.00573, 0.04991
1066, 350, 2.18052, 5.42807, -0.59631, -0.74964, -0.53763, 0.3857, 0.80, 0.80, 0.80, 1.00, 0.06953, 0.04232
1067, 349, 2.04517, 5.41639, -0.98947, -0.8372, -0.45583, 0.30182, 0.80, 0.80, 0.80, 1.00, 0.00909, 0.00308
1068, 353, 2.15372, 5.58126, -1.111, -0.13855, -0.17226, -0.97508, 0.80, 0.80, 0.80, 1.00, 0.22293, 0.00477
1069, 346, 2.30526, 5.24122, -1.07248, -0.18248, -0.47833, -0.8588, 0.80, 0.80, 0.80, 1.00, 0.27484, 0.04949
1070, 343, 2.13918, 5.50033, -1.09705, -0.39381, -0.35706, -0.84677, 0.80, 0.80, 0.80, 1.00, 0.27177, 0.00674
1071, 354, 2.39214, 5.43052, -1.12658, 0.07305, -0.29801, -0.9516, 0.80, 0.80, 0.80, 1.00, 0.22844, 0.04552
1072, 346, 2.30526, 5.24122, -1.07248, -0.18248, -0.47833, -0.8588, 0.80, 0.80, 0.80, 1.00, 0.27484, 0.04949
1073, 353, 2.15372, 5.58126, -1.111, -0.13855, -0.17226, -0.97508, 0.80, 0.80, 0.80, 1.00, 0.22293, 0.00477
1074, 355, 2.14246, 5.68115, -0.99052, 0.41493, 0.71709, -0.55976, 0.80, 0.80, 0.80, 1.00, 0.17658, 0.0044
1075, 356, 2.39214, 5.43052, -1.12658, 0.48436, 0.68974, -0.53794, 0.80, 0.80, 0.80, 1.00, 0.22837, 0.04551
1076, 357, 2.15372, 5.58126, -1.111, 0.41774, 0.71807, -0.55641, 0.80, 0.80, 0.80, 1.00, 0.22281, 0.00477
1077, 358, 2.38732, 5.62787, -0.8791, 0.54883, 0.65788, -0.51548, 0.80, 0.80, 0.80, 1.00, 0.17578, 0.04431
1078, 356, 2.39214, 5.43052, -1.12658, 0.48436, 0.68974, -0.53794, 0.80, 0.80, 0.80, 1.00, 0.22837, 0.04551
1079, 355, 2.14246, 5.68115, -0.99052, 0.41493, 0.71709, -0.55976, 0.80, 0.80, 0.80, 1.00, 0.17658, 0.0044
1080, 342, 2.28888, 5.56337, -0.69471, 0.01152, 0.81607, 0.57755, 0.80, 0.80, 0.80, 1.00, 0.12673, 0.04318
1081, 359, 2.53997, 5.53348, -0.80905, 0.34892, 0.81798, 0.45692, 0.80, 0.80, 0.80, 1.00, 0.172, 0.07336
1082, 340, 2.38732, 5.62787, -0.8791, 0.16957, 0.92037, 0.35185, 0.80, 0.80, 0.80, 1.00, 0.17579, 0.04419
1083, 360, 2.44662, 5.47517, -0.63035, 0.29502, 0.64737, 0.70249, 0.80, 0.80, 0.80, 1.00, 0.12388, 0.07229
1084, 359, 2.53997, 5.53348, -0.80905, 0.34892, 0.81798, 0.45692, 0.80, 0.80, 0.80, 1.00, 0.172, 0.07336
1085, 342, 2.28888, 5.56337, -0.69471, 0.01152, 0.81607, 0.57755, 0.80, 0.80, 0.80, 1.00, 0.12673, 0.04318
1086, 346, 2.30526, 5.24122, -1.07248, -0.18248, -0.47833, -0.8588, 0.80, 0.80, 0.80, 1.00, 0.27484, 0.04949
1087, 361, 2.35953, 5.06814, -0.86956, -0.02263, -0.84272, -0.53755, 0.80, 0.80, 0.80, 1.00, 0.32207, 0.07652
1088, 344, 2.19788, 5.15073, -0.92883, -0.41627, -0.56604, -0.71128, 0.80, 0.80, 0.80, 1.00, 0.32124, 0.0475
1089, 362, 2.46174, 5.15259, -1.00766, 0.26951, -0.67112, -0.69043, 0.80, 0.80, 0.80, 1.00, 0.27439, 0.07848
1090, 361, 2.35953, 5.06814, -0.86956, -0.02263, -0.84272, -0.53755, 0.80, 0.80, 0.80, 1.00, 0.32207, 0.07652
1091, 346, 2.30526, 5.24122, -1.07248, -0.18248, -0.47833, -0.8588, 0.80, 0.80, 0.80, 1.00, 0.27484, 0.04949
1092, 348, 2.18052, 5.42807, -0.59631, -0.10816, 0.63819, 0.76203, 0.80, 0.80, 0.80, 1.00, 0.06962, 0.04232
1093, 360, 2.44662, 5.47517, -0.63035, 0.29502, 0.64737, 0.70249, 0.80, 0.80, 0.80, 1.00, 0.12388, 0.07229
1094, 342, 2.28888, 5.56337, -0.69471, 0.01152, 0.81607, 0.57755, 0.80, 0.80, 0.80, 1.00, 0.12673, 0.04318
1095, 363, 2.34341, 5.34602, -0.53761, 0.26083, 0.42608, 0.86605, 0.80, 0.80, 0.80, 1.00, 0.0705, 0.0715
1096, 360, 2.44662, 5.47517, -0.63035, 0.29502, 0.64737, 0.70249, 0.80, 0.80, 0.80, 1.00, 0.12388, 0.07229
1097, 348, 2.18052, 5.42807, -0.59631, -0.10816, 0.63819, 0.76203, 0.80, 0.80, 0.80, 1.00, 0.06962, 0.04232
1098, 352, 2.19788, 5.15073, -0.92883, -0.65292, -0.59726, 0.46554, 0.80, 0.80, 0.80, 1.00, 0.00573, 0.04991
1099, 364, 2.34341, 5.34602, -0.53761, -0.49531, -0.67828, 0.54253, 0.80, 0.80, 0.80, 1.00, 0.0705, 0.0714
1100, 350, 2.18052, 5.42807, -0.59631, -0.74964, -0.53763, 0.3857, 0.80, 0.80, 0.80, 1.00, 0.06953, 0.04232
1101, 365, 2.35953, 5.06814, -0.86956, -0.44307, -0.70136, 0.55813, 0.80, 0.80, 0.80, 1.00, 0.0081, 0.07893
1102, 364, 2.34341, 5.34602, -0.53761, -0.49531, -0.67828, 0.54253, 0.80, 0.80, 0.80, 1.00, 0.0705, 0.0714
1103, 352, 2.19788, 5.15073, -0.92883, -0.65292, -0.59726, 0.46554, 0.80, 0.80, 0.80, 1.00, 0.00573, 0.04991
1104, 354, 2.39214, 5.43052, -1.12658, 0.07305, -0.29801, -0.9516, 0.80, 0.80, 0.80, 1.00, 0.22844, 0.04552
1105, 362, 2.46174, 5.15259, -1.00766, 0.26951, -0.67112, -0.69043, 0.80, 0.80, 0.80, 1.00, 0.27439, 0.07848
1106, 346, 2.30526, 5.24122, -1.07248, -0.18248, -0.47833, -0.8588, 0.80, 0.80, 0.80, 1.00, 0.27484, 0.04949
1107, 366, 2.54402, 5.33558, -1.056, 0.42904, -0.43901, -0.78929, 0.80, 0.80, 0.80, 1.00, 0.22639, 0.07458
1108, 362, 2.46174, 5.15259, -1.00766, 0.26951, -0.67112, -0.69043, 0.80, 0.80, 0.80, 1.00, 0.27439, 0.07848
1109, 354, 2.39214, 5.43052, -1.12658, 0.07305, -0.29801, -0.9516, 0.80, 0.80, 0.80, 1.00, 0.22844, 0.04552
1110, 358, 2.38732, 5.62787, -0.8791, 0.54883, 0.65788, -0.51548, 0.80, 0.80, 0.80, 1.00, 0.17578, 0.04431
1111, 367, 2.54402, 5.33558, -1.056, 0.53841, 0.6624, -0.52065, 0.80, 0.80, 0.80, 1.00, 0.22633, 0.07458
1112, 356, 2.39214, 5.43052, -1.12658, 0.48436, 0.68974, -0.53794, 0.80, 0.80, 0.80, 1.00, 0.22837, 0.04551
1113, 368, 2.53997, 5.53348, -0.80905, 0.47433, 0.69501, -0.54009, 0.80, 0.80, 0.80, 1.00, 0.17202, 0.07336
1114, 367, 2.54402, 5.33558, -1.056, 0.53841, 0.6624, -0.52065, 0.80, 0.80, 0.80, 1.00, 0.22633, 0.07458
1115, 358, 2.38732, 5.62787, -0.8791, 0.54883, 0.65788, -0.51548, 0.80, 0.80, 0.80, 1.00, 0.17578, 0.04431
1116, 360, 2.44662, 5.47517, -0.63035, 0.29502, 0.64737, 0.70249, 0.80, 0.80, 0.80, 1.00, 0.12388, 0.07229
1117, 369, 2.6367, 5.47722, -0.80808, 0.49749, 0.67873, 0.53984, 0.80, 0.80, 0.80, 1.00, 0.17143, 0.0923
1118, 359, 2.53997, 5.53348, -0.80905, 0.34892, 0.81798, 0.45692, 0.80, 0.80, 0.80, 1.00, 0.172, 0.07336
1119, 370, 2.54215, 5.40313, -0.64764, 0.44595, 0.425, 0.78747, 0.80, 0.80, 0.80, 1.00, 0.12403, 0.08898
1120, 369, 2.6367, 5.47722, -0.80808, 0.49749, 0.67873, 0.53984, 0.80, 0.80, 0.80, 1.00, 0.17143, 0.0923
1121, 360, 2.44662, 5.47517, -0.63035, 0.29502, 0.64737, 0.70249, 0.80, 0.80, 0.80, 1.00, 0.12388, 0.07229
1122, 362, 2.46174, 5.15259, -1.00766, 0.26951, -0.67112, -0.69043, 0.80, 0.80, 0.80, 1.00, 0.27439, 0.07848
1123, 371, 2.4597, 5.0737, -0.79814, 0.33224, -0.88361, -0.3295, 0.80, 0.80, 0.80, 1.00, 0.31885, 0.09196
1124, 361, 2.35953, 5.06814, -0.86956, -0.02263, -0.84272, -0.53755, 0.80, 0.80, 0.80, 1.00, 0.32207, 0.07652
1125, 372, 2.56179, 5.16603, -0.92775, 0.49289, -0.63117, -0.59873, 0.80, 0.80, 0.80, 1.00, 0.27475, 0.09369
1126, 371, 2.4597, 5.0737, -0.79814, 0.33224, -0.88361, -0.3295, 0.80, 0.80, 0.80, 1.00, 0.31885, 0.09196
1127, 362, 2.46174, 5.15259, -1.00766, 0.26951, -0.67112, -0.69043, 0.80, 0.80, 0.80, 1.00, 0.27439, 0.07848
1128, 363, 2.34341, 5.34602, -0.53761, 0.26083, 0.42608, 0.86605, 0.80, 0.80, 0.80, 1.00, 0.0705, 0.0715
1129, 370, 2.54215, 5.40313, -0.64764, 0.44595, 0.425, 0.78747, 0.80, 0.80, 0.80, 1.00, 0.12403, 0.08898
1130, 360, 2.44662, 5.47517, -0.63035, 0.29502, 0.64737, 0.70249, 0.80, 0.80, 0.80, 1.00, 0.12388, 0.07229
1131, 373, 2.43967, 5.27707, -0.5509, 0.37259, 0.35487, 0.85723, 0.80, 0.80, 0.80, 1.00, 0.07376, 0.08962
1132, 370, 2.54215, 5.40313, -0.64764, 0.44595, 0.425, 0.78747, 0.80, 0.80, 0.80, 1.00, 0.12403, 0.08898
1133, 363, 2.34341, 5.34602, -0.53761, 0.26083, 0.42608, 0.86605, 0.80, 0.80, 0.80, 1.00, 0.0705, 0.0715
1134, 365, 2.35953, 5.06814, -0.86956, -0.44307, -0.70136, 0.55813, 0.80, 0.80, 0.80, 1.00, 0.0081, 0.07893
1135, 374, 2.43967, 5.27707, -0.5509, -0.39695, -0.71846, 0.57093, 0.80, 0.80, 0.80, 1.00, 0.0737, 0.08961
1136, 364, 2.34341, 5.34602, -0.53761, -0.49531, -0.67828, 0.54253, 0.80, 0.80, 0.80, 1.00, 0.0705, 0.0714
1137, 375, 2.4597, 5.0737, -0.79814, -0.36773, -0.73243, 0.57273, 0.80, 0.80, 0.80, 1.00, 0.00648, 0.09305
1138, 374, 2.43967, 5.27707, -0.5509, -0.39695, -0.71846, 0.57093, 0.80, 0.80, 0.80, 1.00, 0.0737, 0.08961
1139, 365, 2.35953, 5.06814, -0.86956, -0.44307, -0.70136, 0.55813, 0.80, 0.80, 0.80, 1.00, 0.0081, 0.07893
1140, 366, 2.54402, 5.33558, -1.056, 0.42904, -0.43901, -0.78929, 0.80, 0.80, 0.80, 1.00, 0.22639, 0.07458
1141, 372, 2.56179, 5.16603, -0.92775, 0.49289, -0.63117, -0.59873, 0.80, 0.80, 0.80, 1.00, 0.27475, 0.09369
1142, 362, 2.46174, 5.15259, -1.00766, 0.26951, -0.67112, -0.69043, 0.80, 0.80, 0.80, 1.00, 0.27439, 0.07848
1143, 376, 2.64433, 5.33348, -0.99279, 0.45173, -0.50752, -0.73359, 0.80, 0.80, 0.80, 1.00, 0.22155, 0.09023
1144, 372, 2.56179, 5.16603, -0.92775, 0.49289, -0.63117, -0.59873, 0.80, 0.80, 0.80, 1.00, 0.27475, 0.09369
1145, 366, 2.54402, 5.33558, -1.056, 0.42904, -0.43901, -0.78929, 0.80, 0.80, 0.80, 1.00, 0.22639, 0.07458
1146, 368, 2.53997, 5.53348, -0.80905, 0.47433, 0.69501, -0.54009, 0.80, 0.80, 0.80, 1.00, 0.17202, 0.07336
1147, 377, 2.64433, 5.33348, -0.99279, 0.40185, 0.7242, -0.56015, 0.80, 0.80, 0.80, 1.00, 0.22148, 0.09023
1148, 367, 2.54402, 5.33558, -1.056, 0.53841, 0.6624, -0.52065, 0.80, 0.80, 0.80, 1.00, 0.22633, 0.07458
1149, 378, 2.6367, 5.47722, -0.80808, 0.42572, 0.72239, -0.54463, 0.80, 0.80, 0.80, 1.00, 0.17145, 0.0923
1150, 377, 2.64433, 5.33348, -0.99279, 0.40185, 0.7242, -0.56015, 0.80, 0.80, 0.80, 1.00, 0.22148, 0.09023
1151, 368, 2.53997, 5.53348, -0.80905, 0.47433, 0.69501, -0.54009, 0.80, 0.80, 0.80, 1.00, 0.17202, 0.07336
1152, 379, 1.7139, 6.37403, -0.73504, 0.81269, 0.54306, -0.21084, 0.80, 0.80, 0.80, 1.00, 0.81563, 0.00882
1153, 380, 1.7916, 6.1527, -1.00584, 0.58697, 0.48946, -0.64476, 0.80, 0.80, 0.80, 1.00, 0.84986, 0.04749
1154, 381, 1.66956, 6.40939, -0.93721, 0.52266, 0.44317, -0.72818, 0.80, 0.80, 0.80, 1.00, 0.85038, 0.00812
1155, 382, 1.8886, 6.14799, -0.78341, 0.75126, 0.59234, -0.29078, 0.80, 0.80, 0.80, 1.00, 0.81401, 0.04676
1156, 380, 1.7916, 6.1527, -1.00584, 0.58697, 0.48946, -0.64476, 0.80, 0.80, 0.80, 1.00, 0.84986, 0.04749
1157, 379, 1.7139, 6.37403, -0.73504, 0.81269, 0.54306, -0.21084, 0.80, 0.80, 0.80, 1.00, 0.81563, 0.00882
1158, 383, 1.32113, 6.20647, -0.89568, -0.90447, -0.31451, -0.28777, 0.80, 0.80, 0.80, 1.00, 0.89628, 0.0081
1159, 384, 1.44146, 5.85558, -0.69018, -0.60161, -0.65172, 0.46163, 0.80, 0.80, 0.80, 1.00, 0.92383, 0.04943
1160, 385, 1.3054, 6.13662, -0.61548, -0.56958, -0.45679, 0.68319, 0.80, 0.80, 0.80, 1.00, 0.92295, 0.00834
1161, 386, 1.44089, 5.91459, -0.97713, -0.76302, -0.41235, -0.49749, 0.80, 0.80, 0.80, 1.00, 0.89729, 0.04995
1162, 384, 1.44146, 5.85558, -0.69018, -0.60161, -0.65172, 0.46163, 0.80, 0.80, 0.80, 1.00, 0.92383, 0.04943
1163, 383, 1.32113, 6.20647, -0.89568, -0.90447, -0.31451, -0.28777, 0.80, 0.80, 0.80, 1.00, 0.89628, 0.0081
1164, 387, 1.64655, 6.28067, -0.46902, 0.58884, 0.17679, 0.78849, 0.80, 0.80, 0.80, 1.00, 0.95474, 0.00771
1165, 388, 1.8886, 6.14799, -0.78341, 0.8041, 0.34742, 0.48214, 0.80, 0.80, 0.80, 1.00, 0.98858, 0.04646
1166, 389, 1.7139, 6.37403, -0.73504, 0.77038, 0.51489, 0.37568, 0.80, 0.80, 0.80, 1.00, 0.9902, 0.00882
1167, 390, 1.76543, 6.02882, -0.5365, 0.42133, -0.07116, 0.90393, 0.80, 0.80, 0.80, 1.00, 0.95589, 0.0481
1168, 388, 1.8886, 6.14799, -0.78341, 0.8041, 0.34742, 0.48214, 0.80, 0.80, 0.80, 1.00, 0.98858, 0.04646
1169, 387, 1.64655, 6.28067, -0.46902, 0.58884, 0.17679, 0.78849, 0.80, 0.80, 0.80, 1.00, 0.95474, 0.00771
1170, 385, 1.3054, 6.13662, -0.61548, -0.56958, -0.45679, 0.68319, 0.80, 0.80, 0.80, 1.00, 0.92295, 0.00834
1171, 390, 1.76543, 6.02882, -0.5365, 0.42133, -0.07116, 0.90393, 0.80, 0.80, 0.80, 1.00, 0.95589, 0.0481
1172, 387, 1.64655, 6.28067, -0.46902, 0.58884, 0.17679, 0.78849, 0.80, 0.80, 0.80, 1.00, 0.95474, 0.00771
1173, 384, 1.44146, 5.85558, -0.69018, -0.60161, -0.65172, 0.46163, 0.80, 0.80, 0.80, 1.00, 0.92383, 0.04943
1174, 390, 1.76543, 6.02882, -0.5365, 0.42133, -0.07116, 0.90393, 0.80, 0.80, 0.80, 1.00, 0.95589, 0.0481
1175, 385, 1.3054, 6.13662, -0.61548, -0.56958, -0.45679, 0.68319, 0.80, 0.80, 0.80, 1.00, 0.92295, 0.00834
1176, 391, 1.41569, 6.31599, -1.0434, -0.49247, 0.01998, -0.86992, 0.80, 0.80, 0.80, 1.00, 0.87489, 0.00678
1177, 386, 1.44089, 5.91459, -0.97713, -0.76302, -0.41235, -0.49749, 0.80, 0.80, 0.80, 1.00, 0.89729, 0.04995
1178, 383, 1.32113, 6.20647, -0.89568, -0.90447, -0.31451, -0.28777, 0.80, 0.80, 0.80, 1.00, 0.89628, 0.0081
1179, 392, 1.54933, 6.03757, -1.11761, -0.1569, 0.00696, -0.98744, 0.80, 0.80, 0.80, 1.00, 0.87444, 0.04921
1180, 386, 1.44089, 5.91459, -0.97713, -0.76302, -0.41235, -0.49749, 0.80, 0.80, 0.80, 1.00, 0.89729, 0.04995
1181, 391, 1.41569, 6.31599, -1.0434, -0.49247, 0.01998, -0.86992, 0.80, 0.80, 0.80, 1.00, 0.87489, 0.00678
1182, 381, 1.66956, 6.40939, -0.93721, 0.52266, 0.44317, -0.72818, 0.80, 0.80, 0.80, 1.00, 0.85038, 0.00812
1183, 392, 1.54933, 6.03757, -1.11761, -0.1569, 0.00696, -0.98744, 0.80, 0.80, 0.80, 1.00, 0.87444, 0.04921
1184, 391, 1.41569, 6.31599, -1.0434, -0.49247, 0.01998, -0.86992, 0.80, 0.80, 0.80, 1.00, 0.87489, 0.00678
1185, 380, 1.7916, 6.1527, -1.00584, 0.58697, 0.48946, -0.64476, 0.80, 0.80, 0.80, 1.00, 0.84986, 0.04749
1186, 392, 1.54933, 6.03757, -1.11761, -0.1569, 0.00696, -0.98744, 0.80, 0.80, 0.80, 1.00, 0.87444, 0.04921
1187, 381, 1.66956, 6.40939, -0.93721, 0.52266, 0.44317, -0.72818, 0.80, 0.80, 0.80, 1.00, 0.85038, 0.00812
1188, 382, 1.8886, 6.14799, -0.78341, 0.75126, 0.59234, -0.29078, 0.80, 0.80, 0.80, 1.00, 0.81401, 0.04676
1189, 393, 2.14246, 5.68115, -0.99052, 0.40001, 0.91631, 0.00075, 0.80, 0.80, 0.80, 1.00, 0.83237, 0.12965
1190, 380, 1.7916, 6.1527, -1.00584, 0.58697, 0.48946, -0.64476, 0.80, 0.80, 0.80, 1.00, 0.84986, 0.04749
1191, 394, 2.108, 5.66855, -0.9171, 0.25817, 0.92448, 0.27983, 0.80, 0.80, 0.80, 1.00, 0.81382, 0.12904
1192, 393, 2.14246, 5.68115, -0.99052, 0.40001, 0.91631, 0.00075, 0.80, 0.80, 0.80, 1.00, 0.83237, 0.12965
1193, 382, 1.8886, 6.14799, -0.78341, 0.75126, 0.59234, -0.29078, 0.80, 0.80, 0.80, 1.00, 0.81401, 0.04676
1194, 386, 1.44089, 5.91459, -0.97713, -0.76302, -0.41235, -0.49749, 0.80, 0.80, 0.80, 1.00, 0.89729, 0.04995
1195, 395, 2.04517, 5.41639, -0.98947, 0.08298, -0.99177, -0.09579, 0.80, 0.80, 0.80, 1.00, 0.92921, 0.13049
1196, 384, 1.44146, 5.85558, -0.69018, -0.60161, -0.65172, 0.46163, 0.80, 0.80, 0.80, 1.00, 0.92383, 0.04943
1197, 396, 2.13918, 5.50033, -1.09705, 0.25196, -0.85718, -0.44885, 0.80, 0.80, 0.80, 1.00, 0.89311, 0.13102
1198, 395, 2.04517, 5.41639, -0.98947, 0.08298, -0.99177, -0.09579, 0.80, 0.80, 0.80, 1.00, 0.92921, 0.13049
1199, 397, 1.44089, 5.91459, -0.97713, -0.60253, -0.76829, -0.21541, 0.80, 0.80, 0.80, 1.00, 0.89732, 0.04996
1200, 390, 1.76543, 6.02882, -0.5365, 0.42133, -0.07116, 0.90393, 0.80, 0.80, 0.80, 1.00, 0.95589, 0.0481
1201, 398, 2.108, 5.66855, -0.9171, -0.07971, 0.56219, 0.82297, 0.80, 0.80, 0.80, 1.00, 0.99048, 0.13054
1202, 388, 1.8886, 6.14799, -0.78341, 0.8041, 0.34742, 0.48214, 0.80, 0.80, 0.80, 1.00, 0.98858, 0.04646
1203, 399, 2.01606, 5.56103, -0.83076, -0.25692, -0.37574, 0.89025, 0.80, 0.80, 0.80, 1.00, 0.95856, 0.1299
1204, 398, 2.108, 5.66855, -0.9171, -0.07971, 0.56219, 0.82297, 0.80, 0.80, 0.80, 1.00, 0.99048, 0.13054
1205, 390, 1.76543, 6.02882, -0.5365, 0.42133, -0.07116, 0.90393, 0.80, 0.80, 0.80, 1.00, 0.95589, 0.0481
1206, 384, 1.44146, 5.85558, -0.69018, -0.60161, -0.65172, 0.46163, 0.80, 0.80, 0.80, 1.00, 0.92383, 0.04943
1207, 399, 2.01606, 5.56103, -0.83076, -0.25692, -0.37574, 0.89025, 0.80, 0.80, 0.80, 1.00, 0.95856, 0.1299
1208, 390, 1.76543, 6.02882, -0.5365, 0.42133, -0.07116, 0.90393, 0.80, 0.80, 0.80, 1.00, 0.95589, 0.0481
1209, 395, 2.04517, 5.41639, -0.98947, 0.08298, -0.99177, -0.09579, 0.80, 0.80, 0.80, 1.00, 0.92921, 0.13049
1210, 399, 2.01606, 5.56103, -0.83076, -0.25692, -0.37574, 0.89025, 0.80, 0.80, 0.80, 1.00, 0.95856, 0.1299
1211, 384, 1.44146, 5.85558, -0.69018, -0.60161, -0.65172, 0.46163, 0.80, 0.80, 0.80, 1.00, 0.92383, 0.04943
1212, 392, 1.54933, 6.03757, -1.11761, -0.1569, 0.00696, -0.98744, 0.80, 0.80, 0.80, 1.00, 0.87444, 0.04921
1213, 400, 2.13918, 5.50033, -1.09705, 0.53285, -0.30371, -0.78971, 0.80, 0.80, 0.80, 1.00, 0.89315, 0.131
1214, 386, 1.44089, 5.91459, -0.97713, -0.76302, -0.41235, -0.49749, 0.80, 0.80, 0.80, 1.00, 0.89729, 0.04995
1215, 401, 2.15372, 5.58126, -1.111, 0.63455, 0.40268, -0.65953, 0.80, 0.80, 0.80, 1.00, 0.86425, 0.13012
1216, 400, 2.13918, 5.50033, -1.09705, 0.53285, -0.30371, -0.78971, 0.80, 0.80, 0.80, 1.00, 0.89315, 0.131
1217, 392, 1.54933, 6.03757, -1.11761, -0.1569, 0.00696, -0.98744, 0.80, 0.80, 0.80, 1.00, 0.87444, 0.04921
1218, 380, 1.7916, 6.1527, -1.00584, 0.58697, 0.48946, -0.64476, 0.80, 0.80, 0.80, 1.00, 0.84986, 0.04749
1219, 401, 2.15372, 5.58126, -1.111, 0.63455, 0.40268, -0.65953, 0.80, 0.80, 0.80, 1.00, 0.86425, 0.13012
1220, 392, 1.54933, 6.03757, -1.11761, -0.1569, 0.00696, -0.98744, 0.80, 0.80, 0.80, 1.00, 0.87444, 0.04921
1221, 393, 2.14246, 5.68115, -0.99052, 0.40001, 0.91631, 0.00075, 0.80, 0.80, 0.80, 1.00, 0.83237, 0.12965
1222, 401, 2.15372, 5.58126, -1.111, 0.63455, 0.40268, -0.65953, 0.80, 0.80, 0.80, 1.00, 0.86425, 0.13012
1223, 380, 1.7916, 6.1527, -1.00584, 0.58697, 0.48946, -0.64476, 0.80, 0.80, 0.80, 1.00, 0.84986, 0.04749
1224, 402, 1.64396, 7.4174, 0.32947, 0.71314, 0.61756, -0.33143, 0.80, 0.80, 0.80, 1.00, 0.99013, 0.19746
1225, 403, 1.40194, 7.41084, -0.06902, 0.67597, 0.58379, -0.44951, 0.80, 0.80, 0.80, 1.00, 0.90, 0.24736
1226, 404, 1.30871, 7.69036, 0.11768, 0.05994, 0.89799, -0.43554, 0.80, 0.80, 0.80, 1.00, 0.87617, 0.20965
1227, 405, 1.62431, 7.18905, 0.02381, 0.72211, 0.54621, -0.42431, 0.80, 0.80, 0.80, 1.00, 0.99122, 0.2465
1228, 403, 1.40194, 7.41084, -0.06902, 0.67597, 0.58379, -0.44951, 0.80, 0.80, 0.80, 1.00, 0.90, 0.24736
1229, 402, 1.64396, 7.4174, 0.32947, 0.71314, 0.61756, -0.33143, 0.80, 0.80, 0.80, 1.00, 0.99013, 0.19746
1230, 402, 1.64396, 7.4174, 0.32947, 0.71314, 0.61756, -0.33143, 0.80, 0.80, 0.80, 1.00, 0.99013, 0.19746
1231, 404, 1.30871, 7.69036, 0.11768, 0.05994, 0.89799, -0.43554, 0.80, 0.80, 0.80, 1.00, 0.87617, 0.20965
1232, 406, 1.34837, 7.78585, 0.55816, 0.40983, 0.883, -0.22815, 0.80, 0.80, 0.80, 1.00, 0.89775, 0.14833
1233, 402, 1.64396, 7.4174, 0.32947, 0.71314, 0.61756, -0.33143, 0.80, 0.80, 0.80, 1.00, 0.99013, 0.19746
1234, 406, 1.34837, 7.78585, 0.55816, 0.40983, 0.883, -0.22815, 0.80, 0.80, 0.80, 1.00, 0.89775, 0.14833
1235, 407, 1.58729, 7.58324, 0.68354, 0.69428, 0.68786, -0.21117, 0.80, 0.80, 0.80, 1.00, 0.99046, 0.14853
1236, 408, 1.58729, 7.58324, 0.68354, 0.71035, 0.64085, 0.2906, 0.80, 0.80, 0.80, 1.00, 0.73217, 0.10346
1237, 409, 1.34837, 7.78585, 0.55816, 0.21613, 0.96936, 0.11543, 0.80, 0.80, 0.80, 1.00, 0.78808, 0.10212
1238, 410, 1.32565, 7.7681, 0.74979, 0.28183, 0.90149, 0.32799, 0.80, 0.80, 0.80, 1.00, 0.78005, 0.11705
1239, 408, 1.58729, 7.58324, 0.68354, 0.71035, 0.64085, 0.2906, 0.80, 0.80, 0.80, 1.00, 0.73217, 0.10346
1240, 410, 1.32565, 7.7681, 0.74979, 0.28183, 0.90149, 0.32799, 0.80, 0.80, 0.80, 1.00, 0.78005, 0.11705
1241, 411, 1.5046, 7.60851, 0.81801, 0.67045, 0.54092, 0.50756, 0.80, 0.80, 0.80, 1.00, 0.73853, 0.11711
1242, 412, 1.03928, 7.35646, 0.31539, -0.01065, 0.50406, -0.86342, 0.80, 0.80, 0.80, 1.00, 0.80945, 0.21055
1243, 413, 1.22013, 7.54181, -0.09657, -0.19049, 0.861, -0.47124, 0.80, 0.80, 0.80, 1.00, 0.867, 0.24465
1244, 414, 0.91928, 7.30394, 0.08466, -0.99477, 0.09235, 0.04259, 0.80, 0.80, 0.80, 1.00, 0.80765, 0.24557
1245, 404, 1.30871, 7.69036, 0.11768, 0.05994, 0.89799, -0.43554, 0.80, 0.80, 0.80, 1.00, 0.87617, 0.20965
1246, 413, 1.22013, 7.54181, -0.09657, -0.19049, 0.861, -0.47124, 0.80, 0.80, 0.80, 1.00, 0.867, 0.24465
1247, 412, 1.03928, 7.35646, 0.31539, -0.01065, 0.50406, -0.86342, 0.80, 0.80, 0.80, 1.00, 0.80945, 0.21055
1248, 415, 0.90172, 6.99119, 0.45906, -0.19853, -0.55975, 0.80439, 0.80, 0.80, 0.80, 1.00, 0.71846, 0.24832
1249, 416, 1.62431, 7.18905, 0.02381, 0.89547, -0.41836, 0.15154, 0.80, 0.80, 0.80, 1.00, 0.61898, 0.24905
1250, 417, 1.46794, 7.00554, 0.46715, 0.91231, -0.39627, 0.10262, 0.80, 0.80, 0.80, 1.00, 0.70424, 0.21431
1251, 416, 1.62431, 7.18905, 0.02381, 0.89547, -0.41836, 0.15154, 0.80, 0.80, 0.80, 1.00, 0.61898, 0.24905
1252, 418, 1.64396, 7.4174, 0.32947, 0.91947, -0.31381, 0.23652, 0.80, 0.80, 0.80, 1.00, 0.61758, 0.20001
1253, 417, 1.46794, 7.00554, 0.46715, 0.91231, -0.39627, 0.10262, 0.80, 0.80, 0.80, 1.00, 0.70424, 0.21431
1254, 419, 1.04034, 7.71143, 0.72098, -0.51151, 0.82008, -0.25605, 0.80, 0.80, 0.80, 1.00, 0.81012, 0.14623
1255, 404, 1.30871, 7.69036, 0.11768, 0.05994, 0.89799, -0.43554, 0.80, 0.80, 0.80, 1.00, 0.87617, 0.20965
1256, 412, 1.03928, 7.35646, 0.31539, -0.01065, 0.50406, -0.86342, 0.80, 0.80, 0.80, 1.00, 0.80945, 0.21055
1257, 406, 1.34837, 7.78585, 0.55816, 0.40983, 0.883, -0.22815, 0.80, 0.80, 0.80, 1.00, 0.89775, 0.14833
1258, 404, 1.30871, 7.69036, 0.11768, 0.05994, 0.89799, -0.43554, 0.80, 0.80, 0.80, 1.00, 0.87617, 0.20965
1259, 419, 1.04034, 7.71143, 0.72098, -0.51151, 0.82008, -0.25605, 0.80, 0.80, 0.80, 1.00, 0.81012, 0.14623
1260, 417, 1.46794, 7.00554, 0.46715, 0.91231, -0.39627, 0.10262, 0.80, 0.80, 0.80, 1.00, 0.70424, 0.21431
1261, 420, 1.58729, 7.58324, 0.68354, 0.96041, -0.24673, 0.12892, 0.80, 0.80, 0.80, 1.00, 0.61774, 0.14789
1262, 421, 1.53874, 7.29411, 0.94407, 0.98099, -0.19151, -0.02986, 0.80, 0.80, 0.80, 1.00, 0.69579, 0.14495
1263, 418, 1.64396, 7.4174, 0.32947, 0.91947, -0.31381, 0.23652, 0.80, 0.80, 0.80, 1.00, 0.61758, 0.20001
1264, 420, 1.58729, 7.58324, 0.68354, 0.96041, -0.24673, 0.12892, 0.80, 0.80, 0.80, 1.00, 0.61774, 0.14789
1265, 417, 1.46794, 7.00554, 0.46715, 0.91231, -0.39627, 0.10262, 0.80, 0.80, 0.80, 1.00, 0.70424, 0.21431
1266, 422, 1.15252, 7.72078, 0.90068, 0.09019, 0.91587, 0.39084, 0.80, 0.80, 0.80, 1.00, 0.7888, 0.14547
1267, 410, 1.32565, 7.7681, 0.74979, 0.28183, 0.90149, 0.32799, 0.80, 0.80, 0.80, 1.00, 0.78005, 0.11705
1268, 423, 1.04034, 7.71143, 0.72098, -0.20127, 0.97682, 0.07093, 0.80, 0.80, 0.80, 1.00, 0.80958, 0.14557
1269, 410, 1.32565, 7.7681, 0.74979, 0.28183, 0.90149, 0.32799, 0.80, 0.80, 0.80, 1.00, 0.78005, 0.11705
1270, 409, 1.34837, 7.78585, 0.55816, 0.21613, 0.96936, 0.11543, 0.80, 0.80, 0.80, 1.00, 0.78808, 0.10212
1271, 423, 1.04034, 7.71143, 0.72098, -0.20127, 0.97682, 0.07093, 0.80, 0.80, 0.80, 1.00, 0.80958, 0.14557
1272, 424, 1.40626, 7.49474, 0.99814, 0.50301, 0.57917, 0.64128, 0.80, 0.80, 0.80, 1.00, 0.72992, 0.14557
1273, 410, 1.32565, 7.7681, 0.74979, 0.28183, 0.90149, 0.32799, 0.80, 0.80, 0.80, 1.00, 0.78005, 0.11705
1274, 422, 1.15252, 7.72078, 0.90068, 0.09019, 0.91587, 0.39084, 0.80, 0.80, 0.80, 1.00, 0.7888, 0.14547
1275, 411, 1.5046, 7.60851, 0.81801, 0.67045, 0.54092, 0.50756, 0.80, 0.80, 0.80, 1.00, 0.73853, 0.11711
1276, 410, 1.32565, 7.7681, 0.74979, 0.28183, 0.90149, 0.32799, 0.80, 0.80, 0.80, 1.00, 0.78005, 0.11705
1277, 424, 1.40626, 7.49474, 0.99814, 0.50301, 0.57917, 0.64128, 0.80, 0.80, 0.80, 1.00, 0.72992, 0.14557
1278, 425, 1.53874, 7.29411, 0.94407, 0.78923, 0.30037, 0.53538, 0.80, 0.80, 0.80, 1.00, 0.69529, 0.14565
1279, 411, 1.5046, 7.60851, 0.81801, 0.67045, 0.54092, 0.50756, 0.80, 0.80, 0.80, 1.00, 0.73853, 0.11711
1280, 424, 1.40626, 7.49474, 0.99814, 0.50301, 0.57917, 0.64128, 0.80, 0.80, 0.80, 1.00, 0.72992, 0.14557
1281, 408, 1.58729, 7.58324, 0.68354, 0.71035, 0.64085, 0.2906, 0.80, 0.80, 0.80, 1.00, 0.73217, 0.10346
1282, 411, 1.5046, 7.60851, 0.81801, 0.67045, 0.54092, 0.50756, 0.80, 0.80, 0.80, 1.00, 0.73853, 0.11711
1283, 425, 1.53874, 7.29411, 0.94407, 0.78923, 0.30037, 0.53538, 0.80, 0.80, 0.80, 1.00, 0.69529, 0.14565
1284, 415, 0.90172, 6.99119, 0.45906, -0.19853, -0.55975, 0.80439, 0.80, 0.80, 0.80, 1.00, 0.71846, 0.24832
1285, 426, 1.54716, 6.78157, -0.17261, 0.87766, -0.44733, 0.17163, 0.80, 0.80, 0.80, 1.00, 0.66835, 0.29778
1286, 416, 1.62431, 7.18905, 0.02381, 0.89547, -0.41836, 0.15154, 0.80, 0.80, 0.80, 1.00, 0.61898, 0.24905
1287, 427, 1.30755, 6.59305, -0.17008, -0.09025, -0.90786, 0.40904, 0.80, 0.80, 0.80, 1.00, 0.70995, 0.31396
1288, 426, 1.54716, 6.78157, -0.17261, 0.87766, -0.44733, 0.17163, 0.80, 0.80, 0.80, 1.00, 0.66835, 0.29778
1289, 415, 0.90172, 6.99119, 0.45906, -0.19853, -0.55975, 0.80439, 0.80, 0.80, 0.80, 1.00, 0.71846, 0.24832
1290, 414, 0.91928, 7.30394, 0.08466, -0.99477, 0.09235, 0.04259, 0.80, 0.80, 0.80, 1.00, 0.80765, 0.24557
1291, 427, 1.30755, 6.59305, -0.17008, -0.09025, -0.90786, 0.40904, 0.80, 0.80, 0.80, 1.00, 0.70995, 0.31396
1292, 415, 0.90172, 6.99119, 0.45906, -0.19853, -0.55975, 0.80439, 0.80, 0.80, 0.80, 1.00, 0.71846, 0.24832
1293, 428, 0.952, 6.96331, -0.31649, -0.81337, -0.53103, 0.23719, 0.80, 0.80, 0.80, 1.00, 0.79836, 0.31124
1294, 427, 1.30755, 6.59305, -0.17008, -0.09025, -0.90786, 0.40904, 0.80, 0.80, 0.80, 1.00, 0.70995, 0.31396
1295, 414, 0.91928, 7.30394, 0.08466, -0.99477, 0.09235, 0.04259, 0.80, 0.80, 0.80, 1.00, 0.80765, 0.24557
1296, 413, 1.22013, 7.54181, -0.09657, -0.19049, 0.861, -0.47124, 0.80, 0.80, 0.80, 1.00, 0.867, 0.24465
1297, 429, 1.07995, 7.2977, -0.43233, -0.5507, 0.67608, -0.48924, 0.80, 0.80, 0.80, 1.00, 0.85923, 0.2996
1298, 414, 0.91928, 7.30394, 0.08466, -0.99477, 0.09235, 0.04259, 0.80, 0.80, 0.80, 1.00, 0.80765, 0.24557
1299, 430, 1.31583, 7.22831, -0.52367, 0.31647, 0.76012, -0.56725, 0.80, 0.80, 0.80, 1.00, 0.90049, 0.31033
1300, 429, 1.07995, 7.2977, -0.43233, -0.5507, 0.67608, -0.48924, 0.80, 0.80, 0.80, 1.00, 0.85923, 0.2996
1301, 413, 1.22013, 7.54181, -0.09657, -0.19049, 0.861, -0.47124, 0.80, 0.80, 0.80, 1.00, 0.867, 0.24465
1302, 403, 1.40194, 7.41084, -0.06902, 0.67597, 0.58379, -0.44951, 0.80, 0.80, 0.80, 1.00, 0.90, 0.24736
1303, 405, 1.62431, 7.18905, 0.02381, 0.72211, 0.54621, -0.42431, 0.80, 0.80, 0.80, 1.00, 0.99122, 0.2465
1304, 431, 1.55953, 6.94972, -0.42411, 0.73003, 0.50912, -0.45574, 0.80, 0.80, 0.80, 1.00, 0.98934, 0.31183
1305, 431, 1.55953, 6.94972, -0.42411, 0.73003, 0.50912, -0.45574, 0.80, 0.80, 0.80, 1.00, 0.98934, 0.31183
1306, 430, 1.31583, 7.22831, -0.52367, 0.31647, 0.76012, -0.56725, 0.80, 0.80, 0.80, 1.00, 0.90049, 0.31033
1307, 403, 1.40194, 7.41084, -0.06902, 0.67597, 0.58379, -0.44951, 0.80, 0.80, 0.80, 1.00, 0.90, 0.24736
1308, 416, 1.62431, 7.18905, 0.02381, 0.89547, -0.41836, 0.15154, 0.80, 0.80, 0.80, 1.00, 0.61898, 0.24905
1309, 426, 1.54716, 6.78157, -0.17261, 0.87766, -0.44733, 0.17163, 0.80, 0.80, 0.80, 1.00, 0.66835, 0.29778
1310, 432, 1.55953, 6.94972, -0.42411, 0.98867, -0.14236, -0.04665, 0.80, 0.80, 0.80, 1.00, 0.61655, 0.31439
1311, 414, 0.91928, 7.30394, 0.08466, -0.99477, 0.09235, 0.04259, 0.80, 0.80, 0.80, 1.00, 0.80765, 0.24557
1312, 429, 1.07995, 7.2977, -0.43233, -0.5507, 0.67608, -0.48924, 0.80, 0.80, 0.80, 1.00, 0.85923, 0.2996
1313, 433, 0.93933, 6.8997, -0.53899, -0.97306, 0.01118, 0.23016, 0.80, 0.80, 0.80, 1.00, 0.80882, 0.34002
1314, 426, 1.54716, 6.78157, -0.17261, 0.87766, -0.44733, 0.17163, 0.80, 0.80, 0.80, 1.00, 0.66835, 0.29778
1315, 434, 1.53679, 6.81733, -0.5903, 0.97152, -0.23265, -0.04415, 0.80, 0.80, 0.80, 1.00, 0.61687, 0.34162
1316, 432, 1.55953, 6.94972, -0.42411, 0.98867, -0.14236, -0.04665, 0.80, 0.80, 0.80, 1.00, 0.61655, 0.31439
1317, 435, 1.48822, 6.66857, -0.50561, 0.77111, -0.5779, 0.26686, 0.80, 0.80, 0.80, 1.00, 0.66031, 0.3427
1318, 434, 1.53679, 6.81733, -0.5903, 0.97152, -0.23265, -0.04415, 0.80, 0.80, 0.80, 1.00, 0.61687, 0.34162
1319, 426, 1.54716, 6.78157, -0.17261, 0.87766, -0.44733, 0.17163, 0.80, 0.80, 0.80, 1.00, 0.66835, 0.29778
1320, 414, 0.91928, 7.30394, 0.08466, -0.99477, 0.09235, 0.04259, 0.80, 0.80, 0.80, 1.00, 0.80765, 0.24557
1321, 433, 0.93933, 6.8997, -0.53899, -0.97306, 0.01118, 0.23016, 0.80, 0.80, 0.80, 1.00, 0.80882, 0.34002
1322, 428, 0.952, 6.96331, -0.31649, -0.81337, -0.53103, 0.23719, 0.80, 0.80, 0.80, 1.00, 0.79836, 0.31124
1323, 436, 1.0802, 7.06671, -0.66994, -0.55481, 0.79541, -0.24346, 0.80, 0.80, 0.80, 1.00, 0.85691, 0.34094
1324, 433, 0.93933, 6.8997, -0.53899, -0.97306, 0.01118, 0.23016, 0.80, 0.80, 0.80, 1.00, 0.80882, 0.34002
1325, 429, 1.07995, 7.2977, -0.43233, -0.5507, 0.67608, -0.48924, 0.80, 0.80, 0.80, 1.00, 0.85923, 0.2996
1326, 427, 1.30755, 6.59305, -0.17008, -0.09025, -0.90786, 0.40904, 0.80, 0.80, 0.80, 1.00, 0.70995, 0.31396
1327, 435, 1.48822, 6.66857, -0.50561, 0.77111, -0.5779, 0.26686, 0.80, 0.80, 0.80, 1.00, 0.66031, 0.3427
1328, 426, 1.54716, 6.78157, -0.17261, 0.87766, -0.44733, 0.17163, 0.80, 0.80, 0.80, 1.00, 0.66835, 0.29778
1329, 437, 1.30443, 6.53854, -0.3865, -0.04303, -0.75395, 0.65527, 0.80, 0.80, 0.80, 1.00, 0.70581, 0.34132
1330, 435, 1.48822, 6.66857, -0.50561, 0.77111, -0.5779, 0.26686, 0.80, 0.80, 0.80, 1.00, 0.66031, 0.3427
1331, 427, 1.30755, 6.59305, -0.17008, -0.09025, -0.90786, 0.40904, 0.80, 0.80, 0.80, 1.00, 0.70995, 0.31396
1332, 428, 0.952, 6.96331, -0.31649, -0.81337, -0.53103, 0.23719, 0.80, 0.80, 0.80, 1.00, 0.79836, 0.31124
1333, 437, 1.30443, 6.53854, -0.3865, -0.04303, -0.75395, 0.65527, 0.80, 0.80, 0.80, 1.00, 0.70581, 0.34132
1334, 427, 1.30755, 6.59305, -0.17008, -0.09025, -0.90786, 0.40904, 0.80, 0.80, 0.80, 1.00, 0.70995, 0.31396
1335, 433, 0.93933, 6.8997, -0.53899, -0.97306, 0.01118, 0.23016, 0.80, 0.80, 0.80, 1.00, 0.80882, 0.34002
1336, 437, 1.30443, 6.53854, -0.3865, -0.04303, -0.75395, 0.65527, 0.80, 0.80, 0.80, 1.00, 0.70581, 0.34132
1337, 428, 0.952, 6.96331, -0.31649, -0.81337, -0.53103, 0.23719, 0.80, 0.80, 0.80, 1.00, 0.79836, 0.31124
1338, 430, 1.31583, 7.22831, -0.52367, 0.31647, 0.76012, -0.56725, 0.80, 0.80, 0.80, 1.00, 0.90049, 0.31033
1339, 436, 1.0802, 7.06671, -0.66994, -0.55481, 0.79541, -0.24346, 0.80, 0.80, 0.80, 1.00, 0.85691, 0.34094
1340, 429, 1.07995, 7.2977, -0.43233, -0.5507, 0.67608, -0.48924, 0.80, 0.80, 0.80, 1.00, 0.85923, 0.2996
1341, 438, 1.24588, 7.11104, -0.70467, 0.26681, 0.91283, -0.3086, 0.80, 0.80, 0.80, 1.00, 0.89202, 0.33907
1342, 436, 1.0802, 7.06671, -0.66994, -0.55481, 0.79541, -0.24346, 0.80, 0.80, 0.80, 1.00, 0.85691, 0.34094
1343, 430, 1.31583, 7.22831, -0.52367, 0.31647, 0.76012, -0.56725, 0.80, 0.80, 0.80, 1.00, 0.90049, 0.31033
1344, 431, 1.55953, 6.94972, -0.42411, 0.73003, 0.50912, -0.45574, 0.80, 0.80, 0.80, 1.00, 0.98934, 0.31183
1345, 438, 1.24588, 7.11104, -0.70467, 0.26681, 0.91283, -0.3086, 0.80, 0.80, 0.80, 1.00, 0.89202, 0.33907
1346, 430, 1.31583, 7.22831, -0.52367, 0.31647, 0.76012, -0.56725, 0.80, 0.80, 0.80, 1.00, 0.90049, 0.31033
1347, 439, 1.53679, 6.81733, -0.5903, 0.73086, 0.67142, -0.1217, 0.80, 0.80, 0.80, 1.00, 0.9901, 0.33906
1348, 438, 1.24588, 7.11104, -0.70467, 0.26681, 0.91283, -0.3086, 0.80, 0.80, 0.80, 1.00, 0.89202, 0.33907
1349, 431, 1.55953, 6.94972, -0.42411, 0.73003, 0.50912, -0.45574, 0.80, 0.80, 0.80, 1.00, 0.98934, 0.31183
1350, 440, 1.48822, 6.66857, -0.50561, 0.92397, -0.03228, 0.38084, 0.80, 0.80, 0.80, 1.00, 0.66051, 0.34334
1351, 441, 1.50697, 6.78719, -0.83314, 0.6723, 0.7281, -0.13283, 0.80, 0.80, 0.80, 1.00, 0.61703, 0.36159
1352, 442, 1.53679, 6.81733, -0.5903, 0.93043, -0.10386, 0.35117, 0.80, 0.80, 0.80, 1.00, 0.61691, 0.34226
1353, 443, 1.61087, 6.75106, -0.57011, 0.74975, 0.64428, -0.15024, 0.80, 0.80, 0.80, 1.00, 0.66085, 0.3621
1354, 441, 1.50697, 6.78719, -0.83314, 0.6723, 0.7281, -0.13283, 0.80, 0.80, 0.80, 1.00, 0.61703, 0.36159
1355, 440, 1.48822, 6.66857, -0.50561, 0.92397, -0.03228, 0.38084, 0.80, 0.80, 0.80, 1.00, 0.66051, 0.34334
1356, 436, 1.0802, 7.06671, -0.66994, -0.55481, 0.79541, -0.24346, 0.80, 0.80, 0.80, 1.00, 0.85691, 0.34094
1357, 444, 0.94703, 6.44619, -0.47642, -0.74097, -0.3807, 0.55308, 0.80, 0.80, 0.80, 1.00, 0.80364, 0.35882
1358, 433, 0.93933, 6.8997, -0.53899, -0.97306, 0.01118, 0.23016, 0.80, 0.80, 0.80, 1.00, 0.80882, 0.34002
1359, 445, 0.92785, 6.52009, -0.81124, -0.88205, -0.2596, -0.3929, 0.80, 0.80, 0.80, 1.00, 0.85733, 0.35974
1360, 444, 0.94703, 6.44619, -0.47642, -0.74097, -0.3807, 0.55308, 0.80, 0.80, 0.80, 1.00, 0.80364, 0.35882
1361, 436, 1.0802, 7.06671, -0.66994, -0.55481, 0.79541, -0.24346, 0.80, 0.80, 0.80, 1.00, 0.85691, 0.34094
1362, 437, 1.30443, 6.53854, -0.3865, -0.04303, -0.75395, 0.65527, 0.80, 0.80, 0.80, 1.00, 0.70581, 0.34132
1363, 446, 1.61087, 6.75106, -0.57011, 0.71834, 0.50383, 0.47944, 0.80, 0.80, 0.80, 1.00, 0.66065, 0.36146
1364, 435, 1.48822, 6.66857, -0.50561, 0.77111, -0.5779, 0.26686, 0.80, 0.80, 0.80, 1.00, 0.66031, 0.3427
1365, 447, 1.48039, 6.62414, -0.27679, 0.33516, 0.18844, 0.92296, 0.80, 0.80, 0.80, 1.00, 0.7111, 0.3601
1366, 446, 1.61087, 6.75106, -0.57011, 0.71834, 0.50383, 0.47944, 0.80, 0.80, 0.80, 1.00, 0.66065, 0.36146
1367, 437, 1.30443, 6.53854, -0.3865, -0.04303, -0.75395, 0.65527, 0.80, 0.80, 0.80, 1.00, 0.70581, 0.34132
1368, 433, 0.93933, 6.8997, -0.53899, -0.97306, 0.01118, 0.23016, 0.80, 0.80, 0.80, 1.00, 0.80882, 0.34002
1369, 447, 1.48039, 6.62414, -0.27679, 0.33516, 0.18844, 0.92296, 0.80, 0.80, 0.80, 1.00, 0.7111, 0.3601
1370, 437, 1.30443, 6.53854, -0.3865, -0.04303, -0.75395, 0.65527, 0.80, 0.80, 0.80, 1.00, 0.70581, 0.34132
1371, 444, 0.94703, 6.44619, -0.47642, -0.74097, -0.3807, 0.55308, 0.80, 0.80, 0.80, 1.00, 0.80364, 0.35882
1372, 447, 1.48039, 6.62414, -0.27679, 0.33516, 0.18844, 0.92296, 0.80, 0.80, 0.80, 1.00, 0.7111, 0.3601
1373, 433, 0.93933, 6.8997, -0.53899, -0.97306, 0.01118, 0.23016, 0.80, 0.80, 0.80, 1.00, 0.80882, 0.34002
1374, 438, 1.24588, 7.11104, -0.70467, 0.26681, 0.91283, -0.3086, 0.80, 0.80, 0.80, 1.00, 0.89202, 0.33907
1375, 445, 0.92785, 6.52009, -0.81124, -0.88205, -0.2596, -0.3929, 0.80, 0.80, 0.80, 1.00, 0.85733, 0.35974
1376, 436, 1.0802, 7.06671, -0.66994, -0.55481, 0.79541, -0.24346, 0.80, 0.80, 0.80, 1.00, 0.85691, 0.34094
1377, 448, 1.08054, 6.65423, -0.98964, -0.38244, 0.3059, -0.87168, 0.80, 0.80, 0.80, 1.00, 0.9008, 0.35788
1378, 445, 0.92785, 6.52009, -0.81124, -0.88205, -0.2596, -0.3929, 0.80, 0.80, 0.80, 1.00, 0.85733, 0.35974
1379, 438, 1.24588, 7.11104, -0.70467, 0.26681, 0.91283, -0.3086, 0.80, 0.80, 0.80, 1.00, 0.89202, 0.33907
1380, 439, 1.53679, 6.81733, -0.5903, 0.73086, 0.67142, -0.1217, 0.80, 0.80, 0.80, 1.00, 0.9901, 0.33906
1381, 448, 1.08054, 6.65423, -0.98964, -0.38244, 0.3059, -0.87168, 0.80, 0.80, 0.80, 1.00, 0.9008, 0.35788
1382, 438, 1.24588, 7.11104, -0.70467, 0.26681, 0.91283, -0.3086, 0.80, 0.80, 0.80, 1.00, 0.89202, 0.33907
1383, 449, 1.50697, 6.78719, -0.83314, 0.11455, 0.58824, -0.80034, 0.80, 0.80, 0.80, 1.00, 0.98896, 0.35775
1384, 448, 1.08054, 6.65423, -0.98964, -0.38244, 0.3059, -0.87168, 0.80, 0.80, 0.80, 1.00, 0.9008, 0.35788
1385, 439, 1.53679, 6.81733, -0.5903, 0.73086, 0.67142, -0.1217, 0.80, 0.80, 0.80, 1.00, 0.9901, 0.33906
1386, 443, 1.61087, 6.75106, -0.57011, 0.74975, 0.64428, -0.15024, 0.80, 0.80, 0.80, 1.00, 0.66085, 0.3621
1387, 450, 1.69155, 6.50366, -0.95815, 0.9338, 0.28686, -0.21362, 0.80, 0.80, 0.80, 1.00, 0.61681, 0.40716
1388, 441, 1.50697, 6.78719, -0.83314, 0.6723, 0.7281, -0.13283, 0.80, 0.80, 0.80, 1.00, 0.61703, 0.36159
1389, 451, 1.74741, 6.46012, -0.70635, 0.97481, -0.03012, -0.22087, 0.80, 0.80, 0.80, 1.00, 0.65224, 0.40658
1390, 450, 1.69155, 6.50366, -0.95815, 0.9338, 0.28686, -0.21362, 0.80, 0.80, 0.80, 1.00, 0.61681, 0.40716
1391, 443, 1.61087, 6.75106, -0.57011, 0.74975, 0.64428, -0.15024, 0.80, 0.80, 0.80, 1.00, 0.66085, 0.3621
1392, 445, 0.92785, 6.52009, -0.81124, -0.88205, -0.2596, -0.3929, 0.80, 0.80, 0.80, 1.00, 0.85733, 0.35974
1393, 452, 1.23769, 6.17392, -0.57842, -0.42063, -0.83826, 0.34657, 0.80, 0.80, 0.80, 1.00, 0.79036, 0.40813
1394, 444, 0.94703, 6.44619, -0.47642, -0.74097, -0.3807, 0.55308, 0.80, 0.80, 0.80, 1.00, 0.80364, 0.35882
1395, 453, 1.2519, 6.25528, -0.90463, -0.57081, -0.65977, -0.48846, 0.80, 0.80, 0.80, 1.00, 0.87804, 0.40966
1396, 452, 1.23769, 6.17392, -0.57842, -0.42063, -0.83826, 0.34657, 0.80, 0.80, 0.80, 1.00, 0.79036, 0.40813
1397, 445, 0.92785, 6.52009, -0.81124, -0.88205, -0.2596, -0.3929, 0.80, 0.80, 0.80, 1.00, 0.85733, 0.35974
1398, 447, 1.48039, 6.62414, -0.27679, 0.33516, 0.18844, 0.92296, 0.80, 0.80, 0.80, 1.00, 0.7111, 0.3601
1399, 454, 1.74741, 6.46012, -0.70635, 0.94012, 0.07593, 0.332, 0.80, 0.80, 0.80, 1.00, 0.65203, 0.40594
1400, 446, 1.61087, 6.75106, -0.57011, 0.71834, 0.50383, 0.47944, 0.80, 0.80, 0.80, 1.00, 0.66065, 0.36146
1401, 455, 1.66816, 6.35002, -0.39791, 0.54578, -0.47691, 0.68875, 0.80, 0.80, 0.80, 1.00, 0.70178, 0.40485
1402, 454, 1.74741, 6.46012, -0.70635, 0.94012, 0.07593, 0.332, 0.80, 0.80, 0.80, 1.00, 0.65203, 0.40594
1403, 447, 1.48039, 6.62414, -0.27679, 0.33516, 0.18844, 0.92296, 0.80, 0.80, 0.80, 1.00, 0.7111, 0.3601
1404, 444, 0.94703, 6.44619, -0.47642, -0.74097, -0.3807, 0.55308, 0.80, 0.80, 0.80, 1.00, 0.80364, 0.35882
1405, 455, 1.66816, 6.35002, -0.39791, 0.54578, -0.47691, 0.68875, 0.80, 0.80, 0.80, 1.00, 0.70178, 0.40485
1406, 447, 1.48039, 6.62414, -0.27679, 0.33516, 0.18844, 0.92296, 0.80, 0.80, 0.80, 1.00, 0.7111, 0.3601
1407, 452, 1.23769, 6.17392, -0.57842, -0.42063, -0.83826, 0.34657, 0.80, 0.80, 0.80, 1.00, 0.79036, 0.40813
1408, 455, 1.66816, 6.35002, -0.39791, 0.54578, -0.47691, 0.68875, 0.80, 0.80, 0.80, 1.00, 0.70178, 0.40485
1409, 444, 0.94703, 6.44619, -0.47642, -0.74097, -0.3807, 0.55308, 0.80, 0.80, 0.80, 1.00, 0.80364, 0.35882
1410, 448, 1.08054, 6.65423, -0.98964, -0.38244, 0.3059, -0.87168, 0.80, 0.80, 0.80, 1.00, 0.9008, 0.35788
1411, 453, 1.2519, 6.25528, -0.90463, -0.57081, -0.65977, -0.48846, 0.80, 0.80, 0.80, 1.00, 0.87804, 0.40966
1412, 445, 0.92785, 6.52009, -0.81124, -0.88205, -0.2596, -0.3929, 0.80, 0.80, 0.80, 1.00, 0.85733, 0.35974
1413, 456, 1.37241, 6.38721, -1.08958, -0.1071, -0.20615, -0.9725, 0.80, 0.80, 0.80, 1.00, 0.92605, 0.40659
1414, 453, 1.2519, 6.25528, -0.90463, -0.57081, -0.65977, -0.48846, 0.80, 0.80, 0.80, 1.00, 0.87804, 0.40966
1415, 448, 1.08054, 6.65423, -0.98964, -0.38244, 0.3059, -0.87168, 0.80, 0.80, 0.80, 1.00, 0.9008, 0.35788
1416, 449, 1.50697, 6.78719, -0.83314, 0.11455, 0.58824, -0.80034, 0.80, 0.80, 0.80, 1.00, 0.98896, 0.35775
1417, 456, 1.37241, 6.38721, -1.08958, -0.1071, -0.20615, -0.9725, 0.80, 0.80, 0.80, 1.00, 0.92605, 0.40659
1418, 448, 1.08054, 6.65423, -0.98964, -0.38244, 0.3059, -0.87168, 0.80, 0.80, 0.80, 1.00, 0.9008, 0.35788
1419, 457, 1.69155, 6.50366, -0.95815, 0.3917, -0.02903, -0.91955, 0.80, 0.80, 0.80, 1.00, 0.98879, 0.40333
1420, 456, 1.37241, 6.38721, -1.08958, -0.1071, -0.20615, -0.9725, 0.80, 0.80, 0.80, 1.00, 0.92605, 0.40659
1421, 449, 1.50697, 6.78719, -0.83314, 0.11455, 0.58824, -0.80034, 0.80, 0.80, 0.80, 1.00, 0.98896, 0.35775
1422, 451, 1.74741, 6.46012, -0.70635, 0.97481, -0.03012, -0.22087, 0.80, 0.80, 0.80, 1.00, 0.65224, 0.40658
1423, 458, 1.66956, 6.40939, -0.93721, 0.92772, -0.27483, -0.2525, 0.80, 0.80, 0.80, 1.00, 0.61683, 0.41609
1424, 450, 1.69155, 6.50366, -0.95815, 0.9338, 0.28686, -0.21362, 0.80, 0.80, 0.80, 1.00, 0.61681, 0.40716
1425, 459, 1.7139, 6.37403, -0.73504, 0.92726, -0.27696, -0.25187, 0.80, 0.80, 0.80, 1.00, 0.65123, 0.41554
1426, 458, 1.66956, 6.40939, -0.93721, 0.92772, -0.27483, -0.2525, 0.80, 0.80, 0.80, 1.00, 0.61683, 0.41609
1427, 451, 1.74741, 6.46012, -0.70635, 0.97481, -0.03012, -0.22087, 0.80, 0.80, 0.80, 1.00, 0.65224, 0.40658
1428, 453, 1.2519, 6.25528, -0.90463, -0.57081, -0.65977, -0.48846, 0.80, 0.80, 0.80, 1.00, 0.87804, 0.40966
1429, 460, 1.3054, 6.13662, -0.61548, -0.42897, -0.8979, 0.09725, 0.80, 0.80, 0.80, 1.00, 0.78671, 0.41705
1430, 452, 1.23769, 6.17392, -0.57842, -0.42063, -0.83826, 0.34657, 0.80, 0.80, 0.80, 1.00, 0.79036, 0.40813
1431, 461, 1.32113, 6.20647, -0.89568, -0.42198, -0.71848, -0.55264, 0.80, 0.80, 0.80, 1.00, 0.88177, 0.41855
1432, 460, 1.3054, 6.13662, -0.61548, -0.42897, -0.8979, 0.09725, 0.80, 0.80, 0.80, 1.00, 0.78671, 0.41705
1433, 453, 1.2519, 6.25528, -0.90463, -0.57081, -0.65977, -0.48846, 0.80, 0.80, 0.80, 1.00, 0.87804, 0.40966
1434, 455, 1.66816, 6.35002, -0.39791, 0.54578, -0.47691, 0.68875, 0.80, 0.80, 0.80, 1.00, 0.70178, 0.40485
1435, 462, 1.7139, 6.37403, -0.73504, 0.9169, -0.38708, 0.09668, 0.80, 0.80, 0.80, 1.00, 0.65102, 0.4149
1436, 454, 1.74741, 6.46012, -0.70635, 0.94012, 0.07593, 0.332, 0.80, 0.80, 0.80, 1.00, 0.65203, 0.40594
1437, 463, 1.64655, 6.28067, -0.46902, 0.3622, -0.71731, 0.59494, 0.80, 0.80, 0.80, 1.00, 0.70282, 0.41383
1438, 462, 1.7139, 6.37403, -0.73504, 0.9169, -0.38708, 0.09668, 0.80, 0.80, 0.80, 1.00, 0.65102, 0.4149
1439, 455, 1.66816, 6.35002, -0.39791, 0.54578, -0.47691, 0.68875, 0.80, 0.80, 0.80, 1.00, 0.70178, 0.40485
1440, 452, 1.23769, 6.17392, -0.57842, -0.42063, -0.83826, 0.34657, 0.80, 0.80, 0.80, 1.00, 0.79036, 0.40813
1441, 463, 1.64655, 6.28067, -0.46902, 0.3622, -0.71731, 0.59494, 0.80, 0.80, 0.80, 1.00, 0.70282, 0.41383
1442, 455, 1.66816, 6.35002, -0.39791, 0.54578, -0.47691, 0.68875, 0.80, 0.80, 0.80, 1.00, 0.70178, 0.40485
1443, 460, 1.3054, 6.13662, -0.61548, -0.42897, -0.8979, 0.09725, 0.80, 0.80, 0.80, 1.00, 0.78671, 0.41705
1444, 463, 1.64655, 6.28067, -0.46902, 0.3622, -0.71731, 0.59494, 0.80, 0.80, 0.80, 1.00, 0.70282, 0.41383
1445, 452, 1.23769, 6.17392, -0.57842, -0.42063, -0.83826, 0.34657, 0.80, 0.80, 0.80, 1.00, 0.79036, 0.40813
1446, 456, 1.37241, 6.38721, -1.08958, -0.1071, -0.20615, -0.9725, 0.80, 0.80, 0.80, 1.00, 0.92605, 0.40659
1447, 461, 1.32113, 6.20647, -0.89568, -0.42198, -0.71848, -0.55264, 0.80, 0.80, 0.80, 1.00, 0.88177, 0.41855
1448, 453, 1.2519, 6.25528, -0.90463, -0.57081, -0.65977, -0.48846, 0.80, 0.80, 0.80, 1.00, 0.87804, 0.40966
1449, 464, 1.41569, 6.31599, -1.0434, 0.21278, -0.44498, -0.86979, 0.80, 0.80, 0.80, 1.00, 0.9282, 0.41554
1450, 461, 1.32113, 6.20647, -0.89568, -0.42198, -0.71848, -0.55264, 0.80, 0.80, 0.80, 1.00, 0.88177, 0.41855
1451, 456, 1.37241, 6.38721, -1.08958, -0.1071, -0.20615, -0.9725, 0.80, 0.80, 0.80, 1.00, 0.92605, 0.40659
1452, 457, 1.69155, 6.50366, -0.95815, 0.3917, -0.02903, -0.91955, 0.80, 0.80, 0.80, 1.00, 0.98879, 0.40333
1453, 464, 1.41569, 6.31599, -1.0434, 0.21278, -0.44498, -0.86979, 0.80, 0.80, 0.80, 1.00, 0.9282, 0.41554
1454, 456, 1.37241, 6.38721, -1.08958, -0.1071, -0.20615, -0.9725, 0.80, 0.80, 0.80, 1.00, 0.92605, 0.40659
1455, 465, 1.66956, 6.40939, -0.93721, 0.45884, -0.29323, -0.83867, 0.80, 0.80, 0.80, 1.00, 0.9888, 0.41224
1456, 464, 1.41569, 6.31599, -1.0434, 0.21278, -0.44498, -0.86979, 0.80, 0.80, 0.80, 1.00, 0.9282, 0.41554
1457, 457, 1.69155, 6.50366, -0.95815, 0.3917, -0.02903, -0.91955, 0.80, 0.80, 0.80, 1.00, 0.98879, 0.40333
1458, 404, 1.30871, 7.69036, 0.11768, 0.05994, 0.89799, -0.43554, 0.80, 0.80, 0.80, 1.00, 0.87617, 0.20965
1459, 403, 1.40194, 7.41084, -0.06902, 0.67597, 0.58379, -0.44951, 0.80, 0.80, 0.80, 1.00, 0.90, 0.24736
1460, 413, 1.22013, 7.54181, -0.09657, -0.19049, 0.861, -0.47124, 0.80, 0.80, 0.80, 1.00, 0.867, 0.24465
1461, 430, 1.31583, 7.22831, -0.52367, 0.31647, 0.76012, -0.56725, 0.80, 0.80, 0.80, 1.00, 0.90049, 0.31033
1462, 413, 1.22013, 7.54181, -0.09657, -0.19049, 0.861, -0.47124, 0.80, 0.80, 0.80, 1.00, 0.867, 0.24465
1463, 403, 1.40194, 7.41084, -0.06902, 0.67597, 0.58379, -0.44951, 0.80, 0.80, 0.80, 1.00, 0.90, 0.24736
1464, 466, 0.27662, 4.75057, 0.04509, -0.14737, 0.24425, -0.9583, 0.80, 0.80, 0.80, 1.00, 0.25092, 0.13517
1465, 467, 0.68239, 4.94081, 0.19146, 0.56717, 0.56671, -0.5967, 0.80, 0.80, 0.80, 1.00, 0.33113, 0.13508
1466, 468, 1.36861, 3.44208, -0.42265, 0.31511, 0.18811, -0.92995, 0.80, 0.80, 0.80, 1.00, 0.29349, 0.44726
1467, 142, 0.01209, 4.66895, 0.69907, -0.07524, -0.98617, -0.14766, 0.80, 0.80, 0.80, 1.00, 0.14033, 0.15646
1468, 469, 0.9396, 2.925, 0.39626, -0.58784, -0.63497, 0.50008, 0.80, 0.80, 0.80, 1.00, 0.14472, 0.4727
1469, 143, 0.20958, 4.62725, 1.08666, 0.4492, -0.14482, 0.88161, 0.80, 0.80, 0.80, 1.00, 0.10614, 0.16404
1470, 469, 0.9396, 2.925, 0.39626, -0.58784, -0.63497, 0.50008, 0.80, 0.80, 0.80, 1.00, 0.14472, 0.4727
1471, 470, 1.25579, 2.97234, 0.65555, 0.2813, -0.34117, 0.8967, 0.80, 0.80, 0.80, 1.00, 0.10165, 0.48498
1472, 143, 0.20958, 4.62725, 1.08666, 0.4492, -0.14482, 0.88161, 0.80, 0.80, 0.80, 1.00, 0.10614, 0.16404
1473, 143, 0.20958, 4.62725, 1.08666, 0.4492, -0.14482, 0.88161, 0.80, 0.80, 0.80, 1.00, 0.10614, 0.16404
1474, 470, 1.25579, 2.97234, 0.65555, 0.2813, -0.34117, 0.8967, 0.80, 0.80, 0.80, 1.00, 0.10165, 0.48498
1475, 471, 0.68027, 4.67653, 0.88026, 0.61596, 0.17022, 0.76902, 0.80, 0.80, 0.80, 1.00, 0.07378, 0.15933
1476, 470, 1.25579, 2.97234, 0.65555, 0.2813, -0.34117, 0.8967, 0.80, 0.80, 0.80, 1.00, 0.10165, 0.48498
1477, 472, 1.6028, 3.24465, 0.45253, 0.63123, 0.01113, 0.77533, 0.80, 0.80, 0.80, 1.00, 0.05031, 0.47586
1478, 471, 0.68027, 4.67653, 0.88026, 0.61596, 0.17022, 0.76902, 0.80, 0.80, 0.80, 1.00, 0.07378, 0.15933
1479, 473, 0.8124, 4.90604, 0.61021, 0.77354, 0.60365, -0.18988, 0.80, 0.80, 0.80, 1.00, 0.38772, 0.14075
1480, 474, 1.78211, 3.51686, 0.14479, 0.82721, 0.34629, -0.44115, 0.80, 0.80, 0.80, 1.00, 0.36069, 0.45539
1481, 467, 0.68239, 4.94081, 0.19146, 0.56717, 0.56671, -0.5967, 0.80, 0.80, 0.80, 1.00, 0.33113, 0.13508
1482, 474, 1.78211, 3.51686, 0.14479, 0.82721, 0.34629, -0.44115, 0.80, 0.80, 0.80, 1.00, 0.36069, 0.45539
1483, 468, 1.36861, 3.44208, -0.42265, 0.31511, 0.18811, -0.92995, 0.80, 0.80, 0.80, 1.00, 0.29349, 0.44726
1484, 467, 0.68239, 4.94081, 0.19146, 0.56717, 0.56671, -0.5967, 0.80, 0.80, 0.80, 1.00, 0.33113, 0.13508
1485, 471, 0.68027, 4.67653, 0.88026, 0.61596, 0.17022, 0.76902, 0.80, 0.80, 0.80, 1.00, 0.07378, 0.15933
1486, 475, 1.78211, 3.51686, 0.14479, 0.72042, 0.28408, 0.63238, 0.80, 0.80, 0.80, 1.00, 0.00917, 0.45539
1487, 476, 0.8124, 4.90604, 0.61021, 0.72825, 0.30292, 0.6144, 0.80, 0.80, 0.80, 1.00, 0.03616, 0.14075
1488, 472, 1.6028, 3.24465, 0.45253, 0.63123, 0.01113, 0.77533, 0.80, 0.80, 0.80, 1.00, 0.05031, 0.47586
1489, 475, 1.78211, 3.51686, 0.14479, 0.72042, 0.28408, 0.63238, 0.80, 0.80, 0.80, 1.00, 0.00917, 0.45539
1490, 471, 0.68027, 4.67653, 0.88026, 0.61596, 0.17022, 0.76902, 0.80, 0.80, 0.80, 1.00, 0.07378, 0.15933
1491, 466, 0.27662, 4.75057, 0.04509, -0.14737, 0.24425, -0.9583, 0.80, 0.80, 0.80, 1.00, 0.25092, 0.13517
1492, 477, 0.92896, 3.1914, -0.38279, -0.3137, -0.16406, -0.93523, 0.80, 0.80, 0.80, 1.00, 0.24336, 0.44936
1493, 478, 0.06764, 4.62919, 0.11286, -0.51899, -0.01647, -0.85452, 0.80, 0.80, 0.80, 1.00, 0.21674, 0.13527
1494, 468, 1.36861, 3.44208, -0.42265, 0.31511, 0.18811, -0.92995, 0.80, 0.80, 0.80, 1.00, 0.29349, 0.44726
1495, 477, 0.92896, 3.1914, -0.38279, -0.3137, -0.16406, -0.93523, 0.80, 0.80, 0.80, 1.00, 0.24336, 0.44936
1496, 466, 0.27662, 4.75057, 0.04509, -0.14737, 0.24425, -0.9583, 0.80, 0.80, 0.80, 1.00, 0.25092, 0.13517
1497, 153, -0.21057, 4.78691, 0.26207, -0.45399, -0.00437, -0.891, 0.80, 0.80, 0.80, 1.00, 0.18641, 0.13501
1498, 469, 0.9396, 2.925, 0.39626, -0.58784, -0.63497, 0.50008, 0.80, 0.80, 0.80, 1.00, 0.14472, 0.4727
1499, 142, 0.01209, 4.66895, 0.69907, -0.07524, -0.98617, -0.14766, 0.80, 0.80, 0.80, 1.00, 0.14033, 0.15646
1500, 479, 0.6349, 3.00112, -0.14998, -0.72977, -0.5821, -0.35761, 0.80, 0.80, 0.80, 1.00, 0.2056, 0.44908
1501, 469, 0.9396, 2.925, 0.39626, -0.58784, -0.63497, 0.50008, 0.80, 0.80, 0.80, 1.00, 0.14472, 0.4727
1502, 153, -0.21057, 4.78691, 0.26207, -0.45399, -0.00437, -0.891, 0.80, 0.80, 0.80, 1.00, 0.18641, 0.13501
1503, 478, 0.06764, 4.62919, 0.11286, -0.51899, -0.01647, -0.85452, 0.80, 0.80, 0.80, 1.00, 0.21674, 0.13527
1504, 479, 0.6349, 3.00112, -0.14998, -0.72977, -0.5821, -0.35761, 0.80, 0.80, 0.80, 1.00, 0.2056, 0.44908
1505, 153, -0.21057, 4.78691, 0.26207, -0.45399, -0.00437, -0.891, 0.80, 0.80, 0.80, 1.00, 0.18641, 0.13501
1506, 477, 0.92896, 3.1914, -0.38279, -0.3137, -0.16406, -0.93523, 0.80, 0.80, 0.80, 1.00, 0.24336, 0.44936
1507, 479, 0.6349, 3.00112, -0.14998, -0.72977, -0.5821, -0.35761, 0.80, 0.80, 0.80, 1.00, 0.2056, 0.44908
1508, 478, 0.06764, 4.62919, 0.11286, -0.51899, -0.01647, -0.85452, 0.80, 0.80, 0.80, 1.00, 0.21674, 0.13527
1509, 469, 0.9396, 2.925, 0.39626, -0.58784, -0.63497, 0.50008, 0.80, 0.80, 0.80, 1.00, 0.14472, 0.4727
1510, 480, 1.58379, 2.64372, 0.36904, 0.15849, -0.84361, 0.51187, 0.80, 0.80, 0.80, 1.00, 0.10182, 0.55266
1511, 470, 1.25579, 2.97234, 0.65555, 0.2813, -0.34117, 0.8967, 0.80, 0.80, 0.80, 1.00, 0.10165, 0.48498
1512, 481, 1.25126, 2.72922, 0.3476, -0.47143, -0.71172, 0.51958, 0.80, 0.80, 0.80, 1.00, 0.16244, 0.5428
1513, 480, 1.58379, 2.64372, 0.36904, 0.15849, -0.84361, 0.51187, 0.80, 0.80, 0.80, 1.00, 0.10182, 0.55266
1514, 469, 0.9396, 2.925, 0.39626, -0.58784, -0.63497, 0.50008, 0.80, 0.80, 0.80, 1.00, 0.14472, 0.4727
1515, 470, 1.25579, 2.97234, 0.65555, 0.2813, -0.34117, 0.8967, 0.80, 0.80, 0.80, 1.00, 0.10165, 0.48498
1516, 482, 1.71633, 2.78599, 0.1572, 0.80476, -0.58018, 0.11845, 0.80, 0.80, 0.80, 1.00, 0.05249, 0.54608
1517, 472, 1.6028, 3.24465, 0.45253, 0.63123, 0.01113, 0.77533, 0.80, 0.80, 0.80, 1.00, 0.05031, 0.47586
1518, 480, 1.58379, 2.64372, 0.36904, 0.15849, -0.84361, 0.51187, 0.80, 0.80, 0.80, 1.00, 0.10182, 0.55266
1519, 482, 1.71633, 2.78599, 0.1572, 0.80476, -0.58018, 0.11845, 0.80, 0.80, 0.80, 1.00, 0.05249, 0.54608
1520, 470, 1.25579, 2.97234, 0.65555, 0.2813, -0.34117, 0.8967, 0.80, 0.80, 0.80, 1.00, 0.10165, 0.48498
1521, 474, 1.78211, 3.51686, 0.14479, 0.82721, 0.34629, -0.44115, 0.80, 0.80, 0.80, 1.00, 0.36069, 0.45539
1522, 483, 1.44989, 3.10978, -0.21366, 0.1281, 0.00359, -0.99138, 0.80, 0.80, 0.80, 1.00, 0.3103, 0.52581
1523, 468, 1.36861, 3.44208, -0.42265, 0.31511, 0.18811, -0.92995, 0.80, 0.80, 0.80, 1.00, 0.29349, 0.44726
1524, 484, 1.73634, 2.97354, -0.03518, 0.46492, -0.16074, -0.87001, 0.80, 0.80, 0.80, 1.00, 0.36257, 0.53132
1525, 483, 1.44989, 3.10978, -0.21366, 0.1281, 0.00359, -0.99138, 0.80, 0.80, 0.80, 1.00, 0.3103, 0.52581
1526, 474, 1.78211, 3.51686, 0.14479, 0.82721, 0.34629, -0.44115, 0.80, 0.80, 0.80, 1.00, 0.36069, 0.45539
1527, 485, 1.6028, 3.24465, 0.45253, 0.90759, -0.11589, 0.40251, 0.80, 0.80, 0.80, 1.00, 0.05039, 0.47586
1528, 486, 1.73634, 2.97354, -0.03518, 0.86497, -0.40999, -0.28623, 0.80, 0.80, 0.80, 1.00, 0.0111, 0.53132
1529, 487, 1.78211, 3.51686, 0.14479, 0.9022, -0.13145, 0.40978, 0.80, 0.80, 0.80, 1.00, 0.00918, 0.45539
1530, 488, 1.71633, 2.78599, 0.1572, 0.86942, -0.39454, -0.29433, 0.80, 0.80, 0.80, 1.00, 0.05258, 0.54608
1531, 486, 1.73634, 2.97354, -0.03518, 0.86497, -0.40999, -0.28623, 0.80, 0.80, 0.80, 1.00, 0.0111, 0.53132
1532, 485, 1.6028, 3.24465, 0.45253, 0.90759, -0.11589, 0.40251, 0.80, 0.80, 0.80, 1.00, 0.05039, 0.47586
1533, 468, 1.36861, 3.44208, -0.42265, 0.31511, 0.18811, -0.92995, 0.80, 0.80, 0.80, 1.00, 0.29349, 0.44726
1534, 489, 1.10121, 3.04562, -0.06014, -0.67032, -0.0414, -0.74028, 0.80, 0.80, 0.80, 1.00, 0.25611, 0.52596
1535, 477, 0.92896, 3.1914, -0.38279, -0.3137, -0.16406, -0.93523, 0.80, 0.80, 0.80, 1.00, 0.24336, 0.44936
1536, 483, 1.44989, 3.10978, -0.21366, 0.1281, 0.00359, -0.99138, 0.80, 0.80, 0.80, 1.00, 0.3103, 0.52581
1537, 489, 1.10121, 3.04562, -0.06014, -0.67032, -0.0414, -0.74028, 0.80, 0.80, 0.80, 1.00, 0.25611, 0.52596
1538, 468, 1.36861, 3.44208, -0.42265, 0.31511, 0.18811, -0.92995, 0.80, 0.80, 0.80, 1.00, 0.29349, 0.44726
1539, 479, 0.6349, 3.00112, -0.14998, -0.72977, -0.5821, -0.35761, 0.80, 0.80, 0.80, 1.00, 0.2056, 0.44908
1540, 481, 1.25126, 2.72922, 0.3476, -0.47143, -0.71172, 0.51958, 0.80, 0.80, 0.80, 1.00, 0.16244, 0.5428
1541, 469, 0.9396, 2.925, 0.39626, -0.58784, -0.63497, 0.50008, 0.80, 0.80, 0.80, 1.00, 0.14472, 0.4727
1542, 490, 0.98209, 2.89949, 0.24087, -0.90196, -0.39809, -0.16295, 0.80, 0.80, 0.80, 1.00, 0.20809, 0.52575
1543, 481, 1.25126, 2.72922, 0.3476, -0.47143, -0.71172, 0.51958, 0.80, 0.80, 0.80, 1.00, 0.16244, 0.5428
1544, 479, 0.6349, 3.00112, -0.14998, -0.72977, -0.5821, -0.35761, 0.80, 0.80, 0.80, 1.00, 0.2056, 0.44908
1545, 477, 0.92896, 3.1914, -0.38279, -0.3137, -0.16406, -0.93523, 0.80, 0.80, 0.80, 1.00, 0.24336, 0.44936
1546, 490, 0.98209, 2.89949, 0.24087, -0.90196, -0.39809, -0.16295, 0.80, 0.80, 0.80, 1.00, 0.20809, 0.52575
1547, 479, 0.6349, 3.00112, -0.14998, -0.72977, -0.5821, -0.35761, 0.80, 0.80, 0.80, 1.00, 0.2056, 0.44908
1548, 489, 1.10121, 3.04562, -0.06014, -0.67032, -0.0414, -0.74028, 0.80, 0.80, 0.80, 1.00, 0.25611, 0.52596
1549, 490, 0.98209, 2.89949, 0.24087, -0.90196, -0.39809, -0.16295, 0.80, 0.80, 0.80, 1.00, 0.20809, 0.52575
1550, 477, 0.92896, 3.1914, -0.38279, -0.3137, -0.16406, -0.93523, 0.80, 0.80, 0.80, 1.00, 0.24336, 0.44936
1551, 491, 1.25126, 2.72922, 0.3476, -0.28316, -0.42382, 0.85979, 0.80, 0.80, 0.80, 1.00, 0.89725, 0.42902
1552, 492, 1.34532, 2.12835, 0.02302, -0.17486, -0.5177, 0.83694, 0.80, 0.80, 0.80, 1.00, 0.91128, 0.48716
1553, 493, 1.58379, 2.64372, 0.36904, -0.18051, -0.48878, 0.85298, 0.80, 0.80, 0.80, 1.00, 0.92246, 0.43041
1554, 494, 0.98535, 2.25418, 0.02904, -0.3876, -0.44667, 0.80572, 0.80, 0.80, 0.80, 1.00, 0.87231, 0.47948
1555, 492, 1.34532, 2.12835, 0.02302, -0.17486, -0.5177, 0.83694, 0.80, 0.80, 0.80, 1.00, 0.91128, 0.48716
1556, 491, 1.25126, 2.72922, 0.3476, -0.28316, -0.42382, 0.85979, 0.80, 0.80, 0.80, 1.00, 0.89725, 0.42902
1557, 495, 1.58379, 2.64372, 0.36904, 0.83316, -0.50893, 0.2125, 0.80, 0.80, 0.80, 1.00, 0.92343, 0.43706
1558, 496, 1.55498, 2.35987, -0.1987, 0.9433, -0.32867, -0.01808, 0.80, 0.80, 0.80, 1.00, 0.96337, 0.47594
1559, 497, 1.71633, 2.78599, 0.1572, 0.92487, -0.37657, 0.03174, 0.80, 0.80, 0.80, 1.00, 0.95569, 0.4343
1560, 498, 1.34532, 2.12835, 0.02302, 0.83172, -0.47082, 0.29145, 0.80, 0.80, 0.80, 1.00, 0.92291, 0.48464
1561, 496, 1.55498, 2.35987, -0.1987, 0.9433, -0.32867, -0.01808, 0.80, 0.80, 0.80, 1.00, 0.96337, 0.47594
1562, 495, 1.58379, 2.64372, 0.36904, 0.83316, -0.50893, 0.2125, 0.80, 0.80, 0.80, 1.00, 0.92343, 0.43706
1563, 499, 1.73634, 2.97354, -0.03518, 0.61311, 0.3959, -0.6827, 0.80, 0.80, 0.80, 1.00, 0.71594, 0.42934
1564, 500, 1.50352, 2.5069, -0.51513, 0.52142, 0.32454, -0.78843, 0.80, 0.80, 0.80, 1.00, 0.73448, 0.47956
1565, 501, 1.44989, 3.10978, -0.21366, 0.14027, 0.62738, -0.76532, 0.80, 0.80, 0.80, 1.00, 0.74168, 0.42874
1566, 500, 1.50352, 2.5069, -0.51513, 0.52142, 0.32454, -0.78843, 0.80, 0.80, 0.80, 1.00, 0.73448, 0.47956
1567, 502, 1.26183, 2.58168, -0.64019, 0.01112, 0.45894, -0.88792, 0.80, 0.80, 0.80, 1.00, 0.76451, 0.47946
1568, 501, 1.44989, 3.10978, -0.21366, 0.14027, 0.62738, -0.76532, 0.80, 0.80, 0.80, 1.00, 0.74168, 0.42874
1569, 497, 1.71633, 2.78599, 0.1572, 0.92487, -0.37657, 0.03174, 0.80, 0.80, 0.80, 1.00, 0.95569, 0.4343
1570, 496, 1.55498, 2.35987, -0.1987, 0.9433, -0.32867, -0.01808, 0.80, 0.80, 0.80, 1.00, 0.96337, 0.47594
1571, 503, 1.73634, 2.97354, -0.03518, 0.95243, -0.22913, -0.19631, 0.80, 0.80, 0.80, 1.00, 0.98763, 0.43219
1572, 496, 1.55498, 2.35987, -0.1987, 0.9433, -0.32867, -0.01808, 0.80, 0.80, 0.80, 1.00, 0.96337, 0.47594
1573, 504, 1.50352, 2.5069, -0.51513, 0.95267, -0.18207, -0.23968, 0.80, 0.80, 0.80, 1.00, 0.99852, 0.47698
1574, 503, 1.73634, 2.97354, -0.03518, 0.95243, -0.22913, -0.19631, 0.80, 0.80, 0.80, 1.00, 0.98763, 0.43219
1575, 501, 1.44989, 3.10978, -0.21366, 0.14027, 0.62738, -0.76532, 0.80, 0.80, 0.80, 1.00, 0.74168, 0.42874
1576, 505, 0.78897, 2.54379, -0.506, -0.74341, 0.4729, -0.47145, 0.80, 0.80, 0.80, 1.00, 0.81, 0.47876
1577, 506, 1.10121, 3.04562, -0.06014, -0.78229, 0.58825, -0.20075, 0.80, 0.80, 0.80, 1.00, 0.80834, 0.42881
1578, 502, 1.26183, 2.58168, -0.64019, 0.01112, 0.45894, -0.88792, 0.80, 0.80, 0.80, 1.00, 0.76451, 0.47946
1579, 505, 0.78897, 2.54379, -0.506, -0.74341, 0.4729, -0.47145, 0.80, 0.80, 0.80, 1.00, 0.81, 0.47876
1580, 501, 1.44989, 3.10978, -0.21366, 0.14027, 0.62738, -0.76532, 0.80, 0.80, 0.80, 1.00, 0.74168, 0.42874
1581, 507, 0.98209, 2.89949, 0.24087, -0.80274, -0.0303, 0.59426, 0.80, 0.80, 0.80, 1.00, 0.86247, 0.42872
1582, 494, 0.98535, 2.25418, 0.02904, -0.3876, -0.44667, 0.80572, 0.80, 0.80, 0.80, 1.00, 0.87231, 0.47948
1583, 491, 1.25126, 2.72922, 0.3476, -0.28316, -0.42382, 0.85979, 0.80, 0.80, 0.80, 1.00, 0.89725, 0.42902
1584, 508, 0.74893, 2.34035, -0.12494, -0.90709, -0.04366, 0.41662, 0.80, 0.80, 0.80, 1.00, 0.84635, 0.47958
1585, 494, 0.98535, 2.25418, 0.02904, -0.3876, -0.44667, 0.80572, 0.80, 0.80, 0.80, 1.00, 0.87231, 0.47948
1586, 507, 0.98209, 2.89949, 0.24087, -0.80274, -0.0303, 0.59426, 0.80, 0.80, 0.80, 1.00, 0.86247, 0.42872
1587, 506, 1.10121, 3.04562, -0.06014, -0.78229, 0.58825, -0.20075, 0.80, 0.80, 0.80, 1.00, 0.80834, 0.42881
1588, 508, 0.74893, 2.34035, -0.12494, -0.90709, -0.04366, 0.41662, 0.80, 0.80, 0.80, 1.00, 0.84635, 0.47958
1589, 507, 0.98209, 2.89949, 0.24087, -0.80274, -0.0303, 0.59426, 0.80, 0.80, 0.80, 1.00, 0.86247, 0.42872
1590, 505, 0.78897, 2.54379, -0.506, -0.74341, 0.4729, -0.47145, 0.80, 0.80, 0.80, 1.00, 0.81, 0.47876
1591, 508, 0.74893, 2.34035, -0.12494, -0.90709, -0.04366, 0.41662, 0.80, 0.80, 0.80, 1.00, 0.84635, 0.47958
1592, 506, 1.10121, 3.04562, -0.06014, -0.78229, 0.58825, -0.20075, 0.80, 0.80, 0.80, 1.00, 0.80834, 0.42881
1593, 494, 0.98535, 2.25418, 0.02904, -0.3876, -0.44667, 0.80572, 0.80, 0.80, 0.80, 1.00, 0.87231, 0.47948
1594, 509, 1.0067, 0.832, -0.94619, -0.38072, -0.20166, 0.90022, 0.80, 0.80, 0.80, 1.00, 0.90361, 0.60723
1595, 492, 1.34532, 2.12835, 0.02302, -0.17486, -0.5177, 0.83694, 0.80, 0.80, 0.80, 1.00, 0.91128, 0.48716
1596, 510, 0.85789, 0.97966, -0.98139, -0.58903, -0.05473, 0.8032, 0.80, 0.80, 0.80, 1.00, 0.86396, 0.60688
1597, 509, 1.0067, 0.832, -0.94619, -0.38072, -0.20166, 0.90022, 0.80, 0.80, 0.80, 1.00, 0.90361, 0.60723
1598, 494, 0.98535, 2.25418, 0.02904, -0.3876, -0.44667, 0.80572, 0.80, 0.80, 0.80, 1.00, 0.87231, 0.47948
1599, 498, 1.34532, 2.12835, 0.02302, 0.83172, -0.47082, 0.29145, 0.80, 0.80, 0.80, 1.00, 0.92291, 0.48464
1600, 511, 1.09096, 0.8367, -1.04604, 0.71125, -0.63565, 0.29329, 0.80, 0.80, 0.80, 1.00, 0.95139, 0.60668
1601, 496, 1.55498, 2.35987, -0.1987, 0.9433, -0.32867, -0.01808, 0.80, 0.80, 0.80, 1.00, 0.96337, 0.47594
1602, 512, 1.0067, 0.832, -0.94619, 0.60883, -0.6244, 0.48596, 0.80, 0.80, 0.80, 1.00, 0.92935, 0.60822
1603, 511, 1.09096, 0.8367, -1.04604, 0.71125, -0.63565, 0.29329, 0.80, 0.80, 0.80, 1.00, 0.95139, 0.60668
1604, 498, 1.34532, 2.12835, 0.02302, 0.83172, -0.47082, 0.29145, 0.80, 0.80, 0.80, 1.00, 0.92291, 0.48464
1605, 500, 1.50352, 2.5069, -0.51513, 0.52142, 0.32454, -0.78843, 0.80, 0.80, 0.80, 1.00, 0.73448, 0.47956
1606, 513, 0.987, 0.9779, -1.24391, 0.25454, -0.04835, -0.96419, 0.80, 0.80, 0.80, 1.00, 0.76975, 0.60446
1607, 502, 1.26183, 2.58168, -0.64019, 0.01112, 0.45894, -0.88792, 0.80, 0.80, 0.80, 1.00, 0.76451, 0.47946
1608, 514, 1.11486, 0.89993, -1.15832, 0.46181, -0.18707, -0.86451, 0.80, 0.80, 0.80, 1.00, 0.74022, 0.60392
1609, 513, 0.987, 0.9779, -1.24391, 0.25454, -0.04835, -0.96419, 0.80, 0.80, 0.80, 1.00, 0.76975, 0.60446
1610, 500, 1.50352, 2.5069, -0.51513, 0.52142, 0.32454, -0.78843, 0.80, 0.80, 0.80, 1.00, 0.73448, 0.47956
1611, 496, 1.55498, 2.35987, -0.1987, 0.9433, -0.32867, -0.01808, 0.80, 0.80, 0.80, 1.00, 0.96337, 0.47594
1612, 515, 1.11486, 0.89993, -1.15832, 0.81074, -0.56688, -0.1262, 0.80, 0.80, 0.80, 1.00, 0.97059, 0.60313
1613, 504, 1.50352, 2.5069, -0.51513, 0.95267, -0.18207, -0.23968, 0.80, 0.80, 0.80, 1.00, 0.99852, 0.47698
1614, 511, 1.09096, 0.8367, -1.04604, 0.71125, -0.63565, 0.29329, 0.80, 0.80, 0.80, 1.00, 0.95139, 0.60668
1615, 515, 1.11486, 0.89993, -1.15832, 0.81074, -0.56688, -0.1262, 0.80, 0.80, 0.80, 1.00, 0.97059, 0.60313
1616, 496, 1.55498, 2.35987, -0.1987, 0.9433, -0.32867, -0.01808, 0.80, 0.80, 0.80, 1.00, 0.96337, 0.47594
1617, 502, 1.26183, 2.58168, -0.64019, 0.01112, 0.45894, -0.88792, 0.80, 0.80, 0.80, 1.00, 0.76451, 0.47946
1618, 516, 0.81027, 1.04856, -1.16767, -0.46076, 0.32388, -0.82545, 0.80, 0.80, 0.80, 1.00, 0.80086, 0.60553
1619, 505, 0.78897, 2.54379, -0.506, -0.74341, 0.4729, -0.47145, 0.80, 0.80, 0.80, 1.00, 0.81, 0.47876
1620, 513, 0.987, 0.9779, -1.24391, 0.25454, -0.04835, -0.96419, 0.80, 0.80, 0.80, 1.00, 0.76975, 0.60446
1621, 516, 0.81027, 1.04856, -1.16767, -0.46076, 0.32388, -0.82545, 0.80, 0.80, 0.80, 1.00, 0.80086, 0.60553
1622, 502, 1.26183, 2.58168, -0.64019, 0.01112, 0.45894, -0.88792, 0.80, 0.80, 0.80, 1.00, 0.76451, 0.47946
1623, 508, 0.74893, 2.34035, -0.12494, -0.90709, -0.04366, 0.41662, 0.80, 0.80, 0.80, 1.00, 0.84635, 0.47958
1624, 510, 0.85789, 0.97966, -0.98139, -0.58903, -0.05473, 0.8032, 0.80, 0.80, 0.80, 1.00, 0.86396, 0.60688
1625, 494, 0.98535, 2.25418, 0.02904, -0.3876, -0.44667, 0.80572, 0.80, 0.80, 0.80, 1.00, 0.87231, 0.47948
1626, 517, 0.76289, 1.04817, -1.06319, -0.93762, 0.32836, 0.08914, 0.80, 0.80, 0.80, 1.00, 0.8338, 0.60579
1627, 510, 0.85789, 0.97966, -0.98139, -0.58903, -0.05473, 0.8032, 0.80, 0.80, 0.80, 1.00, 0.86396, 0.60688
1628, 508, 0.74893, 2.34035, -0.12494, -0.90709, -0.04366, 0.41662, 0.80, 0.80, 0.80, 1.00, 0.84635, 0.47958
1629, 505, 0.78897, 2.54379, -0.506, -0.74341, 0.4729, -0.47145, 0.80, 0.80, 0.80, 1.00, 0.81, 0.47876
1630, 517, 0.76289, 1.04817, -1.06319, -0.93762, 0.32836, 0.08914, 0.80, 0.80, 0.80, 1.00, 0.8338, 0.60579
1631, 508, 0.74893, 2.34035, -0.12494, -0.90709, -0.04366, 0.41662, 0.80, 0.80, 0.80, 1.00, 0.84635, 0.47958
1632, 516, 0.81027, 1.04856, -1.16767, -0.46076, 0.32388, -0.82545, 0.80, 0.80, 0.80, 1.00, 0.80086, 0.60553
1633, 517, 0.76289, 1.04817, -1.06319, -0.93762, 0.32836, 0.08914, 0.80, 0.80, 0.80, 1.00, 0.8338, 0.60579
1634, 505, 0.78897, 2.54379, -0.506, -0.74341, 0.4729, -0.47145, 0.80, 0.80, 0.80, 1.00, 0.81, 0.47876
1635, 518, 1.5786, 0.17078, -0.66026, -0.09186, -0.99091, -0.04718, 0.80, 0.80, 0.80, 1.00, 0.46676, 0.42347
1636, 519, 1.3814, 0.18975, -0.67669, -0.06365, -0.99388, -0.02599, 0.80, 0.80, 0.80, 1.00, 0.47813, 0.44864
1637, 520, 1.64982, 0.18194, -1.03682, -0.07071, -0.99325, -0.03129, 0.80, 0.80, 0.80, 1.00, 0.40971, 0.43767
1638, 520, 1.64982, 0.18194, -1.03682, -0.07071, -0.99325, -0.03129, 0.80, 0.80, 0.80, 1.00, 0.40971, 0.43767
1639, 519, 1.3814, 0.18975, -0.67669, -0.06365, -0.99388, -0.02599, 0.80, 0.80, 0.80, 1.00, 0.47813, 0.44864
1640, 521, 1.61382, 0.18536, -1.14519, -0.04952, -0.99489, -0.01538, 0.80, 0.80, 0.80, 1.00, 0.3972, 0.44864
1641, 521, 1.61382, 0.18536, -1.14519, -0.04952, -0.99489, -0.01538, 0.80, 0.80, 0.80, 1.00, 0.3972, 0.44864
1642, 519, 1.3814, 0.18975, -0.67669, -0.06365, -0.99388, -0.02599, 0.80, 0.80, 0.80, 1.00, 0.47813, 0.44864
1643, 522, 1.19417, 0.20034, -0.76426, -0.0492, -0.99491, -0.01529, 0.80, 0.80, 0.80, 1.00, 0.47895, 0.49995
1644, 523, 1.34161, 0.20089, -1.28115, -0.04888, -0.99493, -0.01513, 0.80, 0.80, 0.80, 1.00, 0.3972, 0.51328
1645, 521, 1.61382, 0.18536, -1.14519, -0.04952, -0.99489, -0.01538, 0.80, 0.80, 0.80, 1.00, 0.3972, 0.44864
1646, 522, 1.19417, 0.20034, -0.76426, -0.0492, -0.99491, -0.01529, 0.80, 0.80, 0.80, 1.00, 0.47895, 0.49995
1647, 524, 0.53399, 0.56196, -1.11792, -0.40704, -0.88984, -0.19483, 0.80, 0.80, 0.80, 1.00, 0.47606, 0.58889
1648, 523, 1.34161, 0.20089, -1.28115, -0.04888, -0.99493, -0.01513, 0.80, 0.80, 0.80, 1.00, 0.3972, 0.51328
1649, 522, 1.19417, 0.20034, -0.76426, -0.0492, -0.99491, -0.01529, 0.80, 0.80, 0.80, 1.00, 0.47895, 0.49995
1650, 523, 1.34161, 0.20089, -1.28115, -0.04888, -0.99493, -0.01513, 0.80, 0.80, 0.80, 1.00, 0.3972, 0.51328
1651, 524, 0.53399, 0.56196, -1.11792, -0.40704, -0.88984, -0.19483, 0.80, 0.80, 0.80, 1.00, 0.47606, 0.58889
1652, 525, 0.71614, 0.55852, -1.48508, -0.40732, -0.88969, -0.1949, 0.80, 0.80, 0.80, 1.00, 0.41264, 0.58889
1653, 526, 0.49587, 0.61348, -1.27469, -0.40761, -0.88953, -0.19505, 0.80, 0.80, 0.80, 1.00, 0.45706, 0.60475
1654, 525, 0.71614, 0.55852, -1.48508, -0.40732, -0.88969, -0.1949, 0.80, 0.80, 0.80, 1.00, 0.41264, 0.58889
1655, 524, 0.53399, 0.56196, -1.11792, -0.40704, -0.88984, -0.19483, 0.80, 0.80, 0.80, 1.00, 0.47606, 0.58889
1656, 527, 0.58166, 0.61186, -1.44763, -0.40761, -0.88953, -0.19505, 0.80, 0.80, 0.80, 1.00, 0.42718, 0.60475
1657, 525, 0.71614, 0.55852, -1.48508, -0.40732, -0.88969, -0.1949, 0.80, 0.80, 0.80, 1.00, 0.41264, 0.58889
1658, 526, 0.49587, 0.61348, -1.27469, -0.40761, -0.88953, -0.19505, 0.80, 0.80, 0.80, 1.00, 0.45706, 0.60475
1659, 528, 0.85789, 0.97966, -0.98139, -0.11763, 0.34688, 0.92897, 0.80, 0.80, 0.80, 1.00, 0.66336, 0.47671
1660, 529, 1.05078, 0.66507, -0.87993, -0.17613, 0.17494, 0.96721, 0.80, 0.80, 0.80, 1.00, 0.613, 0.50877
1661, 530, 1.0067, 0.832, -0.94619, 0.19199, 0.40364, 0.89355, 0.80, 0.80, 0.80, 1.00, 0.63352, 0.488
1662, 531, 0.82836, 0.85172, -0.94743, -0.41557, 0.17623, 0.89001, 0.80, 0.80, 0.80, 1.00, 0.65619, 0.49774
1663, 529, 1.05078, 0.66507, -0.87993, -0.17613, 0.17494, 0.96721, 0.80, 0.80, 0.80, 1.00, 0.613, 0.50877
1664, 528, 0.85789, 0.97966, -0.98139, -0.11763, 0.34688, 0.92897, 0.80, 0.80, 0.80, 1.00, 0.66336, 0.47671
1665, 532, 1.0067, 0.832, -0.94619, 0.69972, 0.40019, 0.59027, 0.80, 0.80, 0.80, 1.00, 0.6264, 0.43644
1666, 533, 1.16786, 0.6642, -1.02347, 0.68578, 0.56569, 0.45498, 0.80, 0.80, 0.80, 1.00, 0.60121, 0.46273
1667, 534, 1.09096, 0.8367, -1.04604, 0.81003, 0.38693, 0.4378, 0.80, 0.80, 0.80, 1.00, 0.62276, 0.45986
1668, 535, 1.05078, 0.66507, -0.87993, 0.63228, 0.5776, 0.5139, 0.80, 0.80, 0.80, 1.00, 0.60648, 0.4294
1669, 533, 1.16786, 0.6642, -1.02347, 0.68578, 0.56569, 0.45498, 0.80, 0.80, 0.80, 1.00, 0.60121, 0.46273
1670, 532, 1.0067, 0.832, -0.94619, 0.69972, 0.40019, 0.59027, 0.80, 0.80, 0.80, 1.00, 0.6264, 0.43644
1671, 536, 1.11486, 0.89993, -1.15832, 0.66341, 0.42091, -0.61426, 0.80, 0.80, 0.80, 1.00, 0.63415, 0.48306
1672, 537, 1.00664, 0.84926, -1.31017, 0.3507, 0.47158, -0.80642, 0.80, 0.80, 0.80, 1.00, 0.65226, 0.50274
1673, 538, 0.987, 0.9779, -1.24391, 0.10672, 0.48028, -0.86869, 0.80, 0.80, 0.80, 1.00, 0.65918, 0.48292
1674, 539, 1.19238, 0.73674, -1.18735, 0.65861, 0.41054, -0.62634, 0.80, 0.80, 0.80, 1.00, 0.61603, 0.50288
1675, 537, 1.00664, 0.84926, -1.31017, 0.3507, 0.47158, -0.80642, 0.80, 0.80, 0.80, 1.00, 0.65226, 0.50274
1676, 536, 1.11486, 0.89993, -1.15832, 0.66341, 0.42091, -0.61426, 0.80, 0.80, 0.80, 1.00, 0.63415, 0.48306
1677, 534, 1.09096, 0.8367, -1.04604, 0.81003, 0.38693, 0.4378, 0.80, 0.80, 0.80, 1.00, 0.62276, 0.45986
1678, 540, 1.19238, 0.73674, -1.18735, 0.78868, 0.48857, 0.36929, 0.80, 0.80, 0.80, 1.00, 0.61265, 0.49168
1679, 541, 1.11486, 0.89993, -1.15832, 0.85926, 0.34103, 0.37769, 0.80, 0.80, 0.80, 1.00, 0.63066, 0.48026
1680, 533, 1.16786, 0.6642, -1.02347, 0.68578, 0.56569, 0.45498, 0.80, 0.80, 0.80, 1.00, 0.60121, 0.46273
1681, 540, 1.19238, 0.73674, -1.18735, 0.78868, 0.48857, 0.36929, 0.80, 0.80, 0.80, 1.00, 0.61265, 0.49168
1682, 534, 1.09096, 0.8367, -1.04604, 0.81003, 0.38693, 0.4378, 0.80, 0.80, 0.80, 1.00, 0.62276, 0.45986
1683, 538, 0.987, 0.9779, -1.24391, 0.10672, 0.48028, -0.86869, 0.80, 0.80, 0.80, 1.00, 0.65918, 0.48292
1684, 542, 0.75413, 0.94911, -1.20902, -0.12986, 0.53669, -0.83209, 0.80, 0.80, 0.80, 1.00, 0.68234, 0.5018
1685, 543, 0.81027, 1.04856, -1.16767, -0.18821, 0.46327, -0.86468, 0.80, 0.80, 0.80, 1.00, 0.67997, 0.48197
1686, 537, 1.00664, 0.84926, -1.31017, 0.3507, 0.47158, -0.80642, 0.80, 0.80, 0.80, 1.00, 0.65226, 0.50274
1687, 542, 0.75413, 0.94911, -1.20902, -0.12986, 0.53669, -0.83209, 0.80, 0.80, 0.80, 1.00, 0.68234, 0.5018
1688, 538, 0.987, 0.9779, -1.24391, 0.10672, 0.48028, -0.86869, 0.80, 0.80, 0.80, 1.00, 0.65918, 0.48292
1689, 544, 0.76289, 1.04817, -1.06319, -0.46342, 0.32757, 0.82061, 0.80, 0.80, 0.80, 1.00, 0.68422, 0.47557
1690, 531, 0.82836, 0.85172, -0.94743, -0.41557, 0.17623, 0.89001, 0.80, 0.80, 0.80, 1.00, 0.65619, 0.49774
1691, 528, 0.85789, 0.97966, -0.98139, -0.11763, 0.34688, 0.92897, 0.80, 0.80, 0.80, 1.00, 0.66336, 0.47671
1692, 545, 0.68879, 0.94825, -1.06461, -0.53131, 0.21808, 0.81572, 0.80, 0.80, 0.80, 1.00, 0.68637, 0.49661
1693, 531, 0.82836, 0.85172, -0.94743, -0.41557, 0.17623, 0.89001, 0.80, 0.80, 0.80, 1.00, 0.65619, 0.49774
1694, 544, 0.76289, 1.04817, -1.06319, -0.46342, 0.32757, 0.82061, 0.80, 0.80, 0.80, 1.00, 0.68422, 0.47557
1695, 546, 0.81027, 1.04856, -1.16767, -0.75154, 0.56211, -0.33989, 0.80, 0.80, 0.80, 1.00, 0.72368, 0.47984
1696, 547, 0.68879, 0.94825, -1.06461, -0.81765, 0.5477, -0.16454, 0.80, 0.80, 0.80, 1.00, 0.70022, 0.49868
1697, 548, 0.76289, 1.04817, -1.06319, -0.75173, 0.56118, -0.34101, 0.80, 0.80, 0.80, 1.00, 0.70521, 0.47975
1698, 549, 0.75413, 0.94911, -1.20902, -0.68881, 0.64608, -0.32275, 0.80, 0.80, 0.80, 1.00, 0.72573, 0.49878
1699, 547, 0.68879, 0.94825, -1.06461, -0.81765, 0.5477, -0.16454, 0.80, 0.80, 0.80, 1.00, 0.70022, 0.49868
1700, 546, 0.81027, 1.04856, -1.16767, -0.75154, 0.56211, -0.33989, 0.80, 0.80, 0.80, 1.00, 0.72368, 0.47984
1701, 550, 1.39126, 0.29257, -0.68464, -0.22199, 0.25077, 0.94043, 0.80, 0.80, 0.80, 1.00, 0.52788, 0.55185
1702, 551, 1.5786, 0.17078, -0.66026, -0.08825, 0.06037, 0.99291, 0.80, 0.80, 0.80, 1.00, 0.50024, 0.57157
1703, 552, 1.59857, 0.31564, -0.66357, -0.12831, 0.30733, 0.94121, 0.80, 0.80, 0.80, 1.00, 0.4989, 0.54593
1704, 553, 1.3814, 0.18975, -0.67669, -0.30261, 0.09886, 0.9461, 0.80, 0.80, 0.80, 1.00, 0.52788, 0.57
1705, 551, 1.5786, 0.17078, -0.66026, -0.08825, 0.06037, 0.99291, 0.80, 0.80, 0.80, 1.00, 0.50024, 0.57157
1706, 550, 1.39126, 0.29257, -0.68464, -0.22199, 0.25077, 0.94043, 0.80, 0.80, 0.80, 1.00, 0.52788, 0.55185
1707, 553, 1.3814, 0.18975, -0.67669, -0.30261, 0.09886, 0.9461, 0.80, 0.80, 0.80, 1.00, 0.52788, 0.57
1708, 550, 1.39126, 0.29257, -0.68464, -0.22199, 0.25077, 0.94043, 0.80, 0.80, 0.80, 1.00, 0.52788, 0.55185
1709, 554, 1.21241, 0.31053, -0.7681, -0.39017, 0.20022, 0.89643, 0.80, 0.80, 0.80, 1.00, 0.58286, 0.55047
1710, 553, 1.3814, 0.18975, -0.67669, -0.30261, 0.09886, 0.9461, 0.80, 0.80, 0.80, 1.00, 0.52788, 0.57
1711, 554, 1.21241, 0.31053, -0.7681, -0.39017, 0.20022, 0.89643, 0.80, 0.80, 0.80, 1.00, 0.58286, 0.55047
1712, 555, 1.19417, 0.20034, -0.76426, -0.44212, 0.09322, 0.88973, 0.80, 0.80, 0.80, 1.00, 0.5842, 0.57
1713, 555, 1.19417, 0.20034, -0.76426, -0.44212, 0.09322, 0.88973, 0.80, 0.80, 0.80, 1.00, 0.5842, 0.57
1714, 554, 1.21241, 0.31053, -0.7681, -0.39017, 0.20022, 0.89643, 0.80, 0.80, 0.80, 1.00, 0.58286, 0.55047
1715, 556, 0.59954, 0.65873, -1.0942, -0.46157, 0.03787, 0.88387, 0.80, 0.80, 0.80, 1.00, 0.67917, 0.54944
1716, 555, 1.19417, 0.20034, -0.76426, -0.44212, 0.09322, 0.88973, 0.80, 0.80, 0.80, 1.00, 0.5842, 0.57
1717, 556, 0.59954, 0.65873, -1.0942, -0.46157, 0.03787, 0.88387, 0.80, 0.80, 0.80, 1.00, 0.67917, 0.54944
1718, 557, 0.53399, 0.56196, -1.11792, -0.43411, 0.0762, 0.89531, 0.80, 0.80, 0.80, 1.00, 0.68185, 0.57014
1719, 558, 0.53399, 0.56196, -1.11792, -0.83095, 0.3974, 0.38187, 0.80, 0.80, 0.80, 1.00, 0.69837, 0.57075
1720, 559, 0.59954, 0.65873, -1.0942, -0.84964, 0.33675, 0.39867, 0.80, 0.80, 0.80, 1.00, 0.69902, 0.55084
1721, 560, 0.55804, 0.74209, -1.25296, -0.85059, 0.52073, 0.01719, 0.80, 0.80, 0.80, 1.00, 0.71007, 0.54633
1722, 561, 0.49587, 0.61348, -1.27469, -0.87462, 0.4501, -0.16799, 0.80, 0.80, 0.80, 1.00, 0.70942, 0.57075
1723, 558, 0.53399, 0.56196, -1.11792, -0.83095, 0.3974, 0.38187, 0.80, 0.80, 0.80, 1.00, 0.69837, 0.57075
1724, 560, 0.55804, 0.74209, -1.25296, -0.85059, 0.52073, 0.01719, 0.80, 0.80, 0.80, 1.00, 0.71007, 0.54633
1725, 562, 1.64982, 0.18194, -1.03682, 0.93639, 0.00188, -0.34137, 0.80, 0.80, 0.80, 1.00, 0.51498, 0.57085
1726, 563, 1.61421, 0.28835, -1.13405, 0.7303, 0.29527, -0.61111, 0.80, 0.80, 0.80, 1.00, 0.52674, 0.55375
1727, 564, 1.66031, 0.32698, -1.02104, 0.81285, 0.35571, -0.45416, 0.80, 0.80, 0.80, 1.00, 0.51367, 0.54669
1728, 562, 1.64982, 0.18194, -1.03682, 0.93639, 0.00188, -0.34137, 0.80, 0.80, 0.80, 1.00, 0.51498, 0.57085
1729, 565, 1.61382, 0.18536, -1.14519, 0.65756, 0.07532, -0.74603, 0.80, 0.80, 0.80, 1.00, 0.52674, 0.57085
1730, 563, 1.61421, 0.28835, -1.13405, 0.7303, 0.29527, -0.61111, 0.80, 0.80, 0.80, 1.00, 0.52674, 0.55375
1731, 563, 1.61421, 0.28835, -1.13405, 0.7303, 0.29527, -0.61111, 0.80, 0.80, 0.80, 1.00, 0.52674, 0.55375
1732, 565, 1.61382, 0.18536, -1.14519, 0.65756, 0.07532, -0.74603, 0.80, 0.80, 0.80, 1.00, 0.52674, 0.57085
1733, 566, 1.35038, 0.31125, -1.2659, 0.42908, 0.28828, -0.85339, 0.80, 0.80, 0.80, 1.00, 0.5947, 0.55245
1734, 566, 1.35038, 0.31125, -1.2659, 0.42908, 0.28828, -0.85339, 0.80, 0.80, 0.80, 1.00, 0.5947, 0.55245
1735, 565, 1.61382, 0.18536, -1.14519, 0.65756, 0.07532, -0.74603, 0.80, 0.80, 0.80, 1.00, 0.52674, 0.57085
1736, 567, 1.34161, 0.20089, -1.28115, 0.36455, 0.08997, -0.92474, 0.80, 0.80, 0.80, 1.00, 0.59601, 0.57085
1737, 566, 1.35038, 0.31125, -1.2659, 0.42908, 0.28828, -0.85339, 0.80, 0.80, 0.80, 1.00, 0.5947, 0.55245
1738, 567, 1.34161, 0.20089, -1.28115, 0.36455, 0.08997, -0.92474, 0.80, 0.80, 0.80, 1.00, 0.59601, 0.57085
1739, 568, 0.77526, 0.65541, -1.44841, 0.24582, 0.26891, -0.92943, 0.80, 0.80, 0.80, 1.00, 0.67443, 0.55148
1740, 568, 0.77526, 0.65541, -1.44841, 0.24582, 0.26891, -0.92943, 0.80, 0.80, 0.80, 1.00, 0.67443, 0.55148
1741, 567, 1.34161, 0.20089, -1.28115, 0.36455, 0.08997, -0.92474, 0.80, 0.80, 0.80, 1.00, 0.59601, 0.57085
1742, 569, 0.71614, 0.55852, -1.48508, 0.07068, 0.27367, -0.95785, 0.80, 0.80, 0.80, 1.00, 0.67705, 0.57098
1743, 568, 0.77526, 0.65541, -1.44841, 0.24582, 0.26891, -0.92943, 0.80, 0.80, 0.80, 1.00, 0.67443, 0.55148
1744, 569, 0.71614, 0.55852, -1.48508, 0.07068, 0.27367, -0.95785, 0.80, 0.80, 0.80, 1.00, 0.67705, 0.57098
1745, 570, 0.63741, 0.74059, -1.41294, -0.01976, 0.47738, -0.87686, 0.80, 0.80, 0.80, 1.00, 0.69404, 0.54707
1746, 569, 0.71614, 0.55852, -1.48508, 0.07068, 0.27367, -0.95785, 0.80, 0.80, 0.80, 1.00, 0.67705, 0.57098
1747, 571, 0.58166, 0.61186, -1.44763, -0.13906, 0.31132, -0.93905, 0.80, 0.80, 0.80, 1.00, 0.69404, 0.57098
1748, 570, 0.63741, 0.74059, -1.41294, -0.01976, 0.47738, -0.87686, 0.80, 0.80, 0.80, 1.00, 0.69404, 0.54707
1749, 561, 0.49587, 0.61348, -1.27469, -0.87462, 0.4501, -0.16799, 0.80, 0.80, 0.80, 1.00, 0.70942, 0.57075
1750, 560, 0.55804, 0.74209, -1.25296, -0.85059, 0.52073, 0.01719, 0.80, 0.80, 0.80, 1.00, 0.71007, 0.54633
1751, 572, 0.63741, 0.74059, -1.41294, -0.75328, 0.53298, -0.38085, 0.80, 0.80, 0.80, 1.00, 0.72613, 0.54633
1752, 573, 0.58166, 0.61186, -1.44763, -0.7954, 0.45088, -0.40109, 0.80, 0.80, 0.80, 1.00, 0.72678, 0.57075
1753, 561, 0.49587, 0.61348, -1.27469, -0.87462, 0.4501, -0.16799, 0.80, 0.80, 0.80, 1.00, 0.70942, 0.57075
1754, 572, 0.63741, 0.74059, -1.41294, -0.75328, 0.53298, -0.38085, 0.80, 0.80, 0.80, 1.00, 0.72613, 0.54633
1755, 574, 1.59857, 0.31564, -0.66357, 0.97451, -0.13011, 0.166, 0.80, 0.80, 0.80, 1.00, 0.55657, 0.50775
1756, 575, 1.5786, 0.17078, -0.66026, 0.97544, -0.11009, 0.17492, 0.80, 0.80, 0.80, 1.00, 0.55825, 0.52848
1757, 576, 1.66031, 0.32698, -1.02104, 0.97544, -0.11009, 0.17492, 0.80, 0.80, 0.80, 1.00, 0.50171, 0.50648
1758, 576, 1.66031, 0.32698, -1.02104, 0.97544, -0.11009, 0.17492, 0.80, 0.80, 0.80, 1.00, 0.50171, 0.50648
1759, 575, 1.5786, 0.17078, -0.66026, 0.97544, -0.11009, 0.17492, 0.80, 0.80, 0.80, 1.00, 0.55825, 0.52848
1760, 577, 1.64982, 0.18194, -1.03682, 0.9759, -0.09001, 0.18376, 0.80, 0.80, 0.80, 1.00, 0.50002, 0.5272
1761, 578, 1.29947, 0.42367, -0.79021, 0.2704, 0.93568, 0.21095, 0.80, 0.80, 0.80, 1.00, 0.55726, 0.43544
1762, 579, 1.59857, 0.31564, -0.66357, 0.35232, 0.92218, 0.13596, 0.80, 0.80, 0.80, 1.00, 0.49574, 0.43934
1763, 580, 1.45874, 0.4341, -1.10971, 0.33356, 0.92244, 0.17593, 0.80, 0.80, 0.80, 1.00, 0.55726, 0.50127
1764, 580, 1.45874, 0.4341, -1.10971, 0.33356, 0.92244, 0.17593, 0.80, 0.80, 0.80, 1.00, 0.55726, 0.50127
1765, 579, 1.59857, 0.31564, -0.66357, 0.35232, 0.92218, 0.13596, 0.80, 0.80, 0.80, 1.00, 0.49574, 0.43934
1766, 581, 1.66031, 0.32698, -1.02104, 0.43025, 0.89287, 0.10369, 0.80, 0.80, 0.80, 1.00, 0.51087, 0.5034
1767, 533, 1.16786, 0.6642, -1.02347, 0.68578, 0.56569, 0.45498, 0.80, 0.80, 0.80, 1.00, 0.60121, 0.46273
1768, 580, 1.45874, 0.4341, -1.10971, 0.33356, 0.92244, 0.17593, 0.80, 0.80, 0.80, 1.00, 0.55726, 0.50127
1769, 540, 1.19238, 0.73674, -1.18735, 0.78868, 0.48857, 0.36929, 0.80, 0.80, 0.80, 1.00, 0.61265, 0.49168
1770, 580, 1.45874, 0.4341, -1.10971, 0.33356, 0.92244, 0.17593, 0.80, 0.80, 0.80, 1.00, 0.55726, 0.50127
1771, 533, 1.16786, 0.6642, -1.02347, 0.68578, 0.56569, 0.45498, 0.80, 0.80, 0.80, 1.00, 0.60121, 0.46273
1772, 578, 1.29947, 0.42367, -0.79021, 0.2704, 0.93568, 0.21095, 0.80, 0.80, 0.80, 1.00, 0.55726, 0.43544
1773, 578, 1.29947, 0.42367, -0.79021, 0.2704, 0.93568, 0.21095, 0.80, 0.80, 0.80, 1.00, 0.55726, 0.43544
1774, 533, 1.16786, 0.6642, -1.02347, 0.68578, 0.56569, 0.45498, 0.80, 0.80, 0.80, 1.00, 0.60121, 0.46273
1775, 535, 1.05078, 0.66507, -0.87993, 0.63228, 0.5776, 0.5139, 0.80, 0.80, 0.80, 1.00, 0.60648, 0.4294
1776, 582, 1.45874, 0.4341, -1.10971, 0.49052, 0.58178, -0.64423, 0.80, 0.80, 0.80, 1.00, 0.56032, 0.53081
1777, 564, 1.66031, 0.32698, -1.02104, 0.81285, 0.35571, -0.45416, 0.80, 0.80, 0.80, 1.00, 0.51367, 0.54669
1778, 563, 1.61421, 0.28835, -1.13405, 0.7303, 0.29527, -0.61111, 0.80, 0.80, 0.80, 1.00, 0.52674, 0.55375
1779, 582, 1.45874, 0.4341, -1.10971, 0.49052, 0.58178, -0.64423, 0.80, 0.80, 0.80, 1.00, 0.56032, 0.53081
1780, 563, 1.61421, 0.28835, -1.13405, 0.7303, 0.29527, -0.61111, 0.80, 0.80, 0.80, 1.00, 0.52674, 0.55375
1781, 566, 1.35038, 0.31125, -1.2659, 0.42908, 0.28828, -0.85339, 0.80, 0.80, 0.80, 1.00, 0.5947, 0.55245
1782, 582, 1.45874, 0.4341, -1.10971, 0.49052, 0.58178, -0.64423, 0.80, 0.80, 0.80, 1.00, 0.56032, 0.53081
1783, 566, 1.35038, 0.31125, -1.2659, 0.42908, 0.28828, -0.85339, 0.80, 0.80, 0.80, 1.00, 0.5947, 0.55245
1784, 539, 1.19238, 0.73674, -1.18735, 0.65861, 0.41054, -0.62634, 0.80, 0.80, 0.80, 1.00, 0.61603, 0.50288
1785, 539, 1.19238, 0.73674, -1.18735, 0.65861, 0.41054, -0.62634, 0.80, 0.80, 0.80, 1.00, 0.61603, 0.50288
1786, 566, 1.35038, 0.31125, -1.2659, 0.42908, 0.28828, -0.85339, 0.80, 0.80, 0.80, 1.00, 0.5947, 0.55245
1787, 537, 1.00664, 0.84926, -1.31017, 0.3507, 0.47158, -0.80642, 0.80, 0.80, 0.80, 1.00, 0.65226, 0.50274
1788, 537, 1.00664, 0.84926, -1.31017, 0.3507, 0.47158, -0.80642, 0.80, 0.80, 0.80, 1.00, 0.65226, 0.50274
1789, 566, 1.35038, 0.31125, -1.2659, 0.42908, 0.28828, -0.85339, 0.80, 0.80, 0.80, 1.00, 0.5947, 0.55245
1790, 568, 0.77526, 0.65541, -1.44841, 0.24582, 0.26891, -0.92943, 0.80, 0.80, 0.80, 1.00, 0.67443, 0.55148
1791, 583, 1.29947, 0.42367, -0.79021, -0.24328, 0.4499, 0.85688, 0.80, 0.80, 0.80, 1.00, 0.56228, 0.52987
1792, 550, 1.39126, 0.29257, -0.68464, -0.22199, 0.25077, 0.94043, 0.80, 0.80, 0.80, 1.00, 0.52788, 0.55185
1793, 552, 1.59857, 0.31564, -0.66357, -0.12831, 0.30733, 0.94121, 0.80, 0.80, 0.80, 1.00, 0.4989, 0.54593
1794, 554, 1.21241, 0.31053, -0.7681, -0.39017, 0.20022, 0.89643, 0.80, 0.80, 0.80, 1.00, 0.58286, 0.55047
1795, 550, 1.39126, 0.29257, -0.68464, -0.22199, 0.25077, 0.94043, 0.80, 0.80, 0.80, 1.00, 0.52788, 0.55185
1796, 583, 1.29947, 0.42367, -0.79021, -0.24328, 0.4499, 0.85688, 0.80, 0.80, 0.80, 1.00, 0.56228, 0.52987
1797, 529, 1.05078, 0.66507, -0.87993, -0.17613, 0.17494, 0.96721, 0.80, 0.80, 0.80, 1.00, 0.613, 0.50877
1798, 554, 1.21241, 0.31053, -0.7681, -0.39017, 0.20022, 0.89643, 0.80, 0.80, 0.80, 1.00, 0.58286, 0.55047
1799, 583, 1.29947, 0.42367, -0.79021, -0.24328, 0.4499, 0.85688, 0.80, 0.80, 0.80, 1.00, 0.56228, 0.52987
1800, 556, 0.59954, 0.65873, -1.0942, -0.46157, 0.03787, 0.88387, 0.80, 0.80, 0.80, 1.00, 0.67917, 0.54944
1801, 554, 1.21241, 0.31053, -0.7681, -0.39017, 0.20022, 0.89643, 0.80, 0.80, 0.80, 1.00, 0.58286, 0.55047
1802, 529, 1.05078, 0.66507, -0.87993, -0.17613, 0.17494, 0.96721, 0.80, 0.80, 0.80, 1.00, 0.613, 0.50877
1803, 531, 0.82836, 0.85172, -0.94743, -0.41557, 0.17623, 0.89001, 0.80, 0.80, 0.80, 1.00, 0.65619, 0.49774
1804, 556, 0.59954, 0.65873, -1.0942, -0.46157, 0.03787, 0.88387, 0.80, 0.80, 0.80, 1.00, 0.67917, 0.54944
1805, 529, 1.05078, 0.66507, -0.87993, -0.17613, 0.17494, 0.96721, 0.80, 0.80, 0.80, 1.00, 0.613, 0.50877
1806, 545, 0.68879, 0.94825, -1.06461, -0.53131, 0.21808, 0.81572, 0.80, 0.80, 0.80, 1.00, 0.68637, 0.49661
1807, 556, 0.59954, 0.65873, -1.0942, -0.46157, 0.03787, 0.88387, 0.80, 0.80, 0.80, 1.00, 0.67917, 0.54944
1808, 531, 0.82836, 0.85172, -0.94743, -0.41557, 0.17623, 0.89001, 0.80, 0.80, 0.80, 1.00, 0.65619, 0.49774
1809, 560, 0.55804, 0.74209, -1.25296, -0.85059, 0.52073, 0.01719, 0.80, 0.80, 0.80, 1.00, 0.71007, 0.54633
1810, 559, 0.59954, 0.65873, -1.0942, -0.84964, 0.33675, 0.39867, 0.80, 0.80, 0.80, 1.00, 0.69902, 0.55084
1811, 547, 0.68879, 0.94825, -1.06461, -0.81765, 0.5477, -0.16454, 0.80, 0.80, 0.80, 1.00, 0.70022, 0.49868
1812, 568, 0.77526, 0.65541, -1.44841, 0.24582, 0.26891, -0.92943, 0.80, 0.80, 0.80, 1.00, 0.67443, 0.55148
1813, 570, 0.63741, 0.74059, -1.41294, -0.01976, 0.47738, -0.87686, 0.80, 0.80, 0.80, 1.00, 0.69404, 0.54707
1814, 537, 1.00664, 0.84926, -1.31017, 0.3507, 0.47158, -0.80642, 0.80, 0.80, 0.80, 1.00, 0.65226, 0.50274
1815, 537, 1.00664, 0.84926, -1.31017, 0.3507, 0.47158, -0.80642, 0.80, 0.80, 0.80, 1.00, 0.65226, 0.50274
1816, 570, 0.63741, 0.74059, -1.41294, -0.01976, 0.47738, -0.87686, 0.80, 0.80, 0.80, 1.00, 0.69404, 0.54707
1817, 542, 0.75413, 0.94911, -1.20902, -0.12986, 0.53669, -0.83209, 0.80, 0.80, 0.80, 1.00, 0.68234, 0.5018
1818, 560, 0.55804, 0.74209, -1.25296, -0.85059, 0.52073, 0.01719, 0.80, 0.80, 0.80, 1.00, 0.71007, 0.54633
1819, 549, 0.75413, 0.94911, -1.20902, -0.68881, 0.64608, -0.32275, 0.80, 0.80, 0.80, 1.00, 0.72573, 0.49878
1820, 572, 0.63741, 0.74059, -1.41294, -0.75328, 0.53298, -0.38085, 0.80, 0.80, 0.80, 1.00, 0.72613, 0.54633
1821, 549, 0.75413, 0.94911, -1.20902, -0.68881, 0.64608, -0.32275, 0.80, 0.80, 0.80, 1.00, 0.72573, 0.49878
1822, 560, 0.55804, 0.74209, -1.25296, -0.85059, 0.52073, 0.01719, 0.80, 0.80, 0.80, 1.00, 0.71007, 0.54633
1823, 547, 0.68879, 0.94825, -1.06461, -0.81765, 0.5477, -0.16454, 0.80, 0.80, 0.80, 1.00, 0.70022, 0.49868
1824, 584, 0.69331, 8.0964, 1.60796, 0.76439, -0.44944, 0.46171, 0.80, 0.80, 0.80, 1.00, 0.35388, 0.02254
1825, 585, 0.52291, 7.88862, 1.6876, 0.51326, -0.69301, 0.50548, 0.80, 0.80, 0.80, 1.00, 0.33854, 0.04987
1826, 586, 0.7084, 8.02451, 1.51305, 0.76232, -0.47289, 0.44125, 0.80, 0.80, 0.80, 1.00, 0.36012, 0.04638
1827, 587, 0.76904, 8.33393, 1.45561, 0.99255, 0.11505, 0.03706, 0.80, 0.80, 0.80, 1.00, 0.40394, 0.00465
1828, 588, 0.69331, 8.0964, 1.60796, 0.95604, -0.13952, 0.25737, 0.80, 0.80, 0.80, 1.00, 0.3538, 0.02288
1829, 589, 0.7084, 8.02451, 1.51305, 0.96426, -0.17937, 0.19436, 0.80, 0.80, 0.80, 1.00, 0.36004, 0.04671
1830, 266, 0.39305, 7.89658, 1.67918, -0.11416, -0.75806, 0.64133, 0.80, 0.80, 0.80, 1.00, 0.33048, 0.05465
1831, 265, 0.36104, 7.59945, 1.61642, 0.00523, -0.68208, 0.73104, 0.80, 0.80, 0.80, 1.00, 0.32881, 0.12721
1832, 585, 0.52291, 7.88862, 1.6876, 0.51326, -0.69301, 0.50548, 0.80, 0.80, 0.80, 1.00, 0.33854, 0.04987
1833, 585, 0.52291, 7.88862, 1.6876, 0.51326, -0.69301, 0.50548, 0.80, 0.80, 0.80, 1.00, 0.33854, 0.04987
1834, 265, 0.36104, 7.59945, 1.61642, 0.00523, -0.68208, 0.73104, 0.80, 0.80, 0.80, 1.00, 0.32881, 0.12721
1835, 590, 0.68426, 7.72729, 1.42834, 0.70731, -0.58062, 0.40293, 0.80, 0.80, 0.80, 1.00, 0.36494, 0.10422
1836, 585, 0.52291, 7.88862, 1.6876, 0.51326, -0.69301, 0.50548, 0.80, 0.80, 0.80, 1.00, 0.33854, 0.04987
1837, 590, 0.68426, 7.72729, 1.42834, 0.70731, -0.58062, 0.40293, 0.80, 0.80, 0.80, 1.00, 0.36494, 0.10422
1838, 586, 0.7084, 8.02451, 1.51305, 0.76232, -0.47289, 0.44125, 0.80, 0.80, 0.80, 1.00, 0.36012, 0.04638
1839, 587, 0.76904, 8.33393, 1.45561, 0.99255, 0.11505, 0.03706, 0.80, 0.80, 0.80, 1.00, 0.40394, 0.00465
1840, 589, 0.7084, 8.02451, 1.51305, 0.96426, -0.17937, 0.19436, 0.80, 0.80, 0.80, 1.00, 0.36004, 0.04671
1841, 591, 0.74258, 7.99327, 1.18748, 0.89317, 0.22308, -0.3904, 0.80, 0.80, 0.80, 1.00, 0.40507, 0.07599
1842, 591, 0.74258, 7.99327, 1.18748, 0.89317, 0.22308, -0.3904, 0.80, 0.80, 0.80, 1.00, 0.40507, 0.07599
1843, 589, 0.7084, 8.02451, 1.51305, 0.96426, -0.17937, 0.19436, 0.80, 0.80, 0.80, 1.00, 0.36004, 0.04671
1844, 592, 0.68426, 7.72729, 1.42834, 0.97992, -0.19833, 0.01815, 0.80, 0.80, 0.80, 1.00, 0.36486, 0.10456
1845, 587, 0.76904, 8.33393, 1.45561, 0.99255, 0.11505, 0.03706, 0.80, 0.80, 0.80, 1.00, 0.40394, 0.00465
1846, 591, 0.74258, 7.99327, 1.18748, 0.89317, 0.22308, -0.3904, 0.80, 0.80, 0.80, 1.00, 0.40507, 0.07599
1847, 593, 0.64123, 8.45111, 1.39158, 0.52832, 0.71019, -0.46443, 0.80, 0.80, 0.80, 1.00, 0.42678, 0.00025
1848, 593, 0.64123, 8.45111, 1.39158, 0.52832, 0.71019, -0.46443, 0.80, 0.80, 0.80, 1.00, 0.42678, 0.00025
1849, 591, 0.74258, 7.99327, 1.18748, 0.89317, 0.22308, -0.3904, 0.80, 0.80, 0.80, 1.00, 0.40507, 0.07599
1850, 271, 0.39231, 8.19855, 1.15961, 0.00401, 0.70598, -0.70799, 0.80, 0.80, 0.80, 1.00, 0.43519, 0.06053
1851, 593, 0.64123, 8.45111, 1.39158, 0.52832, 0.71019, -0.46443, 0.80, 0.80, 0.80, 1.00, 0.42678, 0.00025
1852, 271, 0.39231, 8.19855, 1.15961, 0.00401, 0.70598, -0.70799, 0.80, 0.80, 0.80, 1.00, 0.43519, 0.06053
1853, 272, 0.49528, 8.50232, 1.38093, 0.1438, 0.86699, -0.47606, 0.80, 0.80, 0.80, 1.00, 0.439, -0.00075
1854, 594, 0.65479, 8.03293, 2.02027, 0.45922, -0.71055, 0.53236, 0.80, 0.80, 0.80, 1.00, 0.4328, 0.34516
1855, 273, 0.38246, 7.7948, 1.8574, -0.17282, -0.95438, 0.24142, 0.80, 0.80, 0.80, 1.00, 0.39733, 0.41452
1856, 595, 0.5513, 7.8347, 1.78355, 0.46179, -0.87002, -0.17072, 0.80, 0.80, 0.80, 1.00, 0.42681, 0.41326
1857, 594, 0.65479, 8.03293, 2.02027, 0.45922, -0.71055, 0.53236, 0.80, 0.80, 0.80, 1.00, 0.4328, 0.34516
1858, 276, 0.42747, 7.96652, 2.08457, -0.13061, -0.82023, 0.55601, 0.80, 0.80, 0.80, 1.00, 0.39649, 0.35562
1859, 273, 0.38246, 7.7948, 1.8574, -0.17282, -0.95438, 0.24142, 0.80, 0.80, 0.80, 1.00, 0.39733, 0.41452
1860, 594, 0.65479, 8.03293, 2.02027, 0.45922, -0.71055, 0.53236, 0.80, 0.80, 0.80, 1.00, 0.4328, 0.34516
1861, 277, 0.43748, 8.0014, 2.14769, -0.0975, -0.6917, 0.71486, 0.80, 0.80, 0.80, 1.00, 0.39738, 0.33798
1862, 276, 0.42747, 7.96652, 2.08457, -0.13061, -0.82023, 0.55601, 0.80, 0.80, 0.80, 1.00, 0.39649, 0.35562
1863, 278, 0.45654, 8.08734, 2.19389, -0.05469, -0.50914, 0.85835, 0.80, 0.80, 0.80, 1.00, 0.39649, 0.31324
1864, 277, 0.43748, 8.0014, 2.14769, -0.0975, -0.6917, 0.71486, 0.80, 0.80, 0.80, 1.00, 0.39738, 0.33798
1865, 594, 0.65479, 8.03293, 2.02027, 0.45922, -0.71055, 0.53236, 0.80, 0.80, 0.80, 1.00, 0.4328, 0.34516
1866, 278, 0.45654, 8.08734, 2.19389, -0.05469, -0.50914, 0.85835, 0.80, 0.80, 0.80, 1.00, 0.39649, 0.31324
1867, 594, 0.65479, 8.03293, 2.02027, 0.45922, -0.71055, 0.53236, 0.80, 0.80, 0.80, 1.00, 0.4328, 0.34516
1868, 596, 0.6902, 8.14552, 2.09062, 0.44671, -0.57069, 0.68838, 0.80, 0.80, 0.80, 1.00, 0.43423, 0.31062
1869, 597, 0.71317, 8.4662, 2.29393, 0.59889, -0.3681, 0.71066, 0.80, 0.80, 0.80, 1.00, 0.42726, 0.21528
1870, 280, 0.53131, 8.41912, 2.39578, -0.04598, -0.47022, 0.88077, 0.80, 0.80, 0.80, 1.00, 0.39567, 0.21373
1871, 598, 0.67683, 8.2494, 2.21226, 0.54033, -0.44237, 0.7152, 0.80, 0.80, 0.80, 1.00, 0.42919, 0.25769
1872, 283, 0.491, 8.24589, 2.26557, -0.07276, -0.58808, 0.80489, 0.80, 0.80, 0.80, 1.00, 0.39649, 0.25639
1873, 598, 0.67683, 8.2494, 2.21226, 0.54033, -0.44237, 0.7152, 0.80, 0.80, 0.80, 1.00, 0.42919, 0.25769
1874, 280, 0.53131, 8.41912, 2.39578, -0.04598, -0.47022, 0.88077, 0.80, 0.80, 0.80, 1.00, 0.39567, 0.21373
1875, 285, 0.57208, 8.62149, 2.4247, 0.09714, 0.24509, 0.9641, 0.80, 0.80, 0.80, 1.00, 0.42794, 0.21506
1876, 284, 0.53131, 8.41912, 2.39578, 0.01891, -0.1637, 0.98581, 0.80, 0.80, 0.80, 1.00, 0.39618, 0.21377
1877, 599, 0.7508, 8.60386, 2.31281, 0.67188, -0.11173, 0.73167, 0.80, 0.80, 0.80, 1.00, 0.44333, 0.18059
1878, 599, 0.7508, 8.60386, 2.31281, 0.67188, -0.11173, 0.73167, 0.80, 0.80, 0.80, 1.00, 0.44333, 0.18059
1879, 284, 0.53131, 8.41912, 2.39578, 0.01891, -0.1637, 0.98581, 0.80, 0.80, 0.80, 1.00, 0.39618, 0.21377
1880, 600, 0.71317, 8.4662, 2.29393, 0.60586, -0.26824, 0.74845, 0.80, 0.80, 0.80, 1.00, 0.42484, 0.18234
1881, 273, 0.38246, 7.7948, 1.8574, -0.17282, -0.95438, 0.24142, 0.80, 0.80, 0.80, 1.00, 0.39733, 0.41452
1882, 288, 0.39305, 7.89658, 1.67918, -0.19025, -0.85068, -0.48903, 0.80, 0.80, 0.80, 1.00, 0.39905, 0.42646
1883, 595, 0.5513, 7.8347, 1.78355, 0.46179, -0.87002, -0.17072, 0.80, 0.80, 0.80, 1.00, 0.42681, 0.41326
1884, 595, 0.5513, 7.8347, 1.78355, 0.46179, -0.87002, -0.17072, 0.80, 0.80, 0.80, 1.00, 0.42681, 0.41326
1885, 288, 0.39305, 7.89658, 1.67918, -0.19025, -0.85068, -0.48903, 0.80, 0.80, 0.80, 1.00, 0.39905, 0.42646
1886, 601, 0.52291, 7.88862, 1.6876, 0.27575, -0.80054, -0.53132, 0.80, 0.80, 0.80, 1.00, 0.41852, 0.42068
1887, 595, 0.5513, 7.8347, 1.78355, 0.46179, -0.87002, -0.17072, 0.80, 0.80, 0.80, 1.00, 0.42681, 0.41326
1888, 601, 0.52291, 7.88862, 1.6876, 0.27575, -0.80054, -0.53132, 0.80, 0.80, 0.80, 1.00, 0.41852, 0.42068
1889, 602, 0.69331, 8.0964, 1.60796, 0.7011, -0.61819, -0.35486, 0.80, 0.80, 0.80, 1.00, 0.48682, 0.40128
1890, 597, 0.71317, 8.4662, 2.29393, 0.59889, -0.3681, 0.71066, 0.80, 0.80, 0.80, 1.00, 0.42726, 0.21528
1891, 598, 0.67683, 8.2494, 2.21226, 0.54033, -0.44237, 0.7152, 0.80, 0.80, 0.80, 1.00, 0.42919, 0.25769
1892, 603, 0.82586, 8.47587, 2.18396, 0.67757, -0.36596, 0.63739, 0.80, 0.80, 0.80, 1.00, 0.45139, 0.227
1893, 603, 0.82586, 8.47587, 2.18396, 0.67757, -0.36596, 0.63739, 0.80, 0.80, 0.80, 1.00, 0.45139, 0.227
1894, 598, 0.67683, 8.2494, 2.21226, 0.54033, -0.44237, 0.7152, 0.80, 0.80, 0.80, 1.00, 0.42919, 0.25769
1895, 604, 0.76981, 8.24118, 2.10475, 0.68712, -0.37413, 0.62225, 0.80, 0.80, 0.80, 1.00, 0.44396, 0.28677
1896, 605, 0.76981, 8.24118, 2.10475, 0.84489, -0.34971, 0.40424, 0.80, 0.80, 0.80, 1.00, 0.44418, 0.28677
1897, 606, 0.6902, 8.14552, 2.09062, 0.58629, -0.562, 0.58281, 0.80, 0.80, 0.80, 1.00, 0.43445, 0.31062
1898, 607, 0.79637, 8.17286, 2.01028, 0.8198, -0.47806, 0.31459, 0.80, 0.80, 0.80, 1.00, 0.45208, 0.31432
1899, 606, 0.6902, 8.14552, 2.09062, 0.58629, -0.562, 0.58281, 0.80, 0.80, 0.80, 1.00, 0.43445, 0.31062
1900, 608, 0.65479, 8.03293, 2.02027, 0.63034, -0.60246, 0.48891, 0.80, 0.80, 0.80, 1.00, 0.43301, 0.34516
1901, 607, 0.79637, 8.17286, 2.01028, 0.8198, -0.47806, 0.31459, 0.80, 0.80, 0.80, 1.00, 0.45208, 0.31432
1902, 607, 0.79637, 8.17286, 2.01028, 0.8198, -0.47806, 0.31459, 0.80, 0.80, 0.80, 1.00, 0.45208, 0.31432
1903, 608, 0.65479, 8.03293, 2.02027, 0.63034, -0.60246, 0.48891, 0.80, 0.80, 0.80, 1.00, 0.43301, 0.34516
1904, 609, 0.74038, 8.06967, 1.93371, 0.84101, -0.54059, 0.01307, 0.80, 0.80, 0.80, 1.00, 0.44661, 0.34908
1905, 594, 0.65479, 8.03293, 2.02027, 0.45922, -0.71055, 0.53236, 0.80, 0.80, 0.80, 1.00, 0.4328, 0.34516
1906, 595, 0.5513, 7.8347, 1.78355, 0.46179, -0.87002, -0.17072, 0.80, 0.80, 0.80, 1.00, 0.42681, 0.41326
1907, 610, 0.74038, 8.06967, 1.93371, 0.75063, -0.65542, 0.08099, 0.80, 0.80, 0.80, 1.00, 0.44639, 0.34908
1908, 610, 0.74038, 8.06967, 1.93371, 0.75063, -0.65542, 0.08099, 0.80, 0.80, 0.80, 1.00, 0.44639, 0.34908
1909, 595, 0.5513, 7.8347, 1.78355, 0.46179, -0.87002, -0.17072, 0.80, 0.80, 0.80, 1.00, 0.42681, 0.41326
1910, 602, 0.69331, 8.0964, 1.60796, 0.7011, -0.61819, -0.35486, 0.80, 0.80, 0.80, 1.00, 0.48682, 0.40128
1911, 607, 0.79637, 8.17286, 2.01028, 0.8198, -0.47806, 0.31459, 0.80, 0.80, 0.80, 1.00, 0.45208, 0.31432
1912, 609, 0.74038, 8.06967, 1.93371, 0.84101, -0.54059, 0.01307, 0.80, 0.80, 0.80, 1.00, 0.44661, 0.34908
1913, 611, 0.85726, 8.35816, 1.78799, 0.92464, -0.35988, -0.12392, 0.80, 0.80, 0.80, 1.00, 0.51159, 0.31455
1914, 612, 0.76657, 8.18194, 1.62594, 0.86828, -0.43844, -0.23162, 0.80, 0.80, 0.80, 1.00, 0.51356, 0.37896
1915, 609, 0.74038, 8.06967, 1.93371, 0.84101, -0.54059, 0.01307, 0.80, 0.80, 0.80, 1.00, 0.44661, 0.34908
1916, 613, 0.69331, 8.0964, 1.60796, 0.75308, -0.57883, -0.31225, 0.80, 0.80, 0.80, 1.00, 0.48703, 0.40128
1917, 609, 0.74038, 8.06967, 1.93371, 0.84101, -0.54059, 0.01307, 0.80, 0.80, 0.80, 1.00, 0.44661, 0.34908
1918, 612, 0.76657, 8.18194, 1.62594, 0.86828, -0.43844, -0.23162, 0.80, 0.80, 0.80, 1.00, 0.51356, 0.37896
1919, 611, 0.85726, 8.35816, 1.78799, 0.92464, -0.35988, -0.12392, 0.80, 0.80, 0.80, 1.00, 0.51159, 0.31455
1920, 605, 0.76981, 8.24118, 2.10475, 0.84489, -0.34971, 0.40424, 0.80, 0.80, 0.80, 1.00, 0.44418, 0.28677
1921, 607, 0.79637, 8.17286, 2.01028, 0.8198, -0.47806, 0.31459, 0.80, 0.80, 0.80, 1.00, 0.45208, 0.31432
1922, 614, 0.89035, 8.43446, 1.86926, 0.9612, -0.25136, 0.11273, 0.80, 0.80, 0.80, 1.00, 0.50903, 0.28505
1923, 614, 0.89035, 8.43446, 1.86926, 0.9612, -0.25136, 0.11273, 0.80, 0.80, 0.80, 1.00, 0.50903, 0.28505
1924, 607, 0.79637, 8.17286, 2.01028, 0.8198, -0.47806, 0.31459, 0.80, 0.80, 0.80, 1.00, 0.45208, 0.31432
1925, 611, 0.85726, 8.35816, 1.78799, 0.92464, -0.35988, -0.12392, 0.80, 0.80, 0.80, 1.00, 0.51159, 0.31455
1926, 605, 0.76981, 8.24118, 2.10475, 0.84489, -0.34971, 0.40424, 0.80, 0.80, 0.80, 1.00, 0.44418, 0.28677
1927, 614, 0.89035, 8.43446, 1.86926, 0.9612, -0.25136, 0.11273, 0.80, 0.80, 0.80, 1.00, 0.50903, 0.28505
1928, 615, 0.82586, 8.47587, 2.18396, 0.91878, -0.32032, 0.23008, 0.80, 0.80, 0.80, 1.00, 0.45161, 0.227
1929, 615, 0.82586, 8.47587, 2.18396, 0.91878, -0.32032, 0.23008, 0.80, 0.80, 0.80, 1.00, 0.45161, 0.227
1930, 614, 0.89035, 8.43446, 1.86926, 0.9612, -0.25136, 0.11273, 0.80, 0.80, 0.80, 1.00, 0.50903, 0.28505
1931, 616, 0.91474, 8.59885, 2.01621, 0.96264, -0.24508, 0.11421, 0.80, 0.80, 0.80, 1.00, 0.50946, 0.22644
1932, 600, 0.71317, 8.4662, 2.29393, 0.60586, -0.26824, 0.74845, 0.80, 0.80, 0.80, 1.00, 0.42484, 0.18234
1933, 617, 0.82586, 8.47587, 2.18396, 0.82283, -0.13224, 0.55218, 0.80, 0.80, 0.80, 1.00, 0.44778, 0.16183
1934, 599, 0.7508, 8.60386, 2.31281, 0.67188, -0.11173, 0.73167, 0.80, 0.80, 0.80, 1.00, 0.44333, 0.18059
1935, 599, 0.7508, 8.60386, 2.31281, 0.67188, -0.11173, 0.73167, 0.80, 0.80, 0.80, 1.00, 0.44333, 0.18059
1936, 617, 0.82586, 8.47587, 2.18396, 0.82283, -0.13224, 0.55218, 0.80, 0.80, 0.80, 1.00, 0.44778, 0.16183
1937, 618, 0.86952, 8.723, 2.13302, 0.86696, 0.16742, 0.46885, 0.80, 0.80, 0.80, 1.00, 0.49524, 0.16213
1938, 618, 0.86952, 8.723, 2.13302, 0.86696, 0.16742, 0.46885, 0.80, 0.80, 0.80, 1.00, 0.49524, 0.16213
1939, 617, 0.82586, 8.47587, 2.18396, 0.82283, -0.13224, 0.55218, 0.80, 0.80, 0.80, 1.00, 0.44778, 0.16183
1940, 619, 0.91474, 8.59885, 2.01621, 0.94854, 0.0622, 0.30992, 0.80, 0.80, 0.80, 1.00, 0.49757, 0.14886
1941, 308, 0.59942, 8.79684, 2.29448, 0.16516, 0.656, 0.73579, 0.80, 0.80, 0.80, 1.00, 0.45335, 0.2274
1942, 285, 0.57208, 8.62149, 2.4247, 0.09714, 0.24509, 0.9641, 0.80, 0.80, 0.80, 1.00, 0.42794, 0.21506
1943, 620, 0.76213, 8.7371, 2.28824, 0.53471, 0.46163, 0.70716, 0.80, 0.80, 0.80, 1.00, 0.46816, 0.18293
1944, 620, 0.76213, 8.7371, 2.28824, 0.53471, 0.46163, 0.70716, 0.80, 0.80, 0.80, 1.00, 0.46816, 0.18293
1945, 285, 0.57208, 8.62149, 2.4247, 0.09714, 0.24509, 0.9641, 0.80, 0.80, 0.80, 1.00, 0.42794, 0.21506
1946, 599, 0.7508, 8.60386, 2.31281, 0.67188, -0.11173, 0.73167, 0.80, 0.80, 0.80, 1.00, 0.44333, 0.18059
1947, 620, 0.76213, 8.7371, 2.28824, 0.53471, 0.46163, 0.70716, 0.80, 0.80, 0.80, 1.00, 0.46816, 0.18293
1948, 599, 0.7508, 8.60386, 2.31281, 0.67188, -0.11173, 0.73167, 0.80, 0.80, 0.80, 1.00, 0.44333, 0.18059
1949, 618, 0.86952, 8.723, 2.13302, 0.86696, 0.16742, 0.46885, 0.80, 0.80, 0.80, 1.00, 0.49524, 0.16213
1950, 310, 0.62887, 9.01478, 2.04466, 0.1896, 0.84443, 0.50, 0.80, 0.80, 0.80, 1.00, 0.55016, 0.22415
1951, 620, 0.76213, 8.7371, 2.28824, 0.53471, 0.46163, 0.70716, 0.80, 0.80, 0.80, 1.00, 0.46816, 0.18293
1952, 621, 0.8028, 8.95543, 2.01326, 0.57745, 0.75508, 0.3091, 0.80, 0.80, 0.80, 1.00, 0.55016, 0.18074
1953, 308, 0.59942, 8.79684, 2.29448, 0.16516, 0.656, 0.73579, 0.80, 0.80, 0.80, 1.00, 0.45335, 0.2274
1954, 620, 0.76213, 8.7371, 2.28824, 0.53471, 0.46163, 0.70716, 0.80, 0.80, 0.80, 1.00, 0.46816, 0.18293
1955, 310, 0.62887, 9.01478, 2.04466, 0.1896, 0.84443, 0.50, 0.80, 0.80, 0.80, 1.00, 0.55016, 0.22415
1956, 620, 0.76213, 8.7371, 2.28824, 0.53471, 0.46163, 0.70716, 0.80, 0.80, 0.80, 1.00, 0.46816, 0.18293
1957, 618, 0.86952, 8.723, 2.13302, 0.86696, 0.16742, 0.46885, 0.80, 0.80, 0.80, 1.00, 0.49524, 0.16213
1958, 621, 0.8028, 8.95543, 2.01326, 0.57745, 0.75508, 0.3091, 0.80, 0.80, 0.80, 1.00, 0.55016, 0.18074
1959, 621, 0.8028, 8.95543, 2.01326, 0.57745, 0.75508, 0.3091, 0.80, 0.80, 0.80, 1.00, 0.55016, 0.18074
1960, 618, 0.86952, 8.723, 2.13302, 0.86696, 0.16742, 0.46885, 0.80, 0.80, 0.80, 1.00, 0.49524, 0.16213
1961, 622, 0.89565, 8.87481, 1.94725, 0.86591, 0.49937, 0.01827, 0.80, 0.80, 0.80, 1.00, 0.55127, 0.16103
1962, 622, 0.89565, 8.87481, 1.94725, 0.86591, 0.49937, 0.01827, 0.80, 0.80, 0.80, 1.00, 0.55127, 0.16103
1963, 618, 0.86952, 8.723, 2.13302, 0.86696, 0.16742, 0.46885, 0.80, 0.80, 0.80, 1.00, 0.49524, 0.16213
1964, 619, 0.91474, 8.59885, 2.01621, 0.94854, 0.0622, 0.30992, 0.80, 0.80, 0.80, 1.00, 0.49757, 0.14886
1965, 622, 0.89565, 8.87481, 1.94725, 0.86591, 0.49937, 0.01827, 0.80, 0.80, 0.80, 1.00, 0.55127, 0.16103
1966, 619, 0.91474, 8.59885, 2.01621, 0.94854, 0.0622, 0.30992, 0.80, 0.80, 0.80, 1.00, 0.49757, 0.14886
1967, 623, 0.937, 8.76075, 1.85219, 0.90942, 0.40526, -0.09123, 0.80, 0.80, 0.80, 1.00, 0.55127, 0.14899
1968, 616, 0.91474, 8.59885, 2.01621, 0.96264, -0.24508, 0.11421, 0.80, 0.80, 0.80, 1.00, 0.50946, 0.22644
1969, 614, 0.89035, 8.43446, 1.86926, 0.9612, -0.25136, 0.11273, 0.80, 0.80, 0.80, 1.00, 0.50903, 0.28505
1970, 624, 0.937, 8.76075, 1.85219, 0.98091, 0.07198, -0.18019, 0.80, 0.80, 0.80, 1.00, 0.55034, 0.22487
1971, 624, 0.937, 8.76075, 1.85219, 0.98091, 0.07198, -0.18019, 0.80, 0.80, 0.80, 1.00, 0.55034, 0.22487
1972, 614, 0.89035, 8.43446, 1.86926, 0.9612, -0.25136, 0.11273, 0.80, 0.80, 0.80, 1.00, 0.50903, 0.28505
1973, 625, 0.92821, 8.59426, 1.70525, 0.92406, 0.07222, -0.37507, 0.80, 0.80, 0.80, 1.00, 0.54659, 0.28123
1974, 614, 0.89035, 8.43446, 1.86926, 0.9612, -0.25136, 0.11273, 0.80, 0.80, 0.80, 1.00, 0.50903, 0.28505
1975, 611, 0.85726, 8.35816, 1.78799, 0.92464, -0.35988, -0.12392, 0.80, 0.80, 0.80, 1.00, 0.51159, 0.31455
1976, 625, 0.92821, 8.59426, 1.70525, 0.92406, 0.07222, -0.37507, 0.80, 0.80, 0.80, 1.00, 0.54659, 0.28123
1977, 625, 0.92821, 8.59426, 1.70525, 0.92406, 0.07222, -0.37507, 0.80, 0.80, 0.80, 1.00, 0.54659, 0.28123
1978, 611, 0.85726, 8.35816, 1.78799, 0.92464, -0.35988, -0.12392, 0.80, 0.80, 0.80, 1.00, 0.51159, 0.31455
1979, 626, 0.86883, 8.5034, 1.61858, 0.88655, -0.04558, -0.46014, 0.80, 0.80, 0.80, 1.00, 0.55114, 0.31553
1980, 611, 0.85726, 8.35816, 1.78799, 0.92464, -0.35988, -0.12392, 0.80, 0.80, 0.80, 1.00, 0.51159, 0.31455
1981, 612, 0.76657, 8.18194, 1.62594, 0.86828, -0.43844, -0.23162, 0.80, 0.80, 0.80, 1.00, 0.51356, 0.37896
1982, 626, 0.86883, 8.5034, 1.61858, 0.88655, -0.04558, -0.46014, 0.80, 0.80, 0.80, 1.00, 0.55114, 0.31553
1983, 626, 0.86883, 8.5034, 1.61858, 0.88655, -0.04558, -0.46014, 0.80, 0.80, 0.80, 1.00, 0.55114, 0.31553
1984, 612, 0.76657, 8.18194, 1.62594, 0.86828, -0.43844, -0.23162, 0.80, 0.80, 0.80, 1.00, 0.51356, 0.37896
1985, 627, 0.76904, 8.33393, 1.45561, 0.80534, -0.12277, -0.57971, 0.80, 0.80, 0.80, 1.00, 0.5597, 0.37925
1986, 612, 0.76657, 8.18194, 1.62594, 0.86828, -0.43844, -0.23162, 0.80, 0.80, 0.80, 1.00, 0.51356, 0.37896
1987, 613, 0.69331, 8.0964, 1.60796, 0.75308, -0.57883, -0.31225, 0.80, 0.80, 0.80, 1.00, 0.48703, 0.40128
1988, 627, 0.76904, 8.33393, 1.45561, 0.80534, -0.12277, -0.57971, 0.80, 0.80, 0.80, 1.00, 0.5597, 0.37925
1989, 621, 0.8028, 8.95543, 2.01326, 0.57745, 0.75508, 0.3091, 0.80, 0.80, 0.80, 1.00, 0.55016, 0.18074
1990, 622, 0.89565, 8.87481, 1.94725, 0.86591, 0.49937, 0.01827, 0.80, 0.80, 0.80, 1.00, 0.55127, 0.16103
1991, 628, 0.77119, 8.976, 1.89245, 0.54709, 0.79779, -0.25178, 0.80, 0.80, 0.80, 1.00, 0.579, 0.18414
1992, 622, 0.89565, 8.87481, 1.94725, 0.86591, 0.49937, 0.01827, 0.80, 0.80, 0.80, 1.00, 0.55127, 0.16103
1993, 623, 0.937, 8.76075, 1.85219, 0.90942, 0.40526, -0.09123, 0.80, 0.80, 0.80, 1.00, 0.55127, 0.14899
1994, 629, 0.77714, 8.88034, 1.76473, 0.55528, 0.69185, -0.46068, 0.80, 0.80, 0.80, 1.00, 0.60997, 0.17511
1995, 622, 0.89565, 8.87481, 1.94725, 0.86591, 0.49937, 0.01827, 0.80, 0.80, 0.80, 1.00, 0.55127, 0.16103
1996, 629, 0.77714, 8.88034, 1.76473, 0.55528, 0.69185, -0.46068, 0.80, 0.80, 0.80, 1.00, 0.60997, 0.17511
1997, 628, 0.77119, 8.976, 1.89245, 0.54709, 0.79779, -0.25178, 0.80, 0.80, 0.80, 1.00, 0.579, 0.18414
1998, 624, 0.937, 8.76075, 1.85219, 0.98091, 0.07198, -0.18019, 0.80, 0.80, 0.80, 1.00, 0.55034, 0.22487
1999, 625, 0.92821, 8.59426, 1.70525, 0.92406, 0.07222, -0.37507, 0.80, 0.80, 0.80, 1.00, 0.54659, 0.28123
2000, 630, 0.77714, 8.88034, 1.76473, 0.56106, 0.56798, -0.60156, 0.80, 0.80, 0.80, 1.00, 0.58419, 0.22272
2001, 630, 0.77714, 8.88034, 1.76473, 0.56106, 0.56798, -0.60156, 0.80, 0.80, 0.80, 1.00, 0.58419, 0.22272
2002, 625, 0.92821, 8.59426, 1.70525, 0.92406, 0.07222, -0.37507, 0.80, 0.80, 0.80, 1.00, 0.54659, 0.28123
2003, 631, 0.77047, 8.72952, 1.59991, 0.54595, 0.47365, -0.69055, 0.80, 0.80, 0.80, 1.00, 0.58059, 0.27908
2004, 625, 0.92821, 8.59426, 1.70525, 0.92406, 0.07222, -0.37507, 0.80, 0.80, 0.80, 1.00, 0.54659, 0.28123
2005, 626, 0.86883, 8.5034, 1.61858, 0.88655, -0.04558, -0.46014, 0.80, 0.80, 0.80, 1.00, 0.55114, 0.31553
2006, 631, 0.77047, 8.72952, 1.59991, 0.54595, 0.47365, -0.69055, 0.80, 0.80, 0.80, 1.00, 0.58059, 0.27908
2007, 631, 0.77047, 8.72952, 1.59991, 0.54595, 0.47365, -0.69055, 0.80, 0.80, 0.80, 1.00, 0.58059, 0.27908
2008, 626, 0.86883, 8.5034, 1.61858, 0.88655, -0.04558, -0.46014, 0.80, 0.80, 0.80, 1.00, 0.55114, 0.31553
2009, 632, 0.75593, 8.613, 1.51519, 0.55404, 0.34895, -0.75537, 0.80, 0.80, 0.80, 1.00, 0.57904, 0.31584
2010, 626, 0.86883, 8.5034, 1.61858, 0.88655, -0.04558, -0.46014, 0.80, 0.80, 0.80, 1.00, 0.55114, 0.31553
2011, 627, 0.76904, 8.33393, 1.45561, 0.80534, -0.12277, -0.57971, 0.80, 0.80, 0.80, 1.00, 0.5597, 0.37925
2012, 632, 0.75593, 8.613, 1.51519, 0.55404, 0.34895, -0.75537, 0.80, 0.80, 0.80, 1.00, 0.57904, 0.31584
2013, 632, 0.75593, 8.613, 1.51519, 0.55404, 0.34895, -0.75537, 0.80, 0.80, 0.80, 1.00, 0.57904, 0.31584
2014, 627, 0.76904, 8.33393, 1.45561, 0.80534, -0.12277, -0.57971, 0.80, 0.80, 0.80, 1.00, 0.5597, 0.37925
2015, 633, 0.64123, 8.45111, 1.39158, 0.3605, 0.37837, -0.85206, 0.80, 0.80, 0.80, 1.00, 0.5884, 0.37215
2016, 633, 0.64123, 8.45111, 1.39158, 0.3605, 0.37837, -0.85206, 0.80, 0.80, 0.80, 1.00, 0.5884, 0.37215
2017, 324, 0.53523, 8.68067, 1.48462, 0.06132, 0.53841, -0.83984, 0.80, 0.80, 0.80, 1.00, 0.60972, 0.31473
2018, 632, 0.75593, 8.613, 1.51519, 0.55404, 0.34895, -0.75537, 0.80, 0.80, 0.80, 1.00, 0.57904, 0.31584
2019, 324, 0.53523, 8.68067, 1.48462, 0.06132, 0.53841, -0.83984, 0.80, 0.80, 0.80, 1.00, 0.60972, 0.31473
2020, 633, 0.64123, 8.45111, 1.39158, 0.3605, 0.37837, -0.85206, 0.80, 0.80, 0.80, 1.00, 0.5884, 0.37215
2021, 325, 0.49528, 8.50232, 1.38093, 0.05109, 0.49313, -0.86787, 0.80, 0.80, 0.80, 1.00, 0.61158, 0.36739
2022, 632, 0.75593, 8.613, 1.51519, 0.55404, 0.34895, -0.75537, 0.80, 0.80, 0.80, 1.00, 0.57904, 0.31584
2023, 324, 0.53523, 8.68067, 1.48462, 0.06132, 0.53841, -0.83984, 0.80, 0.80, 0.80, 1.00, 0.60972, 0.31473
2024, 631, 0.77047, 8.72952, 1.59991, 0.54595, 0.47365, -0.69055, 0.80, 0.80, 0.80, 1.00, 0.58059, 0.27908
2025, 631, 0.77047, 8.72952, 1.59991, 0.54595, 0.47365, -0.69055, 0.80, 0.80, 0.80, 1.00, 0.58059, 0.27908
2026, 324, 0.53523, 8.68067, 1.48462, 0.06132, 0.53841, -0.83984, 0.80, 0.80, 0.80, 1.00, 0.60972, 0.31473
2027, 326, 0.56761, 8.8221, 1.58054, 0.0931, 0.67369, -0.73243, 0.80, 0.80, 0.80, 1.00, 0.60881, 0.27062
2028, 631, 0.77047, 8.72952, 1.59991, 0.54595, 0.47365, -0.69055, 0.80, 0.80, 0.80, 1.00, 0.58059, 0.27908
2029, 326, 0.56761, 8.8221, 1.58054, 0.0931, 0.67369, -0.73243, 0.80, 0.80, 0.80, 1.00, 0.60881, 0.27062
2030, 630, 0.77714, 8.88034, 1.76473, 0.56106, 0.56798, -0.60156, 0.80, 0.80, 0.80, 1.00, 0.58419, 0.22272
2031, 630, 0.77714, 8.88034, 1.76473, 0.56106, 0.56798, -0.60156, 0.80, 0.80, 0.80, 1.00, 0.58419, 0.22272
2032, 326, 0.56761, 8.8221, 1.58054, 0.0931, 0.67369, -0.73243, 0.80, 0.80, 0.80, 1.00, 0.60881, 0.27062
2033, 327, 0.60416, 8.9699, 1.73351, 0.1003, 0.70308, -0.70327, 0.80, 0.80, 0.80, 1.00, 0.60935, 0.21549
2034, 629, 0.77714, 8.88034, 1.76473, 0.55528, 0.69185, -0.46068, 0.80, 0.80, 0.80, 1.00, 0.60997, 0.17511
2035, 328, 0.60416, 8.9699, 1.73351, 0.15024, 0.88856, -0.4323, 0.80, 0.80, 0.80, 1.00, 0.6094, 0.21557
2036, 329, 0.62596, 9.04132, 1.88788, 0.1769, 0.96372, -0.19733, 0.80, 0.80, 0.80, 1.00, 0.58422, 0.22302
2037, 629, 0.77714, 8.88034, 1.76473, 0.55528, 0.69185, -0.46068, 0.80, 0.80, 0.80, 1.00, 0.60997, 0.17511
2038, 329, 0.62596, 9.04132, 1.88788, 0.1769, 0.96372, -0.19733, 0.80, 0.80, 0.80, 1.00, 0.58422, 0.22302
2039, 628, 0.77119, 8.976, 1.89245, 0.54709, 0.79779, -0.25178, 0.80, 0.80, 0.80, 1.00, 0.579, 0.18414
2040, 621, 0.8028, 8.95543, 2.01326, 0.57745, 0.75508, 0.3091, 0.80, 0.80, 0.80, 1.00, 0.55016, 0.18074
2041, 329, 0.62596, 9.04132, 1.88788, 0.1769, 0.96372, -0.19733, 0.80, 0.80, 0.80, 1.00, 0.58422, 0.22302
2042, 310, 0.62887, 9.01478, 2.04466, 0.1896, 0.84443, 0.50, 0.80, 0.80, 0.80, 1.00, 0.55016, 0.22415
2043, 329, 0.62596, 9.04132, 1.88788, 0.1769, 0.96372, -0.19733, 0.80, 0.80, 0.80, 1.00, 0.58422, 0.22302
2044, 621, 0.8028, 8.95543, 2.01326, 0.57745, 0.75508, 0.3091, 0.80, 0.80, 0.80, 1.00, 0.55016, 0.18074
2045, 628, 0.77119, 8.976, 1.89245, 0.54709, 0.79779, -0.25178, 0.80, 0.80, 0.80, 1.00, 0.579, 0.18414
2046, 634, -0.5888, 8.33737, 1.07512, -0.26552, 0.86565, -0.42406, 0.80, 0.80, 0.80, 1.00, 0.00704, 0.58912
2047, 635, 0.02624, 8.13638, 1.32619, -0.00646, 0.99423, 0.10564, 0.80, 0.80, 0.80, 1.00, 0.1167, 0.56472
2048, 636, -0.67046, 8.16618, 0.77682, -0.25489, 0.5756, -0.77678, 0.80, 0.80, 0.80, 1.00, 0.00688, 0.58894
2049, 637, -0.66352, 5.68535, 0.88175, -0.95999, 0.1786, -0.21571, 0.80, 0.80, 0.80, 1.00, 0.05065, 0.87207
2050, 638, -0.67325, 6.07844, 0.80698, -0.9645, -0.16125, -0.20912, 0.80, 0.80, 0.80, 1.00, 0.05235, 0.84249
2051, 639, -0.57065, 5.71862, 0.49599, -0.90878, 0.11065, -0.40233, 0.80, 0.80, 0.80, 1.00, 0.10315, 0.8678
2052, 639, -0.57065, 5.71862, 0.49599, -0.90878, 0.11065, -0.40233, 0.80, 0.80, 0.80, 1.00, 0.10315, 0.8678
2053, 638, -0.67325, 6.07844, 0.80698, -0.9645, -0.16125, -0.20912, 0.80, 0.80, 0.80, 1.00, 0.05235, 0.84249
2054, 640, -0.62418, 6.14068, 0.47425, -0.92534, -0.20926, -0.31613, 0.80, 0.80, 0.80, 1.00, 0.0913, 0.83742
2055, 640, -0.62418, 6.14068, 0.47425, -0.92534, -0.20926, -0.31613, 0.80, 0.80, 0.80, 1.00, 0.0913, 0.83742
2056, 638, -0.67325, 6.07844, 0.80698, -0.9645, -0.16125, -0.20912, 0.80, 0.80, 0.80, 1.00, 0.05235, 0.84249
2057, 641, -0.75378, 6.27805, 0.86613, -0.9578, -0.28512, -0.0362, 0.80, 0.80, 0.80, 1.00, 0.03203, 0.8169
2058, 640, -0.62418, 6.14068, 0.47425, -0.92534, -0.20926, -0.31613, 0.80, 0.80, 0.80, 1.00, 0.0913, 0.83742
2059, 641, -0.75378, 6.27805, 0.86613, -0.9578, -0.28512, -0.0362, 0.80, 0.80, 0.80, 1.00, 0.03203, 0.8169
2060, 642, -0.67721, 6.28825, 0.51476, -0.87366, -0.2192, -0.43434, 0.80, 0.80, 0.80, 1.00, 0.07775, 0.8185
2061, 642, -0.67721, 6.28825, 0.51476, -0.87366, -0.2192, -0.43434, 0.80, 0.80, 0.80, 1.00, 0.07775, 0.8185
2062, 641, -0.75378, 6.27805, 0.86613, -0.9578, -0.28512, -0.0362, 0.80, 0.80, 0.80, 1.00, 0.03203, 0.8169
2063, 643, -0.71698, 7.29464, 1.14051, -0.74922, -0.50742, -0.42534, 0.80, 0.80, 0.80, 1.00, 0.01288, 0.70971
2064, 641, -0.75378, 6.27805, 0.86613, -0.9578, -0.28512, -0.0362, 0.80, 0.80, 0.80, 1.00, 0.03203, 0.8169
2065, 644, -0.75933, 7.22398, 0.97155, -0.96636, 0.01234, 0.25682, 0.80, 0.80, 0.80, 1.00, 0.01965, 0.71244
2066, 643, -0.71698, 7.29464, 1.14051, -0.74922, -0.50742, -0.42534, 0.80, 0.80, 0.80, 1.00, 0.01288, 0.70971
2067, 639, -0.57065, 5.71862, 0.49599, -0.90878, 0.11065, -0.40233, 0.80, 0.80, 0.80, 1.00, 0.10315, 0.8678
2068, 645, -0.52081, 6.14912, 0.28931, -0.62804, -0.07251, -0.77478, 0.80, 0.80, 0.80, 1.00, 0.12686, 0.83751
2069, 646, -0.47828, 5.70961, 0.38409, -0.57306, 0.15312, -0.80508, 0.80, 0.80, 0.80, 1.00, 0.13025, 0.86896
2070, 645, -0.52081, 6.14912, 0.28931, -0.62804, -0.07251, -0.77478, 0.80, 0.80, 0.80, 1.00, 0.12686, 0.83751
2071, 639, -0.57065, 5.71862, 0.49599, -0.90878, 0.11065, -0.40233, 0.80, 0.80, 0.80, 1.00, 0.10315, 0.8678
2072, 640, -0.62418, 6.14068, 0.47425, -0.92534, -0.20926, -0.31613, 0.80, 0.80, 0.80, 1.00, 0.0913, 0.83742
2073, 645, -0.52081, 6.14912, 0.28931, -0.62804, -0.07251, -0.77478, 0.80, 0.80, 0.80, 1.00, 0.12686, 0.83751
2074, 640, -0.62418, 6.14068, 0.47425, -0.92534, -0.20926, -0.31613, 0.80, 0.80, 0.80, 1.00, 0.0913, 0.83742
2075, 642, -0.67721, 6.28825, 0.51476, -0.87366, -0.2192, -0.43434, 0.80, 0.80, 0.80, 1.00, 0.07775, 0.8185
2076, 645, -0.52081, 6.14912, 0.28931, -0.62804, -0.07251, -0.77478, 0.80, 0.80, 0.80, 1.00, 0.12686, 0.83751
2077, 642, -0.67721, 6.28825, 0.51476, -0.87366, -0.2192, -0.43434, 0.80, 0.80, 0.80, 1.00, 0.07775, 0.8185
2078, 647, -0.52038, 6.32529, 0.30612, -0.44873, -0.05252, -0.89211, 0.80, 0.80, 0.80, 1.00, 0.12517, 0.81486
2079, 647, -0.52038, 6.32529, 0.30612, -0.44873, -0.05252, -0.89211, 0.80, 0.80, 0.80, 1.00, 0.12517, 0.81486
2080, 642, -0.67721, 6.28825, 0.51476, -0.87366, -0.2192, -0.43434, 0.80, 0.80, 0.80, 1.00, 0.07775, 0.8185
2081, 643, -0.71698, 7.29464, 1.14051, -0.74922, -0.50742, -0.42534, 0.80, 0.80, 0.80, 1.00, 0.01288, 0.70971
2082, 647, -0.52038, 6.32529, 0.30612, -0.44873, -0.05252, -0.89211, 0.80, 0.80, 0.80, 1.00, 0.12517, 0.81486
2083, 643, -0.71698, 7.29464, 1.14051, -0.74922, -0.50742, -0.42534, 0.80, 0.80, 0.80, 1.00, 0.01288, 0.70971
2084, 648, -0.28488, 7.61768, 0.43259, -0.1027, 0.42893, -0.8973, 0.80, 0.80, 0.80, 1.00, 0.10993, 0.6832
2085, 648, -0.28488, 7.61768, 0.43259, -0.1027, 0.42893, -0.8973, 0.80, 0.80, 0.80, 1.00, 0.10993, 0.6832
2086, 643, -0.71698, 7.29464, 1.14051, -0.74922, -0.50742, -0.42534, 0.80, 0.80, 0.80, 1.00, 0.01288, 0.70971
2087, 649, -0.77734, 7.71939, 0.66715, -0.27986, 0.51419, -0.81053, 0.80, 0.80, 0.80, 1.00, 0.00667, 0.67494
2088, 648, -0.28488, 7.61768, 0.43259, -0.1027, 0.42893, -0.8973, 0.80, 0.80, 0.80, 1.00, 0.10993, 0.6832
2089, 649, -0.77734, 7.71939, 0.66715, -0.27986, 0.51419, -0.81053, 0.80, 0.80, 0.80, 1.00, 0.00667, 0.67494
2090, 650, -0.70675, 7.958, 0.75917, -0.40175, -0.18755, -0.89616, 0.80, 0.80, 0.80, 1.00, 0.00704, 0.61106
2091, 648, -0.28488, 7.61768, 0.43259, -0.1027, 0.42893, -0.8973, 0.80, 0.80, 0.80, 1.00, 0.10993, 0.6832
2092, 650, -0.70675, 7.958, 0.75917, -0.40175, -0.18755, -0.89616, 0.80, 0.80, 0.80, 1.00, 0.00704, 0.61106
2093, 651, -0.16313, 8.06545, 0.64406, -0.0139, 0.69391, -0.7197, 0.80, 0.80, 0.80, 1.00, 0.10823, 0.6179
2094, 651, -0.16313, 8.06545, 0.64406, -0.0139, 0.69391, -0.7197, 0.80, 0.80, 0.80, 1.00, 0.10823, 0.6179
2095, 650, -0.70675, 7.958, 0.75917, -0.40175, -0.18755, -0.89616, 0.80, 0.80, 0.80, 1.00, 0.00704, 0.61106
2096, 652, -0.09668, 8.18423, 0.86475, 0.07772, 0.95056, -0.3001, 0.80, 0.80, 0.80, 1.00, 0.10823, 0.59
2097, 652, -0.09668, 8.18423, 0.86475, 0.07772, 0.95056, -0.3001, 0.80, 0.80, 0.80, 1.00, 0.10823, 0.59
2098, 650, -0.70675, 7.958, 0.75917, -0.40175, -0.18755, -0.89616, 0.80, 0.80, 0.80, 1.00, 0.00704, 0.61106
2099, 636, -0.67046, 8.16618, 0.77682, -0.25489, 0.5756, -0.77678, 0.80, 0.80, 0.80, 1.00, 0.00688, 0.58894
2100, 636, -0.67046, 8.16618, 0.77682, -0.25489, 0.5756, -0.77678, 0.80, 0.80, 0.80, 1.00, 0.00688, 0.58894
2101, 635, 0.02624, 8.13638, 1.32619, -0.00646, 0.99423, 0.10564, 0.80, 0.80, 0.80, 1.00, 0.1167, 0.56472
2102, 652, -0.09668, 8.18423, 0.86475, 0.07772, 0.95056, -0.3001, 0.80, 0.80, 0.80, 1.00, 0.10823, 0.59
2103, 653, -0.19877, 5.70852, 0.26032, -0.45297, 0.06707, -0.889, 0.80, 0.80, 0.80, 1.00, 0.19239, 0.8691
2104, 645, -0.52081, 6.14912, 0.28931, -0.62804, -0.07251, -0.77478, 0.80, 0.80, 0.80, 1.00, 0.12686, 0.83751
2105, 654, -0.19614, 6.14285, 0.21963, -0.44228, 0.08016, -0.89327, 0.80, 0.80, 0.80, 1.00, 0.19239, 0.83712
2106, 653, -0.19877, 5.70852, 0.26032, -0.45297, 0.06707, -0.889, 0.80, 0.80, 0.80, 1.00, 0.19239, 0.8691
2107, 646, -0.47828, 5.70961, 0.38409, -0.57306, 0.15312, -0.80508, 0.80, 0.80, 0.80, 1.00, 0.13025, 0.86896
2108, 645, -0.52081, 6.14912, 0.28931, -0.62804, -0.07251, -0.77478, 0.80, 0.80, 0.80, 1.00, 0.12686, 0.83751
2109, 654, -0.19614, 6.14285, 0.21963, -0.44228, 0.08016, -0.89327, 0.80, 0.80, 0.80, 1.00, 0.19239, 0.83712
2110, 647, -0.52038, 6.32529, 0.30612, -0.44873, -0.05252, -0.89211, 0.80, 0.80, 0.80, 1.00, 0.12517, 0.81486
2111, 655, -0.18905, 6.30106, 0.23141, -0.44423, -0.00301, -0.89589, 0.80, 0.80, 0.80, 1.00, 0.19239, 0.81677
2112, 647, -0.52038, 6.32529, 0.30612, -0.44873, -0.05252, -0.89211, 0.80, 0.80, 0.80, 1.00, 0.12517, 0.81486
2113, 654, -0.19614, 6.14285, 0.21963, -0.44228, 0.08016, -0.89327, 0.80, 0.80, 0.80, 1.00, 0.19239, 0.83712
2114, 645, -0.52081, 6.14912, 0.28931, -0.62804, -0.07251, -0.77478, 0.80, 0.80, 0.80, 1.00, 0.12686, 0.83751
2115, 647, -0.52038, 6.32529, 0.30612, -0.44873, -0.05252, -0.89211, 0.80, 0.80, 0.80, 1.00, 0.12517, 0.81486
2116, 656, 0.12002, 7.52663, 0.44637, -0.10166, 0.38122, -0.91871, 0.80, 0.80, 0.80, 1.00, 0.19239, 0.67902
2117, 655, -0.18905, 6.30106, 0.23141, -0.44423, -0.00301, -0.89589, 0.80, 0.80, 0.80, 1.00, 0.19239, 0.81677
2118, 647, -0.52038, 6.32529, 0.30612, -0.44873, -0.05252, -0.89211, 0.80, 0.80, 0.80, 1.00, 0.12517, 0.81486
2119, 648, -0.28488, 7.61768, 0.43259, -0.1027, 0.42893, -0.8973, 0.80, 0.80, 0.80, 1.00, 0.10993, 0.6832
2120, 656, 0.12002, 7.52663, 0.44637, -0.10166, 0.38122, -0.91871, 0.80, 0.80, 0.80, 1.00, 0.19239, 0.67902
2121, 648, -0.28488, 7.61768, 0.43259, -0.1027, 0.42893, -0.8973, 0.80, 0.80, 0.80, 1.00, 0.10993, 0.6832
2122, 657, 0.27732, 8.04119, 0.72793, 0.00351, 0.70471, -0.70926, 0.80, 0.80, 0.80, 1.00, 0.19239, 0.6012
2123, 656, 0.12002, 7.52663, 0.44637, -0.10166, 0.38122, -0.91871, 0.80, 0.80, 0.80, 1.00, 0.19239, 0.67902
2124, 648, -0.28488, 7.61768, 0.43259, -0.1027, 0.42893, -0.8973, 0.80, 0.80, 0.80, 1.00, 0.10993, 0.6832
2125, 651, -0.16313, 8.06545, 0.64406, -0.0139, 0.69391, -0.7197, 0.80, 0.80, 0.80, 1.00, 0.10823, 0.6179
2126, 657, 0.27732, 8.04119, 0.72793, 0.00351, 0.70471, -0.70926, 0.80, 0.80, 0.80, 1.00, 0.19239, 0.6012
2127, 651, -0.16313, 8.06545, 0.64406, -0.0139, 0.69391, -0.7197, 0.80, 0.80, 0.80, 1.00, 0.10823, 0.6179
2128, 652, -0.09668, 8.18423, 0.86475, 0.07772, 0.95056, -0.3001, 0.80, 0.80, 0.80, 1.00, 0.10823, 0.59
2129, 657, 0.27732, 8.04119, 0.72793, 0.00351, 0.70471, -0.70926, 0.80, 0.80, 0.80, 1.00, 0.19239, 0.6012
2130, 652, -0.09668, 8.18423, 0.86475, 0.07772, 0.95056, -0.3001, 0.80, 0.80, 0.80, 1.00, 0.10823, 0.59
2131, 658, 0.31813, 8.1126, 0.8651, 0.14274, 0.95732, -0.25067, 0.80, 0.80, 0.80, 1.00, 0.19239, 0.58414
2132, 657, 0.27732, 8.04119, 0.72793, 0.00351, 0.70471, -0.70926, 0.80, 0.80, 0.80, 1.00, 0.19239, 0.6012
2133, 652, -0.09668, 8.18423, 0.86475, 0.07772, 0.95056, -0.3001, 0.80, 0.80, 0.80, 1.00, 0.10823, 0.59
2134, 635, 0.02624, 8.13638, 1.32619, -0.00646, 0.99423, 0.10564, 0.80, 0.80, 0.80, 1.00, 0.1167, 0.56472
2135, 658, 0.31813, 8.1126, 0.8651, 0.14274, 0.95732, -0.25067, 0.80, 0.80, 0.80, 1.00, 0.19239, 0.58414
2136, 635, 0.02624, 8.13638, 1.32619, -0.00646, 0.99423, 0.10564, 0.80, 0.80, 0.80, 1.00, 0.1167, 0.56472
2137, 659, 0.39231, 8.19855, 1.15961, 0.12879, 0.94261, -0.30752, 0.80, 0.80, 0.80, 1.00, 0.19239, 0.55536
2138, 658, 0.31813, 8.1126, 0.8651, 0.14274, 0.95732, -0.25067, 0.80, 0.80, 0.80, 1.00, 0.19239, 0.58414
2139, 660, -0.72274, 5.55849, 0.88879, -0.89779, 0.4027, -0.17833, 0.80, 0.80, 0.80, 1.00, 0.03926, 0.88833
2140, 637, -0.66352, 5.68535, 0.88175, -0.95999, 0.1786, -0.21571, 0.80, 0.80, 0.80, 1.00, 0.05065, 0.87207
2141, 639, -0.57065, 5.71862, 0.49599, -0.90878, 0.11065, -0.40233, 0.80, 0.80, 0.80, 1.00, 0.10315, 0.8678
2142, 660, -0.72274, 5.55849, 0.88879, -0.89779, 0.4027, -0.17833, 0.80, 0.80, 0.80, 1.00, 0.03926, 0.88833
2143, 639, -0.57065, 5.71862, 0.49599, -0.90878, 0.11065, -0.40233, 0.80, 0.80, 0.80, 1.00, 0.10315, 0.8678
2144, 661, -0.64457, 5.55849, 0.49249, -0.85972, 0.32931, -0.39044, 0.80, 0.80, 0.80, 1.00, 0.09007, 0.88833
2145, 662, -0.52062, 5.55849, 0.33597, -0.59088, 0.38472, -0.70912, 0.80, 0.80, 0.80, 1.00, 0.12702, 0.88833
2146, 639, -0.57065, 5.71862, 0.49599, -0.90878, 0.11065, -0.40233, 0.80, 0.80, 0.80, 1.00, 0.10315, 0.8678
2147, 646, -0.47828, 5.70961, 0.38409, -0.57306, 0.15312, -0.80508, 0.80, 0.80, 0.80, 1.00, 0.13025, 0.86896
2148, 662, -0.52062, 5.55849, 0.33597, -0.59088, 0.38472, -0.70912, 0.80, 0.80, 0.80, 1.00, 0.12702, 0.88833
2149, 661, -0.64457, 5.55849, 0.49249, -0.85972, 0.32931, -0.39044, 0.80, 0.80, 0.80, 1.00, 0.09007, 0.88833
2150, 639, -0.57065, 5.71862, 0.49599, -0.90878, 0.11065, -0.40233, 0.80, 0.80, 0.80, 1.00, 0.10315, 0.8678
2151, 663, -0.23794, 5.55849, 0.18345, -0.40901, 0.434, -0.80272, 0.80, 0.80, 0.80, 1.00, 0.19239, 0.88833
2152, 646, -0.47828, 5.70961, 0.38409, -0.57306, 0.15312, -0.80508, 0.80, 0.80, 0.80, 1.00, 0.13025, 0.86896
2153, 653, -0.19877, 5.70852, 0.26032, -0.45297, 0.06707, -0.889, 0.80, 0.80, 0.80, 1.00, 0.19239, 0.8691
2154, 663, -0.23794, 5.55849, 0.18345, -0.40901, 0.434, -0.80272, 0.80, 0.80, 0.80, 1.00, 0.19239, 0.88833
2155, 662, -0.52062, 5.55849, 0.33597, -0.59088, 0.38472, -0.70912, 0.80, 0.80, 0.80, 1.00, 0.12702, 0.88833
2156, 646, -0.47828, 5.70961, 0.38409, -0.57306, 0.15312, -0.80508, 0.80, 0.80, 0.80, 1.00, 0.13025, 0.86896
2157, 664, -0.77468, 5.43854, 0.89404, -0.95785, 0.19545, -0.21051, 0.80, 0.80, 0.80, 1.00, 0.02936, 0.9037
2158, 660, -0.72274, 5.55849, 0.88879, -0.89779, 0.4027, -0.17833, 0.80, 0.80, 0.80, 1.00, 0.03926, 0.88833
2159, 661, -0.64457, 5.55849, 0.49249, -0.85972, 0.32931, -0.39044, 0.80, 0.80, 0.80, 1.00, 0.09007, 0.88833
2160, 664, -0.77468, 5.43854, 0.89404, -0.95785, 0.19545, -0.21051, 0.80, 0.80, 0.80, 1.00, 0.02936, 0.9037
2161, 661, -0.64457, 5.55849, 0.49249, -0.85972, 0.32931, -0.39044, 0.80, 0.80, 0.80, 1.00, 0.09007, 0.88833
2162, 665, -0.67384, 5.4414, 0.49502, -0.90409, 0.16836, -0.39278, 0.80, 0.80, 0.80, 1.00, 0.08452, 0.90333
2163, 666, -0.78171, 5.11656, 1.03546, -0.98185, 0.06863, -0.17683, 0.80, 0.80, 0.80, 1.00, 0.01731, 0.95368
2164, 664, -0.77468, 5.43854, 0.89404, -0.95785, 0.19545, -0.21051, 0.80, 0.80, 0.80, 1.00, 0.02936, 0.9037
2165, 667, -0.6932, 5.09828, 0.53691, -0.89915, 0.03377, -0.43633, 0.80, 0.80, 0.80, 1.00, 0.07944, 0.95603
2166, 664, -0.77468, 5.43854, 0.89404, -0.95785, 0.19545, -0.21051, 0.80, 0.80, 0.80, 1.00, 0.02936, 0.9037
2167, 665, -0.67384, 5.4414, 0.49502, -0.90409, 0.16836, -0.39278, 0.80, 0.80, 0.80, 1.00, 0.08452, 0.90333
2168, 667, -0.6932, 5.09828, 0.53691, -0.89915, 0.03377, -0.43633, 0.80, 0.80, 0.80, 1.00, 0.07944, 0.95603
2169, 667, -0.6932, 5.09828, 0.53691, -0.89915, 0.03377, -0.43633, 0.80, 0.80, 0.80, 1.00, 0.07944, 0.95603
2170, 665, -0.67384, 5.4414, 0.49502, -0.90409, 0.16836, -0.39278, 0.80, 0.80, 0.80, 1.00, 0.08452, 0.90333
2171, 668, -0.54375, 5.43783, 0.29225, -0.67212, 0.16986, -0.7207, 0.80, 0.80, 0.80, 1.00, 0.12686, 0.90379
2172, 669, -0.52882, 5.10779, 0.34645, -0.57999, -0.09064, -0.80957, 0.80, 0.80, 0.80, 1.00, 0.12686, 0.95481
2173, 667, -0.6932, 5.09828, 0.53691, -0.89915, 0.03377, -0.43633, 0.80, 0.80, 0.80, 1.00, 0.07944, 0.95603
2174, 668, -0.54375, 5.43783, 0.29225, -0.67212, 0.16986, -0.7207, 0.80, 0.80, 0.80, 1.00, 0.12686, 0.90379
2175, 668, -0.54375, 5.43783, 0.29225, -0.67212, 0.16986, -0.7207, 0.80, 0.80, 0.80, 1.00, 0.12686, 0.90379
2176, 661, -0.64457, 5.55849, 0.49249, -0.85972, 0.32931, -0.39044, 0.80, 0.80, 0.80, 1.00, 0.09007, 0.88833
2177, 662, -0.52062, 5.55849, 0.33597, -0.59088, 0.38472, -0.70912, 0.80, 0.80, 0.80, 1.00, 0.12702, 0.88833
2178, 665, -0.67384, 5.4414, 0.49502, -0.90409, 0.16836, -0.39278, 0.80, 0.80, 0.80, 1.00, 0.08452, 0.90333
2179, 661, -0.64457, 5.55849, 0.49249, -0.85972, 0.32931, -0.39044, 0.80, 0.80, 0.80, 1.00, 0.09007, 0.88833
2180, 668, -0.54375, 5.43783, 0.29225, -0.67212, 0.16986, -0.7207, 0.80, 0.80, 0.80, 1.00, 0.12686, 0.90379
2181, 670, -0.24204, 5.10018, 0.2003, -0.45336, -0.05266, -0.88977, 0.80, 0.80, 0.80, 1.00, 0.19239, 0.95578
2182, 668, -0.54375, 5.43783, 0.29225, -0.67212, 0.16986, -0.7207, 0.80, 0.80, 0.80, 1.00, 0.12686, 0.90379
2183, 671, -0.26236, 5.44211, 0.13551, -0.43635, 0.27606, -0.85638, 0.80, 0.80, 0.80, 1.00, 0.19239, 0.90324
2184, 668, -0.54375, 5.43783, 0.29225, -0.67212, 0.16986, -0.7207, 0.80, 0.80, 0.80, 1.00, 0.12686, 0.90379
2185, 670, -0.24204, 5.10018, 0.2003, -0.45336, -0.05266, -0.88977, 0.80, 0.80, 0.80, 1.00, 0.19239, 0.95578
2186, 669, -0.52882, 5.10779, 0.34645, -0.57999, -0.09064, -0.80957, 0.80, 0.80, 0.80, 1.00, 0.12686, 0.95481
2187, 671, -0.26236, 5.44211, 0.13551, -0.43635, 0.27606, -0.85638, 0.80, 0.80, 0.80, 1.00, 0.19239, 0.90324
2188, 662, -0.52062, 5.55849, 0.33597, -0.59088, 0.38472, -0.70912, 0.80, 0.80, 0.80, 1.00, 0.12702, 0.88833
2189, 663, -0.23794, 5.55849, 0.18345, -0.40901, 0.434, -0.80272, 0.80, 0.80, 0.80, 1.00, 0.19239, 0.88833
2190, 668, -0.54375, 5.43783, 0.29225, -0.67212, 0.16986, -0.7207, 0.80, 0.80, 0.80, 1.00, 0.12686, 0.90379
2191, 662, -0.52062, 5.55849, 0.33597, -0.59088, 0.38472, -0.70912, 0.80, 0.80, 0.80, 1.00, 0.12702, 0.88833
2192, 671, -0.26236, 5.44211, 0.13551, -0.43635, 0.27606, -0.85638, 0.80, 0.80, 0.80, 1.00, 0.19239, 0.90324
2193, 672, -0.81335, 4.77062, 1.02132, -0.95118, -0.17426, -0.25418, 0.80, 0.80, 0.80, 1.00, 0.00937, 0.99597
2194, 666, -0.78171, 5.11656, 1.03546, -0.98185, 0.06863, -0.17683, 0.80, 0.80, 0.80, 1.00, 0.01731, 0.95368
2195, 667, -0.6932, 5.09828, 0.53691, -0.89915, 0.03377, -0.43633, 0.80, 0.80, 0.80, 1.00, 0.07944, 0.95603
2196, 672, -0.81335, 4.77062, 1.02132, -0.95118, -0.17426, -0.25418, 0.80, 0.80, 0.80, 1.00, 0.00937, 0.99597
2197, 667, -0.6932, 5.09828, 0.53691, -0.89915, 0.03377, -0.43633, 0.80, 0.80, 0.80, 1.00, 0.07944, 0.95603
2198, 673, -0.66092, 4.52936, 0.64621, -0.80625, -0.39076, -0.44343, 0.80, 0.80, 0.80, 1.00, 0.06986, 0.99604
2199, 674, -0.46082, 4.45628, 0.5133, -0.52421, -0.60714, -0.59616, 0.80, 0.80, 0.80, 1.00, 0.1188, 0.99611
2200, 667, -0.6932, 5.09828, 0.53691, -0.89915, 0.03377, -0.43633, 0.80, 0.80, 0.80, 1.00, 0.07944, 0.95603
2201, 669, -0.52882, 5.10779, 0.34645, -0.57999, -0.09064, -0.80957, 0.80, 0.80, 0.80, 1.00, 0.12686, 0.95481
2202, 674, -0.46082, 4.45628, 0.5133, -0.52421, -0.60714, -0.59616, 0.80, 0.80, 0.80, 1.00, 0.1188, 0.99611
2203, 673, -0.66092, 4.52936, 0.64621, -0.80625, -0.39076, -0.44343, 0.80, 0.80, 0.80, 1.00, 0.06986, 0.99604
2204, 667, -0.6932, 5.09828, 0.53691, -0.89915, 0.03377, -0.43633, 0.80, 0.80, 0.80, 1.00, 0.07944, 0.95603
2205, 675, -0.21057, 4.78691, 0.26207, -0.44471, -0.20118, -0.87279, 0.80, 0.80, 0.80, 1.00, 0.19239, 0.99593
2206, 669, -0.52882, 5.10779, 0.34645, -0.57999, -0.09064, -0.80957, 0.80, 0.80, 0.80, 1.00, 0.12686, 0.95481
2207, 670, -0.24204, 5.10018, 0.2003, -0.45336, -0.05266, -0.88977, 0.80, 0.80, 0.80, 1.00, 0.19239, 0.95578
2208, 669, -0.52882, 5.10779, 0.34645, -0.57999, -0.09064, -0.80957, 0.80, 0.80, 0.80, 1.00, 0.12686, 0.95481
2209, 675, -0.21057, 4.78691, 0.26207, -0.44471, -0.20118, -0.87279, 0.80, 0.80, 0.80, 1.00, 0.19239, 0.99593
2210, 674, -0.46082, 4.45628, 0.5133, -0.52421, -0.60714, -0.59616, 0.80, 0.80, 0.80, 1.00, 0.1188, 0.99611
2211, 676, 0.74258, 7.99327, 1.18748, 0.41221, 0.91059, 0.02457, 0.80, 0.80, 0.80, 1.00, 0.26807, 0.56472
2212, 677, 1.40626, 7.49474, 0.99814, 0.34373, 0.66963, 0.65814, 0.80, 0.80, 0.80, 1.00, 0.37774, 0.58912
2213, 678, 1.15252, 7.72078, 0.90068, -0.0589, 0.84461, 0.5319, 0.80, 0.80, 0.80, 1.00, 0.3779, 0.58894
2214, 679, 0.55931, 6.06875, 0.19584, 0.41529, -0.17211, -0.89326, 0.80, 0.80, 0.80, 1.00, 0.33243, 0.84249
2215, 680, 0.57715, 5.68535, 0.2496, 0.38976, 0.1786, -0.90343, 0.80, 0.80, 0.80, 1.00, 0.33412, 0.87207
2216, 681, 0.21047, 5.71862, 0.09799, 0.20868, 0.11065, -0.9717, 0.80, 0.80, 0.80, 1.00, 0.28162, 0.8678
2217, 679, 0.55931, 6.06875, 0.19584, 0.41529, -0.17211, -0.89326, 0.80, 0.80, 0.80, 1.00, 0.33243, 0.84249
2218, 681, 0.21047, 5.71862, 0.09799, 0.20868, 0.11065, -0.9717, 0.80, 0.80, 0.80, 1.00, 0.28162, 0.8678
2219, 682, 0.26556, 6.13368, 0.03309, 0.3058, -0.21895, -0.92657, 0.80, 0.80, 0.80, 1.00, 0.29348, 0.83742
2220, 679, 0.55931, 6.06875, 0.19584, 0.41529, -0.17211, -0.89326, 0.80, 0.80, 0.80, 1.00, 0.33243, 0.84249
2221, 682, 0.26556, 6.13368, 0.03309, 0.3058, -0.21895, -0.92657, 0.80, 0.80, 0.80, 1.00, 0.29348, 0.83742
2222, 683, 0.65765, 6.26694, 0.1663, 0.5473, -0.29696, -0.78248, 0.80, 0.80, 0.80, 1.00, 0.35275, 0.8169
2223, 683, 0.65765, 6.26694, 0.1663, 0.5473, -0.29696, -0.78248, 0.80, 0.80, 0.80, 1.00, 0.35275, 0.8169
2224, 682, 0.26556, 6.13368, 0.03309, 0.3058, -0.21895, -0.92657, 0.80, 0.80, 0.80, 1.00, 0.29348, 0.83742
2225, 684, 0.33177, 6.28031, 0.01448, 0.18031, -0.22749, -0.95693, 0.80, 0.80, 0.80, 1.00, 0.30702, 0.8185
2226, 683, 0.65765, 6.26694, 0.1663, 0.5473, -0.29696, -0.78248, 0.80, 0.80, 0.80, 1.00, 0.35275, 0.8169
2227, 684, 0.33177, 6.28031, 0.01448, 0.18031, -0.22749, -0.95693, 0.80, 0.80, 0.80, 1.00, 0.30702, 0.8185
2228, 685, 0.91928, 7.30394, 0.08466, -0.2001, 0.69333, -0.69204, 0.80, 0.80, 0.80, 1.00, 0.3719, 0.70971
2229, 686, 0.90172, 6.99119, 0.45906, 0.91254, -0.25098, -0.32289, 0.80, 0.80, 0.80, 1.00, 0.36512, 0.71244
2230, 683, 0.65765, 6.26694, 0.1663, 0.5473, -0.29696, -0.78248, 0.80, 0.80, 0.80, 1.00, 0.35275, 0.8169
2231, 685, 0.91928, 7.30394, 0.08466, -0.2001, 0.69333, -0.69204, 0.80, 0.80, 0.80, 1.00, 0.3719, 0.70971
2232, 687, 0.05591, 6.14458, 0.00335, -0.23746, -0.07559, -0.96844, 0.80, 0.80, 0.80, 1.00, 0.25791, 0.83751
2233, 681, 0.21047, 5.71862, 0.09799, 0.20868, 0.11065, -0.9717, 0.80, 0.80, 0.80, 1.00, 0.28162, 0.8678
2234, 688, 0.06565, 5.70961, 0.10694, -0.31449, 0.15312, -0.93683, 0.80, 0.80, 0.80, 1.00, 0.25453, 0.86896
2235, 681, 0.21047, 5.71862, 0.09799, 0.20868, 0.11065, -0.9717, 0.80, 0.80, 0.80, 1.00, 0.28162, 0.8678
2236, 687, 0.05591, 6.14458, 0.00335, -0.23746, -0.07559, -0.96844, 0.80, 0.80, 0.80, 1.00, 0.25791, 0.83751
2237, 682, 0.26556, 6.13368, 0.03309, 0.3058, -0.21895, -0.92657, 0.80, 0.80, 0.80, 1.00, 0.29348, 0.83742
2238, 682, 0.26556, 6.13368, 0.03309, 0.3058, -0.21895, -0.92657, 0.80, 0.80, 0.80, 1.00, 0.29348, 0.83742
2239, 687, 0.05591, 6.14458, 0.00335, -0.23746, -0.07559, -0.96844, 0.80, 0.80, 0.80, 1.00, 0.25791, 0.83751
2240, 684, 0.33177, 6.28031, 0.01448, 0.18031, -0.22749, -0.95693, 0.80, 0.80, 0.80, 1.00, 0.30702, 0.8185
2241, 684, 0.33177, 6.28031, 0.01448, 0.18031, -0.22749, -0.95693, 0.80, 0.80, 0.80, 1.00, 0.30702, 0.8185
2242, 687, 0.05591, 6.14458, 0.00335, -0.23746, -0.07559, -0.96844, 0.80, 0.80, 0.80, 1.00, 0.25791, 0.83751
2243, 689, 0.07125, 6.32063, 0.01277, -0.43913, -0.05259, -0.89687, 0.80, 0.80, 0.80, 1.00, 0.25961, 0.81486
2244, 684, 0.33177, 6.28031, 0.01448, 0.18031, -0.22749, -0.95693, 0.80, 0.80, 0.80, 1.00, 0.30702, 0.8185
2245, 689, 0.07125, 6.32063, 0.01277, -0.43913, -0.05259, -0.89687, 0.80, 0.80, 0.80, 1.00, 0.25961, 0.81486
2246, 685, 0.91928, 7.30394, 0.08466, -0.2001, 0.69333, -0.69204, 0.80, 0.80, 0.80, 1.00, 0.3719, 0.70971
2247, 685, 0.91928, 7.30394, 0.08466, -0.2001, 0.69333, -0.69204, 0.80, 0.80, 0.80, 1.00, 0.3719, 0.70971
2248, 689, 0.07125, 6.32063, 0.01277, -0.43913, -0.05259, -0.89687, 0.80, 0.80, 0.80, 1.00, 0.25961, 0.81486
2249, 690, 0.49557, 7.46176, 0.28147, -0.07539, 0.42348, -0.90259, 0.80, 0.80, 0.80, 1.00, 0.27485, 0.6832
2250, 685, 0.91928, 7.30394, 0.08466, -0.2001, 0.69333, -0.69204, 0.80, 0.80, 0.80, 1.00, 0.3719, 0.70971
2251, 690, 0.49557, 7.46176, 0.28147, -0.07539, 0.42348, -0.90259, 0.80, 0.80, 0.80, 1.00, 0.27485, 0.6832
2252, 691, 1.03928, 7.35646, 0.31539, 0.13912, 0.43049, -0.89165, 0.80, 0.80, 0.80, 1.00, 0.37811, 0.67494
2253, 691, 1.03928, 7.35646, 0.31539, 0.13912, 0.43049, -0.89165, 0.80, 0.80, 0.80, 1.00, 0.37811, 0.67494
2254, 690, 0.49557, 7.46176, 0.28147, -0.07539, 0.42348, -0.90259, 0.80, 0.80, 0.80, 1.00, 0.27485, 0.6832
2255, 692, 1.04034, 7.71143, 0.72098, -0.49939, 0.85799, -0.11926, 0.80, 0.80, 0.80, 1.00, 0.37774, 0.61106
2256, 692, 1.04034, 7.71143, 0.72098, -0.49939, 0.85799, -0.11926, 0.80, 0.80, 0.80, 1.00, 0.37774, 0.61106
2257, 690, 0.49557, 7.46176, 0.28147, -0.07539, 0.42348, -0.90259, 0.80, 0.80, 0.80, 1.00, 0.27485, 0.6832
2258, 693, 0.63335, 7.90632, 0.48983, 0.01065, 0.689, -0.72446, 0.80, 0.80, 0.80, 1.00, 0.27654, 0.6179
2259, 692, 1.04034, 7.71143, 0.72098, -0.49939, 0.85799, -0.11926, 0.80, 0.80, 0.80, 1.00, 0.37774, 0.61106
2260, 693, 0.63335, 7.90632, 0.48983, 0.01065, 0.689, -0.72446, 0.80, 0.80, 0.80, 1.00, 0.27654, 0.6179
2261, 694, 0.6998, 8.02511, 0.71052, 0.17815, 0.9305, -0.31955, 0.80, 0.80, 0.80, 1.00, 0.27654, 0.59
2262, 692, 1.04034, 7.71143, 0.72098, -0.49939, 0.85799, -0.11926, 0.80, 0.80, 0.80, 1.00, 0.37774, 0.61106
2263, 694, 0.6998, 8.02511, 0.71052, 0.17815, 0.9305, -0.31955, 0.80, 0.80, 0.80, 1.00, 0.27654, 0.59
2264, 678, 1.15252, 7.72078, 0.90068, -0.0589, 0.84461, 0.5319, 0.80, 0.80, 0.80, 1.00, 0.3779, 0.58894
2265, 676, 0.74258, 7.99327, 1.18748, 0.41221, 0.91059, 0.02457, 0.80, 0.80, 0.80, 1.00, 0.26807, 0.56472
2266, 678, 1.15252, 7.72078, 0.90068, -0.0589, 0.84461, 0.5319, 0.80, 0.80, 0.80, 1.00, 0.3779, 0.58894
2267, 694, 0.6998, 8.02511, 0.71052, 0.17815, 0.9305, -0.31955, 0.80, 0.80, 0.80, 1.00, 0.27654, 0.59
2268, 687, 0.05591, 6.14458, 0.00335, -0.23746, -0.07559, -0.96844, 0.80, 0.80, 0.80, 1.00, 0.25791, 0.83751
2269, 653, -0.19877, 5.70852, 0.26032, -0.45297, 0.06707, -0.889, 0.80, 0.80, 0.80, 1.00, 0.19239, 0.8691
2270, 654, -0.19614, 6.14285, 0.21963, -0.44228, 0.08016, -0.89327, 0.80, 0.80, 0.80, 1.00, 0.19239, 0.83712
2271, 688, 0.06565, 5.70961, 0.10694, -0.31449, 0.15312, -0.93683, 0.80, 0.80, 0.80, 1.00, 0.25453, 0.86896
2272, 653, -0.19877, 5.70852, 0.26032, -0.45297, 0.06707, -0.889, 0.80, 0.80, 0.80, 1.00, 0.19239, 0.8691
2273, 687, 0.05591, 6.14458, 0.00335, -0.23746, -0.07559, -0.96844, 0.80, 0.80, 0.80, 1.00, 0.25791, 0.83751
2274, 689, 0.07125, 6.32063, 0.01277, -0.43913, -0.05259, -0.89687, 0.80, 0.80, 0.80, 1.00, 0.25961, 0.81486
2275, 654, -0.19614, 6.14285, 0.21963, -0.44228, 0.08016, -0.89327, 0.80, 0.80, 0.80, 1.00, 0.19239, 0.83712
2276, 655, -0.18905, 6.30106, 0.23141, -0.44423, -0.00301, -0.89589, 0.80, 0.80, 0.80, 1.00, 0.19239, 0.81677
2277, 654, -0.19614, 6.14285, 0.21963, -0.44228, 0.08016, -0.89327, 0.80, 0.80, 0.80, 1.00, 0.19239, 0.83712
2278, 689, 0.07125, 6.32063, 0.01277, -0.43913, -0.05259, -0.89687, 0.80, 0.80, 0.80, 1.00, 0.25961, 0.81486
2279, 687, 0.05591, 6.14458, 0.00335, -0.23746, -0.07559, -0.96844, 0.80, 0.80, 0.80, 1.00, 0.25791, 0.83751
2280, 656, 0.12002, 7.52663, 0.44637, -0.10166, 0.38122, -0.91871, 0.80, 0.80, 0.80, 1.00, 0.19239, 0.67902
2281, 689, 0.07125, 6.32063, 0.01277, -0.43913, -0.05259, -0.89687, 0.80, 0.80, 0.80, 1.00, 0.25961, 0.81486
2282, 655, -0.18905, 6.30106, 0.23141, -0.44423, -0.00301, -0.89589, 0.80, 0.80, 0.80, 1.00, 0.19239, 0.81677
2283, 690, 0.49557, 7.46176, 0.28147, -0.07539, 0.42348, -0.90259, 0.80, 0.80, 0.80, 1.00, 0.27485, 0.6832
2284, 689, 0.07125, 6.32063, 0.01277, -0.43913, -0.05259, -0.89687, 0.80, 0.80, 0.80, 1.00, 0.25961, 0.81486
2285, 656, 0.12002, 7.52663, 0.44637, -0.10166, 0.38122, -0.91871, 0.80, 0.80, 0.80, 1.00, 0.19239, 0.67902
2286, 657, 0.27732, 8.04119, 0.72793, 0.00351, 0.70471, -0.70926, 0.80, 0.80, 0.80, 1.00, 0.19239, 0.6012
2287, 690, 0.49557, 7.46176, 0.28147, -0.07539, 0.42348, -0.90259, 0.80, 0.80, 0.80, 1.00, 0.27485, 0.6832
2288, 656, 0.12002, 7.52663, 0.44637, -0.10166, 0.38122, -0.91871, 0.80, 0.80, 0.80, 1.00, 0.19239, 0.67902
2289, 693, 0.63335, 7.90632, 0.48983, 0.01065, 0.689, -0.72446, 0.80, 0.80, 0.80, 1.00, 0.27654, 0.6179
2290, 690, 0.49557, 7.46176, 0.28147, -0.07539, 0.42348, -0.90259, 0.80, 0.80, 0.80, 1.00, 0.27485, 0.6832
2291, 657, 0.27732, 8.04119, 0.72793, 0.00351, 0.70471, -0.70926, 0.80, 0.80, 0.80, 1.00, 0.19239, 0.6012
2292, 694, 0.6998, 8.02511, 0.71052, 0.17815, 0.9305, -0.31955, 0.80, 0.80, 0.80, 1.00, 0.27654, 0.59
2293, 693, 0.63335, 7.90632, 0.48983, 0.01065, 0.689, -0.72446, 0.80, 0.80, 0.80, 1.00, 0.27654, 0.6179
2294, 657, 0.27732, 8.04119, 0.72793, 0.00351, 0.70471, -0.70926, 0.80, 0.80, 0.80, 1.00, 0.19239, 0.6012
2295, 658, 0.31813, 8.1126, 0.8651, 0.14274, 0.95732, -0.25067, 0.80, 0.80, 0.80, 1.00, 0.19239, 0.58414
2296, 694, 0.6998, 8.02511, 0.71052, 0.17815, 0.9305, -0.31955, 0.80, 0.80, 0.80, 1.00, 0.27654, 0.59
2297, 657, 0.27732, 8.04119, 0.72793, 0.00351, 0.70471, -0.70926, 0.80, 0.80, 0.80, 1.00, 0.19239, 0.6012
2298, 676, 0.74258, 7.99327, 1.18748, 0.41221, 0.91059, 0.02457, 0.80, 0.80, 0.80, 1.00, 0.26807, 0.56472
2299, 694, 0.6998, 8.02511, 0.71052, 0.17815, 0.9305, -0.31955, 0.80, 0.80, 0.80, 1.00, 0.27654, 0.59
2300, 658, 0.31813, 8.1126, 0.8651, 0.14274, 0.95732, -0.25067, 0.80, 0.80, 0.80, 1.00, 0.19239, 0.58414
2301, 659, 0.39231, 8.19855, 1.15961, 0.12879, 0.94261, -0.30752, 0.80, 0.80, 0.80, 1.00, 0.19239, 0.55536
2302, 676, 0.74258, 7.99327, 1.18748, 0.41221, 0.91059, 0.02457, 0.80, 0.80, 0.80, 1.00, 0.26807, 0.56472
2303, 658, 0.31813, 8.1126, 0.8651, 0.14274, 0.95732, -0.25067, 0.80, 0.80, 0.80, 1.00, 0.19239, 0.58414
2304, 680, 0.57715, 5.68535, 0.2496, 0.38976, 0.1786, -0.90343, 0.80, 0.80, 0.80, 1.00, 0.33412, 0.87207
2305, 695, 0.61765, 5.55849, 0.20583, 0.38344, 0.4027, -0.83115, 0.80, 0.80, 0.80, 1.00, 0.34551, 0.88833
2306, 681, 0.21047, 5.71862, 0.09799, 0.20868, 0.11065, -0.9717, 0.80, 0.80, 0.80, 1.00, 0.28162, 0.8678
2307, 681, 0.21047, 5.71862, 0.09799, 0.20868, 0.11065, -0.9717, 0.80, 0.80, 0.80, 1.00, 0.28162, 0.8678
2308, 695, 0.61765, 5.55849, 0.20583, 0.38344, 0.4027, -0.83115, 0.80, 0.80, 0.80, 1.00, 0.34551, 0.88833
2309, 696, 0.25109, 5.55849, 0.03612, 0.18946, 0.32931, -0.92502, 0.80, 0.80, 0.80, 1.00, 0.29471, 0.88833
2310, 681, 0.21047, 5.71862, 0.09799, 0.20868, 0.11065, -0.9717, 0.80, 0.80, 0.80, 1.00, 0.28162, 0.8678
2311, 697, 0.05161, 5.55849, 0.0444, -0.22638, 0.38472, -0.89484, 0.80, 0.80, 0.80, 1.00, 0.25776, 0.88833
2312, 688, 0.06565, 5.70961, 0.10694, -0.31449, 0.15312, -0.93683, 0.80, 0.80, 0.80, 1.00, 0.25453, 0.86896
2313, 696, 0.25109, 5.55849, 0.03612, 0.18946, 0.32931, -0.92502, 0.80, 0.80, 0.80, 1.00, 0.29471, 0.88833
2314, 697, 0.05161, 5.55849, 0.0444, -0.22638, 0.38472, -0.89484, 0.80, 0.80, 0.80, 1.00, 0.25776, 0.88833
2315, 681, 0.21047, 5.71862, 0.09799, 0.20868, 0.11065, -0.9717, 0.80, 0.80, 0.80, 1.00, 0.28162, 0.8678
2316, 688, 0.06565, 5.70961, 0.10694, -0.31449, 0.15312, -0.93683, 0.80, 0.80, 0.80, 1.00, 0.25453, 0.86896
2317, 663, -0.23794, 5.55849, 0.18345, -0.40901, 0.434, -0.80272, 0.80, 0.80, 0.80, 1.00, 0.19239, 0.88833
2318, 653, -0.19877, 5.70852, 0.26032, -0.45297, 0.06707, -0.889, 0.80, 0.80, 0.80, 1.00, 0.19239, 0.8691
2319, 697, 0.05161, 5.55849, 0.0444, -0.22638, 0.38472, -0.89484, 0.80, 0.80, 0.80, 1.00, 0.25776, 0.88833
2320, 663, -0.23794, 5.55849, 0.18345, -0.40901, 0.434, -0.80272, 0.80, 0.80, 0.80, 1.00, 0.19239, 0.88833
2321, 688, 0.06565, 5.70961, 0.10694, -0.31449, 0.15312, -0.93683, 0.80, 0.80, 0.80, 1.00, 0.25453, 0.86896
2322, 695, 0.61765, 5.55849, 0.20583, 0.38344, 0.4027, -0.83115, 0.80, 0.80, 0.80, 1.00, 0.34551, 0.88833
2323, 698, 0.65243, 5.43854, 0.16689, 0.39271, 0.19545, -0.89865, 0.80, 0.80, 0.80, 1.00, 0.35542, 0.9037
2324, 696, 0.25109, 5.55849, 0.03612, 0.18946, 0.32931, -0.92502, 0.80, 0.80, 0.80, 1.00, 0.29471, 0.88833
2325, 696, 0.25109, 5.55849, 0.03612, 0.18946, 0.32931, -0.92502, 0.80, 0.80, 0.80, 1.00, 0.29471, 0.88833
2326, 698, 0.65243, 5.43854, 0.16689, 0.39271, 0.19545, -0.89865, 0.80, 0.80, 0.80, 1.00, 0.35542, 0.9037
2327, 699, 0.27034, 5.4414, 0.01394, 0.21364, 0.16836, -0.96229, 0.80, 0.80, 0.80, 1.00, 0.30025, 0.90333
2328, 698, 0.65243, 5.43854, 0.16689, 0.39271, 0.19545, -0.89865, 0.80, 0.80, 0.80, 1.00, 0.35542, 0.9037
2329, 700, 0.75082, 5.11656, 0.2546, 0.43406, 0.06863, -0.89827, 0.80, 0.80, 0.80, 1.00, 0.36746, 0.95368
2330, 701, 0.29546, 5.09828, 0.03317, 0.17551, 0.03377, -0.9839, 0.80, 0.80, 0.80, 1.00, 0.30533, 0.95603
2331, 699, 0.27034, 5.4414, 0.01394, 0.21364, 0.16836, -0.96229, 0.80, 0.80, 0.80, 1.00, 0.30025, 0.90333
2332, 698, 0.65243, 5.43854, 0.16689, 0.39271, 0.19545, -0.89865, 0.80, 0.80, 0.80, 1.00, 0.35542, 0.9037
2333, 701, 0.29546, 5.09828, 0.03317, 0.17551, 0.03377, -0.9839, 0.80, 0.80, 0.80, 1.00, 0.30533, 0.95603
2334, 699, 0.27034, 5.4414, 0.01394, 0.21364, 0.16836, -0.96229, 0.80, 0.80, 0.80, 1.00, 0.30025, 0.90333
2335, 701, 0.29546, 5.09828, 0.03317, 0.17551, 0.03377, -0.9839, 0.80, 0.80, 0.80, 1.00, 0.30533, 0.95603
2336, 702, 0.02983, 5.43783, -3.51667E-06, -0.188, 0.16986, -0.96737, 0.80, 0.80, 0.80, 1.00, 0.25791, 0.90379
2337, 701, 0.29546, 5.09828, 0.03317, 0.17551, 0.03377, -0.9839, 0.80, 0.80, 0.80, 1.00, 0.30533, 0.95603
2338, 703, 0.04476, 5.10779, 0.0542, -0.31404, -0.09064, -0.94507, 0.80, 0.80, 0.80, 1.00, 0.25791, 0.95481
2339, 702, 0.02983, 5.43783, -3.51667E-06, -0.188, 0.16986, -0.96737, 0.80, 0.80, 0.80, 1.00, 0.25791, 0.90379
2340, 696, 0.25109, 5.55849, 0.03612, 0.18946, 0.32931, -0.92502, 0.80, 0.80, 0.80, 1.00, 0.29471, 0.88833
2341, 702, 0.02983, 5.43783, -3.51667E-06, -0.188, 0.16986, -0.96737, 0.80, 0.80, 0.80, 1.00, 0.25791, 0.90379
2342, 697, 0.05161, 5.55849, 0.0444, -0.22638, 0.38472, -0.89484, 0.80, 0.80, 0.80, 1.00, 0.25776, 0.88833
2343, 696, 0.25109, 5.55849, 0.03612, 0.18946, 0.32931, -0.92502, 0.80, 0.80, 0.80, 1.00, 0.29471, 0.88833
2344, 699, 0.27034, 5.4414, 0.01394, 0.21364, 0.16836, -0.96229, 0.80, 0.80, 0.80, 1.00, 0.30025, 0.90333
2345, 702, 0.02983, 5.43783, -3.51667E-06, -0.188, 0.16986, -0.96737, 0.80, 0.80, 0.80, 1.00, 0.25791, 0.90379
2346, 702, 0.02983, 5.43783, -3.51667E-06, -0.188, 0.16986, -0.96737, 0.80, 0.80, 0.80, 1.00, 0.25791, 0.90379
2347, 670, -0.24204, 5.10018, 0.2003, -0.45336, -0.05266, -0.88977, 0.80, 0.80, 0.80, 1.00, 0.19239, 0.95578
2348, 671, -0.26236, 5.44211, 0.13551, -0.43635, 0.27606, -0.85638, 0.80, 0.80, 0.80, 1.00, 0.19239, 0.90324
2349, 670, -0.24204, 5.10018, 0.2003, -0.45336, -0.05266, -0.88977, 0.80, 0.80, 0.80, 1.00, 0.19239, 0.95578
2350, 702, 0.02983, 5.43783, -3.51667E-06, -0.188, 0.16986, -0.96737, 0.80, 0.80, 0.80, 1.00, 0.25791, 0.90379
2351, 703, 0.04476, 5.10779, 0.0542, -0.31404, -0.09064, -0.94507, 0.80, 0.80, 0.80, 1.00, 0.25791, 0.95481
2352, 697, 0.05161, 5.55849, 0.0444, -0.22638, 0.38472, -0.89484, 0.80, 0.80, 0.80, 1.00, 0.25776, 0.88833
2353, 671, -0.26236, 5.44211, 0.13551, -0.43635, 0.27606, -0.85638, 0.80, 0.80, 0.80, 1.00, 0.19239, 0.90324
2354, 663, -0.23794, 5.55849, 0.18345, -0.40901, 0.434, -0.80272, 0.80, 0.80, 0.80, 1.00, 0.19239, 0.88833
2355, 697, 0.05161, 5.55849, 0.0444, -0.22638, 0.38472, -0.89484, 0.80, 0.80, 0.80, 1.00, 0.25776, 0.88833
2356, 702, 0.02983, 5.43783, -3.51667E-06, -0.188, 0.16986, -0.96737, 0.80, 0.80, 0.80, 1.00, 0.25791, 0.90379
2357, 671, -0.26236, 5.44211, 0.13551, -0.43635, 0.27606, -0.85638, 0.80, 0.80, 0.80, 1.00, 0.19239, 0.90324
2358, 700, 0.75082, 5.11656, 0.2546, 0.43406, 0.06863, -0.89827, 0.80, 0.80, 0.80, 1.00, 0.36746, 0.95368
2359, 704, 0.68239, 4.94081, 0.19146, 0.19645, 0.32885, -0.92343, 0.80, 0.80, 0.80, 1.00, 0.3754, 0.99597
2360, 701, 0.29546, 5.09828, 0.03317, 0.17551, 0.03377, -0.9839, 0.80, 0.80, 0.80, 1.00, 0.30533, 0.95603
2361, 701, 0.29546, 5.09828, 0.03317, 0.17551, 0.03377, -0.9839, 0.80, 0.80, 0.80, 1.00, 0.30533, 0.95603
2362, 704, 0.68239, 4.94081, 0.19146, 0.19645, 0.32885, -0.92343, 0.80, 0.80, 0.80, 1.00, 0.3754, 0.99597
2363, 705, 0.27662, 4.75057, 0.04509, -0.03952, 0.12059, -0.99181, 0.80, 0.80, 0.80, 1.00, 0.31491, 0.99604
2364, 701, 0.29546, 5.09828, 0.03317, 0.17551, 0.03377, -0.9839, 0.80, 0.80, 0.80, 1.00, 0.30533, 0.95603
2365, 706, 0.06764, 4.62919, 0.11286, -0.30414, -0.15671, -0.93964, 0.80, 0.80, 0.80, 1.00, 0.26598, 0.99611
2366, 703, 0.04476, 5.10779, 0.0542, -0.31404, -0.09064, -0.94507, 0.80, 0.80, 0.80, 1.00, 0.25791, 0.95481
2367, 705, 0.27662, 4.75057, 0.04509, -0.03952, 0.12059, -0.99181, 0.80, 0.80, 0.80, 1.00, 0.31491, 0.99604
2368, 706, 0.06764, 4.62919, 0.11286, -0.30414, -0.15671, -0.93964, 0.80, 0.80, 0.80, 1.00, 0.26598, 0.99611
2369, 701, 0.29546, 5.09828, 0.03317, 0.17551, 0.03377, -0.9839, 0.80, 0.80, 0.80, 1.00, 0.30533, 0.95603
2370, 703, 0.04476, 5.10779, 0.0542, -0.31404, -0.09064, -0.94507, 0.80, 0.80, 0.80, 1.00, 0.25791, 0.95481
2371, 675, -0.21057, 4.78691, 0.26207, -0.44471, -0.20118, -0.87279, 0.80, 0.80, 0.80, 1.00, 0.19239, 0.99593
2372, 670, -0.24204, 5.10018, 0.2003, -0.45336, -0.05266, -0.88977, 0.80, 0.80, 0.80, 1.00, 0.19239, 0.95578
2373, 675, -0.21057, 4.78691, 0.26207, -0.44471, -0.20118, -0.87279, 0.80, 0.80, 0.80, 1.00, 0.19239, 0.99593
2374, 703, 0.04476, 5.10779, 0.0542, -0.31404, -0.09064, -0.94507, 0.80, 0.80, 0.80, 1.00, 0.25791, 0.95481
2375, 706, 0.06764, 4.62919, 0.11286, -0.30414, -0.15671, -0.93964, 0.80, 0.80, 0.80, 1.00, 0.26598, 0.99611
2376, 707, -0.20196, 5.99909, 1.25312, -0.26918, -0.33229, 0.90394, 0.80, 0.80, 0.80, 1.00, 0.73749, 0.84695
2377, 708, 0.27311, 5.65277, 1.18643, 0.45372, 0.03444, 0.89048, 0.80, 0.80, 0.80, 1.00, 0.63385, 0.87519
2378, 709, 0.26048, 6.01862, 1.14253, 0.39746, -0.43397, 0.8085, 0.80, 0.80, 0.80, 1.00, 0.63385, 0.84348
2379, 708, 0.27311, 5.65277, 1.18643, 0.45372, 0.03444, 0.89048, 0.80, 0.80, 0.80, 1.00, 0.63385, 0.87519
2380, 707, -0.20196, 5.99909, 1.25312, -0.26918, -0.33229, 0.90394, 0.80, 0.80, 0.80, 1.00, 0.73749, 0.84695
2381, 710, -0.2334, 5.68604, 1.30447, -0.31466, 0.16224, 0.93524, 0.80, 0.80, 0.80, 1.00, 0.74539, 0.87156
2382, 709, 0.26048, 6.01862, 1.14253, 0.39746, -0.43397, 0.8085, 0.80, 0.80, 0.80, 1.00, 0.63385, 0.84348
2383, 711, 0.32334, 6.17982, 1.26674, 0.40837, -0.38067, 0.82964, 0.80, 0.80, 0.80, 1.00, 0.63385, 0.82468
2384, 712, -0.29332, 6.21021, 1.41639, -0.15874, -0.36434, 0.91763, 0.80, 0.80, 0.80, 1.00, 0.73768, 0.82474
2385, 709, 0.26048, 6.01862, 1.14253, 0.39746, -0.43397, 0.8085, 0.80, 0.80, 0.80, 1.00, 0.63385, 0.84348
2386, 712, -0.29332, 6.21021, 1.41639, -0.15874, -0.36434, 0.91763, 0.80, 0.80, 0.80, 1.00, 0.73768, 0.82474
2387, 707, -0.20196, 5.99909, 1.25312, -0.26918, -0.33229, 0.90394, 0.80, 0.80, 0.80, 1.00, 0.73749, 0.84695
2388, 712, -0.29332, 6.21021, 1.41639, -0.15874, -0.36434, 0.91763, 0.80, 0.80, 0.80, 1.00, 0.73768, 0.82474
2389, 713, -0.45909, 6.73576, 1.271, -0.30486, -0.58459, 0.75173, 0.80, 0.80, 0.80, 1.00, 0.747, 0.74537
2390, 714, -0.64002, 6.88818, 1.19506, -0.8266, -0.26257, 0.49771, 0.80, 0.80, 0.80, 1.00, 0.80067, 0.74405
2391, 712, -0.29332, 6.21021, 1.41639, -0.15874, -0.36434, 0.91763, 0.80, 0.80, 0.80, 1.00, 0.73768, 0.82474
2392, 711, 0.32334, 6.17982, 1.26674, 0.40837, -0.38067, 0.82964, 0.80, 0.80, 0.80, 1.00, 0.63385, 0.82468
2393, 715, 0.14189, 6.57402, 1.18682, 0.12545, -0.68476, 0.7177, 0.80, 0.80, 0.80, 1.00, 0.63385, 0.74442
2394, 713, -0.45909, 6.73576, 1.271, -0.30486, -0.58459, 0.75173, 0.80, 0.80, 0.80, 1.00, 0.747, 0.74537
2395, 716, -0.3963, 6.99814, 1.62362, -0.36721, -0.15936, 0.91629, 0.80, 0.80, 0.80, 1.00, 0.747, 0.72113
2396, 714, -0.64002, 6.88818, 1.19506, -0.8266, -0.26257, 0.49771, 0.80, 0.80, 0.80, 1.00, 0.80067, 0.74405
2397, 714, -0.64002, 6.88818, 1.19506, -0.8266, -0.26257, 0.49771, 0.80, 0.80, 0.80, 1.00, 0.80067, 0.74405
2398, 716, -0.3963, 6.99814, 1.62362, -0.36721, -0.15936, 0.91629, 0.80, 0.80, 0.80, 1.00, 0.747, 0.72113
2399, 717, -0.56775, 7.13083, 1.50933, -0.7269, -0.02576, 0.68621, 0.80, 0.80, 0.80, 1.00, 0.80067, 0.71913
2400, 716, -0.3963, 6.99814, 1.62362, -0.36721, -0.15936, 0.91629, 0.80, 0.80, 0.80, 1.00, 0.747, 0.72113
2401, 718, 0.36104, 7.59945, 1.61642, 0.20389, 0.07503, 0.97596, 0.80, 0.80, 0.80, 1.00, 0.63385, 0.63694
2402, 719, -0.35473, 8.38649, 1.31874, -0.29819, 0.8637, 0.40607, 0.80, 0.80, 0.80, 1.00, 0.7742, 0.6389
2403, 720, 0.20559, 6.8228, 1.61491, 0.09624, -0.40082, 0.91092, 0.80, 0.80, 0.80, 1.00, 0.63385, 0.72087
2404, 718, 0.36104, 7.59945, 1.61642, 0.20389, 0.07503, 0.97596, 0.80, 0.80, 0.80, 1.00, 0.63385, 0.63694
2405, 716, -0.3963, 6.99814, 1.62362, -0.36721, -0.15936, 0.91629, 0.80, 0.80, 0.80, 1.00, 0.747, 0.72113
2406, 710, -0.2334, 5.68604, 1.30447, -0.31466, 0.16224, 0.93524, 0.80, 0.80, 0.80, 1.00, 0.74539, 0.87156
2407, 707, -0.20196, 5.99909, 1.25312, -0.26918, -0.33229, 0.90394, 0.80, 0.80, 0.80, 1.00, 0.73749, 0.84695
2408, 721, -0.54382, 6.08386, 0.91812, -0.68393, -0.14095, 0.7158, 0.80, 0.80, 0.80, 1.00, 0.80909, 0.84596
2409, 710, -0.2334, 5.68604, 1.30447, -0.31466, 0.16224, 0.93524, 0.80, 0.80, 0.80, 1.00, 0.74539, 0.87156
2410, 721, -0.54382, 6.08386, 0.91812, -0.68393, -0.14095, 0.7158, 0.80, 0.80, 0.80, 1.00, 0.80909, 0.84596
2411, 722, -0.53484, 5.6694, 1.00603, -0.67043, 0.28321, 0.6858, 0.80, 0.80, 0.80, 1.00, 0.79666, 0.87338
2412, 721, -0.54382, 6.08386, 0.91812, -0.68393, -0.14095, 0.7158, 0.80, 0.80, 0.80, 1.00, 0.80909, 0.84596
2413, 707, -0.20196, 5.99909, 1.25312, -0.26918, -0.33229, 0.90394, 0.80, 0.80, 0.80, 1.00, 0.73749, 0.84695
2414, 723, -0.63254, 6.26695, 0.97973, -0.70236, -0.37318, 0.60615, 0.80, 0.80, 0.80, 1.00, 0.81059, 0.82602
2415, 707, -0.20196, 5.99909, 1.25312, -0.26918, -0.33229, 0.90394, 0.80, 0.80, 0.80, 1.00, 0.73749, 0.84695
2416, 712, -0.29332, 6.21021, 1.41639, -0.15874, -0.36434, 0.91763, 0.80, 0.80, 0.80, 1.00, 0.73768, 0.82474
2417, 723, -0.63254, 6.26695, 0.97973, -0.70236, -0.37318, 0.60615, 0.80, 0.80, 0.80, 1.00, 0.81059, 0.82602
2418, 723, -0.63254, 6.26695, 0.97973, -0.70236, -0.37318, 0.60615, 0.80, 0.80, 0.80, 1.00, 0.81059, 0.82602
2419, 712, -0.29332, 6.21021, 1.41639, -0.15874, -0.36434, 0.91763, 0.80, 0.80, 0.80, 1.00, 0.73768, 0.82474
2420, 714, -0.64002, 6.88818, 1.19506, -0.8266, -0.26257, 0.49771, 0.80, 0.80, 0.80, 1.00, 0.80067, 0.74405
2421, 723, -0.63254, 6.26695, 0.97973, -0.70236, -0.37318, 0.60615, 0.80, 0.80, 0.80, 1.00, 0.81059, 0.82602
2422, 714, -0.64002, 6.88818, 1.19506, -0.8266, -0.26257, 0.49771, 0.80, 0.80, 0.80, 1.00, 0.80067, 0.74405
2423, 724, -0.7288, 7.19617, 0.99486, -0.88495, -0.28015, 0.37189, 0.80, 0.80, 0.80, 1.00, 0.83713, 0.73723
2424, 724, -0.7288, 7.19617, 0.99486, -0.88495, -0.28015, 0.37189, 0.80, 0.80, 0.80, 1.00, 0.83713, 0.73723
2425, 714, -0.64002, 6.88818, 1.19506, -0.8266, -0.26257, 0.49771, 0.80, 0.80, 0.80, 1.00, 0.80067, 0.74405
2426, 725, -0.57614, 7.84318, 1.60487, -0.71459, 0.28451, 0.63903, 0.80, 0.80, 0.80, 1.00, 0.83816, 0.70727
2427, 725, -0.57614, 7.84318, 1.60487, -0.71459, 0.28451, 0.63903, 0.80, 0.80, 0.80, 1.00, 0.83816, 0.70727
2428, 714, -0.64002, 6.88818, 1.19506, -0.8266, -0.26257, 0.49771, 0.80, 0.80, 0.80, 1.00, 0.80067, 0.74405
2429, 717, -0.56775, 7.13083, 1.50933, -0.7269, -0.02576, 0.68621, 0.80, 0.80, 0.80, 1.00, 0.80067, 0.71913
2430, 725, -0.57614, 7.84318, 1.60487, -0.71459, 0.28451, 0.63903, 0.80, 0.80, 0.80, 1.00, 0.83816, 0.70727
2431, 717, -0.56775, 7.13083, 1.50933, -0.7269, -0.02576, 0.68621, 0.80, 0.80, 0.80, 1.00, 0.80067, 0.71913
2432, 719, -0.35473, 8.38649, 1.31874, -0.29819, 0.8637, 0.40607, 0.80, 0.80, 0.80, 1.00, 0.7742, 0.6389
2433, 725, -0.57614, 7.84318, 1.60487, -0.71459, 0.28451, 0.63903, 0.80, 0.80, 0.80, 1.00, 0.83816, 0.70727
2434, 719, -0.35473, 8.38649, 1.31874, -0.29819, 0.8637, 0.40607, 0.80, 0.80, 0.80, 1.00, 0.7742, 0.6389
2435, 726, -0.54722, 8.32528, 1.3177, -0.26091, 0.81118, 0.52318, 0.80, 0.80, 0.80, 1.00, 0.83797, 0.64565
2436, 718, 0.36104, 7.59945, 1.61642, 0.20389, 0.07503, 0.97596, 0.80, 0.80, 0.80, 1.00, 0.63385, 0.63694
2437, 727, 0.06409, 7.85119, 1.54843, -0.005, 0.50792, 0.86125, 0.80, 0.80, 0.80, 1.00, 0.69503, 0.62512
2438, 719, -0.35473, 8.38649, 1.31874, -0.29819, 0.8637, 0.40607, 0.80, 0.80, 0.80, 1.00, 0.7742, 0.6389
2439, 719, -0.35473, 8.38649, 1.31874, -0.29819, 0.8637, 0.40607, 0.80, 0.80, 0.80, 1.00, 0.7742, 0.6389
2440, 727, 0.06409, 7.85119, 1.54843, -0.005, 0.50792, 0.86125, 0.80, 0.80, 0.80, 1.00, 0.69503, 0.62512
2441, 728, -0.5888, 8.33737, 1.07512, -0.1914, 0.98128, -0.01289, 0.80, 0.80, 0.80, 1.00, 0.83807, 0.63116
2442, 719, -0.35473, 8.38649, 1.31874, -0.29819, 0.8637, 0.40607, 0.80, 0.80, 0.80, 1.00, 0.7742, 0.6389
2443, 728, -0.5888, 8.33737, 1.07512, -0.1914, 0.98128, -0.01289, 0.80, 0.80, 0.80, 1.00, 0.83807, 0.63116
2444, 726, -0.54722, 8.32528, 1.3177, -0.26091, 0.81118, 0.52318, 0.80, 0.80, 0.80, 1.00, 0.83797, 0.64565
2445, 728, -0.5888, 8.33737, 1.07512, -0.1914, 0.98128, -0.01289, 0.80, 0.80, 0.80, 1.00, 0.83807, 0.63116
2446, 727, 0.06409, 7.85119, 1.54843, -0.005, 0.50792, 0.86125, 0.80, 0.80, 0.80, 1.00, 0.69503, 0.62512
2447, 729, 0.02624, 8.13638, 1.32619, -0.01131, 0.61362, 0.78937, 0.80, 0.80, 0.80, 1.00, 0.70451, 0.61042
2448, 722, -0.53484, 5.6694, 1.00603, -0.67043, 0.28321, 0.6858, 0.80, 0.80, 0.80, 1.00, 0.79666, 0.87338
2449, 721, -0.54382, 6.08386, 0.91812, -0.68393, -0.14095, 0.7158, 0.80, 0.80, 0.80, 1.00, 0.80909, 0.84596
2450, 730, -0.67325, 6.07844, 0.80698, -0.65959, -0.20513, 0.72309, 0.80, 0.80, 0.80, 1.00, 0.83039, 0.84807
2451, 722, -0.53484, 5.6694, 1.00603, -0.67043, 0.28321, 0.6858, 0.80, 0.80, 0.80, 1.00, 0.79666, 0.87338
2452, 730, -0.67325, 6.07844, 0.80698, -0.65959, -0.20513, 0.72309, 0.80, 0.80, 0.80, 1.00, 0.83039, 0.84807
2453, 731, -0.66352, 5.68535, 0.88175, -0.666, 0.20824, 0.7163, 0.80, 0.80, 0.80, 1.00, 0.81639, 0.87164
2454, 730, -0.67325, 6.07844, 0.80698, -0.65959, -0.20513, 0.72309, 0.80, 0.80, 0.80, 1.00, 0.83039, 0.84807
2455, 721, -0.54382, 6.08386, 0.91812, -0.68393, -0.14095, 0.7158, 0.80, 0.80, 0.80, 1.00, 0.80909, 0.84596
2456, 723, -0.63254, 6.26695, 0.97973, -0.70236, -0.37318, 0.60615, 0.80, 0.80, 0.80, 1.00, 0.81059, 0.82602
2457, 730, -0.67325, 6.07844, 0.80698, -0.65959, -0.20513, 0.72309, 0.80, 0.80, 0.80, 1.00, 0.83039, 0.84807
2458, 723, -0.63254, 6.26695, 0.97973, -0.70236, -0.37318, 0.60615, 0.80, 0.80, 0.80, 1.00, 0.81059, 0.82602
2459, 732, -0.75378, 6.27805, 0.86613, -0.61499, -0.27467, 0.73914, 0.80, 0.80, 0.80, 1.00, 0.84244, 0.82475
2460, 732, -0.75378, 6.27805, 0.86613, -0.61499, -0.27467, 0.73914, 0.80, 0.80, 0.80, 1.00, 0.84244, 0.82475
2461, 724, -0.7288, 7.19617, 0.99486, -0.88495, -0.28015, 0.37189, 0.80, 0.80, 0.80, 1.00, 0.83713, 0.73723
2462, 733, -0.75933, 7.22398, 0.97155, -0.76327, -0.44555, 0.46775, 0.80, 0.80, 0.80, 1.00, 0.83841, 0.73597
2463, 732, -0.75378, 6.27805, 0.86613, -0.61499, -0.27467, 0.73914, 0.80, 0.80, 0.80, 1.00, 0.84244, 0.82475
2464, 723, -0.63254, 6.26695, 0.97973, -0.70236, -0.37318, 0.60615, 0.80, 0.80, 0.80, 1.00, 0.81059, 0.82602
2465, 724, -0.7288, 7.19617, 0.99486, -0.88495, -0.28015, 0.37189, 0.80, 0.80, 0.80, 1.00, 0.83713, 0.73723
2466, 733, -0.75933, 7.22398, 0.97155, -0.76327, -0.44555, 0.46775, 0.80, 0.80, 0.80, 1.00, 0.83841, 0.73597
2467, 724, -0.7288, 7.19617, 0.99486, -0.88495, -0.28015, 0.37189, 0.80, 0.80, 0.80, 1.00, 0.83713, 0.73723
2468, 725, -0.57614, 7.84318, 1.60487, -0.71459, 0.28451, 0.63903, 0.80, 0.80, 0.80, 1.00, 0.83816, 0.70727
2469, 734, 0.27591, 5.55849, 1.19194, 0.4539, -0.02021, 0.89082, 0.80, 0.80, 0.80, 1.00, 0.63385, 0.88546
2470, 708, 0.27311, 5.65277, 1.18643, 0.45372, 0.03444, 0.89048, 0.80, 0.80, 0.80, 1.00, 0.63385, 0.87519
2471, 710, -0.2334, 5.68604, 1.30447, -0.31466, 0.16224, 0.93524, 0.80, 0.80, 0.80, 1.00, 0.74539, 0.87156
2472, 734, 0.27591, 5.55849, 1.19194, 0.4539, -0.02021, 0.89082, 0.80, 0.80, 0.80, 1.00, 0.63385, 0.88546
2473, 710, -0.2334, 5.68604, 1.30447, -0.31466, 0.16224, 0.93524, 0.80, 0.80, 0.80, 1.00, 0.74539, 0.87156
2474, 735, -0.24376, 5.55849, 1.31244, -0.17678, 0.03723, 0.98355, 0.80, 0.80, 0.80, 1.00, 0.73225, 0.88546
2475, 735, -0.24376, 5.55849, 1.31244, -0.17678, 0.03723, 0.98355, 0.80, 0.80, 0.80, 1.00, 0.73225, 0.88546
2476, 710, -0.2334, 5.68604, 1.30447, -0.31466, 0.16224, 0.93524, 0.80, 0.80, 0.80, 1.00, 0.74539, 0.87156
2477, 736, -0.59693, 5.55849, 1.03575, -0.65934, 0.34466, 0.66819, 0.80, 0.80, 0.80, 1.00, 0.80282, 0.88546
2478, 736, -0.59693, 5.55849, 1.03575, -0.65934, 0.34466, 0.66819, 0.80, 0.80, 0.80, 1.00, 0.80282, 0.88546
2479, 710, -0.2334, 5.68604, 1.30447, -0.31466, 0.16224, 0.93524, 0.80, 0.80, 0.80, 1.00, 0.74539, 0.87156
2480, 722, -0.53484, 5.6694, 1.00603, -0.67043, 0.28321, 0.6858, 0.80, 0.80, 0.80, 1.00, 0.79666, 0.87338
2481, 736, -0.59693, 5.55849, 1.03575, -0.65934, 0.34466, 0.66819, 0.80, 0.80, 0.80, 1.00, 0.80282, 0.88546
2482, 722, -0.53484, 5.6694, 1.00603, -0.67043, 0.28321, 0.6858, 0.80, 0.80, 0.80, 1.00, 0.79666, 0.87338
2483, 737, -0.72274, 5.55849, 0.88879, -0.65154, 0.51421, 0.55775, 0.80, 0.80, 0.80, 1.00, 0.8201, 0.88546
2484, 738, -0.72274, 5.55849, 0.88879, -0.67536, 0.336, 0.6565, 0.80, 0.80, 0.80, 1.00, 0.81144, 0.88546
2485, 722, -0.53484, 5.6694, 1.00603, -0.67043, 0.28321, 0.6858, 0.80, 0.80, 0.80, 1.00, 0.79666, 0.87338
2486, 731, -0.66352, 5.68535, 0.88175, -0.666, 0.20824, 0.7163, 0.80, 0.80, 0.80, 1.00, 0.81639, 0.87164
2487, 739, 0.26025, 5.13088, 1.18611, 0.45052, -0.12349, 0.88419, 0.80, 0.80, 0.80, 1.00, 0.63385, 0.93945
2488, 734, 0.27591, 5.55849, 1.19194, 0.4539, -0.02021, 0.89082, 0.80, 0.80, 0.80, 1.00, 0.63385, 0.88546
2489, 735, -0.24376, 5.55849, 1.31244, -0.17678, 0.03723, 0.98355, 0.80, 0.80, 0.80, 1.00, 0.73225, 0.88546
2490, 739, 0.26025, 5.13088, 1.18611, 0.45052, -0.12349, 0.88419, 0.80, 0.80, 0.80, 1.00, 0.63385, 0.93945
2491, 735, -0.24376, 5.55849, 1.31244, -0.17678, 0.03723, 0.98355, 0.80, 0.80, 0.80, 1.00, 0.73225, 0.88546
2492, 740, -0.26812, 5.1171, 1.3162, 0.1171, -0.01881, 0.99294, 0.80, 0.80, 0.80, 1.00, 0.73455, 0.94095
2493, 740, -0.26812, 5.1171, 1.3162, 0.1171, -0.01881, 0.99294, 0.80, 0.80, 0.80, 1.00, 0.73455, 0.94095
2494, 735, -0.24376, 5.55849, 1.31244, -0.17678, 0.03723, 0.98355, 0.80, 0.80, 0.80, 1.00, 0.73225, 0.88546
2495, 741, -0.52533, 5.10874, 1.31142, -0.44817, 0.09134, 0.88927, 0.80, 0.80, 0.80, 1.00, 0.7777, 0.94186
2496, 742, -0.61656, 5.43308, 1.06959, -0.66927, 0.23408, 0.70518, 0.80, 0.80, 0.80, 1.00, 0.80041, 0.89912
2497, 735, -0.24376, 5.55849, 1.31244, -0.17678, 0.03723, 0.98355, 0.80, 0.80, 0.80, 1.00, 0.73225, 0.88546
2498, 736, -0.59693, 5.55849, 1.03575, -0.65934, 0.34466, 0.66819, 0.80, 0.80, 0.80, 1.00, 0.80282, 0.88546
2499, 742, -0.61656, 5.43308, 1.06959, -0.66927, 0.23408, 0.70518, 0.80, 0.80, 0.80, 1.00, 0.80041, 0.89912
2500, 743, -0.78171, 5.11656, 1.03546, -0.71588, 0.12069, 0.68772, 0.80, 0.80, 0.80, 1.00, 0.82847, 0.941
2501, 741, -0.52533, 5.10874, 1.31142, -0.44817, 0.09134, 0.88927, 0.80, 0.80, 0.80, 1.00, 0.7777, 0.94186
2502, 742, -0.61656, 5.43308, 1.06959, -0.66927, 0.23408, 0.70518, 0.80, 0.80, 0.80, 1.00, 0.80041, 0.89912
2503, 736, -0.59693, 5.55849, 1.03575, -0.65934, 0.34466, 0.66819, 0.80, 0.80, 0.80, 1.00, 0.80282, 0.88546
2504, 744, -0.77468, 5.43854, 0.89404, -0.71899, 0.26695, 0.64171, 0.80, 0.80, 0.80, 1.00, 0.82069, 0.89852
2505, 744, -0.77468, 5.43854, 0.89404, -0.71899, 0.26695, 0.64171, 0.80, 0.80, 0.80, 1.00, 0.82069, 0.89852
2506, 736, -0.59693, 5.55849, 1.03575, -0.65934, 0.34466, 0.66819, 0.80, 0.80, 0.80, 1.00, 0.80282, 0.88546
2507, 738, -0.72274, 5.55849, 0.88879, -0.67536, 0.336, 0.6565, 0.80, 0.80, 0.80, 1.00, 0.81144, 0.88546
2508, 742, -0.61656, 5.43308, 1.06959, -0.66927, 0.23408, 0.70518, 0.80, 0.80, 0.80, 1.00, 0.80041, 0.89912
2509, 741, -0.52533, 5.10874, 1.31142, -0.44817, 0.09134, 0.88927, 0.80, 0.80, 0.80, 1.00, 0.7777, 0.94186
2510, 735, -0.24376, 5.55849, 1.31244, -0.17678, 0.03723, 0.98355, 0.80, 0.80, 0.80, 1.00, 0.73225, 0.88546
2511, 742, -0.61656, 5.43308, 1.06959, -0.66927, 0.23408, 0.70518, 0.80, 0.80, 0.80, 1.00, 0.80041, 0.89912
2512, 744, -0.77468, 5.43854, 0.89404, -0.71899, 0.26695, 0.64171, 0.80, 0.80, 0.80, 1.00, 0.82069, 0.89852
2513, 743, -0.78171, 5.11656, 1.03546, -0.71588, 0.12069, 0.68772, 0.80, 0.80, 0.80, 1.00, 0.82847, 0.941
2514, 716, -0.3963, 6.99814, 1.62362, -0.36721, -0.15936, 0.91629, 0.80, 0.80, 0.80, 1.00, 0.747, 0.72113
2515, 713, -0.45909, 6.73576, 1.271, -0.30486, -0.58459, 0.75173, 0.80, 0.80, 0.80, 1.00, 0.747, 0.74537
2516, 720, 0.20559, 6.8228, 1.61491, 0.09624, -0.40082, 0.91092, 0.80, 0.80, 0.80, 1.00, 0.63385, 0.72087
2517, 716, -0.3963, 6.99814, 1.62362, -0.36721, -0.15936, 0.91629, 0.80, 0.80, 0.80, 1.00, 0.747, 0.72113
2518, 719, -0.35473, 8.38649, 1.31874, -0.29819, 0.8637, 0.40607, 0.80, 0.80, 0.80, 1.00, 0.7742, 0.6389
2519, 717, -0.56775, 7.13083, 1.50933, -0.7269, -0.02576, 0.68621, 0.80, 0.80, 0.80, 1.00, 0.80067, 0.71913
2520, 713, -0.45909, 6.73576, 1.271, -0.30486, -0.58459, 0.75173, 0.80, 0.80, 0.80, 1.00, 0.747, 0.74537
2521, 712, -0.29332, 6.21021, 1.41639, -0.15874, -0.36434, 0.91763, 0.80, 0.80, 0.80, 1.00, 0.73768, 0.82474
2522, 715, 0.14189, 6.57402, 1.18682, 0.12545, -0.68476, 0.7177, 0.80, 0.80, 0.80, 1.00, 0.63385, 0.74442
2523, 715, 0.14189, 6.57402, 1.18682, 0.12545, -0.68476, 0.7177, 0.80, 0.80, 0.80, 1.00, 0.63385, 0.74442
2524, 720, 0.20559, 6.8228, 1.61491, 0.09624, -0.40082, 0.91092, 0.80, 0.80, 0.80, 1.00, 0.63385, 0.72087
2525, 713, -0.45909, 6.73576, 1.271, -0.30486, -0.58459, 0.75173, 0.80, 0.80, 0.80, 1.00, 0.747, 0.74537
2526, 745, 0.20958, 4.62725, 1.08666, 0.44324, -0.21636, 0.8699, 0.80, 0.80, 0.80, 1.00, 0.63385, 0.9943
2527, 739, 0.26025, 5.13088, 1.18611, 0.45052, -0.12349, 0.88419, 0.80, 0.80, 0.80, 1.00, 0.63385, 0.93945
2528, 746, -0.16014, 4.88538, 1.3444, 0.1897, 0.51806, 0.83312, 0.80, 0.80, 0.80, 1.00, 0.71133, 0.99147
2529, 740, -0.26812, 5.1171, 1.3162, 0.1171, -0.01881, 0.99294, 0.80, 0.80, 0.80, 1.00, 0.73455, 0.94095
2530, 747, -0.53089, 4.95055, 1.30614, -0.46805, 0.52809, 0.70772, 0.80, 0.80, 0.80, 1.00, 0.77665, 0.98035
2531, 746, -0.16014, 4.88538, 1.3444, 0.1897, 0.51806, 0.83312, 0.80, 0.80, 0.80, 1.00, 0.71133, 0.99147
2532, 743, -0.78171, 5.11656, 1.03546, -0.71588, 0.12069, 0.68772, 0.80, 0.80, 0.80, 1.00, 0.82847, 0.941
2533, 747, -0.53089, 4.95055, 1.30614, -0.46805, 0.52809, 0.70772, 0.80, 0.80, 0.80, 1.00, 0.77665, 0.98035
2534, 741, -0.52533, 5.10874, 1.31142, -0.44817, 0.09134, 0.88927, 0.80, 0.80, 0.80, 1.00, 0.7777, 0.94186
2535, 747, -0.53089, 4.95055, 1.30614, -0.46805, 0.52809, 0.70772, 0.80, 0.80, 0.80, 1.00, 0.77665, 0.98035
2536, 740, -0.26812, 5.1171, 1.3162, 0.1171, -0.01881, 0.99294, 0.80, 0.80, 0.80, 1.00, 0.73455, 0.94095
2537, 741, -0.52533, 5.10874, 1.31142, -0.44817, 0.09134, 0.88927, 0.80, 0.80, 0.80, 1.00, 0.7777, 0.94186
2538, 747, -0.53089, 4.95055, 1.30614, -0.46805, 0.52809, 0.70772, 0.80, 0.80, 0.80, 1.00, 0.77665, 0.98035
2539, 743, -0.78171, 5.11656, 1.03546, -0.71588, 0.12069, 0.68772, 0.80, 0.80, 0.80, 1.00, 0.82847, 0.941
2540, 748, -0.81335, 4.77062, 1.02132, -0.76431, 0.40548, 0.50077, 0.80, 0.80, 0.80, 1.00, 0.83589, 0.97695
2541, 739, 0.26025, 5.13088, 1.18611, 0.45052, -0.12349, 0.88419, 0.80, 0.80, 0.80, 1.00, 0.63385, 0.93945
2542, 740, -0.26812, 5.1171, 1.3162, 0.1171, -0.01881, 0.99294, 0.80, 0.80, 0.80, 1.00, 0.73455, 0.94095
2543, 746, -0.16014, 4.88538, 1.3444, 0.1897, 0.51806, 0.83312, 0.80, 0.80, 0.80, 1.00, 0.71133, 0.99147
2544, 708, 0.27311, 5.65277, 1.18643, 0.45372, 0.03444, 0.89048, 0.80, 0.80, 0.80, 1.00, 0.63385, 0.87519
2545, 749, 0.62816, 5.99255, 0.84152, 0.8782, -0.34131, 0.33504, 0.80, 0.80, 0.80, 1.00, 0.54579, 0.84695
2546, 709, 0.26048, 6.01862, 1.14253, 0.39746, -0.43397, 0.8085, 0.80, 0.80, 0.80, 1.00, 0.63385, 0.84348
2547, 749, 0.62816, 5.99255, 0.84152, 0.8782, -0.34131, 0.33504, 0.80, 0.80, 0.80, 1.00, 0.54579, 0.84695
2548, 708, 0.27311, 5.65277, 1.18643, 0.45372, 0.03444, 0.89048, 0.80, 0.80, 0.80, 1.00, 0.63385, 0.87519
2549, 750, 0.66631, 5.68604, 0.84604, 0.94158, 0.16224, 0.29515, 0.80, 0.80, 0.80, 1.00, 0.53788, 0.87156
2550, 711, 0.32334, 6.17982, 1.26674, 0.40837, -0.38067, 0.82964, 0.80, 0.80, 0.80, 1.00, 0.63385, 0.82468
2551, 709, 0.26048, 6.01862, 1.14253, 0.39746, -0.43397, 0.8085, 0.80, 0.80, 0.80, 1.00, 0.63385, 0.84348
2552, 751, 0.81607, 6.20148, 0.86632, 0.82184, -0.37205, 0.43143, 0.80, 0.80, 0.80, 1.00, 0.51617, 0.82316
2553, 751, 0.81607, 6.20148, 0.86632, 0.82184, -0.37205, 0.43143, 0.80, 0.80, 0.80, 1.00, 0.51617, 0.82316
2554, 709, 0.26048, 6.01862, 1.14253, 0.39746, -0.43397, 0.8085, 0.80, 0.80, 0.80, 1.00, 0.63385, 0.84348
2555, 749, 0.62816, 5.99255, 0.84152, 0.8782, -0.34131, 0.33504, 0.80, 0.80, 0.80, 1.00, 0.54579, 0.84695
2556, 752, 0.70632, 6.57243, 0.91143, 0.51114, -0.69896, 0.49996, 0.80, 0.80, 0.80, 1.00, 0.52069, 0.74537
2557, 751, 0.81607, 6.20148, 0.86632, 0.82184, -0.37205, 0.43143, 0.80, 0.80, 0.80, 1.00, 0.51617, 0.82316
2558, 753, 0.84627, 6.67988, 0.73648, 0.86578, -0.49975, -0.02445, 0.80, 0.80, 0.80, 1.00, 0.48954, 0.74405
2559, 711, 0.32334, 6.17982, 1.26674, 0.40837, -0.38067, 0.82964, 0.80, 0.80, 0.80, 1.00, 0.63385, 0.82468
2560, 751, 0.81607, 6.20148, 0.86632, 0.82184, -0.37205, 0.43143, 0.80, 0.80, 0.80, 1.00, 0.51617, 0.82316
2561, 715, 0.14189, 6.57402, 1.18682, 0.12545, -0.68476, 0.7177, 0.80, 0.80, 0.80, 1.00, 0.63385, 0.74442
2562, 754, 0.78916, 6.7613, 1.39407, 0.58458, -0.34951, 0.73199, 0.80, 0.80, 0.80, 1.00, 0.52069, 0.72113
2563, 752, 0.70632, 6.57243, 0.91143, 0.51114, -0.69896, 0.49996, 0.80, 0.80, 0.80, 1.00, 0.52069, 0.74537
2564, 753, 0.84627, 6.67988, 0.73648, 0.86578, -0.49975, -0.02445, 0.80, 0.80, 0.80, 1.00, 0.48954, 0.74405
2565, 754, 0.78916, 6.7613, 1.39407, 0.58458, -0.34951, 0.73199, 0.80, 0.80, 0.80, 1.00, 0.52069, 0.72113
2566, 753, 0.84627, 6.67988, 0.73648, 0.86578, -0.49975, -0.02445, 0.80, 0.80, 0.80, 1.00, 0.48954, 0.74405
2567, 755, 0.94412, 6.82878, 1.21658, 0.85947, -0.34269, 0.37903, 0.80, 0.80, 0.80, 1.00, 0.48261, 0.71756
2568, 718, 0.36104, 7.59945, 1.61642, 0.20389, 0.07503, 0.97596, 0.80, 0.80, 0.80, 1.00, 0.63385, 0.63694
2569, 754, 0.78916, 6.7613, 1.39407, 0.58458, -0.34951, 0.73199, 0.80, 0.80, 0.80, 1.00, 0.52069, 0.72113
2570, 756, 1.47949, 7.17631, 1.09707, 0.90565, 0.11062, 0.40907, 0.80, 0.80, 0.80, 1.00, 0.49349, 0.6389
2571, 718, 0.36104, 7.59945, 1.61642, 0.20389, 0.07503, 0.97596, 0.80, 0.80, 0.80, 1.00, 0.63385, 0.63694
2572, 720, 0.20559, 6.8228, 1.61491, 0.09624, -0.40082, 0.91092, 0.80, 0.80, 0.80, 1.00, 0.63385, 0.72087
2573, 754, 0.78916, 6.7613, 1.39407, 0.58458, -0.34951, 0.73199, 0.80, 0.80, 0.80, 1.00, 0.52069, 0.72113
2574, 749, 0.62816, 5.99255, 0.84152, 0.8782, -0.34131, 0.33504, 0.80, 0.80, 0.80, 1.00, 0.54579, 0.84695
2575, 750, 0.66631, 5.68604, 0.84604, 0.94158, 0.16224, 0.29515, 0.80, 0.80, 0.80, 1.00, 0.53788, 0.87156
2576, 757, 0.5695, 6.0751, 0.3661, 0.9819, -0.15406, -0.11017, 0.80, 0.80, 0.80, 1.00, 0.48631, 0.84596
2577, 757, 0.5695, 6.0751, 0.3661, 0.9819, -0.15406, -0.11017, 0.80, 0.80, 0.80, 1.00, 0.48631, 0.84596
2578, 750, 0.66631, 5.68604, 0.84604, 0.94158, 0.16224, 0.29515, 0.80, 0.80, 0.80, 1.00, 0.53788, 0.87156
2579, 758, 0.60205, 5.6694, 0.42675, 0.94889, 0.28322, -0.13929, 0.80, 0.80, 0.80, 1.00, 0.48315, 0.87495
2580, 749, 0.62816, 5.99255, 0.84152, 0.8782, -0.34131, 0.33504, 0.80, 0.80, 0.80, 1.00, 0.54579, 0.84695
2581, 757, 0.5695, 6.0751, 0.3661, 0.9819, -0.15406, -0.11017, 0.80, 0.80, 0.80, 1.00, 0.48631, 0.84596
2582, 759, 0.67455, 6.25666, 0.33163, 0.90285, -0.38581, -0.18976, 0.80, 0.80, 0.80, 1.00, 0.46403, 0.8276
2583, 751, 0.81607, 6.20148, 0.86632, 0.82184, -0.37205, 0.43143, 0.80, 0.80, 0.80, 1.00, 0.51617, 0.82316
2584, 749, 0.62816, 5.99255, 0.84152, 0.8782, -0.34131, 0.33504, 0.80, 0.80, 0.80, 1.00, 0.54579, 0.84695
2585, 759, 0.67455, 6.25666, 0.33163, 0.90285, -0.38581, -0.18976, 0.80, 0.80, 0.80, 1.00, 0.46403, 0.8276
2586, 751, 0.81607, 6.20148, 0.86632, 0.82184, -0.37205, 0.43143, 0.80, 0.80, 0.80, 1.00, 0.51617, 0.82316
2587, 759, 0.67455, 6.25666, 0.33163, 0.90285, -0.38581, -0.18976, 0.80, 0.80, 0.80, 1.00, 0.46403, 0.8276
2588, 753, 0.84627, 6.67988, 0.73648, 0.86578, -0.49975, -0.02445, 0.80, 0.80, 0.80, 1.00, 0.48954, 0.74405
2589, 753, 0.84627, 6.67988, 0.73648, 0.86578, -0.49975, -0.02445, 0.80, 0.80, 0.80, 1.00, 0.48954, 0.74405
2590, 759, 0.67455, 6.25666, 0.33163, 0.90285, -0.38581, -0.18976, 0.80, 0.80, 0.80, 1.00, 0.46403, 0.8276
2591, 760, 0.88339, 6.97022, 0.49744, 0.83806, -0.52163, -0.15972, 0.80, 0.80, 0.80, 1.00, 0.41844, 0.74352
2592, 753, 0.84627, 6.67988, 0.73648, 0.86578, -0.49975, -0.02445, 0.80, 0.80, 0.80, 1.00, 0.48954, 0.74405
2593, 760, 0.88339, 6.97022, 0.49744, 0.83806, -0.52163, -0.15972, 0.80, 0.80, 0.80, 1.00, 0.41844, 0.74352
2594, 761, 1.46794, 7.00554, 0.46715, 0.93464, 0.10145, -0.34073, 0.80, 0.80, 0.80, 1.00, 0.40702, 0.71198
2595, 753, 0.84627, 6.67988, 0.73648, 0.86578, -0.49975, -0.02445, 0.80, 0.80, 0.80, 1.00, 0.48954, 0.74405
2596, 761, 1.46794, 7.00554, 0.46715, 0.93464, 0.10145, -0.34073, 0.80, 0.80, 0.80, 1.00, 0.40702, 0.71198
2597, 755, 0.94412, 6.82878, 1.21658, 0.85947, -0.34269, 0.37903, 0.80, 0.80, 0.80, 1.00, 0.48261, 0.71756
2598, 755, 0.94412, 6.82878, 1.21658, 0.85947, -0.34269, 0.37903, 0.80, 0.80, 0.80, 1.00, 0.48261, 0.71756
2599, 761, 1.46794, 7.00554, 0.46715, 0.93464, 0.10145, -0.34073, 0.80, 0.80, 0.80, 1.00, 0.40702, 0.71198
2600, 756, 1.47949, 7.17631, 1.09707, 0.90565, 0.11062, 0.40907, 0.80, 0.80, 0.80, 1.00, 0.49349, 0.6389
2601, 756, 1.47949, 7.17631, 1.09707, 0.90565, 0.11062, 0.40907, 0.80, 0.80, 0.80, 1.00, 0.49349, 0.6389
2602, 761, 1.46794, 7.00554, 0.46715, 0.93464, 0.10145, -0.34073, 0.80, 0.80, 0.80, 1.00, 0.40702, 0.71198
2603, 762, 1.53874, 7.29411, 0.94407, 0.93458, -0.00832, 0.35537, 0.80, 0.80, 0.80, 1.00, 0.40722, 0.65037
2604, 763, 0.68426, 7.72729, 1.42834, 0.5021, 0.40661, 0.76305, 0.80, 0.80, 0.80, 1.00, 0.57267, 0.62512
2605, 718, 0.36104, 7.59945, 1.61642, 0.20389, 0.07503, 0.97596, 0.80, 0.80, 0.80, 1.00, 0.63385, 0.63694
2606, 756, 1.47949, 7.17631, 1.09707, 0.90565, 0.11062, 0.40907, 0.80, 0.80, 0.80, 1.00, 0.49349, 0.6389
2607, 763, 0.68426, 7.72729, 1.42834, 0.5021, 0.40661, 0.76305, 0.80, 0.80, 0.80, 1.00, 0.57267, 0.62512
2608, 756, 1.47949, 7.17631, 1.09707, 0.90565, 0.11062, 0.40907, 0.80, 0.80, 0.80, 1.00, 0.49349, 0.6389
2609, 764, 1.40626, 7.49474, 0.99814, 0.64393, 0.35738, 0.67627, 0.80, 0.80, 0.80, 1.00, 0.40712, 0.63588
2610, 764, 1.40626, 7.49474, 0.99814, 0.64393, 0.35738, 0.67627, 0.80, 0.80, 0.80, 1.00, 0.40712, 0.63588
2611, 756, 1.47949, 7.17631, 1.09707, 0.90565, 0.11062, 0.40907, 0.80, 0.80, 0.80, 1.00, 0.49349, 0.6389
2612, 762, 1.53874, 7.29411, 0.94407, 0.93458, -0.00832, 0.35537, 0.80, 0.80, 0.80, 1.00, 0.40722, 0.65037
2613, 763, 0.68426, 7.72729, 1.42834, 0.5021, 0.40661, 0.76305, 0.80, 0.80, 0.80, 1.00, 0.57267, 0.62512
2614, 764, 1.40626, 7.49474, 0.99814, 0.64393, 0.35738, 0.67627, 0.80, 0.80, 0.80, 1.00, 0.40712, 0.63588
2615, 765, 0.74258, 7.99327, 1.18748, 0.52088, 0.5073, 0.68631, 0.80, 0.80, 0.80, 1.00, 0.56318, 0.61042
2616, 757, 0.5695, 6.0751, 0.3661, 0.9819, -0.15406, -0.11017, 0.80, 0.80, 0.80, 1.00, 0.48631, 0.84596
2617, 758, 0.60205, 5.6694, 0.42675, 0.94889, 0.28322, -0.13929, 0.80, 0.80, 0.80, 1.00, 0.48315, 0.87495
2618, 766, 0.55931, 6.06875, 0.19584, 0.97216, -0.21796, -0.08598, 0.80, 0.80, 0.80, 1.00, 0.44942, 0.85122
2619, 766, 0.55931, 6.06875, 0.19584, 0.97216, -0.21796, -0.08598, 0.80, 0.80, 0.80, 1.00, 0.44942, 0.85122
2620, 758, 0.60205, 5.6694, 0.42675, 0.94889, 0.28322, -0.13929, 0.80, 0.80, 0.80, 1.00, 0.48315, 0.87495
2621, 767, 0.57715, 5.68535, 0.2496, 0.97096, 0.20824, -0.11778, 0.80, 0.80, 0.80, 1.00, 0.44784, 0.87636
2622, 757, 0.5695, 6.0751, 0.3661, 0.9819, -0.15406, -0.11017, 0.80, 0.80, 0.80, 1.00, 0.48631, 0.84596
2623, 766, 0.55931, 6.06875, 0.19584, 0.97216, -0.21796, -0.08598, 0.80, 0.80, 0.80, 1.00, 0.44942, 0.85122
2624, 759, 0.67455, 6.25666, 0.33163, 0.90285, -0.38581, -0.18976, 0.80, 0.80, 0.80, 1.00, 0.46403, 0.8276
2625, 759, 0.67455, 6.25666, 0.33163, 0.90285, -0.38581, -0.18976, 0.80, 0.80, 0.80, 1.00, 0.46403, 0.8276
2626, 766, 0.55931, 6.06875, 0.19584, 0.97216, -0.21796, -0.08598, 0.80, 0.80, 0.80, 1.00, 0.44942, 0.85122
2627, 768, 0.65765, 6.26694, 0.1663, 0.95707, -0.28704, -0.04033, 0.80, 0.80, 0.80, 1.00, 0.43045, 0.82947
2628, 760, 0.88339, 6.97022, 0.49744, 0.83806, -0.52163, -0.15972, 0.80, 0.80, 0.80, 1.00, 0.41844, 0.74352
2629, 768, 0.65765, 6.26694, 0.1663, 0.95707, -0.28704, -0.04033, 0.80, 0.80, 0.80, 1.00, 0.43045, 0.82947
2630, 769, 0.90172, 6.99119, 0.45906, 0.75292, -0.65804, -0.00005, 0.80, 0.80, 0.80, 1.00, 0.41889, 0.74069
2631, 759, 0.67455, 6.25666, 0.33163, 0.90285, -0.38581, -0.18976, 0.80, 0.80, 0.80, 1.00, 0.46403, 0.8276
2632, 768, 0.65765, 6.26694, 0.1663, 0.95707, -0.28704, -0.04033, 0.80, 0.80, 0.80, 1.00, 0.43045, 0.82947
2633, 760, 0.88339, 6.97022, 0.49744, 0.83806, -0.52163, -0.15972, 0.80, 0.80, 0.80, 1.00, 0.41844, 0.74352
2634, 760, 0.88339, 6.97022, 0.49744, 0.83806, -0.52163, -0.15972, 0.80, 0.80, 0.80, 1.00, 0.41844, 0.74352
2635, 769, 0.90172, 6.99119, 0.45906, 0.75292, -0.65804, -0.00005, 0.80, 0.80, 0.80, 1.00, 0.41889, 0.74069
2636, 761, 1.46794, 7.00554, 0.46715, 0.93464, 0.10145, -0.34073, 0.80, 0.80, 0.80, 1.00, 0.40702, 0.71198
2637, 708, 0.27311, 5.65277, 1.18643, 0.45372, 0.03444, 0.89048, 0.80, 0.80, 0.80, 1.00, 0.63385, 0.87519
2638, 734, 0.27591, 5.55849, 1.19194, 0.4539, -0.02021, 0.89082, 0.80, 0.80, 0.80, 1.00, 0.63385, 0.88546
2639, 750, 0.66631, 5.68604, 0.84604, 0.94158, 0.16224, 0.29515, 0.80, 0.80, 0.80, 1.00, 0.53788, 0.87156
2640, 750, 0.66631, 5.68604, 0.84604, 0.94158, 0.16224, 0.29515, 0.80, 0.80, 0.80, 1.00, 0.53788, 0.87156
2641, 734, 0.27591, 5.55849, 1.19194, 0.4539, -0.02021, 0.89082, 0.80, 0.80, 0.80, 1.00, 0.63385, 0.88546
2642, 770, 0.67886, 5.55849, 0.84234, 0.89961, 0.03723, 0.4351, 0.80, 0.80, 0.80, 1.00, 0.53544, 0.88546
2643, 750, 0.66631, 5.68604, 0.84604, 0.94158, 0.16224, 0.29515, 0.80, 0.80, 0.80, 1.00, 0.53788, 0.87156
2644, 770, 0.67886, 5.55849, 0.84234, 0.89961, 0.03723, 0.4351, 0.80, 0.80, 0.80, 1.00, 0.53544, 0.88546
2645, 771, 0.6626, 5.55849, 0.39399, 0.92813, 0.34466, -0.14067, 0.80, 0.80, 0.80, 1.00, 0.47007, 0.88703
2646, 750, 0.66631, 5.68604, 0.84604, 0.94158, 0.16224, 0.29515, 0.80, 0.80, 0.80, 1.00, 0.53788, 0.87156
2647, 771, 0.6626, 5.55849, 0.39399, 0.92813, 0.34466, -0.14067, 0.80, 0.80, 0.80, 1.00, 0.47007, 0.88703
2648, 758, 0.60205, 5.6694, 0.42675, 0.94889, 0.28322, -0.13929, 0.80, 0.80, 0.80, 1.00, 0.48315, 0.87495
2649, 758, 0.60205, 5.6694, 0.42675, 0.94889, 0.28322, -0.13929, 0.80, 0.80, 0.80, 1.00, 0.48315, 0.87495
2650, 771, 0.6626, 5.55849, 0.39399, 0.92813, 0.34466, -0.14067, 0.80, 0.80, 0.80, 1.00, 0.47007, 0.88703
2651, 772, 0.61765, 5.55849, 0.20583, 0.90098, 0.39734, -0.17426, 0.80, 0.80, 0.80, 1.00, 0.4372, 0.89018
2652, 758, 0.60205, 5.6694, 0.42675, 0.94889, 0.28322, -0.13929, 0.80, 0.80, 0.80, 1.00, 0.48315, 0.87495
2653, 772, 0.61765, 5.55849, 0.20583, 0.90098, 0.39734, -0.17426, 0.80, 0.80, 0.80, 1.00, 0.4372, 0.89018
2654, 767, 0.57715, 5.68535, 0.2496, 0.97096, 0.20824, -0.11778, 0.80, 0.80, 0.80, 1.00, 0.44784, 0.87636
2655, 734, 0.27591, 5.55849, 1.19194, 0.4539, -0.02021, 0.89082, 0.80, 0.80, 0.80, 1.00, 0.63385, 0.88546
2656, 739, 0.26025, 5.13088, 1.18611, 0.45052, -0.12349, 0.88419, 0.80, 0.80, 0.80, 1.00, 0.63385, 0.93945
2657, 770, 0.67886, 5.55849, 0.84234, 0.89961, 0.03723, 0.4351, 0.80, 0.80, 0.80, 1.00, 0.53544, 0.88546
2658, 770, 0.67886, 5.55849, 0.84234, 0.89961, 0.03723, 0.4351, 0.80, 0.80, 0.80, 1.00, 0.53544, 0.88546
2659, 739, 0.26025, 5.13088, 1.18611, 0.45052, -0.12349, 0.88419, 0.80, 0.80, 0.80, 1.00, 0.63385, 0.93945
2660, 773, 0.67606, 5.1171, 0.83511, 0.73448, -0.01881, 0.67837, 0.80, 0.80, 0.80, 1.00, 0.53314, 0.94095
2661, 770, 0.67886, 5.55849, 0.84234, 0.89961, 0.03723, 0.4351, 0.80, 0.80, 0.80, 1.00, 0.53544, 0.88546
2662, 773, 0.67606, 5.1171, 0.83511, 0.73448, -0.01881, 0.67837, 0.80, 0.80, 0.80, 1.00, 0.53314, 0.94095
2663, 774, 0.82338, 5.10874, 0.62422, 0.98286, 0.09134, 0.16013, 0.80, 0.80, 0.80, 1.00, 0.48999, 0.94186
2664, 770, 0.67886, 5.55849, 0.84234, 0.89961, 0.03723, 0.4351, 0.80, 0.80, 0.80, 1.00, 0.53544, 0.88546
2665, 775, 0.70152, 5.43308, 0.398, 0.96389, 0.23408, -0.12696, 0.80, 0.80, 0.80, 1.00, 0.46382, 0.90069
2666, 771, 0.6626, 5.55849, 0.39399, 0.92813, 0.34466, -0.14067, 0.80, 0.80, 0.80, 1.00, 0.47007, 0.88703
2667, 776, 0.75082, 5.11656, 0.2546, 0.97716, 0.12069, -0.17493, 0.80, 0.80, 0.80, 1.00, 0.41671, 0.94573
2668, 775, 0.70152, 5.43308, 0.398, 0.96389, 0.23408, -0.12696, 0.80, 0.80, 0.80, 1.00, 0.46382, 0.90069
2669, 774, 0.82338, 5.10874, 0.62422, 0.98286, 0.09134, 0.16013, 0.80, 0.80, 0.80, 1.00, 0.48999, 0.94186
2670, 771, 0.6626, 5.55849, 0.39399, 0.92813, 0.34466, -0.14067, 0.80, 0.80, 0.80, 1.00, 0.47007, 0.88703
2671, 775, 0.70152, 5.43308, 0.398, 0.96389, 0.23408, -0.12696, 0.80, 0.80, 0.80, 1.00, 0.46382, 0.90069
2672, 777, 0.65243, 5.43854, 0.16689, 0.94177, 0.26695, -0.20448, 0.80, 0.80, 0.80, 1.00, 0.42796, 0.90324
2673, 771, 0.6626, 5.55849, 0.39399, 0.92813, 0.34466, -0.14067, 0.80, 0.80, 0.80, 1.00, 0.47007, 0.88703
2674, 777, 0.65243, 5.43854, 0.16689, 0.94177, 0.26695, -0.20448, 0.80, 0.80, 0.80, 1.00, 0.42796, 0.90324
2675, 772, 0.61765, 5.55849, 0.20583, 0.90098, 0.39734, -0.17426, 0.80, 0.80, 0.80, 1.00, 0.4372, 0.89018
2676, 774, 0.82338, 5.10874, 0.62422, 0.98286, 0.09134, 0.16013, 0.80, 0.80, 0.80, 1.00, 0.48999, 0.94186
2677, 775, 0.70152, 5.43308, 0.398, 0.96389, 0.23408, -0.12696, 0.80, 0.80, 0.80, 1.00, 0.46382, 0.90069
2678, 770, 0.67886, 5.55849, 0.84234, 0.89961, 0.03723, 0.4351, 0.80, 0.80, 0.80, 1.00, 0.53544, 0.88546
2679, 777, 0.65243, 5.43854, 0.16689, 0.94177, 0.26695, -0.20448, 0.80, 0.80, 0.80, 1.00, 0.42796, 0.90324
2680, 775, 0.70152, 5.43308, 0.398, 0.96389, 0.23408, -0.12696, 0.80, 0.80, 0.80, 1.00, 0.46382, 0.90069
2681, 776, 0.75082, 5.11656, 0.2546, 0.97716, 0.12069, -0.17493, 0.80, 0.80, 0.80, 1.00, 0.41671, 0.94573
2682, 752, 0.70632, 6.57243, 0.91143, 0.51114, -0.69896, 0.49996, 0.80, 0.80, 0.80, 1.00, 0.52069, 0.74537
2683, 754, 0.78916, 6.7613, 1.39407, 0.58458, -0.34951, 0.73199, 0.80, 0.80, 0.80, 1.00, 0.52069, 0.72113
2684, 720, 0.20559, 6.8228, 1.61491, 0.09624, -0.40082, 0.91092, 0.80, 0.80, 0.80, 1.00, 0.63385, 0.72087
2685, 756, 1.47949, 7.17631, 1.09707, 0.90565, 0.11062, 0.40907, 0.80, 0.80, 0.80, 1.00, 0.49349, 0.6389
2686, 754, 0.78916, 6.7613, 1.39407, 0.58458, -0.34951, 0.73199, 0.80, 0.80, 0.80, 1.00, 0.52069, 0.72113
2687, 755, 0.94412, 6.82878, 1.21658, 0.85947, -0.34269, 0.37903, 0.80, 0.80, 0.80, 1.00, 0.48261, 0.71756
2688, 751, 0.81607, 6.20148, 0.86632, 0.82184, -0.37205, 0.43143, 0.80, 0.80, 0.80, 1.00, 0.51617, 0.82316
2689, 752, 0.70632, 6.57243, 0.91143, 0.51114, -0.69896, 0.49996, 0.80, 0.80, 0.80, 1.00, 0.52069, 0.74537
2690, 715, 0.14189, 6.57402, 1.18682, 0.12545, -0.68476, 0.7177, 0.80, 0.80, 0.80, 1.00, 0.63385, 0.74442
2691, 720, 0.20559, 6.8228, 1.61491, 0.09624, -0.40082, 0.91092, 0.80, 0.80, 0.80, 1.00, 0.63385, 0.72087
2692, 715, 0.14189, 6.57402, 1.18682, 0.12545, -0.68476, 0.7177, 0.80, 0.80, 0.80, 1.00, 0.63385, 0.74442
2693, 752, 0.70632, 6.57243, 0.91143, 0.51114, -0.69896, 0.49996, 0.80, 0.80, 0.80, 1.00, 0.52069, 0.74537
2694, 739, 0.26025, 5.13088, 1.18611, 0.45052, -0.12349, 0.88419, 0.80, 0.80, 0.80, 1.00, 0.63385, 0.93945
2695, 745, 0.20958, 4.62725, 1.08666, 0.44324, -0.21636, 0.8699, 0.80, 0.80, 0.80, 1.00, 0.63385, 0.9943
2696, 778, 0.68027, 4.67653, 0.88026, 0.66485, 0.17314, 0.72644, 0.80, 0.80, 0.80, 1.00, 0.55637, 0.99147
2697, 779, 0.8124, 4.90604, 0.61021, 0.8469, 0.50207, 0.17248, 0.80, 0.80, 0.80, 1.00, 0.49104, 0.98035
2698, 773, 0.67606, 5.1171, 0.83511, 0.73448, -0.01881, 0.67837, 0.80, 0.80, 0.80, 1.00, 0.53314, 0.94095
2699, 778, 0.68027, 4.67653, 0.88026, 0.66485, 0.17314, 0.72644, 0.80, 0.80, 0.80, 1.00, 0.55637, 0.99147
2700, 779, 0.8124, 4.90604, 0.61021, 0.8469, 0.50207, 0.17248, 0.80, 0.80, 0.80, 1.00, 0.49104, 0.98035
2701, 776, 0.75082, 5.11656, 0.2546, 0.97716, 0.12069, -0.17493, 0.80, 0.80, 0.80, 1.00, 0.41671, 0.94573
2702, 774, 0.82338, 5.10874, 0.62422, 0.98286, 0.09134, 0.16013, 0.80, 0.80, 0.80, 1.00, 0.48999, 0.94186
2703, 773, 0.67606, 5.1171, 0.83511, 0.73448, -0.01881, 0.67837, 0.80, 0.80, 0.80, 1.00, 0.53314, 0.94095
2704, 779, 0.8124, 4.90604, 0.61021, 0.8469, 0.50207, 0.17248, 0.80, 0.80, 0.80, 1.00, 0.49104, 0.98035
2705, 774, 0.82338, 5.10874, 0.62422, 0.98286, 0.09134, 0.16013, 0.80, 0.80, 0.80, 1.00, 0.48999, 0.94186
2706, 776, 0.75082, 5.11656, 0.2546, 0.97716, 0.12069, -0.17493, 0.80, 0.80, 0.80, 1.00, 0.41671, 0.94573
2707, 779, 0.8124, 4.90604, 0.61021, 0.8469, 0.50207, 0.17248, 0.80, 0.80, 0.80, 1.00, 0.49104, 0.98035
2708, 780, 0.68239, 4.94081, 0.19146, 0.79321, 0.57468, -0.19841, 0.80, 0.80, 0.80, 1.00, 0.4093, 0.98167
2709, 773, 0.67606, 5.1171, 0.83511, 0.73448, -0.01881, 0.67837, 0.80, 0.80, 0.80, 1.00, 0.53314, 0.94095
2710, 739, 0.26025, 5.13088, 1.18611, 0.45052, -0.12349, 0.88419, 0.80, 0.80, 0.80, 1.00, 0.63385, 0.93945
2711, 778, 0.68027, 4.67653, 0.88026, 0.66485, 0.17314, 0.72644, 0.80, 0.80, 0.80, 1.00, 0.55637, 0.99147
