VTX, IDX, SV_POSITION.x, SV_POSITION.y, SV_POSITION.z, SV_POSITION.w, COLOR.x, COLOR.y, COLOR.z, COLOR.w, TEXCOORD0.x, TEXCOORD0.y, TEXCOORD1.x, TEXCOORD1.y, NORMAL.x, NORMAL.y, NORMAL.z, WORLDPOS.x, WORLDPOS.y, WORLDPOS.z
0, 0, -30.5482, 11.04379, 100.45166, 101.41817, NaN, NaN, NaN, 1.00, 0.44849, 0.14128, 0.44849, 0.14128, 0.84528, -0.53098, 0.0596, -53.06106, 14.87335, -84.56536
1, 1, -30.86718, 13.14948, 99.60851, 100.57529, NaN, NaN, NaN, 1.00, 0.44849, 0.00096, 0.44849, 0.00096, 0.91333, -0.40598, 0.03184, -52.34426, 16.45889, -84.90996
2, 2, -29.07636, 14.20216, 99.98822, 100.95489, 1.26960E-07, 1.26960E-07, 1.26960E-07, 1.00, 0.64421, 0.00096, 0.64421, 0.00096, 0.74285, -0.38171, 0.54997, -52.69123, 17.19501, -83.15601
3, 0, -30.5482, 11.04379, 100.45166, 101.41817, NaN, NaN, NaN, 1.00, 0.44849, 0.14128, 0.44849, 0.14128, 0.84528, -0.53098, 0.0596, -53.06106, 14.87335, -84.56536
4, 2, -29.07636, 14.20216, 99.98822, 100.95489, 1.26960E-07, 1.26960E-07, 1.26960E-07, 1.00, 0.64421, 0.00096, 0.64421, 0.00096, 0.74285, -0.38171, 0.54997, -52.69123, 17.19501, -83.15601
5, 3, -28.48521, 13.09689, 101.25498, 102.22122, 1.34598E-07, 1.34598E-07, 1.34598E-07, 1.00, 0.68555, 0.13161, 0.68555, 0.13161, 0.6479, -0.39494, 0.65135, -53.8682, 16.30465, -82.52483
6, 3, -28.48521, 13.09689, 101.25498, 102.22122, 1.34598E-07, 1.34598E-07, 1.34598E-07, 1.00, 0.68555, 0.13161, 0.68555, 0.13161, 0.6479, -0.39494, 0.65135, -53.8682, 16.30465, -82.52483
7, 2, -29.07636, 14.20216, 99.98822, 100.95489, 1.26960E-07, 1.26960E-07, 1.26960E-07, 1.00, 0.64421, 0.00096, 0.64421, 0.00096, 0.74285, -0.38171, 0.54997, -52.69123, 17.19501, -83.15601
8, 4, -28.10025, 14.70145, 100.98905, 101.95538, 1.40128E-07, 1.40128E-07, 1.40128E-07, 1.00, 0.74824, 0.07275, 0.74824, 0.07275, 0.62566, -0.32436, 0.70946, -53.66719, 17.48628, -82.16135
9, 5, -15.89379, -13.47747, 85.07655, 86.04819, NaN, NaN, NaN, 1.00, 0.17143, 0.09234, 0.17143, 0.09234, 0.98499, 0.06085, -0.16151, -35.79582, -1.81358, -71.20036
10, 6, -19.04066, -17.81464, 85.53152, 86.503, NaN, NaN, NaN, 1.00, 0.08136, 0.13403, 0.08136, 0.13403, 0.97729, 0.06416, -0.20195, -36.17647, -4.98895, -74.23378
11, 7, -17.91015, -12.93952, 85.29927, 86.27083, NaN, NaN, NaN, 1.00, 0.12471, 0.08883, 0.12471, 0.08883, 0.97983, 0.04995, -0.19351, -36.14102, -1.43941, -73.13906
12, 5, -15.89379, -13.47747, 85.07655, 86.04819, NaN, NaN, NaN, 1.00, 0.17143, 0.09234, 0.17143, 0.09234, 0.98499, 0.06085, -0.16151, -35.79582, -1.81358, -71.20036
13, 8, -17.11837, -17.88495, 85.20736, 86.17896, NaN, NaN, NaN, 1.00, 0.12373, 0.13903, 0.12373, 0.13903, 0.98483, 0.07039, -0.15862, -35.75865, -5.01704, -72.3899
14, 6, -19.04066, -17.81464, 85.53152, 86.503, NaN, NaN, NaN, 1.00, 0.08136, 0.13403, 0.08136, 0.13403, 0.97729, 0.06416, -0.20195, -36.17647, -4.98895, -74.23378
15, 7, -17.91015, -12.93952, 85.29927, 86.27083, NaN, NaN, NaN, 1.00, 0.12471, 0.08883, 0.12471, 0.08883, 0.97983, 0.04995, -0.19351, -36.14102, -1.43941, -73.13906
16, 6, -19.04066, -17.81464, 85.53152, 86.503, NaN, NaN, NaN, 1.00, 0.08136, 0.13403, 0.08136, 0.13403, 0.97729, 0.06416, -0.20195, -36.17647, -4.98895, -74.23378
17, 9, -19.78492, -13.51447, 85.6207, 86.59215, NaN, NaN, NaN, 1.00, 0.07377, 0.08963, 0.07377, 0.08963, 0.97386, 0.05806, -0.21962, -36.52083, -1.87877, -74.93871
18, 8, -17.11837, -17.88495, 85.20736, 86.17896, NaN, NaN, NaN, 1.00, 0.12373, 0.13903, 0.12373, 0.13903, 0.98483, 0.07039, -0.15862, -35.75865, -5.01704, -72.3899
19, 5, -15.89379, -13.47747, 85.07655, 86.04819, NaN, NaN, NaN, 1.00, 0.17143, 0.09234, 0.17143, 0.09234, 0.98499, 0.06085, -0.16151, -35.79582, -1.81358, -71.20036
20, 10, -15.31933, -16.60812, 85.10063, 86.07225, NaN, NaN, NaN, 1.00, 0.16611, 0.12918, 0.16611, 0.12918, 0.99404, 0.04796, -0.09791, -35.63221, -4.08415, -70.65124
21, 11, -15.48359, -12.66988, 87.99127, 88.96194, NaN, NaN, NaN, 1.00, 0.17579, 0.04419, 0.17579, 0.04419, -0.05982, 0.94014, 0.33549, -38.72065, -1.43386, -70.65882
22, 12, -16.08458, -12.76769, 90.77932, 91.74905, NaN, NaN, NaN, 1.00, 0.13161, 0.00331, 0.13161, 0.00331, -0.23895, 0.94671, 0.21596, -41.52103, -1.70139, -71.10415
23, 13, -15.32191, -13.24702, 90.69783, 91.66759, NaN, NaN, NaN, 1.00, 0.17648, 0.0044, 0.17648, 0.0044, -0.15461, 0.88357, 0.44204, -41.37909, -2.04303, -70.37141
24, 11, -15.48359, -12.66988, 87.99127, 88.96194, NaN, NaN, NaN, 1.00, 0.17579, 0.04419, 0.17579, 0.04419, -0.05982, 0.94014, 0.33549, -38.72065, -1.43386, -70.65882
25, 14, -17.63898, -11.82452, 88.21188, 89.18247, NaN, NaN, NaN, 1.00, 0.12673, 0.04318, 0.12673, 0.04318, -0.13171, 0.98981, 0.05407, -39.08611, -0.83677, -72.73137
26, 12, -16.08458, -12.76769, 90.77932, 91.74905, NaN, NaN, NaN, 1.00, 0.13161, 0.00331, 0.13161, 0.00331, -0.23895, 0.94671, 0.21596, -41.52103, -1.70139, -71.10415
27, 15, -18.66393, -18.31863, 88.51395, 89.48444, NaN, NaN, NaN, 1.00, 0.32124, 0.0475, 0.32124, 0.0475, -0.34831, -0.93601, 0.05066, -39.10319, -5.56456, -73.72462
28, 16, -15.59428, -16.10063, 90.50429, 91.47411, NaN, NaN, NaN, 1.00, 0.27177, 0.00674, 0.27177, 0.00674, -0.41795, -0.86427, 0.27993, -41.05316, -4.09749, -70.6516
29, 17, -17.26986, -16.12688, 90.83798, 91.80769, NaN, NaN, NaN, 1.00, 0.31673, 0.00658, 0.31673, 0.00658, -0.44747, -0.88361, 0.13786, -41.46382, -4.14005, -72.25655
30, 15, -18.66393, -18.31863, 88.51395, 89.48444, NaN, NaN, NaN, 1.00, 0.32124, 0.0475, 0.32124, 0.0475, -0.34831, -0.93601, 0.05066, -39.10319, -5.56456, -73.72462
31, 18, -16.62589, -18.52671, 88.17401, 89.14462, NaN, NaN, NaN, 1.00, 0.27484, 0.04949, 0.27484, 0.04949, -0.18581, -0.93853, 0.29094, -38.65709, -5.69139, -71.76985
32, 16, -15.59428, -16.10063, 90.50429, 91.47411, NaN, NaN, NaN, 1.00, 0.27177, 0.00674, 0.27177, 0.00674, -0.41795, -0.86427, 0.27993, -41.05316, -4.09749, -70.6516
33, 14, -17.63898, -11.82452, 88.21188, 89.18247, NaN, NaN, NaN, 1.00, 0.12673, 0.04318, 0.12673, 0.04318, -0.13171, 0.98981, 0.05407, -39.08611, -0.83677, -72.73137
34, 19, -17.73052, -13.22804, 91.08472, 92.05435, NaN, NaN, NaN, 1.00, 0.06758, 0.0022, 0.06758, 0.0022, -0.39842, 0.90712, -0.1356, -41.87987, -2.05656, -72.6829
35, 12, -16.08458, -12.76769, 90.77932, 91.74905, NaN, NaN, NaN, 1.00, 0.13161, 0.00331, 0.13161, 0.00331, -0.23895, 0.94671, 0.21596, -41.52103, -1.70139, -71.10415
36, 14, -17.63898, -11.82452, 88.21188, 89.18247, NaN, NaN, NaN, 1.00, 0.12673, 0.04318, 0.12673, 0.04318, -0.13171, 0.98981, 0.05407, -39.08611, -0.83677, -72.73137
37, 20, -19.6039, -12.48759, 88.55664, 89.52711, NaN, NaN, NaN, 1.00, 0.06962, 0.04232, 0.06962, 0.04232, -0.15293, 0.96189, -0.22666, -39.48893, -1.34163, -74.61734
38, 19, -17.73052, -13.22804, 91.08472, 92.05435, NaN, NaN, NaN, 1.00, 0.06758, 0.0022, 0.06758, 0.0022, -0.39842, 0.90712, -0.1356, -41.87987, -2.05656, -72.6829
39, 21, -19.6039, -12.48759, 88.55664, 89.52711, 9.41809E-08, 9.41809E-08, 9.41809E-08, 1.00, 0.06953, 0.04232, 0.06953, 0.04232, -0.45828, -0.24136, -0.85541, -39.48893, -1.34163, -74.61734
40, 22, -17.26986, -16.12688, 90.83798, 91.80769, 9.48796E-08, 9.48796E-08, 9.48796E-08, 1.00, 0.00909, 0.00308, 0.00909, 0.00308, -0.58117, -0.24457, -0.77616, -41.46382, -4.14005, -72.25655
41, 23, -17.73052, -13.22804, 91.08472, 92.05435, 9.48966E-08, 9.48966E-08, 9.48966E-08, 1.00, 0.06744, 0.00219, 0.06744, 0.00219, -0.55488, -0.27169, -0.78631, -41.87987, -2.05656, -72.6829
42, 21, -19.6039, -12.48759, 88.55664, 89.52711, 9.41809E-08, 9.41809E-08, 9.41809E-08, 1.00, 0.06953, 0.04232, 0.06953, 0.04232, -0.45828, -0.24136, -0.85541, -39.48893, -1.34163, -74.61734
43, 24, -18.66393, -18.31863, 88.51395, 89.48444, 9.41637E-08, 9.41637E-08, 9.41637E-08, 1.00, 0.00573, 0.04991, 0.00573, 0.04991, -0.33449, -0.22304, -0.91563, -39.10319, -5.56456, -73.72462
44, 22, -17.26986, -16.12688, 90.83798, 91.80769, 9.48796E-08, 9.48796E-08, 9.48796E-08, 1.00, 0.00909, 0.00308, 0.00909, 0.00308, -0.58117, -0.24457, -0.77616, -41.46382, -4.14005, -72.25655
45, 18, -16.62589, -18.52671, 88.17401, 89.14462, NaN, NaN, NaN, 1.00, 0.27484, 0.04949, 0.27484, 0.04949, -0.18581, -0.93853, 0.29094, -38.65709, -5.69139, -71.76985
46, 25, -14.95782, -15.34991, 90.63834, 91.60812, NaN, NaN, NaN, 1.00, 0.22293, 0.00477, 0.22293, 0.00477, -0.26184, -0.77879, 0.57002, -41.19485, -3.56287, -70.02734
47, 16, -15.59428, -16.10063, 90.50429, 91.47411, NaN, NaN, NaN, 1.00, 0.27177, 0.00674, 0.27177, 0.00674, -0.41795, -0.86427, 0.27993, -41.05316, -4.09749, -70.6516
48, 18, -16.62589, -18.52671, 88.17401, 89.14462, NaN, NaN, NaN, 1.00, 0.27484, 0.04949, 0.27484, 0.04949, -0.18581, -0.93853, 0.29094, -38.65709, -5.69139, -71.76985
49, 26, -14.76355, -16.91896, 88.05978, 89.03041, NaN, NaN, NaN, 1.00, 0.22844, 0.04552, 0.22844, 0.04552, -0.02128, -0.83334, 0.55236, -38.53711, -4.51815, -69.96948
50, 25, -14.95782, -15.34991, 90.63834, 91.60812, NaN, NaN, NaN, 1.00, 0.22293, 0.00477, 0.22293, 0.00477, -0.26184, -0.77879, 0.57002, -41.19485, -3.56287, -70.02734
51, 27, -14.76355, -16.91896, 88.05978, 89.03041, 1.70983E-07, 1.70983E-07, 1.70983E-07, 1.00, 0.22837, 0.04551, 0.22837, 0.04551, 0.13503, 0.22584, 0.96476, -38.53711, -4.51815, -69.96948
52, 28, -15.32191, -13.24702, 90.69783, 91.66759, 1.72045E-07, 1.72045E-07, 1.72045E-07, 1.00, 0.17658, 0.0044, 0.17658, 0.0044, 0.05772, 0.22413, 0.97285, -41.37909, -2.04303, -70.37141
53, 29, -14.95782, -15.34991, 90.63834, 91.60812, 1.72023E-07, 1.72023E-07, 1.72023E-07, 1.00, 0.22281, 0.00477, 0.22281, 0.00477, 0.06067, 0.22736, 0.97192, -41.19485, -3.56287, -70.02734
54, 27, -14.76355, -16.91896, 88.05978, 89.03041, 1.70983E-07, 1.70983E-07, 1.70983E-07, 1.00, 0.22837, 0.04551, 0.22837, 0.04551, 0.13503, 0.22584, 0.96476, -38.53711, -4.51815, -69.96948
55, 30, -15.48359, -12.66988, 87.99127, 88.96194, 1.69732E-07, 1.69732E-07, 1.69732E-07, 1.00, 0.17578, 0.04431, 0.17578, 0.04431, 0.20923, 0.22401, 0.95186, -38.72065, -1.43386, -70.65882
56, 28, -15.32191, -13.24702, 90.69783, 91.66759, 1.72045E-07, 1.72045E-07, 1.72045E-07, 1.00, 0.17658, 0.0044, 0.17658, 0.0044, 0.05772, 0.22413, 0.97285, -41.37909, -2.04303, -70.37141
57, 31, -15.94662, -12.95634, 86.1286, 87.09988, NaN, NaN, NaN, 1.00, 0.172, 0.07336, 0.172, 0.07336, 0.15902, 0.95236, 0.26025, -36.87283, -1.5101, -71.19869
58, 14, -17.63898, -11.82452, 88.21188, 89.18247, NaN, NaN, NaN, 1.00, 0.12673, 0.04318, 0.12673, 0.04318, -0.13171, 0.98981, 0.05407, -39.08611, -0.83677, -72.73137
59, 11, -15.48359, -12.66988, 87.99127, 88.96194, NaN, NaN, NaN, 1.00, 0.17579, 0.04419, 0.17579, 0.04419, -0.05982, 0.94014, 0.33549, -38.72065, -1.43386, -70.65882
60, 31, -15.94662, -12.95634, 86.1286, 87.09988, NaN, NaN, NaN, 1.00, 0.172, 0.07336, 0.172, 0.07336, 0.15902, 0.95236, 0.26025, -36.87283, -1.5101, -71.19869
61, 32, -18.0027, -12.09082, 86.33551, 87.30672, NaN, NaN, NaN, 1.00, 0.12388, 0.07229, 0.12388, 0.07229, 0.20849, 0.97726, -0.03857, -37.22094, -0.89742, -73.17577
62, 14, -17.63898, -11.82452, 88.21188, 89.18247, NaN, NaN, NaN, 1.00, 0.12673, 0.04318, 0.12673, 0.04318, -0.13171, 0.98981, 0.05407, -39.08611, -0.83677, -72.73137
63, 33, -18.94085, -18.56672, 86.63136, 87.60247, NaN, NaN, NaN, 1.00, 0.32207, 0.07652, 0.32207, 0.07652, 0.13724, -0.98518, -0.10288, -37.22863, -5.61158, -74.08529
64, 18, -16.62589, -18.52671, 88.17401, 89.14462, NaN, NaN, NaN, 1.00, 0.27484, 0.04949, 0.27484, 0.04949, -0.18581, -0.93853, 0.29094, -38.65709, -5.69139, -71.76985
65, 15, -18.66393, -18.31863, 88.51395, 89.48444, NaN, NaN, NaN, 1.00, 0.32124, 0.0475, 0.32124, 0.0475, -0.34831, -0.93601, 0.05066, -39.10319, -5.56456, -73.72462
66, 33, -18.94085, -18.56672, 86.63136, 87.60247, NaN, NaN, NaN, 1.00, 0.32207, 0.07652, 0.32207, 0.07652, 0.13724, -0.98518, -0.10288, -37.22863, -5.61158, -74.08529
67, 34, -17.00057, -18.79448, 86.30675, 87.27797, NaN, NaN, NaN, 1.00, 0.27439, 0.07848, 0.27439, 0.07848, 0.32711, -0.92128, 0.21033, -36.80145, -5.75375, -72.22442
68, 18, -16.62589, -18.52671, 88.17401, 89.14462, NaN, NaN, NaN, 1.00, 0.27484, 0.04949, 0.27484, 0.04949, -0.18581, -0.93853, 0.29094, -38.65709, -5.69139, -71.76985
69, 32, -18.0027, -12.09082, 86.33551, 87.30672, NaN, NaN, NaN, 1.00, 0.12388, 0.07229, 0.12388, 0.07229, 0.20849, 0.97726, -0.03857, -37.22094, -0.89742, -73.17577
70, 20, -19.6039, -12.48759, 88.55664, 89.52711, NaN, NaN, NaN, 1.00, 0.06962, 0.04232, 0.06962, 0.04232, -0.15293, 0.96189, -0.22666, -39.48893, -1.34163, -74.61734
71, 14, -17.63898, -11.82452, 88.21188, 89.18247, NaN, NaN, NaN, 1.00, 0.12673, 0.04318, 0.12673, 0.04318, -0.13171, 0.98981, 0.05407, -39.08611, -0.83677, -72.73137
72, 32, -18.0027, -12.09082, 86.33551, 87.30672, NaN, NaN, NaN, 1.00, 0.12388, 0.07229, 0.12388, 0.07229, 0.20849, 0.97726, -0.03857, -37.22094, -0.89742, -73.17577
73, 35, -19.86847, -12.73383, 86.66568, 87.63678, NaN, NaN, NaN, 1.00, 0.0705, 0.0715, 0.0705, 0.0715, 0.27637, 0.91312, -0.29973, -37.60555, -1.38672, -74.96646
74, 20, -19.6039, -12.48759, 88.55664, 89.52711, NaN, NaN, NaN, 1.00, 0.06962, 0.04232, 0.06962, 0.04232, -0.15293, 0.96189, -0.22666, -39.48893, -1.34163, -74.61734
75, 36, -19.86847, -12.73383, 86.66568, 87.63678, 9.40130E-08, 9.40130E-08, 9.40130E-08, 1.00, 0.0705, 0.0714, 0.0705, 0.0714, -0.1479, -0.21554, -0.96523, -37.60555, -1.38672, -74.96646
76, 24, -18.66393, -18.31863, 88.51395, 89.48444, 9.41637E-08, 9.41637E-08, 9.41637E-08, 1.00, 0.00573, 0.04991, 0.00573, 0.04991, -0.33449, -0.22304, -0.91563, -39.10319, -5.56456, -73.72462
77, 21, -19.6039, -12.48759, 88.55664, 89.52711, 9.41809E-08, 9.41809E-08, 9.41809E-08, 1.00, 0.06953, 0.04232, 0.06953, 0.04232, -0.45828, -0.24136, -0.85541, -39.48893, -1.34163, -74.61734
78, 36, -19.86847, -12.73383, 86.66568, 87.63678, 9.40130E-08, 9.40130E-08, 9.40130E-08, 1.00, 0.0705, 0.0714, 0.0705, 0.0714, -0.1479, -0.21554, -0.96523, -37.60555, -1.38672, -74.96646
79, 37, -18.94085, -18.56672, 86.63136, 87.60247, 9.39910E-08, 9.39910E-08, 9.39910E-08, 1.00, 0.0081, 0.07893, 0.0081, 0.07893, -0.08911, -0.21664, -0.97217, -37.22863, -5.61158, -74.08529
80, 24, -18.66393, -18.31863, 88.51395, 89.48444, 9.41637E-08, 9.41637E-08, 9.41637E-08, 1.00, 0.00573, 0.04991, 0.00573, 0.04991, -0.33449, -0.22304, -0.91563, -39.10319, -5.56456, -73.72462
81, 34, -17.00057, -18.79448, 86.30675, 87.27797, NaN, NaN, NaN, 1.00, 0.27439, 0.07848, 0.27439, 0.07848, 0.32711, -0.92128, 0.21033, -36.80145, -5.75375, -72.22442
82, 26, -14.76355, -16.91896, 88.05978, 89.03041, NaN, NaN, NaN, 1.00, 0.22844, 0.04552, 0.22844, 0.04552, -0.02128, -0.83334, 0.55236, -38.53711, -4.51815, -69.96948
83, 18, -16.62589, -18.52671, 88.17401, 89.14462, NaN, NaN, NaN, 1.00, 0.27484, 0.04949, 0.27484, 0.04949, -0.18581, -0.93853, 0.29094, -38.65709, -5.69139, -71.76985
84, 34, -17.00057, -18.79448, 86.30675, 87.27797, NaN, NaN, NaN, 1.00, 0.27439, 0.07848, 0.27439, 0.07848, 0.32711, -0.92128, 0.21033, -36.80145, -5.75375, -72.22442
85, 38, -15.23689, -17.20728, 86.20122, 87.17247, NaN, NaN, NaN, 1.00, 0.22639, 0.07458, 0.22639, 0.07458, 0.385, -0.79231, 0.47331, -36.69376, -4.596, -70.51913
86, 26, -14.76355, -16.91896, 88.05978, 89.03041, NaN, NaN, NaN, 1.00, 0.22844, 0.04552, 0.22844, 0.04552, -0.02128, -0.83334, 0.55236, -38.53711, -4.51815, -69.96948
87, 39, -15.23689, -17.20728, 86.20122, 87.17247, 1.69452E-07, 1.69452E-07, 1.69452E-07, 1.00, 0.22633, 0.07458, 0.22633, 0.07458, 0.19714, 0.22284, 0.95471, -36.69376, -4.596, -70.51913
88, 30, -15.48359, -12.66988, 87.99127, 88.96194, 1.69732E-07, 1.69732E-07, 1.69732E-07, 1.00, 0.17578, 0.04431, 0.17578, 0.04431, 0.20923, 0.22401, 0.95186, -38.72065, -1.43386, -70.65882
89, 27, -14.76355, -16.91896, 88.05978, 89.03041, 1.70983E-07, 1.70983E-07, 1.70983E-07, 1.00, 0.22837, 0.04551, 0.22837, 0.04551, 0.13503, 0.22584, 0.96476, -38.53711, -4.51815, -69.96948
90, 39, -15.23689, -17.20728, 86.20122, 87.17247, 1.69452E-07, 1.69452E-07, 1.69452E-07, 1.00, 0.22633, 0.07458, 0.22633, 0.07458, 0.19714, 0.22284, 0.95471, -36.69376, -4.596, -70.51913
91, 40, -15.94662, -12.95634, 86.1286, 87.09988, 1.70633E-07, 1.70633E-07, 1.70633E-07, 1.00, 0.17202, 0.07336, 0.17202, 0.07336, 0.12364, 0.22724, 0.96596, -36.87283, -1.5101, -71.19869
92, 30, -15.48359, -12.66988, 87.99127, 88.96194, 1.69732E-07, 1.69732E-07, 1.69732E-07, 1.00, 0.17578, 0.04431, 0.17578, 0.04431, 0.20923, 0.22401, 0.95186, -38.72065, -1.43386, -70.65882
93, 41, -15.89379, -13.47747, 85.07655, 86.04819, NaN, NaN, NaN, 1.00, 0.17143, 0.0923, 0.17143, 0.0923, 0.35636, 0.9189, 0.16923, -35.79582, -1.81358, -71.20036
94, 32, -18.0027, -12.09082, 86.33551, 87.30672, NaN, NaN, NaN, 1.00, 0.12388, 0.07229, 0.12388, 0.07229, 0.20849, 0.97726, -0.03857, -37.22094, -0.89742, -73.17577
95, 31, -15.94662, -12.95634, 86.1286, 87.09988, NaN, NaN, NaN, 1.00, 0.172, 0.07336, 0.172, 0.07336, 0.15902, 0.95236, 0.26025, -36.87283, -1.5101, -71.19869
96, 41, -15.89379, -13.47747, 85.07655, 86.04819, NaN, NaN, NaN, 1.00, 0.17143, 0.0923, 0.17143, 0.0923, 0.35636, 0.9189, 0.16923, -35.79582, -1.81358, -71.20036
97, 42, -17.91015, -12.93952, 85.29927, 86.27083, NaN, NaN, NaN, 1.00, 0.12403, 0.08898, 0.12403, 0.08898, 0.43417, 0.88293, -0.17871, -36.14102, -1.43941, -73.13906
98, 32, -18.0027, -12.09082, 86.33551, 87.30672, NaN, NaN, NaN, 1.00, 0.12388, 0.07229, 0.12388, 0.07229, 0.20849, 0.97726, -0.03857, -37.22094, -0.89742, -73.17577
99, 43, -19.04066, -17.81464, 85.53152, 86.503, NaN, NaN, NaN, 1.00, 0.31885, 0.09196, 0.31885, 0.09196, 0.52023, -0.83934, -0.15767, -36.17647, -4.98895, -74.23378
100, 34, -17.00057, -18.79448, 86.30675, 87.27797, NaN, NaN, NaN, 1.00, 0.27439, 0.07848, 0.27439, 0.07848, 0.32711, -0.92128, 0.21033, -36.80145, -5.75375, -72.22442
101, 33, -18.94085, -18.56672, 86.63136, 87.60247, NaN, NaN, NaN, 1.00, 0.32207, 0.07652, 0.32207, 0.07652, 0.13724, -0.98518, -0.10288, -37.22863, -5.61158, -74.08529
102, 43, -19.04066, -17.81464, 85.53152, 86.503, NaN, NaN, NaN, 1.00, 0.31885, 0.09196, 0.31885, 0.09196, 0.52023, -0.83934, -0.15767, -36.17647, -4.98895, -74.23378
103, 44, -17.11837, -17.88495, 85.20736, 86.17896, NaN, NaN, NaN, 1.00, 0.27475, 0.09369, 0.27475, 0.09369, 0.54036, -0.80558, 0.24302, -35.75865, -5.01704, -72.3899
104, 34, -17.00057, -18.79448, 86.30675, 87.27797, NaN, NaN, NaN, 1.00, 0.27439, 0.07848, 0.27439, 0.07848, 0.32711, -0.92128, 0.21033, -36.80145, -5.75375, -72.22442
105, 42, -17.91015, -12.93952, 85.29927, 86.27083, NaN, NaN, NaN, 1.00, 0.12403, 0.08898, 0.12403, 0.08898, 0.43417, 0.88293, -0.17871, -36.14102, -1.43941, -73.13906
106, 35, -19.86847, -12.73383, 86.66568, 87.63678, NaN, NaN, NaN, 1.00, 0.0705, 0.0715, 0.0705, 0.0715, 0.27637, 0.91312, -0.29973, -37.60555, -1.38672, -74.96646
107, 32, -18.0027, -12.09082, 86.33551, 87.30672, NaN, NaN, NaN, 1.00, 0.12388, 0.07229, 0.12388, 0.07229, 0.20849, 0.97726, -0.03857, -37.22094, -0.89742, -73.17577
108, 42, -17.91015, -12.93952, 85.29927, 86.27083, NaN, NaN, NaN, 1.00, 0.12403, 0.08898, 0.12403, 0.08898, 0.43417, 0.88293, -0.17871, -36.14102, -1.43941, -73.13906
109, 45, -19.78492, -13.51447, 85.6207, 86.59215, NaN, NaN, NaN, 1.00, 0.07376, 0.08962, 0.07376, 0.08962, 0.40085, 0.86693, -0.29622, -36.52083, -1.87877, -74.93871
110, 35, -19.86847, -12.73383, 86.66568, 87.63678, NaN, NaN, NaN, 1.00, 0.0705, 0.0715, 0.0705, 0.0715, 0.27637, 0.91312, -0.29973, -37.60555, -1.38672, -74.96646
111, 46, -19.78492, -13.51447, 85.6207, 86.59215, 9.39639E-08, 9.39639E-08, 9.39639E-08, 1.00, 0.0737, 0.08961, 0.0737, 0.08961, -0.03842, -0.2158, -0.97568, -36.52083, -1.87877, -74.93871
112, 37, -18.94085, -18.56672, 86.63136, 87.60247, 9.39910E-08, 9.39910E-08, 9.39910E-08, 1.00, 0.0081, 0.07893, 0.0081, 0.07893, -0.08911, -0.21664, -0.97217, -37.22863, -5.61158, -74.08529
113, 36, -19.86847, -12.73383, 86.66568, 87.63678, 9.40130E-08, 9.40130E-08, 9.40130E-08, 1.00, 0.0705, 0.0714, 0.0705, 0.0714, -0.1479, -0.21554, -0.96523, -37.60555, -1.38672, -74.96646
114, 46, -19.78492, -13.51447, 85.6207, 86.59215, 9.39639E-08, 9.39639E-08, 9.39639E-08, 1.00, 0.0737, 0.08961, 0.0737, 0.08961, -0.03842, -0.2158, -0.97568, -36.52083, -1.87877, -74.93871
115, 47, -19.04066, -17.81464, 85.53152, 86.503, 9.39677E-08, 9.39677E-08, 9.39677E-08, 1.00, 0.00648, 0.09305, 0.00648, 0.09305, -0.00653, -0.22171, -0.97509, -36.17647, -4.98895, -74.23378
116, 37, -18.94085, -18.56672, 86.63136, 87.60247, 9.39910E-08, 9.39910E-08, 9.39910E-08, 1.00, 0.0081, 0.07893, 0.0081, 0.07893, -0.08911, -0.21664, -0.97217, -37.22863, -5.61158, -74.08529
117, 44, -17.11837, -17.88495, 85.20736, 86.17896, NaN, NaN, NaN, 1.00, 0.27475, 0.09369, 0.27475, 0.09369, 0.54036, -0.80558, 0.24302, -35.75865, -5.01704, -72.3899
118, 38, -15.23689, -17.20728, 86.20122, 87.17247, NaN, NaN, NaN, 1.00, 0.22639, 0.07458, 0.22639, 0.07458, 0.385, -0.79231, 0.47331, -36.69376, -4.596, -70.51913
119, 34, -17.00057, -18.79448, 86.30675, 87.27797, NaN, NaN, NaN, 1.00, 0.27439, 0.07848, 0.27439, 0.07848, 0.32711, -0.92128, 0.21033, -36.80145, -5.75375, -72.22442
120, 44, -17.11837, -17.88495, 85.20736, 86.17896, NaN, NaN, NaN, 1.00, 0.27475, 0.09369, 0.27475, 0.09369, 0.54036, -0.80558, 0.24302, -35.75865, -5.01704, -72.3899
121, 48, -15.31933, -16.60812, 85.10063, 86.07225, NaN, NaN, NaN, 1.00, 0.22155, 0.09023, 0.22155, 0.09023, 0.43798, -0.805, 0.40019, -35.63221, -4.08415, -70.65124
122, 38, -15.23689, -17.20728, 86.20122, 87.17247, NaN, NaN, NaN, 1.00, 0.22639, 0.07458, 0.22639, 0.07458, 0.385, -0.79231, 0.47331, -36.69376, -4.596, -70.51913
123, 49, -15.31933, -16.60812, 85.10063, 86.07225, 1.71377E-07, 1.71377E-07, 1.71377E-07, 1.00, 0.22148, 0.09023, 0.22148, 0.09023, 0.04326, 0.22768, 0.97277, -35.63221, -4.08415, -70.65124
124, 40, -15.94662, -12.95634, 86.1286, 87.09988, 1.70633E-07, 1.70633E-07, 1.70633E-07, 1.00, 0.17202, 0.07336, 0.17202, 0.07336, 0.12364, 0.22724, 0.96596, -36.87283, -1.5101, -71.19869
125, 39, -15.23689, -17.20728, 86.20122, 87.17247, 1.69452E-07, 1.69452E-07, 1.69452E-07, 1.00, 0.22633, 0.07458, 0.22633, 0.07458, 0.19714, 0.22284, 0.95471, -36.69376, -4.596, -70.51913
126, 49, -15.31933, -16.60812, 85.10063, 86.07225, 1.71377E-07, 1.71377E-07, 1.71377E-07, 1.00, 0.22148, 0.09023, 0.22148, 0.09023, 0.04326, 0.22768, 0.97277, -35.63221, -4.08415, -70.65124
127, 50, -15.89379, -13.47747, 85.07655, 86.04819, 1.71113E-07, 1.71113E-07, 1.71113E-07, 1.00, 0.17145, 0.0923, 0.17145, 0.0923, 0.06901, 0.23919, 0.96852, -35.79582, -1.81358, -71.20036
128, 40, -15.94662, -12.95634, 86.1286, 87.09988, 1.70633E-07, 1.70633E-07, 1.70633E-07, 1.00, 0.17202, 0.07336, 0.17202, 0.07336, 0.12364, 0.22724, 0.96596, -36.87283, -1.5101, -71.19869
129, 51, -14.38686, -9.76553, 96.25428, 97.22218, 1.59878E-07, 1.59878E-07, 1.59878E-07, 1.00, 0.84986, 0.04749, 0.84986, 0.04749, 0.35349, 0.59344, 0.7231, -47.04696, 0.08822, -69.18607
130, 52, -16.40592, -7.02627, 98.50198, 99.46915, NaN, NaN, NaN, 1.00, 0.81563, 0.00882, 0.81563, 0.00882, 0.40311, 0.86014, 0.31251, -49.52184, 1.91492, -71.02276
131, 53, -14.28816, -7.57571, 98.70613, 99.67322, 1.64116E-07, 1.64116E-07, 1.64116E-07, 1.00, 0.85038, 0.00812, 0.85038, 0.00812, 0.34695, 0.5018, 0.79235, -49.59637, 1.50233, -68.9651
132, 51, -14.38686, -9.76553, 96.25428, 97.22218, 1.59878E-07, 1.59878E-07, 1.59878E-07, 1.00, 0.84986, 0.04749, 0.84986, 0.04749, 0.35349, 0.59344, 0.7231, -47.04696, 0.08822, -69.18607
133, 54, -16.63174, -8.42252, 95.79607, 96.76412, NaN, NaN, NaN, 1.00, 0.81401, 0.04676, 0.81401, 0.04676, 0.34558, 0.8452, 0.4077, -46.76606, 1.09386, -71.37717
134, 52, -16.40592, -7.02627, 98.50198, 99.46915, NaN, NaN, NaN, 1.00, 0.81563, 0.00882, 0.81563, 0.00882, 0.40311, 0.86014, 0.31251, -49.52184, 1.91492, -71.02276
135, 55, -18.27268, -14.71053, 98.24906, 99.21631, 9.47807E-08, 9.47807E-08, 9.47807E-08, 1.00, 0.92383, 0.04943, 0.92383, 0.04943, -0.23311, -0.76666, -0.59824, -48.96524, -3.63628, -72.86066
136, 56, -15.18635, -12.29121, 100.69041, 101.65683, NaN, NaN, NaN, 1.00, 0.89628, 0.0081, 0.89628, 0.0081, -0.48505, -0.84166, 0.23736, -51.37392, -2.0551, -69.74892
137, 57, -18.15956, -12.33224, 100.95332, 101.91966, 9.50254E-08, 9.50254E-08, 9.50254E-08, 1.00, 0.92295, 0.00834, 0.92295, 0.00834, -0.36652, -0.54966, -0.75069, -51.775, -2.10338, -72.6129
138, 55, -18.27268, -14.71053, 98.24906, 99.21631, 9.47807E-08, 9.47807E-08, 9.47807E-08, 1.00, 0.92383, 0.04943, 0.92383, 0.04943, -0.23311, -0.76666, -0.59824, -48.96524, -3.63628, -72.86066
139, 58, -15.25928, -14.93188, 98.05703, 99.02434, NaN, NaN, NaN, 1.00, 0.89729, 0.04995, 0.89729, 0.04995, -0.26857, -0.87774, 0.39679, -48.61942, -3.78315, -69.95497
140, 56, -15.18635, -12.29121, 100.69041, 101.65683, NaN, NaN, NaN, 1.00, 0.89628, 0.0081, 0.89628, 0.0081, -0.48505, -0.84166, 0.23736, -51.37392, -2.0551, -69.74892
141, 59, -16.63174, -8.42252, 95.79607, 96.76412, NaN, NaN, NaN, 1.00, 0.98858, 0.04646, 0.98858, 0.04646, 0.34079, 0.84844, -0.40498, -46.76606, 1.09386, -71.37717
142, 60, -19.29185, -7.75478, 99.05701, 100.02399, NaN, NaN, NaN, 1.00, 0.95474, 0.00771, 0.95474, 0.00771, 0.18983, 0.65232, -0.73379, -50.17451, 1.34779, -73.78973
143, 61, -16.40592, -7.02627, 98.50198, 99.46915, NaN, NaN, NaN, 1.00, 0.9902, 0.00882, 0.9902, 0.00882, 0.2468, 0.93624, -0.25009, -49.52184, 1.91492, -71.02276
144, 59, -16.63174, -8.42252, 95.79607, 96.76412, NaN, NaN, NaN, 1.00, 0.98858, 0.04646, 0.98858, 0.04646, 0.34079, 0.84844, -0.40498, -46.76606, 1.09386, -71.37717
145, 62, -19.38692, -9.91019, 96.65841, 97.62618, 9.46266E-08, 9.46266E-08, 9.46266E-08, 1.00, 0.95589, 0.0481, 0.95589, 0.0481, 0.16451, 0.38442, -0.90838, -47.67973, -0.04512, -74.0045
146, 60, -19.29185, -7.75478, 99.05701, 100.02399, NaN, NaN, NaN, 1.00, 0.95474, 0.00771, 0.95474, 0.00771, 0.18983, 0.65232, -0.73379, -50.17451, 1.34779, -73.78973
147, 62, -19.38692, -9.91019, 96.65841, 97.62618, 9.46266E-08, 9.46266E-08, 9.46266E-08, 1.00, 0.95589, 0.0481, 0.95589, 0.0481, 0.16451, 0.38442, -0.90838, -47.67973, -0.04512, -74.0045
148, 57, -18.15956, -12.33224, 100.95332, 101.91966, 9.50254E-08, 9.50254E-08, 9.50254E-08, 1.00, 0.92295, 0.00834, 0.92295, 0.00834, -0.36652, -0.54966, -0.75069, -51.775, -2.10338, -72.6129
149, 60, -19.29185, -7.75478, 99.05701, 100.02399, NaN, NaN, NaN, 1.00, 0.95474, 0.00771, 0.95474, 0.00771, 0.18983, 0.65232, -0.73379, -50.17451, 1.34779, -73.78973
150, 62, -19.38692, -9.91019, 96.65841, 97.62618, 9.46266E-08, 9.46266E-08, 9.46266E-08, 1.00, 0.95589, 0.0481, 0.95589, 0.0481, 0.16451, 0.38442, -0.90838, -47.67973, -0.04512, -74.0045
151, 55, -18.27268, -14.71053, 98.24906, 99.21631, 9.47807E-08, 9.47807E-08, 9.47807E-08, 1.00, 0.92383, 0.04943, 0.92383, 0.04943, -0.23311, -0.76666, -0.59824, -48.96524, -3.63628, -72.86066
152, 57, -18.15956, -12.33224, 100.95332, 101.91966, 9.50254E-08, 9.50254E-08, 9.50254E-08, 1.00, 0.92295, 0.00834, 0.92295, 0.00834, -0.36652, -0.54966, -0.75069, -51.775, -2.10338, -72.6129
153, 58, -15.25928, -14.93188, 98.05703, 99.02434, NaN, NaN, NaN, 1.00, 0.89729, 0.04995, 0.89729, 0.04995, -0.26857, -0.87774, 0.39679, -48.61942, -3.78315, -69.95497
154, 63, -13.43338, -10.81874, 100.19212, 101.15872, 1.55215E-07, 1.55215E-07, 1.55215E-07, 1.00, 0.87489, 0.00678, 0.87489, 0.00678, -0.20145, -0.45929, 0.86514, -50.86971, -0.95281, -68.0735
155, 56, -15.18635, -12.29121, 100.69041, 101.65683, NaN, NaN, NaN, 1.00, 0.89628, 0.0081, 0.89628, 0.0081, -0.48505, -0.84166, 0.23736, -51.37392, -2.0551, -69.74892
156, 58, -15.25928, -14.93188, 98.05703, 99.02434, NaN, NaN, NaN, 1.00, 0.89729, 0.04995, 0.89729, 0.04995, -0.26857, -0.87774, 0.39679, -48.61942, -3.78315, -69.95497
157, 64, -13.54304, -13.18396, 97.52249, 98.48997, 1.63290E-07, 1.63290E-07, 1.63290E-07, 1.00, 0.87444, 0.04921, 0.87444, 0.04921, 0.10245, -0.29487, 0.95003, -48.09494, -2.47868, -68.31618
158, 63, -13.43338, -10.81874, 100.19212, 101.15872, 1.55215E-07, 1.55215E-07, 1.55215E-07, 1.00, 0.87489, 0.00678, 0.87489, 0.00678, -0.20145, -0.45929, 0.86514, -50.86971, -0.95281, -68.0735
159, 64, -13.54304, -13.18396, 97.52249, 98.48997, 1.63290E-07, 1.63290E-07, 1.63290E-07, 1.00, 0.87444, 0.04921, 0.87444, 0.04921, 0.10245, -0.29487, 0.95003, -48.09494, -2.47868, -68.31618
160, 53, -14.28816, -7.57571, 98.70613, 99.67322, 1.64116E-07, 1.64116E-07, 1.64116E-07, 1.00, 0.85038, 0.00812, 0.85038, 0.00812, 0.34695, 0.5018, 0.79235, -49.59637, 1.50233, -68.9651
161, 63, -13.43338, -10.81874, 100.19212, 101.15872, 1.55215E-07, 1.55215E-07, 1.55215E-07, 1.00, 0.87489, 0.00678, 0.87489, 0.00678, -0.20145, -0.45929, 0.86514, -50.86971, -0.95281, -68.0735
162, 64, -13.54304, -13.18396, 97.52249, 98.48997, 1.63290E-07, 1.63290E-07, 1.63290E-07, 1.00, 0.87444, 0.04921, 0.87444, 0.04921, 0.10245, -0.29487, 0.95003, -48.09494, -2.47868, -68.31618
163, 51, -14.38686, -9.76553, 96.25428, 97.22218, 1.59878E-07, 1.59878E-07, 1.59878E-07, 1.00, 0.84986, 0.04749, 0.84986, 0.04749, 0.35349, 0.59344, 0.7231, -47.04696, 0.08822, -69.18607
164, 53, -14.28816, -7.57571, 98.70613, 99.67322, 1.64116E-07, 1.64116E-07, 1.64116E-07, 1.00, 0.85038, 0.00812, 0.85038, 0.00812, 0.34695, 0.5018, 0.79235, -49.59637, 1.50233, -68.9651
165, 65, -15.32191, -13.24702, 90.69783, 91.66759, 1.57679E-07, 1.57679E-07, 1.57679E-07, 1.00, 0.83237, 0.12965, 0.83237, 0.12965, 0.08911, 0.73605, 0.67104, -41.37909, -2.04303, -70.37141
166, 54, -16.63174, -8.42252, 95.79607, 96.76412, NaN, NaN, NaN, 1.00, 0.81401, 0.04676, 0.81401, 0.04676, 0.34558, 0.8452, 0.4077, -46.76606, 1.09386, -71.37717
167, 51, -14.38686, -9.76553, 96.25428, 97.22218, 1.59878E-07, 1.59878E-07, 1.59878E-07, 1.00, 0.84986, 0.04749, 0.84986, 0.04749, 0.35349, 0.59344, 0.7231, -47.04696, 0.08822, -69.18607
168, 65, -15.32191, -13.24702, 90.69783, 91.66759, 1.57679E-07, 1.57679E-07, 1.57679E-07, 1.00, 0.83237, 0.12965, 0.83237, 0.12965, 0.08911, 0.73605, 0.67104, -41.37909, -2.04303, -70.37141
169, 66, -16.08458, -12.76769, 90.77932, 91.74905, NaN, NaN, NaN, 1.00, 0.81382, 0.12904, 0.81382, 0.12904, 0.0077, 0.90682, 0.42145, -41.52103, -1.70139, -71.10415
170, 54, -16.63174, -8.42252, 95.79607, 96.76412, NaN, NaN, NaN, 1.00, 0.81401, 0.04676, 0.81401, 0.04676, 0.34558, 0.8452, 0.4077, -46.76606, 1.09386, -71.37717
171, 67, -17.26986, -16.12688, 90.83798, 91.80769, NaN, NaN, NaN, 1.00, 0.92921, 0.13049, 0.92921, 0.13049, 0.36608, -0.79804, -0.47867, -41.46382, -4.14005, -72.25655
172, 58, -15.25928, -14.93188, 98.05703, 99.02434, NaN, NaN, NaN, 1.00, 0.89729, 0.04995, 0.89729, 0.04995, -0.26857, -0.87774, 0.39679, -48.61942, -3.78315, -69.95497
173, 55, -18.27268, -14.71053, 98.24906, 99.21631, 9.47807E-08, 9.47807E-08, 9.47807E-08, 1.00, 0.92383, 0.04943, 0.92383, 0.04943, -0.23311, -0.76666, -0.59824, -48.96524, -3.63628, -72.86066
174, 67, -17.26986, -16.12688, 90.83798, 91.80769, NaN, NaN, NaN, 1.00, 0.92921, 0.13049, 0.92921, 0.13049, 0.36608, -0.79804, -0.47867, -41.46382, -4.14005, -72.25655
175, 68, -15.59428, -16.10063, 90.50429, 91.47411, NaN, NaN, NaN, 1.00, 0.89311, 0.13102, 0.89311, 0.13102, 0.41448, -0.90636, -0.08203, -41.05316, -4.09749, -70.6516
176, 69, -15.25928, -14.93188, 98.05703, 99.02434, NaN, NaN, NaN, 1.00, 0.89732, 0.04996, 0.89732, 0.04996, -0.01069, -0.99991, 0.00861, -48.61942, -3.78315, -69.95497
177, 70, -16.08458, -12.76769, 90.77932, 91.74905, NaN, NaN, NaN, 1.00, 0.99048, 0.13054, 0.99048, 0.13054, -0.09126, 0.94764, -0.30601, -41.52103, -1.70139, -71.10415
178, 62, -19.38692, -9.91019, 96.65841, 97.62618, 9.46266E-08, 9.46266E-08, 9.46266E-08, 1.00, 0.95589, 0.0481, 0.95589, 0.0481, 0.16451, 0.38442, -0.90838, -47.67973, -0.04512, -74.0045
179, 59, -16.63174, -8.42252, 95.79607, 96.76412, NaN, NaN, NaN, 1.00, 0.98858, 0.04646, 0.98858, 0.04646, 0.34079, 0.84844, -0.40498, -46.76606, 1.09386, -71.37717
180, 70, -16.08458, -12.76769, 90.77932, 91.74905, NaN, NaN, NaN, 1.00, 0.99048, 0.13054, 0.99048, 0.13054, -0.09126, 0.94764, -0.30601, -41.52103, -1.70139, -71.10415
181, 71, -17.73052, -13.22804, 91.08472, 92.05435, 9.48966E-08, 9.48966E-08, 9.48966E-08, 1.00, 0.95856, 0.1299, 0.95856, 0.1299, 0.04687, 0.2655, -0.96297, -41.87987, -2.05656, -72.6829
182, 62, -19.38692, -9.91019, 96.65841, 97.62618, 9.46266E-08, 9.46266E-08, 9.46266E-08, 1.00, 0.95589, 0.0481, 0.95589, 0.0481, 0.16451, 0.38442, -0.90838, -47.67973, -0.04512, -74.0045
183, 71, -17.73052, -13.22804, 91.08472, 92.05435, 9.48966E-08, 9.48966E-08, 9.48966E-08, 1.00, 0.95856, 0.1299, 0.95856, 0.1299, 0.04687, 0.2655, -0.96297, -41.87987, -2.05656, -72.6829
184, 55, -18.27268, -14.71053, 98.24906, 99.21631, 9.47807E-08, 9.47807E-08, 9.47807E-08, 1.00, 0.92383, 0.04943, 0.92383, 0.04943, -0.23311, -0.76666, -0.59824, -48.96524, -3.63628, -72.86066
185, 62, -19.38692, -9.91019, 96.65841, 97.62618, 9.46266E-08, 9.46266E-08, 9.46266E-08, 1.00, 0.95589, 0.0481, 0.95589, 0.0481, 0.16451, 0.38442, -0.90838, -47.67973, -0.04512, -74.0045
186, 71, -17.73052, -13.22804, 91.08472, 92.05435, 9.48966E-08, 9.48966E-08, 9.48966E-08, 1.00, 0.95856, 0.1299, 0.95856, 0.1299, 0.04687, 0.2655, -0.96297, -41.87987, -2.05656, -72.6829
187, 67, -17.26986, -16.12688, 90.83798, 91.80769, NaN, NaN, NaN, 1.00, 0.92921, 0.13049, 0.92921, 0.13049, 0.36608, -0.79804, -0.47867, -41.46382, -4.14005, -72.25655
188, 55, -18.27268, -14.71053, 98.24906, 99.21631, 9.47807E-08, 9.47807E-08, 9.47807E-08, 1.00, 0.92383, 0.04943, 0.92383, 0.04943, -0.23311, -0.76666, -0.59824, -48.96524, -3.63628, -72.86066
189, 72, -15.59428, -16.10063, 90.50429, 91.47411, NaN, NaN, NaN, 1.00, 0.89315, 0.131, 0.89315, 0.131, 0.43974, -0.67872, 0.58819, -41.05316, -4.09749, -70.6516
190, 64, -13.54304, -13.18396, 97.52249, 98.48997, 1.63290E-07, 1.63290E-07, 1.63290E-07, 1.00, 0.87444, 0.04921, 0.87444, 0.04921, 0.10245, -0.29487, 0.95003, -48.09494, -2.47868, -68.31618
191, 58, -15.25928, -14.93188, 98.05703, 99.02434, NaN, NaN, NaN, 1.00, 0.89729, 0.04995, 0.89729, 0.04995, -0.26857, -0.87774, 0.39679, -48.61942, -3.78315, -69.95497
192, 72, -15.59428, -16.10063, 90.50429, 91.47411, NaN, NaN, NaN, 1.00, 0.89315, 0.131, 0.89315, 0.131, 0.43974, -0.67872, 0.58819, -41.05316, -4.09749, -70.6516
193, 73, -14.95782, -15.34991, 90.63834, 91.60812, 1.64119E-07, 1.64119E-07, 1.64119E-07, 1.00, 0.86425, 0.13012, 0.86425, 0.13012, 0.3406, -0.0513, 0.93881, -41.19485, -3.56287, -70.02734
194, 64, -13.54304, -13.18396, 97.52249, 98.48997, 1.63290E-07, 1.63290E-07, 1.63290E-07, 1.00, 0.87444, 0.04921, 0.87444, 0.04921, 0.10245, -0.29487, 0.95003, -48.09494, -2.47868, -68.31618
195, 73, -14.95782, -15.34991, 90.63834, 91.60812, 1.64119E-07, 1.64119E-07, 1.64119E-07, 1.00, 0.86425, 0.13012, 0.86425, 0.13012, 0.3406, -0.0513, 0.93881, -41.19485, -3.56287, -70.02734
196, 51, -14.38686, -9.76553, 96.25428, 97.22218, 1.59878E-07, 1.59878E-07, 1.59878E-07, 1.00, 0.84986, 0.04749, 0.84986, 0.04749, 0.35349, 0.59344, 0.7231, -47.04696, 0.08822, -69.18607
197, 64, -13.54304, -13.18396, 97.52249, 98.48997, 1.63290E-07, 1.63290E-07, 1.63290E-07, 1.00, 0.87444, 0.04921, 0.87444, 0.04921, 0.10245, -0.29487, 0.95003, -48.09494, -2.47868, -68.31618
198, 73, -14.95782, -15.34991, 90.63834, 91.60812, 1.64119E-07, 1.64119E-07, 1.64119E-07, 1.00, 0.86425, 0.13012, 0.86425, 0.13012, 0.3406, -0.0513, 0.93881, -41.19485, -3.56287, -70.02734
199, 65, -15.32191, -13.24702, 90.69783, 91.66759, 1.57679E-07, 1.57679E-07, 1.57679E-07, 1.00, 0.83237, 0.12965, 0.83237, 0.12965, 0.08911, 0.73605, 0.67104, -41.37909, -2.04303, -70.37141
200, 51, -14.38686, -9.76553, 96.25428, 97.22218, 1.59878E-07, 1.59878E-07, 1.59878E-07, 1.00, 0.84986, 0.04749, 0.84986, 0.04749, 0.35349, 0.59344, 0.7231, -47.04696, 0.08822, -69.18607
201, 74, -14.77618, 3.40573, 109.30477, 110.26833, 1.74253E-07, 1.74253E-07, 1.74253E-07, 1.00, 0.90, 0.24736, 0.90, 0.24736, 0.16132, 0.15859, 0.97408, -60.73778, 8.7134, -68.89108
202, 75, -15.71686, 9.59995, 108.49368, 109.4575, 1.74168E-07, 1.74168E-07, 1.74168E-07, 1.00, 0.99013, 0.19746, 0.99013, 0.19746, 0.12952, 0.28075, 0.951, -60.29179, 13.25974, -69.82535
203, 76, -14.49696, 5.86251, 112.29028, 113.25285, NaN, NaN, NaN, 1.00, 0.87617, 0.20965, 0.87617, 0.20965, -0.46821, -0.11088, 0.87663, -63.82378, 10.28333, -68.46866
204, 74, -14.77618, 3.40573, 109.30477, 110.26833, 1.74253E-07, 1.74253E-07, 1.74253E-07, 1.00, 0.90, 0.24736, 0.90, 0.24736, 0.16132, 0.15859, 0.97408, -60.73778, 8.7134, -68.89108
205, 77, -15.58182, 5.20178, 106.40336, 107.36789, 1.73010E-07, 1.73010E-07, 1.73010E-07, 1.00, 0.99122, 0.2465, 0.99122, 0.2465, 0.21103, 0.19643, 0.95754, -57.97829, 10.2197, -69.80803
206, 75, -15.71686, 9.59995, 108.49368, 109.4575, 1.74168E-07, 1.74168E-07, 1.74168E-07, 1.00, 0.99013, 0.19746, 0.99013, 0.19746, 0.12952, 0.28075, 0.951, -60.29179, 13.25974, -69.82535
207, 76, -14.49696, 5.86251, 112.29028, 113.25285, NaN, NaN, NaN, 1.00, 0.87617, 0.20965, 0.87617, 0.20965, -0.46821, -0.11088, 0.87663, -63.82378, 10.28333, -68.46866
208, 75, -15.71686, 9.59995, 108.49368, 109.4575, 1.74168E-07, 1.74168E-07, 1.74168E-07, 1.00, 0.99013, 0.19746, 0.99013, 0.19746, 0.12952, 0.28075, 0.951, -60.29179, 13.25974, -69.82535
209, 78, -16.1828, 11.40229, 113.55702, 114.51917, 1.71469E-07, 1.71469E-07, 1.71469E-07, 1.00, 0.89775, 0.14833, 0.89775, 0.14833, -0.28458, 0.24906, 0.92573, -65.44918, 14.20885, -70.02389
210, 78, -16.1828, 11.40229, 113.55702, 114.51917, 1.71469E-07, 1.71469E-07, 1.71469E-07, 1.00, 0.89775, 0.14833, 0.89775, 0.14833, -0.28458, 0.24906, 0.92573, -65.44918, 14.20885, -70.02389
211, 75, -15.71686, 9.59995, 108.49368, 109.4575, 1.74168E-07, 1.74168E-07, 1.74168E-07, 1.00, 0.99013, 0.19746, 0.99013, 0.19746, 0.12952, 0.28075, 0.951, -60.29179, 13.25974, -69.82535
212, 79, -16.95877, 13.7514, 110.7442, 111.70728, 1.73011E-07, 1.73011E-07, 1.73011E-07, 1.00, 0.99046, 0.14853, 0.99046, 0.14853, 0.03464, 0.38089, 0.92397, -62.80484, 16.10971, -70.9064
213, 80, -16.1828, 11.40229, 113.55702, 114.51917, NaN, NaN, NaN, 1.00, 0.78808, 0.10212, 0.78808, 0.10212, -0.5677, 0.43015, 0.70191, -65.44918, 14.20885, -70.02389
214, 81, -16.95877, 13.7514, 110.7442, 111.70728, NaN, NaN, NaN, 1.00, 0.73217, 0.10346, 0.73217, 0.10346, -0.06072, 0.77689, 0.6267, -62.80484, 16.10971, -70.9064
215, 82, -17.52663, 13.30151, 113.95322, 114.91522, NaN, NaN, NaN, 1.00, 0.78005, 0.11705, 0.78005, 0.11705, -0.53576, 0.62074, 0.5724, -66.00489, 15.55732, -71.29996
216, 82, -17.52663, 13.30151, 113.95322, 114.91522, NaN, NaN, NaN, 1.00, 0.78005, 0.11705, 0.78005, 0.11705, -0.53576, 0.62074, 0.5724, -66.00489, 15.55732, -71.29996
217, 81, -16.95877, 13.7514, 110.7442, 111.70728, NaN, NaN, NaN, 1.00, 0.73217, 0.10346, 0.73217, 0.10346, -0.06072, 0.77689, 0.6267, -62.80484, 16.10971, -70.9064
218, 83, -18.01206, 14.74602, 111.74073, 112.70348, NaN, NaN, NaN, 1.00, 0.73853, 0.11711, 0.73853, 0.11711, -0.07714, 0.90377, 0.42102, -63.89835, 16.76025, -71.87426
219, 84, -14.73051, 2.28477, 111.41042, 112.37328, NaN, NaN, NaN, 1.00, 0.867, 0.24465, 0.867, 0.24465, -0.59747, -0.28987, 0.74767, -62.77538, 7.7525, -68.74668
220, 85, -18.59969, 7.53172, 116.53156, 117.49271, NaN, NaN, NaN, 1.00, 0.80945, 0.21055, 0.80945, 0.21055, -0.84351, 0.52483, 0.11419, -68.32845, 11.19392, -72.22655
221, 86, -18.98229, 1.23809, 112.0841, 113.04673, 9.56863E-08, 9.56863E-08, 9.56863E-08, 1.00, 0.80765, 0.24557, 0.80765, 0.24557, -0.73176, -0.51167, -0.45024, -63.59486, 6.94641, -72.83019
222, 84, -14.73051, 2.28477, 111.41042, 112.37328, NaN, NaN, NaN, 1.00, 0.867, 0.24465, 0.867, 0.24465, -0.59747, -0.28987, 0.74767, -62.77538, 7.7525, -68.74668
223, 76, -14.49696, 5.86251, 112.29028, 113.25285, NaN, NaN, NaN, 1.00, 0.87617, 0.20965, 0.87617, 0.20965, -0.46821, -0.11088, 0.87663, -63.82378, 10.28333, -68.46866
224, 85, -18.59969, 7.53172, 116.53156, 117.49271, NaN, NaN, NaN, 1.00, 0.80945, 0.21055, 0.80945, 0.21055, -0.84351, 0.52483, 0.11419, -68.32845, 11.19392, -72.22655
225, 87, -15.58182, 5.20178, 106.40336, 107.36789, NaN, NaN, NaN, 1.00, 0.61898, 0.24905, 0.61898, 0.24905, 0.84074, 0.53633, 0.07422, -57.97829, 10.2197, -69.80803
226, 88, -18.63129, 0.43385, 113.83862, 114.80066, NaN, NaN, NaN, 1.00, 0.71846, 0.24832, 0.71846, 0.24832, 0.60064, -0.65242, -0.46215, -65.28445, 6.23981, -72.40675
227, 89, -20.19917, 8.3121, 107.00002, 107.96434, NaN, NaN, NaN, 1.00, 0.70424, 0.21431, 0.70424, 0.21431, 0.84991, 0.5121, 0.12416, -58.95126, 12.43176, -74.23855
228, 90, -15.71686, 9.59995, 108.49368, 109.4575, NaN, NaN, NaN, 1.00, 0.61758, 0.20001, 0.61758, 0.20001, 0.75989, 0.64055, 0.11076, -60.29179, 13.25974, -69.82535
229, 87, -15.58182, 5.20178, 106.40336, 107.36789, NaN, NaN, NaN, 1.00, 0.61898, 0.24905, 0.61898, 0.24905, 0.84074, 0.53633, 0.07422, -57.97829, 10.2197, -69.80803
230, 89, -20.19917, 8.3121, 107.00002, 107.96434, NaN, NaN, NaN, 1.00, 0.70424, 0.21431, 0.70424, 0.21431, 0.84991, 0.5121, 0.12416, -58.95126, 12.43176, -74.23855
231, 76, -14.49696, 5.86251, 112.29028, 113.25285, NaN, NaN, NaN, 1.00, 0.87617, 0.20965, 0.87617, 0.20965, -0.46821, -0.11088, 0.87663, -63.82378, 10.28333, -68.46866
232, 91, -19.28095, 10.71513, 115.41158, 116.37309, NaN, NaN, NaN, 1.00, 0.81012, 0.14623, 0.81012, 0.14623, -0.83991, -0.31123, 0.44461, -67.40835, 13.58003, -72.93252
233, 85, -18.59969, 7.53172, 116.53156, 117.49271, NaN, NaN, NaN, 1.00, 0.80945, 0.21055, 0.80945, 0.21055, -0.84351, 0.52483, 0.11419, -68.32845, 11.19392, -72.22655
234, 76, -14.49696, 5.86251, 112.29028, 113.25285, NaN, NaN, NaN, 1.00, 0.87617, 0.20965, 0.87617, 0.20965, -0.46821, -0.11088, 0.87663, -63.82378, 10.28333, -68.46866
235, 78, -16.1828, 11.40229, 113.55702, 114.51917, 1.71469E-07, 1.71469E-07, 1.71469E-07, 1.00, 0.89775, 0.14833, 0.89775, 0.14833, -0.28458, 0.24906, 0.92573, -65.44918, 14.20885, -70.02389
236, 91, -19.28095, 10.71513, 115.41158, 116.37309, NaN, NaN, NaN, 1.00, 0.81012, 0.14623, 0.81012, 0.14623, -0.83991, -0.31123, 0.44461, -67.40835, 13.58003, -72.93252
237, 92, -16.95877, 13.7514, 110.7442, 111.70728, NaN, NaN, NaN, 1.00, 0.61774, 0.14789, 0.61774, 0.14789, 0.76969, 0.59356, 0.23508, -62.80484, 16.10971, -70.9064
238, 89, -20.19917, 8.3121, 107.00002, 107.96434, NaN, NaN, NaN, 1.00, 0.70424, 0.21431, 0.70424, 0.21431, 0.84991, 0.5121, 0.12416, -58.95126, 12.43176, -74.23855
239, 93, -20.64284, 15.20828, 109.50766, 110.47115, NaN, NaN, NaN, 1.00, 0.69579, 0.14495, 0.69579, 0.14495, 0.78854, 0.49183, 0.36919, -61.82298, 17.25278, -74.52779
240, 92, -16.95877, 13.7514, 110.7442, 111.70728, NaN, NaN, NaN, 1.00, 0.61774, 0.14789, 0.61774, 0.14789, 0.76969, 0.59356, 0.23508, -62.80484, 16.10971, -70.9064
241, 90, -15.71686, 9.59995, 108.49368, 109.4575, NaN, NaN, NaN, 1.00, 0.61758, 0.20001, 0.61758, 0.20001, 0.75989, 0.64055, 0.11076, -60.29179, 13.25974, -69.82535
242, 89, -20.19917, 8.3121, 107.00002, 107.96434, NaN, NaN, NaN, 1.00, 0.70424, 0.21431, 0.70424, 0.21431, 0.84991, 0.5121, 0.12416, -58.95126, 12.43176, -74.23855
243, 82, -17.52663, 13.30151, 113.95322, 114.91522, NaN, NaN, NaN, 1.00, 0.78005, 0.11705, 0.78005, 0.11705, -0.53576, 0.62074, 0.5724, -66.00489, 15.55732, -71.29996
244, 94, -19.6462, 13.55442, 115.07096, 116.0326, NaN, NaN, NaN, 1.00, 0.7888, 0.14547, 0.7888, 0.14547, -0.68949, 0.56469, 0.45357, -67.23183, 15.66179, -73.29543
245, 95, -19.28095, 10.71513, 115.41158, 116.37309, NaN, NaN, NaN, 1.00, 0.80958, 0.14557, 0.80958, 0.14557, -0.83565, 0.1591, 0.52572, -67.40835, 13.58003, -72.93252
246, 80, -16.1828, 11.40229, 113.55702, 114.51917, NaN, NaN, NaN, 1.00, 0.78808, 0.10212, 0.78808, 0.10212, -0.5677, 0.43015, 0.70191, -65.44918, 14.20885, -70.02389
247, 82, -17.52663, 13.30151, 113.95322, 114.91522, NaN, NaN, NaN, 1.00, 0.78005, 0.11705, 0.78005, 0.11705, -0.53576, 0.62074, 0.5724, -66.00489, 15.55732, -71.29996
248, 95, -19.28095, 10.71513, 115.41158, 116.37309, NaN, NaN, NaN, 1.00, 0.80958, 0.14557, 0.80958, 0.14557, -0.83565, 0.1591, 0.52572, -67.40835, 13.58003, -72.93252
249, 82, -17.52663, 13.30151, 113.95322, 114.91522, NaN, NaN, NaN, 1.00, 0.78005, 0.11705, 0.78005, 0.11705, -0.53576, 0.62074, 0.5724, -66.00489, 15.55732, -71.29996
250, 96, -20.33704, 15.61153, 111.9371, 112.89978, NaN, NaN, NaN, 1.00, 0.72992, 0.14557, 0.72992, 0.14557, -0.25122, 0.92292, 0.29174, -64.24875, 17.37368, -74.11202
251, 94, -19.6462, 13.55442, 115.07096, 116.0326, NaN, NaN, NaN, 1.00, 0.7888, 0.14547, 0.7888, 0.14547, -0.68949, 0.56469, 0.45357, -67.23183, 15.66179, -73.29543
252, 82, -17.52663, 13.30151, 113.95322, 114.91522, NaN, NaN, NaN, 1.00, 0.78005, 0.11705, 0.78005, 0.11705, -0.53576, 0.62074, 0.5724, -66.00489, 15.55732, -71.29996
253, 83, -18.01206, 14.74602, 111.74073, 112.70348, NaN, NaN, NaN, 1.00, 0.73853, 0.11711, 0.73853, 0.11711, -0.07714, 0.90377, 0.42102, -63.89835, 16.76025, -71.87426
254, 96, -20.33704, 15.61153, 111.9371, 112.89978, NaN, NaN, NaN, 1.00, 0.72992, 0.14557, 0.72992, 0.14557, -0.25122, 0.92292, 0.29174, -64.24875, 17.37368, -74.11202
255, 83, -18.01206, 14.74602, 111.74073, 112.70348, NaN, NaN, NaN, 1.00, 0.73853, 0.11711, 0.73853, 0.11711, -0.07714, 0.90377, 0.42102, -63.89835, 16.76025, -71.87426
256, 97, -20.64284, 15.20828, 109.50766, 110.47115, NaN, NaN, NaN, 1.00, 0.69529, 0.14565, 0.69529, 0.14565, 0.16172, 0.93982, 0.30098, -61.82298, 17.25278, -74.52779
257, 96, -20.33704, 15.61153, 111.9371, 112.89978, NaN, NaN, NaN, 1.00, 0.72992, 0.14557, 0.72992, 0.14557, -0.25122, 0.92292, 0.29174, -64.24875, 17.37368, -74.11202
258, 83, -18.01206, 14.74602, 111.74073, 112.70348, NaN, NaN, NaN, 1.00, 0.73853, 0.11711, 0.73853, 0.11711, -0.07714, 0.90377, 0.42102, -63.89835, 16.76025, -71.87426
259, 81, -16.95877, 13.7514, 110.7442, 111.70728, NaN, NaN, NaN, 1.00, 0.73217, 0.10346, 0.73217, 0.10346, -0.06072, 0.77689, 0.6267, -62.80484, 16.10971, -70.9064
260, 97, -20.64284, 15.20828, 109.50766, 110.47115, NaN, NaN, NaN, 1.00, 0.69529, 0.14565, 0.69529, 0.14565, 0.16172, 0.93982, 0.30098, -61.82298, 17.25278, -74.52779
261, 98, -17.57736, 0.92915, 103.63045, 104.5959, NaN, NaN, NaN, 1.00, 0.66835, 0.29778, 0.66835, 0.29778, 0.84371, 0.53566, 0.03483, -55.09265, 7.31876, -71.88525
262, 88, -18.63129, 0.43385, 113.83862, 114.80066, NaN, NaN, NaN, 1.00, 0.71846, 0.24832, 0.71846, 0.24832, 0.60064, -0.65242, -0.46215, -65.28445, 6.23981, -72.40675
263, 87, -15.58182, 5.20178, 106.40336, 107.36789, NaN, NaN, NaN, 1.00, 0.61898, 0.24905, 0.61898, 0.24905, 0.84074, 0.53633, 0.07422, -57.97829, 10.2197, -69.80803
264, 98, -17.57736, 0.92915, 103.63045, 104.5959, NaN, NaN, NaN, 1.00, 0.66835, 0.29778, 0.66835, 0.29778, 0.84371, 0.53566, 0.03483, -55.09265, 7.31876, -71.88525
265, 99, -20.14126, -1.47676, 103.8997, 104.86506, NaN, NaN, NaN, 1.00, 0.70995, 0.31396, 0.70995, 0.31396, 0.46248, 0.07045, -0.88383, -55.3595, 5.55612, -74.35884
266, 88, -18.63129, 0.43385, 113.83862, 114.80066, NaN, NaN, NaN, 1.00, 0.71846, 0.24832, 0.71846, 0.24832, 0.60064, -0.65242, -0.46215, -65.28445, 6.23981, -72.40675
267, 99, -20.14126, -1.47676, 103.8997, 104.86506, NaN, NaN, NaN, 1.00, 0.70995, 0.31396, 0.70995, 0.31396, 0.46248, 0.07045, -0.88383, -55.3595, 5.55612, -74.35884
268, 86, -18.98229, 1.23809, 112.0841, 113.04673, 9.56863E-08, 9.56863E-08, 9.56863E-08, 1.00, 0.80765, 0.24557, 0.80765, 0.24557, -0.73176, -0.51167, -0.45024, -63.59486, 6.94641, -72.83019
269, 88, -18.63129, 0.43385, 113.83862, 114.80066, NaN, NaN, NaN, 1.00, 0.71846, 0.24832, 0.71846, 0.24832, 0.60064, -0.65242, -0.46215, -65.28445, 6.23981, -72.40675
270, 99, -20.14126, -1.47676, 103.8997, 104.86506, NaN, NaN, NaN, 1.00, 0.70995, 0.31396, 0.70995, 0.31396, 0.46248, 0.07045, -0.88383, -55.3595, 5.55612, -74.35884
271, 100, -18.76077, -4.26723, 108.65449, 109.61826, 9.54120E-08, 9.54120E-08, 9.54120E-08, 1.00, 0.79836, 0.31124, 0.79836, 0.31124, -0.23, -0.39312, -0.89026, -59.88666, 3.19843, -72.79751
272, 86, -18.98229, 1.23809, 112.0841, 113.04673, 9.56863E-08, 9.56863E-08, 9.56863E-08, 1.00, 0.80765, 0.24557, 0.80765, 0.24557, -0.73176, -0.51167, -0.45024, -63.59486, 6.94641, -72.83019
273, 101, -15.1791, -3.3744, 109.96001, 110.92336, NaN, NaN, NaN, 1.00, 0.85923, 0.2996, 0.85923, 0.2996, -0.70046, -0.55024, 0.45452, -61.06239, 3.75341, -69.26592
274, 84, -14.73051, 2.28477, 111.41042, 112.37328, NaN, NaN, NaN, 1.00, 0.867, 0.24465, 0.867, 0.24465, -0.59747, -0.28987, 0.74767, -62.77538, 7.7525, -68.74668
275, 86, -18.98229, 1.23809, 112.0841, 113.04673, 9.56863E-08, 9.56863E-08, 9.56863E-08, 1.00, 0.80765, 0.24557, 0.80765, 0.24557, -0.73176, -0.51167, -0.45024, -63.59486, 6.94641, -72.83019
276, 101, -15.1791, -3.3744, 109.96001, 110.92336, NaN, NaN, NaN, 1.00, 0.85923, 0.2996, 0.85923, 0.2996, -0.70046, -0.55024, 0.45452, -61.06239, 3.75341, -69.26592
277, 102, -13.83867, -2.95364, 107.701, 108.66509, 1.70672E-07, 1.70672E-07, 1.70672E-07, 1.00, 0.90049, 0.31033, 0.90049, 0.31033, -0.1663, -0.0999, 0.981, -58.7703, 4.21767, -68.07845
278, 84, -14.73051, 2.28477, 111.41042, 112.37328, NaN, NaN, NaN, 1.00, 0.867, 0.24465, 0.867, 0.24465, -0.59747, -0.28987, 0.74767, -62.77538, 7.7525, -68.74668
279, 77, -15.58182, 5.20178, 106.40336, 107.36789, 1.73010E-07, 1.73010E-07, 1.73010E-07, 1.00, 0.99122, 0.2465, 0.99122, 0.2465, 0.21103, 0.19643, 0.95754, -57.97829, 10.2197, -69.80803
280, 74, -14.77618, 3.40573, 109.30477, 110.26833, 1.74253E-07, 1.74253E-07, 1.74253E-07, 1.00, 0.90, 0.24736, 0.90, 0.24736, 0.16132, 0.15859, 0.97408, -60.73778, 8.7134, -68.89108
281, 103, -14.94522, -1.14319, 104.26313, 105.22837, 1.71866E-07, 1.71866E-07, 1.71866E-07, 1.00, 0.98934, 0.31183, 0.98934, 0.31183, 0.2509, 0.16779, 0.95336, -55.49157, 5.77224, -69.31276
282, 102, -13.83867, -2.95364, 107.701, 108.66509, 1.70672E-07, 1.70672E-07, 1.70672E-07, 1.00, 0.90049, 0.31033, 0.90049, 0.31033, -0.1663, -0.0999, 0.981, -58.7703, 4.21767, -68.07845
283, 103, -14.94522, -1.14319, 104.26313, 105.22837, 1.71866E-07, 1.71866E-07, 1.71866E-07, 1.00, 0.98934, 0.31183, 0.98934, 0.31183, 0.2509, 0.16779, 0.95336, -55.49157, 5.77224, -69.31276
284, 74, -14.77618, 3.40573, 109.30477, 110.26833, 1.74253E-07, 1.74253E-07, 1.74253E-07, 1.00, 0.90, 0.24736, 0.90, 0.24736, 0.16132, 0.15859, 0.97408, -60.73778, 8.7134, -68.89108
285, 98, -17.57736, 0.92915, 103.63045, 104.5959, NaN, NaN, NaN, 1.00, 0.66835, 0.29778, 0.66835, 0.29778, 0.84371, 0.53566, 0.03483, -55.09265, 7.31876, -71.88525
286, 87, -15.58182, 5.20178, 106.40336, 107.36789, NaN, NaN, NaN, 1.00, 0.61898, 0.24905, 0.61898, 0.24905, 0.84074, 0.53633, 0.07422, -57.97829, 10.2197, -69.80803
287, 104, -14.94522, -1.14319, 104.26313, 105.22837, 1.35560E-07, 1.35560E-07, 1.35560E-07, 1.00, 0.61655, 0.31439, 0.61655, 0.31439, 0.76386, 0.49385, 0.41549, -55.49157, 5.77224, -69.31276
288, 101, -15.1791, -3.3744, 109.96001, 110.92336, NaN, NaN, NaN, 1.00, 0.85923, 0.2996, 0.85923, 0.2996, -0.70046, -0.55024, 0.45452, -61.06239, 3.75341, -69.26592
289, 86, -18.98229, 1.23809, 112.0841, 113.04673, 9.56863E-08, 9.56863E-08, 9.56863E-08, 1.00, 0.80765, 0.24557, 0.80765, 0.24557, -0.73176, -0.51167, -0.45024, -63.59486, 6.94641, -72.83019
290, 105, -17.97157, -7.07056, 107.85526, 108.81929, 9.55311E-08, 9.55311E-08, 9.55311E-08, 1.00, 0.80882, 0.34002, 0.80882, 0.34002, -0.71256, -0.36885, -0.59683, -58.90961, 1.22314, -72.08007
291, 106, -14.9918, -3.65226, 103.1488, 104.11441, NaN, NaN, NaN, 1.00, 0.61687, 0.34162, 0.61687, 0.34162, 0.81503, 0.46597, 0.34436, -54.25548, 4.03243, -69.41866
292, 98, -17.57736, 0.92915, 103.63045, 104.5959, NaN, NaN, NaN, 1.00, 0.66835, 0.29778, 0.66835, 0.29778, 0.84371, 0.53566, 0.03483, -55.09265, 7.31876, -71.88525
293, 104, -14.94522, -1.14319, 104.26313, 105.22837, 1.35560E-07, 1.35560E-07, 1.35560E-07, 1.00, 0.61655, 0.31439, 0.61655, 0.31439, 0.76386, 0.49385, 0.41549, -55.49157, 5.77224, -69.31276
294, 106, -14.9918, -3.65226, 103.1488, 104.11441, NaN, NaN, NaN, 1.00, 0.61687, 0.34162, 0.61687, 0.34162, 0.81503, 0.46597, 0.34436, -54.25548, 4.03243, -69.41866
295, 107, -16.73081, -3.62107, 102.57599, 103.54179, NaN, NaN, NaN, 1.00, 0.66031, 0.3427, 0.66031, 0.3427, 0.83852, 0.5214, -0.15818, -53.76922, 4.09543, -71.1292
296, 98, -17.57736, 0.92915, 103.63045, 104.5959, NaN, NaN, NaN, 1.00, 0.66835, 0.29778, 0.66835, 0.29778, 0.84371, 0.53566, 0.03483, -55.09265, 7.31876, -71.88525
297, 105, -17.97157, -7.07056, 107.85526, 108.81929, 9.55311E-08, 9.55311E-08, 9.55311E-08, 1.00, 0.80882, 0.34002, 0.80882, 0.34002, -0.71256, -0.36885, -0.59683, -58.90961, 1.22314, -72.08007
298, 86, -18.98229, 1.23809, 112.0841, 113.04673, 9.56863E-08, 9.56863E-08, 9.56863E-08, 1.00, 0.80765, 0.24557, 0.80765, 0.24557, -0.73176, -0.51167, -0.45024, -63.59486, 6.94641, -72.83019
299, 100, -18.76077, -4.26723, 108.65449, 109.61826, 9.54120E-08, 9.54120E-08, 9.54120E-08, 1.00, 0.79836, 0.31124, 0.79836, 0.31124, -0.23, -0.39312, -0.89026, -59.88666, 3.19843, -72.79751
300, 105, -17.97157, -7.07056, 107.85526, 108.81929, 9.55311E-08, 9.55311E-08, 9.55311E-08, 1.00, 0.80882, 0.34002, 0.80882, 0.34002, -0.71256, -0.36885, -0.59683, -58.90961, 1.22314, -72.08007
301, 108, -15.34564, -6.8831, 107.84838, 108.81242, NaN, NaN, NaN, 1.00, 0.85691, 0.34094, 0.85691, 0.34094, -0.85466, -0.33138, 0.39967, -58.78754, 1.35947, -69.53921
302, 101, -15.1791, -3.3744, 109.96001, 110.92336, NaN, NaN, NaN, 1.00, 0.85923, 0.2996, 0.85923, 0.2996, -0.70046, -0.55024, 0.45452, -61.06239, 3.75341, -69.26592
303, 107, -16.73081, -3.62107, 102.57599, 103.54179, NaN, NaN, NaN, 1.00, 0.66031, 0.3427, 0.66031, 0.3427, 0.83852, 0.5214, -0.15818, -53.76922, 4.09543, -71.1292
304, 99, -20.14126, -1.47676, 103.8997, 104.86506, NaN, NaN, NaN, 1.00, 0.70995, 0.31396, 0.70995, 0.31396, 0.46248, 0.07045, -0.88383, -55.3595, 5.55612, -74.35884
305, 98, -17.57736, 0.92915, 103.63045, 104.5959, NaN, NaN, NaN, 1.00, 0.66835, 0.29778, 0.66835, 0.29778, 0.84371, 0.53566, 0.03483, -55.09265, 7.31876, -71.88525
306, 107, -16.73081, -3.62107, 102.57599, 103.54179, NaN, NaN, NaN, 1.00, 0.66031, 0.3427, 0.66031, 0.3427, 0.83852, 0.5214, -0.15818, -53.76922, 4.09543, -71.1292
307, 109, -19.27495, -4.10954, 103.11298, 104.0786, 9.51421E-08, 9.51421E-08, 9.51421E-08, 1.00, 0.70581, 0.34132, 0.70581, 0.34132, 0.31778, 0.32655, -0.89016, -54.39997, 3.70355, -73.56575
308, 99, -20.14126, -1.47676, 103.8997, 104.86506, NaN, NaN, NaN, 1.00, 0.70995, 0.31396, 0.70995, 0.31396, 0.46248, 0.07045, -0.88383, -55.3595, 5.55612, -74.35884
309, 109, -19.27495, -4.10954, 103.11298, 104.0786, 9.51421E-08, 9.51421E-08, 9.51421E-08, 1.00, 0.70581, 0.34132, 0.70581, 0.34132, 0.31778, 0.32655, -0.89016, -54.39997, 3.70355, -73.56575
310, 100, -18.76077, -4.26723, 108.65449, 109.61826, 9.54120E-08, 9.54120E-08, 9.54120E-08, 1.00, 0.79836, 0.31124, 0.79836, 0.31124, -0.23, -0.39312, -0.89026, -59.88666, 3.19843, -72.79751
311, 99, -20.14126, -1.47676, 103.8997, 104.86506, NaN, NaN, NaN, 1.00, 0.70995, 0.31396, 0.70995, 0.31396, 0.46248, 0.07045, -0.88383, -55.3595, 5.55612, -74.35884
312, 109, -19.27495, -4.10954, 103.11298, 104.0786, 9.51421E-08, 9.51421E-08, 9.51421E-08, 1.00, 0.70581, 0.34132, 0.70581, 0.34132, 0.31778, 0.32655, -0.89016, -54.39997, 3.70355, -73.56575
313, 105, -17.97157, -7.07056, 107.85526, 108.81929, 9.55311E-08, 9.55311E-08, 9.55311E-08, 1.00, 0.80882, 0.34002, 0.80882, 0.34002, -0.71256, -0.36885, -0.59683, -58.90961, 1.22314, -72.08007
314, 100, -18.76077, -4.26723, 108.65449, 109.61826, 9.54120E-08, 9.54120E-08, 9.54120E-08, 1.00, 0.79836, 0.31124, 0.79836, 0.31124, -0.23, -0.39312, -0.89026, -59.88666, 3.19843, -72.79751
315, 108, -15.34564, -6.8831, 107.84838, 108.81242, NaN, NaN, NaN, 1.00, 0.85691, 0.34094, 0.85691, 0.34094, -0.85466, -0.33138, 0.39967, -58.78754, 1.35947, -69.53921
316, 102, -13.83867, -2.95364, 107.701, 108.66509, 1.70672E-07, 1.70672E-07, 1.70672E-07, 1.00, 0.90049, 0.31033, 0.90049, 0.31033, -0.1663, -0.0999, 0.981, -58.7703, 4.21767, -68.07845
317, 101, -15.1791, -3.3744, 109.96001, 110.92336, NaN, NaN, NaN, 1.00, 0.85923, 0.2996, 0.85923, 0.2996, -0.70046, -0.55024, 0.45452, -61.06239, 3.75341, -69.26592
318, 108, -15.34564, -6.8831, 107.84838, 108.81242, NaN, NaN, NaN, 1.00, 0.85691, 0.34094, 0.85691, 0.34094, -0.85466, -0.33138, 0.39967, -58.78754, 1.35947, -69.53921
319, 110, -13.95483, -5.91003, 106.98376, 107.9481, 1.68919E-07, 1.68919E-07, 1.68919E-07, 1.00, 0.89202, 0.33907, 0.89202, 0.33907, -0.37742, 0.11064, 0.91941, -57.91011, 2.12567, -68.23337
320, 102, -13.83867, -2.95364, 107.701, 108.66509, 1.70672E-07, 1.70672E-07, 1.70672E-07, 1.00, 0.90049, 0.31033, 0.90049, 0.31033, -0.1663, -0.0999, 0.981, -58.7703, 4.21767, -68.07845
321, 110, -13.95483, -5.91003, 106.98376, 107.9481, 1.68919E-07, 1.68919E-07, 1.68919E-07, 1.00, 0.89202, 0.33907, 0.89202, 0.33907, -0.37742, 0.11064, 0.91941, -57.91011, 2.12567, -68.23337
322, 103, -14.94522, -1.14319, 104.26313, 105.22837, 1.71866E-07, 1.71866E-07, 1.71866E-07, 1.00, 0.98934, 0.31183, 0.98934, 0.31183, 0.2509, 0.16779, 0.95336, -55.49157, 5.77224, -69.31276
323, 102, -13.83867, -2.95364, 107.701, 108.66509, 1.70672E-07, 1.70672E-07, 1.70672E-07, 1.00, 0.90049, 0.31033, 0.90049, 0.31033, -0.1663, -0.0999, 0.981, -58.7703, 4.21767, -68.07845
324, 110, -13.95483, -5.91003, 106.98376, 107.9481, 1.68919E-07, 1.68919E-07, 1.68919E-07, 1.00, 0.89202, 0.33907, 0.89202, 0.33907, -0.37742, 0.11064, 0.91941, -57.91011, 2.12567, -68.23337
325, 111, -14.9918, -3.65226, 103.1488, 104.11441, 1.70929E-07, 1.70929E-07, 1.70929E-07, 1.00, 0.9901, 0.33906, 0.9901, 0.33906, 0.04548, 0.46888, 0.88209, -54.25548, 4.03243, -69.41866
326, 103, -14.94522, -1.14319, 104.26313, 105.22837, 1.71866E-07, 1.71866E-07, 1.71866E-07, 1.00, 0.98934, 0.31183, 0.98934, 0.31183, 0.2509, 0.16779, 0.95336, -55.49157, 5.77224, -69.31276
327, 112, -14.17825, -4.21765, 102.17632, 103.14225, NaN, NaN, NaN, 1.00, 0.61703, 0.36159, 0.61703, 0.36159, 0.17057, 0.93699, 0.30489, -53.21928, 3.69125, -68.68051
328, 113, -16.73081, -3.62107, 102.57599, 103.54179, NaN, NaN, NaN, 1.00, 0.66051, 0.34334, 0.66051, 0.34334, 0.52596, 0.82005, 0.22557, -53.76922, 4.09543, -71.1292
329, 114, -14.9918, -3.65226, 103.1488, 104.11441, NaN, NaN, NaN, 1.00, 0.61691, 0.34226, 0.61691, 0.34226, 0.5885, 0.78431, 0.19629, -54.25548, 4.03243, -69.41866
330, 112, -14.17825, -4.21765, 102.17632, 103.14225, NaN, NaN, NaN, 1.00, 0.61703, 0.36159, 0.61703, 0.36159, 0.17057, 0.93699, 0.30489, -53.21928, 3.69125, -68.68051
331, 115, -16.91832, -3.05167, 101.57059, 102.53673, NaN, NaN, NaN, 1.00, 0.66085, 0.3621, 0.66085, 0.3621, 0.28281, 0.91416, 0.29039, -52.80594, 4.579, -71.35839
332, 113, -16.73081, -3.62107, 102.57599, 103.54179, NaN, NaN, NaN, 1.00, 0.66051, 0.34334, 0.66051, 0.34334, 0.52596, 0.82005, 0.22557, -53.76922, 4.09543, -71.1292
333, 116, -18.53722, -11.07467, 105.79099, 106.75572, 9.50473E-08, 9.50473E-08, 9.50473E-08, 1.00, 0.80364, 0.35882, 0.80364, 0.35882, -0.51517, -0.61957, -0.59222, -56.67554, -1.53318, -72.73845
334, 108, -15.34564, -6.8831, 107.84838, 108.81242, NaN, NaN, NaN, 1.00, 0.85691, 0.34094, 0.85691, 0.34094, -0.85466, -0.33138, 0.39967, -58.78754, 1.35947, -69.53921
335, 105, -17.97157, -7.07056, 107.85526, 108.81929, 9.55311E-08, 9.55311E-08, 9.55311E-08, 1.00, 0.80882, 0.34002, 0.80882, 0.34002, -0.71256, -0.36885, -0.59683, -58.90961, 1.22314, -72.08007
336, 116, -18.53722, -11.07467, 105.79099, 106.75572, 9.50473E-08, 9.50473E-08, 9.50473E-08, 1.00, 0.80364, 0.35882, 0.80364, 0.35882, -0.51517, -0.61957, -0.59222, -56.67554, -1.53318, -72.73845
337, 117, -15.00115, -11.41266, 105.7488, 106.71355, NaN, NaN, NaN, 1.00, 0.85733, 0.35974, 0.85733, 0.35974, -0.47251, -0.80774, 0.35255, -56.44813, -1.77515, -69.32001
338, 108, -15.34564, -6.8831, 107.84838, 108.81242, NaN, NaN, NaN, 1.00, 0.85691, 0.34094, 0.85691, 0.34094, -0.85466, -0.33138, 0.39967, -58.78754, 1.35947, -69.53921
339, 118, -16.91832, -3.05167, 101.57059, 102.53673, NaN, NaN, NaN, 1.00, 0.66065, 0.36146, 0.66065, 0.36146, 0.18674, 0.91853, -0.34848, -52.80594, 4.579, -71.35839
340, 109, -19.27495, -4.10954, 103.11298, 104.0786, 9.51421E-08, 9.51421E-08, 9.51421E-08, 1.00, 0.70581, 0.34132, 0.70581, 0.34132, 0.31778, 0.32655, -0.89016, -54.39997, 3.70355, -73.56575
341, 107, -16.73081, -3.62107, 102.57599, 103.54179, NaN, NaN, NaN, 1.00, 0.66031, 0.3427, 0.66031, 0.3427, 0.83852, 0.5214, -0.15818, -53.76922, 4.09543, -71.1292
342, 118, -16.91832, -3.05167, 101.57059, 102.53673, NaN, NaN, NaN, 1.00, 0.66065, 0.36146, 0.66065, 0.36146, 0.18674, 0.91853, -0.34848, -52.80594, 4.579, -71.35839
343, 119, -20.15347, -4.53806, 102.53558, 103.5014, 9.47800E-08, 9.47800E-08, 9.47800E-08, 1.00, 0.7111, 0.3601, 0.7111, 0.3601, -0.05164, 0.539, -0.84072, -53.84472, 3.43372, -74.4451
344, 109, -19.27495, -4.10954, 103.11298, 104.0786, 9.51421E-08, 9.51421E-08, 9.51421E-08, 1.00, 0.70581, 0.34132, 0.70581, 0.34132, 0.31778, 0.32655, -0.89016, -54.39997, 3.70355, -73.56575
345, 119, -20.15347, -4.53806, 102.53558, 103.5014, 9.47800E-08, 9.47800E-08, 9.47800E-08, 1.00, 0.7111, 0.3601, 0.7111, 0.3601, -0.05164, 0.539, -0.84072, -53.84472, 3.43372, -74.4451
346, 105, -17.97157, -7.07056, 107.85526, 108.81929, 9.55311E-08, 9.55311E-08, 9.55311E-08, 1.00, 0.80882, 0.34002, 0.80882, 0.34002, -0.71256, -0.36885, -0.59683, -58.90961, 1.22314, -72.08007
347, 109, -19.27495, -4.10954, 103.11298, 104.0786, 9.51421E-08, 9.51421E-08, 9.51421E-08, 1.00, 0.70581, 0.34132, 0.70581, 0.34132, 0.31778, 0.32655, -0.89016, -54.39997, 3.70355, -73.56575
348, 119, -20.15347, -4.53806, 102.53558, 103.5014, 9.47800E-08, 9.47800E-08, 9.47800E-08, 1.00, 0.7111, 0.3601, 0.7111, 0.3601, -0.05164, 0.539, -0.84072, -53.84472, 3.43372, -74.4451
349, 116, -18.53722, -11.07467, 105.79099, 106.75572, 9.50473E-08, 9.50473E-08, 9.50473E-08, 1.00, 0.80364, 0.35882, 0.80364, 0.35882, -0.51517, -0.61957, -0.59222, -56.67554, -1.53318, -72.73845
350, 105, -17.97157, -7.07056, 107.85526, 108.81929, 9.55311E-08, 9.55311E-08, 9.55311E-08, 1.00, 0.80882, 0.34002, 0.80882, 0.34002, -0.71256, -0.36885, -0.59683, -58.90961, 1.22314, -72.08007
351, 117, -15.00115, -11.41266, 105.7488, 106.71355, NaN, NaN, NaN, 1.00, 0.85733, 0.35974, 0.85733, 0.35974, -0.47251, -0.80774, 0.35255, -56.44813, -1.77515, -69.32001
352, 110, -13.95483, -5.91003, 106.98376, 107.9481, 1.68919E-07, 1.68919E-07, 1.68919E-07, 1.00, 0.89202, 0.33907, 0.89202, 0.33907, -0.37742, 0.11064, 0.91941, -57.91011, 2.12567, -68.23337
353, 108, -15.34564, -6.8831, 107.84838, 108.81242, NaN, NaN, NaN, 1.00, 0.85691, 0.34094, 0.85691, 0.34094, -0.85466, -0.33138, 0.39967, -58.78754, 1.35947, -69.53921
354, 117, -15.00115, -11.41266, 105.7488, 106.71355, NaN, NaN, NaN, 1.00, 0.85733, 0.35974, 0.85733, 0.35974, -0.47251, -0.80774, 0.35255, -56.44813, -1.77515, -69.32001
355, 120, -12.88982, -9.32966, 104.83167, 105.79671, 1.66749E-07, 1.66749E-07, 1.66749E-07, 1.00, 0.9008, 0.35788, 0.9008, 0.35788, -0.2698, -0.17216, 0.9474, -55.54097, -0.20085, -67.31682
356, 110, -13.95483, -5.91003, 106.98376, 107.9481, 1.68919E-07, 1.68919E-07, 1.68919E-07, 1.00, 0.89202, 0.33907, 0.89202, 0.33907, -0.37742, 0.11064, 0.91941, -57.91011, 2.12567, -68.23337
357, 120, -12.88982, -9.32966, 104.83167, 105.79671, 1.66749E-07, 1.66749E-07, 1.66749E-07, 1.00, 0.9008, 0.35788, 0.9008, 0.35788, -0.2698, -0.17216, 0.9474, -55.54097, -0.20085, -67.31682
358, 111, -14.9918, -3.65226, 103.1488, 104.11441, 1.70929E-07, 1.70929E-07, 1.70929E-07, 1.00, 0.9901, 0.33906, 0.9901, 0.33906, 0.04548, 0.46888, 0.88209, -54.25548, 4.03243, -69.41866
359, 110, -13.95483, -5.91003, 106.98376, 107.9481, 1.68919E-07, 1.68919E-07, 1.68919E-07, 1.00, 0.89202, 0.33907, 0.89202, 0.33907, -0.37742, 0.11064, 0.91941, -57.91011, 2.12567, -68.23337
360, 120, -12.88982, -9.32966, 104.83167, 105.79671, 1.66749E-07, 1.66749E-07, 1.66749E-07, 1.00, 0.9008, 0.35788, 0.9008, 0.35788, -0.2698, -0.17216, 0.9474, -55.54097, -0.20085, -67.31682
361, 121, -14.17825, -4.21765, 102.17632, 103.14225, 1.73626E-07, 1.73626E-07, 1.73626E-07, 1.00, 0.98896, 0.35775, 0.98896, 0.35775, -0.04303, 0.35718, 0.93304, -53.21928, 3.69125, -68.68051
362, 111, -14.9918, -3.65226, 103.1488, 104.11441, 1.70929E-07, 1.70929E-07, 1.70929E-07, 1.00, 0.9901, 0.33906, 0.9901, 0.33906, 0.04548, 0.46888, 0.88209, -54.25548, 4.03243, -69.41866
363, 122, -13.81421, -6.4204, 98.96265, 99.92965, NaN, NaN, NaN, 1.00, 0.61681, 0.40716, 0.61681, 0.40716, 0.64159, 0.73234, 0.22812, -49.88847, 2.32152, -68.49106
364, 115, -16.91832, -3.05167, 101.57059, 102.53673, NaN, NaN, NaN, 1.00, 0.66085, 0.3621, 0.66085, 0.3621, 0.28281, 0.91416, 0.29039, -52.80594, 4.579, -71.35839
365, 112, -14.17825, -4.21765, 102.17632, 103.14225, NaN, NaN, NaN, 1.00, 0.61703, 0.36159, 0.61703, 0.36159, 0.17057, 0.93699, 0.30489, -53.21928, 3.69125, -68.68051
366, 122, -13.81421, -6.4204, 98.96265, 99.92965, NaN, NaN, NaN, 1.00, 0.61681, 0.40716, 0.61681, 0.40716, 0.64159, 0.73234, 0.22812, -49.88847, 2.32152, -68.49106
367, 123, -16.45058, -5.72611, 98.70554, 99.67262, NaN, NaN, NaN, 1.00, 0.65224, 0.40658, 0.65224, 0.40658, 0.85025, 0.50885, 0.13467, -49.79326, 2.84283, -71.05273
368, 115, -16.91832, -3.05167, 101.57059, 102.53673, NaN, NaN, NaN, 1.00, 0.66085, 0.3621, 0.66085, 0.3621, 0.28281, 0.91416, 0.29039, -52.80594, 4.579, -71.35839
369, 124, -18.3991, -12.29928, 101.7785, 102.74456, NaN, NaN, NaN, 1.00, 0.79036, 0.40813, 0.79036, 0.40813, 0.04152, -0.82836, -0.55866, -52.60993, -2.1377, -72.80421
370, 117, -15.00115, -11.41266, 105.7488, 106.71355, NaN, NaN, NaN, 1.00, 0.85733, 0.35974, 0.85733, 0.35974, -0.47251, -0.80774, 0.35255, -56.44813, -1.77515, -69.32001
371, 116, -18.53722, -11.07467, 105.79099, 106.75572, 9.50473E-08, 9.50473E-08, 9.50473E-08, 1.00, 0.80364, 0.35882, 0.80364, 0.35882, -0.51517, -0.61957, -0.59222, -56.67554, -1.53318, -72.73845
372, 124, -18.3991, -12.29928, 101.7785, 102.74456, NaN, NaN, NaN, 1.00, 0.79036, 0.40813, 0.79036, 0.40813, 0.04152, -0.82836, -0.55866, -52.60993, -2.1377, -72.80421
373, 125, -14.93646, -12.28119, 101.50714, 102.4733, NaN, NaN, NaN, 1.00, 0.87804, 0.40966, 0.87804, 0.40966, 0.01934, -0.95403, 0.29909, -52.176, -2.10544, -69.46715
374, 117, -15.00115, -11.41266, 105.7488, 106.71355, NaN, NaN, NaN, 1.00, 0.85733, 0.35974, 0.85733, 0.35974, -0.47251, -0.80774, 0.35255, -56.44813, -1.77515, -69.32001
375, 126, -16.45058, -5.72611, 98.70554, 99.67262, NaN, NaN, NaN, 1.00, 0.65203, 0.40594, 0.65203, 0.40594, 0.63427, 0.6867, -0.35518, -49.79326, 2.84283, -71.05273
376, 119, -20.15347, -4.53806, 102.53558, 103.5014, 9.47800E-08, 9.47800E-08, 9.47800E-08, 1.00, 0.7111, 0.3601, 0.7111, 0.3601, -0.05164, 0.539, -0.84072, -53.84472, 3.43372, -74.4451
377, 118, -16.91832, -3.05167, 101.57059, 102.53673, NaN, NaN, NaN, 1.00, 0.66065, 0.36146, 0.66065, 0.36146, 0.18674, 0.91853, -0.34848, -52.80594, 4.579, -71.35839
378, 126, -16.45058, -5.72611, 98.70554, 99.67262, NaN, NaN, NaN, 1.00, 0.65203, 0.40594, 0.65203, 0.40594, 0.63427, 0.6867, -0.35518, -49.79326, 2.84283, -71.05273
379, 127, -19.80164, -6.59988, 99.34946, 100.31633, NaN, NaN, NaN, 1.00, 0.70178, 0.40485, 0.70178, 0.40485, 0.53772, 0.09785, -0.83742, -50.54913, 2.16415, -74.26577
380, 119, -20.15347, -4.53806, 102.53558, 103.5014, 9.47800E-08, 9.47800E-08, 9.47800E-08, 1.00, 0.7111, 0.3601, 0.7111, 0.3601, -0.05164, 0.539, -0.84072, -53.84472, 3.43372, -74.4451
381, 127, -19.80164, -6.59988, 99.34946, 100.31633, NaN, NaN, NaN, 1.00, 0.70178, 0.40485, 0.70178, 0.40485, 0.53772, 0.09785, -0.83742, -50.54913, 2.16415, -74.26577
382, 116, -18.53722, -11.07467, 105.79099, 106.75572, 9.50473E-08, 9.50473E-08, 9.50473E-08, 1.00, 0.80364, 0.35882, 0.80364, 0.35882, -0.51517, -0.61957, -0.59222, -56.67554, -1.53318, -72.73845
383, 119, -20.15347, -4.53806, 102.53558, 103.5014, 9.47800E-08, 9.47800E-08, 9.47800E-08, 1.00, 0.7111, 0.3601, 0.7111, 0.3601, -0.05164, 0.539, -0.84072, -53.84472, 3.43372, -74.4451
384, 127, -19.80164, -6.59988, 99.34946, 100.31633, NaN, NaN, NaN, 1.00, 0.70178, 0.40485, 0.70178, 0.40485, 0.53772, 0.09785, -0.83742, -50.54913, 2.16415, -74.26577
385, 124, -18.3991, -12.29928, 101.7785, 102.74456, NaN, NaN, NaN, 1.00, 0.79036, 0.40813, 0.79036, 0.40813, 0.04152, -0.82836, -0.55866, -52.60993, -2.1377, -72.80421
386, 116, -18.53722, -11.07467, 105.79099, 106.75572, 9.50473E-08, 9.50473E-08, 9.50473E-08, 1.00, 0.80364, 0.35882, 0.80364, 0.35882, -0.51517, -0.61957, -0.59222, -56.67554, -1.53318, -72.73845
387, 125, -14.93646, -12.28119, 101.50714, 102.4733, NaN, NaN, NaN, 1.00, 0.87804, 0.40966, 0.87804, 0.40966, 0.01934, -0.95403, 0.29909, -52.176, -2.10544, -69.46715
388, 120, -12.88982, -9.32966, 104.83167, 105.79671, 1.66749E-07, 1.66749E-07, 1.66749E-07, 1.00, 0.9008, 0.35788, 0.9008, 0.35788, -0.2698, -0.17216, 0.9474, -55.54097, -0.20085, -67.31682
389, 117, -15.00115, -11.41266, 105.7488, 106.71355, NaN, NaN, NaN, 1.00, 0.85733, 0.35974, 0.85733, 0.35974, -0.47251, -0.80774, 0.35255, -56.44813, -1.77515, -69.32001
390, 125, -14.93646, -12.28119, 101.50714, 102.4733, NaN, NaN, NaN, 1.00, 0.87804, 0.40966, 0.87804, 0.40966, 0.01934, -0.95403, 0.29909, -52.176, -2.10544, -69.46715
391, 128, -12.75728, -10.48022, 100.83924, 101.80563, 1.55690E-07, 1.55690E-07, 1.55690E-07, 1.00, 0.92605, 0.40659, 0.92605, 0.40659, 0.2559, -0.42779, 0.8669, -51.49942, -0.75312, -67.38682
392, 120, -12.88982, -9.32966, 104.83167, 105.79671, 1.66749E-07, 1.66749E-07, 1.66749E-07, 1.00, 0.9008, 0.35788, 0.9008, 0.35788, -0.2698, -0.17216, 0.9474, -55.54097, -0.20085, -67.31682
393, 128, -12.75728, -10.48022, 100.83924, 101.80563, 1.55690E-07, 1.55690E-07, 1.55690E-07, 1.00, 0.92605, 0.40659, 0.92605, 0.40659, 0.2559, -0.42779, 0.8669, -51.49942, -0.75312, -67.38682
394, 121, -14.17825, -4.21765, 102.17632, 103.14225, 1.73626E-07, 1.73626E-07, 1.73626E-07, 1.00, 0.98896, 0.35775, 0.98896, 0.35775, -0.04303, 0.35718, 0.93304, -53.21928, 3.69125, -68.68051
395, 120, -12.88982, -9.32966, 104.83167, 105.79671, 1.66749E-07, 1.66749E-07, 1.66749E-07, 1.00, 0.9008, 0.35788, 0.9008, 0.35788, -0.2698, -0.17216, 0.9474, -55.54097, -0.20085, -67.31682
396, 128, -12.75728, -10.48022, 100.83924, 101.80563, 1.55690E-07, 1.55690E-07, 1.55690E-07, 1.00, 0.92605, 0.40659, 0.92605, 0.40659, 0.2559, -0.42779, 0.8669, -51.49942, -0.75312, -67.38682
397, 129, -13.81421, -6.4204, 98.96265, 99.92965, 1.59958E-07, 1.59958E-07, 1.59958E-07, 1.00, 0.98879, 0.40333, 0.98879, 0.40333, 0.5462, 0.01701, 0.83749, -49.88847, 2.32152, -68.49106
398, 121, -14.17825, -4.21765, 102.17632, 103.14225, 1.73626E-07, 1.73626E-07, 1.73626E-07, 1.00, 0.98896, 0.35775, 0.98896, 0.35775, -0.04303, 0.35718, 0.93304, -53.21928, 3.69125, -68.68051
399, 130, -14.28816, -7.57571, 98.70613, 99.67322, NaN, NaN, NaN, 1.00, 0.61683, 0.41609, 0.61683, 0.41609, 0.95432, 0.2841, 0.09254, -49.59637, 1.50233, -68.9651
400, 123, -16.45058, -5.72611, 98.70554, 99.67262, NaN, NaN, NaN, 1.00, 0.65224, 0.40658, 0.65224, 0.40658, 0.85025, 0.50885, 0.13467, -49.79326, 2.84283, -71.05273
401, 122, -13.81421, -6.4204, 98.96265, 99.92965, NaN, NaN, NaN, 1.00, 0.61681, 0.40716, 0.61681, 0.40716, 0.64159, 0.73234, 0.22812, -49.88847, 2.32152, -68.49106
402, 130, -14.28816, -7.57571, 98.70613, 99.67322, NaN, NaN, NaN, 1.00, 0.61683, 0.41609, 0.61683, 0.41609, 0.95432, 0.2841, 0.09254, -49.59637, 1.50233, -68.9651
403, 131, -16.40592, -7.02627, 98.50198, 99.46915, NaN, NaN, NaN, 1.00, 0.65123, 0.41554, 0.65123, 0.41554, 0.95497, 0.2823, 0.09133, -49.52184, 1.91492, -71.02276
404, 123, -16.45058, -5.72611, 98.70554, 99.67262, NaN, NaN, NaN, 1.00, 0.65224, 0.40658, 0.65224, 0.40658, 0.85025, 0.50885, 0.13467, -49.79326, 2.84283, -71.05273
405, 132, -18.15956, -12.33224, 100.95332, 101.91966, NaN, NaN, NaN, 1.00, 0.78671, 0.41705, 0.78671, 0.41705, 0.12619, -0.93199, -0.3398, -51.775, -2.10338, -72.6129
406, 125, -14.93646, -12.28119, 101.50714, 102.4733, NaN, NaN, NaN, 1.00, 0.87804, 0.40966, 0.87804, 0.40966, 0.01934, -0.95403, 0.29909, -52.176, -2.10544, -69.46715
407, 124, -18.3991, -12.29928, 101.7785, 102.74456, NaN, NaN, NaN, 1.00, 0.79036, 0.40813, 0.79036, 0.40813, 0.04152, -0.82836, -0.55866, -52.60993, -2.1377, -72.80421
408, 132, -18.15956, -12.33224, 100.95332, 101.91966, NaN, NaN, NaN, 1.00, 0.78671, 0.41705, 0.78671, 0.41705, 0.12619, -0.93199, -0.3398, -51.775, -2.10338, -72.6129
409, 133, -15.18635, -12.29121, 100.69041, 101.65683, NaN, NaN, NaN, 1.00, 0.88177, 0.41855, 0.88177, 0.41855, 0.18604, -0.92478, 0.33191, -51.37392, -2.0551, -69.74892
410, 125, -14.93646, -12.28119, 101.50714, 102.4733, NaN, NaN, NaN, 1.00, 0.87804, 0.40966, 0.87804, 0.40966, 0.01934, -0.95403, 0.29909, -52.176, -2.10544, -69.46715
411, 134, -16.40592, -7.02627, 98.50198, 99.46915, NaN, NaN, NaN, 1.00, 0.65102, 0.4149, 0.65102, 0.4149, 0.92523, 0.26372, -0.27276, -49.52184, 1.91492, -71.02276
412, 127, -19.80164, -6.59988, 99.34946, 100.31633, NaN, NaN, NaN, 1.00, 0.70178, 0.40485, 0.70178, 0.40485, 0.53772, 0.09785, -0.83742, -50.54913, 2.16415, -74.26577
413, 126, -16.45058, -5.72611, 98.70554, 99.67262, NaN, NaN, NaN, 1.00, 0.65203, 0.40594, 0.65203, 0.40594, 0.63427, 0.6867, -0.35518, -49.79326, 2.84283, -71.05273
414, 134, -16.40592, -7.02627, 98.50198, 99.46915, NaN, NaN, NaN, 1.00, 0.65102, 0.4149, 0.65102, 0.4149, 0.92523, 0.26372, -0.27276, -49.52184, 1.91492, -71.02276
415, 135, -19.29185, -7.75478, 99.05701, 100.02399, NaN, NaN, NaN, 1.00, 0.70282, 0.41383, 0.70282, 0.41383, 0.54456, -0.21762, -0.81, -50.17451, 1.34779, -73.78973
416, 127, -19.80164, -6.59988, 99.34946, 100.31633, NaN, NaN, NaN, 1.00, 0.70178, 0.40485, 0.70178, 0.40485, 0.53772, 0.09785, -0.83742, -50.54913, 2.16415, -74.26577
417, 135, -19.29185, -7.75478, 99.05701, 100.02399, NaN, NaN, NaN, 1.00, 0.70282, 0.41383, 0.70282, 0.41383, 0.54456, -0.21762, -0.81, -50.17451, 1.34779, -73.78973
418, 124, -18.3991, -12.29928, 101.7785, 102.74456, NaN, NaN, NaN, 1.00, 0.79036, 0.40813, 0.79036, 0.40813, 0.04152, -0.82836, -0.55866, -52.60993, -2.1377, -72.80421
419, 127, -19.80164, -6.59988, 99.34946, 100.31633, NaN, NaN, NaN, 1.00, 0.70178, 0.40485, 0.70178, 0.40485, 0.53772, 0.09785, -0.83742, -50.54913, 2.16415, -74.26577
420, 135, -19.29185, -7.75478, 99.05701, 100.02399, NaN, NaN, NaN, 1.00, 0.70282, 0.41383, 0.70282, 0.41383, 0.54456, -0.21762, -0.81, -50.17451, 1.34779, -73.78973
421, 132, -18.15956, -12.33224, 100.95332, 101.91966, NaN, NaN, NaN, 1.00, 0.78671, 0.41705, 0.78671, 0.41705, 0.12619, -0.93199, -0.3398, -51.775, -2.10338, -72.6129
422, 124, -18.3991, -12.29928, 101.7785, 102.74456, NaN, NaN, NaN, 1.00, 0.79036, 0.40813, 0.79036, 0.40813, 0.04152, -0.82836, -0.55866, -52.60993, -2.1377, -72.80421
423, 133, -15.18635, -12.29121, 100.69041, 101.65683, NaN, NaN, NaN, 1.00, 0.88177, 0.41855, 0.88177, 0.41855, 0.18604, -0.92478, 0.33191, -51.37392, -2.0551, -69.74892
424, 128, -12.75728, -10.48022, 100.83924, 101.80563, 1.55690E-07, 1.55690E-07, 1.55690E-07, 1.00, 0.92605, 0.40659, 0.92605, 0.40659, 0.2559, -0.42779, 0.8669, -51.49942, -0.75312, -67.38682
425, 125, -14.93646, -12.28119, 101.50714, 102.4733, NaN, NaN, NaN, 1.00, 0.87804, 0.40966, 0.87804, 0.40966, 0.01934, -0.95403, 0.29909, -52.176, -2.10544, -69.46715
426, 133, -15.18635, -12.29121, 100.69041, 101.65683, NaN, NaN, NaN, 1.00, 0.88177, 0.41855, 0.88177, 0.41855, 0.18604, -0.92478, 0.33191, -51.37392, -2.0551, -69.74892
427, 136, -13.43338, -10.81874, 100.19212, 101.15872, 1.40484E-07, 1.40484E-07, 1.40484E-07, 1.00, 0.9282, 0.41554, 0.9282, 0.41554, 0.61944, -0.40196, 0.67433, -50.86971, -0.95281, -68.0735
428, 128, -12.75728, -10.48022, 100.83924, 101.80563, 1.55690E-07, 1.55690E-07, 1.55690E-07, 1.00, 0.92605, 0.40659, 0.92605, 0.40659, 0.2559, -0.42779, 0.8669, -51.49942, -0.75312, -67.38682
429, 136, -13.43338, -10.81874, 100.19212, 101.15872, 1.40484E-07, 1.40484E-07, 1.40484E-07, 1.00, 0.9282, 0.41554, 0.9282, 0.41554, 0.61944, -0.40196, 0.67433, -50.86971, -0.95281, -68.0735
430, 129, -13.81421, -6.4204, 98.96265, 99.92965, 1.59958E-07, 1.59958E-07, 1.59958E-07, 1.00, 0.98879, 0.40333, 0.98879, 0.40333, 0.5462, 0.01701, 0.83749, -49.88847, 2.32152, -68.49106
431, 128, -12.75728, -10.48022, 100.83924, 101.80563, 1.55690E-07, 1.55690E-07, 1.55690E-07, 1.00, 0.92605, 0.40659, 0.92605, 0.40659, 0.2559, -0.42779, 0.8669, -51.49942, -0.75312, -67.38682
432, 136, -13.43338, -10.81874, 100.19212, 101.15872, 1.40484E-07, 1.40484E-07, 1.40484E-07, 1.00, 0.9282, 0.41554, 0.9282, 0.41554, 0.61944, -0.40196, 0.67433, -50.86971, -0.95281, -68.0735
433, 137, -14.28816, -7.57571, 98.70613, 99.67322, 1.44516E-07, 1.44516E-07, 1.44516E-07, 1.00, 0.9888, 0.41224, 0.9888, 0.41224, 0.72611, -0.13147, 0.67489, -49.59637, 1.50233, -68.9651
434, 129, -13.81421, -6.4204, 98.96265, 99.92965, 1.59958E-07, 1.59958E-07, 1.59958E-07, 1.00, 0.98879, 0.40333, 0.98879, 0.40333, 0.5462, 0.01701, 0.83749, -49.88847, 2.32152, -68.49106
435, 74, -14.77618, 3.40573, 109.30477, 110.26833, 1.74253E-07, 1.74253E-07, 1.74253E-07, 1.00, 0.90, 0.24736, 0.90, 0.24736, 0.16132, 0.15859, 0.97408, -60.73778, 8.7134, -68.89108
436, 76, -14.49696, 5.86251, 112.29028, 113.25285, NaN, NaN, NaN, 1.00, 0.87617, 0.20965, 0.87617, 0.20965, -0.46821, -0.11088, 0.87663, -63.82378, 10.28333, -68.46866
437, 84, -14.73051, 2.28477, 111.41042, 112.37328, NaN, NaN, NaN, 1.00, 0.867, 0.24465, 0.867, 0.24465, -0.59747, -0.28987, 0.74767, -62.77538, 7.7525, -68.74668
438, 84, -14.73051, 2.28477, 111.41042, 112.37328, NaN, NaN, NaN, 1.00, 0.867, 0.24465, 0.867, 0.24465, -0.59747, -0.28987, 0.74767, -62.77538, 7.7525, -68.74668
439, 102, -13.83867, -2.95364, 107.701, 108.66509, 1.70672E-07, 1.70672E-07, 1.70672E-07, 1.00, 0.90049, 0.31033, 0.90049, 0.31033, -0.1663, -0.0999, 0.981, -58.7703, 4.21767, -68.07845
440, 74, -14.77618, 3.40573, 109.30477, 110.26833, 1.74253E-07, 1.74253E-07, 1.74253E-07, 1.00, 0.90, 0.24736, 0.90, 0.24736, 0.16132, 0.15859, 0.97408, -60.73778, 8.7134, -68.89108
441, 138, -18.04906, -33.29536, 115.10064, 116.06226, 1.68217E-07, 1.68217E-07, 1.68217E-07, 1.00, 0.33113, 0.13508, 0.33113, 0.13508, 0.14779, 0.19794, 0.96901, -64.78683, -18.29385, -71.8665
442, 139, -19.81068, -36.25107, 118.93475, 119.8951, NaN, NaN, NaN, 1.00, 0.25092, 0.13517, 0.25092, 0.13517, -0.55569, -0.26796, 0.78702, -68.53792, -20.70636, -73.3908
443, 140, -16.44528, -55.93875, 109.0811, 110.04474, 1.54314E-07, 1.54314E-07, 1.54314E-07, 1.00, 0.29349, 0.44726, 0.29349, 0.44726, -0.11821, -0.29842, 0.94709, -57.55599, -34.27967, -70.66624
444, 141, -27.32479, -56.62597, 108.09995, 109.0639, 8.89781E-08, 8.89781E-08, 8.89781E-08, 1.00, 0.14472, 0.4727, 0.14472, 0.4727, -0.18763, -0.30546, -0.93353, -57.06073, -34.70852, -81.24252
445, 142, -26.72295, -34.41791, 117.97983, 118.9405, NaN, NaN, NaN, 1.00, 0.14033, 0.15646, 0.14033, 0.15646, -0.14766, -0.98617, 0.07524, -68.00926, -19.31045, -80.12093
446, 143, -28.5628, -35.37581, 114.04971, 115.01169, NaN, NaN, NaN, 1.00, 0.10614, 0.16404, 0.10614, 0.16404, 0.88161, -0.14482, -0.4492, -64.13337, -19.72749, -82.09579
447, 144, -27.53661, -54.61185, 104.25905, 105.22429, NaN, NaN, NaN, 1.00, 0.10165, 0.48498, 0.10165, 0.48498, 0.67424, 0.1544, -0.72219, -53.34849, -32.97792, -81.63033
448, 141, -27.32479, -56.62597, 108.09995, 109.0639, 8.89781E-08, 8.89781E-08, 8.89781E-08, 1.00, 0.14472, 0.4727, 0.14472, 0.4727, -0.18763, -0.30546, -0.93353, -57.06073, -34.70852, -81.24252
449, 143, -28.5628, -35.37581, 114.04971, 115.01169, NaN, NaN, NaN, 1.00, 0.10614, 0.16404, 0.10614, 0.16404, 0.88161, -0.14482, -0.4492, -64.13337, -19.72749, -82.09579
450, 144, -27.53661, -54.61185, 104.25905, 105.22429, NaN, NaN, NaN, 1.00, 0.10165, 0.48498, 0.10165, 0.48498, 0.67424, 0.1544, -0.72219, -53.34849, -32.97792, -81.63033
451, 143, -28.5628, -35.37581, 114.04971, 115.01169, NaN, NaN, NaN, 1.00, 0.10614, 0.16404, 0.10614, 0.16404, 0.88161, -0.14482, -0.4492, -64.13337, -19.72749, -82.09579
452, 145, -24.62032, -32.06414, 111.47982, 112.44266, NaN, NaN, NaN, 1.00, 0.07378, 0.15933, 0.07378, 0.15933, 0.80702, 0.53677, -0.24616, -61.55598, -17.14616, -78.39863
453, 146, -22.97677, -52.86794, 102.68315, 103.64891, NaN, NaN, NaN, 1.00, 0.05031, 0.47586, 0.05031, 0.47586, 0.85975, 0.40216, -0.31481, -51.65147, -31.60291, -77.29115
454, 144, -27.53661, -54.61185, 104.25905, 105.22429, NaN, NaN, NaN, 1.00, 0.10165, 0.48498, 0.10165, 0.48498, 0.67424, 0.1544, -0.72219, -53.34849, -32.97792, -81.63033
455, 145, -24.62032, -32.06414, 111.47982, 112.44266, NaN, NaN, NaN, 1.00, 0.07378, 0.15933, 0.07378, 0.15933, 0.80702, 0.53677, -0.24616, -61.55598, -17.14616, -78.39863
456, 147, -18.44955, -51.67762, 103.04263, 104.00829, 1.55081E-07, 1.55081E-07, 1.55081E-07, 1.00, 0.36069, 0.45539, 0.36069, 0.45539, 0.49074, 0.08685, 0.86697, -51.85526, -30.7656, -72.89023
457, 148, -20.81712, -31.11468, 111.99673, 112.95938, 1.55936E-07, 1.55936E-07, 1.55936E-07, 1.00, 0.38772, 0.14075, 0.38772, 0.14075, 0.47995, 0.43479, 0.76198, -61.93864, -16.49451, -74.69114
458, 138, -18.04906, -33.29536, 115.10064, 116.06226, 1.68217E-07, 1.68217E-07, 1.68217E-07, 1.00, 0.33113, 0.13508, 0.33113, 0.13508, 0.14779, 0.19794, 0.96901, -64.78683, -18.29385, -71.8665
459, 140, -16.44528, -55.93875, 109.0811, 110.04474, 1.54314E-07, 1.54314E-07, 1.54314E-07, 1.00, 0.29349, 0.44726, 0.29349, 0.44726, -0.11821, -0.29842, 0.94709, -57.55599, -34.27967, -70.66624
460, 147, -18.44955, -51.67762, 103.04263, 104.00829, 1.55081E-07, 1.55081E-07, 1.55081E-07, 1.00, 0.36069, 0.45539, 0.36069, 0.45539, 0.49074, 0.08685, 0.86697, -51.85526, -30.7656, -72.89023
461, 138, -18.04906, -33.29536, 115.10064, 116.06226, 1.68217E-07, 1.68217E-07, 1.68217E-07, 1.00, 0.33113, 0.13508, 0.33113, 0.13508, 0.14779, 0.19794, 0.96901, -64.78683, -18.29385, -71.8665
462, 149, -18.44955, -51.67762, 103.04263, 104.00829, NaN, NaN, NaN, 1.00, 0.00917, 0.45539, 0.00917, 0.45539, 0.82183, 0.56813, -0.04257, -51.85526, -30.7656, -72.89023
463, 145, -24.62032, -32.06414, 111.47982, 112.44266, NaN, NaN, NaN, 1.00, 0.07378, 0.15933, 0.07378, 0.15933, 0.80702, 0.53677, -0.24616, -61.55598, -17.14616, -78.39863
464, 150, -20.81712, -31.11468, 111.99673, 112.95938, NaN, NaN, NaN, 1.00, 0.03616, 0.14075, 0.03616, 0.14075, 0.8176, 0.57555, -0.01672, -61.93864, -16.49451, -74.69114
465, 149, -18.44955, -51.67762, 103.04263, 104.00829, NaN, NaN, NaN, 1.00, 0.00917, 0.45539, 0.00917, 0.45539, 0.82183, 0.56813, -0.04257, -51.85526, -30.7656, -72.89023
466, 146, -22.97677, -52.86794, 102.68315, 103.64891, NaN, NaN, NaN, 1.00, 0.05031, 0.47586, 0.05031, 0.47586, 0.85975, 0.40216, -0.31481, -51.65147, -31.60291, -77.29115
467, 145, -24.62032, -32.06414, 111.47982, 112.44266, NaN, NaN, NaN, 1.00, 0.07378, 0.15933, 0.07378, 0.15933, 0.80702, 0.53677, -0.24616, -61.55598, -17.14616, -78.39863
468, 151, -20.10351, -58.4035, 112.24683, 113.2094, NaN, NaN, NaN, 1.00, 0.24336, 0.44936, 0.24336, 0.44936, -0.60169, -0.61175, 0.51355, -60.75666, -36.28923, -74.05708
469, 139, -19.81068, -36.25107, 118.93475, 119.8951, NaN, NaN, NaN, 1.00, 0.25092, 0.13517, 0.25092, 0.13517, -0.55569, -0.26796, 0.78702, -68.53792, -20.70636, -73.3908
470, 152, -21.9411, -37.13511, 120.21297, 121.1729, NaN, NaN, NaN, 1.00, 0.21674, 0.13527, 0.21674, 0.13527, -0.78844, -0.44535, 0.42429, -69.867, -21.4372, -75.39178
471, 151, -20.10351, -58.4035, 112.24683, 113.2094, NaN, NaN, NaN, 1.00, 0.24336, 0.44936, 0.24336, 0.44936, -0.60169, -0.61175, 0.51355, -60.75666, -36.28923, -74.05708
472, 140, -16.44528, -55.93875, 109.0811, 110.04474, 1.54314E-07, 1.54314E-07, 1.54314E-07, 1.00, 0.29349, 0.44726, 0.29349, 0.44726, -0.11821, -0.29842, 0.94709, -57.55599, -34.27967, -70.66624
473, 139, -19.81068, -36.25107, 118.93475, 119.8951, NaN, NaN, NaN, 1.00, 0.25092, 0.13517, 0.25092, 0.13517, -0.55569, -0.26796, 0.78702, -68.53792, -20.70636, -73.3908
474, 141, -27.32479, -56.62597, 108.09995, 109.0639, 8.89781E-08, 8.89781E-08, 8.89781E-08, 1.00, 0.14472, 0.4727, 0.14472, 0.4727, -0.18763, -0.30546, -0.93353, -57.06073, -34.70852, -81.24252
475, 153, -24.64853, -32.3639, 122.36094, 123.32014, NaN, NaN, NaN, 1.00, 0.18641, 0.13501, 0.18641, 0.13501, -0.891, -0.00437, 0.45399, -72.37929, -18.13085, -77.89428
476, 142, -26.72295, -34.41791, 117.97983, 118.9405, NaN, NaN, NaN, 1.00, 0.14033, 0.15646, 0.14033, 0.15646, -0.14766, -0.98617, 0.07524, -68.00926, -19.31045, -80.12093
477, 141, -27.32479, -56.62597, 108.09995, 109.0639, 8.89781E-08, 8.89781E-08, 8.89781E-08, 1.00, 0.14472, 0.4727, 0.14472, 0.4727, -0.18763, -0.30546, -0.93353, -57.06073, -34.70852, -81.24252
478, 154, -24.26221, -58.99871, 113.38238, 114.34457, NaN, NaN, NaN, 1.00, 0.2056, 0.44908, 0.2056, 0.44908, -0.65603, -0.68927, -0.30745, -62.05485, -36.80069, -78.02679
479, 153, -24.64853, -32.3639, 122.36094, 123.32014, NaN, NaN, NaN, 1.00, 0.18641, 0.13501, 0.18641, 0.13501, -0.891, -0.00437, 0.45399, -72.37929, -18.13085, -77.89428
480, 154, -24.26221, -58.99871, 113.38238, 114.34457, NaN, NaN, NaN, 1.00, 0.2056, 0.44908, 0.2056, 0.44908, -0.65603, -0.68927, -0.30745, -62.05485, -36.80069, -78.02679
481, 152, -21.9411, -37.13511, 120.21297, 121.1729, NaN, NaN, NaN, 1.00, 0.21674, 0.13527, 0.21674, 0.13527, -0.78844, -0.44535, 0.42429, -69.867, -21.4372, -75.39178
482, 153, -24.64853, -32.3639, 122.36094, 123.32014, NaN, NaN, NaN, 1.00, 0.18641, 0.13501, 0.18641, 0.13501, -0.891, -0.00437, 0.45399, -72.37929, -18.13085, -77.89428
483, 154, -24.26221, -58.99871, 113.38238, 114.34457, NaN, NaN, NaN, 1.00, 0.2056, 0.44908, 0.2056, 0.44908, -0.65603, -0.68927, -0.30745, -62.05485, -36.80069, -78.02679
484, 151, -20.10351, -58.4035, 112.24683, 113.2094, NaN, NaN, NaN, 1.00, 0.24336, 0.44936, 0.24336, 0.44936, -0.60169, -0.61175, 0.51355, -60.75666, -36.28923, -74.05708
485, 152, -21.9411, -37.13511, 120.21297, 121.1729, NaN, NaN, NaN, 1.00, 0.21674, 0.13527, 0.21674, 0.13527, -0.78844, -0.44535, 0.42429, -69.867, -21.4372, -75.39178
486, 155, -25.57561, -61.14359, 103.52342, 104.48891, 8.91724E-08, 8.91724E-08, 8.91724E-08, 1.00, 0.10182, 0.55266, 0.10182, 0.55266, 0.31392, -0.53283, -0.78584, -52.1882, -37.6598, -79.78537
487, 141, -27.32479, -56.62597, 108.09995, 109.0639, 8.89781E-08, 8.89781E-08, 8.89781E-08, 1.00, 0.14472, 0.4727, 0.14472, 0.4727, -0.18763, -0.30546, -0.93353, -57.06073, -34.70852, -81.24252
488, 144, -27.53661, -54.61185, 104.25905, 105.22429, NaN, NaN, NaN, 1.00, 0.10165, 0.48498, 0.10165, 0.48498, 0.67424, 0.1544, -0.72219, -53.34849, -32.97792, -81.63033
489, 155, -25.57561, -61.14359, 103.52342, 104.48891, 8.91724E-08, 8.91724E-08, 8.91724E-08, 1.00, 0.10182, 0.55266, 0.10182, 0.55266, 0.31392, -0.53283, -0.78584, -52.1882, -37.6598, -79.78537
490, 156, -25.23832, -61.06128, 106.94899, 107.91334, 8.93392E-08, 8.93392E-08, 8.93392E-08, 1.00, 0.16244, 0.5428, 0.16244, 0.5428, -0.32745, -0.57704, -0.74819, -55.58816, -37.84175, -79.29121
491, 141, -27.32479, -56.62597, 108.09995, 109.0639, 8.89781E-08, 8.89781E-08, 8.89781E-08, 1.00, 0.14472, 0.4727, 0.14472, 0.4727, -0.18763, -0.30546, -0.93353, -57.06073, -34.70852, -81.24252
492, 157, -22.93928, -60.04737, 102.46561, 103.43144, NaN, NaN, NaN, 1.00, 0.05249, 0.54608, 0.05249, 0.54608, 0.90932, -0.26715, -0.31901, -51.06544, -36.79073, -77.28358
493, 144, -27.53661, -54.61185, 104.25905, 105.22429, NaN, NaN, NaN, 1.00, 0.10165, 0.48498, 0.10165, 0.48498, 0.67424, 0.1544, -0.72219, -53.34849, -32.97792, -81.63033
494, 146, -22.97677, -52.86794, 102.68315, 103.64891, NaN, NaN, NaN, 1.00, 0.05031, 0.47586, 0.05031, 0.47586, 0.85975, 0.40216, -0.31481, -51.65147, -31.60291, -77.29115
495, 157, -22.93928, -60.04737, 102.46561, 103.43144, NaN, NaN, NaN, 1.00, 0.05249, 0.54608, 0.05249, 0.54608, 0.90932, -0.26715, -0.31901, -51.06544, -36.79073, -77.28358
496, 155, -25.57561, -61.14359, 103.52342, 104.48891, 8.91724E-08, 8.91724E-08, 8.91724E-08, 1.00, 0.10182, 0.55266, 0.10182, 0.55266, 0.31392, -0.53283, -0.78584, -52.1882, -37.6598, -79.78537
497, 144, -27.53661, -54.61185, 104.25905, 105.22429, NaN, NaN, NaN, 1.00, 0.10165, 0.48498, 0.10165, 0.48498, 0.67424, 0.1544, -0.72219, -53.34849, -32.97792, -81.63033
498, 158, -18.32418, -58.51814, 105.64855, 106.61333, 1.50534E-07, 1.50534E-07, 1.50534E-07, 1.00, 0.3103, 0.52581, 0.3103, 0.52581, 0.21342, -0.31618, 0.92438, -54.09451, -35.90694, -72.65862
499, 147, -18.44955, -51.67762, 103.04263, 104.00829, 1.55081E-07, 1.55081E-07, 1.55081E-07, 1.00, 0.36069, 0.45539, 0.36069, 0.45539, 0.49074, 0.08685, 0.86697, -51.85526, -30.7656, -72.89023
500, 140, -16.44528, -55.93875, 109.0811, 110.04474, 1.54314E-07, 1.54314E-07, 1.54314E-07, 1.00, 0.29349, 0.44726, 0.29349, 0.44726, -0.11821, -0.29842, 0.94709, -57.55599, -34.27967, -70.66624
501, 158, -18.32418, -58.51814, 105.64855, 106.61333, 1.50534E-07, 1.50534E-07, 1.50534E-07, 1.00, 0.3103, 0.52581, 0.3103, 0.52581, 0.21342, -0.31618, 0.92438, -54.09451, -35.90694, -72.65862
502, 159, -20.38634, -58.5862, 102.60529, 103.57108, 1.36471E-07, 1.36471E-07, 1.36471E-07, 1.00, 0.36257, 0.53132, 0.36257, 0.53132, 0.56792, -0.332, 0.75315, -51.15803, -35.74162, -74.80295
503, 147, -18.44955, -51.67762, 103.04263, 104.00829, 1.55081E-07, 1.55081E-07, 1.55081E-07, 1.00, 0.36069, 0.45539, 0.36069, 0.45539, 0.49074, 0.08685, 0.86697, -51.85526, -30.7656, -72.89023
504, 160, -20.38634, -58.5862, 102.60529, 103.57108, NaN, NaN, NaN, 1.00, 0.0111, 0.53132, 0.0111, 0.53132, 0.96253, -0.24281, 0.12074, -51.15803, -35.74162, -74.80295
505, 161, -22.97677, -52.86794, 102.68315, 103.64891, NaN, NaN, NaN, 1.00, 0.05039, 0.47586, 0.05039, 0.47586, 0.99321, 0.10827, 0.04259, -51.65147, -31.60291, -77.29115
506, 162, -18.44955, -51.67762, 103.04263, 104.00829, NaN, NaN, NaN, 1.00, 0.00918, 0.45539, 0.00918, 0.45539, 0.99477, 0.09837, 0.02762, -51.85526, -30.7656, -72.89023
507, 160, -20.38634, -58.5862, 102.60529, 103.57108, NaN, NaN, NaN, 1.00, 0.0111, 0.53132, 0.0111, 0.53132, 0.96253, -0.24281, 0.12074, -51.15803, -35.74162, -74.80295
508, 163, -22.93928, -60.04737, 102.46561, 103.43144, NaN, NaN, NaN, 1.00, 0.05258, 0.54608, 0.05258, 0.54608, 0.96376, -0.23067, 0.13399, -51.06544, -36.79073, -77.28358
509, 161, -22.97677, -52.86794, 102.68315, 103.64891, NaN, NaN, NaN, 1.00, 0.05039, 0.47586, 0.05039, 0.47586, 0.99321, 0.10827, 0.04259, -51.65147, -31.60291, -77.29115
510, 164, -20.23087, -59.49656, 108.96898, 109.93265, NaN, NaN, NaN, 1.00, 0.25611, 0.52596, 0.25611, 0.52596, -0.56929, -0.47676, 0.66979, -57.4421, -36.85022, -74.34344
511, 140, -16.44528, -55.93875, 109.0811, 110.04474, 1.54314E-07, 1.54314E-07, 1.54314E-07, 1.00, 0.29349, 0.44726, 0.29349, 0.44726, -0.11821, -0.29842, 0.94709, -57.55599, -34.27967, -70.66624
512, 151, -20.10351, -58.4035, 112.24683, 113.2094, NaN, NaN, NaN, 1.00, 0.24336, 0.44936, 0.24336, 0.44936, -0.60169, -0.61175, 0.51355, -60.75666, -36.28923, -74.05708
513, 164, -20.23087, -59.49656, 108.96898, 109.93265, NaN, NaN, NaN, 1.00, 0.25611, 0.52596, 0.25611, 0.52596, -0.56929, -0.47676, 0.66979, -57.4421, -36.85022, -74.34344
514, 158, -18.32418, -58.51814, 105.64855, 106.61333, 1.50534E-07, 1.50534E-07, 1.50534E-07, 1.00, 0.3103, 0.52581, 0.3103, 0.52581, 0.21342, -0.31618, 0.92438, -54.09451, -35.90694, -72.65862
515, 140, -16.44528, -55.93875, 109.0811, 110.04474, 1.54314E-07, 1.54314E-07, 1.54314E-07, 1.00, 0.29349, 0.44726, 0.29349, 0.44726, -0.11821, -0.29842, 0.94709, -57.55599, -34.27967, -70.66624
516, 156, -25.23832, -61.06128, 106.94899, 107.91334, 8.93392E-08, 8.93392E-08, 8.93392E-08, 1.00, 0.16244, 0.5428, 0.16244, 0.5428, -0.32745, -0.57704, -0.74819, -55.58816, -37.84175, -79.29121
517, 154, -24.26221, -58.99871, 113.38238, 114.34457, NaN, NaN, NaN, 1.00, 0.2056, 0.44908, 0.2056, 0.44908, -0.65603, -0.68927, -0.30745, -62.05485, -36.80069, -78.02679
518, 141, -27.32479, -56.62597, 108.09995, 109.0639, 8.89781E-08, 8.89781E-08, 8.89781E-08, 1.00, 0.14472, 0.4727, 0.14472, 0.4727, -0.18763, -0.30546, -0.93353, -57.06073, -34.70852, -81.24252
519, 156, -25.23832, -61.06128, 106.94899, 107.91334, 8.93392E-08, 8.93392E-08, 8.93392E-08, 1.00, 0.16244, 0.5428, 0.16244, 0.5428, -0.32745, -0.57704, -0.74819, -55.58816, -37.84175, -79.29121
520, 165, -23.73339, -60.16559, 109.90578, 110.86913, NaN, NaN, NaN, 1.00, 0.20809, 0.52575, 0.20809, 0.52575, -0.75817, -0.65206, -0.00015, -58.50736, -37.40116, -77.68818
521, 154, -24.26221, -58.99871, 113.38238, 114.34457, NaN, NaN, NaN, 1.00, 0.2056, 0.44908, 0.2056, 0.44908, -0.65603, -0.68927, -0.30745, -62.05485, -36.80069, -78.02679
522, 165, -23.73339, -60.16559, 109.90578, 110.86913, NaN, NaN, NaN, 1.00, 0.20809, 0.52575, 0.20809, 0.52575, -0.75817, -0.65206, -0.00015, -58.50736, -37.40116, -77.68818
523, 151, -20.10351, -58.4035, 112.24683, 113.2094, NaN, NaN, NaN, 1.00, 0.24336, 0.44936, 0.24336, 0.44936, -0.60169, -0.61175, 0.51355, -60.75666, -36.28923, -74.05708
524, 154, -24.26221, -58.99871, 113.38238, 114.34457, NaN, NaN, NaN, 1.00, 0.2056, 0.44908, 0.2056, 0.44908, -0.65603, -0.68927, -0.30745, -62.05485, -36.80069, -78.02679
525, 165, -23.73339, -60.16559, 109.90578, 110.86913, NaN, NaN, NaN, 1.00, 0.20809, 0.52575, 0.20809, 0.52575, -0.75817, -0.65206, -0.00015, -58.50736, -37.40116, -77.68818
526, 164, -20.23087, -59.49656, 108.96898, 109.93265, NaN, NaN, NaN, 1.00, 0.25611, 0.52596, 0.25611, 0.52596, -0.56929, -0.47676, 0.66979, -57.4421, -36.85022, -74.34344
527, 151, -20.10351, -58.4035, 112.24683, 113.2094, NaN, NaN, NaN, 1.00, 0.24336, 0.44936, 0.24336, 0.44936, -0.60169, -0.61175, 0.51355, -60.75666, -36.28923, -74.05708
528, 166, -24.26156, -69.96248, 104.75887, 105.72394, 8.89725E-08, 8.89725E-08, 8.89725E-08, 1.00, 0.91128, 0.48716, 0.91128, 0.48716, -0.1179, -0.21208, -0.97011, -52.90469, -44.13827, -78.47569
529, 167, -25.23832, -61.06128, 106.94899, 107.91334, 8.93392E-08, 8.93392E-08, 8.93392E-08, 1.00, 0.89725, 0.42902, 0.89725, 0.42902, -0.24761, -0.14817, -0.95746, -55.58816, -37.84175, -79.29121
530, 168, -25.57561, -61.14359, 103.52342, 104.48891, 8.91724E-08, 8.91724E-08, 8.91724E-08, 1.00, 0.92246, 0.43041, 0.92246, 0.43041, -0.13193, -0.18191, -0.97443, -52.1882, -37.6598, -79.78537
531, 166, -24.26156, -69.96248, 104.75887, 105.72394, 8.89725E-08, 8.89725E-08, 8.89725E-08, 1.00, 0.91128, 0.48716, 0.91128, 0.48716, -0.1179, -0.21208, -0.97011, -52.90469, -44.13827, -78.47569
532, 169, -24.05622, -69.31111, 108.53966, 109.50347, 8.91392E-08, 8.91392E-08, 8.91392E-08, 1.00, 0.87231, 0.47948, 0.87231, 0.47948, -0.33786, -0.21531, -0.91624, -56.69385, -43.93286, -78.09039
533, 167, -25.23832, -61.06128, 106.94899, 107.91334, 8.93392E-08, 8.93392E-08, 8.93392E-08, 1.00, 0.89725, 0.42902, 0.89725, 0.42902, -0.24761, -0.14817, -0.95746, -55.58816, -37.84175, -79.29121
534, 170, -21.16031, -67.58797, 103.12169, 104.08731, NaN, NaN, NaN, 1.00, 0.96337, 0.47594, 0.96337, 0.47594, 0.99368, -0.05375, -0.09851, -51.24826, -42.30192, -75.54918
535, 171, -25.57561, -61.14359, 103.52342, 104.48891, NaN, NaN, NaN, 1.00, 0.92343, 0.43706, 0.92343, 0.43706, 0.91058, -0.16224, -0.38017, -52.1882, -37.6598, -79.78537
536, 172, -22.93928, -60.04737, 102.46561, 103.43144, NaN, NaN, NaN, 1.00, 0.95569, 0.4343, 0.95569, 0.4343, 0.98312, -0.08381, -0.16263, -51.06544, -36.79073, -77.28358
537, 170, -21.16031, -67.58797, 103.12169, 104.08731, NaN, NaN, NaN, 1.00, 0.96337, 0.47594, 0.96337, 0.47594, 0.99368, -0.05375, -0.09851, -51.24826, -42.30192, -75.54918
538, 173, -24.26156, -69.96248, 104.75887, 105.72394, NaN, NaN, NaN, 1.00, 0.92291, 0.48464, 0.92291, 0.48464, 0.89255, -0.10029, -0.43965, -52.90469, -44.13827, -78.47569
539, 171, -25.57561, -61.14359, 103.52342, 104.48891, NaN, NaN, NaN, 1.00, 0.92343, 0.43706, 0.92343, 0.43706, 0.91058, -0.16224, -0.38017, -52.1882, -37.6598, -79.78537
540, 174, -17.59972, -67.43833, 103.85538, 104.82075, 1.53814E-07, 1.53814E-07, 1.53814E-07, 1.00, 0.73448, 0.47956, 0.73448, 0.47956, 0.49553, 0.14706, 0.85605, -51.81741, -42.24521, -72.06783
541, 175, -20.38634, -58.5862, 102.60529, 103.57108, 1.50797E-07, 1.50797E-07, 1.50797E-07, 1.00, 0.71594, 0.42934, 0.71594, 0.42934, 0.55685, 0.27279, 0.78454, -51.15803, -35.74162, -74.80295
542, 176, -18.32418, -58.51814, 105.64855, 106.61333, 1.65099E-07, 1.65099E-07, 1.65099E-07, 1.00, 0.74168, 0.42874, 0.74168, 0.42874, 0.05096, 0.32689, 0.94369, -54.09451, -35.90694, -72.65862
543, 177, -16.25315, -67.75975, 106.34804, 107.31258, 1.63957E-07, 1.63957E-07, 1.63957E-07, 1.00, 0.76451, 0.47946, 0.76451, 0.47946, -0.02102, 0.09828, 0.99494, -54.21957, -42.65396, -70.6438
544, 174, -17.59972, -67.43833, 103.85538, 104.82075, 1.53814E-07, 1.53814E-07, 1.53814E-07, 1.00, 0.73448, 0.47956, 0.73448, 0.47956, 0.49553, 0.14706, 0.85605, -51.81741, -42.24521, -72.06783
545, 176, -18.32418, -58.51814, 105.64855, 106.61333, 1.65099E-07, 1.65099E-07, 1.65099E-07, 1.00, 0.74168, 0.42874, 0.74168, 0.42874, 0.05096, 0.32689, 0.94369, -54.09451, -35.90694, -72.65862
546, 170, -21.16031, -67.58797, 103.12169, 104.08731, NaN, NaN, NaN, 1.00, 0.96337, 0.47594, 0.96337, 0.47594, 0.99368, -0.05375, -0.09851, -51.24826, -42.30192, -75.54918
547, 172, -22.93928, -60.04737, 102.46561, 103.43144, NaN, NaN, NaN, 1.00, 0.95569, 0.4343, 0.95569, 0.4343, 0.98312, -0.08381, -0.16263, -51.06544, -36.79073, -77.28358
548, 178, -20.38634, -58.5862, 102.60529, 103.57108, NaN, NaN, NaN, 1.00, 0.98763, 0.43219, 0.98763, 0.43219, 0.99424, -0.02554, 0.1041, -51.15803, -35.74162, -74.80295
549, 179, -17.59972, -67.43833, 103.85538, 104.82075, NaN, NaN, NaN, 1.00, 0.99852, 0.47698, 0.99852, 0.47698, 0.98682, 0.00131, 0.16179, -51.81741, -42.24521, -72.06783
550, 170, -21.16031, -67.58797, 103.12169, 104.08731, NaN, NaN, NaN, 1.00, 0.96337, 0.47594, 0.96337, 0.47594, 0.99368, -0.05375, -0.09851, -51.24826, -42.30192, -75.54918
551, 178, -20.38634, -58.5862, 102.60529, 103.57108, NaN, NaN, NaN, 1.00, 0.98763, 0.43219, 0.98763, 0.43219, 0.99424, -0.02554, 0.1041, -51.15803, -35.74162, -74.80295
552, 180, -17.94556, -68.83449, 110.93407, 111.89708, NaN, NaN, NaN, 1.00, 0.81, 0.47876, 0.81, 0.47876, -0.79122, 0.06119, 0.60846, -58.81256, -43.75631, -72.05962
553, 176, -18.32418, -58.51814, 105.64855, 106.61333, 1.65099E-07, 1.65099E-07, 1.65099E-07, 1.00, 0.74168, 0.42874, 0.74168, 0.42874, 0.05096, 0.32689, 0.94369, -54.09451, -35.90694, -72.65862
554, 181, -20.23087, -59.49656, 108.96898, 109.93265, NaN, NaN, NaN, 1.00, 0.80834, 0.42881, 0.80834, 0.42881, -0.88207, 0.25096, 0.39873, -57.4421, -36.85022, -74.34344
555, 180, -17.94556, -68.83449, 110.93407, 111.89708, NaN, NaN, NaN, 1.00, 0.81, 0.47876, 0.81, 0.47876, -0.79122, 0.06119, 0.60846, -58.81256, -43.75631, -72.05962
556, 177, -16.25315, -67.75975, 106.34804, 107.31258, 1.63957E-07, 1.63957E-07, 1.63957E-07, 1.00, 0.76451, 0.47946, 0.76451, 0.47946, -0.02102, 0.09828, 0.99494, -54.21957, -42.65396, -70.6438
557, 176, -18.32418, -58.51814, 105.64855, 106.61333, 1.65099E-07, 1.65099E-07, 1.65099E-07, 1.00, 0.74168, 0.42874, 0.74168, 0.42874, 0.05096, 0.32689, 0.94369, -54.09451, -35.90694, -72.65862
558, 169, -24.05622, -69.31111, 108.53966, 109.50347, 8.91392E-08, 8.91392E-08, 8.91392E-08, 1.00, 0.87231, 0.47948, 0.87231, 0.47948, -0.33786, -0.21531, -0.91624, -56.69385, -43.93286, -78.09039
559, 182, -23.73339, -60.16559, 109.90578, 110.86913, 8.99440E-08, 8.99440E-08, 8.99440E-08, 1.00, 0.86247, 0.42872, 0.86247, 0.42872, -0.82193, -0.02615, -0.56898, -58.50736, -37.40116, -77.68818
560, 167, -25.23832, -61.06128, 106.94899, 107.91334, 8.93392E-08, 8.93392E-08, 8.93392E-08, 1.00, 0.89725, 0.42902, 0.89725, 0.42902, -0.24761, -0.14817, -0.95746, -55.58816, -37.84175, -79.29121
561, 169, -24.05622, -69.31111, 108.53966, 109.50347, 8.91392E-08, 8.91392E-08, 8.91392E-08, 1.00, 0.87231, 0.47948, 0.87231, 0.47948, -0.33786, -0.21531, -0.91624, -56.69385, -43.93286, -78.09039
562, 183, -22.3862, -69.61795, 110.99761, 111.96061, 8.96977E-08, 8.96977E-08, 8.96977E-08, 1.00, 0.84635, 0.47958, 0.84635, 0.47958, -0.90328, -0.12882, -0.40925, -59.04682, -44.32859, -76.35504
563, 182, -23.73339, -60.16559, 109.90578, 110.86913, 8.99440E-08, 8.99440E-08, 8.99440E-08, 1.00, 0.86247, 0.42872, 0.86247, 0.42872, -0.82193, -0.02615, -0.56898, -58.50736, -37.40116, -77.68818
564, 183, -22.3862, -69.61795, 110.99761, 111.96061, 8.96977E-08, 8.96977E-08, 8.96977E-08, 1.00, 0.84635, 0.47958, 0.84635, 0.47958, -0.90328, -0.12882, -0.40925, -59.04682, -44.32859, -76.35504
565, 181, -20.23087, -59.49656, 108.96898, 109.93265, NaN, NaN, NaN, 1.00, 0.80834, 0.42881, 0.80834, 0.42881, -0.88207, 0.25096, 0.39873, -57.4421, -36.85022, -74.34344
566, 182, -23.73339, -60.16559, 109.90578, 110.86913, 8.99440E-08, 8.99440E-08, 8.99440E-08, 1.00, 0.86247, 0.42872, 0.86247, 0.42872, -0.82193, -0.02615, -0.56898, -58.50736, -37.40116, -77.68818
567, 183, -22.3862, -69.61795, 110.99761, 111.96061, 8.96977E-08, 8.96977E-08, 8.96977E-08, 1.00, 0.84635, 0.47958, 0.84635, 0.47958, -0.90328, -0.12882, -0.40925, -59.04682, -44.32859, -76.35504
568, 180, -17.94556, -68.83449, 110.93407, 111.89708, NaN, NaN, NaN, 1.00, 0.81, 0.47876, 0.81, 0.47876, -0.79122, 0.06119, 0.60846, -58.81256, -43.75631, -72.05962
569, 181, -20.23087, -59.49656, 108.96898, 109.93265, NaN, NaN, NaN, 1.00, 0.80834, 0.42881, 0.80834, 0.42881, -0.88207, 0.25096, 0.39873, -57.4421, -36.85022, -74.34344
570, 184, -19.43343, -92.48409, 104.87788, 105.84293, 8.87615E-08, 8.87615E-08, 8.87615E-08, 1.00, 0.90361, 0.60723, 0.90361, 0.60723, -0.16147, -0.36304, -0.91768, -51.64066, -60.4688, -73.85502
571, 169, -24.05622, -69.31111, 108.53966, 109.50347, 8.91392E-08, 8.91392E-08, 8.91392E-08, 1.00, 0.87231, 0.47948, 0.87231, 0.47948, -0.33786, -0.21531, -0.91624, -56.69385, -43.93286, -78.09039
572, 166, -24.26156, -69.96248, 104.75887, 105.72394, 8.89725E-08, 8.89725E-08, 8.89725E-08, 1.00, 0.91128, 0.48716, 0.91128, 0.48716, -0.1179, -0.21208, -0.97011, -52.90469, -44.13827, -78.47569
573, 184, -19.43343, -92.48409, 104.87788, 105.84293, 8.87615E-08, 8.87615E-08, 8.87615E-08, 1.00, 0.90361, 0.60723, 0.90361, 0.60723, -0.16147, -0.36304, -0.91768, -51.64066, -60.4688, -73.85502
574, 185, -19.32143, -91.58572, 106.90212, 107.86649, 8.89006E-08, 8.89006E-08, 8.89006E-08, 1.00, 0.86396, 0.60688, 0.86396, 0.60688, -0.4222, -0.34366, -0.83884, -53.69742, -59.96048, -73.64535
575, 169, -24.05622, -69.31111, 108.53966, 109.50347, 8.91392E-08, 8.91392E-08, 8.91392E-08, 1.00, 0.87231, 0.47948, 0.87231, 0.47948, -0.33786, -0.21531, -0.91624, -56.69385, -43.93286, -78.09039
576, 186, -18.31853, -91.90115, 104.26846, 105.2337, NaN, NaN, NaN, 1.00, 0.95139, 0.60668, 0.95139, 0.60668, 0.95665, -0.18194, -0.2274, -51.01054, -60.00334, -72.80465
577, 173, -24.26156, -69.96248, 104.75887, 105.72394, NaN, NaN, NaN, 1.00, 0.92291, 0.48464, 0.92291, 0.48464, 0.89255, -0.10029, -0.43965, -52.90469, -44.13827, -78.47569
578, 170, -21.16031, -67.58797, 103.12169, 104.08731, NaN, NaN, NaN, 1.00, 0.96337, 0.47594, 0.96337, 0.47594, 0.99368, -0.05375, -0.09851, -51.24826, -42.30192, -75.54918
579, 186, -18.31853, -91.90115, 104.26846, 105.2337, NaN, NaN, NaN, 1.00, 0.95139, 0.60668, 0.95139, 0.60668, 0.95665, -0.18194, -0.2274, -51.01054, -60.00334, -72.80465
580, 187, -19.43343, -92.48409, 104.87788, 105.84293, NaN, NaN, NaN, 1.00, 0.92935, 0.60822, 0.92935, 0.60822, 0.87622, -0.22351, -0.42694, -51.64066, -60.4688, -73.85502
581, 173, -24.26156, -69.96248, 104.75887, 105.72394, NaN, NaN, NaN, 1.00, 0.92291, 0.48464, 0.92291, 0.48464, 0.89255, -0.10029, -0.43965, -52.90469, -44.13827, -78.47569
582, 188, -16.48435, -90.79956, 106.05771, 107.02235, 1.58413E-07, 1.58413E-07, 1.58413E-07, 1.00, 0.76975, 0.60446, 0.76975, 0.60446, 0.17648, 0.08274, 0.98082, -52.7618, -59.33118, -70.93966
583, 174, -17.59972, -67.43833, 103.85538, 104.82075, 1.53814E-07, 1.53814E-07, 1.53814E-07, 1.00, 0.73448, 0.47956, 0.73448, 0.47956, 0.49553, 0.14706, 0.85605, -51.81741, -42.24521, -72.06783
584, 177, -16.25315, -67.75975, 106.34804, 107.31258, 1.63957E-07, 1.63957E-07, 1.63957E-07, 1.00, 0.76451, 0.47946, 0.76451, 0.47946, -0.02102, 0.09828, 0.99494, -54.21957, -42.65396, -70.6438
585, 188, -16.48435, -90.79956, 106.05771, 107.02235, 1.58413E-07, 1.58413E-07, 1.58413E-07, 1.00, 0.76975, 0.60446, 0.76975, 0.60446, 0.17648, 0.08274, 0.98082, -52.7618, -59.33118, -70.93966
586, 189, -17.17645, -90.9707, 104.47163, 105.4368, 1.51736E-07, 1.51736E-07, 1.51736E-07, 1.00, 0.74022, 0.60392, 0.74022, 0.60392, 0.43227, 0.06991, 0.89903, -51.20625, -59.34334, -71.68733
587, 174, -17.59972, -67.43833, 103.85538, 104.82075, 1.53814E-07, 1.53814E-07, 1.53814E-07, 1.00, 0.73448, 0.47956, 0.73448, 0.47956, 0.49553, 0.14706, 0.85605, -51.81741, -42.24521, -72.06783
588, 190, -17.17645, -90.9707, 104.47163, 105.4368, NaN, NaN, NaN, 1.00, 0.97059, 0.60313, 0.97059, 0.60313, 0.97775, -0.07427, 0.19617, -51.20625, -59.34334, -71.68733
589, 170, -21.16031, -67.58797, 103.12169, 104.08731, NaN, NaN, NaN, 1.00, 0.96337, 0.47594, 0.96337, 0.47594, 0.99368, -0.05375, -0.09851, -51.24826, -42.30192, -75.54918
590, 179, -17.59972, -67.43833, 103.85538, 104.82075, NaN, NaN, NaN, 1.00, 0.99852, 0.47698, 0.99852, 0.47698, 0.98682, 0.00131, 0.16179, -51.81741, -42.24521, -72.06783
591, 190, -17.17645, -90.9707, 104.47163, 105.4368, NaN, NaN, NaN, 1.00, 0.97059, 0.60313, 0.97059, 0.60313, 0.97775, -0.07427, 0.19617, -51.20625, -59.34334, -71.68733
592, 186, -18.31853, -91.90115, 104.26846, 105.2337, NaN, NaN, NaN, 1.00, 0.95139, 0.60668, 0.95139, 0.60668, 0.95665, -0.18194, -0.2274, -51.01054, -60.00334, -72.80465
593, 170, -21.16031, -67.58797, 103.12169, 104.08731, NaN, NaN, NaN, 1.00, 0.96337, 0.47594, 0.96337, 0.47594, 0.99368, -0.05375, -0.09851, -51.24826, -42.30192, -75.54918
594, 191, -17.5024, -91.02618, 107.85373, 108.81776, NaN, NaN, NaN, 1.00, 0.80086, 0.60553, 0.80086, 0.60553, -0.6186, 0.03824, 0.78477, -54.58737, -59.62209, -71.83736
595, 177, -16.25315, -67.75975, 106.34804, 107.31258, 1.63957E-07, 1.63957E-07, 1.63957E-07, 1.00, 0.76451, 0.47946, 0.76451, 0.47946, -0.02102, 0.09828, 0.99494, -54.21957, -42.65396, -70.6438
596, 180, -17.94556, -68.83449, 110.93407, 111.89708, NaN, NaN, NaN, 1.00, 0.81, 0.47876, 0.81, 0.47876, -0.79122, 0.06119, 0.60846, -58.81256, -43.75631, -72.05962
597, 191, -17.5024, -91.02618, 107.85373, 108.81776, NaN, NaN, NaN, 1.00, 0.80086, 0.60553, 0.80086, 0.60553, -0.6186, 0.03824, 0.78477, -54.58737, -59.62209, -71.83736
598, 188, -16.48435, -90.79956, 106.05771, 107.02235, 1.58413E-07, 1.58413E-07, 1.58413E-07, 1.00, 0.76975, 0.60446, 0.76975, 0.60446, 0.17648, 0.08274, 0.98082, -52.7618, -59.33118, -70.93966
599, 177, -16.25315, -67.75975, 106.34804, 107.31258, 1.63957E-07, 1.63957E-07, 1.63957E-07, 1.00, 0.76451, 0.47946, 0.76451, 0.47946, -0.02102, 0.09828, 0.99494, -54.21957, -42.65396, -70.6438
600, 185, -19.32143, -91.58572, 106.90212, 107.86649, 8.89006E-08, 8.89006E-08, 8.89006E-08, 1.00, 0.86396, 0.60688, 0.86396, 0.60688, -0.4222, -0.34366, -0.83884, -53.69742, -59.96048, -73.64535
601, 183, -22.3862, -69.61795, 110.99761, 111.96061, 8.96977E-08, 8.96977E-08, 8.96977E-08, 1.00, 0.84635, 0.47958, 0.84635, 0.47958, -0.90328, -0.12882, -0.40925, -59.04682, -44.32859, -76.35504
602, 169, -24.05622, -69.31111, 108.53966, 109.50347, 8.91392E-08, 8.91392E-08, 8.91392E-08, 1.00, 0.87231, 0.47948, 0.87231, 0.47948, -0.33786, -0.21531, -0.91624, -56.69385, -43.93286, -78.09039
603, 185, -19.32143, -91.58572, 106.90212, 107.86649, 8.89006E-08, 8.89006E-08, 8.89006E-08, 1.00, 0.86396, 0.60688, 0.86396, 0.60688, -0.4222, -0.34366, -0.83884, -53.69742, -59.96048, -73.64535
604, 192, -18.62646, -91.32765, 108.14943, 109.11337, NaN, NaN, NaN, 1.00, 0.8338, 0.60579, 0.8338, 0.60579, -0.96735, -0.19647, -0.16012, -54.91988, -59.86143, -72.91125
605, 183, -22.3862, -69.61795, 110.99761, 111.96061, 8.96977E-08, 8.96977E-08, 8.96977E-08, 1.00, 0.84635, 0.47958, 0.84635, 0.47958, -0.90328, -0.12882, -0.40925, -59.04682, -44.32859, -76.35504
606, 192, -18.62646, -91.32765, 108.14943, 109.11337, NaN, NaN, NaN, 1.00, 0.8338, 0.60579, 0.8338, 0.60579, -0.96735, -0.19647, -0.16012, -54.91988, -59.86143, -72.91125
607, 180, -17.94556, -68.83449, 110.93407, 111.89708, NaN, NaN, NaN, 1.00, 0.81, 0.47876, 0.81, 0.47876, -0.79122, 0.06119, 0.60846, -58.81256, -43.75631, -72.05962
608, 183, -22.3862, -69.61795, 110.99761, 111.96061, 8.96977E-08, 8.96977E-08, 8.96977E-08, 1.00, 0.84635, 0.47958, 0.84635, 0.47958, -0.90328, -0.12882, -0.40925, -59.04682, -44.32859, -76.35504
609, 192, -18.62646, -91.32765, 108.14943, 109.11337, NaN, NaN, NaN, 1.00, 0.8338, 0.60579, 0.8338, 0.60579, -0.96735, -0.19647, -0.16012, -54.91988, -59.86143, -72.91125
610, 191, -17.5024, -91.02618, 107.85373, 108.81776, NaN, NaN, NaN, 1.00, 0.80086, 0.60553, 0.80086, 0.60553, -0.6186, 0.03824, 0.78477, -54.58737, -59.62209, -71.83736
611, 180, -17.94556, -68.83449, 110.93407, 111.89708, NaN, NaN, NaN, 1.00, 0.81, 0.47876, 0.81, 0.47876, -0.79122, 0.06119, 0.60846, -58.81256, -43.75631, -72.05962
612, 193, -21.24012, -99.41756, 98.2579, 99.22514, NaN, NaN, NaN, 1.00, 0.47813, 0.44864, 0.47813, 0.44864, 0.0759, -0.97597, 0.20426, -44.77821, -65.02679, -75.94445
613, 194, -21.06065, -99.46043, 96.27268, 97.24059, NaN, NaN, NaN, 1.00, 0.46676, 0.42347, 0.46676, 0.42347, 0.045, -0.97411, 0.22156, -42.79026, -64.91785, -75.86804
614, 195, -17.19748, -98.28547, 96.19284, 97.16077, NaN, NaN, NaN, 1.00, 0.40971, 0.43767, 0.40971, 0.43767, 0.06818, -0.97562, 0.20861, -42.58728, -64.06068, -72.13116
615, 193, -21.24012, -99.41756, 98.2579, 99.22514, NaN, NaN, NaN, 1.00, 0.47813, 0.44864, 0.47813, 0.44864, 0.0759, -0.97597, 0.20426, -44.77821, -65.02679, -75.94445
616, 195, -17.19748, -98.28547, 96.19284, 97.16077, NaN, NaN, NaN, 1.00, 0.40971, 0.43767, 0.40971, 0.43767, 0.06818, -0.97562, 0.20861, -42.58728, -64.06068, -72.13116
617, 196, -16.17397, -98.01734, 96.7275, 97.69525, NaN, NaN, NaN, 1.00, 0.3972, 0.44864, 0.3972, 0.44864, 0.09132, -0.97644, 0.19551, -43.08486, -63.90407, -71.11402
618, 193, -21.24012, -99.41756, 98.2579, 99.22514, NaN, NaN, NaN, 1.00, 0.47813, 0.44864, 0.47813, 0.44864, 0.0759, -0.97597, 0.20426, -44.77821, -65.02679, -75.94445
619, 196, -16.17397, -98.01734, 96.7275, 97.69525, NaN, NaN, NaN, 1.00, 0.3972, 0.44864, 0.3972, 0.44864, 0.09132, -0.97644, 0.19551, -43.08486, -63.90407, -71.11402
620, 197, -20.67424, -99.29907, 100.25575, 101.22233, NaN, NaN, NaN, 1.00, 0.47895, 0.49995, 0.47895, 0.49995, 0.09164, -0.97642, 0.19546, -46.7472, -65.08183, -75.29887
621, 196, -16.17397, -98.01734, 96.7275, 97.69525, NaN, NaN, NaN, 1.00, 0.3972, 0.44864, 0.3972, 0.44864, 0.09132, -0.97644, 0.19551, -43.08486, -63.90407, -71.11402
622, 198, -15.26475, -97.82188, 99.64632, 100.61309, NaN, NaN, NaN, 1.00, 0.3972, 0.51328, 0.3972, 0.51328, 0.09199, -0.97641, 0.19534, -45.95871, -63.96827, -70.091
623, 197, -20.67424, -99.29907, 100.25575, 101.22233, NaN, NaN, NaN, 1.00, 0.47895, 0.49995, 0.47895, 0.49995, 0.09164, -0.97642, 0.19546, -46.7472, -65.08183, -75.29887
624, 198, -15.26475, -97.82188, 99.64632, 100.61309, NaN, NaN, NaN, 1.00, 0.3972, 0.51328, 0.3972, 0.51328, 0.09199, -0.97641, 0.19534, -45.95871, -63.96827, -70.091
625, 199, -18.03923, -98.73254, 108.07381, 109.03778, NaN, NaN, NaN, 1.00, 0.47606, 0.58889, 0.47606, 0.58889, 0.09199, -0.97641, 0.19534, -54.43753, -65.22266, -72.36539
626, 197, -20.67424, -99.29907, 100.25575, 101.22233, NaN, NaN, NaN, 1.00, 0.47895, 0.49995, 0.47895, 0.49995, 0.09164, -0.97642, 0.19546, -46.7472, -65.08183, -75.29887
627, 199, -18.03923, -98.73254, 108.07381, 109.03778, NaN, NaN, NaN, 1.00, 0.47606, 0.58889, 0.47606, 0.58889, 0.09199, -0.97641, 0.19534, -54.43753, -65.22266, -72.36539
628, 198, -15.26475, -97.82188, 99.64632, 100.61309, NaN, NaN, NaN, 1.00, 0.3972, 0.51328, 0.3972, 0.51328, 0.09199, -0.97641, 0.19534, -45.95871, -63.96827, -70.091
629, 200, -14.06888, -97.63519, 106.87444, 107.83881, NaN, NaN, NaN, 1.00, 0.41264, 0.58889, 0.41264, 0.58889, 0.09166, -0.97643, 0.19539, -53.11045, -64.34278, -68.57978
630, 200, -14.06888, -97.63519, 106.87444, 107.83881, NaN, NaN, NaN, 1.00, 0.41264, 0.58889, 0.41264, 0.58889, 0.09166, -0.97643, 0.19539, -53.11045, -64.34278, -68.57978
631, 201, -16.50247, -98.32912, 108.82847, 109.79218, NaN, NaN, NaN, 1.00, 0.45706, 0.60475, 0.45706, 0.60475, 0.09132, -0.97644, 0.19551, -55.13676, -64.98351, -70.84055
632, 199, -18.03923, -98.73254, 108.07381, 109.03778, NaN, NaN, NaN, 1.00, 0.47606, 0.58889, 0.47606, 0.58889, 0.09199, -0.97641, 0.19534, -54.43753, -65.22266, -72.36539
633, 200, -14.06888, -97.63519, 106.87444, 107.83881, NaN, NaN, NaN, 1.00, 0.41264, 0.58889, 0.41264, 0.58889, 0.09166, -0.97643, 0.19539, -53.11045, -64.34278, -68.57978
634, 202, -14.63239, -97.81225, 108.26355, 109.22746, NaN, NaN, NaN, 1.00, 0.42718, 0.60475, 0.42718, 0.60475, 0.09132, -0.97644, 0.19551, -54.51169, -64.56907, -69.05749
635, 201, -16.50247, -98.32912, 108.82847, 109.79218, NaN, NaN, NaN, 1.00, 0.45706, 0.60475, 0.45706, 0.60475, 0.09132, -0.97644, 0.19551, -55.13676, -64.98351, -70.84055
636, 203, -19.96887, -94.26926, 103.66139, 104.62683, 8.84210E-08, 8.84210E-08, 8.84210E-08, 1.00, 0.613, 0.50877, 0.613, 0.50877, -0.17366, 0.06641, -0.98256, -50.36312, -61.67676, -74.4371
637, 204, -19.32143, -91.58572, 106.90212, 107.86649, 8.89006E-08, 8.89006E-08, 8.89006E-08, 1.00, 0.66336, 0.47671, 0.66336, 0.47671, -0.21398, 0.24418, -0.94583, -53.69742, -59.96048, -73.64535
638, 205, -19.43343, -92.48409, 104.87788, 105.84293, NaN, NaN, NaN, 1.00, 0.63352, 0.488, 0.63352, 0.488, 0.02037, 0.45127, -0.89215, -51.64066, -60.4688, -73.85502
639, 203, -19.96887, -94.26926, 103.66139, 104.62683, 8.84210E-08, 8.84210E-08, 8.84210E-08, 1.00, 0.613, 0.50877, 0.613, 0.50877, -0.17366, 0.06641, -0.98256, -50.36312, -61.67676, -74.4371
640, 206, -19.6292, -93.34572, 106.55221, 107.51669, 8.86489E-08, 8.86489E-08, 8.86489E-08, 1.00, 0.65619, 0.49774, 0.65619, 0.49774, -0.38525, -0.05543, -0.92114, -53.27343, -61.21133, -73.96469
641, 204, -19.32143, -91.58572, 106.90212, 107.86649, 8.89006E-08, 8.89006E-08, 8.89006E-08, 1.00, 0.66336, 0.47671, 0.66336, 0.47671, -0.21398, 0.24418, -0.94583, -53.69742, -59.96048, -73.64535
642, 207, -18.3662, -93.55039, 102.78703, 103.75276, NaN, NaN, NaN, 1.00, 0.60121, 0.46273, 0.60121, 0.46273, 0.33131, 0.84125, -0.42723, -49.4529, -61.09411, -72.9274
643, 208, -19.43343, -92.48409, 104.87788, 105.84293, NaN, NaN, NaN, 1.00, 0.6264, 0.43644, 0.6264, 0.43644, 0.43728, 0.70654, -0.5564, -51.64066, -60.4688, -73.85502
644, 209, -18.31853, -91.90115, 104.26846, 105.2337, NaN, NaN, NaN, 1.00, 0.62276, 0.45986, 0.62276, 0.45986, 0.52833, 0.75075, -0.39654, -51.01054, -60.00334, -72.80465
645, 207, -18.3662, -93.55039, 102.78703, 103.75276, NaN, NaN, NaN, 1.00, 0.60121, 0.46273, 0.60121, 0.46273, 0.33131, 0.84125, -0.42723, -49.4529, -61.09411, -72.9274
646, 210, -19.96887, -94.26926, 103.66139, 104.62683, NaN, NaN, NaN, 1.00, 0.60648, 0.4294, 0.60648, 0.4294, 0.28332, 0.82445, -0.48991, -50.36312, -61.67676, -74.4371
647, 208, -19.43343, -92.48409, 104.87788, 105.84293, NaN, NaN, NaN, 1.00, 0.6264, 0.43644, 0.6264, 0.43644, 0.43728, 0.70654, -0.5564, -51.64066, -60.4688, -73.85502
648, 211, -15.709, -92.26028, 105.38632, 106.35119, 1.58972E-07, 1.58972E-07, 1.58972E-07, 1.00, 0.65226, 0.50274, 0.65226, 0.50274, 0.00418, 0.58087, 0.81398, -51.98148, -60.34245, -70.22598
649, 212, -17.17645, -90.9707, 104.47163, 105.4368, 1.48990E-07, 1.48990E-07, 1.48990E-07, 1.00, 0.63415, 0.48306, 0.63415, 0.48306, 0.31203, 0.69849, 0.64401, -51.20625, -59.34334, -71.68733
650, 213, -16.48435, -90.79956, 106.05771, 107.02235, 1.59360E-07, 1.59360E-07, 1.59360E-07, 1.00, 0.65918, 0.48292, 0.65918, 0.48292, -0.21413, 0.46312, 0.86004, -52.7618, -59.33118, -70.93966
651, 211, -15.709, -92.26028, 105.38632, 106.35119, 1.58972E-07, 1.58972E-07, 1.58972E-07, 1.00, 0.65226, 0.50274, 0.65226, 0.50274, 0.00418, 0.58087, 0.81398, -51.98148, -60.34245, -70.22598
652, 214, -16.69936, -92.49982, 103.08743, 104.05306, 1.49554E-07, 1.49554E-07, 1.49554E-07, 1.00, 0.61603, 0.50288, 0.61603, 0.50288, 0.31237, 0.68702, 0.65607, -49.72665, -60.35392, -71.29729
653, 212, -17.17645, -90.9707, 104.47163, 105.4368, 1.48990E-07, 1.48990E-07, 1.48990E-07, 1.00, 0.63415, 0.48306, 0.63415, 0.48306, 0.31203, 0.69849, 0.64401, -51.20625, -59.34334, -71.68733
654, 215, -16.69936, -92.49982, 103.08743, 104.05306, NaN, NaN, NaN, 1.00, 0.61265, 0.49168, 0.61265, 0.49168, 0.45325, 0.82701, -0.33258, -49.72665, -60.35392, -71.29729
655, 209, -18.31853, -91.90115, 104.26846, 105.2337, NaN, NaN, NaN, 1.00, 0.62276, 0.45986, 0.62276, 0.45986, 0.52833, 0.75075, -0.39654, -51.01054, -60.00334, -72.80465
656, 216, -17.17645, -90.9707, 104.47163, 105.4368, NaN, NaN, NaN, 1.00, 0.63066, 0.48026, 0.63066, 0.48026, 0.58997, 0.73607, -0.33188, -51.20625, -59.34334, -71.68733
657, 215, -16.69936, -92.49982, 103.08743, 104.05306, NaN, NaN, NaN, 1.00, 0.61265, 0.49168, 0.61265, 0.49168, 0.45325, 0.82701, -0.33258, -49.72665, -60.35392, -71.29729
658, 207, -18.3662, -93.55039, 102.78703, 103.75276, NaN, NaN, NaN, 1.00, 0.60121, 0.46273, 0.60121, 0.46273, 0.33131, 0.84125, -0.42723, -49.4529, -61.09411, -72.9274
659, 209, -18.31853, -91.90115, 104.26846, 105.2337, NaN, NaN, NaN, 1.00, 0.62276, 0.45986, 0.62276, 0.45986, 0.52833, 0.75075, -0.39654, -51.01054, -60.00334, -72.80465
660, 217, -17.08314, -92.59752, 107.95679, 108.9208, NaN, NaN, NaN, 1.00, 0.68234, 0.5018, 0.68234, 0.5018, -0.44367, 0.39091, 0.80644, -54.58965, -60.76815, -71.43062
661, 213, -16.48435, -90.79956, 106.05771, 107.02235, 1.59360E-07, 1.59360E-07, 1.59360E-07, 1.00, 0.65918, 0.48292, 0.65918, 0.48292, -0.21413, 0.46312, 0.86004, -52.7618, -59.33118, -70.93966
662, 218, -17.5024, -91.02618, 107.85373, 108.81776, NaN, NaN, NaN, 1.00, 0.67997, 0.48197, 0.67997, 0.48197, -0.45847, 0.29757, 0.83741, -54.58737, -59.62209, -71.83736
663, 217, -17.08314, -92.59752, 107.95679, 108.9208, NaN, NaN, NaN, 1.00, 0.68234, 0.5018, 0.68234, 0.5018, -0.44367, 0.39091, 0.80644, -54.58965, -60.76815, -71.43062
664, 211, -15.709, -92.26028, 105.38632, 106.35119, 1.58972E-07, 1.58972E-07, 1.58972E-07, 1.00, 0.65226, 0.50274, 0.65226, 0.50274, 0.00418, 0.58087, 0.81398, -51.98148, -60.34245, -70.22598
665, 213, -16.48435, -90.79956, 106.05771, 107.02235, 1.59360E-07, 1.59360E-07, 1.59360E-07, 1.00, 0.65918, 0.48292, 0.65918, 0.48292, -0.21413, 0.46312, 0.86004, -52.7618, -59.33118, -70.93966
666, 206, -19.6292, -93.34572, 106.55221, 107.51669, 8.86489E-08, 8.86489E-08, 8.86489E-08, 1.00, 0.65619, 0.49774, 0.65619, 0.49774, -0.38525, -0.05543, -0.92114, -53.27343, -61.21133, -73.96469
667, 219, -18.62646, -91.32765, 108.14943, 109.11337, 8.91647E-08, 8.91647E-08, 8.91647E-08, 1.00, 0.68422, 0.47557, 0.68422, 0.47557, -0.50852, 0.05002, -0.85959, -54.91988, -59.86143, -72.91125
668, 204, -19.32143, -91.58572, 106.90212, 107.86649, 8.89006E-08, 8.89006E-08, 8.89006E-08, 1.00, 0.66336, 0.47671, 0.66336, 0.47671, -0.21398, 0.24418, -0.94583, -53.69742, -59.96048, -73.64535
669, 206, -19.6292, -93.34572, 106.55221, 107.51669, 8.86489E-08, 8.86489E-08, 8.86489E-08, 1.00, 0.65619, 0.49774, 0.65619, 0.49774, -0.38525, -0.05543, -0.92114, -53.27343, -61.21133, -73.96469
670, 220, -18.63652, -93.01736, 108.36273, 109.32661, 8.90219E-08, 8.90219E-08, 8.90219E-08, 1.00, 0.68637, 0.49661, 0.68637, 0.49661, -0.5112, -0.07906, -0.85582, -55.0463, -61.10106, -72.91479
671, 219, -18.62646, -91.32765, 108.14943, 109.11337, 8.91647E-08, 8.91647E-08, 8.91647E-08, 1.00, 0.68422, 0.47557, 0.68422, 0.47557, -0.50852, 0.05002, -0.85959, -54.91988, -59.86143, -72.91125
672, 221, -18.63652, -93.01736, 108.36273, 109.32661, NaN, NaN, NaN, 1.00, 0.70022, 0.49868, 0.70022, 0.49868, -0.99414, 0.05244, 0.09449, -55.0463, -61.10106, -72.91479
673, 222, -17.5024, -91.02618, 107.85373, 108.81776, NaN, NaN, NaN, 1.00, 0.72368, 0.47984, 0.72368, 0.47984, -0.95688, 0.09764, 0.27359, -54.58737, -59.62209, -71.83736
674, 223, -18.62646, -91.32765, 108.14943, 109.11337, NaN, NaN, NaN, 1.00, 0.70521, 0.47975, 0.70521, 0.47975, -0.95664, 0.09675, 0.27473, -54.91988, -59.86143, -72.91125
675, 221, -18.63652, -93.01736, 108.36273, 109.32661, NaN, NaN, NaN, 1.00, 0.70022, 0.49868, 0.70022, 0.49868, -0.99414, 0.05244, 0.09449, -55.0463, -61.10106, -72.91479
676, 224, -17.08314, -92.59752, 107.95679, 108.9208, NaN, NaN, NaN, 1.00, 0.72573, 0.49878, 0.72573, 0.49878, -0.94474, 0.20224, 0.25798, -54.58965, -60.76815, -71.43062
677, 222, -17.5024, -91.02618, 107.85373, 108.81776, NaN, NaN, NaN, 1.00, 0.72368, 0.47984, 0.72368, 0.47984, -0.95688, 0.09764, 0.27359, -54.58737, -59.62209, -71.83736
678, 225, -21.06065, -99.46043, 96.27268, 97.24059, 8.75082E-08, 8.75082E-08, 8.75082E-08, 1.00, 0.50024, 0.57157, 0.50024, 0.57157, 0.03158, -0.12223, -0.992, -42.79026, -64.91785, -75.86804
679, 226, -21.35005, -97.99529, 98.23967, 99.20691, 8.75767E-08, 8.75767E-08, 8.75767E-08, 1.00, 0.52788, 0.55185, 0.52788, 0.55185, -0.13386, 0.05046, -0.98971, -44.8381, -63.99474, -76.04813
680, 227, -21.2853, -97.46821, 96.1741, 97.14204, 8.76014E-08, 8.76014E-08, 8.76014E-08, 1.00, 0.4989, 0.54593, 0.4989, 0.54593, -0.04967, 0.12077, -0.99144, -42.80476, -63.46706, -76.08521
681, 225, -21.06065, -99.46043, 96.27268, 97.24059, 8.75082E-08, 8.75082E-08, 8.75082E-08, 1.00, 0.50024, 0.57157, 0.50024, 0.57157, 0.03158, -0.12223, -0.992, -42.79026, -64.91785, -75.86804
682, 228, -21.24012, -99.41756, 98.2579, 99.22514, 8.74930E-08, 8.74930E-08, 8.74930E-08, 1.00, 0.52788, 0.57, 0.52788, 0.57, -0.19079, -0.11179, -0.97524, -44.77821, -65.02679, -75.94445
683, 226, -21.35005, -97.99529, 98.23967, 99.20691, 8.75767E-08, 8.75767E-08, 8.75767E-08, 1.00, 0.52788, 0.55185, 0.52788, 0.55185, -0.13386, 0.05046, -0.98971, -44.8381, -63.99474, -76.04813
684, 226, -21.35005, -97.99529, 98.23967, 99.20691, 8.75767E-08, 8.75767E-08, 8.75767E-08, 1.00, 0.52788, 0.55185, 0.52788, 0.55185, -0.13386, 0.05046, -0.98971, -44.8381, -63.99474, -76.04813
685, 228, -21.24012, -99.41756, 98.2579, 99.22514, 8.74930E-08, 8.74930E-08, 8.74930E-08, 1.00, 0.52788, 0.57, 0.52788, 0.57, -0.19079, -0.11179, -0.97524, -44.77821, -65.02679, -75.94445
686, 229, -20.82708, -97.77649, 100.15281, 101.11942, 8.77955E-08, 8.77955E-08, 8.77955E-08, 1.00, 0.58286, 0.55047, 0.58286, 0.55047, -0.29774, -0.01887, -0.95446, -46.72989, -63.9711, -75.44796
687, 229, -20.82708, -97.77649, 100.15281, 101.11942, 8.77955E-08, 8.77955E-08, 8.77955E-08, 1.00, 0.58286, 0.55047, 0.58286, 0.55047, -0.29774, -0.01887, -0.95446, -46.72989, -63.9711, -75.44796
688, 228, -21.24012, -99.41756, 98.2579, 99.22514, 8.74930E-08, 8.74930E-08, 8.74930E-08, 1.00, 0.52788, 0.57, 0.52788, 0.57, -0.19079, -0.11179, -0.97524, -44.77821, -65.02679, -75.94445
689, 230, -20.67424, -99.29907, 100.25575, 101.22233, 8.77181E-08, 8.77181E-08, 8.77181E-08, 1.00, 0.5842, 0.57, 0.5842, 0.57, -0.33445, -0.13058, -0.93332, -46.7472, -65.08183, -75.29887
690, 229, -20.82708, -97.77649, 100.15281, 101.11942, 8.77955E-08, 8.77955E-08, 8.77955E-08, 1.00, 0.58286, 0.55047, 0.58286, 0.55047, -0.29774, -0.01887, -0.95446, -46.72989, -63.9711, -75.44796
691, 230, -20.67424, -99.29907, 100.25575, 101.22233, 8.77181E-08, 8.77181E-08, 8.77181E-08, 1.00, 0.5842, 0.57, 0.5842, 0.57, -0.33445, -0.13058, -0.93332, -46.7472, -65.08183, -75.29887
692, 231, -18.2656, -97.13536, 107.89601, 108.86004, 8.87875E-08, 8.87875E-08, 8.87875E-08, 1.00, 0.67917, 0.54944, 0.67917, 0.54944, -0.35446, -0.19817, -0.91383, -54.35298, -64.05259, -72.58911
693, 231, -18.2656, -97.13536, 107.89601, 108.86004, 8.87875E-08, 8.87875E-08, 8.87875E-08, 1.00, 0.67917, 0.54944, 0.67917, 0.54944, -0.35446, -0.19817, -0.91383, -54.35298, -64.05259, -72.58911
694, 230, -20.67424, -99.29907, 100.25575, 101.22233, 8.77181E-08, 8.77181E-08, 8.77181E-08, 1.00, 0.5842, 0.57, 0.5842, 0.57, -0.33445, -0.13058, -0.93332, -46.7472, -65.08183, -75.29887
695, 232, -18.03923, -98.73254, 108.07381, 109.03778, 8.87262E-08, 8.87262E-08, 8.87262E-08, 1.00, 0.68185, 0.57014, 0.68185, 0.57014, -0.34968, -0.15103, -0.92462, -54.43753, -65.22266, -72.36539
696, 233, -18.2656, -97.13536, 107.89601, 108.86004, 8.87875E-08, 8.87875E-08, 8.87875E-08, 1.00, 0.69902, 0.55084, 0.69902, 0.55084, -0.87441, -0.14229, -0.46385, -54.35298, -64.05259, -72.58911
697, 234, -18.03923, -98.73254, 108.07381, 109.03778, 8.87262E-08, 8.87262E-08, 8.87262E-08, 1.00, 0.69837, 0.57075, 0.69837, 0.57075, -0.89055, -0.08057, -0.44769, -54.43753, -65.22266, -72.36539
698, 235, -16.73047, -96.36063, 108.82541, 109.78913, NaN, NaN, NaN, 1.00, 0.71007, 0.54633, 0.71007, 0.54633, -0.99599, 0.01344, -0.08843, -55.24534, -63.55666, -71.05636
699, 234, -18.03923, -98.73254, 108.07381, 109.03778, 8.87262E-08, 8.87262E-08, 8.87262E-08, 1.00, 0.69837, 0.57075, 0.69837, 0.57075, -0.89055, -0.08057, -0.44769, -54.43753, -65.22266, -72.36539
700, 236, -16.50247, -98.32912, 108.82847, 109.79218, NaN, NaN, NaN, 1.00, 0.70942, 0.57075, 0.70942, 0.57075, -0.9934, -0.06085, 0.09721, -55.13676, -64.98351, -70.84055
701, 235, -16.73047, -96.36063, 108.82541, 109.78913, NaN, NaN, NaN, 1.00, 0.71007, 0.54633, 0.71007, 0.54633, -0.99599, 0.01344, -0.08843, -55.24534, -63.55666, -71.05636
702, 237, -16.49029, -96.65211, 96.77162, 97.73936, 1.41341E-07, 1.41341E-07, 1.41341E-07, 1.00, 0.52674, 0.55375, 0.52674, 0.55375, 0.59841, 0.50987, 0.61801, -43.21374, -62.91776, -71.41448
703, 238, -17.19748, -98.28547, 96.19284, 97.16077, 1.20448E-07, 1.20448E-07, 1.20448E-07, 1.00, 0.51498, 0.57085, 0.51498, 0.57085, 0.87772, 0.21195, 0.42975, -42.58728, -64.06068, -72.13116
704, 239, -17.62853, -96.35031, 96.15662, 97.12456, 1.31036E-07, 1.31036E-07, 1.31036E-07, 1.00, 0.51367, 0.54669, 0.51367, 0.54669, 0.69121, 0.55602, 0.46159, -42.67076, -62.65565, -72.54514
705, 240, -16.17397, -98.01734, 96.7275, 97.69525, 1.47855E-07, 1.47855E-07, 1.47855E-07, 1.00, 0.52674, 0.57085, 0.52674, 0.57085, 0.54084, 0.306, 0.78349, -43.08486, -63.90407, -71.11402
706, 238, -17.19748, -98.28547, 96.19284, 97.16077, 1.20448E-07, 1.20448E-07, 1.20448E-07, 1.00, 0.51498, 0.57085, 0.51498, 0.57085, 0.87772, 0.21195, 0.42975, -42.58728, -64.06068, -72.13116
707, 237, -16.49029, -96.65211, 96.77162, 97.73936, 1.41341E-07, 1.41341E-07, 1.41341E-07, 1.00, 0.52674, 0.55375, 0.52674, 0.55375, 0.59841, 0.50987, 0.61801, -43.21374, -62.91776, -71.41448
708, 240, -16.17397, -98.01734, 96.7275, 97.69525, 1.47855E-07, 1.47855E-07, 1.47855E-07, 1.00, 0.52674, 0.57085, 0.52674, 0.57085, 0.54084, 0.306, 0.78349, -43.08486, -63.90407, -71.11402
709, 237, -16.49029, -96.65211, 96.77162, 97.73936, 1.41341E-07, 1.41341E-07, 1.41341E-07, 1.00, 0.52674, 0.55375, 0.52674, 0.55375, 0.59841, 0.50987, 0.61801, -43.21374, -62.91776, -71.41448
710, 241, -15.62399, -96.35633, 99.60572, 100.57251, 1.56524E-07, 1.56524E-07, 1.56524E-07, 1.00, 0.5947, 0.55245, 0.5947, 0.55245, 0.2719, 0.49453, 0.82554, -46.01039, -62.90329, -70.43687
711, 240, -16.17397, -98.01734, 96.7275, 97.69525, 1.47855E-07, 1.47855E-07, 1.47855E-07, 1.00, 0.52674, 0.57085, 0.52674, 0.57085, 0.54084, 0.306, 0.78349, -43.08486, -63.90407, -71.11402
712, 241, -15.62399, -96.35633, 99.60572, 100.57251, 1.56524E-07, 1.56524E-07, 1.56524E-07, 1.00, 0.5947, 0.55245, 0.5947, 0.55245, 0.2719, 0.49453, 0.82554, -46.01039, -62.90329, -70.43687
713, 242, -15.26475, -97.82188, 99.64632, 100.61309, 1.58865E-07, 1.58865E-07, 1.58865E-07, 1.00, 0.59601, 0.57085, 0.59601, 0.57085, 0.22754, 0.30248, 0.9256, -45.95871, -63.96827, -70.091
714, 242, -15.26475, -97.82188, 99.64632, 100.61309, 1.58865E-07, 1.58865E-07, 1.58865E-07, 1.00, 0.59601, 0.57085, 0.59601, 0.57085, 0.22754, 0.30248, 0.9256, -45.95871, -63.96827, -70.091
715, 241, -15.62399, -96.35633, 99.60572, 100.57251, 1.56524E-07, 1.56524E-07, 1.56524E-07, 1.00, 0.5947, 0.55245, 0.5947, 0.55245, 0.2719, 0.49453, 0.82554, -46.01039, -62.90329, -70.43687
716, 243, -14.43534, -96.07672, 106.73896, 107.70337, 1.62175E-07, 1.62175E-07, 1.62175E-07, 1.00, 0.67443, 0.55148, 0.67443, 0.55148, 0.00922, 0.35177, 0.93604, -53.07272, -63.20375, -68.93706
717, 242, -15.26475, -97.82188, 99.64632, 100.61309, 1.58865E-07, 1.58865E-07, 1.58865E-07, 1.00, 0.59601, 0.57085, 0.59601, 0.57085, 0.22754, 0.30248, 0.9256, -45.95871, -63.96827, -70.091
718, 243, -14.43534, -96.07672, 106.73896, 107.70337, 1.62175E-07, 1.62175E-07, 1.62175E-07, 1.00, 0.67443, 0.55148, 0.67443, 0.55148, 0.00922, 0.35177, 0.93604, -53.07272, -63.20375, -68.93706
719, 244, -14.06888, -97.63519, 106.87444, 107.83881, 1.61411E-07, 1.61411E-07, 1.61411E-07, 1.00, 0.67705, 0.57098, 0.67705, 0.57098, -0.14557, 0.26608, 0.95289, -53.11045, -64.34278, -68.57978
720, 244, -14.06888, -97.63519, 106.87444, 107.83881, 1.61411E-07, 1.61411E-07, 1.61411E-07, 1.00, 0.67705, 0.57098, 0.67705, 0.57098, -0.14557, 0.26608, 0.95289, -53.11045, -64.34278, -68.57978
721, 243, -14.43534, -96.07672, 106.73896, 107.70337, 1.62175E-07, 1.62175E-07, 1.62175E-07, 1.00, 0.67443, 0.55148, 0.67443, 0.55148, 0.00922, 0.35177, 0.93604, -53.07272, -63.20375, -68.93706
722, 245, -15.00048, -95.88248, 108.30281, 109.26671, 1.58042E-07, 1.58042E-07, 1.58042E-07, 1.00, 0.69404, 0.54707, 0.69404, 0.54707, -0.32184, 0.39585, 0.86007, -54.66709, -63.17327, -69.40686
723, 246, -14.63239, -97.81225, 108.26355, 109.22746, 1.57157E-07, 1.57157E-07, 1.57157E-07, 1.00, 0.69404, 0.57098, 0.69404, 0.57098, -0.34366, 0.19133, 0.9194, -54.51169, -64.56907, -69.05749
724, 244, -14.06888, -97.63519, 106.87444, 107.83881, 1.61411E-07, 1.61411E-07, 1.61411E-07, 1.00, 0.67705, 0.57098, 0.67705, 0.57098, -0.14557, 0.26608, 0.95289, -53.11045, -64.34278, -68.57978
725, 245, -15.00048, -95.88248, 108.30281, 109.26671, 1.58042E-07, 1.58042E-07, 1.58042E-07, 1.00, 0.69404, 0.54707, 0.69404, 0.54707, -0.32184, 0.39585, 0.86007, -54.66709, -63.17327, -69.40686
726, 235, -16.73047, -96.36063, 108.82541, 109.78913, NaN, NaN, NaN, 1.00, 0.71007, 0.54633, 0.71007, 0.54633, -0.99599, 0.01344, -0.08843, -55.24534, -63.55666, -71.05636
727, 236, -16.50247, -98.32912, 108.82847, 109.79218, NaN, NaN, NaN, 1.00, 0.70942, 0.57075, 0.70942, 0.57075, -0.9934, -0.06085, 0.09721, -55.13676, -64.98351, -70.84055
728, 247, -15.00048, -95.88248, 108.30281, 109.26671, NaN, NaN, NaN, 1.00, 0.72613, 0.54633, 0.72613, 0.54633, -0.9463, 0.0714, 0.3153, -54.66709, -63.17327, -69.40686
729, 236, -16.50247, -98.32912, 108.82847, 109.79218, NaN, NaN, NaN, 1.00, 0.70942, 0.57075, 0.70942, 0.57075, -0.9934, -0.06085, 0.09721, -55.13676, -64.98351, -70.84055
730, 248, -14.63239, -97.81225, 108.26355, 109.22746, NaN, NaN, NaN, 1.00, 0.72678, 0.57075, 0.72678, 0.57075, -0.94188, -0.02104, 0.33529, -54.51169, -64.56907, -69.05749
731, 247, -15.00048, -95.88248, 108.30281, 109.26671, NaN, NaN, NaN, 1.00, 0.72613, 0.54633, 0.72613, 0.54633, -0.9463, 0.0714, 0.3153, -54.66709, -63.17327, -69.40686
732, 249, -21.06065, -99.46043, 96.27268, 97.24059, NaN, NaN, NaN, 1.00, 0.55825, 0.52848, 0.55825, 0.52848, 0.99845, 0.02235, -0.05089, -42.79026, -64.91785, -75.86804
733, 250, -21.2853, -97.46821, 96.1741, 97.14204, NaN, NaN, NaN, 1.00, 0.55657, 0.50775, 0.55657, 0.50775, 0.99925, 0.00415, -0.03851, -42.80476, -63.46706, -76.08521
734, 251, -17.62853, -96.35031, 96.15662, 97.12456, NaN, NaN, NaN, 1.00, 0.50171, 0.50648, 0.50171, 0.50648, 0.99845, 0.02235, -0.05089, -42.67076, -62.65565, -72.54514
735, 249, -21.06065, -99.46043, 96.27268, 97.24059, NaN, NaN, NaN, 1.00, 0.55825, 0.52848, 0.55825, 0.52848, 0.99845, 0.02235, -0.05089, -42.79026, -64.91785, -75.86804
736, 251, -17.62853, -96.35031, 96.15662, 97.12456, NaN, NaN, NaN, 1.00, 0.50171, 0.50648, 0.50171, 0.50648, 0.99845, 0.02235, -0.05089, -42.67076, -62.65565, -72.54514
737, 252, -17.19748, -98.28547, 96.19284, 97.16077, NaN, NaN, NaN, 1.00, 0.50002, 0.5272, 0.50002, 0.5272, 0.99718, 0.04053, -0.06324, -42.58728, -64.06068, -72.13116
738, 253, -21.2853, -97.46821, 96.1741, 97.14204, NaN, NaN, NaN, 1.00, 0.49574, 0.43934, 0.49574, 0.43934, 0.23259, 0.93463, -0.26902, -42.80476, -63.46706, -76.08521
739, 254, -20.69574, -96.0799, 99.4024, 100.36926, NaN, NaN, NaN, 1.00, 0.55726, 0.43544, 0.55726, 0.43544, 0.15961, 0.92178, -0.35334, -46.06312, -62.6886, -75.35333
740, 255, -17.26626, -94.94257, 98.35971, 99.32692, NaN, NaN, NaN, 1.00, 0.55726, 0.50127, 0.55726, 0.50127, 0.2192, 0.92508, -0.31013, -44.91984, -61.7908, -72.08327
741, 253, -21.2853, -97.46821, 96.1741, 97.14204, NaN, NaN, NaN, 1.00, 0.49574, 0.43934, 0.49574, 0.43934, 0.23259, 0.93463, -0.26902, -42.80476, -63.46706, -76.08521
742, 255, -17.26626, -94.94257, 98.35971, 99.32692, NaN, NaN, NaN, 1.00, 0.55726, 0.50127, 0.55726, 0.50127, 0.2192, 0.92508, -0.31013, -44.91984, -61.7908, -72.08327
743, 256, -17.62853, -96.35031, 96.15662, 97.12456, NaN, NaN, NaN, 1.00, 0.51087, 0.5034, 0.51087, 0.5034, 0.30938, 0.92419, -0.22398, -42.67076, -62.65565, -72.54514
744, 255, -17.26626, -94.94257, 98.35971, 99.32692, NaN, NaN, NaN, 1.00, 0.55726, 0.50127, 0.55726, 0.50127, 0.2192, 0.92508, -0.31013, -44.91984, -61.7908, -72.08327
745, 207, -18.3662, -93.55039, 102.78703, 103.75276, NaN, NaN, NaN, 1.00, 0.60121, 0.46273, 0.60121, 0.46273, 0.33131, 0.84125, -0.42723, -49.4529, -61.09411, -72.9274
746, 215, -16.69936, -92.49982, 103.08743, 104.05306, NaN, NaN, NaN, 1.00, 0.61265, 0.49168, 0.61265, 0.49168, 0.45325, 0.82701, -0.33258, -49.72665, -60.35392, -71.29729
747, 207, -18.3662, -93.55039, 102.78703, 103.75276, NaN, NaN, NaN, 1.00, 0.60121, 0.46273, 0.60121, 0.46273, 0.33131, 0.84125, -0.42723, -49.4529, -61.09411, -72.9274
748, 255, -17.26626, -94.94257, 98.35971, 99.32692, NaN, NaN, NaN, 1.00, 0.55726, 0.50127, 0.55726, 0.50127, 0.2192, 0.92508, -0.31013, -44.91984, -61.7908, -72.08327
749, 254, -20.69574, -96.0799, 99.4024, 100.36926, NaN, NaN, NaN, 1.00, 0.55726, 0.43544, 0.55726, 0.43544, 0.15961, 0.92178, -0.35334, -46.06312, -62.6886, -75.35333
750, 207, -18.3662, -93.55039, 102.78703, 103.75276, NaN, NaN, NaN, 1.00, 0.60121, 0.46273, 0.60121, 0.46273, 0.33131, 0.84125, -0.42723, -49.4529, -61.09411, -72.9274
751, 254, -20.69574, -96.0799, 99.4024, 100.36926, NaN, NaN, NaN, 1.00, 0.55726, 0.43544, 0.55726, 0.43544, 0.15961, 0.92178, -0.35334, -46.06312, -62.6886, -75.35333
752, 210, -19.96887, -94.26926, 103.66139, 104.62683, NaN, NaN, NaN, 1.00, 0.60648, 0.4294, 0.60648, 0.4294, 0.28332, 0.82445, -0.48991, -50.36312, -61.67676, -74.4371
753, 239, -17.62853, -96.35031, 96.15662, 97.12456, 1.31036E-07, 1.31036E-07, 1.31036E-07, 1.00, 0.51367, 0.54669, 0.51367, 0.54669, 0.69121, 0.55602, 0.46159, -42.67076, -62.65565, -72.54514
754, 257, -17.26626, -94.94257, 98.35971, 99.32692, 1.44550E-07, 1.44550E-07, 1.44550E-07, 1.00, 0.56032, 0.53081, 0.56032, 0.53081, 0.31734, 0.75596, 0.57255, -44.91984, -61.7908, -72.08327
755, 237, -16.49029, -96.65211, 96.77162, 97.73936, 1.41341E-07, 1.41341E-07, 1.41341E-07, 1.00, 0.52674, 0.55375, 0.52674, 0.55375, 0.59841, 0.50987, 0.61801, -43.21374, -62.91776, -71.41448
756, 237, -16.49029, -96.65211, 96.77162, 97.73936, 1.41341E-07, 1.41341E-07, 1.41341E-07, 1.00, 0.52674, 0.55375, 0.52674, 0.55375, 0.59841, 0.50987, 0.61801, -43.21374, -62.91776, -71.41448
757, 257, -17.26626, -94.94257, 98.35971, 99.32692, 1.44550E-07, 1.44550E-07, 1.44550E-07, 1.00, 0.56032, 0.53081, 0.56032, 0.53081, 0.31734, 0.75596, 0.57255, -44.91984, -61.7908, -72.08327
758, 241, -15.62399, -96.35633, 99.60572, 100.57251, 1.56524E-07, 1.56524E-07, 1.56524E-07, 1.00, 0.5947, 0.55245, 0.5947, 0.55245, 0.2719, 0.49453, 0.82554, -46.01039, -62.90329, -70.43687
759, 241, -15.62399, -96.35633, 99.60572, 100.57251, 1.56524E-07, 1.56524E-07, 1.56524E-07, 1.00, 0.5947, 0.55245, 0.5947, 0.55245, 0.2719, 0.49453, 0.82554, -46.01039, -62.90329, -70.43687
760, 257, -17.26626, -94.94257, 98.35971, 99.32692, 1.44550E-07, 1.44550E-07, 1.44550E-07, 1.00, 0.56032, 0.53081, 0.56032, 0.53081, 0.31734, 0.75596, 0.57255, -44.91984, -61.7908, -72.08327
761, 214, -16.69936, -92.49982, 103.08743, 104.05306, 1.49554E-07, 1.49554E-07, 1.49554E-07, 1.00, 0.61603, 0.50288, 0.61603, 0.50288, 0.31237, 0.68702, 0.65607, -49.72665, -60.35392, -71.29729
762, 241, -15.62399, -96.35633, 99.60572, 100.57251, 1.56524E-07, 1.56524E-07, 1.56524E-07, 1.00, 0.5947, 0.55245, 0.5947, 0.55245, 0.2719, 0.49453, 0.82554, -46.01039, -62.90329, -70.43687
763, 214, -16.69936, -92.49982, 103.08743, 104.05306, 1.49554E-07, 1.49554E-07, 1.49554E-07, 1.00, 0.61603, 0.50288, 0.61603, 0.50288, 0.31237, 0.68702, 0.65607, -49.72665, -60.35392, -71.29729
764, 211, -15.709, -92.26028, 105.38632, 106.35119, 1.58972E-07, 1.58972E-07, 1.58972E-07, 1.00, 0.65226, 0.50274, 0.65226, 0.50274, 0.00418, 0.58087, 0.81398, -51.98148, -60.34245, -70.22598
765, 241, -15.62399, -96.35633, 99.60572, 100.57251, 1.56524E-07, 1.56524E-07, 1.56524E-07, 1.00, 0.5947, 0.55245, 0.5947, 0.55245, 0.2719, 0.49453, 0.82554, -46.01039, -62.90329, -70.43687
766, 211, -15.709, -92.26028, 105.38632, 106.35119, 1.58972E-07, 1.58972E-07, 1.58972E-07, 1.00, 0.65226, 0.50274, 0.65226, 0.50274, 0.00418, 0.58087, 0.81398, -51.98148, -60.34245, -70.22598
767, 243, -14.43534, -96.07672, 106.73896, 107.70337, 1.62175E-07, 1.62175E-07, 1.62175E-07, 1.00, 0.67443, 0.55148, 0.67443, 0.55148, 0.00922, 0.35177, 0.93604, -53.07272, -63.20375, -68.93706
768, 226, -21.35005, -97.99529, 98.23967, 99.20691, 8.75767E-08, 8.75767E-08, 8.75767E-08, 1.00, 0.52788, 0.55185, 0.52788, 0.55185, -0.13386, 0.05046, -0.98971, -44.8381, -63.99474, -76.04813
769, 258, -20.69574, -96.0799, 99.4024, 100.36926, 8.79661E-08, 8.79661E-08, 8.79661E-08, 1.00, 0.56228, 0.52987, 0.56228, 0.52987, -0.1939, 0.25522, -0.94724, -46.06312, -62.6886, -75.35333
770, 227, -21.2853, -97.46821, 96.1741, 97.14204, 8.76014E-08, 8.76014E-08, 8.76014E-08, 1.00, 0.4989, 0.54593, 0.4989, 0.54593, -0.04967, 0.12077, -0.99144, -42.80476, -63.46706, -76.08521
771, 226, -21.35005, -97.99529, 98.23967, 99.20691, 8.75767E-08, 8.75767E-08, 8.75767E-08, 1.00, 0.52788, 0.55185, 0.52788, 0.55185, -0.13386, 0.05046, -0.98971, -44.8381, -63.99474, -76.04813
772, 229, -20.82708, -97.77649, 100.15281, 101.11942, 8.77955E-08, 8.77955E-08, 8.77955E-08, 1.00, 0.58286, 0.55047, 0.58286, 0.55047, -0.29774, -0.01887, -0.95446, -46.72989, -63.9711, -75.44796
773, 258, -20.69574, -96.0799, 99.4024, 100.36926, 8.79661E-08, 8.79661E-08, 8.79661E-08, 1.00, 0.56228, 0.52987, 0.56228, 0.52987, -0.1939, 0.25522, -0.94724, -46.06312, -62.6886, -75.35333
774, 229, -20.82708, -97.77649, 100.15281, 101.11942, 8.77955E-08, 8.77955E-08, 8.77955E-08, 1.00, 0.58286, 0.55047, 0.58286, 0.55047, -0.29774, -0.01887, -0.95446, -46.72989, -63.9711, -75.44796
775, 203, -19.96887, -94.26926, 103.66139, 104.62683, 8.84210E-08, 8.84210E-08, 8.84210E-08, 1.00, 0.613, 0.50877, 0.613, 0.50877, -0.17366, 0.06641, -0.98256, -50.36312, -61.67676, -74.4371
776, 258, -20.69574, -96.0799, 99.4024, 100.36926, 8.79661E-08, 8.79661E-08, 8.79661E-08, 1.00, 0.56228, 0.52987, 0.56228, 0.52987, -0.1939, 0.25522, -0.94724, -46.06312, -62.6886, -75.35333
777, 229, -20.82708, -97.77649, 100.15281, 101.11942, 8.77955E-08, 8.77955E-08, 8.77955E-08, 1.00, 0.58286, 0.55047, 0.58286, 0.55047, -0.29774, -0.01887, -0.95446, -46.72989, -63.9711, -75.44796
778, 231, -18.2656, -97.13536, 107.89601, 108.86004, 8.87875E-08, 8.87875E-08, 8.87875E-08, 1.00, 0.67917, 0.54944, 0.67917, 0.54944, -0.35446, -0.19817, -0.91383, -54.35298, -64.05259, -72.58911
779, 203, -19.96887, -94.26926, 103.66139, 104.62683, 8.84210E-08, 8.84210E-08, 8.84210E-08, 1.00, 0.613, 0.50877, 0.613, 0.50877, -0.17366, 0.06641, -0.98256, -50.36312, -61.67676, -74.4371
780, 231, -18.2656, -97.13536, 107.89601, 108.86004, 8.87875E-08, 8.87875E-08, 8.87875E-08, 1.00, 0.67917, 0.54944, 0.67917, 0.54944, -0.35446, -0.19817, -0.91383, -54.35298, -64.05259, -72.58911
781, 206, -19.6292, -93.34572, 106.55221, 107.51669, 8.86489E-08, 8.86489E-08, 8.86489E-08, 1.00, 0.65619, 0.49774, 0.65619, 0.49774, -0.38525, -0.05543, -0.92114, -53.27343, -61.21133, -73.96469
782, 203, -19.96887, -94.26926, 103.66139, 104.62683, 8.84210E-08, 8.84210E-08, 8.84210E-08, 1.00, 0.613, 0.50877, 0.613, 0.50877, -0.17366, 0.06641, -0.98256, -50.36312, -61.67676, -74.4371
783, 231, -18.2656, -97.13536, 107.89601, 108.86004, 8.87875E-08, 8.87875E-08, 8.87875E-08, 1.00, 0.67917, 0.54944, 0.67917, 0.54944, -0.35446, -0.19817, -0.91383, -54.35298, -64.05259, -72.58911
784, 220, -18.63652, -93.01736, 108.36273, 109.32661, 8.90219E-08, 8.90219E-08, 8.90219E-08, 1.00, 0.68637, 0.49661, 0.68637, 0.49661, -0.5112, -0.07906, -0.85582, -55.0463, -61.10106, -72.91479
785, 206, -19.6292, -93.34572, 106.55221, 107.51669, 8.86489E-08, 8.86489E-08, 8.86489E-08, 1.00, 0.65619, 0.49774, 0.65619, 0.49774, -0.38525, -0.05543, -0.92114, -53.27343, -61.21133, -73.96469
786, 233, -18.2656, -97.13536, 107.89601, 108.86004, 8.87875E-08, 8.87875E-08, 8.87875E-08, 1.00, 0.69902, 0.55084, 0.69902, 0.55084, -0.87441, -0.14229, -0.46385, -54.35298, -64.05259, -72.58911
787, 235, -16.73047, -96.36063, 108.82541, 109.78913, NaN, NaN, NaN, 1.00, 0.71007, 0.54633, 0.71007, 0.54633, -0.99599, 0.01344, -0.08843, -55.24534, -63.55666, -71.05636
788, 221, -18.63652, -93.01736, 108.36273, 109.32661, NaN, NaN, NaN, 1.00, 0.70022, 0.49868, 0.70022, 0.49868, -0.99414, 0.05244, 0.09449, -55.0463, -61.10106, -72.91479
789, 245, -15.00048, -95.88248, 108.30281, 109.26671, 1.58042E-07, 1.58042E-07, 1.58042E-07, 1.00, 0.69404, 0.54707, 0.69404, 0.54707, -0.32184, 0.39585, 0.86007, -54.66709, -63.17327, -69.40686
790, 243, -14.43534, -96.07672, 106.73896, 107.70337, 1.62175E-07, 1.62175E-07, 1.62175E-07, 1.00, 0.67443, 0.55148, 0.67443, 0.55148, 0.00922, 0.35177, 0.93604, -53.07272, -63.20375, -68.93706
791, 211, -15.709, -92.26028, 105.38632, 106.35119, 1.58972E-07, 1.58972E-07, 1.58972E-07, 1.00, 0.65226, 0.50274, 0.65226, 0.50274, 0.00418, 0.58087, 0.81398, -51.98148, -60.34245, -70.22598
792, 245, -15.00048, -95.88248, 108.30281, 109.26671, 1.58042E-07, 1.58042E-07, 1.58042E-07, 1.00, 0.69404, 0.54707, 0.69404, 0.54707, -0.32184, 0.39585, 0.86007, -54.66709, -63.17327, -69.40686
793, 211, -15.709, -92.26028, 105.38632, 106.35119, 1.58972E-07, 1.58972E-07, 1.58972E-07, 1.00, 0.65226, 0.50274, 0.65226, 0.50274, 0.00418, 0.58087, 0.81398, -51.98148, -60.34245, -70.22598
794, 217, -17.08314, -92.59752, 107.95679, 108.9208, NaN, NaN, NaN, 1.00, 0.68234, 0.5018, 0.68234, 0.5018, -0.44367, 0.39091, 0.80644, -54.58965, -60.76815, -71.43062
795, 224, -17.08314, -92.59752, 107.95679, 108.9208, NaN, NaN, NaN, 1.00, 0.72573, 0.49878, 0.72573, 0.49878, -0.94474, 0.20224, 0.25798, -54.58965, -60.76815, -71.43062
796, 235, -16.73047, -96.36063, 108.82541, 109.78913, NaN, NaN, NaN, 1.00, 0.71007, 0.54633, 0.71007, 0.54633, -0.99599, 0.01344, -0.08843, -55.24534, -63.55666, -71.05636
797, 247, -15.00048, -95.88248, 108.30281, 109.26671, NaN, NaN, NaN, 1.00, 0.72613, 0.54633, 0.72613, 0.54633, -0.9463, 0.0714, 0.3153, -54.66709, -63.17327, -69.40686
798, 235, -16.73047, -96.36063, 108.82541, 109.78913, NaN, NaN, NaN, 1.00, 0.71007, 0.54633, 0.71007, 0.54633, -0.99599, 0.01344, -0.08843, -55.24534, -63.55666, -71.05636
799, 224, -17.08314, -92.59752, 107.95679, 108.9208, NaN, NaN, NaN, 1.00, 0.72573, 0.49878, 0.72573, 0.49878, -0.94474, 0.20224, 0.25798, -54.58965, -60.76815, -71.43062
800, 221, -18.63652, -93.01736, 108.36273, 109.32661, NaN, NaN, NaN, 1.00, 0.70022, 0.49868, 0.70022, 0.49868, -0.99414, 0.05244, 0.09449, -55.0463, -61.10106, -72.91479
801, 259, -28.88629, 9.47368, 105.56487, 106.52968, 1.35840E-07, 1.35840E-07, 1.35840E-07, 1.00, 0.33854, 0.04987, 0.33854, 0.04987, 0.56724, -0.46118, 0.68231, -57.9943, 13.37481, -82.71114
802, 260, -28.01738, 13.08223, 106.087, 107.05163, 1.51551E-07, 1.51551E-07, 1.51551E-07, 1.00, 0.35388, 0.02254, 0.35388, 0.02254, 0.54381, -0.14059, 0.82735, -58.65777, 15.95322, -81.83579
803, 261, -27.54686, 12.36013, 107.06577, 108.03008, 1.52208E-07, 1.52208E-07, 1.52208E-07, 1.00, 0.36012, 0.04638, 0.36012, 0.04638, 0.5237, -0.16273, 0.83621, -59.57327, 15.36086, -81.33446
804, 262, -28.01738, 13.08223, 106.087, 107.05163, 1.62175E-07, 1.62175E-07, 1.62175E-07, 1.00, 0.3538, 0.02288, 0.3538, 0.02288, 0.35348, 0.22234, 0.90863, -58.65777, 15.95322, -81.83579
805, 263, -28.13091, 16.67932, 107.38905, 108.35325, 1.62741E-07, 1.62741E-07, 1.62741E-07, 1.00, 0.40394, 0.00465, 0.40394, 0.00465, 0.133, 0.47636, 0.86913, -60.14415, 18.46831, -81.87289
806, 264, -27.54686, 12.36013, 107.06577, 108.03008, 1.64177E-07, 1.64177E-07, 1.64177E-07, 1.00, 0.36004, 0.04671, 0.36004, 0.04671, 0.29236, 0.18965, 0.93731, -59.57327, 15.36086, -81.33446
807, 265, -29.85607, 4.91002, 106.59808, 107.56253, NaN, NaN, NaN, 1.00, 0.32881, 0.12721, 0.32881, 0.12721, 0.73116, -0.68219, -0.00523, -58.83578, 9.99451, -83.61038
808, 266, -30.15431, 8.92702, 105.74725, 106.712, NaN, NaN, NaN, 1.00, 0.33048, 0.05465, 0.33048, 0.05465, 0.64165, -0.75844, 0.11422, -58.20823, 12.96577, -83.93047
809, 259, -28.88629, 9.47368, 105.56487, 106.52968, 1.35840E-07, 1.35840E-07, 1.35840E-07, 1.00, 0.33854, 0.04987, 0.33854, 0.04987, 0.56724, -0.46118, 0.68231, -57.9943, 13.37481, -82.71114
810, 265, -29.85607, 4.91002, 106.59808, 107.56253, NaN, NaN, NaN, 1.00, 0.32881, 0.12721, 0.32881, 0.12721, 0.73116, -0.68219, -0.00523, -58.83578, 9.99451, -83.61038
811, 259, -28.88629, 9.47368, 105.56487, 106.52968, 1.35840E-07, 1.35840E-07, 1.35840E-07, 1.00, 0.33854, 0.04987, 0.33854, 0.04987, 0.56724, -0.46118, 0.68231, -57.9943, 13.37481, -82.71114
812, 267, -26.82883, 8.44643, 107.24345, 108.2077, 1.38561E-07, 1.38561E-07, 1.38561E-07, 1.00, 0.36494, 0.10422, 0.36494, 0.10422, 0.67088, -0.30422, 0.67629, -59.51573, 12.51195, -80.64088
813, 267, -26.82883, 8.44643, 107.24345, 108.2077, 1.38561E-07, 1.38561E-07, 1.38561E-07, 1.00, 0.36494, 0.10422, 0.36494, 0.10422, 0.67088, -0.30422, 0.67629, -59.51573, 12.51195, -80.64088
814, 259, -28.88629, 9.47368, 105.56487, 106.52968, 1.35840E-07, 1.35840E-07, 1.35840E-07, 1.00, 0.33854, 0.04987, 0.33854, 0.04987, 0.56724, -0.46118, 0.68231, -57.9943, 13.37481, -82.71114
815, 261, -27.54686, 12.36013, 107.06577, 108.03008, 1.52208E-07, 1.52208E-07, 1.52208E-07, 1.00, 0.36012, 0.04638, 0.36012, 0.04638, 0.5237, -0.16273, 0.83621, -59.57327, 15.36086, -81.33446
816, 264, -27.54686, 12.36013, 107.06577, 108.03008, 1.64177E-07, 1.64177E-07, 1.64177E-07, 1.00, 0.36004, 0.04671, 0.36004, 0.04671, 0.29236, 0.18965, 0.93731, -59.57327, 15.36086, -81.33446
817, 263, -28.13091, 16.67932, 107.38905, 108.35325, 1.62741E-07, 1.62741E-07, 1.62741E-07, 1.00, 0.40394, 0.00465, 0.40394, 0.00465, 0.133, 0.47636, 0.86913, -60.14415, 18.46831, -81.87289
818, 268, -26.55119, 12.57925, 109.27557, 110.23914, 1.61315E-07, 1.61315E-07, 1.61315E-07, 1.00, 0.40507, 0.07599, 0.40507, 0.07599, -0.05821, 0.56586, 0.82245, -61.73807, 15.3638, -80.26242
819, 264, -27.54686, 12.36013, 107.06577, 108.03008, 1.64177E-07, 1.64177E-07, 1.64177E-07, 1.00, 0.36004, 0.04671, 0.36004, 0.04671, 0.29236, 0.18965, 0.93731, -59.57327, 15.36086, -81.33446
820, 268, -26.55119, 12.57925, 109.27557, 110.23914, 1.61315E-07, 1.61315E-07, 1.61315E-07, 1.00, 0.40507, 0.07599, 0.40507, 0.07599, -0.05821, 0.56586, 0.82245, -61.73807, 15.3638, -80.26242
821, 269, -26.82883, 8.44643, 107.24345, 108.2077, 1.61869E-07, 1.61869E-07, 1.61869E-07, 1.00, 0.36486, 0.10456, 0.36486, 0.10456, 0.38338, 0.17848, 0.90618, -59.51573, 12.51195, -80.64088
822, 268, -26.55119, 12.57925, 109.27557, 110.23914, 1.61315E-07, 1.61315E-07, 1.61315E-07, 1.00, 0.40507, 0.07599, 0.40507, 0.07599, -0.05821, 0.56586, 0.82245, -61.73807, 15.3638, -80.26242
823, 263, -28.13091, 16.67932, 107.38905, 108.35325, 1.62741E-07, 1.62741E-07, 1.62741E-07, 1.00, 0.40394, 0.00465, 0.40394, 0.00465, 0.133, 0.47636, 0.86913, -60.14415, 18.46831, -81.87289
824, 270, -29.77192, 17.60262, 108.05264, 109.01661, NaN, NaN, NaN, 1.00, 0.42678, 0.00025, 0.42678, 0.00025, -0.42358, 0.86518, 0.26841, -60.93033, 19.09065, -83.42587
825, 268, -26.55119, 12.57925, 109.27557, 110.23914, 1.61315E-07, 1.61315E-07, 1.61315E-07, 1.00, 0.40507, 0.07599, 0.40507, 0.07599, -0.05821, 0.56586, 0.82245, -61.73807, 15.3638, -80.26242
826, 270, -29.77192, 17.60262, 108.05264, 109.01661, NaN, NaN, NaN, 1.00, 0.42678, 0.00025, 0.42678, 0.00025, -0.42358, 0.86518, 0.26841, -60.93033, 19.09065, -83.42587
827, 271, -30.40989, 13.57698, 110.71268, 111.67577, NaN, NaN, NaN, 1.00, 0.43519, 0.06053, 0.43519, 0.06053, -0.7081, 0.7061, -0.00401, -63.40389, 15.98553, -83.9231
828, 271, -30.40989, 13.57698, 110.71268, 111.67577, NaN, NaN, NaN, 1.00, 0.43519, 0.06053, 0.43519, 0.06053, -0.7081, 0.7061, -0.00401, -63.40389, 15.98553, -83.9231
829, 270, -29.77192, 17.60262, 108.05264, 109.01661, NaN, NaN, NaN, 1.00, 0.42678, 0.00025, 0.42678, 0.00025, -0.42358, 0.86518, 0.26841, -60.93033, 19.09065, -83.42587
830, 272, -31.35946, 17.52796, 108.24215, 109.20606, NaN, NaN, NaN, 1.00, 0.439, -0.00075, 0.439, -0.00075, -0.4763, 0.86743, -0.14387, -61.19072, 19.02318, -84.95281
831, 273, -29.95484, 7.35729, 104.04802, 105.01334, NaN, NaN, NaN, 1.00, 0.39733, 0.41452, 0.39733, 0.41452, 0.24154, -0.95486, 0.17291, -56.42599, 11.94798, -83.82456
832, 274, -28.35334, 11.57014, 102.05608, 103.02205, 1.32191E-07, 1.32191E-07, 1.32191E-07, 1.00, 0.4328, 0.34516, 0.4328, 0.34516, 0.589, -0.49815, 0.63634, -54.58163, 15.14165, -82.36189
833, 275, -28.45632, 8.81261, 104.62222, 105.58734, 1.40159E-07, 1.40159E-07, 1.40159E-07, 1.00, 0.42681, 0.41326, 0.42681, 0.41326, -0.10741, -0.63167, 0.76776, -57.00116, 12.9622, -82.3429
834, 276, -30.30384, 9.49244, 101.64072, 102.60683, NaN, NaN, NaN, 1.00, 0.39649, 0.35562, 0.39649, 0.35562, 0.55629, -0.82065, 0.13068, -54.15428, 13.66518, -84.27466
835, 274, -28.35334, 11.57014, 102.05608, 103.02205, 1.32191E-07, 1.32191E-07, 1.32191E-07, 1.00, 0.4328, 0.34516, 0.4328, 0.34516, 0.589, -0.49815, 0.63634, -54.58163, 15.14165, -82.36189
836, 273, -29.95484, 7.35729, 104.04802, 105.01334, NaN, NaN, NaN, 1.00, 0.39733, 0.41452, 0.39733, 0.41452, 0.24154, -0.95486, 0.17291, -56.42599, 11.94798, -83.82456
837, 277, -30.37513, 9.90961, 100.98212, 101.94846, NaN, NaN, NaN, 1.00, 0.39738, 0.33798, 0.39738, 0.33798, 0.71522, -0.69206, 0.09755, -53.52309, 14.01397, -84.37481
838, 274, -28.35334, 11.57014, 102.05608, 103.02205, 1.32191E-07, 1.32191E-07, 1.32191E-07, 1.00, 0.4328, 0.34516, 0.4328, 0.34516, 0.589, -0.49815, 0.63634, -54.58163, 15.14165, -82.36189
839, 276, -30.30384, 9.49244, 101.64072, 102.60683, NaN, NaN, NaN, 1.00, 0.39649, 0.35562, 0.39649, 0.35562, 0.55629, -0.82065, 0.13068, -54.15428, 13.66518, -84.27466
840, 277, -30.37513, 9.90961, 100.98212, 101.94846, NaN, NaN, NaN, 1.00, 0.39738, 0.33798, 0.39738, 0.33798, 0.71522, -0.69206, 0.09755, -53.52309, 14.01397, -84.37481
841, 278, -30.5482, 11.04379, 100.45166, 101.41817, NaN, NaN, NaN, 1.00, 0.39649, 0.31324, 0.39649, 0.31324, 0.85879, -0.5094, 0.05471, -53.06106, 14.87335, -84.56536
842, 274, -28.35334, 11.57014, 102.05608, 103.02205, 1.32191E-07, 1.32191E-07, 1.32191E-07, 1.00, 0.4328, 0.34516, 0.4328, 0.34516, 0.589, -0.49815, 0.63634, -54.58163, 15.14165, -82.36189
843, 274, -28.35334, 11.57014, 102.05608, 103.02205, 1.32191E-07, 1.32191E-07, 1.32191E-07, 1.00, 0.4328, 0.34516, 0.4328, 0.34516, 0.589, -0.49815, 0.63634, -54.58163, 15.14165, -82.36189
844, 278, -30.5482, 11.04379, 100.45166, 101.41817, NaN, NaN, NaN, 1.00, 0.39649, 0.31324, 0.39649, 0.31324, 0.85879, -0.5094, 0.05471, -53.06106, 14.87335, -84.56536
845, 279, -28.48521, 13.09689, 101.25498, 102.22122, 1.27876E-07, 1.27876E-07, 1.27876E-07, 1.00, 0.43423, 0.31062, 0.43423, 0.31062, 0.74036, -0.37604, 0.55719, -53.8682, 16.30465, -82.52483
846, 280, -31.21692, 15.39962, 98.16877, 99.13604, NaN, NaN, NaN, 1.00, 0.39567, 0.21373, 0.39567, 0.21373, 0.88122, -0.47046, 0.046, -51.04215, 18.19118, -85.31313
847, 281, -29.60724, 17.04691, 99.00655, 99.97353, 1.35007E-07, 1.35007E-07, 1.35007E-07, 1.00, 0.42726, 0.21528, 0.42726, 0.21528, 0.77367, -0.13168, 0.61975, -51.88438, 19.32593, -83.71055
848, 282, -29.07636, 14.20216, 99.98822, 100.95489, 1.32052E-07, 1.32052E-07, 1.32052E-07, 1.00, 0.42919, 0.25769, 0.42919, 0.25769, 0.77383, -0.22253, 0.59301, -52.69123, 17.19501, -83.15601
849, 282, -29.07636, 14.20216, 99.98822, 100.95489, 1.32052E-07, 1.32052E-07, 1.32052E-07, 1.00, 0.42919, 0.25769, 0.42919, 0.25769, 0.77383, -0.22253, 0.59301, -52.69123, 17.19501, -83.15601
850, 283, -30.86718, 13.14948, 99.60851, 100.57529, NaN, NaN, NaN, 1.00, 0.39649, 0.25639, 0.39649, 0.25639, 0.8053, -0.58838, 0.07279, -52.34426, 16.45889, -84.90996
851, 280, -31.21692, 15.39962, 98.16877, 99.13604, NaN, NaN, NaN, 1.00, 0.39567, 0.21373, 0.39567, 0.21373, 0.88122, -0.47046, 0.046, -51.04215, 18.19118, -85.31313
852, 284, -31.21692, 15.39962, 98.16877, 99.13604, NaN, NaN, NaN, 1.00, 0.39618, 0.21377, 0.39618, 0.21377, 0.98631, -0.16378, -0.01892, -51.04215, 18.19118, -85.31313
853, 285, -31.62257, 18.14805, 97.71785, 98.68527, NaN, NaN, NaN, 1.00, 0.42794, 0.21506, 0.42794, 0.21506, 0.96459, 0.24521, -0.09719, -50.75304, 20.21486, -85.72077
854, 286, -29.78807, 18.96767, 98.69972, 99.66682, 1.35971E-07, 1.35971E-07, 1.35971E-07, 1.00, 0.44333, 0.18059, 0.44333, 0.18059, 0.79686, 0.13302, 0.58933, -51.68573, 20.73962, -83.89568
855, 284, -31.21692, 15.39962, 98.16877, 99.13604, NaN, NaN, NaN, 1.00, 0.39618, 0.21377, 0.39618, 0.21377, 0.98631, -0.16378, -0.01892, -51.04215, 18.19118, -85.31313
856, 286, -29.78807, 18.96767, 98.69972, 99.66682, 1.35971E-07, 1.35971E-07, 1.35971E-07, 1.00, 0.44333, 0.18059, 0.44333, 0.18059, 0.79686, 0.13302, 0.58933, -51.68573, 20.73962, -83.89568
857, 287, -29.60724, 17.04691, 99.00655, 99.97353, 1.33592E-07, 1.33592E-07, 1.33592E-07, 1.00, 0.42484, 0.18234, 0.42484, 0.18234, 0.81005, -0.03715, 0.58519, -51.88438, 19.32593, -83.71055
858, 288, -30.15431, 8.92702, 105.74725, 106.712, NaN, NaN, NaN, 1.00, 0.39905, 0.42646, 0.39905, 0.42646, -0.48928, -0.8511, 0.19035, -58.20823, 12.96577, -83.93047
859, 273, -29.95484, 7.35729, 104.04802, 105.01334, NaN, NaN, NaN, 1.00, 0.39733, 0.41452, 0.39733, 0.41452, 0.24154, -0.95486, 0.17291, -56.42599, 11.94798, -83.82456
860, 275, -28.45632, 8.81261, 104.62222, 105.58734, 1.40159E-07, 1.40159E-07, 1.40159E-07, 1.00, 0.42681, 0.41326, 0.42681, 0.41326, -0.10741, -0.63167, 0.76776, -57.00116, 12.9622, -82.3429
861, 288, -30.15431, 8.92702, 105.74725, 106.712, NaN, NaN, NaN, 1.00, 0.39905, 0.42646, 0.39905, 0.42646, -0.48928, -0.8511, 0.19035, -58.20823, 12.96577, -83.93047
862, 275, -28.45632, 8.81261, 104.62222, 105.58734, 1.40159E-07, 1.40159E-07, 1.40159E-07, 1.00, 0.42681, 0.41326, 0.42681, 0.41326, -0.10741, -0.63167, 0.76776, -57.00116, 12.9622, -82.3429
863, 289, -28.88629, 9.47368, 105.56487, 106.52968, NaN, NaN, NaN, 1.00, 0.41852, 0.42068, 0.41852, 0.42068, -0.48611, -0.62977, 0.60587, -57.9943, 13.37481, -82.71114
864, 289, -28.88629, 9.47368, 105.56487, 106.52968, NaN, NaN, NaN, 1.00, 0.41852, 0.42068, 0.41852, 0.42068, -0.48611, -0.62977, 0.60587, -57.9943, 13.37481, -82.71114
865, 275, -28.45632, 8.81261, 104.62222, 105.58734, 1.40159E-07, 1.40159E-07, 1.40159E-07, 1.00, 0.42681, 0.41326, 0.42681, 0.41326, -0.10741, -0.63167, 0.76776, -57.00116, 12.9622, -82.3429
866, 290, -28.01738, 13.08223, 106.087, 107.05163, 1.55866E-07, 1.55866E-07, 1.55866E-07, 1.00, 0.48682, 0.40128, 0.48682, 0.40128, -0.27177, -0.30512, 0.91271, -58.65777, 15.95322, -81.83579
867, 282, -29.07636, 14.20216, 99.98822, 100.95489, 1.32052E-07, 1.32052E-07, 1.32052E-07, 1.00, 0.42919, 0.25769, 0.42919, 0.25769, 0.77383, -0.22253, 0.59301, -52.69123, 17.19501, -83.15601
868, 281, -29.60724, 17.04691, 99.00655, 99.97353, 1.35007E-07, 1.35007E-07, 1.35007E-07, 1.00, 0.42726, 0.21528, 0.42726, 0.21528, 0.77367, -0.13168, 0.61975, -51.88438, 19.32593, -83.71055
869, 291, -28.5103, 17.87698, 100.00452, 100.97118, 1.42054E-07, 1.42054E-07, 1.42054E-07, 1.00, 0.45139, 0.227, 0.45139, 0.227, 0.70847, -0.09892, 0.69877, -52.86869, 19.85712, -82.59827
870, 282, -29.07636, 14.20216, 99.98822, 100.95489, 1.32052E-07, 1.32052E-07, 1.32052E-07, 1.00, 0.42919, 0.25769, 0.42919, 0.25769, 0.77383, -0.22253, 0.59301, -52.69123, 17.19501, -83.15601
871, 291, -28.5103, 17.87698, 100.00452, 100.97118, 1.42054E-07, 1.42054E-07, 1.42054E-07, 1.00, 0.45139, 0.227, 0.45139, 0.227, 0.70847, -0.09892, 0.69877, -52.86869, 19.85712, -82.59827
872, 292, -28.10025, 14.70145, 100.98905, 101.95538, 1.43034E-07, 1.43034E-07, 1.43034E-07, 1.00, 0.44396, 0.28677, 0.44396, 0.28677, 0.69451, -0.10264, 0.71213, -53.66719, 17.48628, -82.16135
873, 293, -28.48521, 13.09689, 101.25498, 102.22122, 1.38676E-07, 1.38676E-07, 1.38676E-07, 1.00, 0.43445, 0.31062, 0.43445, 0.31062, 0.6489, -0.31383, 0.69313, -53.8682, 16.30465, -82.52483
874, 294, -28.10025, 14.70145, 100.98905, 101.95538, 1.55865E-07, 1.55865E-07, 1.55865E-07, 1.00, 0.44418, 0.28677, 0.44418, 0.28677, 0.49267, -0.01693, 0.87005, -53.66719, 17.48628, -82.16135
875, 295, -27.53415, 14.08242, 101.95194, 102.91795, 1.57178E-07, 1.57178E-07, 1.57178E-07, 1.00, 0.45208, 0.31432, 0.45208, 0.31432, 0.40344, -0.14364, 0.90366, -54.5676, 16.96973, -81.56805
876, 296, -28.35334, 11.57014, 102.05608, 103.02205, 1.43222E-07, 1.43222E-07, 1.43222E-07, 1.00, 0.43301, 0.34516, 0.43301, 0.34516, 0.56058, -0.33312, 0.75814, -54.58163, 15.14165, -82.36189
877, 293, -28.48521, 13.09689, 101.25498, 102.22122, 1.38676E-07, 1.38676E-07, 1.38676E-07, 1.00, 0.43445, 0.31062, 0.43445, 0.31062, 0.6489, -0.31383, 0.69313, -53.8682, 16.30465, -82.52483
878, 295, -27.53415, 14.08242, 101.95194, 102.91795, 1.57178E-07, 1.57178E-07, 1.57178E-07, 1.00, 0.45208, 0.31432, 0.45208, 0.31432, 0.40344, -0.14364, 0.90366, -54.5676, 16.96973, -81.56805
879, 296, -28.35334, 11.57014, 102.05608, 103.02205, 1.43222E-07, 1.43222E-07, 1.43222E-07, 1.00, 0.43301, 0.34516, 0.43301, 0.34516, 0.56058, -0.33312, 0.75814, -54.58163, 15.14165, -82.36189
880, 295, -27.53415, 14.08242, 101.95194, 102.91795, 1.57178E-07, 1.57178E-07, 1.57178E-07, 1.00, 0.45208, 0.31432, 0.45208, 0.31432, 0.40344, -0.14364, 0.90366, -54.5676, 16.96973, -81.56805
881, 297, -27.6321, 12.57878, 102.82527, 103.79099, 1.61989E-07, 1.61989E-07, 1.61989E-07, 1.00, 0.44661, 0.34908, 0.44661, 0.34908, 0.10672, -0.18795, 0.97636, -55.36509, 15.8184, -81.62388
882, 275, -28.45632, 8.81261, 104.62222, 105.58734, 1.40159E-07, 1.40159E-07, 1.40159E-07, 1.00, 0.42681, 0.41326, 0.42681, 0.41326, -0.10741, -0.63167, 0.76776, -57.00116, 12.9622, -82.3429
883, 274, -28.35334, 11.57014, 102.05608, 103.02205, 1.32191E-07, 1.32191E-07, 1.32191E-07, 1.00, 0.4328, 0.34516, 0.4328, 0.34516, 0.589, -0.49815, 0.63634, -54.58163, 15.14165, -82.36189
884, 298, -27.6321, 12.57878, 102.82527, 103.79099, 1.56676E-07, 1.56676E-07, 1.56676E-07, 1.00, 0.44639, 0.34908, 0.44639, 0.34908, 0.16757, -0.32951, 0.92916, -55.36509, 15.8184, -81.62388
885, 275, -28.45632, 8.81261, 104.62222, 105.58734, 1.40159E-07, 1.40159E-07, 1.40159E-07, 1.00, 0.42681, 0.41326, 0.42681, 0.41326, -0.10741, -0.63167, 0.76776, -57.00116, 12.9622, -82.3429
886, 298, -27.6321, 12.57878, 102.82527, 103.79099, 1.56676E-07, 1.56676E-07, 1.56676E-07, 1.00, 0.44639, 0.34908, 0.44639, 0.34908, 0.16757, -0.32951, 0.92916, -55.36509, 15.8184, -81.62388
887, 290, -28.01738, 13.08223, 106.087, 107.05163, 1.55866E-07, 1.55866E-07, 1.55866E-07, 1.00, 0.48682, 0.40128, 0.48682, 0.40128, -0.27177, -0.30512, 0.91271, -58.65777, 15.95322, -81.83579
888, 297, -27.6321, 12.57878, 102.82527, 103.79099, 1.61989E-07, 1.61989E-07, 1.61989E-07, 1.00, 0.44661, 0.34908, 0.44661, 0.34908, 0.10672, -0.18795, 0.97636, -55.36509, 15.8184, -81.62388
889, 295, -27.53415, 14.08242, 101.95194, 102.91795, 1.57178E-07, 1.57178E-07, 1.57178E-07, 1.00, 0.45208, 0.31432, 0.45208, 0.31432, 0.40344, -0.14364, 0.90366, -54.5676, 16.96973, -81.56805
890, 299, -27.55217, 17.02531, 103.99557, 104.9609, 1.66900E-07, 1.66900E-07, 1.66900E-07, 1.00, 0.51159, 0.31455, 0.51159, 0.31455, -0.02477, 0.01353, 0.9996, -56.75453, 18.9584, -81.47809
891, 297, -27.6321, 12.57878, 102.82527, 103.79099, 1.61989E-07, 1.61989E-07, 1.61989E-07, 1.00, 0.44661, 0.34908, 0.44661, 0.34908, 0.10672, -0.18795, 0.97636, -55.36509, 15.8184, -81.62388
892, 300, -27.65612, 14.52093, 105.79431, 106.75904, 1.64605E-07, 1.64605E-07, 1.64605E-07, 1.00, 0.51356, 0.37896, 0.51356, 0.37896, -0.13601, -0.07832, 0.98761, -58.42275, 17.01653, -81.49696
893, 301, -28.01738, 13.08223, 106.087, 107.05163, 1.58685E-07, 1.58685E-07, 1.58685E-07, 1.00, 0.48703, 0.40128, 0.48703, 0.40128, -0.22497, -0.25001, 0.94175, -58.65777, 15.95322, -81.83579
894, 300, -27.65612, 14.52093, 105.79431, 106.75904, 1.64605E-07, 1.64605E-07, 1.64605E-07, 1.00, 0.51356, 0.37896, 0.51356, 0.37896, -0.13601, -0.07832, 0.98761, -58.42275, 17.01653, -81.49696
895, 297, -27.6321, 12.57878, 102.82527, 103.79099, 1.61989E-07, 1.61989E-07, 1.61989E-07, 1.00, 0.44661, 0.34908, 0.44661, 0.34908, 0.10672, -0.18795, 0.97636, -55.36509, 15.8184, -81.62388
896, 299, -27.55217, 17.02531, 103.99557, 104.9609, 1.66900E-07, 1.66900E-07, 1.66900E-07, 1.00, 0.51159, 0.31455, 0.51159, 0.31455, -0.02477, 0.01353, 0.9996, -56.75453, 18.9584, -81.47809
897, 295, -27.53415, 14.08242, 101.95194, 102.91795, 1.57178E-07, 1.57178E-07, 1.57178E-07, 1.00, 0.45208, 0.31432, 0.45208, 0.31432, 0.40344, -0.14364, 0.90366, -54.5676, 16.96973, -81.56805
898, 294, -28.10025, 14.70145, 100.98905, 101.95538, 1.55865E-07, 1.55865E-07, 1.55865E-07, 1.00, 0.44418, 0.28677, 0.44418, 0.28677, 0.49267, -0.01693, 0.87005, -53.66719, 17.48628, -82.16135
899, 302, -27.57192, 18.06463, 103.11116, 104.07678, 1.65946E-07, 1.65946E-07, 1.65946E-07, 1.00, 0.50903, 0.28505, 0.50903, 0.28505, 0.21222, 0.12329, 0.96941, -55.92783, 19.774, -81.53786
900, 295, -27.53415, 14.08242, 101.95194, 102.91795, 1.57178E-07, 1.57178E-07, 1.57178E-07, 1.00, 0.45208, 0.31432, 0.45208, 0.31432, 0.40344, -0.14364, 0.90366, -54.5676, 16.96973, -81.56805
901, 302, -27.57192, 18.06463, 103.11116, 104.07678, 1.65946E-07, 1.65946E-07, 1.65946E-07, 1.00, 0.50903, 0.28505, 0.50903, 0.28505, 0.21222, 0.12329, 0.96941, -55.92783, 19.774, -81.53786
902, 299, -27.55217, 17.02531, 103.99557, 104.9609, 1.66900E-07, 1.66900E-07, 1.66900E-07, 1.00, 0.51159, 0.31455, 0.51159, 0.31455, -0.02477, 0.01353, 0.9996, -56.75453, 18.9584, -81.47809
903, 302, -27.57192, 18.06463, 103.11116, 104.07678, 1.65946E-07, 1.65946E-07, 1.65946E-07, 1.00, 0.50903, 0.28505, 0.50903, 0.28505, 0.21222, 0.12329, 0.96941, -55.92783, 19.774, -81.53786
904, 294, -28.10025, 14.70145, 100.98905, 101.95538, 1.55865E-07, 1.55865E-07, 1.55865E-07, 1.00, 0.44418, 0.28677, 0.44418, 0.28677, 0.49267, -0.01693, 0.87005, -53.66719, 17.48628, -82.16135
905, 303, -28.5103, 17.87698, 100.00452, 100.97118, 1.62169E-07, 1.62169E-07, 1.62169E-07, 1.00, 0.45161, 0.227, 0.45161, 0.227, 0.32611, 0.04124, 0.94443, -52.86869, 19.85712, -82.59827
906, 302, -27.57192, 18.06463, 103.11116, 104.07678, 1.65946E-07, 1.65946E-07, 1.65946E-07, 1.00, 0.50903, 0.28505, 0.50903, 0.28505, 0.21222, 0.12329, 0.96941, -55.92783, 19.774, -81.53786
907, 303, -28.5103, 17.87698, 100.00452, 100.97118, 1.62169E-07, 1.62169E-07, 1.62169E-07, 1.00, 0.45161, 0.227, 0.45161, 0.227, 0.32611, 0.04124, 0.94443, -52.86869, 19.85712, -82.59827
908, 304, -28.04843, 20.10078, 101.52328, 102.48944, 1.65703E-07, 1.65703E-07, 1.65703E-07, 1.00, 0.50946, 0.22644, 0.50946, 0.22644, 0.21371, 0.12962, 0.96826, -54.47325, 21.36166, -82.07148
909, 305, -28.5103, 17.87698, 100.00452, 100.97118, 1.49494E-07, 1.49494E-07, 1.49494E-07, 1.00, 0.44778, 0.16183, 0.44778, 0.16183, 0.63354, 0.17376, 0.75395, -52.86869, 19.85712, -82.59827
910, 287, -29.60724, 17.04691, 99.00655, 99.97353, 1.33592E-07, 1.33592E-07, 1.33592E-07, 1.00, 0.42484, 0.18234, 0.42484, 0.18234, 0.81005, -0.03715, 0.58519, -51.88438, 19.32593, -83.71055
911, 286, -29.78807, 18.96767, 98.69972, 99.66682, 1.35971E-07, 1.35971E-07, 1.35971E-07, 1.00, 0.44333, 0.18059, 0.44333, 0.18059, 0.79686, 0.13302, 0.58933, -51.68573, 20.73962, -83.89568
912, 305, -28.5103, 17.87698, 100.00452, 100.97118, 1.49494E-07, 1.49494E-07, 1.49494E-07, 1.00, 0.44778, 0.16183, 0.44778, 0.16183, 0.63354, 0.17376, 0.75395, -52.86869, 19.85712, -82.59827
913, 286, -29.78807, 18.96767, 98.69972, 99.66682, 1.35971E-07, 1.35971E-07, 1.35971E-07, 1.00, 0.44333, 0.18059, 0.44333, 0.18059, 0.79686, 0.13302, 0.58933, -51.68573, 20.73962, -83.89568
914, 306, -29.01984, 21.30872, 100.31693, 101.28349, 1.48456E-07, 1.48456E-07, 1.48456E-07, 1.00, 0.49524, 0.16213, 0.49524, 0.16213, 0.54923, 0.46984, 0.69108, -53.37977, 22.32218, -83.06737
915, 305, -28.5103, 17.87698, 100.00452, 100.97118, 1.49494E-07, 1.49494E-07, 1.49494E-07, 1.00, 0.44778, 0.16183, 0.44778, 0.16183, 0.63354, 0.17376, 0.75395, -52.86869, 19.85712, -82.59827
916, 306, -29.01984, 21.30872, 100.31693, 101.28349, 1.48456E-07, 1.48456E-07, 1.48456E-07, 1.00, 0.49524, 0.16213, 0.49524, 0.16213, 0.54923, 0.46984, 0.69108, -53.37977, 22.32218, -83.06737
917, 307, -28.04843, 20.10078, 101.52328, 102.48944, 1.58049E-07, 1.58049E-07, 1.58049E-07, 1.00, 0.49757, 0.14886, 0.49757, 0.14886, 0.40116, 0.40568, 0.82127, -54.47325, 21.36166, -82.07148
918, 285, -31.62257, 18.14805, 97.71785, 98.68527, NaN, NaN, NaN, 1.00, 0.42794, 0.21506, 0.42794, 0.21506, 0.96459, 0.24521, -0.09719, -50.75304, 20.21486, -85.72077
919, 308, -31.97042, 20.68063, 98.87848, 99.84551, NaN, NaN, NaN, 1.00, 0.45335, 0.2274, 0.45335, 0.2274, 0.73616, 0.65633, -0.16524, -52.0552, 21.96844, -85.99418
920, 309, -30.18102, 20.75242, 98.84914, 99.81619, NaN, NaN, NaN, 1.00, 0.46816, 0.18293, 0.46816, 0.18293, 0.74795, 0.61438, 0.25122, -51.9446, 22.02254, -84.26408
921, 285, -31.62257, 18.14805, 97.71785, 98.68527, NaN, NaN, NaN, 1.00, 0.42794, 0.21506, 0.42794, 0.21506, 0.96459, 0.24521, -0.09719, -50.75304, 20.21486, -85.72077
922, 309, -30.18102, 20.75242, 98.84914, 99.81619, NaN, NaN, NaN, 1.00, 0.46816, 0.18293, 0.46816, 0.18293, 0.74795, 0.61438, 0.25122, -51.9446, 22.02254, -84.26408
923, 286, -29.78807, 18.96767, 98.69972, 99.66682, 1.35971E-07, 1.35971E-07, 1.35971E-07, 1.00, 0.44333, 0.18059, 0.44333, 0.18059, 0.79686, 0.13302, 0.58933, -51.68573, 20.73962, -83.89568
924, 286, -29.78807, 18.96767, 98.69972, 99.66682, 1.35971E-07, 1.35971E-07, 1.35971E-07, 1.00, 0.44333, 0.18059, 0.44333, 0.18059, 0.79686, 0.13302, 0.58933, -51.68573, 20.73962, -83.89568
925, 309, -30.18102, 20.75242, 98.84914, 99.81619, NaN, NaN, NaN, 1.00, 0.46816, 0.18293, 0.46816, 0.18293, 0.74795, 0.61438, 0.25122, -51.9446, 22.02254, -84.26408
926, 306, -29.01984, 21.30872, 100.31693, 101.28349, 1.48456E-07, 1.48456E-07, 1.48456E-07, 1.00, 0.49524, 0.16213, 0.49524, 0.16213, 0.54923, 0.46984, 0.69108, -53.37977, 22.32218, -83.06737
927, 309, -30.18102, 20.75242, 98.84914, 99.81619, NaN, NaN, NaN, 1.00, 0.46816, 0.18293, 0.46816, 0.18293, 0.74795, 0.61438, 0.25122, -51.9446, 22.02254, -84.26408
928, 310, -32.40065, 23.91371, 101.20008, 102.16634, NaN, NaN, NaN, 1.00, 0.55016, 0.22415, 0.55016, 0.22415, 0.50025, 0.84485, -0.1897, -54.55344, 24.14782, -86.28873
929, 311, -30.49257, 24.07836, 101.41183, 102.37802, NaN, NaN, NaN, 1.00, 0.55016, 0.18074, 0.55016, 0.18074, 0.35036, 0.91029, 0.22048, -54.68206, 24.25221, -84.43177
930, 309, -30.18102, 20.75242, 98.84914, 99.81619, NaN, NaN, NaN, 1.00, 0.46816, 0.18293, 0.46816, 0.18293, 0.74795, 0.61438, 0.25122, -51.9446, 22.02254, -84.26408
931, 308, -31.97042, 20.68063, 98.87848, 99.84551, NaN, NaN, NaN, 1.00, 0.45335, 0.2274, 0.45335, 0.2274, 0.73616, 0.65633, -0.16524, -52.0552, 21.96844, -85.99418
932, 310, -32.40065, 23.91371, 101.20008, 102.16634, NaN, NaN, NaN, 1.00, 0.55016, 0.22415, 0.55016, 0.22415, 0.50025, 0.84485, -0.1897, -54.55344, 24.14782, -86.28873
933, 306, -29.01984, 21.30872, 100.31693, 101.28349, 1.48456E-07, 1.48456E-07, 1.48456E-07, 1.00, 0.49524, 0.16213, 0.49524, 0.16213, 0.54923, 0.46984, 0.69108, -53.37977, 22.32218, -83.06737
934, 309, -30.18102, 20.75242, 98.84914, 99.81619, NaN, NaN, NaN, 1.00, 0.46816, 0.18293, 0.46816, 0.18293, 0.74795, 0.61438, 0.25122, -51.9446, 22.02254, -84.26408
935, 311, -30.49257, 24.07836, 101.41183, 102.37802, NaN, NaN, NaN, 1.00, 0.55016, 0.18074, 0.55016, 0.18074, 0.35036, 0.91029, 0.22048, -54.68206, 24.25221, -84.43177
936, 306, -29.01984, 21.30872, 100.31693, 101.28349, 1.48456E-07, 1.48456E-07, 1.48456E-07, 1.00, 0.49524, 0.16213, 0.49524, 0.16213, 0.54923, 0.46984, 0.69108, -53.37977, 22.32218, -83.06737
937, 311, -30.49257, 24.07836, 101.41183, 102.37802, NaN, NaN, NaN, 1.00, 0.55016, 0.18074, 0.55016, 0.18074, 0.35036, 0.91029, 0.22048, -54.68206, 24.25221, -84.43177
938, 312, -29.25982, 23.60377, 102.04658, 103.01256, NaN, NaN, NaN, 1.00, 0.55127, 0.16103, 0.55127, 0.16103, 0.09438, 0.78612, 0.61082, -55.23136, 23.86348, -83.20915
939, 306, -29.01984, 21.30872, 100.31693, 101.28349, 1.48456E-07, 1.48456E-07, 1.48456E-07, 1.00, 0.49524, 0.16213, 0.49524, 0.16213, 0.54923, 0.46984, 0.69108, -53.37977, 22.32218, -83.06737
940, 312, -29.25982, 23.60377, 102.04658, 103.01256, NaN, NaN, NaN, 1.00, 0.55127, 0.16103, 0.55127, 0.16103, 0.09438, 0.78612, 0.61082, -55.23136, 23.86348, -83.20915
941, 307, -28.04843, 20.10078, 101.52328, 102.48944, 1.58049E-07, 1.58049E-07, 1.58049E-07, 1.00, 0.49757, 0.14886, 0.49757, 0.14886, 0.40116, 0.40568, 0.82127, -54.47325, 21.36166, -82.07148
942, 307, -28.04843, 20.10078, 101.52328, 102.48944, 1.58049E-07, 1.58049E-07, 1.58049E-07, 1.00, 0.49757, 0.14886, 0.49757, 0.14886, 0.40116, 0.40568, 0.82127, -54.47325, 21.36166, -82.07148
943, 312, -29.25982, 23.60377, 102.04658, 103.01256, NaN, NaN, NaN, 1.00, 0.55127, 0.16103, 0.55127, 0.16103, 0.09438, 0.78612, 0.61082, -55.23136, 23.86348, -83.20915
944, 313, -28.37551, 22.47788, 103.03305, 103.9987, NaN, NaN, NaN, 1.00, 0.55127, 0.14899, 0.55127, 0.14899, -0.00847, 0.71712, 0.6969, -56.11419, 22.97795, -82.3081
945, 302, -27.57192, 18.06463, 103.11116, 104.07678, 1.65946E-07, 1.65946E-07, 1.65946E-07, 1.00, 0.50903, 0.28505, 0.50903, 0.28505, 0.21222, 0.12329, 0.96941, -55.92783, 19.774, -81.53786
946, 304, -28.04843, 20.10078, 101.52328, 102.48944, 1.65703E-07, 1.65703E-07, 1.65703E-07, 1.00, 0.50946, 0.22644, 0.50946, 0.22644, 0.21371, 0.12962, 0.96826, -54.47325, 21.36166, -82.07148
947, 314, -28.37551, 22.47788, 103.03305, 103.9987, 1.64251E-07, 1.64251E-07, 1.64251E-07, 1.00, 0.55034, 0.22487, 0.55034, 0.22487, -0.08349, 0.43624, 0.89595, -56.11419, 22.97795, -82.3081
948, 302, -27.57192, 18.06463, 103.11116, 104.07678, 1.65946E-07, 1.65946E-07, 1.65946E-07, 1.00, 0.50903, 0.28505, 0.50903, 0.28505, 0.21222, 0.12329, 0.96941, -55.92783, 19.774, -81.53786
949, 314, -28.37551, 22.47788, 103.03305, 103.9987, 1.64251E-07, 1.64251E-07, 1.64251E-07, 1.00, 0.55034, 0.22487, 0.55034, 0.22487, -0.08349, 0.43624, 0.89595, -56.11419, 22.97795, -82.3081
950, 315, -27.74166, 20.49403, 104.60977, 105.5749, 1.62022E-07, 1.62022E-07, 1.62022E-07, 1.00, 0.54659, 0.28123, 0.54659, 0.28123, -0.28306, 0.41901, 0.86273, -57.55286, 21.42897, -81.62266
951, 299, -27.55217, 17.02531, 103.99557, 104.9609, 1.66900E-07, 1.66900E-07, 1.66900E-07, 1.00, 0.51159, 0.31455, 0.51159, 0.31455, -0.02477, 0.01353, 0.9996, -56.75453, 18.9584, -81.47809
952, 302, -27.57192, 18.06463, 103.11116, 104.07678, 1.65946E-07, 1.65946E-07, 1.65946E-07, 1.00, 0.50903, 0.28505, 0.50903, 0.28505, 0.21222, 0.12329, 0.96941, -55.92783, 19.774, -81.53786
953, 315, -27.74166, 20.49403, 104.60977, 105.5749, 1.62022E-07, 1.62022E-07, 1.62022E-07, 1.00, 0.54659, 0.28123, 0.54659, 0.28123, -0.28306, 0.41901, 0.86273, -57.55286, 21.42897, -81.62266
954, 299, -27.55217, 17.02531, 103.99557, 104.9609, 1.66900E-07, 1.66900E-07, 1.66900E-07, 1.00, 0.51159, 0.31455, 0.51159, 0.31455, -0.02477, 0.01353, 0.9996, -56.75453, 18.9584, -81.47809
955, 315, -27.74166, 20.49403, 104.60977, 105.5749, 1.62022E-07, 1.62022E-07, 1.62022E-07, 1.00, 0.54659, 0.28123, 0.54659, 0.28123, -0.28306, 0.41901, 0.86273, -57.55286, 21.42897, -81.62266
956, 316, -27.91443, 19.14263, 105.57821, 106.54301, NaN, NaN, NaN, 1.00, 0.55114, 0.31553, 0.55114, 0.31553, -0.36917, 0.29736, 0.88051, -58.45642, 20.38126, -81.74583
957, 300, -27.65612, 14.52093, 105.79431, 106.75904, 1.64605E-07, 1.64605E-07, 1.64605E-07, 1.00, 0.51356, 0.37896, 0.51356, 0.37896, -0.13601, -0.07832, 0.98761, -58.42275, 17.01653, -81.49696
958, 299, -27.55217, 17.02531, 103.99557, 104.9609, 1.66900E-07, 1.66900E-07, 1.66900E-07, 1.00, 0.51159, 0.31455, 0.51159, 0.31455, -0.02477, 0.01353, 0.9996, -56.75453, 18.9584, -81.47809
959, 316, -27.91443, 19.14263, 105.57821, 106.54301, NaN, NaN, NaN, 1.00, 0.55114, 0.31553, 0.55114, 0.31553, -0.36917, 0.29736, 0.88051, -58.45642, 20.38126, -81.74583
960, 300, -27.65612, 14.52093, 105.79431, 106.75904, 1.64605E-07, 1.64605E-07, 1.64605E-07, 1.00, 0.51356, 0.37896, 0.51356, 0.37896, -0.13601, -0.07832, 0.98761, -58.42275, 17.01653, -81.49696
961, 316, -27.91443, 19.14263, 105.57821, 106.54301, NaN, NaN, NaN, 1.00, 0.55114, 0.31553, 0.55114, 0.31553, -0.36917, 0.29736, 0.88051, -58.45642, 20.38126, -81.74583
962, 317, -28.13091, 16.67932, 107.38905, 108.35325, NaN, NaN, NaN, 1.00, 0.5597, 0.37925, 0.5597, 0.37925, -0.49474, 0.19775, 0.84624, -60.14415, 18.46831, -81.87289
963, 301, -28.01738, 13.08223, 106.087, 107.05163, 1.58685E-07, 1.58685E-07, 1.58685E-07, 1.00, 0.48703, 0.40128, 0.48703, 0.40128, -0.22497, -0.25001, 0.94175, -58.65777, 15.95322, -81.83579
964, 300, -27.65612, 14.52093, 105.79431, 106.75904, 1.64605E-07, 1.64605E-07, 1.64605E-07, 1.00, 0.51356, 0.37896, 0.51356, 0.37896, -0.13601, -0.07832, 0.98761, -58.42275, 17.01653, -81.49696
965, 317, -28.13091, 16.67932, 107.38905, 108.35325, NaN, NaN, NaN, 1.00, 0.5597, 0.37925, 0.5597, 0.37925, -0.49474, 0.19775, 0.84624, -60.14415, 18.46831, -81.87289
966, 312, -29.25982, 23.60377, 102.04658, 103.01256, NaN, NaN, NaN, 1.00, 0.55127, 0.16103, 0.55127, 0.16103, 0.09438, 0.78612, 0.61082, -55.23136, 23.86348, -83.20915
967, 311, -30.49257, 24.07836, 101.41183, 102.37802, NaN, NaN, NaN, 1.00, 0.55016, 0.18074, 0.55016, 0.18074, 0.35036, 0.91029, 0.22048, -54.68206, 24.25221, -84.43177
968, 318, -30.81189, 24.32903, 102.62595, 103.59174, NaN, NaN, NaN, 1.00, 0.579, 0.18414, 0.579, 0.18414, -0.21173, 0.94939, 0.232, -55.91931, 24.34824, -84.68069
969, 313, -28.37551, 22.47788, 103.03305, 103.9987, NaN, NaN, NaN, 1.00, 0.55127, 0.14899, 0.55127, 0.14899, -0.00847, 0.71712, 0.6969, -56.11419, 22.97795, -82.3081
970, 312, -29.25982, 23.60377, 102.04658, 103.01256, NaN, NaN, NaN, 1.00, 0.55127, 0.16103, 0.55127, 0.16103, 0.09438, 0.78612, 0.61082, -55.23136, 23.86348, -83.20915
971, 319, -30.32026, 23.29839, 103.95384, 104.91918, NaN, NaN, NaN, 1.00, 0.60997, 0.17511, 0.60997, 0.17511, -0.41682, 0.85814, 0.29976, -57.16572, 23.50764, -84.14264
972, 319, -30.32026, 23.29839, 103.95384, 104.91918, NaN, NaN, NaN, 1.00, 0.60997, 0.17511, 0.60997, 0.17511, -0.41682, 0.85814, 0.29976, -57.16572, 23.50764, -84.14264
973, 312, -29.25982, 23.60377, 102.04658, 103.01256, NaN, NaN, NaN, 1.00, 0.55127, 0.16103, 0.55127, 0.16103, 0.09438, 0.78612, 0.61082, -55.23136, 23.86348, -83.20915
974, 318, -30.81189, 24.32903, 102.62595, 103.59174, NaN, NaN, NaN, 1.00, 0.579, 0.18414, 0.579, 0.18414, -0.21173, 0.94939, 0.232, -55.91931, 24.34824, -84.68069
975, 315, -27.74166, 20.49403, 104.60977, 105.5749, 1.62022E-07, 1.62022E-07, 1.62022E-07, 1.00, 0.54659, 0.28123, 0.54659, 0.28123, -0.28306, 0.41901, 0.86273, -57.55286, 21.42897, -81.62266
976, 314, -28.37551, 22.47788, 103.03305, 103.9987, 1.64251E-07, 1.64251E-07, 1.64251E-07, 1.00, 0.55034, 0.22487, 0.55034, 0.22487, -0.08349, 0.43624, 0.89595, -56.11419, 22.97795, -82.3081
977, 320, -30.32026, 23.29839, 103.95384, 104.91918, NaN, NaN, NaN, 1.00, 0.58419, 0.22272, 0.58419, 0.22272, -0.55409, 0.74805, 0.36526, -57.16572, 23.50764, -84.14264
978, 315, -27.74166, 20.49403, 104.60977, 105.5749, 1.62022E-07, 1.62022E-07, 1.62022E-07, 1.00, 0.54659, 0.28123, 0.54659, 0.28123, -0.28306, 0.41901, 0.86273, -57.55286, 21.42897, -81.62266
979, 320, -30.32026, 23.29839, 103.95384, 104.91918, NaN, NaN, NaN, 1.00, 0.58419, 0.22272, 0.58419, 0.22272, -0.55409, 0.74805, 0.36526, -57.16572, 23.50764, -84.14264
980, 321, -29.71736, 21.54686, 105.69661, 106.66137, NaN, NaN, NaN, 1.00, 0.58059, 0.27908, 0.58059, 0.27908, -0.64235, 0.65658, 0.39534, -58.78313, 22.11534, -83.47843
981, 316, -27.91443, 19.14263, 105.57821, 106.54301, NaN, NaN, NaN, 1.00, 0.55114, 0.31553, 0.55114, 0.31553, -0.36917, 0.29736, 0.88051, -58.45642, 20.38126, -81.74583
982, 315, -27.74166, 20.49403, 104.60977, 105.5749, 1.62022E-07, 1.62022E-07, 1.62022E-07, 1.00, 0.54659, 0.28123, 0.54659, 0.28123, -0.28306, 0.41901, 0.86273, -57.55286, 21.42897, -81.62266
983, 321, -29.71736, 21.54686, 105.69661, 106.66137, NaN, NaN, NaN, 1.00, 0.58059, 0.27908, 0.58059, 0.27908, -0.64235, 0.65658, 0.39534, -58.78313, 22.11534, -83.47843
984, 316, -27.91443, 19.14263, 105.57821, 106.54301, NaN, NaN, NaN, 1.00, 0.55114, 0.31553, 0.55114, 0.31553, -0.36917, 0.29736, 0.88051, -58.45642, 20.38126, -81.74583
985, 321, -29.71736, 21.54686, 105.69661, 106.66137, NaN, NaN, NaN, 1.00, 0.58059, 0.27908, 0.58059, 0.27908, -0.64235, 0.65658, 0.39534, -58.78313, 22.11534, -83.47843
986, 322, -29.36331, 20.0936, 106.62647, 107.59093, NaN, NaN, NaN, 1.00, 0.57904, 0.31584, 0.57904, 0.31584, -0.70366, 0.54512, 0.45576, -59.61803, 20.99653, -83.09402
987, 317, -28.13091, 16.67932, 107.38905, 108.35325, NaN, NaN, NaN, 1.00, 0.5597, 0.37925, 0.5597, 0.37925, -0.49474, 0.19775, 0.84624, -60.14415, 18.46831, -81.87289
988, 316, -27.91443, 19.14263, 105.57821, 106.54301, NaN, NaN, NaN, 1.00, 0.55114, 0.31553, 0.55114, 0.31553, -0.36917, 0.29736, 0.88051, -58.45642, 20.38126, -81.74583
989, 322, -29.36331, 20.0936, 106.62647, 107.59093, NaN, NaN, NaN, 1.00, 0.57904, 0.31584, 0.57904, 0.31584, -0.70366, 0.54512, 0.45576, -59.61803, 20.99653, -83.09402
990, 317, -28.13091, 16.67932, 107.38905, 108.35325, NaN, NaN, NaN, 1.00, 0.5597, 0.37925, 0.5597, 0.37925, -0.49474, 0.19775, 0.84624, -60.14415, 18.46831, -81.87289
991, 322, -29.36331, 20.0936, 106.62647, 107.59093, NaN, NaN, NaN, 1.00, 0.57904, 0.31584, 0.57904, 0.31584, -0.70366, 0.54512, 0.45576, -59.61803, 20.99653, -83.09402
992, 323, -29.77192, 17.60262, 108.05264, 109.01661, NaN, NaN, NaN, 1.00, 0.5884, 0.37215, 0.5884, 0.37215, -0.8197, 0.50206, 0.27574, -60.93033, 19.09065, -83.42587
993, 324, -31.71882, 19.87417, 107.06329, 108.02759, NaN, NaN, NaN, 1.00, 0.60972, 0.31473, 0.60972, 0.31473, -0.84027, 0.53868, -0.06135, -60.15381, 20.8067, -85.35229
994, 323, -29.77192, 17.60262, 108.05264, 109.01661, NaN, NaN, NaN, 1.00, 0.5884, 0.37215, 0.5884, 0.37215, -0.8197, 0.50206, 0.27574, -60.93033, 19.09065, -83.42587
995, 322, -29.36331, 20.0936, 106.62647, 107.59093, NaN, NaN, NaN, 1.00, 0.57904, 0.31584, 0.57904, 0.31584, -0.70366, 0.54512, 0.45576, -59.61803, 20.99653, -83.09402
996, 323, -29.77192, 17.60262, 108.05264, 109.01661, NaN, NaN, NaN, 1.00, 0.5884, 0.37215, 0.5884, 0.37215, -0.8197, 0.50206, 0.27574, -60.93033, 19.09065, -83.42587
997, 324, -31.71882, 19.87417, 107.06329, 108.02759, NaN, NaN, NaN, 1.00, 0.60972, 0.31473, 0.60972, 0.31473, -0.84027, 0.53868, -0.06135, -60.15381, 20.8067, -85.35229
998, 325, -31.35946, 17.52796, 108.24215, 109.20606, NaN, NaN, NaN, 1.00, 0.61158, 0.36739, 0.61158, 0.36739, -0.86831, 0.49338, -0.05112, -61.19072, 19.02318, -84.95281
999, 324, -31.71882, 19.87417, 107.06329, 108.02759, NaN, NaN, NaN, 1.00, 0.60972, 0.31473, 0.60972, 0.31473, -0.84027, 0.53868, -0.06135, -60.15381, 20.8067, -85.35229
1000, 322, -29.36331, 20.0936, 106.62647, 107.59093, NaN, NaN, NaN, 1.00, 0.57904, 0.31584, 0.57904, 0.31584, -0.70366, 0.54512, 0.45576, -59.61803, 20.99653, -83.09402
1001, 321, -29.71736, 21.54686, 105.69661, 106.66137, NaN, NaN, NaN, 1.00, 0.58059, 0.27908, 0.58059, 0.27908, -0.64235, 0.65658, 0.39534, -58.78313, 22.11534, -83.47843
1002, 324, -31.71882, 19.87417, 107.06329, 108.02759, NaN, NaN, NaN, 1.00, 0.60972, 0.31473, 0.60972, 0.31473, -0.84027, 0.53868, -0.06135, -60.15381, 20.8067, -85.35229
1003, 321, -29.71736, 21.54686, 105.69661, 106.66137, NaN, NaN, NaN, 1.00, 0.58059, 0.27908, 0.58059, 0.27908, -0.64235, 0.65658, 0.39534, -58.78313, 22.11534, -83.47843
1004, 326, -32.0041, 21.72131, 105.99165, 106.95631, NaN, NaN, NaN, 1.00, 0.60881, 0.27062, 0.60881, 0.27062, -0.73281, 0.67403, -0.09315, -59.19462, 22.22096, -85.67611
1005, 326, -32.0041, 21.72131, 105.99165, 106.95631, NaN, NaN, NaN, 1.00, 0.60881, 0.27062, 0.60881, 0.27062, -0.73281, 0.67403, -0.09315, -59.19462, 22.22096, -85.67611
1006, 321, -29.71736, 21.54686, 105.69661, 106.66137, NaN, NaN, NaN, 1.00, 0.58059, 0.27908, 0.58059, 0.27908, -0.64235, 0.65658, 0.39534, -58.78313, 22.11534, -83.47843
1007, 320, -30.32026, 23.29839, 103.95384, 104.91918, NaN, NaN, NaN, 1.00, 0.58419, 0.22272, 0.58419, 0.22272, -0.55409, 0.74805, 0.36526, -57.16572, 23.50764, -84.14264
1008, 326, -32.0041, 21.72131, 105.99165, 106.95631, NaN, NaN, NaN, 1.00, 0.60881, 0.27062, 0.60881, 0.27062, -0.73281, 0.67403, -0.09315, -59.19462, 22.22096, -85.67611
1009, 320, -30.32026, 23.29839, 103.95384, 104.91918, NaN, NaN, NaN, 1.00, 0.58419, 0.22272, 0.58419, 0.22272, -0.55409, 0.74805, 0.36526, -57.16572, 23.50764, -84.14264
1010, 327, -32.30349, 23.60046, 104.34486, 105.31007, NaN, NaN, NaN, 1.00, 0.60935, 0.21549, 0.60935, 0.21549, -0.70363, 0.70344, -0.10035, -57.6649, 23.69898, -86.04163
1011, 328, -32.30349, 23.60046, 104.34486, 105.31007, NaN, NaN, NaN, 1.00, 0.6094, 0.21557, 0.6094, 0.21557, -0.43251, 0.88901, -0.15031, -57.6649, 23.69898, -86.04163
1012, 319, -30.32026, 23.29839, 103.95384, 104.91918, NaN, NaN, NaN, 1.00, 0.60997, 0.17511, 0.60997, 0.17511, -0.41682, 0.85814, 0.29976, -57.16572, 23.50764, -84.14264
1013, 329, -32.45005, 24.43023, 102.74532, 103.71106, NaN, NaN, NaN, 1.00, 0.58422, 0.22302, 0.58422, 0.22302, -0.19743, 0.96421, -0.17699, -56.12125, 24.41316, -86.25962
1014, 329, -32.45005, 24.43023, 102.74532, 103.71106, NaN, NaN, NaN, 1.00, 0.58422, 0.22302, 0.58422, 0.22302, -0.19743, 0.96421, -0.17699, -56.12125, 24.41316, -86.25962
1015, 319, -30.32026, 23.29839, 103.95384, 104.91918, NaN, NaN, NaN, 1.00, 0.60997, 0.17511, 0.60997, 0.17511, -0.41682, 0.85814, 0.29976, -57.16572, 23.50764, -84.14264
1016, 318, -30.81189, 24.32903, 102.62595, 103.59174, NaN, NaN, NaN, 1.00, 0.579, 0.18414, 0.579, 0.18414, -0.21173, 0.94939, 0.232, -55.91931, 24.34824, -84.68069
1017, 329, -32.45005, 24.43023, 102.74532, 103.71106, NaN, NaN, NaN, 1.00, 0.58422, 0.22302, 0.58422, 0.22302, -0.19743, 0.96421, -0.17699, -56.12125, 24.41316, -86.25962
1018, 311, -30.49257, 24.07836, 101.41183, 102.37802, NaN, NaN, NaN, 1.00, 0.55016, 0.18074, 0.55016, 0.18074, 0.35036, 0.91029, 0.22048, -54.68206, 24.25221, -84.43177
1019, 310, -32.40065, 23.91371, 101.20008, 102.16634, NaN, NaN, NaN, 1.00, 0.55016, 0.22415, 0.55016, 0.22415, 0.50025, 0.84485, -0.1897, -54.55344, 24.14782, -86.28873
1020, 311, -30.49257, 24.07836, 101.41183, 102.37802, NaN, NaN, NaN, 1.00, 0.55016, 0.18074, 0.55016, 0.18074, 0.35036, 0.91029, 0.22048, -54.68206, 24.25221, -84.43177
1021, 329, -32.45005, 24.43023, 102.74532, 103.71106, NaN, NaN, NaN, 1.00, 0.58422, 0.22302, 0.58422, 0.22302, -0.19743, 0.96421, -0.17699, -56.12125, 24.41316, -86.25962
1022, 318, -30.81189, 24.32903, 102.62595, 103.59174, NaN, NaN, NaN, 1.00, 0.579, 0.18414, 0.579, 0.18414, -0.21173, 0.94939, 0.232, -55.91931, 24.34824, -84.68069
1023, 1, -30.86718, 13.14948, 99.60851, 100.57529, NaN, NaN, NaN, 1.00, 0.44849, 0.00096, 0.44849, 0.00096, 0.91333, -0.40598, 0.03184, -52.34426, 16.45889, -84.90996
1024, 0, -30.5482, 11.04379, 100.45166, 101.41817, NaN, NaN, NaN, 1.00, 0.44849, 0.14128, 0.44849, 0.14128, 0.84528, -0.53098, 0.0596, -53.06106, 14.87335, -84.56536
1025, 330, -32.81026, 13.24053, 100.04635, 101.01299, NaN, NaN, NaN, 1.00, 0.64421, 0.00096, 0.64421, 0.00096, 0.69199, -0.57355, -0.43838, -52.87737, 16.49399, -86.76835
1026, 330, -32.81026, 13.24053, 100.04635, 101.01299, NaN, NaN, NaN, 1.00, 0.64421, 0.00096, 0.64421, 0.00096, 0.69199, -0.57355, -0.43838, -52.87737, 16.49399, -86.76835
1027, 0, -30.5482, 11.04379, 100.45166, 101.41817, NaN, NaN, NaN, 1.00, 0.44849, 0.14128, 0.44849, 0.14128, 0.84528, -0.53098, 0.0596, -53.06106, 14.87335, -84.56536
1028, 331, -33.00971, 11.93167, 101.32542, 102.29163, NaN, NaN, NaN, 1.00, 0.68555, 0.13161, 0.68555, 0.13161, 0.58772, -0.62184, -0.51759, -54.09375, 15.45522, -86.90203
1029, 330, -32.81026, 13.24053, 100.04635, 101.01299, NaN, NaN, NaN, 1.00, 0.64421, 0.00096, 0.64421, 0.00096, 0.69199, -0.57355, -0.43838, -52.87737, 16.49399, -86.76835
1030, 331, -33.00971, 11.93167, 101.32542, 102.29163, NaN, NaN, NaN, 1.00, 0.68555, 0.13161, 0.68555, 0.13161, 0.58772, -0.62184, -0.51759, -54.09375, 15.45522, -86.90203
1031, 332, -33.82337, 13.22754, 101.07813, 102.04443, NaN, NaN, NaN, 1.00, 0.74824, 0.07275, 0.74824, 0.07275, 0.55849, -0.57762, -0.59535, -53.95249, 16.4118, -87.69814
1032, 333, -52.71719, -27.52536, 131.41759, 132.37378, NaN, NaN, NaN, 1.00, 0.08136, 0.13403, 0.08136, 0.13403, 0.37676, -0.37203, -0.84832, -82.98141, -15.26298, -104.59699
1033, 334, -54.54716, -21.98402, 131.14522, 132.1015, 8.25148E-08, 8.25148E-08, 8.25148E-08, 1.00, 0.17143, 0.09234, 0.17143, 0.09234, 0.34632, -0.35335, -0.86903, -83.08083, -11.22778, -106.36698
1034, 335, -53.49108, -23.15236, 129.64473, 130.60152, NaN, NaN, NaN, 1.00, 0.12471, 0.08883, 0.12471, 0.08883, 0.36181, -0.37858, -0.85192, -81.47636, -11.96869, -105.42152
1035, 336, -53.83543, -26.13687, 132.59422, 133.55002, 8.25147E-08, 8.25147E-08, 8.25147E-08, 1.00, 0.12373, 0.13903, 0.12373, 0.13903, 0.35034, -0.34445, -0.87099, -84.27754, -14.33968, -105.61787
1036, 334, -54.54716, -21.98402, 131.14522, 132.1015, 8.25148E-08, 8.25148E-08, 8.25148E-08, 1.00, 0.17143, 0.09234, 0.17143, 0.09234, 0.34632, -0.35335, -0.86903, -83.08083, -11.22778, -106.36698
1037, 333, -52.71719, -27.52536, 131.41759, 132.37378, NaN, NaN, NaN, 1.00, 0.08136, 0.13403, 0.08136, 0.13403, 0.37676, -0.37203, -0.84832, -82.98141, -15.26298, -104.59699
1038, 333, -52.71719, -27.52536, 131.41759, 132.37378, NaN, NaN, NaN, 1.00, 0.08136, 0.13403, 0.08136, 0.13403, 0.37676, -0.37203, -0.84832, -82.98141, -15.26298, -104.59699
1039, 335, -53.49108, -23.15236, 129.64473, 130.60152, NaN, NaN, NaN, 1.00, 0.12471, 0.08883, 0.12471, 0.08883, 0.36181, -0.37858, -0.85192, -81.47636, -11.96869, -105.42152
1040, 337, -52.38544, -24.97211, 128.81976, 129.77682, NaN, NaN, NaN, 1.00, 0.07377, 0.08963, 0.07377, 0.08963, 0.38516, -0.38584, -0.83832, -80.50899, -13.22933, -104.39669
1041, 334, -54.54716, -21.98402, 131.14522, 132.1015, 8.25148E-08, 8.25148E-08, 8.25148E-08, 1.00, 0.17143, 0.09234, 0.17143, 0.09234, 0.34632, -0.35335, -0.86903, -83.08083, -11.22778, -106.36698
1042, 336, -53.83543, -26.13687, 132.59422, 133.55002, 8.25147E-08, 8.25147E-08, 8.25147E-08, 1.00, 0.12373, 0.13903, 0.12373, 0.13903, 0.35034, -0.34445, -0.87099, -84.27754, -14.33968, -105.61787
1043, 338, -54.71944, -23.77871, 133.08385, 134.03947, 8.23656E-08, 8.23656E-08, 8.23656E-08, 1.00, 0.16611, 0.12918, 0.16611, 0.12918, 0.29285, -0.3288, -0.89785, -84.92794, -12.66518, -106.44333
1044, 339, -49.15127, -19.2262, 132.35556, 133.31143, NaN, NaN, NaN, 1.00, 0.13161, 0.00331, 0.13161, 0.00331, 0.41001, 0.9113, 0.03766, -84.17101, -9.31447, -101.07999
1045, 340, -52.01197, -19.83489, 131.86879, 132.82481, NaN, NaN, NaN, 1.00, 0.17579, 0.04419, 0.17579, 0.04419, 0.35191, 0.92054, -0.1696, -83.791, -9.72127, -103.87322
1046, 341, -49.54382, -18.98366, 133.06152, 134.01717, NaN, NaN, NaN, 1.00, 0.17648, 0.0044, 0.17648, 0.0044, 0.21865, 0.96943, -0.11138, -84.9052, -9.18848, -101.42464
1047, 342, -50.90363, -20.89464, 130.12483, 131.08145, NaN, NaN, NaN, 1.00, 0.12673, 0.04318, 0.12673, 0.04318, 0.57765, 0.81621, -0.01152, -81.94713, -10.3663, -102.88884
1048, 340, -52.01197, -19.83489, 131.86879, 132.82481, NaN, NaN, NaN, 1.00, 0.17579, 0.04419, 0.17579, 0.04419, 0.35191, 0.92054, -0.1696, -83.791, -9.72127, -103.87322
1049, 339, -49.15127, -19.2262, 132.35556, 133.31143, NaN, NaN, NaN, 1.00, 0.13161, 0.00331, 0.13161, 0.00331, 0.41001, 0.9113, 0.03766, -84.17101, -9.31447, -101.07999
1050, 343, -49.56395, -21.36272, 134.25241, 135.20766, NaN, NaN, NaN, 1.00, 0.27177, 0.00674, 0.27177, 0.00674, -0.84694, -0.35713, 0.39389, -85.97045, -10.99666, -101.39185
1051, 344, -50.0839, -26.32863, 132.7939, 133.74963, NaN, NaN, NaN, 1.00, 0.32124, 0.0475, 0.32124, 0.0475, -0.71142, -0.56615, 0.41635, -84.28828, -14.49274, -101.97878
1052, 345, -48.5401, -22.61514, 133.28558, 134.24115, NaN, NaN, NaN, 1.00, 0.31673, 0.00658, 0.31673, 0.00658, -0.76053, -0.44527, 0.47258, -84.89473, -11.83614, -100.45166
1053, 346, -51.26386, -24.95203, 134.10912, 135.06441, NaN, NaN, NaN, 1.00, 0.27484, 0.04949, 0.27484, 0.04949, -0.85896, -0.47842, 0.18251, -85.72476, -13.58783, -103.05264
1054, 344, -50.0839, -26.32863, 132.7939, 133.74963, NaN, NaN, NaN, 1.00, 0.32124, 0.0475, 0.32124, 0.0475, -0.71142, -0.56615, 0.41635, -84.28828, -14.49274, -101.97878
1055, 343, -49.56395, -21.36272, 134.25241, 135.20766, NaN, NaN, NaN, 1.00, 0.27177, 0.00674, 0.27177, 0.00674, -0.84694, -0.35713, 0.39389, -85.97045, -10.99666, -101.39185
1056, 347, -48.15961, -20.78178, 131.616, 132.57211, NaN, NaN, NaN, 1.00, 0.06758, 0.0022, 0.06758, 0.0022, 0.6127, 0.72617, 0.31189, -83.30763, -10.38968, -100.1606
1057, 342, -50.90363, -20.89464, 130.12483, 131.08145, NaN, NaN, NaN, 1.00, 0.12673, 0.04318, 0.12673, 0.04318, 0.57765, 0.81621, -0.01152, -81.94713, -10.3663, -102.88884
1058, 339, -49.15127, -19.2262, 132.35556, 133.31143, NaN, NaN, NaN, 1.00, 0.13161, 0.00331, 0.13161, 0.00331, 0.41001, 0.9113, 0.03766, -84.17101, -9.31447, -101.07999
1059, 348, -49.73651, -22.84252, 129.29268, 130.24957, NaN, NaN, NaN, 1.00, 0.06962, 0.04232, 0.06962, 0.04232, 0.76215, 0.63829, 0.10818, -80.96311, -11.71931, -101.80521
1060, 342, -50.90363, -20.89464, 130.12483, 131.08145, NaN, NaN, NaN, 1.00, 0.12673, 0.04318, 0.12673, 0.04318, 0.57765, 0.81621, -0.01152, -81.94713, -10.3663, -102.88884
1061, 347, -48.15961, -20.78178, 131.616, 132.57211, NaN, NaN, NaN, 1.00, 0.06758, 0.0022, 0.06758, 0.0022, 0.6127, 0.72617, 0.31189, -83.30763, -10.38968, -100.1606
1062, 349, -48.5401, -22.61514, 133.28558, 134.24115, 1.33648E-07, 1.33648E-07, 1.33648E-07, 1.00, 0.00909, 0.00308, 0.00909, 0.00308, 0.30185, -0.45588, 0.83729, -84.89473, -11.83614, -100.45166
1063, 350, -49.73651, -22.84252, 129.29268, 130.24957, 1.26262E-07, 1.26262E-07, 1.26262E-07, 1.00, 0.06953, 0.04232, 0.06953, 0.04232, 0.38575, -0.53769, 0.74973, -80.96311, -11.71931, -101.80521
1064, 351, -48.15961, -20.78178, 131.616, 132.57211, 1.32362E-07, 1.32362E-07, 1.32362E-07, 1.00, 0.06744, 0.00219, 0.06744, 0.00219, 0.29674, -0.49032, 0.81947, -83.30763, -10.38968, -100.1606
1065, 352, -50.0839, -26.32863, 132.7939, 133.74963, 1.18786E-07, 1.18786E-07, 1.18786E-07, 1.00, 0.00573, 0.04991, 0.00573, 0.04991, 0.4656, -0.59733, 0.653, -84.28828, -14.49274, -101.97878
1066, 350, -49.73651, -22.84252, 129.29268, 130.24957, 1.26262E-07, 1.26262E-07, 1.26262E-07, 1.00, 0.06953, 0.04232, 0.06953, 0.04232, 0.38575, -0.53769, 0.74973, -80.96311, -11.71931, -101.80521
1067, 349, -48.5401, -22.61514, 133.28558, 134.24115, 1.33648E-07, 1.33648E-07, 1.33648E-07, 1.00, 0.00909, 0.00308, 0.00909, 0.00308, 0.30185, -0.45588, 0.83729, -84.89473, -11.83614, -100.45166
1068, 353, -49.72094, -20.23885, 134.3273, 135.28253, NaN, NaN, NaN, 1.00, 0.22293, 0.00477, 0.22293, 0.00477, -0.97525, -0.17229, 0.13858, -86.11004, -10.18743, -101.53725
1069, 346, -51.26386, -24.95203, 134.10912, 135.06441, NaN, NaN, NaN, 1.00, 0.27484, 0.04949, 0.27484, 0.04949, -0.85896, -0.47842, 0.18251, -85.72476, -13.58783, -103.05264
1070, 343, -49.56395, -21.36272, 134.25241, 135.20766, NaN, NaN, NaN, 1.00, 0.27177, 0.00674, 0.27177, 0.00674, -0.84694, -0.35713, 0.39389, -85.97045, -10.99666, -101.39185
1071, 354, -52.18699, -22.30458, 134.47218, 135.42735, NaN, NaN, NaN, 1.00, 0.22844, 0.04552, 0.22844, 0.04552, -0.95175, -0.29806, -0.07306, -86.26579, -11.69475, -103.92139
1072, 346, -51.26386, -24.95203, 134.10912, 135.06441, NaN, NaN, NaN, 1.00, 0.27484, 0.04949, 0.27484, 0.04949, -0.85896, -0.47842, 0.18251, -85.72476, -13.58783, -103.05264
1073, 353, -49.72094, -20.23885, 134.3273, 135.28253, NaN, NaN, NaN, 1.00, 0.22293, 0.00477, 0.22293, 0.00477, -0.97525, -0.17229, 0.13858, -86.11004, -10.18743, -101.53725
1074, 355, -49.54382, -18.98366, 133.06152, 134.01717, NaN, NaN, NaN, 1.00, 0.17658, 0.0044, 0.17658, 0.0044, -0.55984, 0.71719, -0.41499, -84.9052, -9.18848, -101.42464
1075, 356, -52.18699, -22.30458, 134.47218, 135.42735, NaN, NaN, NaN, 1.00, 0.22837, 0.04551, 0.22837, 0.04551, -0.53802, 0.68983, -0.48443, -86.26579, -11.69475, -103.92139
1076, 357, -49.72094, -20.23885, 134.3273, 135.28253, NaN, NaN, NaN, 1.00, 0.22281, 0.00477, 0.22281, 0.00477, -0.55648, 0.71817, -0.4178, -86.11004, -10.18743, -101.53725
1077, 358, -52.01197, -19.83489, 131.86879, 132.82481, NaN, NaN, NaN, 1.00, 0.17578, 0.04431, 0.17578, 0.04431, -0.51555, 0.65797, -0.5489, -83.791, -9.72127, -103.87322
1078, 356, -52.18699, -22.30458, 134.47218, 135.42735, NaN, NaN, NaN, 1.00, 0.22837, 0.04551, 0.22837, 0.04551, -0.53802, 0.68983, -0.48443, -86.26579, -11.69475, -103.92139
1079, 355, -49.54382, -18.98366, 133.06152, 134.01717, NaN, NaN, NaN, 1.00, 0.17658, 0.0044, 0.17658, 0.0044, -0.55984, 0.71719, -0.41499, -84.9052, -9.18848, -101.42464
1080, 342, -50.90363, -20.89464, 130.12483, 131.08145, NaN, NaN, NaN, 1.00, 0.12673, 0.04318, 0.12673, 0.04318, 0.57765, 0.81621, -0.01152, -81.94713, -10.3663, -102.88884
1081, 359, -53.55038, -21.20608, 131.16252, 132.11879, NaN, NaN, NaN, 1.00, 0.172, 0.07336, 0.172, 0.07336, 0.45701, 0.81814, -0.34899, -83.0905, -10.6652, -105.39973
1082, 340, -52.01197, -19.83489, 131.86879, 132.82481, NaN, NaN, NaN, 1.00, 0.17579, 0.04419, 0.17579, 0.04419, 0.35191, 0.92054, -0.1696, -83.791, -9.72127, -103.87322
1083, 360, -52.49734, -22.1755, 129.46838, 130.42522, NaN, NaN, NaN, 1.00, 0.12388, 0.07229, 0.12388, 0.07229, 0.70263, 0.64749, -0.29508, -81.30349, -11.24828, -104.46619
1084, 359, -53.55038, -21.20608, 131.16252, 132.11879, NaN, NaN, NaN, 1.00, 0.172, 0.07336, 0.172, 0.07336, 0.45701, 0.81814, -0.34899, -83.0905, -10.6652, -105.39973
1085, 342, -50.90363, -20.89464, 130.12483, 131.08145, NaN, NaN, NaN, 1.00, 0.12673, 0.04318, 0.12673, 0.04318, 0.57765, 0.81621, -0.01152, -81.94713, -10.3663, -102.88884
1086, 346, -51.26386, -24.95203, 134.10912, 135.06441, NaN, NaN, NaN, 1.00, 0.27484, 0.04949, 0.27484, 0.04949, -0.85896, -0.47842, 0.18251, -85.72476, -13.58783, -103.05264
1087, 361, -51.72058, -27.52771, 132.1824, 133.13834, NaN, NaN, NaN, 1.00, 0.32207, 0.07652, 0.32207, 0.07652, -0.53764, -0.84287, 0.02263, -83.69565, -15.31862, -103.59529
1088, 344, -50.0839, -26.32863, 132.7939, 133.74963, NaN, NaN, NaN, 1.00, 0.32124, 0.0475, 0.32124, 0.0475, -0.71142, -0.56615, 0.41635, -84.28828, -14.49274, -101.97878
1089, 362, -52.84439, -26.23912, 133.44904, 134.40454, NaN, NaN, NaN, 1.00, 0.27439, 0.07848, 0.27439, 0.07848, -0.69052, -0.67121, -0.26955, -85.07657, -14.47408, -104.61742
1090, 361, -51.72058, -27.52771, 132.1824, 133.13834, NaN, NaN, NaN, 1.00, 0.32207, 0.07652, 0.32207, 0.07652, -0.53764, -0.84287, 0.02263, -83.69565, -15.31862, -103.59529
1091, 346, -51.26386, -24.95203, 134.10912, 135.06441, NaN, NaN, NaN, 1.00, 0.27484, 0.04949, 0.27484, 0.04949, -0.85896, -0.47842, 0.18251, -85.72476, -13.58783, -103.05264
1092, 348, -49.73651, -22.84252, 129.29268, 130.24957, NaN, NaN, NaN, 1.00, 0.06962, 0.04232, 0.06962, 0.04232, 0.76215, 0.63829, 0.10818, -80.96311, -11.71931, -101.80521
1093, 360, -52.49734, -22.1755, 129.46838, 130.42522, NaN, NaN, NaN, 1.00, 0.12388, 0.07229, 0.12388, 0.07229, 0.70263, 0.64749, -0.29508, -81.30349, -11.24828, -104.46619
1094, 342, -50.90363, -20.89464, 130.12483, 131.08145, NaN, NaN, NaN, 1.00, 0.12673, 0.04318, 0.12673, 0.04318, 0.57765, 0.81621, -0.01152, -81.94713, -10.3663, -102.88884
1095, 363, -51.38628, -24.03367, 128.68575, 129.64284, NaN, NaN, NaN, 1.00, 0.0705, 0.0715, 0.0705, 0.0715, 0.86621, 0.42616, -0.26088, -80.37605, -12.53976, -103.43414
1096, 360, -52.49734, -22.1755, 129.46838, 130.42522, NaN, NaN, NaN, 1.00, 0.12388, 0.07229, 0.12388, 0.07229, 0.70263, 0.64749, -0.29508, -81.30349, -11.24828, -104.46619
1097, 348, -49.73651, -22.84252, 129.29268, 130.24957, NaN, NaN, NaN, 1.00, 0.06962, 0.04232, 0.06962, 0.04232, 0.76215, 0.63829, 0.10818, -80.96311, -11.71931, -101.80521
1098, 352, -50.0839, -26.32863, 132.7939, 133.74963, 1.18786E-07, 1.18786E-07, 1.18786E-07, 1.00, 0.00573, 0.04991, 0.00573, 0.04991, 0.4656, -0.59733, 0.653, -84.28828, -14.49274, -101.97878
1099, 364, -51.38628, -24.03367, 128.68575, 129.64284, NaN, NaN, NaN, 1.00, 0.0705, 0.0714, 0.0705, 0.0714, 0.5426, -0.67837, 0.49538, -80.37605, -12.53976, -103.43414
1100, 350, -49.73651, -22.84252, 129.29268, 130.24957, 1.26262E-07, 1.26262E-07, 1.26262E-07, 1.00, 0.06953, 0.04232, 0.06953, 0.04232, 0.38575, -0.53769, 0.74973, -80.96311, -11.71931, -101.80521
1101, 365, -51.72058, -27.52771, 132.1824, 133.13834, NaN, NaN, NaN, 1.00, 0.0081, 0.07893, 0.0081, 0.07893, 0.55821, -0.70146, 0.44313, -83.69565, -15.31862, -103.59529
1102, 364, -51.38628, -24.03367, 128.68575, 129.64284, NaN, NaN, NaN, 1.00, 0.0705, 0.0714, 0.0705, 0.0714, 0.5426, -0.67837, 0.49538, -80.37605, -12.53976, -103.43414
1103, 352, -50.0839, -26.32863, 132.7939, 133.74963, 1.18786E-07, 1.18786E-07, 1.18786E-07, 1.00, 0.00573, 0.04991, 0.00573, 0.04991, 0.4656, -0.59733, 0.653, -84.28828, -14.49274, -101.97878
1104, 354, -52.18699, -22.30458, 134.47218, 135.42735, NaN, NaN, NaN, 1.00, 0.22844, 0.04552, 0.22844, 0.04552, -0.95175, -0.29806, -0.07306, -86.26579, -11.69475, -103.92139
1105, 362, -52.84439, -26.23912, 133.44904, 134.40454, NaN, NaN, NaN, 1.00, 0.27439, 0.07848, 0.27439, 0.07848, -0.69052, -0.67121, -0.26955, -85.07657, -14.47408, -104.61742
1106, 346, -51.26386, -24.95203, 134.10912, 135.06441, NaN, NaN, NaN, 1.00, 0.27484, 0.04949, 0.27484, 0.04949, -0.85896, -0.47842, 0.18251, -85.72476, -13.58783, -103.05264
1107, 366, -53.71716, -23.68381, 133.76141, 134.71683, 8.26683E-08, 8.26683E-08, 8.26683E-08, 1.00, 0.22639, 0.07458, 0.22639, 0.07458, -0.78937, -0.43906, -0.42909, -85.56001, -12.64419, -105.44017
1108, 362, -52.84439, -26.23912, 133.44904, 134.40454, NaN, NaN, NaN, 1.00, 0.27439, 0.07848, 0.27439, 0.07848, -0.69052, -0.67121, -0.26955, -85.07657, -14.47408, -104.61742
1109, 354, -52.18699, -22.30458, 134.47218, 135.42735, NaN, NaN, NaN, 1.00, 0.22844, 0.04552, 0.22844, 0.04552, -0.95175, -0.29806, -0.07306, -86.26579, -11.69475, -103.92139
1110, 358, -52.01197, -19.83489, 131.86879, 132.82481, NaN, NaN, NaN, 1.00, 0.17578, 0.04431, 0.17578, 0.04431, -0.51555, 0.65797, -0.5489, -83.791, -9.72127, -103.87322
1111, 367, -53.71716, -23.68381, 133.76141, 134.71683, NaN, NaN, NaN, 1.00, 0.22633, 0.07458, 0.22633, 0.07458, -0.52072, 0.66249, -0.53848, -85.56001, -12.64419, -105.44017
1112, 356, -52.18699, -22.30458, 134.47218, 135.42735, NaN, NaN, NaN, 1.00, 0.22837, 0.04551, 0.22837, 0.04551, -0.53802, 0.68983, -0.48443, -86.26579, -11.69475, -103.92139
1113, 368, -53.55038, -21.20608, 131.16252, 132.11879, NaN, NaN, NaN, 1.00, 0.17202, 0.07336, 0.17202, 0.07336, -0.54017, 0.69511, -0.47439, -83.0905, -10.6652, -105.39973
1114, 367, -53.71716, -23.68381, 133.76141, 134.71683, NaN, NaN, NaN, 1.00, 0.22633, 0.07458, 0.22633, 0.07458, -0.52072, 0.66249, -0.53848, -85.56001, -12.64419, -105.44017
1115, 358, -52.01197, -19.83489, 131.86879, 132.82481, NaN, NaN, NaN, 1.00, 0.17578, 0.04431, 0.17578, 0.04431, -0.51555, 0.65797, -0.5489, -83.791, -9.72127, -103.87322
1116, 360, -52.49734, -22.1755, 129.46838, 130.42522, NaN, NaN, NaN, 1.00, 0.12388, 0.07229, 0.12388, 0.07229, 0.70263, 0.64749, -0.29508, -81.30349, -11.24828, -104.46619
1117, 369, -54.54716, -21.98402, 131.14522, 132.1015, NaN, NaN, NaN, 1.00, 0.17143, 0.0923, 0.17143, 0.0923, 0.53995, 0.67887, -0.49759, -83.08083, -11.22778, -106.36698
1118, 359, -53.55038, -21.20608, 131.16252, 132.11879, NaN, NaN, NaN, 1.00, 0.172, 0.07336, 0.172, 0.07336, 0.45701, 0.81814, -0.34899, -83.0905, -10.6652, -105.39973
1119, 370, -53.49108, -23.15236, 129.64473, 130.60152, NaN, NaN, NaN, 1.00, 0.12403, 0.08898, 0.12403, 0.08898, 0.78762, 0.42508, -0.44604, -81.47636, -11.96869, -105.42152
1120, 369, -54.54716, -21.98402, 131.14522, 132.1015, NaN, NaN, NaN, 1.00, 0.17143, 0.0923, 0.17143, 0.0923, 0.53995, 0.67887, -0.49759, -83.08083, -11.22778, -106.36698
1121, 360, -52.49734, -22.1755, 129.46838, 130.42522, NaN, NaN, NaN, 1.00, 0.12388, 0.07229, 0.12388, 0.07229, 0.70263, 0.64749, -0.29508, -81.30349, -11.24828, -104.46619
1122, 362, -52.84439, -26.23912, 133.44904, 134.40454, NaN, NaN, NaN, 1.00, 0.27439, 0.07848, 0.27439, 0.07848, -0.69052, -0.67121, -0.26955, -85.07657, -14.47408, -104.61742
1123, 371, -52.71719, -27.52536, 131.41759, 132.37378, NaN, NaN, NaN, 1.00, 0.31885, 0.09196, 0.31885, 0.09196, -0.32955, -0.88373, -0.33229, -82.98141, -15.26298, -104.59699
1124, 361, -51.72058, -27.52771, 132.1824, 133.13834, NaN, NaN, NaN, 1.00, 0.32207, 0.07652, 0.32207, 0.07652, -0.53764, -0.84287, 0.02263, -83.69565, -15.31862, -103.59529
1125, 372, -53.83543, -26.13687, 132.59422, 133.55002, 8.25147E-08, 8.25147E-08, 8.25147E-08, 1.00, 0.27475, 0.09369, 0.27475, 0.09369, -0.59879, -0.63123, -0.49294, -84.27754, -14.33968, -105.61787
1126, 371, -52.71719, -27.52536, 131.41759, 132.37378, NaN, NaN, NaN, 1.00, 0.31885, 0.09196, 0.31885, 0.09196, -0.32955, -0.88373, -0.33229, -82.98141, -15.26298, -104.59699
1127, 362, -52.84439, -26.23912, 133.44904, 134.40454, NaN, NaN, NaN, 1.00, 0.27439, 0.07848, 0.27439, 0.07848, -0.69052, -0.67121, -0.26955, -85.07657, -14.47408, -104.61742
1128, 363, -51.38628, -24.03367, 128.68575, 129.64284, NaN, NaN, NaN, 1.00, 0.0705, 0.0715, 0.0705, 0.0715, 0.86621, 0.42616, -0.26088, -80.37605, -12.53976, -103.43414
1129, 370, -53.49108, -23.15236, 129.64473, 130.60152, NaN, NaN, NaN, 1.00, 0.12403, 0.08898, 0.12403, 0.08898, 0.78762, 0.42508, -0.44604, -81.47636, -11.96869, -105.42152
1130, 360, -52.49734, -22.1755, 129.46838, 130.42522, NaN, NaN, NaN, 1.00, 0.12388, 0.07229, 0.12388, 0.07229, 0.70263, 0.64749, -0.29508, -81.30349, -11.24828, -104.46619
1131, 373, -52.38544, -24.97211, 128.81976, 129.77682, NaN, NaN, NaN, 1.00, 0.07376, 0.08962, 0.07376, 0.08962, 0.8574, 0.35494, -0.37266, -80.50899, -13.22933, -104.39669
1132, 370, -53.49108, -23.15236, 129.64473, 130.60152, NaN, NaN, NaN, 1.00, 0.12403, 0.08898, 0.12403, 0.08898, 0.78762, 0.42508, -0.44604, -81.47636, -11.96869, -105.42152
1133, 363, -51.38628, -24.03367, 128.68575, 129.64284, NaN, NaN, NaN, 1.00, 0.0705, 0.0715, 0.0705, 0.0715, 0.86621, 0.42616, -0.26088, -80.37605, -12.53976, -103.43414
1134, 365, -51.72058, -27.52771, 132.1824, 133.13834, NaN, NaN, NaN, 1.00, 0.0081, 0.07893, 0.0081, 0.07893, 0.55821, -0.70146, 0.44313, -83.69565, -15.31862, -103.59529
1135, 374, -52.38544, -24.97211, 128.81976, 129.77682, NaN, NaN, NaN, 1.00, 0.0737, 0.08961, 0.0737, 0.08961, 0.57101, -0.71856, 0.39701, -80.50899, -13.22933, -104.39669
1136, 364, -51.38628, -24.03367, 128.68575, 129.64284, NaN, NaN, NaN, 1.00, 0.0705, 0.0714, 0.0705, 0.0714, 0.5426, -0.67837, 0.49538, -80.37605, -12.53976, -103.43414
1137, 375, -52.71719, -27.52536, 131.41759, 132.37378, NaN, NaN, NaN, 1.00, 0.00648, 0.09305, 0.00648, 0.09305, 0.57282, -0.73254, 0.36779, -82.98141, -15.26298, -104.59699
1138, 374, -52.38544, -24.97211, 128.81976, 129.77682, NaN, NaN, NaN, 1.00, 0.0737, 0.08961, 0.0737, 0.08961, 0.57101, -0.71856, 0.39701, -80.50899, -13.22933, -104.39669
1139, 365, -51.72058, -27.52771, 132.1824, 133.13834, NaN, NaN, NaN, 1.00, 0.0081, 0.07893, 0.0081, 0.07893, 0.55821, -0.70146, 0.44313, -83.69565, -15.31862, -103.59529
1140, 366, -53.71716, -23.68381, 133.76141, 134.71683, 8.26683E-08, 8.26683E-08, 8.26683E-08, 1.00, 0.22639, 0.07458, 0.22639, 0.07458, -0.78937, -0.43906, -0.42909, -85.56001, -12.64419, -105.44017
1141, 372, -53.83543, -26.13687, 132.59422, 133.55002, 8.25147E-08, 8.25147E-08, 8.25147E-08, 1.00, 0.27475, 0.09369, 0.27475, 0.09369, -0.59879, -0.63123, -0.49294, -84.27754, -14.33968, -105.61787
1142, 362, -52.84439, -26.23912, 133.44904, 134.40454, NaN, NaN, NaN, 1.00, 0.27439, 0.07848, 0.27439, 0.07848, -0.69052, -0.67121, -0.26955, -85.07657, -14.47408, -104.61742
1143, 376, -54.71944, -23.77871, 133.08385, 134.03947, 8.23656E-08, 8.23656E-08, 8.23656E-08, 1.00, 0.22155, 0.09023, 0.22155, 0.09023, -0.73366, -0.50758, -0.45178, -84.92794, -12.66518, -106.44333
1144, 372, -53.83543, -26.13687, 132.59422, 133.55002, 8.25147E-08, 8.25147E-08, 8.25147E-08, 1.00, 0.27475, 0.09369, 0.27475, 0.09369, -0.59879, -0.63123, -0.49294, -84.27754, -14.33968, -105.61787
1145, 366, -53.71716, -23.68381, 133.76141, 134.71683, 8.26683E-08, 8.26683E-08, 8.26683E-08, 1.00, 0.22639, 0.07458, 0.22639, 0.07458, -0.78937, -0.43906, -0.42909, -85.56001, -12.64419, -105.44017
1146, 368, -53.55038, -21.20608, 131.16252, 132.11879, NaN, NaN, NaN, 1.00, 0.17202, 0.07336, 0.17202, 0.07336, -0.54017, 0.69511, -0.47439, -83.0905, -10.6652, -105.39973
1147, 377, -54.71944, -23.77871, 133.08385, 134.03947, NaN, NaN, NaN, 1.00, 0.22148, 0.09023, 0.22148, 0.09023, -0.56023, 0.7243, -0.4019, -84.92794, -12.66518, -106.44333
1148, 367, -53.71716, -23.68381, 133.76141, 134.71683, NaN, NaN, NaN, 1.00, 0.22633, 0.07458, 0.22633, 0.07458, -0.52072, 0.66249, -0.53848, -85.56001, -12.64419, -105.44017
1149, 378, -54.54716, -21.98402, 131.14522, 132.1015, NaN, NaN, NaN, 1.00, 0.17145, 0.0923, 0.17145, 0.0923, -0.54471, 0.7225, -0.42578, -83.08083, -11.22778, -106.36698
1150, 377, -54.71944, -23.77871, 133.08385, 134.03947, NaN, NaN, NaN, 1.00, 0.22148, 0.09023, 0.22148, 0.09023, -0.56023, 0.7243, -0.4019, -84.92794, -12.66518, -106.44333
1151, 368, -53.55038, -21.20608, 131.16252, 132.11879, NaN, NaN, NaN, 1.00, 0.17202, 0.07336, 0.17202, 0.07336, -0.54017, 0.69511, -0.47439, -83.0905, -10.6652, -105.39973
1152, 379, -44.99572, -9.6981, 130.23615, 131.19272, 8.60980E-08, 8.60980E-08, 8.60980E-08, 1.00, 0.81563, 0.00882, 0.81563, 0.00882, -0.21086, 0.54311, -0.81276, -82.35041, -2.25967, -97.139
1153, 380, -45.93401, -12.47793, 133.05315, 134.00879, 8.56470E-08, 8.56470E-08, 8.56470E-08, 1.00, 0.84986, 0.04749, 0.84986, 0.04749, -0.64482, 0.48951, -0.58702, -85.05835, -4.47298, -97.91601
1154, 381, -44.64093, -9.01453, 132.24782, 133.20374, 8.62378E-08, 8.62378E-08, 8.62378E-08, 1.00, 0.85038, 0.00812, 0.85038, 0.00812, -0.72824, 0.44321, -0.52271, -84.37213, -1.90614, -96.69557
1155, 382, -46.8214, -12.76297, 130.79219, 131.7486, 8.53607E-08, 8.53607E-08, 8.53607E-08, 1.00, 0.81401, 0.04676, 0.81401, 0.04676, -0.2908, 0.5924, -0.75133, -82.83409, -4.52009, -98.88596
1156, 380, -45.93401, -12.47793, 133.05315, 134.00879, 8.56470E-08, 8.56470E-08, 8.56470E-08, 1.00, 0.84986, 0.04749, 0.84986, 0.04749, -0.64482, 0.48951, -0.58702, -85.05835, -4.47298, -97.91601
1157, 379, -44.99572, -9.6981, 130.23615, 131.19272, 8.60980E-08, 8.60980E-08, 8.60980E-08, 1.00, 0.81563, 0.00882, 0.81563, 0.00882, -0.21086, 0.54311, -0.81276, -82.35041, -2.25967, -97.139
1158, 383, -41.02742, -11.8241, 132.14774, 133.10368, 1.43521E-07, 1.43521E-07, 1.43521E-07, 1.00, 0.89628, 0.0081, 0.89628, 0.0081, -0.2878, -0.31454, 0.90456, -83.95685, -3.93528, -93.21126
1159, 384, -42.16404, -16.84672, 130.2883, 131.24487, NaN, NaN, NaN, 1.00, 0.92383, 0.04943, 0.92383, 0.04943, 0.46168, -0.65179, 0.60168, -81.90176, -7.44417, -94.41461
1160, 385, -40.7234, -13.0542, 129.41216, 130.36902, 1.21590E-07, 1.21590E-07, 1.21590E-07, 1.00, 0.92295, 0.00834, 0.92295, 0.00834, 0.68325, -0.45683, 0.56963, -81.15484, -4.63382, -93.05404
1161, 386, -42.30346, -15.75821, 133.10681, 134.06244, NaN, NaN, NaN, 1.00, 0.89729, 0.04995, 0.89729, 0.04995, -0.49756, -0.4124, 0.76312, -84.77129, -6.85409, -94.40887
1162, 384, -42.16404, -16.84672, 130.2883, 131.24487, NaN, NaN, NaN, 1.00, 0.92383, 0.04943, 0.92383, 0.04943, 0.46168, -0.65179, 0.60168, -81.90176, -7.44417, -94.41461
1163, 383, -41.02742, -11.8241, 132.14774, 133.10368, 1.43521E-07, 1.43521E-07, 1.43521E-07, 1.00, 0.89628, 0.0081, 0.89628, 0.0081, -0.2878, -0.31454, 0.90456, -83.95685, -3.93528, -93.21126
1164, 387, -44.16656, -11.23479, 127.68372, 128.64116, NaN, NaN, NaN, 1.00, 0.95474, 0.00771, 0.95474, 0.00771, 0.78861, 0.17681, -0.58893, -79.69019, -3.19333, -96.46549
1165, 388, -46.8214, -12.76297, 130.79219, 131.7486, NaN, NaN, NaN, 1.00, 0.98858, 0.04646, 0.98858, 0.04646, 0.4822, 0.34746, -0.80421, -82.83409, -4.52009, -98.88596
1166, 389, -44.99572, -9.6981, 130.23615, 131.19272, NaN, NaN, NaN, 1.00, 0.9902, 0.00882, 0.9902, 0.00882, 0.37573, 0.51496, -0.77048, -82.35041, -2.25967, -97.139
1167, 390, -45.42643, -14.63273, 128.47581, 129.43298, NaN, NaN, NaN, 1.00, 0.95589, 0.0481, 0.95589, 0.0481, 0.90408, -0.07117, -0.4214, -80.36501, -5.71179, -97.65428
1168, 388, -46.8214, -12.76297, 130.79219, 131.7486, NaN, NaN, NaN, 1.00, 0.98858, 0.04646, 0.98858, 0.04646, 0.4822, 0.34746, -0.80421, -82.83409, -4.52009, -98.88596
1169, 387, -44.16656, -11.23479, 127.68372, 128.64116, NaN, NaN, NaN, 1.00, 0.95474, 0.00771, 0.95474, 0.00771, 0.78861, 0.17681, -0.58893, -79.69019, -3.19333, -96.46549
1170, 385, -40.7234, -13.0542, 129.41216, 130.36902, 1.21590E-07, 1.21590E-07, 1.21590E-07, 1.00, 0.92295, 0.00834, 0.92295, 0.00834, 0.68325, -0.45683, 0.56963, -81.15484, -4.63382, -93.05404
1171, 390, -45.42643, -14.63273, 128.47581, 129.43298, NaN, NaN, NaN, 1.00, 0.95589, 0.0481, 0.95589, 0.0481, 0.90408, -0.07117, -0.4214, -80.36501, -5.71179, -97.65428
1172, 387, -44.16656, -11.23479, 127.68372, 128.64116, NaN, NaN, NaN, 1.00, 0.95474, 0.00771, 0.95474, 0.00771, 0.78861, 0.17681, -0.58893, -79.69019, -3.19333, -96.46549
1173, 384, -42.16404, -16.84672, 130.2883, 131.24487, NaN, NaN, NaN, 1.00, 0.92383, 0.04943, 0.92383, 0.04943, 0.46168, -0.65179, 0.60168, -81.90176, -7.44417, -94.41461
1174, 390, -45.42643, -14.63273, 128.47581, 129.43298, NaN, NaN, NaN, 1.00, 0.95589, 0.0481, 0.95589, 0.0481, 0.90408, -0.07117, -0.4214, -80.36501, -5.71179, -97.65428
1175, 385, -40.7234, -13.0542, 129.41216, 130.36902, 1.21590E-07, 1.21590E-07, 1.21590E-07, 1.00, 0.92295, 0.00834, 0.92295, 0.00834, 0.68325, -0.45683, 0.56963, -81.15484, -4.63382, -93.05404
1176, 391, -42.07727, -10.18179, 133.49637, 134.45186, NaN, NaN, NaN, 1.00, 0.87489, 0.00678, 0.87489, 0.00678, -0.87006, 0.01998, 0.49255, -85.43403, -2.84015, -94.15693
1177, 386, -42.30346, -15.75821, 133.10681, 134.06244, NaN, NaN, NaN, 1.00, 0.89729, 0.04995, 0.89729, 0.04995, -0.49756, -0.4124, 0.76312, -84.77129, -6.85409, -94.40887
1178, 383, -41.02742, -11.8241, 132.14774, 133.10368, 1.43521E-07, 1.43521E-07, 1.43521E-07, 1.00, 0.89628, 0.0081, 0.89628, 0.0081, -0.2878, -0.31454, 0.90456, -83.95685, -3.93528, -93.21126
1179, 392, -43.49267, -13.93862, 134.36697, 135.32219, NaN, NaN, NaN, 1.00, 0.87444, 0.04921, 0.87444, 0.04921, -0.98759, 0.00697, 0.15692, -86.17607, -5.62426, -95.49326
1180, 386, -42.30346, -15.75821, 133.10681, 134.06244, NaN, NaN, NaN, 1.00, 0.89729, 0.04995, 0.89729, 0.04995, -0.49756, -0.4124, 0.76312, -84.77129, -6.85409, -94.40887
1181, 391, -42.07727, -10.18179, 133.49637, 134.45186, NaN, NaN, NaN, 1.00, 0.87489, 0.00678, 0.87489, 0.00678, -0.87006, 0.01998, 0.49255, -85.43403, -2.84015, -94.15693
1182, 381, -44.64093, -9.01453, 132.24782, 133.20374, 8.62378E-08, 8.62378E-08, 8.62378E-08, 1.00, 0.85038, 0.00812, 0.85038, 0.00812, -0.72824, 0.44321, -0.52271, -84.37213, -1.90614, -96.69557
1183, 392, -43.49267, -13.93862, 134.36697, 135.32219, NaN, NaN, NaN, 1.00, 0.87444, 0.04921, 0.87444, 0.04921, -0.98759, 0.00697, 0.15692, -86.17607, -5.62426, -95.49326
1184, 391, -42.07727, -10.18179, 133.49637, 134.45186, NaN, NaN, NaN, 1.00, 0.87489, 0.00678, 0.87489, 0.00678, -0.87006, 0.01998, 0.49255, -85.43403, -2.84015, -94.15693
1185, 380, -45.93401, -12.47793, 133.05315, 134.00879, 8.56470E-08, 8.56470E-08, 8.56470E-08, 1.00, 0.84986, 0.04749, 0.84986, 0.04749, -0.64482, 0.48951, -0.58702, -85.05835, -4.47298, -97.91601
1186, 392, -43.49267, -13.93862, 134.36697, 135.32219, NaN, NaN, NaN, 1.00, 0.87444, 0.04921, 0.87444, 0.04921, -0.98759, 0.00697, 0.15692, -86.17607, -5.62426, -95.49326
1187, 381, -44.64093, -9.01453, 132.24782, 133.20374, 8.62378E-08, 8.62378E-08, 8.62378E-08, 1.00, 0.85038, 0.00812, 0.85038, 0.00812, -0.72824, 0.44321, -0.52271, -84.37213, -1.90614, -96.69557
1188, 382, -46.8214, -12.76297, 130.79219, 131.7486, 8.53607E-08, 8.53607E-08, 8.53607E-08, 1.00, 0.81401, 0.04676, 0.81401, 0.04676, -0.2908, 0.5924, -0.75133, -82.83409, -4.52009, -98.88596
1189, 393, -49.54382, -18.98366, 133.06152, 134.01717, NaN, NaN, NaN, 1.00, 0.83237, 0.12965, 0.83237, 0.12965, 0.00075, 0.91648, -0.40008, -84.9052, -9.18848, -101.42464
1190, 380, -45.93401, -12.47793, 133.05315, 134.00879, 8.56470E-08, 8.56470E-08, 8.56470E-08, 1.00, 0.84986, 0.04749, 0.84986, 0.04749, -0.64482, 0.48951, -0.58702, -85.05835, -4.47298, -97.91601
1191, 394, -49.15127, -19.2262, 132.35556, 133.31143, NaN, NaN, NaN, 1.00, 0.81382, 0.12904, 0.81382, 0.12904, 0.27988, 0.92466, -0.25822, -84.17101, -9.31447, -101.07999
1192, 393, -49.54382, -18.98366, 133.06152, 134.01717, NaN, NaN, NaN, 1.00, 0.83237, 0.12965, 0.83237, 0.12965, 0.00075, 0.91648, -0.40008, -84.9052, -9.18848, -101.42464
1193, 382, -46.8214, -12.76297, 130.79219, 131.7486, 8.53607E-08, 8.53607E-08, 8.53607E-08, 1.00, 0.81401, 0.04676, 0.81401, 0.04676, -0.2908, 0.5924, -0.75133, -82.83409, -4.52009, -98.88596
1194, 386, -42.30346, -15.75821, 133.10681, 134.06244, NaN, NaN, NaN, 1.00, 0.89729, 0.04995, 0.89729, 0.04995, -0.49756, -0.4124, 0.76312, -84.77129, -6.85409, -94.40887
1195, 395, -48.5401, -22.61514, 133.28558, 134.24115, NaN, NaN, NaN, 1.00, 0.92921, 0.13049, 0.92921, 0.13049, -0.0958, -0.99193, -0.08299, -84.89473, -11.83614, -100.45166
1196, 384, -42.16404, -16.84672, 130.2883, 131.24487, NaN, NaN, NaN, 1.00, 0.92383, 0.04943, 0.92383, 0.04943, 0.46168, -0.65179, 0.60168, -81.90176, -7.44417, -94.41461
1197, 396, -49.56395, -21.36272, 134.25241, 135.20766, NaN, NaN, NaN, 1.00, 0.89311, 0.13102, 0.89311, 0.13102, -0.44892, -0.8573, -0.252, -85.97045, -10.99666, -101.39185
1198, 395, -48.5401, -22.61514, 133.28558, 134.24115, NaN, NaN, NaN, 1.00, 0.92921, 0.13049, 0.92921, 0.13049, -0.0958, -0.99193, -0.08299, -84.89473, -11.83614, -100.45166
1199, 397, -42.30346, -15.75821, 133.10681, 134.06244, NaN, NaN, NaN, 1.00, 0.89732, 0.04996, 0.89732, 0.04996, -0.21544, -0.7684, 0.60261, -84.77129, -6.85409, -94.40887
1200, 390, -45.42643, -14.63273, 128.47581, 129.43298, NaN, NaN, NaN, 1.00, 0.95589, 0.0481, 0.95589, 0.0481, 0.90408, -0.07117, -0.4214, -80.36501, -5.71179, -97.65428
1201, 398, -49.15127, -19.2262, 132.35556, 133.31143, NaN, NaN, NaN, 1.00, 0.99048, 0.13054, 0.99048, 0.13054, 0.8231, 0.56228, 0.07972, -84.17101, -9.31447, -101.07999
1202, 388, -46.8214, -12.76297, 130.79219, 131.7486, NaN, NaN, NaN, 1.00, 0.98858, 0.04646, 0.98858, 0.04646, 0.4822, 0.34746, -0.80421, -82.83409, -4.52009, -98.88596
1203, 399, -48.15961, -20.78178, 131.616, 132.57211, NaN, NaN, NaN, 1.00, 0.95856, 0.1299, 0.95856, 0.1299, 0.89037, -0.37579, 0.25695, -83.30763, -10.38968, -100.1606
1204, 398, -49.15127, -19.2262, 132.35556, 133.31143, NaN, NaN, NaN, 1.00, 0.99048, 0.13054, 0.99048, 0.13054, 0.8231, 0.56228, 0.07972, -84.17101, -9.31447, -101.07999
1205, 390, -45.42643, -14.63273, 128.47581, 129.43298, NaN, NaN, NaN, 1.00, 0.95589, 0.0481, 0.95589, 0.0481, 0.90408, -0.07117, -0.4214, -80.36501, -5.71179, -97.65428
1206, 384, -42.16404, -16.84672, 130.2883, 131.24487, NaN, NaN, NaN, 1.00, 0.92383, 0.04943, 0.92383, 0.04943, 0.46168, -0.65179, 0.60168, -81.90176, -7.44417, -94.41461
1207, 399, -48.15961, -20.78178, 131.616, 132.57211, NaN, NaN, NaN, 1.00, 0.95856, 0.1299, 0.95856, 0.1299, 0.89037, -0.37579, 0.25695, -83.30763, -10.38968, -100.1606
1208, 390, -45.42643, -14.63273, 128.47581, 129.43298, NaN, NaN, NaN, 1.00, 0.95589, 0.0481, 0.95589, 0.0481, 0.90408, -0.07117, -0.4214, -80.36501, -5.71179, -97.65428
1209, 395, -48.5401, -22.61514, 133.28558, 134.24115, NaN, NaN, NaN, 1.00, 0.92921, 0.13049, 0.92921, 0.13049, -0.0958, -0.99193, -0.08299, -84.89473, -11.83614, -100.45166
1210, 399, -48.15961, -20.78178, 131.616, 132.57211, NaN, NaN, NaN, 1.00, 0.95856, 0.1299, 0.95856, 0.1299, 0.89037, -0.37579, 0.25695, -83.30763, -10.38968, -100.1606
1211, 384, -42.16404, -16.84672, 130.2883, 131.24487, NaN, NaN, NaN, 1.00, 0.92383, 0.04943, 0.92383, 0.04943, 0.46168, -0.65179, 0.60168, -81.90176, -7.44417, -94.41461
1212, 392, -43.49267, -13.93862, 134.36697, 135.32219, NaN, NaN, NaN, 1.00, 0.87444, 0.04921, 0.87444, 0.04921, -0.98759, 0.00697, 0.15692, -86.17607, -5.62426, -95.49326
1213, 400, -49.56395, -21.36272, 134.25241, 135.20766, 8.40514E-08, 8.40514E-08, 8.40514E-08, 1.00, 0.89315, 0.131, 0.89315, 0.131, -0.78978, -0.30374, -0.5329, -85.97045, -10.99666, -101.39185
1214, 386, -42.30346, -15.75821, 133.10681, 134.06244, NaN, NaN, NaN, 1.00, 0.89729, 0.04995, 0.89729, 0.04995, -0.49756, -0.4124, 0.76312, -84.77129, -6.85409, -94.40887
1215, 401, -49.72094, -20.23885, 134.3273, 135.28253, 8.40596E-08, 8.40596E-08, 8.40596E-08, 1.00, 0.86425, 0.13012, 0.86425, 0.13012, -0.6596, 0.40272, -0.63462, -86.11004, -10.18743, -101.53725
1216, 400, -49.56395, -21.36272, 134.25241, 135.20766, 8.40514E-08, 8.40514E-08, 8.40514E-08, 1.00, 0.89315, 0.131, 0.89315, 0.131, -0.78978, -0.30374, -0.5329, -85.97045, -10.99666, -101.39185
1217, 392, -43.49267, -13.93862, 134.36697, 135.32219, NaN, NaN, NaN, 1.00, 0.87444, 0.04921, 0.87444, 0.04921, -0.98759, 0.00697, 0.15692, -86.17607, -5.62426, -95.49326
1218, 380, -45.93401, -12.47793, 133.05315, 134.00879, 8.56470E-08, 8.56470E-08, 8.56470E-08, 1.00, 0.84986, 0.04749, 0.84986, 0.04749, -0.64482, 0.48951, -0.58702, -85.05835, -4.47298, -97.91601
1219, 401, -49.72094, -20.23885, 134.3273, 135.28253, 8.40596E-08, 8.40596E-08, 8.40596E-08, 1.00, 0.86425, 0.13012, 0.86425, 0.13012, -0.6596, 0.40272, -0.63462, -86.11004, -10.18743, -101.53725
1220, 392, -43.49267, -13.93862, 134.36697, 135.32219, NaN, NaN, NaN, 1.00, 0.87444, 0.04921, 0.87444, 0.04921, -0.98759, 0.00697, 0.15692, -86.17607, -5.62426, -95.49326
1221, 393, -49.54382, -18.98366, 133.06152, 134.01717, NaN, NaN, NaN, 1.00, 0.83237, 0.12965, 0.83237, 0.12965, 0.00075, 0.91648, -0.40008, -84.9052, -9.18848, -101.42464
1222, 401, -49.72094, -20.23885, 134.3273, 135.28253, 8.40596E-08, 8.40596E-08, 8.40596E-08, 1.00, 0.86425, 0.13012, 0.86425, 0.13012, -0.6596, 0.40272, -0.63462, -86.11004, -10.18743, -101.53725
1223, 380, -45.93401, -12.47793, 133.05315, 134.00879, 8.56470E-08, 8.56470E-08, 8.56470E-08, 1.00, 0.84986, 0.04749, 0.84986, 0.04749, -0.64482, 0.48951, -0.58702, -85.05835, -4.47298, -97.91601
1224, 402, -43.73538, 3.59759, 118.92465, 119.88501, 8.71387E-08, 8.71387E-08, 8.71387E-08, 1.00, 0.99013, 0.19746, 0.99013, 0.19746, -0.33146, 0.61762, -0.71321, -71.70528, 8.17395, -96.43957
1225, 403, -41.44192, 3.90561, 123.01926, 123.97826, 8.79233E-08, 8.79233E-08, 8.79233E-08, 1.00, 0.90, 0.24736, 0.90, 0.24736, -0.44955, 0.58385, -0.67603, -75.69016, 8.10839, -94.01939
1226, 404, -40.38612, 7.56667, 121.00692, 121.96658, NaN, NaN, NaN, 1.00, 0.87617, 0.20965, 0.87617, 0.20965, -0.43562, 0.89813, -0.05995, -73.82317, 10.9036, -93.0871
1227, 405, -43.68759, 0.75998, 122.14178, 123.10105, 8.70328E-08, 8.70328E-08, 8.70328E-08, 1.00, 0.99122, 0.2465, 0.99122, 0.2465, -0.42435, 0.54626, -0.72217, -74.76189, 5.89054, -96.24306
1228, 403, -41.44192, 3.90561, 123.01926, 123.97826, 8.79233E-08, 8.79233E-08, 8.79233E-08, 1.00, 0.90, 0.24736, 0.90, 0.24736, -0.44955, 0.58385, -0.67603, -75.69016, 8.10839, -94.01939
1229, 402, -43.73538, 3.59759, 118.92465, 119.88501, 8.71387E-08, 8.71387E-08, 8.71387E-08, 1.00, 0.99013, 0.19746, 0.99013, 0.19746, -0.33146, 0.61762, -0.71321, -71.70528, 8.17395, -96.43957
1230, 402, -43.73538, 3.59759, 118.92465, 119.88501, 8.71387E-08, 8.71387E-08, 8.71387E-08, 1.00, 0.99013, 0.19746, 0.99013, 0.19746, -0.33146, 0.61762, -0.71321, -71.70528, 8.17395, -96.43957
1231, 404, -40.38612, 7.56667, 121.00692, 121.96658, NaN, NaN, NaN, 1.00, 0.87617, 0.20965, 0.87617, 0.20965, -0.43562, 0.89813, -0.05995, -73.82317, 10.9036, -93.0871
1232, 406, -40.57188, 8.44859, 116.53017, 117.49132, NaN, NaN, NaN, 1.00, 0.89775, 0.14833, 0.89775, 0.14833, -0.22818, 0.88313, -0.40989, -69.41842, 11.85851, -93.48366
1233, 402, -43.73538, 3.59759, 118.92465, 119.88501, 8.71387E-08, 8.71387E-08, 8.71387E-08, 1.00, 0.99013, 0.19746, 0.99013, 0.19746, -0.33146, 0.61762, -0.71321, -71.70528, 8.17395, -96.43957
1234, 406, -40.57188, 8.44859, 116.53017, 117.49132, NaN, NaN, NaN, 1.00, 0.89775, 0.14833, 0.89775, 0.14833, -0.22818, 0.88313, -0.40989, -69.41842, 11.85851, -93.48366
1235, 407, -42.97173, 5.53386, 115.30663, 116.26818, 8.74592E-08, 8.74592E-08, 8.74592E-08, 1.00, 0.99046, 0.14853, 0.99046, 0.14853, -0.2112, 0.68794, -0.69436, -68.16464, 9.83241, -95.87285
1236, 408, -42.97173, 5.53386, 115.30663, 116.26818, NaN, NaN, NaN, 1.00, 0.73217, 0.10346, 0.73217, 0.10346, 0.29063, 0.64094, -0.71044, -68.16464, 9.83241, -95.87285
1237, 409, -40.57188, 8.44859, 116.53017, 117.49132, NaN, NaN, NaN, 1.00, 0.78808, 0.10212, 0.78808, 0.10212, 0.11545, 0.96951, -0.21616, -69.41842, 11.85851, -93.48366
1238, 410, -40.24057, 8.0201, 114.64392, 115.60571, NaN, NaN, NaN, 1.00, 0.78005, 0.11705, 0.78005, 0.11705, 0.32804, 0.90163, -0.28187, -67.50208, 11.68101, -93.25646
1239, 408, -42.97173, 5.53386, 115.30663, 116.26818, NaN, NaN, NaN, 1.00, 0.73217, 0.10346, 0.73217, 0.10346, 0.29063, 0.64094, -0.71044, -68.16464, 9.83241, -95.87285
1240, 410, -40.24057, 8.0201, 114.64392, 115.60571, NaN, NaN, NaN, 1.00, 0.78005, 0.11705, 0.78005, 0.11705, 0.32804, 0.90163, -0.28187, -67.50208, 11.68101, -93.25646
1241, 411, -42.05111, 5.75427, 113.98904, 114.95104, NaN, NaN, NaN, 1.00, 0.73853, 0.11711, 0.73853, 0.11711, 0.50764, 0.54099, -0.67054, -66.8199, 10.08508, -95.04601
1242, 412, -37.50804, 2.80345, 119.40408, 120.36427, NaN, NaN, NaN, 1.00, 0.80945, 0.21055, 0.80945, 0.21055, -0.86356, 0.50414, 0.01065, -71.8461, 7.5646, -90.39281
1243, 413, -39.58138, 5.73913, 123.29046, 124.24936, NaN, NaN, NaN, 1.00, 0.867, 0.24465, 0.867, 0.24465, -0.47132, 0.86114, 0.19052, -75.9657, 9.41807, -92.20133
1244, 414, -36.38763, 2.31184, 121.79943, 122.75883, 1.60860E-07, 1.60860E-07, 1.60860E-07, 1.00, 0.80765, 0.24557, 0.80765, 0.24557, 0.04259, 0.09235, 0.99482, -74.15339, 7.03937, -89.19278
1245, 404, -40.38612, 7.56667, 121.00692, 121.96658, NaN, NaN, NaN, 1.00, 0.87617, 0.20965, 0.87617, 0.20965, -0.43562, 0.89813, -0.05995, -73.82317, 10.9036, -93.0871
1246, 413, -39.58138, 5.73913, 123.29046, 124.24936, NaN, NaN, NaN, 1.00, 0.867, 0.24465, 0.867, 0.24465, -0.47132, 0.86114, 0.19052, -75.9657, 9.41807, -92.20133
1247, 412, -37.50804, 2.80345, 119.40408, 120.36427, NaN, NaN, NaN, 1.00, 0.80945, 0.21055, 0.80945, 0.21055, -0.86356, 0.50414, 0.01065, -71.8461, 7.5646, -90.39281
1248, 415, -36.01698, -2.34437, 118.29735, 119.2579, NaN, NaN, NaN, 1.00, 0.71846, 0.24832, 0.71846, 0.24832, 0.80448, -0.55981, 0.19855, -70.40939, 3.91187, -89.01721
1249, 416, -43.68759, 0.75998, 122.14178, 123.10105, 8.70328E-08, 8.70328E-08, 8.70328E-08, 1.00, 0.61898, 0.24905, 0.61898, 0.24905, 0.15155, -0.41839, -0.89554, -74.76189, 5.89054, -96.24306
1250, 417, -41.85088, -2.18216, 117.92941, 118.89009, 8.74822E-08, 8.74822E-08, 8.74822E-08, 1.00, 0.70424, 0.21431, 0.70424, 0.21431, 0.10263, -0.3963, -0.91237, -70.32854, 4.05538, -94.67944
1251, 416, -43.68759, 0.75998, 122.14178, 123.10105, 8.70328E-08, 8.70328E-08, 8.70328E-08, 1.00, 0.61898, 0.24905, 0.61898, 0.24905, 0.15155, -0.41839, -0.89554, -74.76189, 5.89054, -96.24306
1252, 418, -43.73538, 3.59759, 118.92465, 119.88501, 8.71387E-08, 8.71387E-08, 8.71387E-08, 1.00, 0.61758, 0.20001, 0.61758, 0.20001, 0.23654, -0.31383, -0.91954, -71.70528, 8.17395, -96.43957
1253, 417, -41.85088, -2.18216, 117.92941, 118.89009, 8.74822E-08, 8.74822E-08, 8.74822E-08, 1.00, 0.70424, 0.21431, 0.70424, 0.21431, 0.10263, -0.3963, -0.91237, -70.32854, 4.05538, -94.67944
1254, 419, -37.31348, 7.28358, 115.11073, 116.07235, NaN, NaN, NaN, 1.00, 0.81012, 0.14623, 0.81012, 0.14623, -0.25609, 0.82019, 0.51157, -67.79017, 11.1143, -90.40336
1255, 404, -40.38612, 7.56667, 121.00692, 121.96658, NaN, NaN, NaN, 1.00, 0.87617, 0.20965, 0.87617, 0.20965, -0.43562, 0.89813, -0.05995, -73.82317, 10.9036, -93.0871
1256, 412, -37.50804, 2.80345, 119.40408, 120.36427, NaN, NaN, NaN, 1.00, 0.80945, 0.21055, 0.80945, 0.21055, -0.86356, 0.50414, 0.01065, -71.8461, 7.5646, -90.39281
1257, 406, -40.57188, 8.44859, 116.53017, 117.49132, NaN, NaN, NaN, 1.00, 0.89775, 0.14833, 0.89775, 0.14833, -0.22818, 0.88313, -0.40989, -69.41842, 11.85851, -93.48366
1258, 404, -40.38612, 7.56667, 121.00692, 121.96658, NaN, NaN, NaN, 1.00, 0.87617, 0.20965, 0.87617, 0.20965, -0.43562, 0.89813, -0.05995, -73.82317, 10.9036, -93.0871
1259, 419, -37.31348, 7.28358, 115.11073, 116.07235, NaN, NaN, NaN, 1.00, 0.81012, 0.14623, 0.81012, 0.14623, -0.25609, 0.82019, 0.51157, -67.79017, 11.1143, -90.40336
1260, 417, -41.85088, -2.18216, 117.92941, 118.89009, 8.74822E-08, 8.74822E-08, 8.74822E-08, 1.00, 0.70424, 0.21431, 0.70424, 0.21431, 0.10263, -0.3963, -0.91237, -70.32854, 4.05538, -94.67944
1261, 420, -42.97173, 5.53386, 115.30663, 116.26818, 8.74592E-08, 8.74592E-08, 8.74592E-08, 1.00, 0.61774, 0.14789, 0.61774, 0.14789, 0.12892, -0.24674, -0.96047, -68.16464, 9.83241, -95.87285
1262, 421, -42.33926, 1.31384, 112.93784, 113.90018, 8.74548E-08, 8.74548E-08, 8.74548E-08, 1.00, 0.69579, 0.14495, 0.69579, 0.14495, -0.02986, -0.19152, -0.98103, -65.55927, 6.94109, -95.38741
1263, 418, -43.73538, 3.59759, 118.92465, 119.88501, 8.71387E-08, 8.71387E-08, 8.71387E-08, 1.00, 0.61758, 0.20001, 0.61758, 0.20001, 0.23654, -0.31383, -0.91954, -71.70528, 8.17395, -96.43957
1264, 420, -42.97173, 5.53386, 115.30663, 116.26818, 8.74592E-08, 8.74592E-08, 8.74592E-08, 1.00, 0.61774, 0.14789, 0.61774, 0.14789, 0.12892, -0.24674, -0.96047, -68.16464, 9.83241, -95.87285
1265, 417, -41.85088, -2.18216, 117.92941, 118.89009, 8.74822E-08, 8.74822E-08, 8.74822E-08, 1.00, 0.70424, 0.21431, 0.70424, 0.21431, 0.10263, -0.3963, -0.91237, -70.32854, 4.05538, -94.67944
1266, 422, -38.37915, 7.23224, 113.25824, 114.22048, NaN, NaN, NaN, 1.00, 0.7888, 0.14547, 0.7888, 0.14547, 0.3909, 0.916, -0.0902, -65.99316, 11.20775, -91.52522
1267, 410, -40.24057, 8.0201, 114.64392, 115.60571, NaN, NaN, NaN, 1.00, 0.78005, 0.11705, 0.78005, 0.11705, 0.32804, 0.90163, -0.28187, -67.50208, 11.68101, -93.25646
1268, 423, -37.31348, 7.28358, 115.11073, 116.07235, NaN, NaN, NaN, 1.00, 0.80958, 0.14557, 0.80958, 0.14557, 0.07094, 0.97696, 0.2013, -67.79017, 11.1143, -90.40336
1269, 410, -40.24057, 8.0201, 114.64392, 115.60571, NaN, NaN, NaN, 1.00, 0.78005, 0.11705, 0.78005, 0.11705, 0.32804, 0.90163, -0.28187, -67.50208, 11.68101, -93.25646
1270, 409, -40.57188, 8.44859, 116.53017, 117.49132, NaN, NaN, NaN, 1.00, 0.78808, 0.10212, 0.78808, 0.10212, 0.11545, 0.96951, -0.21616, -69.41842, 11.85851, -93.48366
1271, 423, -37.31348, 7.28358, 115.11073, 116.07235, NaN, NaN, NaN, 1.00, 0.80958, 0.14557, 0.80958, 0.14557, 0.07094, 0.97696, 0.2013, -67.79017, 11.1143, -90.40336
1272, 424, -40.9459, 4.02224, 112.32229, 113.28484, NaN, NaN, NaN, 1.00, 0.72992, 0.14557, 0.72992, 0.14557, 0.64137, 0.57926, -0.50309, -65.01864, 8.94737, -94.06257
1273, 410, -40.24057, 8.0201, 114.64392, 115.60571, NaN, NaN, NaN, 1.00, 0.78005, 0.11705, 0.78005, 0.11705, 0.32804, 0.90163, -0.28187, -67.50208, 11.68101, -93.25646
1274, 422, -38.37915, 7.23224, 113.25824, 114.22048, NaN, NaN, NaN, 1.00, 0.7888, 0.14547, 0.7888, 0.14547, 0.3909, 0.916, -0.0902, -65.99316, 11.20775, -91.52522
1275, 411, -42.05111, 5.75427, 113.98904, 114.95104, NaN, NaN, NaN, 1.00, 0.73853, 0.11711, 0.73853, 0.11711, 0.50764, 0.54099, -0.67054, -66.8199, 10.08508, -95.04601
1276, 410, -40.24057, 8.0201, 114.64392, 115.60571, NaN, NaN, NaN, 1.00, 0.78005, 0.11705, 0.78005, 0.11705, 0.32804, 0.90163, -0.28187, -67.50208, 11.68101, -93.25646
1277, 424, -40.9459, 4.02224, 112.32229, 113.28484, NaN, NaN, NaN, 1.00, 0.72992, 0.14557, 0.72992, 0.14557, 0.64137, 0.57926, -0.50309, -65.01864, 8.94737, -94.06257
1278, 425, -42.33926, 1.31384, 112.93784, 113.90018, NaN, NaN, NaN, 1.00, 0.69529, 0.14565, 0.69529, 0.14565, 0.53545, 0.30041, -0.78934, -65.55927, 6.94109, -95.38741
1279, 411, -42.05111, 5.75427, 113.98904, 114.95104, NaN, NaN, NaN, 1.00, 0.73853, 0.11711, 0.73853, 0.11711, 0.50764, 0.54099, -0.67054, -66.8199, 10.08508, -95.04601
1280, 424, -40.9459, 4.02224, 112.32229, 113.28484, NaN, NaN, NaN, 1.00, 0.72992, 0.14557, 0.72992, 0.14557, 0.64137, 0.57926, -0.50309, -65.01864, 8.94737, -94.06257
1281, 408, -42.97173, 5.53386, 115.30663, 116.26818, NaN, NaN, NaN, 1.00, 0.73217, 0.10346, 0.73217, 0.10346, 0.29063, 0.64094, -0.71044, -68.16464, 9.83241, -95.87285
1282, 411, -42.05111, 5.75427, 113.98904, 114.95104, NaN, NaN, NaN, 1.00, 0.73853, 0.11711, 0.73853, 0.11711, 0.50764, 0.54099, -0.67054, -66.8199, 10.08508, -95.04601
1283, 425, -42.33926, 1.31384, 112.93784, 113.90018, NaN, NaN, NaN, 1.00, 0.69529, 0.14565, 0.69529, 0.14565, 0.53545, 0.30041, -0.78934, -65.55927, 6.94109, -95.38741
1284, 415, -36.01698, -2.34437, 118.29735, 119.2579, NaN, NaN, NaN, 1.00, 0.71846, 0.24832, 0.71846, 0.24832, 0.80448, -0.55981, 0.19855, -70.40939, 3.91187, -89.01721
1285, 426, -42.99171, -4.64041, 124.42477, 125.38329, 8.70054E-08, 8.70054E-08, 8.70054E-08, 1.00, 0.66835, 0.29778, 0.66835, 0.29778, 0.17164, -0.44737, -0.87773, -76.72612, 1.81569, -95.47163
1286, 416, -43.68759, 0.75998, 122.14178, 123.10105, 8.70328E-08, 8.70328E-08, 8.70328E-08, 1.00, 0.61898, 0.24905, 0.61898, 0.24905, 0.15155, -0.41839, -0.89554, -74.76189, 5.89054, -96.24306
1287, 427, -40.51992, -7.21966, 124.64989, 125.60834, NaN, NaN, NaN, 1.00, 0.70995, 0.31396, 0.70995, 0.31396, 0.40911, -0.90801, 0.09027, -76.7008, -0.06946, -93.07551
1288, 426, -42.99171, -4.64041, 124.42477, 125.38329, 8.70054E-08, 8.70054E-08, 8.70054E-08, 1.00, 0.66835, 0.29778, 0.66835, 0.29778, 0.17164, -0.44737, -0.87773, -76.72612, 1.81569, -95.47163
1289, 415, -36.01698, -2.34437, 118.29735, 119.2579, NaN, NaN, NaN, 1.00, 0.71846, 0.24832, 0.71846, 0.24832, 0.80448, -0.55981, 0.19855, -70.40939, 3.91187, -89.01721
1290, 414, -36.38763, 2.31184, 121.79943, 122.75883, 1.60860E-07, 1.60860E-07, 1.60860E-07, 1.00, 0.80765, 0.24557, 0.80765, 0.24557, 0.04259, 0.09235, 0.99482, -74.15339, 7.03937, -89.19278
1291, 427, -40.51992, -7.21966, 124.64989, 125.60834, NaN, NaN, NaN, 1.00, 0.70995, 0.31396, 0.70995, 0.31396, 0.40911, -0.90801, 0.09027, -76.7008, -0.06946, -93.07551
1292, 415, -36.01698, -2.34437, 118.29735, 119.2579, NaN, NaN, NaN, 1.00, 0.71846, 0.24832, 0.71846, 0.24832, 0.80448, -0.55981, 0.19855, -70.40939, 3.91187, -89.01721
1293, 428, -36.92825, -1.97731, 126.02181, 126.9798, 1.39351E-07, 1.39351E-07, 1.39351E-07, 1.00, 0.79836, 0.31124, 0.79836, 0.31124, 0.23721, -0.53108, 0.81344, -78.16487, 3.63308, -89.52005
1294, 427, -40.51992, -7.21966, 124.64989, 125.60834, NaN, NaN, NaN, 1.00, 0.70995, 0.31396, 0.70995, 0.31396, 0.40911, -0.90801, 0.09027, -76.7008, -0.06946, -93.07551
1295, 414, -36.38763, 2.31184, 121.79943, 122.75883, 1.60860E-07, 1.60860E-07, 1.60860E-07, 1.00, 0.80765, 0.24557, 0.80765, 0.24557, 0.04259, 0.09235, 0.99482, -74.15339, 7.03937, -89.19278
1296, 413, -39.58138, 5.73913, 123.29046, 124.24936, NaN, NaN, NaN, 1.00, 0.867, 0.24465, 0.867, 0.24465, -0.47132, 0.86114, 0.19052, -75.9657, 9.41807, -92.20133
1297, 429, -38.30608, 2.72, 126.87766, 127.83536, NaN, NaN, NaN, 1.00, 0.85923, 0.2996, 0.85923, 0.2996, -0.48931, 0.67618, 0.55078, -79.32326, 6.97701, -90.79949
1298, 414, -36.38763, 2.31184, 121.79943, 122.75883, 1.60860E-07, 1.60860E-07, 1.60860E-07, 1.00, 0.80765, 0.24557, 0.80765, 0.24557, 0.04259, 0.09235, 0.99482, -74.15339, 7.03937, -89.19278
1299, 430, -40.7844, 1.84459, 127.72147, 128.67889, NaN, NaN, NaN, 1.00, 0.90049, 0.31033, 0.90049, 0.31033, -0.56733, 0.76023, -0.31652, -80.23666, 6.28305, -93.15832
1300, 429, -38.30608, 2.72, 126.87766, 127.83536, NaN, NaN, NaN, 1.00, 0.85923, 0.2996, 0.85923, 0.2996, -0.48931, 0.67618, 0.55078, -79.32326, 6.97701, -90.79949
1301, 413, -39.58138, 5.73913, 123.29046, 124.24936, NaN, NaN, NaN, 1.00, 0.867, 0.24465, 0.867, 0.24465, -0.47132, 0.86114, 0.19052, -75.9657, 9.41807, -92.20133
1302, 403, -41.44192, 3.90561, 123.01926, 123.97826, 8.79233E-08, 8.79233E-08, 8.79233E-08, 1.00, 0.90, 0.24736, 0.90, 0.24736, -0.44955, 0.58385, -0.67603, -75.69016, 8.10839, -94.01939
1303, 405, -43.68759, 0.75998, 122.14178, 123.10105, 8.70328E-08, 8.70328E-08, 8.70328E-08, 1.00, 0.99122, 0.2465, 0.99122, 0.2465, -0.42435, 0.54626, -0.72217, -74.76189, 5.89054, -96.24306
1304, 431, -43.24665, -2.08843, 126.80651, 127.76424, 8.70443E-08, 8.70443E-08, 8.70443E-08, 1.00, 0.98934, 0.31183, 0.98934, 0.31183, -0.45578, 0.50916, -0.73009, -79.24106, 3.4972, -95.59534
1305, 431, -43.24665, -2.08843, 126.80651, 127.76424, 8.70443E-08, 8.70443E-08, 8.70443E-08, 1.00, 0.98934, 0.31183, 0.98934, 0.31183, -0.45578, 0.50916, -0.73009, -79.24106, 3.4972, -95.59534
1306, 430, -40.7844, 1.84459, 127.72147, 128.67889, NaN, NaN, NaN, 1.00, 0.90049, 0.31033, 0.90049, 0.31033, -0.56733, 0.76023, -0.31652, -80.23666, 6.28305, -93.15832
1307, 403, -41.44192, 3.90561, 123.01926, 123.97826, 8.79233E-08, 8.79233E-08, 8.79233E-08, 1.00, 0.90, 0.24736, 0.90, 0.24736, -0.44955, 0.58385, -0.67603, -75.69016, 8.10839, -94.01939
1308, 416, -43.68759, 0.75998, 122.14178, 123.10105, 8.70328E-08, 8.70328E-08, 8.70328E-08, 1.00, 0.61898, 0.24905, 0.61898, 0.24905, 0.15155, -0.41839, -0.89554, -74.76189, 5.89054, -96.24306
1309, 426, -42.99171, -4.64041, 124.42477, 125.38329, 8.70054E-08, 8.70054E-08, 8.70054E-08, 1.00, 0.66835, 0.29778, 0.66835, 0.29778, 0.17164, -0.44737, -0.87773, -76.72612, 1.81569, -95.47163
1310, 432, -43.24665, -2.08843, 126.80651, 127.76424, 8.70443E-08, 8.70443E-08, 8.70443E-08, 1.00, 0.61655, 0.31439, 0.61655, 0.31439, -0.04665, -0.14237, -0.98871, -79.24106, 3.4972, -95.59534
1311, 414, -36.38763, 2.31184, 121.79943, 122.75883, 1.60860E-07, 1.60860E-07, 1.60860E-07, 1.00, 0.80765, 0.24557, 0.80765, 0.24557, 0.04259, 0.09235, 0.99482, -74.15339, 7.03937, -89.19278
1312, 429, -38.30608, 2.72, 126.87766, 127.83536, NaN, NaN, NaN, 1.00, 0.85923, 0.2996, 0.85923, 0.2996, -0.48931, 0.67618, 0.55078, -79.32326, 6.97701, -90.79949
1313, 433, -36.91028, -2.63421, 128.29045, 129.24768, 1.57954E-07, 1.57954E-07, 1.57954E-07, 1.00, 0.80882, 0.34002, 0.80882, 0.34002, 0.23017, 0.01118, 0.97309, -80.38989, 2.997, -89.39331
1314, 426, -42.99171, -4.64041, 124.42477, 125.38329, 8.70054E-08, 8.70054E-08, 8.70054E-08, 1.00, 0.66835, 0.29778, 0.66835, 0.29778, 0.17164, -0.44737, -0.87773, -76.72612, 1.81569, -95.47163
1315, 434, -43.09637, -3.74383, 128.5674, 129.52454, 8.70107E-08, 8.70107E-08, 8.70107E-08, 1.00, 0.61687, 0.34162, 0.61687, 0.34162, -0.04415, -0.23266, -0.97155, -80.90295, 2.17329, -95.36794
1316, 432, -43.24665, -2.08843, 126.80651, 127.76424, 8.70443E-08, 8.70443E-08, 8.70443E-08, 1.00, 0.61655, 0.31439, 0.61655, 0.31439, -0.04665, -0.14237, -0.98871, -79.24106, 3.4972, -95.59534
1317, 435, -42.55261, -5.86602, 127.8522, 128.80959, NaN, NaN, NaN, 1.00, 0.66031, 0.3427, 0.66031, 0.3427, 0.26689, -0.57796, -0.77119, -80.05614, 0.68571, -94.88216
1318, 434, -43.09637, -3.74383, 128.5674, 129.52454, 8.70107E-08, 8.70107E-08, 8.70107E-08, 1.00, 0.61687, 0.34162, 0.61687, 0.34162, -0.04415, -0.23266, -0.97155, -80.90295, 2.17329, -95.36794
1319, 426, -42.99171, -4.64041, 124.42477, 125.38329, 8.70054E-08, 8.70054E-08, 8.70054E-08, 1.00, 0.66835, 0.29778, 0.66835, 0.29778, 0.17164, -0.44737, -0.87773, -76.72612, 1.81569, -95.47163
1320, 414, -36.38763, 2.31184, 121.79943, 122.75883, 1.60860E-07, 1.60860E-07, 1.60860E-07, 1.00, 0.80765, 0.24557, 0.80765, 0.24557, 0.04259, 0.09235, 0.99482, -74.15339, 7.03937, -89.19278
1321, 433, -36.91028, -2.63421, 128.29045, 129.24768, 1.57954E-07, 1.57954E-07, 1.57954E-07, 1.00, 0.80882, 0.34002, 0.80882, 0.34002, 0.23017, 0.01118, 0.97309, -80.38989, 2.997, -89.39331
1322, 428, -36.92825, -1.97731, 126.02181, 126.9798, 1.39351E-07, 1.39351E-07, 1.39351E-07, 1.00, 0.79836, 0.31124, 0.79836, 0.31124, 0.23721, -0.53108, 0.81344, -78.16487, 3.63308, -89.52005
1323, 436, -38.42904, -0.2209, 129.40871, 130.36555, NaN, NaN, NaN, 1.00, 0.85691, 0.34094, 0.85691, 0.34094, -0.24349, 0.7955, 0.55488, -81.69939, 4.66712, -90.80201
1324, 433, -36.91028, -2.63421, 128.29045, 129.24768, 1.57954E-07, 1.57954E-07, 1.57954E-07, 1.00, 0.80882, 0.34002, 0.80882, 0.34002, 0.23017, 0.01118, 0.97309, -80.38989, 2.997, -89.39331
1325, 429, -38.30608, 2.72, 126.87766, 127.83536, NaN, NaN, NaN, 1.00, 0.85923, 0.2996, 0.85923, 0.2996, -0.48931, 0.67618, 0.55078, -79.32326, 6.97701, -90.79949
1326, 427, -40.51992, -7.21966, 124.64989, 125.60834, NaN, NaN, NaN, 1.00, 0.70995, 0.31396, 0.70995, 0.31396, 0.40911, -0.90801, 0.09027, -76.7008, -0.06946, -93.07551
1327, 435, -42.55261, -5.86602, 127.8522, 128.80959, NaN, NaN, NaN, 1.00, 0.66031, 0.3427, 0.66031, 0.3427, 0.26689, -0.57796, -0.77119, -80.05614, 0.68571, -94.88216
1328, 426, -42.99171, -4.64041, 124.42477, 125.38329, 8.70054E-08, 8.70054E-08, 8.70054E-08, 1.00, 0.66835, 0.29778, 0.66835, 0.29778, 0.17164, -0.44737, -0.87773, -76.72612, 1.81569, -95.47163
1329, 437, -40.59734, -7.75805, 126.84682, 127.80453, NaN, NaN, NaN, 1.00, 0.70581, 0.34132, 0.70581, 0.34132, 0.65538, -0.75407, 0.04304, -78.865, -0.61459, -93.04428
1330, 435, -42.55261, -5.86602, 127.8522, 128.80959, NaN, NaN, NaN, 1.00, 0.66031, 0.3427, 0.66031, 0.3427, 0.26689, -0.57796, -0.77119, -80.05614, 0.68571, -94.88216
1331, 427, -40.51992, -7.21966, 124.64989, 125.60834, NaN, NaN, NaN, 1.00, 0.70995, 0.31396, 0.70995, 0.31396, 0.40911, -0.90801, 0.09027, -76.7008, -0.06946, -93.07551
1332, 428, -36.92825, -1.97731, 126.02181, 126.9798, 1.39351E-07, 1.39351E-07, 1.39351E-07, 1.00, 0.79836, 0.31124, 0.79836, 0.31124, 0.23721, -0.53108, 0.81344, -78.16487, 3.63308, -89.52005
1333, 437, -40.59734, -7.75805, 126.84682, 127.80453, NaN, NaN, NaN, 1.00, 0.70581, 0.34132, 0.70581, 0.34132, 0.65538, -0.75407, 0.04304, -78.865, -0.61459, -93.04428
1334, 427, -40.51992, -7.21966, 124.64989, 125.60834, NaN, NaN, NaN, 1.00, 0.70995, 0.31396, 0.70995, 0.31396, 0.40911, -0.90801, 0.09027, -76.7008, -0.06946, -93.07551
1335, 433, -36.91028, -2.63421, 128.29045, 129.24768, 1.57954E-07, 1.57954E-07, 1.57954E-07, 1.00, 0.80882, 0.34002, 0.80882, 0.34002, 0.23017, 0.01118, 0.97309, -80.38989, 2.997, -89.39331
1336, 437, -40.59734, -7.75805, 126.84682, 127.80453, NaN, NaN, NaN, 1.00, 0.70581, 0.34132, 0.70581, 0.34132, 0.65538, -0.75407, 0.04304, -78.865, -0.61459, -93.04428
1337, 428, -36.92825, -1.97731, 126.02181, 126.9798, 1.39351E-07, 1.39351E-07, 1.39351E-07, 1.00, 0.79836, 0.31124, 0.79836, 0.31124, 0.23721, -0.53108, 0.81344, -78.16487, 3.63308, -89.52005
1338, 430, -40.7844, 1.84459, 127.72147, 128.67889, NaN, NaN, NaN, 1.00, 0.90049, 0.31033, 0.90049, 0.31033, -0.56733, 0.76023, -0.31652, -80.23666, 6.28305, -93.15832
1339, 436, -38.42904, -0.2209, 129.40871, 130.36555, NaN, NaN, NaN, 1.00, 0.85691, 0.34094, 0.85691, 0.34094, -0.24349, 0.7955, 0.55488, -81.69939, 4.66712, -90.80201
1340, 429, -38.30608, 2.72, 126.87766, 127.83536, NaN, NaN, NaN, 1.00, 0.85923, 0.2996, 0.85923, 0.2996, -0.48931, 0.67618, 0.55078, -79.32326, 6.97701, -90.79949
1341, 438, -40.15482, 0.41355, 129.64243, 130.5992, NaN, NaN, NaN, 1.00, 0.89202, 0.33907, 0.89202, 0.33907, -0.30865, 0.91298, -0.26685, -82.04668, 5.11045, -92.45877
1342, 436, -38.42904, -0.2209, 129.40871, 130.36555, NaN, NaN, NaN, 1.00, 0.85691, 0.34094, 0.85691, 0.34094, -0.24349, 0.7955, 0.55488, -81.69939, 4.66712, -90.80201
1343, 430, -40.7844, 1.84459, 127.72147, 128.67889, NaN, NaN, NaN, 1.00, 0.90049, 0.31033, 0.90049, 0.31033, -0.56733, 0.76023, -0.31652, -80.23666, 6.28305, -93.15832
1344, 431, -43.24665, -2.08843, 126.80651, 127.76424, 8.70443E-08, 8.70443E-08, 8.70443E-08, 1.00, 0.98934, 0.31183, 0.98934, 0.31183, -0.45578, 0.50916, -0.73009, -79.24106, 3.4972, -95.59534
1345, 438, -40.15482, 0.41355, 129.64243, 130.5992, NaN, NaN, NaN, 1.00, 0.89202, 0.33907, 0.89202, 0.33907, -0.30865, 0.91298, -0.26685, -82.04668, 5.11045, -92.45877
1346, 430, -40.7844, 1.84459, 127.72147, 128.67889, NaN, NaN, NaN, 1.00, 0.90049, 0.31033, 0.90049, 0.31033, -0.56733, 0.76023, -0.31652, -80.23666, 6.28305, -93.15832
1347, 439, -43.09637, -3.74383, 128.5674, 129.52454, 8.70107E-08, 8.70107E-08, 8.70107E-08, 1.00, 0.9901, 0.33906, 0.9901, 0.33906, -0.12171, 0.6715, -0.73094, -80.90295, 2.17329, -95.36794
1348, 438, -40.15482, 0.41355, 129.64243, 130.5992, NaN, NaN, NaN, 1.00, 0.89202, 0.33907, 0.89202, 0.33907, -0.30865, 0.91298, -0.26685, -82.04668, 5.11045, -92.45877
1349, 431, -43.24665, -2.08843, 126.80651, 127.76424, 8.70443E-08, 8.70443E-08, 8.70443E-08, 1.00, 0.98934, 0.31183, 0.98934, 0.31183, -0.45578, 0.50916, -0.73009, -79.24106, 3.4972, -95.59534
1350, 440, -42.55261, -5.86602, 127.8522, 128.80959, 8.70866E-08, 8.70866E-08, 8.70866E-08, 1.00, 0.66051, 0.34334, 0.66051, 0.34334, 0.38088, -0.03228, -0.92406, -80.05614, 0.68571, -94.88216
1351, 441, -42.91185, -3.92073, 131.02354, 131.97987, NaN, NaN, NaN, 1.00, 0.61703, 0.36159, 0.61703, 0.36159, -0.13284, 0.72819, -0.67238, -83.3314, 1.87185, -95.06967
1352, 442, -43.09637, -3.74383, 128.5674, 129.52454, 8.70107E-08, 8.70107E-08, 8.70107E-08, 1.00, 0.61691, 0.34226, 0.61691, 0.34226, 0.35121, -0.10387, -0.93052, -80.90295, 2.17329, -95.36794
1353, 443, -43.8499, -4.67676, 128.37668, 129.33388, 8.67200E-08, 8.67200E-08, 8.67200E-08, 1.00, 0.66085, 0.3621, 0.66085, 0.3621, -0.15026, 0.64435, -0.74983, -80.70105, 1.51061, -96.1087
1354, 441, -42.91185, -3.92073, 131.02354, 131.97987, NaN, NaN, NaN, 1.00, 0.61703, 0.36159, 0.61703, 0.36159, -0.13284, 0.72819, -0.67238, -83.3314, 1.87185, -95.06967
1355, 440, -42.55261, -5.86602, 127.8522, 128.80959, 8.70866E-08, 8.70866E-08, 8.70866E-08, 1.00, 0.66051, 0.34334, 0.66051, 0.34334, 0.38088, -0.03228, -0.92406, -80.05614, 0.68571, -94.88216
1356, 436, -38.42904, -0.2209, 129.40871, 130.36555, NaN, NaN, NaN, 1.00, 0.85691, 0.34094, 0.85691, 0.34094, -0.24349, 0.7955, 0.55488, -81.69939, 4.66712, -90.80201
1357, 444, -36.95795, -8.9218, 127.98318, 128.94051, 1.36350E-07, 1.36350E-07, 1.36350E-07, 1.00, 0.80364, 0.35882, 0.80364, 0.35882, 0.55312, -0.38073, 0.74102, -79.76421, -1.53815, -89.47028
1358, 433, -36.91028, -2.63421, 128.29045, 129.24768, 1.57954E-07, 1.57954E-07, 1.57954E-07, 1.00, 0.80882, 0.34002, 0.80882, 0.34002, 0.23017, 0.01118, 0.97309, -80.38989, 2.997, -89.39331
1359, 445, -36.92985, -7.58152, 131.27739, 132.23363, NaN, NaN, NaN, 1.00, 0.85733, 0.35974, 0.85733, 0.35974, -0.39294, -0.25963, 0.88215, -83.11244, -0.79915, -89.27853
1360, 444, -36.95795, -8.9218, 127.98318, 128.94051, 1.36350E-07, 1.36350E-07, 1.36350E-07, 1.00, 0.80364, 0.35882, 0.80364, 0.35882, 0.55312, -0.38073, 0.74102, -79.76421, -1.53815, -89.47028
1361, 436, -38.42904, -0.2209, 129.40871, 130.36555, NaN, NaN, NaN, 1.00, 0.85691, 0.34094, 0.85691, 0.34094, -0.24349, 0.7955, 0.55488, -81.69939, 4.66712, -90.80201
1362, 437, -40.59734, -7.75805, 126.84682, 127.80453, NaN, NaN, NaN, 1.00, 0.70581, 0.34132, 0.70581, 0.34132, 0.65538, -0.75407, 0.04304, -78.865, -0.61459, -93.04428
1363, 446, -43.8499, -4.67676, 128.37668, 129.33388, NaN, NaN, NaN, 1.00, 0.66065, 0.36146, 0.66065, 0.36146, 0.47951, 0.50391, -0.71844, -80.70105, 1.51061, -96.1087
1364, 435, -42.55261, -5.86602, 127.8522, 128.80959, NaN, NaN, NaN, 1.00, 0.66031, 0.3427, 0.66031, 0.3427, 0.26689, -0.57796, -0.77119, -80.05614, 0.68571, -94.88216
1365, 447, -42.35603, -6.69764, 125.60688, 126.56501, NaN, NaN, NaN, 1.00, 0.7111, 0.3601, 0.7111, 0.3601, 0.9231, 0.18847, -0.33521, -77.76794, 0.24137, -94.80391
1366, 446, -43.8499, -4.67676, 128.37668, 129.33388, NaN, NaN, NaN, 1.00, 0.66065, 0.36146, 0.66065, 0.36146, 0.47951, 0.50391, -0.71844, -80.70105, 1.51061, -96.1087
1367, 437, -40.59734, -7.75805, 126.84682, 127.80453, NaN, NaN, NaN, 1.00, 0.70581, 0.34132, 0.70581, 0.34132, 0.65538, -0.75407, 0.04304, -78.865, -0.61459, -93.04428
1368, 433, -36.91028, -2.63421, 128.29045, 129.24768, 1.57954E-07, 1.57954E-07, 1.57954E-07, 1.00, 0.80882, 0.34002, 0.80882, 0.34002, 0.23017, 0.01118, 0.97309, -80.38989, 2.997, -89.39331
1369, 447, -42.35603, -6.69764, 125.60688, 126.56501, NaN, NaN, NaN, 1.00, 0.7111, 0.3601, 0.7111, 0.3601, 0.9231, 0.18847, -0.33521, -77.76794, 0.24137, -94.80391
1370, 437, -40.59734, -7.75805, 126.84682, 127.80453, NaN, NaN, NaN, 1.00, 0.70581, 0.34132, 0.70581, 0.34132, 0.65538, -0.75407, 0.04304, -78.865, -0.61459, -93.04428
1371, 444, -36.95795, -8.9218, 127.98318, 128.94051, 1.36350E-07, 1.36350E-07, 1.36350E-07, 1.00, 0.80364, 0.35882, 0.80364, 0.35882, 0.55312, -0.38073, 0.74102, -79.76421, -1.53815, -89.47028
1372, 447, -42.35603, -6.69764, 125.60688, 126.56501, NaN, NaN, NaN, 1.00, 0.7111, 0.3601, 0.7111, 0.3601, 0.9231, 0.18847, -0.33521, -77.76794, 0.24137, -94.80391
1373, 433, -36.91028, -2.63421, 128.29045, 129.24768, 1.57954E-07, 1.57954E-07, 1.57954E-07, 1.00, 0.80882, 0.34002, 0.80882, 0.34002, 0.23017, 0.01118, 0.97309, -80.38989, 2.997, -89.39331
1374, 438, -40.15482, 0.41355, 129.64243, 130.5992, NaN, NaN, NaN, 1.00, 0.89202, 0.33907, 0.89202, 0.33907, -0.30865, 0.91298, -0.26685, -82.04668, 5.11045, -92.45877
1375, 445, -36.92985, -7.58152, 131.27739, 132.23363, NaN, NaN, NaN, 1.00, 0.85733, 0.35974, 0.85733, 0.35974, -0.39294, -0.25963, 0.88215, -83.11244, -0.79915, -89.27853
1376, 436, -38.42904, -0.2209, 129.40871, 130.36555, NaN, NaN, NaN, 1.00, 0.85691, 0.34094, 0.85691, 0.34094, -0.24349, 0.7955, 0.55488, -81.69939, 4.66712, -90.80201
1377, 448, -38.59452, -5.57401, 132.88588, 133.84158, NaN, NaN, NaN, 1.00, 0.9008, 0.35788, 0.9008, 0.35788, -0.87183, 0.30595, 0.3825, -84.89636, 0.54231, -90.80545
1378, 445, -36.92985, -7.58152, 131.27739, 132.23363, NaN, NaN, NaN, 1.00, 0.85733, 0.35974, 0.85733, 0.35974, -0.39294, -0.25963, 0.88215, -83.11244, -0.79915, -89.27853
1379, 438, -40.15482, 0.41355, 129.64243, 130.5992, NaN, NaN, NaN, 1.00, 0.89202, 0.33907, 0.89202, 0.33907, -0.30865, 0.91298, -0.26685, -82.04668, 5.11045, -92.45877
1380, 439, -43.09637, -3.74383, 128.5674, 129.52454, 8.70107E-08, 8.70107E-08, 8.70107E-08, 1.00, 0.9901, 0.33906, 0.9901, 0.33906, -0.12171, 0.6715, -0.73094, -80.90295, 2.17329, -95.36794
1381, 448, -38.59452, -5.57401, 132.88588, 133.84158, NaN, NaN, NaN, 1.00, 0.9008, 0.35788, 0.9008, 0.35788, -0.87183, 0.30595, 0.3825, -84.89636, 0.54231, -90.80545
1382, 438, -40.15482, 0.41355, 129.64243, 130.5992, NaN, NaN, NaN, 1.00, 0.89202, 0.33907, 0.89202, 0.33907, -0.30865, 0.91298, -0.26685, -82.04668, 5.11045, -92.45877
1383, 449, -42.91185, -3.92073, 131.02354, 131.97987, NaN, NaN, NaN, 1.00, 0.98896, 0.35775, 0.98896, 0.35775, -0.80046, 0.58833, -0.11457, -83.3314, 1.87185, -95.06967
1384, 448, -38.59452, -5.57401, 132.88588, 133.84158, NaN, NaN, NaN, 1.00, 0.9008, 0.35788, 0.9008, 0.35788, -0.87183, 0.30595, 0.3825, -84.89636, 0.54231, -90.80545
1385, 439, -43.09637, -3.74383, 128.5674, 129.52454, 8.70107E-08, 8.70107E-08, 8.70107E-08, 1.00, 0.9901, 0.33906, 0.9901, 0.33906, -0.12171, 0.6715, -0.73094, -80.90295, 2.17329, -95.36794
1386, 443, -43.8499, -4.67676, 128.37668, 129.33388, 8.67200E-08, 8.67200E-08, 8.67200E-08, 1.00, 0.66085, 0.3621, 0.66085, 0.3621, -0.15026, 0.64435, -0.74983, -80.70105, 1.51061, -96.1087
1387, 450, -44.87831, -7.70087, 132.37914, 133.33501, 8.62253E-08, 8.62253E-08, 8.62253E-08, 1.00, 0.61681, 0.40716, 0.61681, 0.40716, -0.21363, 0.28687, -0.93384, -84.58145, -0.96335, -96.91551
1388, 441, -42.91185, -3.92073, 131.02354, 131.97987, NaN, NaN, NaN, 1.00, 0.61703, 0.36159, 0.61703, 0.36159, -0.13284, 0.72819, -0.67238, -83.3314, 1.87185, -95.06967
1389, 451, -45.32665, -8.54565, 129.87303, 130.82973, 8.60496E-08, 8.60496E-08, 8.60496E-08, 1.00, 0.65224, 0.40658, 0.65224, 0.40658, -0.22088, -0.03012, -0.97484, -82.06349, -1.39884, -97.47406
1390, 450, -44.87831, -7.70087, 132.37914, 133.33501, 8.62253E-08, 8.62253E-08, 8.62253E-08, 1.00, 0.61681, 0.40716, 0.61681, 0.40716, -0.21363, 0.28687, -0.93384, -84.58145, -0.96335, -96.91551
1391, 443, -43.8499, -4.67676, 128.37668, 129.33388, 8.67200E-08, 8.67200E-08, 8.67200E-08, 1.00, 0.66085, 0.3621, 0.66085, 0.3621, -0.15026, 0.64435, -0.74983, -80.70105, 1.51061, -96.1087
1392, 445, -36.92985, -7.58152, 131.27739, 132.23363, NaN, NaN, NaN, 1.00, 0.85733, 0.35974, 0.85733, 0.35974, -0.39294, -0.25963, 0.88215, -83.11244, -0.79915, -89.27853
1393, 452, -40.00645, -12.57483, 129.04964, 130.00661, NaN, NaN, NaN, 1.00, 0.79036, 0.40813, 0.79036, 0.40813, 0.34662, -0.83838, 0.42069, -80.78424, -4.26084, -92.37689
1394, 444, -36.95795, -8.9218, 127.98318, 128.94051, 1.36350E-07, 1.36350E-07, 1.36350E-07, 1.00, 0.80364, 0.35882, 0.80364, 0.35882, 0.55312, -0.38073, 0.74102, -79.76421, -1.53815, -89.47028
1395, 453, -40.31824, -11.14204, 132.23631, 133.19223, NaN, NaN, NaN, 1.00, 0.87804, 0.40966, 0.87804, 0.40966, -0.48853, -0.65986, 0.57089, -84.04627, -3.44721, -92.51904
1396, 452, -40.00645, -12.57483, 129.04964, 130.00661, NaN, NaN, NaN, 1.00, 0.79036, 0.40813, 0.79036, 0.40813, 0.34662, -0.83838, 0.42069, -80.78424, -4.26084, -92.37689
1397, 445, -36.92985, -7.58152, 131.27739, 132.23363, NaN, NaN, NaN, 1.00, 0.85733, 0.35974, 0.85733, 0.35974, -0.39294, -0.25963, 0.88215, -83.11244, -0.79915, -89.27853
1398, 447, -42.35603, -6.69764, 125.60688, 126.56501, NaN, NaN, NaN, 1.00, 0.7111, 0.3601, 0.7111, 0.3601, 0.9231, 0.18847, -0.33521, -77.76794, 0.24137, -94.80391
1399, 454, -45.32665, -8.54565, 129.87303, 130.82973, 8.60496E-08, 8.60496E-08, 8.60496E-08, 1.00, 0.65203, 0.40594, 0.65203, 0.40594, 0.33203, 0.07594, -0.94021, -82.06349, -1.39884, -97.47406
1400, 446, -43.8499, -4.67676, 128.37668, 129.33388, NaN, NaN, NaN, 1.00, 0.66065, 0.36146, 0.66065, 0.36146, 0.47951, 0.50391, -0.71844, -80.70105, 1.51061, -96.1087
1401, 455, -44.35341, -10.35255, 126.9155, 127.8732, NaN, NaN, NaN, 1.00, 0.70178, 0.40485, 0.70178, 0.40485, 0.68886, -0.47698, -0.54586, -78.97911, -2.49976, -96.68165
1402, 454, -45.32665, -8.54565, 129.87303, 130.82973, 8.60496E-08, 8.60496E-08, 8.60496E-08, 1.00, 0.65203, 0.40594, 0.65203, 0.40594, 0.33203, 0.07594, -0.94021, -82.06349, -1.39884, -97.47406
1403, 447, -42.35603, -6.69764, 125.60688, 126.56501, NaN, NaN, NaN, 1.00, 0.7111, 0.3601, 0.7111, 0.3601, 0.9231, 0.18847, -0.33521, -77.76794, 0.24137, -94.80391
1404, 444, -36.95795, -8.9218, 127.98318, 128.94051, 1.36350E-07, 1.36350E-07, 1.36350E-07, 1.00, 0.80364, 0.35882, 0.80364, 0.35882, 0.55312, -0.38073, 0.74102, -79.76421, -1.53815, -89.47028
1405, 455, -44.35341, -10.35255, 126.9155, 127.8732, NaN, NaN, NaN, 1.00, 0.70178, 0.40485, 0.70178, 0.40485, 0.68886, -0.47698, -0.54586, -78.97911, -2.49976, -96.68165
1406, 447, -42.35603, -6.69764, 125.60688, 126.56501, NaN, NaN, NaN, 1.00, 0.7111, 0.3601, 0.7111, 0.3601, 0.9231, 0.18847, -0.33521, -77.76794, 0.24137, -94.80391
1407, 452, -40.00645, -12.57483, 129.04964, 130.00661, NaN, NaN, NaN, 1.00, 0.79036, 0.40813, 0.79036, 0.40813, 0.34662, -0.83838, 0.42069, -80.78424, -4.26084, -92.37689
1408, 455, -44.35341, -10.35255, 126.9155, 127.8732, NaN, NaN, NaN, 1.00, 0.70178, 0.40485, 0.70178, 0.40485, 0.68886, -0.47698, -0.54586, -78.97911, -2.49976, -96.68165
1409, 444, -36.95795, -8.9218, 127.98318, 128.94051, 1.36350E-07, 1.36350E-07, 1.36350E-07, 1.00, 0.80364, 0.35882, 0.80364, 0.35882, 0.55312, -0.38073, 0.74102, -79.76421, -1.53815, -89.47028
1410, 448, -38.59452, -5.57401, 132.88588, 133.84158, NaN, NaN, NaN, 1.00, 0.9008, 0.35788, 0.9008, 0.35788, -0.87183, 0.30595, 0.3825, -84.89636, 0.54231, -90.80545
1411, 453, -40.31824, -11.14204, 132.23631, 133.19223, NaN, NaN, NaN, 1.00, 0.87804, 0.40966, 0.87804, 0.40966, -0.48853, -0.65986, 0.57089, -84.04627, -3.44721, -92.51904
1412, 445, -36.92985, -7.58152, 131.27739, 132.23363, NaN, NaN, NaN, 1.00, 0.85733, 0.35974, 0.85733, 0.35974, -0.39294, -0.25963, 0.88215, -83.11244, -0.79915, -89.27853
1413, 456, -41.65435, -9.157, 133.92747, 134.88283, NaN, NaN, NaN, 1.00, 0.92605, 0.40659, 0.92605, 0.40659, -0.97263, -0.20618, 0.10712, -85.89577, -2.12786, -93.72405
1414, 453, -40.31824, -11.14204, 132.23631, 133.19223, NaN, NaN, NaN, 1.00, 0.87804, 0.40966, 0.87804, 0.40966, -0.48853, -0.65986, 0.57089, -84.04627, -3.44721, -92.51904
1415, 448, -38.59452, -5.57401, 132.88588, 133.84158, NaN, NaN, NaN, 1.00, 0.9008, 0.35788, 0.9008, 0.35788, -0.87183, 0.30595, 0.3825, -84.89636, 0.54231, -90.80545
1416, 449, -42.91185, -3.92073, 131.02354, 131.97987, NaN, NaN, NaN, 1.00, 0.98896, 0.35775, 0.98896, 0.35775, -0.80046, 0.58833, -0.11457, -83.3314, 1.87185, -95.06967
1417, 456, -41.65435, -9.157, 133.92747, 134.88283, NaN, NaN, NaN, 1.00, 0.92605, 0.40659, 0.92605, 0.40659, -0.97263, -0.20618, 0.10712, -85.89577, -2.12786, -93.72405
1418, 448, -38.59452, -5.57401, 132.88588, 133.84158, NaN, NaN, NaN, 1.00, 0.9008, 0.35788, 0.9008, 0.35788, -0.87183, 0.30595, 0.3825, -84.89636, 0.54231, -90.80545
1419, 457, -44.87831, -7.70087, 132.37914, 133.33501, 8.62253E-08, 8.62253E-08, 8.62253E-08, 1.00, 0.98879, 0.40333, 0.98879, 0.40333, -0.91962, -0.02904, -0.39173, -84.58145, -0.96335, -96.91551
1420, 456, -41.65435, -9.157, 133.92747, 134.88283, NaN, NaN, NaN, 1.00, 0.92605, 0.40659, 0.92605, 0.40659, -0.97263, -0.20618, 0.10712, -85.89577, -2.12786, -93.72405
1421, 449, -42.91185, -3.92073, 131.02354, 131.97987, NaN, NaN, NaN, 1.00, 0.98896, 0.35775, 0.98896, 0.35775, -0.80046, 0.58833, -0.11457, -83.3314, 1.87185, -95.06967
1422, 451, -45.32665, -8.54565, 129.87303, 130.82973, 8.60496E-08, 8.60496E-08, 8.60496E-08, 1.00, 0.65224, 0.40658, 0.65224, 0.40658, -0.22088, -0.03012, -0.97484, -82.06349, -1.39884, -97.47406
1423, 458, -44.64093, -9.01453, 132.24782, 133.20374, 8.62378E-08, 8.62378E-08, 8.62378E-08, 1.00, 0.61683, 0.41609, 0.61683, 0.41609, -0.2525, -0.27484, -0.92774, -84.37213, -1.90614, -96.69557
1424, 450, -44.87831, -7.70087, 132.37914, 133.33501, 8.62253E-08, 8.62253E-08, 8.62253E-08, 1.00, 0.61681, 0.40716, 0.61681, 0.40716, -0.21363, 0.28687, -0.93384, -84.58145, -0.96335, -96.91551
1425, 459, -44.99572, -9.6981, 130.23615, 131.19272, 8.60980E-08, 8.60980E-08, 8.60980E-08, 1.00, 0.65123, 0.41554, 0.65123, 0.41554, -0.25188, -0.27697, -0.92728, -82.35041, -2.25967, -97.139
1426, 458, -44.64093, -9.01453, 132.24782, 133.20374, 8.62378E-08, 8.62378E-08, 8.62378E-08, 1.00, 0.61683, 0.41609, 0.61683, 0.41609, -0.2525, -0.27484, -0.92774, -84.37213, -1.90614, -96.69557
1427, 451, -45.32665, -8.54565, 129.87303, 130.82973, 8.60496E-08, 8.60496E-08, 8.60496E-08, 1.00, 0.65224, 0.40658, 0.65224, 0.40658, -0.22088, -0.03012, -0.97484, -82.06349, -1.39884, -97.47406
1428, 453, -40.31824, -11.14204, 132.23631, 133.19223, NaN, NaN, NaN, 1.00, 0.87804, 0.40966, 0.87804, 0.40966, -0.48853, -0.65986, 0.57089, -84.04627, -3.44721, -92.51904
1429, 460, -40.7234, -13.0542, 129.41216, 130.36902, NaN, NaN, NaN, 1.00, 0.78671, 0.41705, 0.78671, 0.41705, 0.09727, -0.89804, 0.42903, -81.15484, -4.63382, -93.05404
1430, 452, -40.00645, -12.57483, 129.04964, 130.00661, NaN, NaN, NaN, 1.00, 0.79036, 0.40813, 0.79036, 0.40813, 0.34662, -0.83838, 0.42069, -80.78424, -4.26084, -92.37689
1431, 461, -41.02742, -11.8241, 132.14774, 133.10368, NaN, NaN, NaN, 1.00, 0.88177, 0.41855, 0.88177, 0.41855, -0.55272, -0.71859, 0.42204, -83.95685, -3.93528, -93.21126
1432, 460, -40.7234, -13.0542, 129.41216, 130.36902, NaN, NaN, NaN, 1.00, 0.78671, 0.41705, 0.78671, 0.41705, 0.09727, -0.89804, 0.42903, -81.15484, -4.63382, -93.05404
1433, 453, -40.31824, -11.14204, 132.23631, 133.19223, NaN, NaN, NaN, 1.00, 0.87804, 0.40966, 0.87804, 0.40966, -0.48853, -0.65986, 0.57089, -84.04627, -3.44721, -92.51904
1434, 455, -44.35341, -10.35255, 126.9155, 127.8732, NaN, NaN, NaN, 1.00, 0.70178, 0.40485, 0.70178, 0.40485, 0.68886, -0.47698, -0.54586, -78.97911, -2.49976, -96.68165
1435, 462, -44.99572, -9.6981, 130.23615, 131.19272, 8.60980E-08, 8.60980E-08, 8.60980E-08, 1.00, 0.65102, 0.4149, 0.65102, 0.4149, 0.09669, -0.3871, -0.91695, -82.35041, -2.25967, -97.139
1436, 454, -45.32665, -8.54565, 129.87303, 130.82973, 8.60496E-08, 8.60496E-08, 8.60496E-08, 1.00, 0.65203, 0.40594, 0.65203, 0.40594, 0.33203, 0.07594, -0.94021, -82.06349, -1.39884, -97.47406
1437, 463, -44.16656, -11.23479, 127.68372, 128.64116, NaN, NaN, NaN, 1.00, 0.70282, 0.41383, 0.70282, 0.41383, 0.59504, -0.71742, -0.36226, -79.69019, -3.19333, -96.46549
1438, 462, -44.99572, -9.6981, 130.23615, 131.19272, 8.60980E-08, 8.60980E-08, 8.60980E-08, 1.00, 0.65102, 0.4149, 0.65102, 0.4149, 0.09669, -0.3871, -0.91695, -82.35041, -2.25967, -97.139
1439, 455, -44.35341, -10.35255, 126.9155, 127.8732, NaN, NaN, NaN, 1.00, 0.70178, 0.40485, 0.70178, 0.40485, 0.68886, -0.47698, -0.54586, -78.97911, -2.49976, -96.68165
1440, 452, -40.00645, -12.57483, 129.04964, 130.00661, NaN, NaN, NaN, 1.00, 0.79036, 0.40813, 0.79036, 0.40813, 0.34662, -0.83838, 0.42069, -80.78424, -4.26084, -92.37689
1441, 463, -44.16656, -11.23479, 127.68372, 128.64116, NaN, NaN, NaN, 1.00, 0.70282, 0.41383, 0.70282, 0.41383, 0.59504, -0.71742, -0.36226, -79.69019, -3.19333, -96.46549
1442, 455, -44.35341, -10.35255, 126.9155, 127.8732, NaN, NaN, NaN, 1.00, 0.70178, 0.40485, 0.70178, 0.40485, 0.68886, -0.47698, -0.54586, -78.97911, -2.49976, -96.68165
1443, 460, -40.7234, -13.0542, 129.41216, 130.36902, NaN, NaN, NaN, 1.00, 0.78671, 0.41705, 0.78671, 0.41705, 0.09727, -0.89804, 0.42903, -81.15484, -4.63382, -93.05404
1444, 463, -44.16656, -11.23479, 127.68372, 128.64116, NaN, NaN, NaN, 1.00, 0.70282, 0.41383, 0.70282, 0.41383, 0.59504, -0.71742, -0.36226, -79.69019, -3.19333, -96.46549
1445, 452, -40.00645, -12.57483, 129.04964, 130.00661, NaN, NaN, NaN, 1.00, 0.79036, 0.40813, 0.79036, 0.40813, 0.34662, -0.83838, 0.42069, -80.78424, -4.26084, -92.37689
1446, 456, -41.65435, -9.157, 133.92747, 134.88283, NaN, NaN, NaN, 1.00, 0.92605, 0.40659, 0.92605, 0.40659, -0.97263, -0.20618, 0.10712, -85.89577, -2.12786, -93.72405
1447, 461, -41.02742, -11.8241, 132.14774, 133.10368, NaN, NaN, NaN, 1.00, 0.88177, 0.41855, 0.88177, 0.41855, -0.55272, -0.71859, 0.42204, -83.95685, -3.93528, -93.21126
1448, 453, -40.31824, -11.14204, 132.23631, 133.19223, NaN, NaN, NaN, 1.00, 0.87804, 0.40966, 0.87804, 0.40966, -0.48853, -0.65986, 0.57089, -84.04627, -3.44721, -92.51904
1449, 464, -42.07727, -10.18179, 133.49637, 134.45186, NaN, NaN, NaN, 1.00, 0.9282, 0.41554, 0.9282, 0.41554, -0.86987, -0.44502, -0.2128, -85.43403, -2.84015, -94.15693
1450, 461, -41.02742, -11.8241, 132.14774, 133.10368, NaN, NaN, NaN, 1.00, 0.88177, 0.41855, 0.88177, 0.41855, -0.55272, -0.71859, 0.42204, -83.95685, -3.93528, -93.21126
1451, 456, -41.65435, -9.157, 133.92747, 134.88283, NaN, NaN, NaN, 1.00, 0.92605, 0.40659, 0.92605, 0.40659, -0.97263, -0.20618, 0.10712, -85.89577, -2.12786, -93.72405
1452, 457, -44.87831, -7.70087, 132.37914, 133.33501, 8.62253E-08, 8.62253E-08, 8.62253E-08, 1.00, 0.98879, 0.40333, 0.98879, 0.40333, -0.91962, -0.02904, -0.39173, -84.58145, -0.96335, -96.91551
1453, 464, -42.07727, -10.18179, 133.49637, 134.45186, NaN, NaN, NaN, 1.00, 0.9282, 0.41554, 0.9282, 0.41554, -0.86987, -0.44502, -0.2128, -85.43403, -2.84015, -94.15693
1454, 456, -41.65435, -9.157, 133.92747, 134.88283, NaN, NaN, NaN, 1.00, 0.92605, 0.40659, 0.92605, 0.40659, -0.97263, -0.20618, 0.10712, -85.89577, -2.12786, -93.72405
1455, 465, -44.64093, -9.01453, 132.24782, 133.20374, 8.62378E-08, 8.62378E-08, 8.62378E-08, 1.00, 0.9888, 0.41224, 0.9888, 0.41224, -0.83872, -0.29325, -0.45887, -84.37213, -1.90614, -96.69557
1456, 464, -42.07727, -10.18179, 133.49637, 134.45186, NaN, NaN, NaN, 1.00, 0.9282, 0.41554, 0.9282, 0.41554, -0.86987, -0.44502, -0.2128, -85.43403, -2.84015, -94.15693
1457, 457, -44.87831, -7.70087, 132.37914, 133.33501, 8.62253E-08, 8.62253E-08, 8.62253E-08, 1.00, 0.98879, 0.40333, 0.98879, 0.40333, -0.91962, -0.02904, -0.39173, -84.58145, -0.96335, -96.91551
1458, 404, -40.38612, 7.56667, 121.00692, 121.96658, NaN, NaN, NaN, 1.00, 0.87617, 0.20965, 0.87617, 0.20965, -0.43562, 0.89813, -0.05995, -73.82317, 10.9036, -93.0871
1459, 403, -41.44192, 3.90561, 123.01926, 123.97826, 8.79233E-08, 8.79233E-08, 8.79233E-08, 1.00, 0.90, 0.24736, 0.90, 0.24736, -0.44955, 0.58385, -0.67603, -75.69016, 8.10839, -94.01939
1460, 413, -39.58138, 5.73913, 123.29046, 124.24936, NaN, NaN, NaN, 1.00, 0.867, 0.24465, 0.867, 0.24465, -0.47132, 0.86114, 0.19052, -75.9657, 9.41807, -92.20133
1461, 430, -40.7844, 1.84459, 127.72147, 128.67889, NaN, NaN, NaN, 1.00, 0.90049, 0.31033, 0.90049, 0.31033, -0.56733, 0.76023, -0.31652, -80.23666, 6.28305, -93.15832
1462, 413, -39.58138, 5.73913, 123.29046, 124.24936, NaN, NaN, NaN, 1.00, 0.867, 0.24465, 0.867, 0.24465, -0.47132, 0.86114, 0.19052, -75.9657, 9.41807, -92.20133
1463, 403, -41.44192, 3.90561, 123.01926, 123.97826, 8.79233E-08, 8.79233E-08, 8.79233E-08, 1.00, 0.90, 0.24736, 0.90, 0.24736, -0.44955, 0.58385, -0.67603, -75.69016, 8.10839, -94.01939
1464, 466, -29.78162, -32.67573, 124.3106, 125.26917, NaN, NaN, NaN, 1.00, 0.25092, 0.13517, 0.25092, 0.13517, -0.95844, 0.24429, 0.1474, -74.54913, -18.49435, -82.76622
1465, 467, -33.89112, -30.22512, 122.51881, 123.47796, NaN, NaN, NaN, 1.00, 0.33113, 0.13508, 0.33113, 0.13508, -0.59703, 0.56703, -0.56748, -73.08535, -16.59194, -86.8239
1466, 468, -41.27736, -50.23898, 129.3611, 130.31796, NaN, NaN, NaN, 1.00, 0.29349, 0.44726, 0.29349, 0.44726, -0.93019, 0.18816, -0.31519, -79.22651, -31.57922, -93.68606
1467, 142, -26.72295, -34.41791, 117.97983, 118.9405, NaN, NaN, NaN, 1.00, 0.14033, 0.15646, 0.14033, 0.15646, -0.14766, -0.98617, 0.07524, -68.00926, -19.31045, -80.12093
1468, 469, -36.43934, -58.11199, 121.77455, 122.73395, NaN, NaN, NaN, 1.00, 0.14472, 0.4727, 0.14472, 0.4727, 0.50038, -0.63534, 0.58819, -71.03745, -36.74996, -89.39601
1469, 143, -28.5628, -35.37581, 114.04971, 115.01169, NaN, NaN, NaN, 1.00, 0.10614, 0.16404, 0.10614, 0.16404, 0.88161, -0.14482, -0.4492, -64.13337, -19.72749, -82.09579
1470, 469, -36.43934, -58.11199, 121.77455, 122.73395, NaN, NaN, NaN, 1.00, 0.14472, 0.4727, 0.14472, 0.4727, 0.50038, -0.63534, 0.58819, -71.03745, -36.74996, -89.39601
1471, 470, -39.56805, -57.72868, 119.00211, 119.96244, NaN, NaN, NaN, 1.00, 0.10165, 0.48498, 0.10165, 0.48498, 0.89688, -0.34123, -0.28136, -68.44452, -36.27662, -92.5579
1472, 143, -28.5628, -35.37581, 114.04971, 115.01169, NaN, NaN, NaN, 1.00, 0.10614, 0.16404, 0.10614, 0.16404, 0.88161, -0.14482, -0.4492, -64.13337, -19.72749, -82.09579
1473, 143, -28.5628, -35.37581, 114.04971, 115.01169, NaN, NaN, NaN, 1.00, 0.10614, 0.16404, 0.10614, 0.16404, 0.88161, -0.14482, -0.4492, -64.13337, -19.72749, -82.09579
1474, 470, -39.56805, -57.72868, 119.00211, 119.96244, NaN, NaN, NaN, 1.00, 0.10165, 0.48498, 0.10165, 0.48498, 0.89688, -0.34123, -0.28136, -68.44452, -36.27662, -92.5579
1475, 471, -33.52035, -34.52153, 115.84157, 116.80295, NaN, NaN, NaN, 1.00, 0.07378, 0.15933, 0.07378, 0.15933, 0.76911, 0.17024, -0.61603, -66.1974, -19.23474, -86.80268
1476, 470, -39.56805, -57.72868, 119.00211, 119.96244, NaN, NaN, NaN, 1.00, 0.10165, 0.48498, 0.10165, 0.48498, 0.89688, -0.34123, -0.28136, -68.44452, -36.27662, -92.5579
1477, 472, -43.24875, -53.80962, 120.66333, 121.62311, NaN, NaN, NaN, 1.00, 0.05031, 0.47586, 0.05031, 0.47586, 0.77544, 0.01113, -0.63132, -70.47466, -33.55352, -96.02804
1478, 471, -33.52035, -34.52153, 115.84157, 116.80295, NaN, NaN, NaN, 1.00, 0.07378, 0.15933, 0.07378, 0.15933, 0.76911, 0.17024, -0.61603, -66.1974, -19.23474, -86.80268
1479, 473, -35.0195, -31.11472, 118.3063, 119.26685, 8.81767E-08, 8.81767E-08, 8.81767E-08, 1.00, 0.38772, 0.14075, 0.38772, 0.14075, -0.19, 0.60401, -0.774, -68.8979, -16.93956, -88.12402
1480, 474, -45.25331, -49.78238, 123.45052, 124.40937, 8.38175E-08, 8.38175E-08, 8.38175E-08, 1.00, 0.36069, 0.45539, 0.36069, 0.45539, -0.44142, 0.34649, -0.8277, -73.55209, -30.83143, -97.82106
1481, 467, -33.89112, -30.22512, 122.51881, 123.47796, NaN, NaN, NaN, 1.00, 0.33113, 0.13508, 0.33113, 0.13508, -0.59703, 0.56703, -0.56748, -73.08535, -16.59194, -86.8239
1482, 474, -45.25331, -49.78238, 123.45052, 124.40937, 8.38175E-08, 8.38175E-08, 8.38175E-08, 1.00, 0.36069, 0.45539, 0.36069, 0.45539, -0.44142, 0.34649, -0.8277, -73.55209, -30.83143, -97.82106
1483, 468, -41.27736, -50.23898, 129.3611, 130.31796, NaN, NaN, NaN, 1.00, 0.29349, 0.44726, 0.29349, 0.44726, -0.93019, 0.18816, -0.31519, -79.22651, -31.57922, -93.68606
1484, 467, -33.89112, -30.22512, 122.51881, 123.47796, NaN, NaN, NaN, 1.00, 0.33113, 0.13508, 0.33113, 0.13508, -0.59703, 0.56703, -0.56748, -73.08535, -16.59194, -86.8239
1485, 471, -33.52035, -34.52153, 115.84157, 116.80295, NaN, NaN, NaN, 1.00, 0.07378, 0.15933, 0.07378, 0.15933, 0.76911, 0.17024, -0.61603, -66.1974, -19.23474, -86.80268
1486, 475, -45.25331, -49.78238, 123.45052, 124.40937, NaN, NaN, NaN, 1.00, 0.00917, 0.45539, 0.00917, 0.45539, 0.6325, 0.28413, -0.72056, -73.55209, -30.83143, -97.82106
1487, 476, -35.0195, -31.11472, 118.3063, 119.26685, NaN, NaN, NaN, 1.00, 0.03616, 0.14075, 0.03616, 0.14075, 0.61452, 0.30298, -0.7284, -68.8979, -16.93956, -88.12402
1488, 472, -43.24875, -53.80962, 120.66333, 121.62311, NaN, NaN, NaN, 1.00, 0.05031, 0.47586, 0.05031, 0.47586, 0.77544, 0.01113, -0.63132, -70.47466, -33.55352, -96.02804
1489, 475, -45.25331, -49.78238, 123.45052, 124.40937, NaN, NaN, NaN, 1.00, 0.00917, 0.45539, 0.00917, 0.45539, 0.6325, 0.28413, -0.72056, -73.55209, -30.83143, -97.82106
1490, 471, -33.52035, -34.52153, 115.84157, 116.80295, NaN, NaN, NaN, 1.00, 0.07378, 0.15933, 0.07378, 0.15933, 0.76911, 0.17024, -0.61603, -66.1974, -19.23474, -86.80268
1491, 466, -29.78162, -32.67573, 124.3106, 125.26917, NaN, NaN, NaN, 1.00, 0.25092, 0.13517, 0.25092, 0.13517, -0.95844, 0.24429, 0.1474, -74.54913, -18.49435, -82.76622
1492, 477, -36.72421, -53.69835, 129.35599, 130.31287, NaN, NaN, NaN, 1.00, 0.24336, 0.44936, 0.24336, 0.44936, -0.93524, -0.16406, 0.31371, -78.82789, -34.08598, -89.28958
1493, 478, -27.59257, -34.39795, 123.82312, 124.78184, NaN, NaN, NaN, 1.00, 0.21674, 0.13527, 0.21674, 0.13527, -0.85459, -0.01648, 0.51904, -73.87138, -19.70812, -80.67637
1494, 468, -41.27736, -50.23898, 129.3611, 130.31796, NaN, NaN, NaN, 1.00, 0.29349, 0.44726, 0.29349, 0.44726, -0.93019, 0.18816, -0.31519, -79.22651, -31.57922, -93.68606
1495, 477, -36.72421, -53.69835, 129.35599, 130.31287, NaN, NaN, NaN, 1.00, 0.24336, 0.44936, 0.24336, 0.44936, -0.93524, -0.16406, 0.31371, -78.82789, -34.08598, -89.28958
1496, 466, -29.78162, -32.67573, 124.3106, 125.26917, NaN, NaN, NaN, 1.00, 0.25092, 0.13517, 0.25092, 0.13517, -0.95844, 0.24429, 0.1474, -74.54913, -18.49435, -82.76622
1497, 153, -24.64853, -32.3639, 122.36094, 123.32014, NaN, NaN, NaN, 1.00, 0.18641, 0.13501, 0.18641, 0.13501, -0.891, -0.00437, 0.45399, -72.37929, -18.13085, -77.89428
1498, 469, -36.43934, -58.11199, 121.77455, 122.73395, NaN, NaN, NaN, 1.00, 0.14472, 0.4727, 0.14472, 0.4727, 0.50038, -0.63534, 0.58819, -71.03745, -36.74996, -89.39601
1499, 142, -26.72295, -34.41791, 117.97983, 118.9405, NaN, NaN, NaN, 1.00, 0.14033, 0.15646, 0.14033, 0.15646, -0.14766, -0.98617, 0.07524, -68.00926, -19.31045, -80.12093
1500, 479, -33.57441, -56.52267, 127.31403, 128.27158, NaN, NaN, NaN, 1.00, 0.2056, 0.44908, 0.2056, 0.44908, -0.35774, -0.58231, 0.73003, -76.49982, -35.98883, -86.34898
1501, 469, -36.43934, -58.11199, 121.77455, 122.73395, NaN, NaN, NaN, 1.00, 0.14472, 0.4727, 0.14472, 0.4727, 0.50038, -0.63534, 0.58819, -71.03745, -36.74996, -89.39601
1502, 153, -24.64853, -32.3639, 122.36094, 123.32014, NaN, NaN, NaN, 1.00, 0.18641, 0.13501, 0.18641, 0.13501, -0.891, -0.00437, 0.45399, -72.37929, -18.13085, -77.89428
1503, 478, -27.59257, -34.39795, 123.82312, 124.78184, NaN, NaN, NaN, 1.00, 0.21674, 0.13527, 0.21674, 0.13527, -0.85459, -0.01648, 0.51904, -73.87138, -19.70812, -80.67637
1504, 479, -33.57441, -56.52267, 127.31403, 128.27158, NaN, NaN, NaN, 1.00, 0.2056, 0.44908, 0.2056, 0.44908, -0.35774, -0.58231, 0.73003, -76.49982, -35.98883, -86.34898
1505, 153, -24.64853, -32.3639, 122.36094, 123.32014, NaN, NaN, NaN, 1.00, 0.18641, 0.13501, 0.18641, 0.13501, -0.891, -0.00437, 0.45399, -72.37929, -18.13085, -77.89428
1506, 477, -36.72421, -53.69835, 129.35599, 130.31287, NaN, NaN, NaN, 1.00, 0.24336, 0.44936, 0.24336, 0.44936, -0.93524, -0.16406, 0.31371, -78.82789, -34.08598, -89.28958
1507, 479, -33.57441, -56.52267, 127.31403, 128.27158, NaN, NaN, NaN, 1.00, 0.2056, 0.44908, 0.2056, 0.44908, -0.35774, -0.58231, 0.73003, -76.49982, -35.98883, -86.34898
1508, 478, -27.59257, -34.39795, 123.82312, 124.78184, NaN, NaN, NaN, 1.00, 0.21674, 0.13527, 0.21674, 0.13527, -0.85459, -0.01648, 0.51904, -73.87138, -19.70812, -80.67637
1509, 469, -36.43934, -58.11199, 121.77455, 122.73395, NaN, NaN, NaN, 1.00, 0.14472, 0.4727, 0.14472, 0.4727, 0.50038, -0.63534, 0.58819, -71.03745, -36.74996, -89.39601
1510, 480, -43.09494, -61.97819, 121.92888, 122.88823, NaN, NaN, NaN, 1.00, 0.10182, 0.55266, 0.10182, 0.55266, 0.51218, -0.84411, -0.15858, -71.30958, -39.56281, -95.83785
1511, 470, -39.56805, -57.72868, 119.00211, 119.96244, NaN, NaN, NaN, 1.00, 0.10165, 0.48498, 0.10165, 0.48498, 0.89688, -0.34123, -0.28136, -68.44452, -36.27662, -92.5579
1512, 481, -39.67734, -60.76765, 122.24509, 123.20433, NaN, NaN, NaN, 1.00, 0.16244, 0.5428, 0.16244, 0.5428, 0.5199, -0.71216, 0.47172, -71.52404, -38.70779, -92.51261
1513, 480, -43.09494, -61.97819, 121.92888, 122.88823, NaN, NaN, NaN, 1.00, 0.10182, 0.55266, 0.10182, 0.55266, 0.51218, -0.84411, -0.15858, -71.30958, -39.56281, -95.83785
1514, 469, -36.43934, -58.11199, 121.77455, 122.73395, NaN, NaN, NaN, 1.00, 0.14472, 0.4727, 0.14472, 0.4727, 0.50038, -0.63534, 0.58819, -71.03745, -36.74996, -89.39601
1515, 470, -39.56805, -57.72868, 119.00211, 119.96244, NaN, NaN, NaN, 1.00, 0.10165, 0.48498, 0.10165, 0.48498, 0.89688, -0.34123, -0.28136, -68.44452, -36.27662, -92.5579
1516, 482, -44.56885, -59.82569, 123.87485, 124.83355, 8.34060E-08, 8.34060E-08, 8.34060E-08, 1.00, 0.05249, 0.54608, 0.05249, 0.54608, 0.11856, -0.58068, -0.80545, -73.42798, -38.14007, -97.16331
1517, 472, -43.24875, -53.80962, 120.66333, 121.62311, NaN, NaN, NaN, 1.00, 0.05031, 0.47586, 0.05031, 0.47586, 0.77544, 0.01113, -0.63132, -70.47466, -33.55352, -96.02804
1518, 480, -43.09494, -61.97819, 121.92888, 122.88823, NaN, NaN, NaN, 1.00, 0.10182, 0.55266, 0.10182, 0.55266, 0.51218, -0.84411, -0.15858, -71.30958, -39.56281, -95.83785
1519, 482, -44.56885, -59.82569, 123.87485, 124.83355, 8.34060E-08, 8.34060E-08, 8.34060E-08, 1.00, 0.05249, 0.54608, 0.05249, 0.54608, 0.11856, -0.58068, -0.80545, -73.42798, -38.14007, -97.16331
1520, 470, -39.56805, -57.72868, 119.00211, 119.96244, NaN, NaN, NaN, 1.00, 0.10165, 0.48498, 0.10165, 0.48498, 0.89688, -0.34123, -0.28136, -68.44452, -36.27662, -92.5579
1521, 474, -45.25331, -49.78238, 123.45052, 124.40937, 8.38175E-08, 8.38175E-08, 8.38175E-08, 1.00, 0.36069, 0.45539, 0.36069, 0.45539, -0.44142, 0.34649, -0.8277, -73.55209, -30.83143, -97.82106
1522, 483, -42.00961, -55.00788, 127.47295, 128.43045, NaN, NaN, NaN, 1.00, 0.3103, 0.52581, 0.3103, 0.52581, -0.99175, 0.00359, -0.12815, -77.13661, -34.90222, -94.49893
1523, 468, -41.27736, -50.23898, 129.3611, 130.31796, NaN, NaN, NaN, 1.00, 0.29349, 0.44726, 0.29349, 0.44726, -0.93019, 0.18816, -0.31519, -79.22651, -31.57922, -93.68606
1524, 484, -44.87256, -57.06506, 125.65007, 126.60818, 8.34876E-08, 8.34876E-08, 8.34876E-08, 1.00, 0.36257, 0.53132, 0.36257, 0.53132, -0.87049, -0.16083, -0.46518, -75.35183, -36.26456, -97.36336
1525, 483, -42.00961, -55.00788, 127.47295, 128.43045, NaN, NaN, NaN, 1.00, 0.3103, 0.52581, 0.3103, 0.52581, -0.99175, 0.00359, -0.12815, -77.13661, -34.90222, -94.49893
1526, 474, -45.25331, -49.78238, 123.45052, 124.40937, 8.38175E-08, 8.38175E-08, 8.38175E-08, 1.00, 0.36069, 0.45539, 0.36069, 0.45539, -0.44142, 0.34649, -0.8277, -73.55209, -30.83143, -97.82106
1527, 485, -43.24875, -53.80962, 120.66333, 121.62311, 8.41782E-08, 8.41782E-08, 8.41782E-08, 1.00, 0.05039, 0.47586, 0.05039, 0.47586, 0.40268, -0.11594, -0.90797, -70.47466, -33.55352, -96.02804
1528, 486, -44.87256, -57.06506, 125.65007, 126.60818, 8.34876E-08, 8.34876E-08, 8.34876E-08, 1.00, 0.0111, 0.53132, 0.0111, 0.53132, -0.28649, -0.41036, -0.86575, -75.35183, -36.26456, -97.36336
1529, 487, -45.25331, -49.78238, 123.45052, 124.40937, NaN, NaN, NaN, 1.00, 0.00918, 0.45539, 0.00918, 0.45539, 0.40995, -0.1315, -0.90258, -73.55209, -30.83143, -97.82106
1530, 488, -44.56885, -59.82569, 123.87485, 124.83355, 8.34060E-08, 8.34060E-08, 8.34060E-08, 1.00, 0.05258, 0.54608, 0.05258, 0.54608, -0.2946, -0.3949, -0.87021, -73.42798, -38.14007, -97.16331
1531, 486, -44.87256, -57.06506, 125.65007, 126.60818, 8.34876E-08, 8.34876E-08, 8.34876E-08, 1.00, 0.0111, 0.53132, 0.0111, 0.53132, -0.28649, -0.41036, -0.86575, -75.35183, -36.26456, -97.36336
1532, 485, -43.24875, -53.80962, 120.66333, 121.62311, 8.41782E-08, 8.41782E-08, 8.41782E-08, 1.00, 0.05039, 0.47586, 0.05039, 0.47586, 0.40268, -0.11594, -0.90797, -70.47466, -33.55352, -96.02804
1533, 468, -41.27736, -50.23898, 129.3611, 130.31796, NaN, NaN, NaN, 1.00, 0.29349, 0.44726, 0.29349, 0.44726, -0.93019, 0.18816, -0.31519, -79.22651, -31.57922, -93.68606
1534, 489, -38.33675, -56.02104, 126.15895, 127.11689, NaN, NaN, NaN, 1.00, 0.25611, 0.52596, 0.25611, 0.52596, -0.74063, -0.04142, 0.67064, -75.60144, -35.54381, -91.01208
1535, 477, -36.72421, -53.69835, 129.35599, 130.31287, NaN, NaN, NaN, 1.00, 0.24336, 0.44936, 0.24336, 0.44936, -0.93524, -0.16406, 0.31371, -78.82789, -34.08598, -89.28958
1536, 483, -42.00961, -55.00788, 127.47295, 128.43045, NaN, NaN, NaN, 1.00, 0.3103, 0.52581, 0.3103, 0.52581, -0.99175, 0.00359, -0.12815, -77.13661, -34.90222, -94.49893
1537, 489, -38.33675, -56.02104, 126.15895, 127.11689, NaN, NaN, NaN, 1.00, 0.25611, 0.52596, 0.25611, 0.52596, -0.74063, -0.04142, 0.67064, -75.60144, -35.54381, -91.01208
1538, 468, -41.27736, -50.23898, 129.3611, 130.31796, NaN, NaN, NaN, 1.00, 0.29349, 0.44726, 0.29349, 0.44726, -0.93019, 0.18816, -0.31519, -79.22651, -31.57922, -93.68606
1539, 479, -33.57441, -56.52267, 127.31403, 128.27158, NaN, NaN, NaN, 1.00, 0.2056, 0.44908, 0.2056, 0.44908, -0.35774, -0.58231, 0.73003, -76.49982, -35.98883, -86.34898
1540, 481, -39.67734, -60.76765, 122.24509, 123.20433, NaN, NaN, NaN, 1.00, 0.16244, 0.5428, 0.16244, 0.5428, 0.5199, -0.71216, 0.47172, -71.52404, -38.70779, -92.51261
1541, 469, -36.43934, -58.11199, 121.77455, 122.73395, NaN, NaN, NaN, 1.00, 0.14472, 0.4727, 0.14472, 0.4727, 0.50038, -0.63534, 0.58819, -71.03745, -36.74996, -89.39601
1542, 490, -36.9561, -58.31363, 123.32042, 124.2793, NaN, NaN, NaN, 1.00, 0.20809, 0.52575, 0.20809, 0.52575, -0.16307, -0.39838, 0.90261, -72.59134, -37.00512, -89.82088
1543, 481, -39.67734, -60.76765, 122.24509, 123.20433, NaN, NaN, NaN, 1.00, 0.16244, 0.5428, 0.16244, 0.5428, 0.5199, -0.71216, 0.47172, -71.52404, -38.70779, -92.51261
1544, 479, -33.57441, -56.52267, 127.31403, 128.27158, NaN, NaN, NaN, 1.00, 0.2056, 0.44908, 0.2056, 0.44908, -0.35774, -0.58231, 0.73003, -76.49982, -35.98883, -86.34898
1545, 477, -36.72421, -53.69835, 129.35599, 130.31287, NaN, NaN, NaN, 1.00, 0.24336, 0.44936, 0.24336, 0.44936, -0.93524, -0.16406, 0.31371, -78.82789, -34.08598, -89.28958
1546, 490, -36.9561, -58.31363, 123.32042, 124.2793, NaN, NaN, NaN, 1.00, 0.20809, 0.52575, 0.20809, 0.52575, -0.16307, -0.39838, 0.90261, -72.59134, -37.00512, -89.82088
1547, 479, -33.57441, -56.52267, 127.31403, 128.27158, NaN, NaN, NaN, 1.00, 0.2056, 0.44908, 0.2056, 0.44908, -0.35774, -0.58231, 0.73003, -76.49982, -35.98883, -86.34898
1548, 489, -38.33675, -56.02104, 126.15895, 127.11689, NaN, NaN, NaN, 1.00, 0.25611, 0.52596, 0.25611, 0.52596, -0.74063, -0.04142, 0.67064, -75.60144, -35.54381, -91.01208
1549, 490, -36.9561, -58.31363, 123.32042, 124.2793, NaN, NaN, NaN, 1.00, 0.20809, 0.52575, 0.20809, 0.52575, -0.16307, -0.39838, 0.90261, -72.59134, -37.00512, -89.82088
1550, 477, -36.72421, -53.69835, 129.35599, 130.31287, NaN, NaN, NaN, 1.00, 0.24336, 0.44936, 0.24336, 0.44936, -0.93524, -0.16406, 0.31371, -78.82789, -34.08598, -89.28958
1551, 491, -39.67734, -60.76765, 122.24509, 123.20433, NaN, NaN, NaN, 1.00, 0.89725, 0.42902, 0.89725, 0.42902, 0.8602, -0.42403, 0.2833, -71.52404, -38.70779, -92.51261
1552, 492, -40.8115, -68.70695, 125.85792, 126.81596, NaN, NaN, NaN, 1.00, 0.91128, 0.48716, 0.91128, 0.48716, 0.83733, -0.51795, 0.17494, -74.76975, -44.71647, -93.45318
1553, 493, -43.09494, -61.97819, 121.92888, 122.88823, NaN, NaN, NaN, 1.00, 0.92246, 0.43041, 0.92246, 0.43041, 0.85338, -0.48901, 0.18059, -71.30958, -39.56281, -95.83785
1554, 494, -37.09705, -66.96813, 125.88537, 126.8434, NaN, NaN, NaN, 1.00, 0.87231, 0.47948, 0.87231, 0.47948, 0.80615, -0.44691, 0.3878, -74.70956, -43.45823, -89.85352
1555, 492, -40.8115, -68.70695, 125.85792, 126.81596, NaN, NaN, NaN, 1.00, 0.91128, 0.48716, 0.91128, 0.48716, 0.83733, -0.51795, 0.17494, -74.76975, -44.71647, -93.45318
1556, 491, -39.67734, -60.76765, 122.24509, 123.20433, NaN, NaN, NaN, 1.00, 0.89725, 0.42902, 0.89725, 0.42902, 0.8602, -0.42403, 0.2833, -71.52404, -38.70779, -92.51261
1557, 495, -43.09494, -61.97819, 121.92888, 122.88823, 8.37119E-08, 8.37119E-08, 8.37119E-08, 1.00, 0.92343, 0.43706, 0.92343, 0.43706, 0.21268, -0.50936, -0.83386, -71.30958, -39.56281, -95.83785
1558, 496, -43.08557, -65.32327, 127.80165, 128.75905, 8.34994E-08, 8.34994E-08, 8.34994E-08, 1.00, 0.96337, 0.47594, 0.96337, 0.47594, -0.0181, -0.32897, -0.94417, -76.987, -42.40129, -95.54984
1559, 497, -44.56885, -59.82569, 123.87485, 124.83355, 8.34060E-08, 8.34060E-08, 8.34060E-08, 1.00, 0.95569, 0.4343, 0.95569, 0.4343, 0.03177, -0.37691, -0.92571, -73.42798, -38.14007, -97.16331
1560, 498, -40.8115, -68.70695, 125.85792, 126.81596, 8.39661E-08, 8.39661E-08, 8.39661E-08, 1.00, 0.92291, 0.48464, 0.92291, 0.48464, 0.29169, -0.47121, -0.8324, -74.76975, -44.71647, -93.45318
1561, 496, -43.08557, -65.32327, 127.80165, 128.75905, 8.34994E-08, 8.34994E-08, 8.34994E-08, 1.00, 0.96337, 0.47594, 0.96337, 0.47594, -0.0181, -0.32897, -0.94417, -76.987, -42.40129, -95.54984
1562, 495, -43.09494, -61.97819, 121.92888, 122.88823, 8.37119E-08, 8.37119E-08, 8.37119E-08, 1.00, 0.92343, 0.43706, 0.92343, 0.43706, 0.21268, -0.50936, -0.83386, -71.30958, -39.56281, -95.83785
1563, 499, -44.87256, -57.06506, 125.65007, 126.60818, 8.34876E-08, 8.34876E-08, 8.34876E-08, 1.00, 0.71594, 0.42934, 0.71594, 0.42934, -0.68314, 0.39615, -0.61351, -75.35183, -36.26456, -97.36336
1564, 500, -42.71523, -62.99519, 130.87669, 131.83307, NaN, NaN, NaN, 1.00, 0.73448, 0.47956, 0.73448, 0.47956, -0.78889, 0.32473, -0.52173, -80.15126, -40.93095, -95.0352
1565, 501, -42.00961, -55.00788, 127.47295, 128.43045, NaN, NaN, NaN, 1.00, 0.74168, 0.42874, 0.74168, 0.42874, -0.7657, 0.6277, -0.14034, -77.13661, -34.90222, -94.49893
1566, 500, -42.71523, -62.99519, 130.87669, 131.83307, NaN, NaN, NaN, 1.00, 0.73448, 0.47956, 0.73448, 0.47956, -0.78889, 0.32473, -0.52173, -80.15126, -40.93095, -95.0352
1567, 502, -40.28666, -61.8357, 132.18864, 133.14458, NaN, NaN, NaN, 1.00, 0.76451, 0.47946, 0.76451, 0.47946, -0.88829, 0.45914, -0.01112, -81.40186, -40.18316, -92.61832
1568, 501, -42.00961, -55.00788, 127.47295, 128.43045, NaN, NaN, NaN, 1.00, 0.74168, 0.42874, 0.74168, 0.42874, -0.7657, 0.6277, -0.14034, -77.13661, -34.90222, -94.49893
1569, 497, -44.56885, -59.82569, 123.87485, 124.83355, 8.34060E-08, 8.34060E-08, 8.34060E-08, 1.00, 0.95569, 0.4343, 0.95569, 0.4343, 0.03177, -0.37691, -0.92571, -73.42798, -38.14007, -97.16331
1570, 496, -43.08557, -65.32327, 127.80165, 128.75905, 8.34994E-08, 8.34994E-08, 8.34994E-08, 1.00, 0.96337, 0.47594, 0.96337, 0.47594, -0.0181, -0.32897, -0.94417, -76.987, -42.40129, -95.54984
1571, 503, -44.87256, -57.06506, 125.65007, 126.60818, 8.34876E-08, 8.34876E-08, 8.34876E-08, 1.00, 0.98763, 0.43219, 0.98763, 0.43219, -0.19649, -0.22934, -0.95331, -75.35183, -36.26456, -97.36336
1572, 496, -43.08557, -65.32327, 127.80165, 128.75905, 8.34994E-08, 8.34994E-08, 8.34994E-08, 1.00, 0.96337, 0.47594, 0.96337, 0.47594, -0.0181, -0.32897, -0.94417, -76.987, -42.40129, -95.54984
1573, 504, -42.71523, -62.99519, 130.87669, 131.83307, 8.37539E-08, 8.37539E-08, 8.37539E-08, 1.00, 0.99852, 0.47698, 0.99852, 0.47698, -0.2399, -0.18223, -0.95354, -80.15126, -40.93095, -95.0352
1574, 503, -44.87256, -57.06506, 125.65007, 126.60818, 8.34876E-08, 8.34876E-08, 8.34876E-08, 1.00, 0.98763, 0.43219, 0.98763, 0.43219, -0.19649, -0.22934, -0.95331, -75.35183, -36.26456, -97.36336
1575, 501, -42.00961, -55.00788, 127.47295, 128.43045, NaN, NaN, NaN, 1.00, 0.74168, 0.42874, 0.74168, 0.42874, -0.7657, 0.6277, -0.14034, -77.13661, -34.90222, -94.49893
1576, 505, -35.34326, -62.46363, 131.10954, 132.06584, NaN, NaN, NaN, 1.00, 0.81, 0.47876, 0.81, 0.47876, -0.47179, 0.47324, 0.74395, -80.05997, -40.56213, -87.88968
1577, 506, -38.33675, -56.02104, 126.15895, 127.11689, 1.47503E-07, 1.47503E-07, 1.47503E-07, 1.00, 0.80834, 0.42881, 0.80834, 0.42881, -0.20092, 0.58874, 0.78295, -75.60144, -35.54381, -91.01208
1578, 502, -40.28666, -61.8357, 132.18864, 133.14458, NaN, NaN, NaN, 1.00, 0.76451, 0.47946, 0.76451, 0.47946, -0.88829, 0.45914, -0.01112, -81.40186, -40.18316, -92.61832
1579, 505, -35.34326, -62.46363, 131.10954, 132.06584, NaN, NaN, NaN, 1.00, 0.81, 0.47876, 0.81, 0.47876, -0.47179, 0.47324, 0.74395, -80.05997, -40.56213, -87.88968
1580, 501, -42.00961, -55.00788, 127.47295, 128.43045, NaN, NaN, NaN, 1.00, 0.74168, 0.42874, 0.74168, 0.42874, -0.7657, 0.6277, -0.14034, -77.13661, -34.90222, -94.49893
1581, 507, -36.9561, -58.31363, 123.32042, 124.2793, 1.39417E-07, 1.39417E-07, 1.39417E-07, 1.00, 0.86247, 0.42872, 0.86247, 0.42872, 0.59472, -0.03032, 0.80336, -72.59134, -37.00512, -89.82088
1582, 494, -37.09705, -66.96813, 125.88537, 126.8434, NaN, NaN, NaN, 1.00, 0.87231, 0.47948, 0.87231, 0.47948, 0.80615, -0.44691, 0.3878, -74.70956, -43.45823, -89.85352
1583, 491, -39.67734, -60.76765, 122.24509, 123.20433, NaN, NaN, NaN, 1.00, 0.89725, 0.42902, 0.89725, 0.42902, 0.8602, -0.42403, 0.2833, -71.52404, -38.70779, -92.51261
1584, 508, -34.7374, -65.62435, 127.47495, 128.43245, 1.46079E-07, 1.46079E-07, 1.46079E-07, 1.00, 0.84635, 0.47958, 0.84635, 0.47958, 0.41697, -0.0437, 0.90787, -76.24938, -42.59646, -87.48926
1585, 494, -37.09705, -66.96813, 125.88537, 126.8434, NaN, NaN, NaN, 1.00, 0.87231, 0.47948, 0.87231, 0.47948, 0.80615, -0.44691, 0.3878, -74.70956, -43.45823, -89.85352
1586, 507, -36.9561, -58.31363, 123.32042, 124.2793, 1.39417E-07, 1.39417E-07, 1.39417E-07, 1.00, 0.86247, 0.42872, 0.86247, 0.42872, 0.59472, -0.03032, 0.80336, -72.59134, -37.00512, -89.82088
1587, 506, -38.33675, -56.02104, 126.15895, 127.11689, 1.47503E-07, 1.47503E-07, 1.47503E-07, 1.00, 0.80834, 0.42881, 0.80834, 0.42881, -0.20092, 0.58874, 0.78295, -75.60144, -35.54381, -91.01208
1588, 508, -34.7374, -65.62435, 127.47495, 128.43245, 1.46079E-07, 1.46079E-07, 1.46079E-07, 1.00, 0.84635, 0.47958, 0.84635, 0.47958, 0.41697, -0.0437, 0.90787, -76.24938, -42.59646, -87.48926
1589, 507, -36.9561, -58.31363, 123.32042, 124.2793, 1.39417E-07, 1.39417E-07, 1.39417E-07, 1.00, 0.86247, 0.42872, 0.86247, 0.42872, 0.59472, -0.03032, 0.80336, -72.59134, -37.00512, -89.82088
1590, 505, -35.34326, -62.46363, 131.10954, 132.06584, NaN, NaN, NaN, 1.00, 0.81, 0.47876, 0.81, 0.47876, -0.47179, 0.47324, 0.74395, -80.05997, -40.56213, -87.88968
1591, 508, -34.7374, -65.62435, 127.47495, 128.43245, 1.46079E-07, 1.46079E-07, 1.46079E-07, 1.00, 0.84635, 0.47958, 0.84635, 0.47958, 0.41697, -0.0437, 0.90787, -76.24938, -42.59646, -87.48926
1592, 506, -38.33675, -56.02104, 126.15895, 127.11689, 1.47503E-07, 1.47503E-07, 1.47503E-07, 1.00, 0.80834, 0.42881, 0.80834, 0.42881, -0.20092, 0.58874, 0.78295, -75.60144, -35.54381, -91.01208
1593, 494, -37.09705, -66.96813, 125.88537, 126.8434, NaN, NaN, NaN, 1.00, 0.87231, 0.47948, 0.87231, 0.47948, 0.80615, -0.44691, 0.3878, -74.70956, -43.45823, -89.85352
1594, 509, -37.81118, -85.54913, 136.59822, 137.55267, NaN, NaN, NaN, 1.00, 0.90361, 0.60723, 0.90361, 0.60723, 0.90202, -0.20207, 0.38148, -84.46191, -57.68005, -90.06704
1595, 492, -40.8115, -68.70695, 125.85792, 126.81596, NaN, NaN, NaN, 1.00, 0.91128, 0.48716, 0.91128, 0.48716, 0.83733, -0.51795, 0.17494, -74.76975, -44.71647, -93.45318
1596, 510, -36.29472, -83.48047, 136.91768, 137.87202, 1.23631E-07, 1.23631E-07, 1.23631E-07, 1.00, 0.86396, 0.60688, 0.86396, 0.60688, 0.80518, -0.05487, 0.59049, -84.81391, -56.20336, -88.57894
1597, 509, -37.81118, -85.54913, 136.59822, 137.55267, NaN, NaN, NaN, 1.00, 0.90361, 0.60723, 0.90361, 0.60723, 0.90202, -0.20207, 0.38148, -84.46191, -57.68005, -90.06704
1598, 494, -37.09705, -66.96813, 125.88537, 126.8434, NaN, NaN, NaN, 1.00, 0.87231, 0.47948, 0.87231, 0.47948, 0.80615, -0.44691, 0.3878, -74.70956, -43.45823, -89.85352
1599, 498, -40.8115, -68.70695, 125.85792, 126.81596, 8.39661E-08, 8.39661E-08, 8.39661E-08, 1.00, 0.92291, 0.48464, 0.92291, 0.48464, 0.29169, -0.47121, -0.8324, -74.76975, -44.71647, -93.45318
1600, 511, -38.73045, -85.39169, 137.5488, 138.50294, NaN, NaN, NaN, 1.00, 0.95139, 0.60668, 0.95139, 0.60668, 0.29389, -0.63694, -0.7127, -85.46042, -57.633, -90.90957
1601, 496, -43.08557, -65.32327, 127.80165, 128.75905, 8.34994E-08, 8.34994E-08, 8.34994E-08, 1.00, 0.96337, 0.47594, 0.96337, 0.47594, -0.0181, -0.32897, -0.94417, -76.987, -42.40129, -95.54984
1602, 512, -37.81118, -85.54913, 136.59822, 137.55267, NaN, NaN, NaN, 1.00, 0.92935, 0.60822, 0.92935, 0.60822, 0.48676, -0.62543, -0.60984, -84.46191, -57.68005, -90.06704
1603, 511, -38.73045, -85.39169, 137.5488, 138.50294, NaN, NaN, NaN, 1.00, 0.95139, 0.60668, 0.95139, 0.60668, 0.29389, -0.63694, -0.7127, -85.46042, -57.633, -90.90957
1604, 498, -40.8115, -68.70695, 125.85792, 126.81596, 8.39661E-08, 8.39661E-08, 8.39661E-08, 1.00, 0.92291, 0.48464, 0.92291, 0.48464, 0.29169, -0.47121, -0.8324, -74.76975, -44.71647, -93.45318
1605, 500, -42.71523, -62.99519, 130.87669, 131.83307, NaN, NaN, NaN, 1.00, 0.73448, 0.47956, 0.73448, 0.47956, -0.78889, 0.32473, -0.52173, -80.15126, -40.93095, -95.0352
1606, 513, -37.7588, -83.25625, 139.47203, 140.42554, NaN, NaN, NaN, 1.00, 0.76975, 0.60446, 0.76975, 0.60446, -0.96574, -0.04843, -0.25495, -87.43905, -56.22102, -89.86998
1607, 502, -40.28666, -61.8357, 132.18864, 133.14458, NaN, NaN, NaN, 1.00, 0.76451, 0.47946, 0.76451, 0.47946, -0.88829, 0.45914, -0.01112, -81.40186, -40.18316, -92.61832
1608, 514, -39.03381, -84.41582, 138.61143, 139.56522, 8.33595E-08, 8.33595E-08, 8.33595E-08, 1.00, 0.74022, 0.60392, 0.74022, 0.60392, -0.8664, -0.18748, -0.46282, -86.58315, -57.0007, -91.14864
1609, 513, -37.7588, -83.25625, 139.47203, 140.42554, NaN, NaN, NaN, 1.00, 0.76975, 0.60446, 0.76975, 0.60446, -0.96574, -0.04843, -0.25495, -87.43905, -56.22102, -89.86998
1610, 500, -42.71523, -62.99519, 130.87669, 131.83307, NaN, NaN, NaN, 1.00, 0.73448, 0.47956, 0.73448, 0.47956, -0.78889, 0.32473, -0.52173, -80.15126, -40.93095, -95.0352
1611, 496, -43.08557, -65.32327, 127.80165, 128.75905, 8.34994E-08, 8.34994E-08, 8.34994E-08, 1.00, 0.96337, 0.47594, 0.96337, 0.47594, -0.0181, -0.32897, -0.94417, -76.987, -42.40129, -95.54984
1612, 515, -39.03381, -84.41582, 138.61143, 139.56522, 8.33595E-08, 8.33595E-08, 8.33595E-08, 1.00, 0.97059, 0.60313, 0.97059, 0.60313, -0.12655, -0.56842, -0.81295, -86.58315, -57.0007, -91.14864
1613, 504, -42.71523, -62.99519, 130.87669, 131.83307, 8.37539E-08, 8.37539E-08, 8.37539E-08, 1.00, 0.99852, 0.47698, 0.99852, 0.47698, -0.2399, -0.18223, -0.95354, -80.15126, -40.93095, -95.0352
1614, 511, -38.73045, -85.39169, 137.5488, 138.50294, NaN, NaN, NaN, 1.00, 0.95139, 0.60668, 0.95139, 0.60668, 0.29389, -0.63694, -0.7127, -85.46042, -57.633, -90.90957
1615, 515, -39.03381, -84.41582, 138.61143, 139.56522, 8.33595E-08, 8.33595E-08, 8.33595E-08, 1.00, 0.97059, 0.60313, 0.97059, 0.60313, -0.12655, -0.56842, -0.81295, -86.58315, -57.0007, -91.14864
1616, 496, -43.08557, -65.32327, 127.80165, 128.75905, 8.34994E-08, 8.34994E-08, 8.34994E-08, 1.00, 0.96337, 0.47594, 0.96337, 0.47594, -0.0181, -0.32897, -0.94417, -76.987, -42.40129, -95.54984
1617, 502, -40.28666, -61.8357, 132.18864, 133.14458, NaN, NaN, NaN, 1.00, 0.76451, 0.47946, 0.76451, 0.47946, -0.88829, 0.45914, -0.01112, -81.40186, -40.18316, -92.61832
1618, 516, -35.89809, -82.35168, 138.74887, 139.70261, NaN, NaN, NaN, 1.00, 0.80086, 0.60553, 0.80086, 0.60553, -0.82604, 0.32412, 0.46109, -86.67667, -55.51444, -88.10275
1619, 505, -35.34326, -62.46363, 131.10954, 132.06584, NaN, NaN, NaN, 1.00, 0.81, 0.47876, 0.81, 0.47876, -0.47179, 0.47324, 0.74395, -80.05997, -40.56213, -87.88968
1620, 513, -37.7588, -83.25625, 139.47203, 140.42554, NaN, NaN, NaN, 1.00, 0.76975, 0.60446, 0.76975, 0.60446, -0.96574, -0.04843, -0.25495, -87.43905, -56.22102, -89.86998
1621, 516, -35.89809, -82.35168, 138.74887, 139.70261, NaN, NaN, NaN, 1.00, 0.80086, 0.60553, 0.80086, 0.60553, -0.82604, 0.32412, 0.46109, -86.67667, -55.51444, -88.10275
1622, 502, -40.28666, -61.8357, 132.18864, 133.14458, NaN, NaN, NaN, 1.00, 0.76451, 0.47946, 0.76451, 0.47946, -0.88829, 0.45914, -0.01112, -81.40186, -40.18316, -92.61832
1623, 508, -34.7374, -65.62435, 127.47495, 128.43245, 1.46079E-07, 1.46079E-07, 1.46079E-07, 1.00, 0.84635, 0.47958, 0.84635, 0.47958, 0.41697, -0.0437, 0.90787, -76.24938, -42.59646, -87.48926
1624, 510, -36.29472, -83.48047, 136.91768, 137.87202, 1.23631E-07, 1.23631E-07, 1.23631E-07, 1.00, 0.86396, 0.60688, 0.86396, 0.60688, 0.80518, -0.05487, 0.59049, -84.81391, -56.20336, -88.57894
1625, 494, -37.09705, -66.96813, 125.88537, 126.8434, NaN, NaN, NaN, 1.00, 0.87231, 0.47948, 0.87231, 0.47948, 0.80615, -0.44691, 0.3878, -74.70956, -43.45823, -89.85352
1626, 517, -35.35663, -82.45599, 137.73111, 138.6852, 1.52229E-07, 1.52229E-07, 1.52229E-07, 1.00, 0.8338, 0.60579, 0.8338, 0.60579, 0.08937, 0.3292, 0.94002, -85.63193, -55.51825, -87.62891
1627, 510, -36.29472, -83.48047, 136.91768, 137.87202, 1.23631E-07, 1.23631E-07, 1.23631E-07, 1.00, 0.86396, 0.60688, 0.86396, 0.60688, 0.80518, -0.05487, 0.59049, -84.81391, -56.20336, -88.57894
1628, 508, -34.7374, -65.62435, 127.47495, 128.43245, 1.46079E-07, 1.46079E-07, 1.46079E-07, 1.00, 0.84635, 0.47958, 0.84635, 0.47958, 0.41697, -0.0437, 0.90787, -76.24938, -42.59646, -87.48926
1629, 505, -35.34326, -62.46363, 131.10954, 132.06584, NaN, NaN, NaN, 1.00, 0.81, 0.47876, 0.81, 0.47876, -0.47179, 0.47324, 0.74395, -80.05997, -40.56213, -87.88968
1630, 517, -35.35663, -82.45599, 137.73111, 138.6852, 1.52229E-07, 1.52229E-07, 1.52229E-07, 1.00, 0.8338, 0.60579, 0.8338, 0.60579, 0.08937, 0.3292, 0.94002, -85.63193, -55.51825, -87.62891
1631, 508, -34.7374, -65.62435, 127.47495, 128.43245, 1.46079E-07, 1.46079E-07, 1.46079E-07, 1.00, 0.84635, 0.47958, 0.84635, 0.47958, 0.41697, -0.0437, 0.90787, -76.24938, -42.59646, -87.48926
1632, 516, -35.89809, -82.35168, 138.74887, 139.70261, NaN, NaN, NaN, 1.00, 0.80086, 0.60553, 0.80086, 0.60553, -0.82604, 0.32412, 0.46109, -86.67667, -55.51444, -88.10275
1633, 517, -35.35663, -82.45599, 137.73111, 138.6852, 1.52229E-07, 1.52229E-07, 1.52229E-07, 1.00, 0.8338, 0.60579, 0.8338, 0.60579, 0.08937, 0.3292, 0.94002, -85.63193, -55.51825, -87.62891
1634, 505, -35.34326, -62.46363, 131.10954, 132.06584, NaN, NaN, NaN, 1.00, 0.81, 0.47876, 0.81, 0.47876, -0.47179, 0.47324, 0.74395, -80.05997, -40.56213, -87.88968
1635, 518, -43.56286, -94.93188, 133.9352, 134.89055, NaN, NaN, NaN, 1.00, 0.46676, 0.42347, 0.46676, 0.42347, -0.04735, -0.99461, 0.0922, -81.60262, -64.29221, -95.78601
1636, 519, -41.53798, -94.64607, 134.18205, 135.13731, NaN, NaN, NaN, 1.00, 0.47813, 0.44864, 0.47813, 0.44864, -0.02609, -0.99762, 0.06389, -81.76687, -64.10248, -93.81403
1637, 520, -44.48785, -94.41682, 137.64542, 138.59953, NaN, NaN, NaN, 1.00, 0.40971, 0.43767, 0.40971, 0.43767, -0.03141, -0.99698, 0.07098, -85.36825, -64.1806, -96.49817
1638, 520, -44.48785, -94.41682, 137.64542, 138.59953, NaN, NaN, NaN, 1.00, 0.40971, 0.43767, 0.40971, 0.43767, -0.03141, -0.99698, 0.07098, -85.36825, -64.1806, -96.49817
1639, 519, -41.53798, -94.64607, 134.18205, 135.13731, NaN, NaN, NaN, 1.00, 0.47813, 0.44864, 0.47813, 0.44864, -0.02609, -0.99762, 0.06389, -81.76687, -64.10248, -93.81403
1640, 521, -44.17161, -94.263, 138.7406, 139.69434, NaN, NaN, NaN, 1.00, 0.3972, 0.44864, 0.3972, 0.44864, -0.01544, -0.99864, 0.0497, -86.45185, -64.14638, -96.1382
1641, 521, -44.17161, -94.263, 138.7406, 139.69434, NaN, NaN, NaN, 1.00, 0.3972, 0.44864, 0.3972, 0.44864, -0.01544, -0.99864, 0.0497, -86.45185, -64.14638, -96.1382
1642, 519, -41.53798, -94.64607, 134.18205, 135.13731, NaN, NaN, NaN, 1.00, 0.47813, 0.44864, 0.47813, 0.44864, -0.02609, -0.99762, 0.06389, -81.76687, -64.10248, -93.81403
1643, 522, -39.65185, -94.40686, 135.13899, 136.09395, NaN, NaN, NaN, 1.00, 0.47895, 0.49995, 0.47895, 0.49995, -0.01535, -0.99866, 0.04939, -82.64256, -63.99661, -91.94167
1644, 523, -41.43386, -93.90503, 140.21802, 141.17128, NaN, NaN, NaN, 1.00, 0.3972, 0.51328, 0.3972, 0.51328, -0.01519, -0.99868, 0.04906, -87.81153, -63.99115, -93.41608
1645, 521, -44.17161, -94.263, 138.7406, 139.69434, NaN, NaN, NaN, 1.00, 0.3972, 0.44864, 0.3972, 0.44864, -0.01544, -0.99864, 0.0497, -86.45185, -64.14638, -96.1382
1646, 522, -39.65185, -94.40686, 135.13899, 136.09395, NaN, NaN, NaN, 1.00, 0.47895, 0.49995, 0.47895, 0.49995, -0.01535, -0.99866, 0.04939, -82.64256, -63.99661, -91.94167
1647, 524, -33.02431, -89.06747, 138.7318, 139.68555, NaN, NaN, NaN, 1.00, 0.47606, 0.58889, 0.47606, 0.58889, -0.19527, -0.89187, 0.40797, -86.17923, -60.38039, -85.33993
1648, 523, -41.43386, -93.90503, 140.21802, 141.17128, NaN, NaN, NaN, 1.00, 0.3972, 0.51328, 0.3972, 0.51328, -0.01519, -0.99868, 0.04906, -87.81153, -63.99115, -93.41608
1649, 522, -39.65185, -94.40686, 135.13899, 136.09395, NaN, NaN, NaN, 1.00, 0.47895, 0.49995, 0.47895, 0.49995, -0.01535, -0.99866, 0.04939, -82.64256, -63.99661, -91.94167
1650, 523, -41.43386, -93.90503, 140.21802, 141.17128, NaN, NaN, NaN, 1.00, 0.3972, 0.51328, 0.3972, 0.51328, -0.01519, -0.99868, 0.04906, -87.81153, -63.99115, -93.41608
1651, 524, -33.02431, -89.06747, 138.7318, 139.68555, NaN, NaN, NaN, 1.00, 0.47606, 0.58889, 0.47606, 0.58889, -0.19527, -0.89187, 0.40797, -86.17923, -60.38039, -85.33993
1652, 525, -35.08828, -88.76726, 142.30432, 143.25688, NaN, NaN, NaN, 1.00, 0.41264, 0.58889, 0.41264, 0.58889, -0.19535, -0.89172, 0.40825, -89.85085, -60.41479, -87.16138
1653, 526, -32.71062, -88.20624, 140.27654, 141.22977, NaN, NaN, NaN, 1.00, 0.45706, 0.60475, 0.45706, 0.60475, -0.19549, -0.89156, 0.40854, -87.74693, -59.86518, -84.95866
1654, 525, -35.08828, -88.76726, 142.30432, 143.25688, NaN, NaN, NaN, 1.00, 0.41264, 0.58889, 0.41264, 0.58889, -0.19535, -0.89172, 0.40825, -89.85085, -60.41479, -87.16138
1655, 524, -33.02431, -89.06747, 138.7318, 139.68555, NaN, NaN, NaN, 1.00, 0.47606, 0.58889, 0.47606, 0.58889, -0.19527, -0.89187, 0.40797, -86.17923, -60.38039, -85.33993
1656, 527, -33.68277, -88.06484, 141.95924, 142.91191, NaN, NaN, NaN, 1.00, 0.42718, 0.60475, 0.42718, 0.60475, -0.19549, -0.89156, 0.40854, -89.47631, -59.88138, -85.81659
1657, 525, -35.08828, -88.76726, 142.30432, 143.25688, NaN, NaN, NaN, 1.00, 0.41264, 0.58889, 0.41264, 0.58889, -0.19535, -0.89172, 0.40825, -89.85085, -60.41479, -87.16138
1658, 526, -32.71062, -88.20624, 140.27654, 141.22977, NaN, NaN, NaN, 1.00, 0.45706, 0.60475, 0.45706, 0.60475, -0.19549, -0.89156, 0.40854, -87.74693, -59.86518, -84.95866
1659, 528, -36.29472, -83.48047, 136.91768, 137.87202, NaN, NaN, NaN, 1.00, 0.66336, 0.47671, 0.66336, 0.47671, 0.9303, 0.34737, 0.11779, -84.81391, -56.20336, -88.57894
1660, 529, -38.23207, -87.90726, 136.03403, 136.98868, NaN, NaN, NaN, 1.00, 0.613, 0.50877, 0.613, 0.50877, 0.96861, 0.17519, 0.17639, -83.79927, -59.34927, -90.50781
1661, 530, -37.81118, -85.54913, 136.59822, 137.55267, NaN, NaN, NaN, 1.00, 0.63352, 0.488, 0.63352, 0.488, 0.89435, 0.404, -0.19216, -84.46191, -57.68005, -90.06704
1662, 531, -35.973, -85.26867, 136.68393, 137.63837, 1.17421E-07, 1.17421E-07, 1.17421E-07, 1.00, 0.65619, 0.49774, 0.65619, 0.49774, 0.89185, 0.17659, 0.41643, -84.47427, -57.48284, -88.28359
1663, 529, -38.23207, -87.90726, 136.03403, 136.98868, NaN, NaN, NaN, 1.00, 0.613, 0.50877, 0.613, 0.50877, 0.96861, 0.17519, 0.17639, -83.79927, -59.34927, -90.50781
1664, 528, -36.29472, -83.48047, 136.91768, 137.87202, NaN, NaN, NaN, 1.00, 0.66336, 0.47671, 0.66336, 0.47671, 0.9303, 0.34737, 0.11779, -84.81391, -56.20336, -88.57894
1665, 532, -37.81118, -85.54913, 136.59822, 137.55267, NaN, NaN, NaN, 1.00, 0.6264, 0.43644, 0.6264, 0.43644, 0.59081, 0.40056, -0.70036, -84.46191, -57.68005, -90.06704
1666, 533, -39.51191, -87.78564, 137.40794, 138.36214, NaN, NaN, NaN, 1.00, 0.60121, 0.46273, 0.60121, 0.46273, 0.4556, 0.56645, -0.6867, -85.23471, -59.35804, -91.6786
1667, 534, -38.73045, -85.39169, 137.5488, 138.50294, NaN, NaN, NaN, 1.00, 0.62276, 0.45986, 0.62276, 0.45986, 0.43834, 0.38741, -0.81103, -85.46042, -57.633, -90.90957
1668, 535, -38.23207, -87.90726, 136.03403, 136.98868, NaN, NaN, NaN, 1.00, 0.60648, 0.4294, 0.60648, 0.4294, 0.51454, 0.57833, -0.63307, -83.79927, -59.34927, -90.50781
1669, 533, -39.51191, -87.78564, 137.40794, 138.36214, NaN, NaN, NaN, 1.00, 0.60121, 0.46273, 0.60121, 0.46273, 0.4556, 0.56645, -0.6867, -85.23471, -59.35804, -91.6786
1670, 532, -37.81118, -85.54913, 136.59822, 137.55267, NaN, NaN, NaN, 1.00, 0.6264, 0.43644, 0.6264, 0.43644, 0.59081, 0.40056, -0.70036, -84.46191, -57.68005, -90.06704
1671, 536, -39.03381, -84.41582, 138.61143, 139.56522, 8.33595E-08, 8.33595E-08, 8.33595E-08, 1.00, 0.63415, 0.48306, 0.63415, 0.48306, -0.61593, 0.42205, -0.66521, -86.58315, -57.0007, -91.14864
1672, 537, -37.99492, -84.95904, 140.21364, 141.16689, NaN, NaN, NaN, 1.00, 0.65226, 0.50274, 0.65226, 0.50274, -0.80816, 0.4726, -0.35146, -88.10172, -57.50739, -90.06643
1673, 538, -37.7588, -83.25625, 139.47203, 140.42554, NaN, NaN, NaN, 1.00, 0.65918, 0.48292, 0.65918, 0.48292, -0.87013, 0.48108, -0.10689, -87.43905, -56.22102, -89.86998
1674, 539, -39.84775, -86.63194, 138.97798, 139.93164, 8.29573E-08, 8.29573E-08, 8.29573E-08, 1.00, 0.61603, 0.50288, 0.61603, 0.50288, -0.62803, 0.41165, -0.66039, -86.87346, -58.63264, -91.92382
1675, 537, -37.99492, -84.95904, 140.21364, 141.16689, NaN, NaN, NaN, 1.00, 0.65226, 0.50274, 0.65226, 0.50274, -0.80816, 0.4726, -0.35146, -88.10172, -57.50739, -90.06643
1676, 536, -39.03381, -84.41582, 138.61143, 139.56522, 8.33595E-08, 8.33595E-08, 8.33595E-08, 1.00, 0.63415, 0.48306, 0.63415, 0.48306, -0.61593, 0.42205, -0.66521, -86.58315, -57.0007, -91.14864
1677, 534, -38.73045, -85.39169, 137.5488, 138.50294, NaN, NaN, NaN, 1.00, 0.62276, 0.45986, 0.62276, 0.45986, 0.43834, 0.38741, -0.81103, -85.46042, -57.633, -90.90957
1678, 540, -39.84775, -86.63194, 138.97798, 139.93164, NaN, NaN, NaN, 1.00, 0.61265, 0.49168, 0.61265, 0.49168, 0.36983, 0.48928, -0.78983, -86.87346, -58.63264, -91.92382
1679, 541, -39.03381, -84.41582, 138.61143, 139.56522, NaN, NaN, NaN, 1.00, 0.63066, 0.48026, 0.63066, 0.48026, 0.3782, 0.3415, -0.86043, -86.58315, -57.0007, -91.14864
1680, 533, -39.51191, -87.78564, 137.40794, 138.36214, NaN, NaN, NaN, 1.00, 0.60121, 0.46273, 0.60121, 0.46273, 0.4556, 0.56645, -0.6867, -85.23471, -59.35804, -91.6786
1681, 540, -39.84775, -86.63194, 138.97798, 139.93164, NaN, NaN, NaN, 1.00, 0.61265, 0.49168, 0.61265, 0.49168, 0.36983, 0.48928, -0.78983, -86.87346, -58.63264, -91.92382
1682, 534, -38.73045, -85.39169, 137.5488, 138.50294, NaN, NaN, NaN, 1.00, 0.62276, 0.45986, 0.62276, 0.45986, 0.43834, 0.38741, -0.81103, -85.46042, -57.633, -90.90957
1683, 538, -37.7588, -83.25625, 139.47203, 140.42554, NaN, NaN, NaN, 1.00, 0.65918, 0.48292, 0.65918, 0.48292, -0.87013, 0.48108, -0.10689, -87.43905, -56.22102, -89.86998
1684, 542, -35.34021, -83.67424, 139.25873, 140.2123, NaN, NaN, NaN, 1.00, 0.68234, 0.5018, 0.68234, 0.5018, -0.83323, 0.53743, 0.13004, -87.09024, -56.50891, -87.54134
1685, 543, -35.89809, -82.35168, 138.74887, 139.70261, NaN, NaN, NaN, 1.00, 0.67997, 0.48197, 0.67997, 0.48197, -0.86567, 0.4638, 0.18843, -86.67667, -55.51444, -88.10275
1686, 537, -37.99492, -84.95904, 140.21364, 141.16689, NaN, NaN, NaN, 1.00, 0.65226, 0.50274, 0.65226, 0.50274, -0.80816, 0.4726, -0.35146, -88.10172, -57.50739, -90.06643
1687, 542, -35.34021, -83.67424, 139.25873, 140.2123, NaN, NaN, NaN, 1.00, 0.68234, 0.5018, 0.68234, 0.5018, -0.83323, 0.53743, 0.13004, -87.09024, -56.50891, -87.54134
1688, 538, -37.7588, -83.25625, 139.47203, 140.42554, NaN, NaN, NaN, 1.00, 0.65918, 0.48292, 0.65918, 0.48292, -0.87013, 0.48108, -0.10689, -87.43905, -56.22102, -89.86998
1689, 544, -35.35663, -82.45599, 137.73111, 138.6852, 1.24062E-07, 1.24062E-07, 1.24062E-07, 1.00, 0.68422, 0.47557, 0.68422, 0.47557, 0.82248, 0.32832, 0.46447, -85.63193, -55.51825, -87.62891
1690, 531, -35.973, -85.26867, 136.68393, 137.63837, 1.17421E-07, 1.17421E-07, 1.17421E-07, 1.00, 0.65619, 0.49774, 0.65619, 0.49774, 0.89185, 0.17659, 0.41643, -84.47427, -57.48284, -88.28359
1691, 528, -36.29472, -83.48047, 136.91768, 137.87202, NaN, NaN, NaN, 1.00, 0.66336, 0.47671, 0.66336, 0.47671, 0.9303, 0.34737, 0.11779, -84.81391, -56.20336, -88.57894
1692, 545, -34.5933, -83.82295, 137.85207, 138.80611, 1.26387E-07, 1.26387E-07, 1.26387E-07, 1.00, 0.68637, 0.49661, 0.68637, 0.49661, 0.81767, 0.2186, 0.53258, -85.64613, -56.51747, -86.88786
1693, 531, -35.973, -85.26867, 136.68393, 137.63837, 1.17421E-07, 1.17421E-07, 1.17421E-07, 1.00, 0.65619, 0.49774, 0.65619, 0.49774, 0.89185, 0.17659, 0.41643, -84.47427, -57.48284, -88.28359
1694, 544, -35.35663, -82.45599, 137.73111, 138.6852, 1.24062E-07, 1.24062E-07, 1.24062E-07, 1.00, 0.68422, 0.47557, 0.68422, 0.47557, 0.82248, 0.32832, 0.46447, -85.63193, -55.51825, -87.62891
1695, 546, -35.89809, -82.35168, 138.74887, 139.70261, NaN, NaN, NaN, 1.00, 0.72368, 0.47984, 0.72368, 0.47984, -0.34052, 0.56315, 0.75293, -86.67667, -55.51444, -88.10275
1696, 547, -34.5933, -83.82295, 137.85207, 138.80611, 1.48389E-07, 1.48389E-07, 1.48389E-07, 1.00, 0.70022, 0.49868, 0.70022, 0.49868, -0.1649, 0.5489, 0.81946, -85.64613, -56.51747, -86.88786
1697, 548, -35.35663, -82.45599, 137.73111, 138.6852, NaN, NaN, NaN, 1.00, 0.70521, 0.47975, 0.70521, 0.47975, -0.34164, 0.56222, 0.75312, -85.63193, -55.51825, -87.62891
1698, 549, -35.34021, -83.67424, 139.25873, 140.2123, NaN, NaN, NaN, 1.00, 0.72573, 0.49878, 0.72573, 0.49878, -0.32339, 0.64736, 0.69017, -87.09024, -56.50891, -87.54134
1699, 547, -34.5933, -83.82295, 137.85207, 138.80611, 1.48389E-07, 1.48389E-07, 1.48389E-07, 1.00, 0.70022, 0.49868, 0.70022, 0.49868, -0.1649, 0.5489, 0.81946, -85.64613, -56.51747, -86.88786
1700, 546, -35.89809, -82.35168, 138.74887, 139.70261, NaN, NaN, NaN, 1.00, 0.72368, 0.47984, 0.72368, 0.47984, -0.34052, 0.56315, 0.75293, -86.67667, -55.51444, -88.10275
1701, 550, -41.64363, -93.22725, 134.18393, 135.13919, NaN, NaN, NaN, 1.00, 0.52788, 0.55185, 0.52788, 0.55185, 0.94205, 0.2512, 0.22237, -81.8464, -63.07434, -93.91259
1702, 551, -43.56286, -94.93188, 133.9352, 134.89055, NaN, NaN, NaN, 1.00, 0.50024, 0.57157, 0.50024, 0.57157, 0.99425, 0.06046, 0.08837, -81.60262, -64.29221, -95.78601
1703, 552, -43.77037, -92.94075, 133.85611, 134.81148, NaN, NaN, NaN, 1.00, 0.4989, 0.54593, 0.4989, 0.54593, 0.94272, 0.30783, 0.12851, -81.63565, -62.84359, -95.98565
1704, 553, -41.53798, -94.64607, 134.18205, 135.13731, NaN, NaN, NaN, 1.00, 0.52788, 0.57, 0.52788, 0.57, 0.94778, 0.09904, 0.30315, -81.76687, -64.10248, -93.81403
1705, 551, -43.56286, -94.93188, 133.9352, 134.89055, NaN, NaN, NaN, 1.00, 0.50024, 0.57157, 0.50024, 0.57157, 0.99425, 0.06046, 0.08837, -81.60262, -64.29221, -95.78601
1706, 550, -41.64363, -93.22725, 134.18393, 135.13919, NaN, NaN, NaN, 1.00, 0.52788, 0.55185, 0.52788, 0.55185, 0.94205, 0.2512, 0.22237, -81.8464, -63.07434, -93.91259
1707, 553, -41.53798, -94.64607, 134.18205, 135.13731, NaN, NaN, NaN, 1.00, 0.52788, 0.57, 0.52788, 0.57, 0.94778, 0.09904, 0.30315, -81.76687, -64.10248, -93.81403
1708, 550, -41.64363, -93.22725, 134.18393, 135.13919, NaN, NaN, NaN, 1.00, 0.52788, 0.55185, 0.52788, 0.55185, 0.94205, 0.2512, 0.22237, -81.8464, -63.07434, -93.91259
1709, 554, -39.84184, -92.89118, 135.09058, 136.04553, 1.13775E-07, 1.13775E-07, 1.13775E-07, 1.00, 0.58286, 0.55047, 0.58286, 0.55047, 0.89827, 0.20064, 0.39097, -82.68095, -62.89474, -92.12405
1710, 553, -41.53798, -94.64607, 134.18205, 135.13731, NaN, NaN, NaN, 1.00, 0.52788, 0.57, 0.52788, 0.57, 0.94778, 0.09904, 0.30315, -81.76687, -64.10248, -93.81403
1711, 554, -39.84184, -92.89118, 135.09058, 136.04553, 1.13775E-07, 1.13775E-07, 1.13775E-07, 1.00, 0.58286, 0.55047, 0.58286, 0.55047, 0.89827, 0.20064, 0.39097, -82.68095, -62.89474, -92.12405
1712, 555, -39.65185, -94.40686, 135.13899, 136.09395, 1.14707E-07, 1.14707E-07, 1.14707E-07, 1.00, 0.5842, 0.57, 0.5842, 0.57, 0.89161, 0.09342, 0.44306, -82.64256, -63.99661, -91.94167
1713, 555, -39.65185, -94.40686, 135.13899, 136.09395, 1.14707E-07, 1.14707E-07, 1.14707E-07, 1.00, 0.5842, 0.57, 0.5842, 0.57, 0.89161, 0.09342, 0.44306, -82.64256, -63.99661, -91.94167
1714, 554, -39.84184, -92.89118, 135.09058, 136.04553, 1.13775E-07, 1.13775E-07, 1.13775E-07, 1.00, 0.58286, 0.55047, 0.58286, 0.55047, 0.89827, 0.20064, 0.39097, -82.68095, -62.89474, -92.12405
1715, 556, -33.68816, -87.76502, 138.395, 139.34886, 1.18324E-07, 1.18324E-07, 1.18324E-07, 1.00, 0.67917, 0.54944, 0.67917, 0.54944, 0.88577, 0.03795, 0.46256, -85.94203, -59.41271, -85.99545
1716, 555, -39.65185, -94.40686, 135.13899, 136.09395, 1.14707E-07, 1.14707E-07, 1.14707E-07, 1.00, 0.5842, 0.57, 0.5842, 0.57, 0.89161, 0.09342, 0.44306, -82.64256, -63.99661, -91.94167
1717, 556, -33.68816, -87.76502, 138.395, 139.34886, 1.18324E-07, 1.18324E-07, 1.18324E-07, 1.00, 0.67917, 0.54944, 0.67917, 0.54944, 0.88577, 0.03795, 0.46256, -85.94203, -59.41271, -85.99545
1718, 557, -33.02431, -89.06747, 138.7318, 139.68555, 1.17562E-07, 1.17562E-07, 1.17562E-07, 1.00, 0.68185, 0.57014, 0.68185, 0.57014, 0.89718, 0.07636, 0.43501, -86.17923, -60.38039, -85.33993
1719, 558, -33.02431, -89.06747, 138.7318, 139.68555, 1.48263E-07, 1.48263E-07, 1.48263E-07, 1.00, 0.69837, 0.57075, 0.69837, 0.57075, 0.38297, 0.39855, 0.83336, -86.17923, -60.38039, -85.33993
1720, 559, -33.68816, -87.76502, 138.395, 139.34886, 1.48037E-07, 1.48037E-07, 1.48037E-07, 1.00, 0.69902, 0.55084, 0.69902, 0.55084, 0.39983, 0.33773, 0.8521, -85.94203, -59.41271, -85.99545
1721, 560, -33.34064, -86.46458, 139.93871, 140.89206, 1.50962E-07, 1.50962E-07, 1.50962E-07, 1.00, 0.71007, 0.54633, 0.71007, 0.54633, 0.01724, 0.52205, 0.85274, -87.52958, -58.57912, -85.5804
1722, 561, -32.71062, -88.20624, 140.27654, 141.22977, 1.50446E-07, 1.50446E-07, 1.50446E-07, 1.00, 0.70942, 0.57075, 0.70942, 0.57075, -0.16835, 0.45106, 0.87647, -87.74693, -59.86518, -84.95866
1723, 558, -33.02431, -89.06747, 138.7318, 139.68555, 1.48263E-07, 1.48263E-07, 1.48263E-07, 1.00, 0.69837, 0.57075, 0.69837, 0.57075, 0.38297, 0.39855, 0.83336, -86.17923, -60.38039, -85.33993
1724, 560, -33.34064, -86.46458, 139.93871, 140.89206, 1.50962E-07, 1.50962E-07, 1.50962E-07, 1.00, 0.71007, 0.54633, 0.71007, 0.54633, 0.01724, 0.52205, 0.85274, -87.52958, -58.57912, -85.5804
1725, 562, -44.48785, -94.41682, 137.64542, 138.59953, 8.10707E-08, 8.10707E-08, 8.10707E-08, 1.00, 0.51498, 0.57085, 0.51498, 0.57085, -0.34251, 0.00189, -0.93951, -85.36825, -64.1806, -96.49817
1726, 563, -44.16995, -92.85979, 138.55673, 139.51054, 8.12638E-08, 8.12638E-08, 8.12638E-08, 1.00, 0.52674, 0.55375, 0.52674, 0.55375, -0.61296, 0.29616, -0.73251, -86.3405, -63.11645, -96.14207
1727, 564, -44.58806, -92.44131, 137.3806, 138.33481, 8.11826E-08, 8.11826E-08, 8.11826E-08, 1.00, 0.51367, 0.54669, 0.51367, 0.54669, -0.45564, 0.35687, -0.8155, -85.2104, -62.73021, -96.60311
1728, 562, -44.48785, -94.41682, 137.64542, 138.59953, 8.10707E-08, 8.10707E-08, 8.10707E-08, 1.00, 0.51498, 0.57085, 0.51498, 0.57085, -0.34251, 0.00189, -0.93951, -85.36825, -64.1806, -96.49817
1729, 565, -44.17161, -94.263, 138.7406, 139.69434, 8.11632E-08, 8.11632E-08, 8.11632E-08, 1.00, 0.52674, 0.57085, 0.52674, 0.57085, -0.74804, 0.07552, -0.65934, -86.45185, -64.14638, -96.1382
1730, 563, -44.16995, -92.85979, 138.55673, 139.51054, 8.12638E-08, 8.12638E-08, 8.12638E-08, 1.00, 0.52674, 0.55375, 0.52674, 0.55375, -0.61296, 0.29616, -0.73251, -86.3405, -63.11645, -96.14207
1731, 563, -44.16995, -92.85979, 138.55673, 139.51054, 8.12638E-08, 8.12638E-08, 8.12638E-08, 1.00, 0.52674, 0.55375, 0.52674, 0.55375, -0.61296, 0.29616, -0.73251, -86.3405, -63.11645, -96.14207
1732, 565, -44.17161, -94.263, 138.7406, 139.69434, 8.11632E-08, 8.11632E-08, 8.11632E-08, 1.00, 0.52674, 0.57085, 0.52674, 0.57085, -0.74804, 0.07552, -0.65934, -86.45185, -64.14638, -96.1382
1733, 566, -41.51654, -92.40496, 139.98386, 140.93719, NaN, NaN, NaN, 1.00, 0.5947, 0.55245, 0.5947, 0.55245, -0.85532, 0.28894, -0.43005, -87.65904, -62.88748, -93.50378
1734, 566, -41.51654, -92.40496, 139.98386, 140.93719, NaN, NaN, NaN, 1.00, 0.5947, 0.55245, 0.5947, 0.55245, -0.85532, 0.28894, -0.43005, -87.65904, -62.88748, -93.50378
1735, 565, -44.17161, -94.263, 138.7406, 139.69434, 8.11632E-08, 8.11632E-08, 8.11632E-08, 1.00, 0.52674, 0.57085, 0.52674, 0.57085, -0.74804, 0.07552, -0.65934, -86.45185, -64.14638, -96.1382
1736, 567, -41.43386, -93.90503, 140.21802, 141.17128, NaN, NaN, NaN, 1.00, 0.59601, 0.57085, 0.59601, 0.57085, -0.92653, 0.09014, -0.36526, -87.81153, -63.99115, -93.41608
1737, 566, -41.51654, -92.40496, 139.98386, 140.93719, NaN, NaN, NaN, 1.00, 0.5947, 0.55245, 0.5947, 0.55245, -0.85532, 0.28894, -0.43005, -87.65904, -62.88748, -93.50378
1738, 567, -41.43386, -93.90503, 140.21802, 141.17128, NaN, NaN, NaN, 1.00, 0.59601, 0.57085, 0.59601, 0.57085, -0.92653, 0.09014, -0.36526, -87.81153, -63.99115, -93.41608
1739, 568, -35.67931, -87.4754, 141.84148, 142.79419, NaN, NaN, NaN, 1.00, 0.67443, 0.55148, 0.67443, 0.55148, -0.93102, 0.26937, -0.24624, -89.4841, -59.44589, -87.75262
1740, 568, -35.67931, -87.4754, 141.84148, 142.79419, NaN, NaN, NaN, 1.00, 0.67443, 0.55148, 0.67443, 0.55148, -0.93102, 0.26937, -0.24624, -89.4841, -59.44589, -87.75262
1741, 567, -41.43386, -93.90503, 140.21802, 141.17128, NaN, NaN, NaN, 1.00, 0.59601, 0.57085, 0.59601, 0.57085, -0.92653, 0.09014, -0.36526, -87.81153, -63.99115, -93.41608
1742, 569, -35.08828, -88.76726, 142.30432, 143.25688, NaN, NaN, NaN, 1.00, 0.67705, 0.57098, 0.67705, 0.57098, -0.95911, 0.27403, -0.07077, -89.85085, -60.41479, -87.16138
1743, 568, -35.67931, -87.4754, 141.84148, 142.79419, NaN, NaN, NaN, 1.00, 0.67443, 0.55148, 0.67443, 0.55148, -0.93102, 0.26937, -0.24624, -89.4841, -59.44589, -87.75262
1744, 569, -35.08828, -88.76726, 142.30432, 143.25688, NaN, NaN, NaN, 1.00, 0.67705, 0.57098, 0.67705, 0.57098, -0.95911, 0.27403, -0.07077, -89.85085, -60.41479, -87.16138
1745, 570, -34.23997, -86.33378, 141.49535, 142.44818, NaN, NaN, NaN, 1.00, 0.69404, 0.54707, 0.69404, 0.54707, -0.87811, 0.47805, 0.01978, -89.1294, -58.5941, -86.37405
1746, 569, -35.08828, -88.76726, 142.30432, 143.25688, NaN, NaN, NaN, 1.00, 0.67705, 0.57098, 0.67705, 0.57098, -0.95911, 0.27403, -0.07077, -89.85085, -60.41479, -87.16138
1747, 571, -33.68277, -88.06484, 141.95924, 142.91191, NaN, NaN, NaN, 1.00, 0.69404, 0.57098, 0.69404, 0.57098, -0.93996, 0.31162, 0.1392, -89.47631, -59.88138, -85.81659
1748, 570, -34.23997, -86.33378, 141.49535, 142.44818, NaN, NaN, NaN, 1.00, 0.69404, 0.54707, 0.69404, 0.54707, -0.87811, 0.47805, 0.01978, -89.1294, -58.5941, -86.37405
1749, 561, -32.71062, -88.20624, 140.27654, 141.22977, 1.50446E-07, 1.50446E-07, 1.50446E-07, 1.00, 0.70942, 0.57075, 0.70942, 0.57075, -0.16835, 0.45106, 0.87647, -87.74693, -59.86518, -84.95866
1750, 560, -33.34064, -86.46458, 139.93871, 140.89206, 1.50962E-07, 1.50962E-07, 1.50962E-07, 1.00, 0.71007, 0.54633, 0.71007, 0.54633, 0.01724, 0.52205, 0.85274, -87.52958, -58.57912, -85.5804
1751, 572, -34.23997, -86.33378, 141.49535, 142.44818, NaN, NaN, NaN, 1.00, 0.72613, 0.54633, 0.72613, 0.54633, -0.38151, 0.5339, 0.75459, -89.1294, -58.5941, -86.37405
1752, 573, -33.68277, -88.06484, 141.95924, 142.91191, NaN, NaN, NaN, 1.00, 0.72678, 0.57075, 0.72678, 0.57075, -0.40173, 0.4516, 0.79666, -89.47631, -59.88138, -85.81659
1753, 561, -32.71062, -88.20624, 140.27654, 141.22977, 1.50446E-07, 1.50446E-07, 1.50446E-07, 1.00, 0.70942, 0.57075, 0.70942, 0.57075, -0.16835, 0.45106, 0.87647, -87.74693, -59.86518, -84.95866
1754, 572, -34.23997, -86.33378, 141.49535, 142.44818, NaN, NaN, NaN, 1.00, 0.72613, 0.54633, 0.72613, 0.54633, -0.38151, 0.5339, 0.75459, -89.1294, -58.5941, -86.37405
1755, 574, -43.77037, -92.94075, 133.85611, 134.81148, 8.14037E-08, 8.14037E-08, 8.14037E-08, 1.00, 0.55657, 0.50775, 0.55657, 0.50775, 0.16649, -0.13049, -0.97737, -81.63565, -62.84359, -95.98565
1756, 575, -43.56286, -94.93188, 133.9352, 134.89055, 8.13219E-08, 8.13219E-08, 8.13219E-08, 1.00, 0.55825, 0.52848, 0.55825, 0.52848, 0.17543, -0.11041, -0.97828, -81.60262, -64.29221, -95.78601
1757, 576, -44.58806, -92.44131, 137.3806, 138.33481, 8.11826E-08, 8.11826E-08, 8.11826E-08, 1.00, 0.50171, 0.50648, 0.50171, 0.50648, 0.17543, -0.11041, -0.97828, -85.2104, -62.73021, -96.60311
1758, 576, -44.58806, -92.44131, 137.3806, 138.33481, 8.11826E-08, 8.11826E-08, 8.11826E-08, 1.00, 0.50171, 0.50648, 0.50171, 0.50648, 0.17543, -0.11041, -0.97828, -85.2104, -62.73021, -96.60311
1759, 575, -43.56286, -94.93188, 133.9352, 134.89055, 8.13219E-08, 8.13219E-08, 8.13219E-08, 1.00, 0.55825, 0.52848, 0.55825, 0.52848, 0.17543, -0.11041, -0.97828, -81.60262, -64.29221, -95.78601
1760, 577, -44.48785, -94.41682, 137.64542, 138.59953, 8.10707E-08, 8.10707E-08, 8.10707E-08, 1.00, 0.50002, 0.5272, 0.50002, 0.5272, 0.18429, -0.09027, -0.97872, -85.36825, -64.1806, -96.49817
1761, 578, -40.75071, -91.32041, 135.18845, 136.14339, NaN, NaN, NaN, 1.00, 0.55726, 0.43544, 0.55726, 0.43544, 0.21168, 0.93892, -0.27134, -82.90206, -61.76325, -92.99469
1762, 579, -43.77037, -92.94075, 133.85611, 134.81148, NaN, NaN, NaN, 1.00, 0.49574, 0.43934, 0.49574, 0.43934, 0.13643, 0.92541, -0.35355, -81.63565, -62.84359, -95.98565
1763, 580, -42.55474, -90.87497, 138.28745, 139.24133, NaN, NaN, NaN, 1.00, 0.55726, 0.50127, 0.55726, 0.50127, 0.17654, 0.92563, -0.33472, -86.09714, -61.659, -94.58744
1764, 580, -42.55474, -90.87497, 138.28745, 139.24133, NaN, NaN, NaN, 1.00, 0.55726, 0.50127, 0.55726, 0.50127, 0.17654, 0.92563, -0.33472, -86.09714, -61.659, -94.58744
1765, 579, -43.77037, -92.94075, 133.85611, 134.81148, NaN, NaN, NaN, 1.00, 0.49574, 0.43934, 0.49574, 0.43934, 0.13643, 0.92541, -0.35355, -81.63565, -62.84359, -95.98565
1766, 581, -44.58806, -92.44131, 137.3806, 138.33481, NaN, NaN, NaN, 1.00, 0.51087, 0.5034, 0.51087, 0.5034, 0.10405, 0.89597, -0.43175, -85.2104, -62.73021, -96.60311
1767, 533, -39.51191, -87.78564, 137.40794, 138.36214, NaN, NaN, NaN, 1.00, 0.60121, 0.46273, 0.60121, 0.46273, 0.4556, 0.56645, -0.6867, -85.23471, -59.35804, -91.6786
1768, 580, -42.55474, -90.87497, 138.28745, 139.24133, NaN, NaN, NaN, 1.00, 0.55726, 0.50127, 0.55726, 0.50127, 0.17654, 0.92563, -0.33472, -86.09714, -61.659, -94.58744
1769, 540, -39.84775, -86.63194, 138.97798, 139.93164, NaN, NaN, NaN, 1.00, 0.61265, 0.49168, 0.61265, 0.49168, 0.36983, 0.48928, -0.78983, -86.87346, -58.63264, -91.92382
1770, 580, -42.55474, -90.87497, 138.28745, 139.24133, NaN, NaN, NaN, 1.00, 0.55726, 0.50127, 0.55726, 0.50127, 0.17654, 0.92563, -0.33472, -86.09714, -61.659, -94.58744
1771, 533, -39.51191, -87.78564, 137.40794, 138.36214, NaN, NaN, NaN, 1.00, 0.60121, 0.46273, 0.60121, 0.46273, 0.4556, 0.56645, -0.6867, -85.23471, -59.35804, -91.6786
1772, 578, -40.75071, -91.32041, 135.18845, 136.14339, NaN, NaN, NaN, 1.00, 0.55726, 0.43544, 0.55726, 0.43544, 0.21168, 0.93892, -0.27134, -82.90206, -61.76325, -92.99469
1773, 578, -40.75071, -91.32041, 135.18845, 136.14339, NaN, NaN, NaN, 1.00, 0.55726, 0.43544, 0.55726, 0.43544, 0.21168, 0.93892, -0.27134, -82.90206, -61.76325, -92.99469
1774, 533, -39.51191, -87.78564, 137.40794, 138.36214, NaN, NaN, NaN, 1.00, 0.60121, 0.46273, 0.60121, 0.46273, 0.4556, 0.56645, -0.6867, -85.23471, -59.35804, -91.6786
1775, 535, -38.23207, -87.90726, 136.03403, 136.98868, NaN, NaN, NaN, 1.00, 0.60648, 0.4294, 0.60648, 0.4294, 0.51454, 0.57833, -0.63307, -83.79927, -59.34927, -90.50781
1776, 582, -42.55474, -90.87497, 138.28745, 139.24133, NaN, NaN, NaN, 1.00, 0.56032, 0.53081, 0.56032, 0.53081, -0.64614, 0.5835, -0.49197, -86.09714, -61.659, -94.58744
1777, 564, -44.58806, -92.44131, 137.3806, 138.33481, 8.11826E-08, 8.11826E-08, 8.11826E-08, 1.00, 0.51367, 0.54669, 0.51367, 0.54669, -0.45564, 0.35687, -0.8155, -85.2104, -62.73021, -96.60311
1778, 563, -44.16995, -92.85979, 138.55673, 139.51054, 8.12638E-08, 8.12638E-08, 8.12638E-08, 1.00, 0.52674, 0.55375, 0.52674, 0.55375, -0.61296, 0.29616, -0.73251, -86.3405, -63.11645, -96.14207
1779, 582, -42.55474, -90.87497, 138.28745, 139.24133, NaN, NaN, NaN, 1.00, 0.56032, 0.53081, 0.56032, 0.53081, -0.64614, 0.5835, -0.49197, -86.09714, -61.659, -94.58744
1780, 563, -44.16995, -92.85979, 138.55673, 139.51054, 8.12638E-08, 8.12638E-08, 8.12638E-08, 1.00, 0.52674, 0.55375, 0.52674, 0.55375, -0.61296, 0.29616, -0.73251, -86.3405, -63.11645, -96.14207
1781, 566, -41.51654, -92.40496, 139.98386, 140.93719, NaN, NaN, NaN, 1.00, 0.5947, 0.55245, 0.5947, 0.55245, -0.85532, 0.28894, -0.43005, -87.65904, -62.88748, -93.50378
1782, 582, -42.55474, -90.87497, 138.28745, 139.24133, NaN, NaN, NaN, 1.00, 0.56032, 0.53081, 0.56032, 0.53081, -0.64614, 0.5835, -0.49197, -86.09714, -61.659, -94.58744
1783, 566, -41.51654, -92.40496, 139.98386, 140.93719, NaN, NaN, NaN, 1.00, 0.5947, 0.55245, 0.5947, 0.55245, -0.85532, 0.28894, -0.43005, -87.65904, -62.88748, -93.50378
1784, 539, -39.84775, -86.63194, 138.97798, 139.93164, 8.29573E-08, 8.29573E-08, 8.29573E-08, 1.00, 0.61603, 0.50288, 0.61603, 0.50288, -0.62803, 0.41165, -0.66039, -86.87346, -58.63264, -91.92382
1785, 539, -39.84775, -86.63194, 138.97798, 139.93164, 8.29573E-08, 8.29573E-08, 8.29573E-08, 1.00, 0.61603, 0.50288, 0.61603, 0.50288, -0.62803, 0.41165, -0.66039, -86.87346, -58.63264, -91.92382
1786, 566, -41.51654, -92.40496, 139.98386, 140.93719, NaN, NaN, NaN, 1.00, 0.5947, 0.55245, 0.5947, 0.55245, -0.85532, 0.28894, -0.43005, -87.65904, -62.88748, -93.50378
1787, 537, -37.99492, -84.95904, 140.21364, 141.16689, NaN, NaN, NaN, 1.00, 0.65226, 0.50274, 0.65226, 0.50274, -0.80816, 0.4726, -0.35146, -88.10172, -57.50739, -90.06643
1788, 537, -37.99492, -84.95904, 140.21364, 141.16689, NaN, NaN, NaN, 1.00, 0.65226, 0.50274, 0.65226, 0.50274, -0.80816, 0.4726, -0.35146, -88.10172, -57.50739, -90.06643
1789, 566, -41.51654, -92.40496, 139.98386, 140.93719, NaN, NaN, NaN, 1.00, 0.5947, 0.55245, 0.5947, 0.55245, -0.85532, 0.28894, -0.43005, -87.65904, -62.88748, -93.50378
1790, 568, -35.67931, -87.4754, 141.84148, 142.79419, NaN, NaN, NaN, 1.00, 0.67443, 0.55148, 0.67443, 0.55148, -0.93102, 0.26937, -0.24624, -89.4841, -59.44589, -87.75262
1791, 583, -40.75071, -91.32041, 135.18845, 136.14339, NaN, NaN, NaN, 1.00, 0.56228, 0.52987, 0.56228, 0.52987, 0.85867, 0.45084, 0.24378, -82.90206, -61.76325, -92.99469
1792, 550, -41.64363, -93.22725, 134.18393, 135.13919, NaN, NaN, NaN, 1.00, 0.52788, 0.55185, 0.52788, 0.55185, 0.94205, 0.2512, 0.22237, -81.8464, -63.07434, -93.91259
1793, 552, -43.77037, -92.94075, 133.85611, 134.81148, NaN, NaN, NaN, 1.00, 0.4989, 0.54593, 0.4989, 0.54593, 0.94272, 0.30783, 0.12851, -81.63565, -62.84359, -95.98565
1794, 554, -39.84184, -92.89118, 135.09058, 136.04553, 1.13775E-07, 1.13775E-07, 1.13775E-07, 1.00, 0.58286, 0.55047, 0.58286, 0.55047, 0.89827, 0.20064, 0.39097, -82.68095, -62.89474, -92.12405
1795, 550, -41.64363, -93.22725, 134.18393, 135.13919, NaN, NaN, NaN, 1.00, 0.52788, 0.55185, 0.52788, 0.55185, 0.94205, 0.2512, 0.22237, -81.8464, -63.07434, -93.91259
1796, 583, -40.75071, -91.32041, 135.18845, 136.14339, NaN, NaN, NaN, 1.00, 0.56228, 0.52987, 0.56228, 0.52987, 0.85867, 0.45084, 0.24378, -82.90206, -61.76325, -92.99469
1797, 529, -38.23207, -87.90726, 136.03403, 136.98868, NaN, NaN, NaN, 1.00, 0.613, 0.50877, 0.613, 0.50877, 0.96861, 0.17519, 0.17639, -83.79927, -59.34927, -90.50781
1798, 554, -39.84184, -92.89118, 135.09058, 136.04553, 1.13775E-07, 1.13775E-07, 1.13775E-07, 1.00, 0.58286, 0.55047, 0.58286, 0.55047, 0.89827, 0.20064, 0.39097, -82.68095, -62.89474, -92.12405
1799, 583, -40.75071, -91.32041, 135.18845, 136.14339, NaN, NaN, NaN, 1.00, 0.56228, 0.52987, 0.56228, 0.52987, 0.85867, 0.45084, 0.24378, -82.90206, -61.76325, -92.99469
1800, 556, -33.68816, -87.76502, 138.395, 139.34886, 1.18324E-07, 1.18324E-07, 1.18324E-07, 1.00, 0.67917, 0.54944, 0.67917, 0.54944, 0.88577, 0.03795, 0.46256, -85.94203, -59.41271, -85.99545
1801, 554, -39.84184, -92.89118, 135.09058, 136.04553, 1.13775E-07, 1.13775E-07, 1.13775E-07, 1.00, 0.58286, 0.55047, 0.58286, 0.55047, 0.89827, 0.20064, 0.39097, -82.68095, -62.89474, -92.12405
1802, 529, -38.23207, -87.90726, 136.03403, 136.98868, NaN, NaN, NaN, 1.00, 0.613, 0.50877, 0.613, 0.50877, 0.96861, 0.17519, 0.17639, -83.79927, -59.34927, -90.50781
1803, 531, -35.973, -85.26867, 136.68393, 137.63837, 1.17421E-07, 1.17421E-07, 1.17421E-07, 1.00, 0.65619, 0.49774, 0.65619, 0.49774, 0.89185, 0.17659, 0.41643, -84.47427, -57.48284, -88.28359
1804, 556, -33.68816, -87.76502, 138.395, 139.34886, 1.18324E-07, 1.18324E-07, 1.18324E-07, 1.00, 0.67917, 0.54944, 0.67917, 0.54944, 0.88577, 0.03795, 0.46256, -85.94203, -59.41271, -85.99545
1805, 529, -38.23207, -87.90726, 136.03403, 136.98868, NaN, NaN, NaN, 1.00, 0.613, 0.50877, 0.613, 0.50877, 0.96861, 0.17519, 0.17639, -83.79927, -59.34927, -90.50781
1806, 545, -34.5933, -83.82295, 137.85207, 138.80611, 1.26387E-07, 1.26387E-07, 1.26387E-07, 1.00, 0.68637, 0.49661, 0.68637, 0.49661, 0.81767, 0.2186, 0.53258, -85.64613, -56.51747, -86.88786
1807, 556, -33.68816, -87.76502, 138.395, 139.34886, 1.18324E-07, 1.18324E-07, 1.18324E-07, 1.00, 0.67917, 0.54944, 0.67917, 0.54944, 0.88577, 0.03795, 0.46256, -85.94203, -59.41271, -85.99545
1808, 531, -35.973, -85.26867, 136.68393, 137.63837, 1.17421E-07, 1.17421E-07, 1.17421E-07, 1.00, 0.65619, 0.49774, 0.65619, 0.49774, 0.89185, 0.17659, 0.41643, -84.47427, -57.48284, -88.28359
1809, 560, -33.34064, -86.46458, 139.93871, 140.89206, 1.50962E-07, 1.50962E-07, 1.50962E-07, 1.00, 0.71007, 0.54633, 0.71007, 0.54633, 0.01724, 0.52205, 0.85274, -87.52958, -58.57912, -85.5804
1810, 559, -33.68816, -87.76502, 138.395, 139.34886, 1.48037E-07, 1.48037E-07, 1.48037E-07, 1.00, 0.69902, 0.55084, 0.69902, 0.55084, 0.39983, 0.33773, 0.8521, -85.94203, -59.41271, -85.99545
1811, 547, -34.5933, -83.82295, 137.85207, 138.80611, 1.48389E-07, 1.48389E-07, 1.48389E-07, 1.00, 0.70022, 0.49868, 0.70022, 0.49868, -0.1649, 0.5489, 0.81946, -85.64613, -56.51747, -86.88786
1812, 568, -35.67931, -87.4754, 141.84148, 142.79419, NaN, NaN, NaN, 1.00, 0.67443, 0.55148, 0.67443, 0.55148, -0.93102, 0.26937, -0.24624, -89.4841, -59.44589, -87.75262
1813, 570, -34.23997, -86.33378, 141.49535, 142.44818, NaN, NaN, NaN, 1.00, 0.69404, 0.54707, 0.69404, 0.54707, -0.87811, 0.47805, 0.01978, -89.1294, -58.5941, -86.37405
1814, 537, -37.99492, -84.95904, 140.21364, 141.16689, NaN, NaN, NaN, 1.00, 0.65226, 0.50274, 0.65226, 0.50274, -0.80816, 0.4726, -0.35146, -88.10172, -57.50739, -90.06643
1815, 537, -37.99492, -84.95904, 140.21364, 141.16689, NaN, NaN, NaN, 1.00, 0.65226, 0.50274, 0.65226, 0.50274, -0.80816, 0.4726, -0.35146, -88.10172, -57.50739, -90.06643
1816, 570, -34.23997, -86.33378, 141.49535, 142.44818, NaN, NaN, NaN, 1.00, 0.69404, 0.54707, 0.69404, 0.54707, -0.87811, 0.47805, 0.01978, -89.1294, -58.5941, -86.37405
1817, 542, -35.34021, -83.67424, 139.25873, 140.2123, NaN, NaN, NaN, 1.00, 0.68234, 0.5018, 0.68234, 0.5018, -0.83323, 0.53743, 0.13004, -87.09024, -56.50891, -87.54134
1818, 560, -33.34064, -86.46458, 139.93871, 140.89206, 1.50962E-07, 1.50962E-07, 1.50962E-07, 1.00, 0.71007, 0.54633, 0.71007, 0.54633, 0.01724, 0.52205, 0.85274, -87.52958, -58.57912, -85.5804
1819, 549, -35.34021, -83.67424, 139.25873, 140.2123, NaN, NaN, NaN, 1.00, 0.72573, 0.49878, 0.72573, 0.49878, -0.32339, 0.64736, 0.69017, -87.09024, -56.50891, -87.54134
1820, 572, -34.23997, -86.33378, 141.49535, 142.44818, NaN, NaN, NaN, 1.00, 0.72613, 0.54633, 0.72613, 0.54633, -0.38151, 0.5339, 0.75459, -89.1294, -58.5941, -86.37405
1821, 549, -35.34021, -83.67424, 139.25873, 140.2123, NaN, NaN, NaN, 1.00, 0.72573, 0.49878, 0.72573, 0.49878, -0.32339, 0.64736, 0.69017, -87.09024, -56.50891, -87.54134
1822, 560, -33.34064, -86.46458, 139.93871, 140.89206, 1.50962E-07, 1.50962E-07, 1.50962E-07, 1.00, 0.71007, 0.54633, 0.71007, 0.54633, 0.01724, 0.52205, 0.85274, -87.52958, -58.57912, -85.5804
1823, 547, -34.5933, -83.82295, 137.85207, 138.80611, 1.48389E-07, 1.48389E-07, 1.48389E-07, 1.00, 0.70022, 0.49868, 0.70022, 0.49868, -0.1649, 0.5489, 0.81946, -85.64613, -56.51747, -86.88786
1824, 584, -33.28623, 11.72531, 106.16901, 107.13362, NaN, NaN, NaN, 1.00, 0.35388, 0.02254, 0.35388, 0.02254, 0.46183, -0.44956, -0.7646, -58.92043, 14.96404, -86.93311
1825, 585, -31.48897, 8.80339, 105.60539, 106.57018, NaN, NaN, NaN, 1.00, 0.33854, 0.04987, 0.33854, 0.04987, 0.50568, -0.69329, -0.51346, -58.12405, 12.88618, -85.22907
1826, 586, -33.48993, 10.82956, 107.15829, 108.12256, NaN, NaN, NaN, 1.00, 0.36012, 0.04638, 0.36012, 0.04638, 0.44137, -0.47302, -0.76253, -59.86954, 14.24507, -87.08405
1827, 587, -34.14423, 15.13066, 107.48265, 108.44682, 9.08235E-08, 9.08235E-08, 9.08235E-08, 1.00, 0.40394, 0.00465, 0.40394, 0.00465, 0.03707, 0.11506, -0.99267, -60.44392, 17.33935, -87.69042
1828, 588, -33.28623, 11.72531, 106.16901, 107.13362, 9.09494E-08, 9.09494E-08, 9.09494E-08, 1.00, 0.3538, 0.02288, 0.3538, 0.02288, 0.25741, -0.13954, -0.95618, -58.92043, 14.96404, -86.93311
1829, 589, -33.48993, 10.82956, 107.15829, 108.12256, 9.08495E-08, 9.08495E-08, 9.08495E-08, 1.00, 0.36004, 0.04671, 0.36004, 0.04671, 0.19438, -0.1794, -0.96438, -59.86954, 14.24507, -87.08405
1830, 266, -30.15431, 8.92702, 105.74725, 106.712, NaN, NaN, NaN, 1.00, 0.33048, 0.05465, 0.33048, 0.05465, 0.64165, -0.75844, 0.11422, -58.20823, 12.96577, -83.93047
1831, 265, -29.85607, 4.91002, 106.59808, 107.56253, NaN, NaN, NaN, 1.00, 0.32881, 0.12721, 0.32881, 0.12721, 0.73116, -0.68219, -0.00523, -58.83578, 9.99451, -83.61038
1832, 585, -31.48897, 8.80339, 105.60539, 106.57018, NaN, NaN, NaN, 1.00, 0.33854, 0.04987, 0.33854, 0.04987, 0.50568, -0.69329, -0.51346, -58.12405, 12.88618, -85.22907
1833, 585, -31.48897, 8.80339, 105.60539, 106.57018, NaN, NaN, NaN, 1.00, 0.33854, 0.04987, 0.33854, 0.04987, 0.50568, -0.69329, -0.51346, -58.12405, 12.88618, -85.22907
1834, 265, -29.85607, 4.91002, 106.59808, 107.56253, NaN, NaN, NaN, 1.00, 0.32881, 0.12721, 0.32881, 0.12721, 0.73116, -0.68219, -0.00523, -58.83578, 9.99451, -83.61038
1835, 590, -33.28388, 6.83226, 108.22408, 109.188, NaN, NaN, NaN, 1.00, 0.36494, 0.10422, 0.36494, 0.10422, 0.40298, -0.58069, -0.7074, -60.7166, 11.27294, -86.84258
1836, 585, -31.48897, 8.80339, 105.60539, 106.57018, NaN, NaN, NaN, 1.00, 0.33854, 0.04987, 0.33854, 0.04987, 0.50568, -0.69329, -0.51346, -58.12405, 12.88618, -85.22907
1837, 590, -33.28388, 6.83226, 108.22408, 109.188, NaN, NaN, NaN, 1.00, 0.36494, 0.10422, 0.36494, 0.10422, 0.40298, -0.58069, -0.7074, -60.7166, 11.27294, -86.84258
1838, 586, -33.48993, 10.82956, 107.15829, 108.12256, NaN, NaN, NaN, 1.00, 0.36012, 0.04638, 0.36012, 0.04638, 0.44137, -0.47302, -0.76253, -59.86954, 14.24507, -87.08405
1839, 587, -34.14423, 15.13066, 107.48265, 108.44682, 9.08235E-08, 9.08235E-08, 9.08235E-08, 1.00, 0.40394, 0.00465, 0.40394, 0.00465, 0.03707, 0.11506, -0.99267, -60.44392, 17.33935, -87.69042
1840, 589, -33.48993, 10.82956, 107.15829, 108.12256, 9.08495E-08, 9.08495E-08, 9.08495E-08, 1.00, 0.36004, 0.04671, 0.36004, 0.04671, 0.19438, -0.1794, -0.96438, -59.86954, 14.24507, -87.08405
1841, 591, -34.00722, 10.71478, 110.40828, 111.37147, 9.07025E-08, 9.07025E-08, 9.07025E-08, 1.00, 0.40507, 0.07599, 0.40507, 0.07599, -0.39042, 0.22309, -0.8932, -63.12516, 13.93267, -87.42582
1842, 591, -34.00722, 10.71478, 110.40828, 111.37147, 9.07025E-08, 9.07025E-08, 9.07025E-08, 1.00, 0.40507, 0.07599, 0.40507, 0.07599, -0.39042, 0.22309, -0.8932, -63.12516, 13.93267, -87.42582
1843, 589, -33.48993, 10.82956, 107.15829, 108.12256, 9.08495E-08, 9.08495E-08, 9.08495E-08, 1.00, 0.36004, 0.04671, 0.36004, 0.04671, 0.19438, -0.1794, -0.96438, -59.86954, 14.24507, -87.08405
1844, 592, -33.28388, 6.83226, 108.22408, 109.188, 9.07442E-08, 9.07442E-08, 9.07442E-08, 1.00, 0.36486, 0.10456, 0.36486, 0.10456, 0.01816, -0.19834, -0.97997, -60.7166, 11.27294, -86.84258
1845, 587, -34.14423, 15.13066, 107.48265, 108.44682, 9.08235E-08, 9.08235E-08, 9.08235E-08, 1.00, 0.40394, 0.00465, 0.40394, 0.00465, 0.03707, 0.11506, -0.99267, -60.44392, 17.33935, -87.69042
1846, 591, -34.00722, 10.71478, 110.40828, 111.37147, 9.07025E-08, 9.07025E-08, 9.07025E-08, 1.00, 0.40507, 0.07599, 0.40507, 0.07599, -0.39042, 0.22309, -0.8932, -63.12516, 13.93267, -87.42582
1847, 593, -32.85889, 16.80761, 108.10069, 109.06464, NaN, NaN, NaN, 1.00, 0.42678, 0.00025, 0.42678, 0.00025, -0.46462, 0.71047, -0.52854, -61.08422, 18.51109, -86.41232
1848, 593, -32.85889, 16.80761, 108.10069, 109.06464, NaN, NaN, NaN, 1.00, 0.42678, 0.00025, 0.42678, 0.00025, -0.46462, 0.71047, -0.52854, -61.08422, 18.51109, -86.41232
1849, 591, -34.00722, 10.71478, 110.40828, 111.37147, 9.07025E-08, 9.07025E-08, 9.07025E-08, 1.00, 0.40507, 0.07599, 0.40507, 0.07599, -0.39042, 0.22309, -0.8932, -63.12516, 13.93267, -87.42582
1850, 271, -30.40989, 13.57698, 110.71268, 111.67577, NaN, NaN, NaN, 1.00, 0.43519, 0.06053, 0.43519, 0.06053, -0.7081, 0.7061, -0.00401, -63.40389, 15.98553, -83.9231
1851, 593, -32.85889, 16.80761, 108.10069, 109.06464, NaN, NaN, NaN, 1.00, 0.42678, 0.00025, 0.42678, 0.00025, -0.46462, 0.71047, -0.52854, -61.08422, 18.51109, -86.41232
1852, 271, -30.40989, 13.57698, 110.71268, 111.67577, NaN, NaN, NaN, 1.00, 0.43519, 0.06053, 0.43519, 0.06053, -0.7081, 0.7061, -0.00401, -63.40389, 15.98553, -83.9231
1853, 272, -31.35946, 17.52796, 108.24215, 109.20606, NaN, NaN, NaN, 1.00, 0.439, -0.00075, 0.439, -0.00075, -0.4763, 0.86743, -0.14387, -61.19072, 19.02318, -84.95281
1854, 594, -32.68019, 10.45581, 102.12344, 103.08939, NaN, NaN, NaN, 1.00, 0.4328, 0.34516, 0.4328, 0.34516, 0.53258, -0.71085, -0.45941, -54.79733, 14.32932, -86.54786
1855, 273, -29.95484, 7.35729, 104.04802, 105.01334, NaN, NaN, NaN, 1.00, 0.39733, 0.41452, 0.39733, 0.41452, 0.24154, -0.95486, 0.17291, -56.42599, 11.94798, -83.82456
1856, 595, -31.73308, 7.96872, 104.67322, 105.63832, NaN, NaN, NaN, 1.00, 0.42681, 0.41326, 0.42681, 0.41326, -0.17078, -0.87031, -0.46194, -57.16451, 12.34701, -85.51298
1857, 594, -32.68019, 10.45581, 102.12344, 103.08939, NaN, NaN, NaN, 1.00, 0.4328, 0.34516, 0.4328, 0.34516, 0.53258, -0.71085, -0.45941, -54.79733, 14.32932, -86.54786
1858, 276, -30.30384, 9.49244, 101.64072, 102.60683, NaN, NaN, NaN, 1.00, 0.39649, 0.35562, 0.39649, 0.35562, 0.55629, -0.82065, 0.13068, -54.15428, 13.66518, -84.27466
1859, 273, -29.95484, 7.35729, 104.04802, 105.01334, NaN, NaN, NaN, 1.00, 0.39733, 0.41452, 0.39733, 0.41452, 0.24154, -0.95486, 0.17291, -56.42599, 11.94798, -83.82456
1860, 594, -32.68019, 10.45581, 102.12344, 103.08939, NaN, NaN, NaN, 1.00, 0.4328, 0.34516, 0.4328, 0.34516, 0.53258, -0.71085, -0.45941, -54.79733, 14.32932, -86.54786
1861, 277, -30.37513, 9.90961, 100.98212, 101.94846, NaN, NaN, NaN, 1.00, 0.39738, 0.33798, 0.39738, 0.33798, 0.71522, -0.69206, 0.09755, -53.52309, 14.01397, -84.37481
1862, 276, -30.30384, 9.49244, 101.64072, 102.60683, NaN, NaN, NaN, 1.00, 0.39649, 0.35562, 0.39649, 0.35562, 0.55629, -0.82065, 0.13068, -54.15428, 13.66518, -84.27466
1863, 278, -30.5482, 11.04379, 100.45166, 101.41817, NaN, NaN, NaN, 1.00, 0.39649, 0.31324, 0.39649, 0.31324, 0.85879, -0.5094, 0.05471, -53.06106, 14.87335, -84.56536
1864, 277, -30.37513, 9.90961, 100.98212, 101.94846, NaN, NaN, NaN, 1.00, 0.39738, 0.33798, 0.39738, 0.33798, 0.71522, -0.69206, 0.09755, -53.52309, 14.01397, -84.37481
1865, 594, -32.68019, 10.45581, 102.12344, 103.08939, NaN, NaN, NaN, 1.00, 0.4328, 0.34516, 0.4328, 0.34516, 0.53258, -0.71085, -0.45941, -54.79733, 14.32932, -86.54786
1866, 278, -30.5482, 11.04379, 100.45166, 101.41817, NaN, NaN, NaN, 1.00, 0.39649, 0.31324, 0.39649, 0.31324, 0.85879, -0.5094, 0.05471, -53.06106, 14.87335, -84.56536
1867, 594, -32.68019, 10.45581, 102.12344, 103.08939, NaN, NaN, NaN, 1.00, 0.4328, 0.34516, 0.4328, 0.34516, 0.53258, -0.71085, -0.45941, -54.79733, 14.32932, -86.54786
1868, 596, -33.00971, 11.93167, 101.32542, 102.29163, NaN, NaN, NaN, 1.00, 0.43423, 0.31062, 0.43423, 0.31062, 0.68869, -0.57095, -0.44691, -54.09375, 15.45522, -86.90203
1869, 597, -33.14351, 16.13618, 99.06159, 100.02856, NaN, NaN, NaN, 1.00, 0.42726, 0.21528, 0.42726, 0.21528, 0.71094, -0.36824, -0.59913, -52.06067, 18.66202, -87.13168
1870, 280, -31.21692, 15.39962, 98.16877, 99.13604, NaN, NaN, NaN, 1.00, 0.39567, 0.21373, 0.39567, 0.21373, 0.88122, -0.47046, 0.046, -51.04215, 18.19118, -85.31313
1871, 598, -32.81026, 13.24053, 100.04635, 101.01299, NaN, NaN, NaN, 1.00, 0.42919, 0.25769, 0.42919, 0.25769, 0.7155, -0.44255, -0.54056, -52.87737, 16.49399, -86.76835
1872, 283, -30.86718, 13.14948, 99.60851, 100.57529, NaN, NaN, NaN, 1.00, 0.39649, 0.25639, 0.39649, 0.25639, 0.8053, -0.58838, 0.07279, -52.34426, 16.45889, -84.90996
1873, 598, -32.81026, 13.24053, 100.04635, 101.01299, NaN, NaN, NaN, 1.00, 0.42919, 0.25769, 0.42919, 0.25769, 0.7155, -0.44255, -0.54056, -52.87737, 16.49399, -86.76835
1874, 280, -31.21692, 15.39962, 98.16877, 99.13604, NaN, NaN, NaN, 1.00, 0.39567, 0.21373, 0.39567, 0.21373, 0.88122, -0.47046, 0.046, -51.04215, 18.19118, -85.31313
1875, 285, -31.62257, 18.14805, 97.71785, 98.68527, NaN, NaN, NaN, 1.00, 0.42794, 0.21506, 0.42794, 0.21506, 0.96459, 0.24521, -0.09719, -50.75304, 20.21486, -85.72077
1876, 284, -31.21692, 15.39962, 98.16877, 99.13604, NaN, NaN, NaN, 1.00, 0.39618, 0.21377, 0.39618, 0.21377, 0.98631, -0.16378, -0.01892, -51.04215, 18.19118, -85.31313
1877, 599, -33.52197, 18.00606, 98.75784, 99.72491, NaN, NaN, NaN, 1.00, 0.44333, 0.18059, 0.44333, 0.18059, 0.73195, -0.11178, -0.67213, -51.87187, 20.0386, -87.50803
1878, 599, -33.52197, 18.00606, 98.75784, 99.72491, NaN, NaN, NaN, 1.00, 0.44333, 0.18059, 0.44333, 0.18059, 0.73195, -0.11178, -0.67213, -51.87187, 20.0386, -87.50803
1879, 284, -31.21692, 15.39962, 98.16877, 99.13604, NaN, NaN, NaN, 1.00, 0.39618, 0.21377, 0.39618, 0.21377, 0.98631, -0.16378, -0.01892, -51.04215, 18.19118, -85.31313
1880, 600, -33.14351, 16.13618, 99.06159, 100.02856, NaN, NaN, NaN, 1.00, 0.42484, 0.18234, 0.42484, 0.18234, 0.74875, -0.26835, -0.60611, -52.06067, 18.66202, -87.13168
1881, 273, -29.95484, 7.35729, 104.04802, 105.01334, NaN, NaN, NaN, 1.00, 0.39733, 0.41452, 0.39733, 0.41452, 0.24154, -0.95486, 0.17291, -56.42599, 11.94798, -83.82456
1882, 288, -30.15431, 8.92702, 105.74725, 106.712, NaN, NaN, NaN, 1.00, 0.39905, 0.42646, 0.39905, 0.42646, -0.48928, -0.8511, 0.19035, -58.20823, 12.96577, -83.93047
1883, 595, -31.73308, 7.96872, 104.67322, 105.63832, NaN, NaN, NaN, 1.00, 0.42681, 0.41326, 0.42681, 0.41326, -0.17078, -0.87031, -0.46194, -57.16451, 12.34701, -85.51298
1884, 595, -31.73308, 7.96872, 104.67322, 105.63832, NaN, NaN, NaN, 1.00, 0.42681, 0.41326, 0.42681, 0.41326, -0.17078, -0.87031, -0.46194, -57.16451, 12.34701, -85.51298
1885, 288, -30.15431, 8.92702, 105.74725, 106.712, NaN, NaN, NaN, 1.00, 0.39905, 0.42646, 0.39905, 0.42646, -0.48928, -0.8511, 0.19035, -58.20823, 12.96577, -83.93047
1886, 601, -31.48897, 8.80339, 105.60539, 106.57018, NaN, NaN, NaN, 1.00, 0.41852, 0.42068, 0.41852, 0.42068, -0.53153, -0.80086, -0.27586, -58.12405, 12.88618, -85.22907
1887, 595, -31.73308, 7.96872, 104.67322, 105.63832, NaN, NaN, NaN, 1.00, 0.42681, 0.41326, 0.42681, 0.41326, -0.17078, -0.87031, -0.46194, -57.16451, 12.34701, -85.51298
1888, 601, -31.48897, 8.80339, 105.60539, 106.57018, NaN, NaN, NaN, 1.00, 0.41852, 0.42068, 0.41852, 0.42068, -0.53153, -0.80086, -0.27586, -58.12405, 12.88618, -85.22907
1889, 602, -33.28623, 11.72531, 106.16901, 107.13362, 9.09494E-08, 9.09494E-08, 9.09494E-08, 1.00, 0.48682, 0.40128, 0.48682, 0.40128, -0.35492, -0.61831, -0.70123, -58.92043, 14.96404, -86.93311
1890, 597, -33.14351, 16.13618, 99.06159, 100.02856, NaN, NaN, NaN, 1.00, 0.42726, 0.21528, 0.42726, 0.21528, 0.71094, -0.36824, -0.59913, -52.06067, 18.66202, -87.13168
1891, 598, -32.81026, 13.24053, 100.04635, 101.01299, NaN, NaN, NaN, 1.00, 0.42919, 0.25769, 0.42919, 0.25769, 0.7155, -0.44255, -0.54056, -52.87737, 16.49399, -86.76835
1892, 603, -34.36117, 16.37016, 100.09559, 101.06222, NaN, NaN, NaN, 1.00, 0.45139, 0.227, 0.45139, 0.227, 0.63761, -0.36609, -0.67781, -53.16036, 18.75867, -88.25865
1893, 603, -34.36117, 16.37016, 100.09559, 101.06222, NaN, NaN, NaN, 1.00, 0.45139, 0.227, 0.45139, 0.227, 0.63761, -0.36609, -0.67781, -53.16036, 18.75867, -88.25865
1894, 598, -32.81026, 13.24053, 100.04635, 101.01299, NaN, NaN, NaN, 1.00, 0.42919, 0.25769, 0.42919, 0.25769, 0.7155, -0.44255, -0.54056, -52.87737, 16.49399, -86.76835
1895, 604, -33.82337, 13.22754, 101.07813, 102.04443, NaN, NaN, NaN, 1.00, 0.44396, 0.28677, 0.44396, 0.28677, 0.62247, -0.37426, -0.68736, -53.95249, 16.4118, -87.69814
1896, 605, -33.82337, 13.22754, 101.07813, 102.04443, NaN, NaN, NaN, 1.00, 0.44418, 0.28677, 0.44418, 0.28677, 0.40433, -0.34979, -0.84508, -53.95249, 16.4118, -87.69814
1897, 606, -33.00971, 11.93167, 101.32542, 102.29163, NaN, NaN, NaN, 1.00, 0.43445, 0.31062, 0.43445, 0.31062, 0.58303, -0.56221, -0.58651, -54.09375, 15.45522, -86.90203
1898, 607, -34.14503, 12.37987, 102.05486, 103.02083, NaN, NaN, NaN, 1.00, 0.45208, 0.31432, 0.45208, 0.31432, 0.31466, -0.47816, -0.81997, -54.89716, 15.72858, -87.9637
1899, 606, -33.00971, 11.93167, 101.32542, 102.29163, NaN, NaN, NaN, 1.00, 0.43445, 0.31062, 0.43445, 0.31062, 0.58303, -0.56221, -0.58651, -54.09375, 15.45522, -86.90203
1900, 608, -32.68019, 10.45581, 102.12344, 103.08939, NaN, NaN, NaN, 1.00, 0.43301, 0.34516, 0.43301, 0.34516, 0.48908, -0.60266, -0.63055, -54.79733, 14.32932, -86.54786
1901, 607, -34.14503, 12.37987, 102.05486, 103.02083, NaN, NaN, NaN, 1.00, 0.45208, 0.31432, 0.45208, 0.31432, 0.31466, -0.47816, -0.81997, -54.89716, 15.72858, -87.9637
1902, 607, -34.14503, 12.37987, 102.05486, 103.02083, NaN, NaN, NaN, 1.00, 0.45208, 0.31432, 0.45208, 0.31432, 0.31466, -0.47816, -0.81997, -54.89716, 15.72858, -87.9637
1903, 608, -32.68019, 10.45581, 102.12344, 103.08939, NaN, NaN, NaN, 1.00, 0.43301, 0.34516, 0.43301, 0.34516, 0.48908, -0.60266, -0.63055, -54.79733, 14.32932, -86.54786
1904, 609, -33.60649, 11.04015, 102.91827, 103.88396, 9.07556E-08, 9.07556E-08, 9.07556E-08, 1.00, 0.44661, 0.34908, 0.44661, 0.34908, 0.01307, -0.54067, -0.84113, -55.66293, 14.69675, -87.40376
1905, 594, -32.68019, 10.45581, 102.12344, 103.08939, NaN, NaN, NaN, 1.00, 0.4328, 0.34516, 0.4328, 0.34516, 0.53258, -0.71085, -0.45941, -54.79733, 14.32932, -86.54786
1906, 595, -31.73308, 7.96872, 104.67322, 105.63832, NaN, NaN, NaN, 1.00, 0.42681, 0.41326, 0.42681, 0.41326, -0.17078, -0.87031, -0.46194, -57.16451, 12.34701, -85.51298
1907, 610, -33.60649, 11.04015, 102.91827, 103.88396, 9.07556E-08, 9.07556E-08, 9.07556E-08, 1.00, 0.44639, 0.34908, 0.44639, 0.34908, 0.08101, -0.65555, -0.75079, -55.66293, 14.69675, -87.40376
1908, 610, -33.60649, 11.04015, 102.91827, 103.88396, 9.07556E-08, 9.07556E-08, 9.07556E-08, 1.00, 0.44639, 0.34908, 0.44639, 0.34908, 0.08101, -0.65555, -0.75079, -55.66293, 14.69675, -87.40376
1909, 595, -31.73308, 7.96872, 104.67322, 105.63832, NaN, NaN, NaN, 1.00, 0.42681, 0.41326, 0.42681, 0.41326, -0.17078, -0.87031, -0.46194, -57.16451, 12.34701, -85.51298
1910, 602, -33.28623, 11.72531, 106.16901, 107.13362, 9.09494E-08, 9.09494E-08, 9.09494E-08, 1.00, 0.48682, 0.40128, 0.48682, 0.40128, -0.35492, -0.61831, -0.70123, -58.92043, 14.96404, -86.93311
1911, 607, -34.14503, 12.37987, 102.05486, 103.02083, NaN, NaN, NaN, 1.00, 0.45208, 0.31432, 0.45208, 0.31432, 0.31466, -0.47816, -0.81997, -54.89716, 15.72858, -87.9637
1912, 609, -33.60649, 11.04015, 102.91827, 103.88396, 9.07556E-08, 9.07556E-08, 9.07556E-08, 1.00, 0.44661, 0.34908, 0.44661, 0.34908, 0.01307, -0.54067, -0.84113, -55.66293, 14.69675, -87.40376
1913, 611, -34.88539, 15.13673, 104.10973, 105.07501, 9.05167E-08, 9.05167E-08, 9.05167E-08, 1.00, 0.51159, 0.31455, 0.51159, 0.31455, -0.12393, -0.35991, -0.92472, -57.1201, 17.58163, -88.57256
1914, 612, -34.03243, 12.87879, 105.89357, 106.85826, 9.07379E-08, 9.07379E-08, 9.07379E-08, 1.00, 0.51356, 0.37896, 0.51356, 0.37896, -0.23164, -0.43849, -0.86837, -58.74062, 15.81942, -87.66566
1915, 609, -33.60649, 11.04015, 102.91827, 103.88396, 9.07556E-08, 9.07556E-08, 9.07556E-08, 1.00, 0.44661, 0.34908, 0.44661, 0.34908, 0.01307, -0.54067, -0.84113, -55.66293, 14.69675, -87.40376
1916, 613, -33.28623, 11.72531, 106.16901, 107.13362, 9.09494E-08, 9.09494E-08, 9.09494E-08, 1.00, 0.48703, 0.40128, 0.48703, 0.40128, -0.3123, -0.57892, -0.75321, -58.92043, 14.96404, -86.93311
1917, 609, -33.60649, 11.04015, 102.91827, 103.88396, 9.07556E-08, 9.07556E-08, 9.07556E-08, 1.00, 0.44661, 0.34908, 0.44661, 0.34908, 0.01307, -0.54067, -0.84113, -55.66293, 14.69675, -87.40376
1918, 612, -34.03243, 12.87879, 105.89357, 106.85826, 9.07379E-08, 9.07379E-08, 9.07379E-08, 1.00, 0.51356, 0.37896, 0.51356, 0.37896, -0.23164, -0.43849, -0.86837, -58.74062, 15.81942, -87.66566
1919, 611, -34.88539, 15.13673, 104.10973, 105.07501, 9.05167E-08, 9.05167E-08, 9.05167E-08, 1.00, 0.51159, 0.31455, 0.51159, 0.31455, -0.12393, -0.35991, -0.92472, -57.1201, 17.58163, -88.57256
1920, 605, -33.82337, 13.22754, 101.07813, 102.04443, NaN, NaN, NaN, 1.00, 0.44418, 0.28677, 0.44418, 0.28677, 0.40433, -0.34979, -0.84508, -53.95249, 16.4118, -87.69814
1921, 607, -34.14503, 12.37987, 102.05486, 103.02083, NaN, NaN, NaN, 1.00, 0.45208, 0.31432, 0.45208, 0.31432, 0.31466, -0.47816, -0.81997, -54.89716, 15.72858, -87.9637
1922, 614, -35.18541, 16.10386, 103.22968, 104.19526, 9.04416E-08, 9.04416E-08, 9.04416E-08, 1.00, 0.50903, 0.28505, 0.50903, 0.28505, 0.11274, -0.25138, -0.9613, -56.30737, 18.34462, -88.90347
1923, 614, -35.18541, 16.10386, 103.22968, 104.19526, 9.04416E-08, 9.04416E-08, 9.04416E-08, 1.00, 0.50903, 0.28505, 0.50903, 0.28505, 0.11274, -0.25138, -0.9613, -56.30737, 18.34462, -88.90347
1924, 607, -34.14503, 12.37987, 102.05486, 103.02083, NaN, NaN, NaN, 1.00, 0.45208, 0.31432, 0.45208, 0.31432, 0.31466, -0.47816, -0.81997, -54.89716, 15.72858, -87.9637
1925, 611, -34.88539, 15.13673, 104.10973, 105.07501, 9.05167E-08, 9.05167E-08, 9.05167E-08, 1.00, 0.51159, 0.31455, 0.51159, 0.31455, -0.12393, -0.35991, -0.92472, -57.1201, 17.58163, -88.57256
1926, 605, -33.82337, 13.22754, 101.07813, 102.04443, NaN, NaN, NaN, 1.00, 0.44418, 0.28677, 0.44418, 0.28677, 0.40433, -0.34979, -0.84508, -53.95249, 16.4118, -87.69814
1927, 614, -35.18541, 16.10386, 103.22968, 104.19526, 9.04416E-08, 9.04416E-08, 9.04416E-08, 1.00, 0.50903, 0.28505, 0.50903, 0.28505, 0.11274, -0.25138, -0.9613, -56.30737, 18.34462, -88.90347
1928, 615, -34.36117, 16.37016, 100.09559, 101.06222, 9.06869E-08, 9.06869E-08, 9.06869E-08, 1.00, 0.45161, 0.227, 0.45161, 0.227, 0.23011, -0.32037, -0.91892, -53.16036, 18.75867, -88.25865
1929, 615, -34.36117, 16.37016, 100.09559, 101.06222, 9.06869E-08, 9.06869E-08, 9.06869E-08, 1.00, 0.45161, 0.227, 0.45161, 0.227, 0.23011, -0.32037, -0.91892, -53.16036, 18.75867, -88.25865
1930, 614, -35.18541, 16.10386, 103.22968, 104.19526, 9.04416E-08, 9.04416E-08, 9.04416E-08, 1.00, 0.50903, 0.28505, 0.50903, 0.28505, 0.11274, -0.25138, -0.9613, -56.30737, 18.34462, -88.90347
1931, 616, -35.36248, 18.21713, 101.63714, 102.60325, 9.04469E-08, 9.04469E-08, 9.04469E-08, 1.00, 0.50946, 0.22644, 0.50946, 0.22644, 0.11422, -0.24511, -0.96274, -54.83786, 19.98849, -89.14741
1932, 600, -33.14351, 16.13618, 99.06159, 100.02856, NaN, NaN, NaN, 1.00, 0.42484, 0.18234, 0.42484, 0.18234, 0.74875, -0.26835, -0.60611, -52.06067, 18.66202, -87.13168
1933, 617, -34.36117, 16.37016, 100.09559, 101.06222, NaN, NaN, NaN, 1.00, 0.44778, 0.16183, 0.44778, 0.16183, 0.55233, -0.13228, -0.82306, -53.16036, 18.75867, -88.25865
1934, 599, -33.52197, 18.00606, 98.75784, 99.72491, NaN, NaN, NaN, 1.00, 0.44333, 0.18059, 0.44333, 0.18059, 0.73195, -0.11178, -0.67213, -51.87187, 20.0386, -87.50803
1935, 599, -33.52197, 18.00606, 98.75784, 99.72491, NaN, NaN, NaN, 1.00, 0.44333, 0.18059, 0.44333, 0.18059, 0.73195, -0.11178, -0.67213, -51.87187, 20.0386, -87.50803
1936, 617, -34.36117, 16.37016, 100.09559, 101.06222, NaN, NaN, NaN, 1.00, 0.44778, 0.16183, 0.44778, 0.16183, 0.55233, -0.13228, -0.82306, -53.16036, 18.75867, -88.25865
1937, 618, -34.83708, 19.81056, 100.40749, 101.37401, NaN, NaN, NaN, 1.00, 0.49524, 0.16213, 0.49524, 0.16213, 0.46898, 0.16746, -0.86719, -53.66976, 21.23003, -88.69521
1938, 618, -34.83708, 19.81056, 100.40749, 101.37401, NaN, NaN, NaN, 1.00, 0.49524, 0.16213, 0.49524, 0.16213, 0.46898, 0.16746, -0.86719, -53.66976, 21.23003, -88.69521
1939, 617, -34.36117, 16.37016, 100.09559, 101.06222, NaN, NaN, NaN, 1.00, 0.44778, 0.16183, 0.44778, 0.16183, 0.55233, -0.13228, -0.82306, -53.16036, 18.75867, -88.25865
1940, 619, -35.36248, 18.21713, 101.63714, 102.60325, 9.04469E-08, 9.04469E-08, 9.04469E-08, 1.00, 0.49757, 0.14886, 0.49757, 0.14886, 0.30998, 0.06221, -0.94871, -54.83786, 19.98849, -89.14741
1941, 308, -31.97042, 20.68063, 98.87848, 99.84551, NaN, NaN, NaN, 1.00, 0.45335, 0.2274, 0.45335, 0.2274, 0.73616, 0.65633, -0.16524, -52.0552, 21.96844, -85.99418
1942, 285, -31.62257, 18.14805, 97.71785, 98.68527, NaN, NaN, NaN, 1.00, 0.42794, 0.21506, 0.42794, 0.21506, 0.96459, 0.24521, -0.09719, -50.75304, 20.21486, -85.72077
1943, 620, -33.6512, 19.85873, 98.90316, 99.87019, NaN, NaN, NaN, 1.00, 0.46816, 0.18293, 0.46816, 0.18293, 0.70748, 0.46184, -0.53495, -52.1176, 21.37105, -87.62129
1944, 620, -33.6512, 19.85873, 98.90316, 99.87019, NaN, NaN, NaN, 1.00, 0.46816, 0.18293, 0.46816, 0.18293, 0.70748, 0.46184, -0.53495, -52.1176, 21.37105, -87.62129
1945, 285, -31.62257, 18.14805, 97.71785, 98.68527, NaN, NaN, NaN, 1.00, 0.42794, 0.21506, 0.42794, 0.21506, 0.96459, 0.24521, -0.09719, -50.75304, 20.21486, -85.72077
1946, 599, -33.52197, 18.00606, 98.75784, 99.72491, NaN, NaN, NaN, 1.00, 0.44333, 0.18059, 0.44333, 0.18059, 0.73195, -0.11178, -0.67213, -51.87187, 20.0386, -87.50803
1947, 620, -33.6512, 19.85873, 98.90316, 99.87019, NaN, NaN, NaN, 1.00, 0.46816, 0.18293, 0.46816, 0.18293, 0.70748, 0.46184, -0.53495, -52.1176, 21.37105, -87.62129
1948, 599, -33.52197, 18.00606, 98.75784, 99.72491, NaN, NaN, NaN, 1.00, 0.44333, 0.18059, 0.44333, 0.18059, 0.73195, -0.11178, -0.67213, -51.87187, 20.0386, -87.50803
1949, 618, -34.83708, 19.81056, 100.40749, 101.37401, NaN, NaN, NaN, 1.00, 0.49524, 0.16213, 0.49524, 0.16213, 0.46898, 0.16746, -0.86719, -53.66976, 21.23003, -88.69521
1950, 310, -32.40065, 23.91371, 101.20008, 102.16634, NaN, NaN, NaN, 1.00, 0.55016, 0.22415, 0.55016, 0.22415, 0.50025, 0.84485, -0.1897, -54.55344, 24.14782, -86.28873
1951, 620, -33.6512, 19.85873, 98.90316, 99.87019, NaN, NaN, NaN, 1.00, 0.46816, 0.18293, 0.46816, 0.18293, 0.70748, 0.46184, -0.53495, -52.1176, 21.37105, -87.62129
1952, 621, -34.2098, 23.12105, 101.4697, 102.43586, NaN, NaN, NaN, 1.00, 0.55016, 0.18074, 0.55016, 0.18074, 0.30924, 0.75541, -0.5777, -54.86737, 23.55433, -88.02798
1953, 308, -31.97042, 20.68063, 98.87848, 99.84551, NaN, NaN, NaN, 1.00, 0.45335, 0.2274, 0.45335, 0.2274, 0.73616, 0.65633, -0.16524, -52.0552, 21.96844, -85.99418
1954, 620, -33.6512, 19.85873, 98.90316, 99.87019, NaN, NaN, NaN, 1.00, 0.46816, 0.18293, 0.46816, 0.18293, 0.70748, 0.46184, -0.53495, -52.1176, 21.37105, -87.62129
1955, 310, -32.40065, 23.91371, 101.20008, 102.16634, NaN, NaN, NaN, 1.00, 0.55016, 0.22415, 0.55016, 0.22415, 0.50025, 0.84485, -0.1897, -54.55344, 24.14782, -86.28873
1956, 620, -33.6512, 19.85873, 98.90316, 99.87019, NaN, NaN, NaN, 1.00, 0.46816, 0.18293, 0.46816, 0.18293, 0.70748, 0.46184, -0.53495, -52.1176, 21.37105, -87.62129
1957, 618, -34.83708, 19.81056, 100.40749, 101.37401, NaN, NaN, NaN, 1.00, 0.49524, 0.16213, 0.49524, 0.16213, 0.46898, 0.16746, -0.86719, -53.66976, 21.23003, -88.69521
1958, 621, -34.2098, 23.12105, 101.4697, 102.43586, NaN, NaN, NaN, 1.00, 0.55016, 0.18074, 0.55016, 0.18074, 0.30924, 0.75541, -0.5777, -54.86737, 23.55433, -88.02798
1959, 621, -34.2098, 23.12105, 101.4697, 102.43586, NaN, NaN, NaN, 1.00, 0.55016, 0.18074, 0.55016, 0.18074, 0.30924, 0.75541, -0.5777, -54.86737, 23.55433, -88.02798
1960, 618, -34.83708, 19.81056, 100.40749, 101.37401, NaN, NaN, NaN, 1.00, 0.49524, 0.16213, 0.49524, 0.16213, 0.46898, 0.16746, -0.86719, -53.66976, 21.23003, -88.69521
1961, 622, -35.20059, 22.07379, 102.13905, 103.105, 9.06784E-08, 9.06784E-08, 9.06784E-08, 1.00, 0.55127, 0.16103, 0.55127, 0.16103, 0.01827, 0.49949, -0.86612, -55.52752, 22.74814, -88.9565
1962, 622, -35.20059, 22.07379, 102.13905, 103.105, 9.06784E-08, 9.06784E-08, 9.06784E-08, 1.00, 0.55127, 0.16103, 0.55127, 0.16103, 0.01827, 0.49949, -0.86612, -55.52752, 22.74814, -88.9565
1963, 618, -34.83708, 19.81056, 100.40749, 101.37401, NaN, NaN, NaN, 1.00, 0.49524, 0.16213, 0.49524, 0.16213, 0.46898, 0.16746, -0.86719, -53.66976, 21.23003, -88.69521
1964, 619, -35.36248, 18.21713, 101.63714, 102.60325, 9.04469E-08, 9.04469E-08, 9.04469E-08, 1.00, 0.49757, 0.14886, 0.49757, 0.14886, 0.30998, 0.06221, -0.94871, -54.83786, 19.98849, -89.14741
1965, 622, -35.20059, 22.07379, 102.13905, 103.105, 9.06784E-08, 9.06784E-08, 9.06784E-08, 1.00, 0.55127, 0.16103, 0.55127, 0.16103, 0.01827, 0.49949, -0.86612, -55.52752, 22.74814, -88.9565
1966, 619, -35.36248, 18.21713, 101.63714, 102.60325, 9.04469E-08, 9.04469E-08, 9.04469E-08, 1.00, 0.49757, 0.14886, 0.49757, 0.14886, 0.30998, 0.06221, -0.94871, -54.83786, 19.98849, -89.14741
1967, 623, -35.6751, 20.59798, 103.14668, 104.11229, 9.04663E-08, 9.04663E-08, 9.04663E-08, 1.00, 0.55127, 0.14899, 0.55127, 0.14899, -0.09125, 0.40534, -0.9096, -56.47808, 21.6075, -89.37003
1968, 616, -35.36248, 18.21713, 101.63714, 102.60325, 9.04469E-08, 9.04469E-08, 9.04469E-08, 1.00, 0.50946, 0.22644, 0.50946, 0.22644, 0.11422, -0.24511, -0.96274, -54.83786, 19.98849, -89.14741
1969, 614, -35.18541, 16.10386, 103.22968, 104.19526, 9.04416E-08, 9.04416E-08, 9.04416E-08, 1.00, 0.50903, 0.28505, 0.50903, 0.28505, 0.11274, -0.25138, -0.9613, -56.30737, 18.34462, -88.90347
1970, 624, -35.6751, 20.59798, 103.14668, 104.11229, 9.04663E-08, 9.04663E-08, 9.04663E-08, 1.00, 0.55034, 0.22487, 0.55034, 0.22487, -0.1802, 0.07199, -0.98099, -56.47808, 21.6075, -89.37003
1971, 624, -35.6751, 20.59798, 103.14668, 104.11229, 9.04663E-08, 9.04663E-08, 9.04663E-08, 1.00, 0.55034, 0.22487, 0.55034, 0.22487, -0.1802, 0.07199, -0.98099, -56.47808, 21.6075, -89.37003
1972, 614, -35.18541, 16.10386, 103.22968, 104.19526, 9.04416E-08, 9.04416E-08, 9.04416E-08, 1.00, 0.50903, 0.28505, 0.50903, 0.28505, 0.11274, -0.25138, -0.9613, -56.30737, 18.34462, -88.90347
1973, 625, -35.65891, 18.45504, 104.73302, 105.6981, 9.04039E-08, 9.04039E-08, 9.04039E-08, 1.00, 0.54659, 0.28123, 0.54659, 0.28123, -0.37511, 0.07223, -0.92416, -57.94755, 19.94257, -89.28214
1974, 614, -35.18541, 16.10386, 103.22968, 104.19526, 9.04416E-08, 9.04416E-08, 9.04416E-08, 1.00, 0.50903, 0.28505, 0.50903, 0.28505, 0.11274, -0.25138, -0.9613, -56.30737, 18.34462, -88.90347
1975, 611, -34.88539, 15.13673, 104.10973, 105.07501, 9.05167E-08, 9.05167E-08, 9.05167E-08, 1.00, 0.51159, 0.31455, 0.51159, 0.31455, -0.12393, -0.35991, -0.92472, -57.1201, 17.58163, -88.57256
1976, 625, -35.65891, 18.45504, 104.73302, 105.6981, 9.04039E-08, 9.04039E-08, 9.04039E-08, 1.00, 0.54659, 0.28123, 0.54659, 0.28123, -0.37511, 0.07223, -0.92416, -57.94755, 19.94257, -89.28214
1977, 625, -35.65891, 18.45504, 104.73302, 105.6981, 9.04039E-08, 9.04039E-08, 9.04039E-08, 1.00, 0.54659, 0.28123, 0.54659, 0.28123, -0.37511, 0.07223, -0.92416, -57.94755, 19.94257, -89.28214
1978, 611, -34.88539, 15.13673, 104.10973, 105.07501, 9.05167E-08, 9.05167E-08, 9.05167E-08, 1.00, 0.51159, 0.31455, 0.51159, 0.31455, -0.12393, -0.35991, -0.92472, -57.1201, 17.58163, -88.57256
1979, 626, -35.0905, 17.29449, 105.68991, 106.65468, 9.05650E-08, 9.05650E-08, 9.05650E-08, 1.00, 0.55114, 0.31553, 0.55114, 0.31553, -0.46019, -0.04559, -0.88665, -58.81416, 19.03399, -88.68827
1980, 611, -34.88539, 15.13673, 104.10973, 105.07501, 9.05167E-08, 9.05167E-08, 9.05167E-08, 1.00, 0.51159, 0.31455, 0.51159, 0.31455, -0.12393, -0.35991, -0.92472, -57.1201, 17.58163, -88.57256
1981, 612, -34.03243, 12.87879, 105.89357, 106.85826, 9.07379E-08, 9.07379E-08, 9.07379E-08, 1.00, 0.51356, 0.37896, 0.51356, 0.37896, -0.23164, -0.43849, -0.86837, -58.74062, 15.81942, -87.66566
1982, 626, -35.0905, 17.29449, 105.68991, 106.65468, 9.05650E-08, 9.05650E-08, 9.05650E-08, 1.00, 0.55114, 0.31553, 0.55114, 0.31553, -0.46019, -0.04559, -0.88665, -58.81416, 19.03399, -88.68827
1983, 626, -35.0905, 17.29449, 105.68991, 106.65468, 9.05650E-08, 9.05650E-08, 9.05650E-08, 1.00, 0.55114, 0.31553, 0.55114, 0.31553, -0.46019, -0.04559, -0.88665, -58.81416, 19.03399, -88.68827
1984, 612, -34.03243, 12.87879, 105.89357, 106.85826, 9.07379E-08, 9.07379E-08, 9.07379E-08, 1.00, 0.51356, 0.37896, 0.51356, 0.37896, -0.23164, -0.43849, -0.86837, -58.74062, 15.81942, -87.66566
1985, 627, -34.14423, 15.13066, 107.48265, 108.44682, 9.08235E-08, 9.08235E-08, 9.08235E-08, 1.00, 0.5597, 0.37925, 0.5597, 0.37925, -0.5798, -0.12279, -0.80546, -60.44392, 17.33935, -87.69042
1986, 612, -34.03243, 12.87879, 105.89357, 106.85826, 9.07379E-08, 9.07379E-08, 9.07379E-08, 1.00, 0.51356, 0.37896, 0.51356, 0.37896, -0.23164, -0.43849, -0.86837, -58.74062, 15.81942, -87.66566
1987, 613, -33.28623, 11.72531, 106.16901, 107.13362, 9.09494E-08, 9.09494E-08, 9.09494E-08, 1.00, 0.48703, 0.40128, 0.48703, 0.40128, -0.3123, -0.57892, -0.75321, -58.92043, 14.96404, -86.93311
1988, 627, -34.14423, 15.13066, 107.48265, 108.44682, 9.08235E-08, 9.08235E-08, 9.08235E-08, 1.00, 0.5597, 0.37925, 0.5597, 0.37925, -0.5798, -0.12279, -0.80546, -60.44392, 17.33935, -87.69042
1989, 621, -34.2098, 23.12105, 101.4697, 102.43586, NaN, NaN, NaN, 1.00, 0.55016, 0.18074, 0.55016, 0.18074, 0.30924, 0.75541, -0.5777, -54.86737, 23.55433, -88.02798
1990, 622, -35.20059, 22.07379, 102.13905, 103.105, 9.06784E-08, 9.06784E-08, 9.06784E-08, 1.00, 0.55127, 0.16103, 0.55127, 0.16103, 0.01827, 0.49949, -0.86612, -55.52752, 22.74814, -88.9565
1991, 628, -33.9451, 23.52213, 102.67473, 103.64049, NaN, NaN, NaN, 1.00, 0.579, 0.18414, 0.579, 0.18414, -0.25188, 0.79812, -0.54732, -56.07551, 23.76001, -87.7119
1992, 622, -35.20059, 22.07379, 102.13905, 103.105, 9.06784E-08, 9.06784E-08, 9.06784E-08, 1.00, 0.55127, 0.16103, 0.55127, 0.16103, 0.01827, 0.49949, -0.86612, -55.52752, 22.74814, -88.9565
1993, 623, -35.6751, 20.59798, 103.14668, 104.11229, 9.04663E-08, 9.04663E-08, 9.04663E-08, 1.00, 0.55127, 0.14899, 0.55127, 0.14899, -0.09125, 0.40534, -0.9096, -56.47808, 21.6075, -89.37003
1994, 629, -34.07112, 22.3324, 104.01223, 104.97755, 9.11168E-08, 9.11168E-08, 9.11168E-08, 1.00, 0.60997, 0.17511, 0.60997, 0.17511, -0.46086, 0.69212, -0.5555, -57.35271, 22.80344, -87.77138
1995, 622, -35.20059, 22.07379, 102.13905, 103.105, 9.06784E-08, 9.06784E-08, 9.06784E-08, 1.00, 0.55127, 0.16103, 0.55127, 0.16103, 0.01827, 0.49949, -0.86612, -55.52752, 22.74814, -88.9565
1996, 629, -34.07112, 22.3324, 104.01223, 104.97755, 9.11168E-08, 9.11168E-08, 9.11168E-08, 1.00, 0.60997, 0.17511, 0.60997, 0.17511, -0.46086, 0.69212, -0.5555, -57.35271, 22.80344, -87.77138
1997, 628, -33.9451, 23.52213, 102.67473, 103.64049, NaN, NaN, NaN, 1.00, 0.579, 0.18414, 0.579, 0.18414, -0.25188, 0.79812, -0.54732, -56.07551, 23.76001, -87.7119
1998, 624, -35.6751, 20.59798, 103.14668, 104.11229, 9.04663E-08, 9.04663E-08, 9.04663E-08, 1.00, 0.55034, 0.22487, 0.55034, 0.22487, -0.1802, 0.07199, -0.98099, -56.47808, 21.6075, -89.37003
1999, 625, -35.65891, 18.45504, 104.73302, 105.6981, 9.04039E-08, 9.04039E-08, 9.04039E-08, 1.00, 0.54659, 0.28123, 0.54659, 0.28123, -0.37511, 0.07223, -0.92416, -57.94755, 19.94257, -89.28214
2000, 630, -34.07112, 22.3324, 104.01223, 104.97755, 9.11168E-08, 9.11168E-08, 9.11168E-08, 1.00, 0.58419, 0.22272, 0.58419, 0.22272, -0.60178, 0.56819, -0.56126, -57.35271, 22.80344, -87.77138
2001, 630, -34.07112, 22.3324, 104.01223, 104.97755, 9.11168E-08, 9.11168E-08, 9.11168E-08, 1.00, 0.58419, 0.22272, 0.58419, 0.22272, -0.60178, 0.56819, -0.56126, -57.35271, 22.80344, -87.77138
2002, 625, -35.65891, 18.45504, 104.73302, 105.6981, 9.04039E-08, 9.04039E-08, 9.04039E-08, 1.00, 0.54659, 0.28123, 0.54659, 0.28123, -0.37511, 0.07223, -0.92416, -57.94755, 19.94257, -89.28214
2003, 631, -34.08587, 20.42181, 105.7646, 106.72934, 9.10555E-08, 9.10555E-08, 9.10555E-08, 1.00, 0.58059, 0.27908, 0.58059, 0.27908, -0.69081, 0.47382, -0.54615, -59.00091, 21.29518, -87.70471
2004, 625, -35.65891, 18.45504, 104.73302, 105.6981, 9.04039E-08, 9.04039E-08, 9.04039E-08, 1.00, 0.54659, 0.28123, 0.54659, 0.28123, -0.37511, 0.07223, -0.92416, -57.94755, 19.94257, -89.28214
2005, 626, -35.0905, 17.29449, 105.68991, 106.65468, 9.05650E-08, 9.05650E-08, 9.05650E-08, 1.00, 0.55114, 0.31553, 0.55114, 0.31553, -0.46019, -0.04559, -0.88665, -58.81416, 19.03399, -88.68827
2006, 631, -34.08587, 20.42181, 105.7646, 106.72934, 9.10555E-08, 9.10555E-08, 9.10555E-08, 1.00, 0.58059, 0.27908, 0.58059, 0.27908, -0.69081, 0.47382, -0.54615, -59.00091, 21.29518, -87.70471
2007, 631, -34.08587, 20.42181, 105.7646, 106.72934, 9.10555E-08, 9.10555E-08, 9.10555E-08, 1.00, 0.58059, 0.27908, 0.58059, 0.27908, -0.69081, 0.47382, -0.54615, -59.00091, 21.29518, -87.70471
2008, 626, -35.0905, 17.29449, 105.68991, 106.65468, 9.05650E-08, 9.05650E-08, 9.05650E-08, 1.00, 0.55114, 0.31553, 0.55114, 0.31553, -0.46019, -0.04559, -0.88665, -58.81416, 19.03399, -88.68827
2009, 632, -33.97888, 18.90491, 106.69832, 107.66275, 9.10399E-08, 9.10399E-08, 9.10399E-08, 1.00, 0.57904, 0.31584, 0.57904, 0.31584, -0.75563, 0.34907, -0.55423, -59.84812, 20.12998, -87.55932
2010, 626, -35.0905, 17.29449, 105.68991, 106.65468, 9.05650E-08, 9.05650E-08, 9.05650E-08, 1.00, 0.55114, 0.31553, 0.55114, 0.31553, -0.46019, -0.04559, -0.88665, -58.81416, 19.03399, -88.68827
2011, 627, -34.14423, 15.13066, 107.48265, 108.44682, 9.08235E-08, 9.08235E-08, 9.08235E-08, 1.00, 0.5597, 0.37925, 0.5597, 0.37925, -0.5798, -0.12279, -0.80546, -60.44392, 17.33935, -87.69042
2012, 632, -33.97888, 18.90491, 106.69832, 107.66275, 9.10399E-08, 9.10399E-08, 9.10399E-08, 1.00, 0.57904, 0.31584, 0.57904, 0.31584, -0.75563, 0.34907, -0.55423, -59.84812, 20.12998, -87.55932
2013, 632, -33.97888, 18.90491, 106.69832, 107.66275, 9.10399E-08, 9.10399E-08, 9.10399E-08, 1.00, 0.57904, 0.31584, 0.57904, 0.31584, -0.75563, 0.34907, -0.55423, -59.84812, 20.12998, -87.55932
2014, 627, -34.14423, 15.13066, 107.48265, 108.44682, 9.08235E-08, 9.08235E-08, 9.08235E-08, 1.00, 0.5597, 0.37925, 0.5597, 0.37925, -0.5798, -0.12279, -0.80546, -60.44392, 17.33935, -87.69042
2015, 633, -32.85889, 16.80761, 108.10069, 109.06464, NaN, NaN, NaN, 1.00, 0.5884, 0.37215, 0.5884, 0.37215, -0.85243, 0.37853, -0.36066, -61.08422, 18.51109, -86.41232
2016, 633, -32.85889, 16.80761, 108.10069, 109.06464, NaN, NaN, NaN, 1.00, 0.5884, 0.37215, 0.5884, 0.37215, -0.85243, 0.37853, -0.36066, -61.08422, 18.51109, -86.41232
2017, 324, -31.71882, 19.87417, 107.06329, 108.02759, NaN, NaN, NaN, 1.00, 0.60972, 0.31473, 0.60972, 0.31473, -0.84027, 0.53868, -0.06135, -60.15381, 20.8067, -85.35229
2018, 632, -33.97888, 18.90491, 106.69832, 107.66275, 9.10399E-08, 9.10399E-08, 9.10399E-08, 1.00, 0.57904, 0.31584, 0.57904, 0.31584, -0.75563, 0.34907, -0.55423, -59.84812, 20.12998, -87.55932
2019, 324, -31.71882, 19.87417, 107.06329, 108.02759, NaN, NaN, NaN, 1.00, 0.60972, 0.31473, 0.60972, 0.31473, -0.84027, 0.53868, -0.06135, -60.15381, 20.8067, -85.35229
2020, 633, -32.85889, 16.80761, 108.10069, 109.06464, NaN, NaN, NaN, 1.00, 0.5884, 0.37215, 0.5884, 0.37215, -0.85243, 0.37853, -0.36066, -61.08422, 18.51109, -86.41232
2021, 325, -31.35946, 17.52796, 108.24215, 109.20606, NaN, NaN, NaN, 1.00, 0.61158, 0.36739, 0.61158, 0.36739, -0.86831, 0.49338, -0.05112, -61.19072, 19.02318, -84.95281
2022, 632, -33.97888, 18.90491, 106.69832, 107.66275, 9.10399E-08, 9.10399E-08, 9.10399E-08, 1.00, 0.57904, 0.31584, 0.57904, 0.31584, -0.75563, 0.34907, -0.55423, -59.84812, 20.12998, -87.55932
2023, 324, -31.71882, 19.87417, 107.06329, 108.02759, NaN, NaN, NaN, 1.00, 0.60972, 0.31473, 0.60972, 0.31473, -0.84027, 0.53868, -0.06135, -60.15381, 20.8067, -85.35229
2024, 631, -34.08587, 20.42181, 105.7646, 106.72934, 9.10555E-08, 9.10555E-08, 9.10555E-08, 1.00, 0.58059, 0.27908, 0.58059, 0.27908, -0.69081, 0.47382, -0.54615, -59.00091, 21.29518, -87.70471
2025, 631, -34.08587, 20.42181, 105.7646, 106.72934, 9.10555E-08, 9.10555E-08, 9.10555E-08, 1.00, 0.58059, 0.27908, 0.58059, 0.27908, -0.69081, 0.47382, -0.54615, -59.00091, 21.29518, -87.70471
2026, 324, -31.71882, 19.87417, 107.06329, 108.02759, NaN, NaN, NaN, 1.00, 0.60972, 0.31473, 0.60972, 0.31473, -0.84027, 0.53868, -0.06135, -60.15381, 20.8067, -85.35229
2027, 326, -32.0041, 21.72131, 105.99165, 106.95631, NaN, NaN, NaN, 1.00, 0.60881, 0.27062, 0.60881, 0.27062, -0.73281, 0.67403, -0.09315, -59.19462, 22.22096, -85.67611
2028, 631, -34.08587, 20.42181, 105.7646, 106.72934, 9.10555E-08, 9.10555E-08, 9.10555E-08, 1.00, 0.58059, 0.27908, 0.58059, 0.27908, -0.69081, 0.47382, -0.54615, -59.00091, 21.29518, -87.70471
2029, 326, -32.0041, 21.72131, 105.99165, 106.95631, NaN, NaN, NaN, 1.00, 0.60881, 0.27062, 0.60881, 0.27062, -0.73281, 0.67403, -0.09315, -59.19462, 22.22096, -85.67611
2030, 630, -34.07112, 22.3324, 104.01223, 104.97755, 9.11168E-08, 9.11168E-08, 9.11168E-08, 1.00, 0.58419, 0.22272, 0.58419, 0.22272, -0.60178, 0.56819, -0.56126, -57.35271, 22.80344, -87.77138
2031, 630, -34.07112, 22.3324, 104.01223, 104.97755, 9.11168E-08, 9.11168E-08, 9.11168E-08, 1.00, 0.58419, 0.22272, 0.58419, 0.22272, -0.60178, 0.56819, -0.56126, -57.35271, 22.80344, -87.77138
2032, 326, -32.0041, 21.72131, 105.99165, 106.95631, NaN, NaN, NaN, 1.00, 0.60881, 0.27062, 0.60881, 0.27062, -0.73281, 0.67403, -0.09315, -59.19462, 22.22096, -85.67611
2033, 327, -32.30349, 23.60046, 104.34486, 105.31007, NaN, NaN, NaN, 1.00, 0.60935, 0.21549, 0.60935, 0.21549, -0.70363, 0.70344, -0.10035, -57.6649, 23.69898, -86.04163
2034, 629, -34.07112, 22.3324, 104.01223, 104.97755, 9.11168E-08, 9.11168E-08, 9.11168E-08, 1.00, 0.60997, 0.17511, 0.60997, 0.17511, -0.46086, 0.69212, -0.5555, -57.35271, 22.80344, -87.77138
2035, 328, -32.30349, 23.60046, 104.34486, 105.31007, NaN, NaN, NaN, 1.00, 0.6094, 0.21557, 0.6094, 0.21557, -0.43251, 0.88901, -0.15031, -57.6649, 23.69898, -86.04163
2036, 329, -32.45005, 24.43023, 102.74532, 103.71106, NaN, NaN, NaN, 1.00, 0.58422, 0.22302, 0.58422, 0.22302, -0.19743, 0.96421, -0.17699, -56.12125, 24.41316, -86.25962
2037, 629, -34.07112, 22.3324, 104.01223, 104.97755, 9.11168E-08, 9.11168E-08, 9.11168E-08, 1.00, 0.60997, 0.17511, 0.60997, 0.17511, -0.46086, 0.69212, -0.5555, -57.35271, 22.80344, -87.77138
2038, 329, -32.45005, 24.43023, 102.74532, 103.71106, NaN, NaN, NaN, 1.00, 0.58422, 0.22302, 0.58422, 0.22302, -0.19743, 0.96421, -0.17699, -56.12125, 24.41316, -86.25962
2039, 628, -33.9451, 23.52213, 102.67473, 103.64049, NaN, NaN, NaN, 1.00, 0.579, 0.18414, 0.579, 0.18414, -0.25188, 0.79812, -0.54732, -56.07551, 23.76001, -87.7119
2040, 621, -34.2098, 23.12105, 101.4697, 102.43586, NaN, NaN, NaN, 1.00, 0.55016, 0.18074, 0.55016, 0.18074, 0.30924, 0.75541, -0.5777, -54.86737, 23.55433, -88.02798
2041, 329, -32.45005, 24.43023, 102.74532, 103.71106, NaN, NaN, NaN, 1.00, 0.58422, 0.22302, 0.58422, 0.22302, -0.19743, 0.96421, -0.17699, -56.12125, 24.41316, -86.25962
2042, 310, -32.40065, 23.91371, 101.20008, 102.16634, NaN, NaN, NaN, 1.00, 0.55016, 0.22415, 0.55016, 0.22415, 0.50025, 0.84485, -0.1897, -54.55344, 24.14782, -86.28873
2043, 329, -32.45005, 24.43023, 102.74532, 103.71106, NaN, NaN, NaN, 1.00, 0.58422, 0.22302, 0.58422, 0.22302, -0.19743, 0.96421, -0.17699, -56.12125, 24.41316, -86.25962
2044, 621, -34.2098, 23.12105, 101.4697, 102.43586, NaN, NaN, NaN, 1.00, 0.55016, 0.18074, 0.55016, 0.18074, 0.30924, 0.75541, -0.5777, -54.86737, 23.55433, -88.02798
2045, 628, -33.9451, 23.52213, 102.67473, 103.64049, NaN, NaN, NaN, 1.00, 0.579, 0.18414, 0.579, 0.18414, -0.25188, 0.79812, -0.54732, -56.07551, 23.76001, -87.7119
2046, 634, -20.33704, 15.61153, 111.9371, 112.89978, NaN, NaN, NaN, 1.00, 0.00704, 0.58912, 0.00704, 0.58912, -0.42413, 0.86579, 0.26556, -64.24875, 17.37368, -74.11202
2047, 635, -26.55119, 12.57925, 109.27557, 110.23914, NaN, NaN, NaN, 1.00, 0.1167, 0.56472, 0.1167, 0.56472, 0.10565, 0.99438, 0.00646, -61.73807, 15.3638, -80.26242
2048, 636, -19.6462, 13.55442, 115.07096, 116.0326, NaN, NaN, NaN, 1.00, 0.00688, 0.58894, 0.00688, 0.58894, -0.77691, 0.5757, 0.25493, -67.23183, 15.66179, -73.29543
2049, 637, -19.66459, -20.60828, 115.77265, 116.73405, 1.67420E-07, 1.67420E-07, 1.67420E-07, 1.00, 0.05065, 0.87207, 0.05065, 0.87207, -0.21571, 0.1786, 0.95999, -66.1825, -9.14651, -73.36482
2050, 638, -19.6021, -15.13828, 116.24518, 117.20643, 1.62838E-07, 1.62838E-07, 1.62838E-07, 1.00, 0.05235, 0.84249, 0.05235, 0.84249, -0.20912, -0.16125, 0.9645, -66.93021, -5.21555, -73.26748
2051, 639, -20.81753, -19.78171, 119.54836, 120.50851, NaN, NaN, NaN, 1.00, 0.10315, 0.8678, 0.10315, 0.8678, -0.40233, 0.11065, 0.90878, -70.04013, -8.81376, -74.29353
2052, 639, -20.81753, -19.78171, 119.54836, 120.50851, NaN, NaN, NaN, 1.00, 0.10315, 0.8678, 0.10315, 0.8678, -0.40233, 0.11065, 0.90878, -70.04013, -8.81376, -74.29353
2053, 638, -19.6021, -15.13828, 116.24518, 117.20643, 1.62838E-07, 1.62838E-07, 1.62838E-07, 1.00, 0.05235, 0.84249, 0.05235, 0.84249, -0.20912, -0.16125, 0.9645, -66.93021, -5.21555, -73.26748
2054, 640, -20.27663, -13.96347, 119.49336, 120.45352, 1.58654E-07, 1.58654E-07, 1.58654E-07, 1.00, 0.0913, 0.83742, 0.0913, 0.83742, -0.31614, -0.20926, 0.92535, -70.25752, -4.59322, -73.75824
2055, 640, -20.27663, -13.96347, 119.49336, 120.45352, 1.58654E-07, 1.58654E-07, 1.58654E-07, 1.00, 0.0913, 0.83742, 0.0913, 0.83742, -0.31614, -0.20926, 0.92535, -70.25752, -4.59322, -73.75824
2056, 638, -19.6021, -15.13828, 116.24518, 117.20643, 1.62838E-07, 1.62838E-07, 1.62838E-07, 1.00, 0.05235, 0.84249, 0.05235, 0.84249, -0.20912, -0.16125, 0.9645, -66.93021, -5.21555, -73.26748
2057, 641, -18.74186, -12.45139, 115.55424, 116.51571, 1.61451E-07, 1.61451E-07, 1.61451E-07, 1.00, 0.03203, 0.8169, 0.03203, 0.8169, -0.0362, -0.28512, 0.95781, -66.33872, -3.21954, -72.4622
2058, 640, -20.27663, -13.96347, 119.49336, 120.45352, 1.58654E-07, 1.58654E-07, 1.58654E-07, 1.00, 0.0913, 0.83742, 0.0913, 0.83742, -0.31614, -0.20926, 0.92535, -70.25752, -4.59322, -73.75824
2059, 641, -18.74186, -12.45139, 115.55424, 116.51571, 1.61451E-07, 1.61451E-07, 1.61451E-07, 1.00, 0.03203, 0.8169, 0.03203, 0.8169, -0.0362, -0.28512, 0.95781, -66.33872, -3.21954, -72.4622
2060, 642, -19.70928, -11.97417, 119.01142, 119.97174, NaN, NaN, NaN, 1.00, 0.07775, 0.8185, 0.07775, 0.8185, -0.43435, -0.2192, 0.87367, -69.8524, -3.11752, -73.22788
2061, 642, -19.70928, -11.97417, 119.01142, 119.97174, NaN, NaN, NaN, 1.00, 0.07775, 0.8185, 0.07775, 0.8185, -0.43435, -0.2192, 0.87367, -69.8524, -3.11752, -73.22788
2062, 641, -18.74186, -12.45139, 115.55424, 116.51571, 1.61451E-07, 1.61451E-07, 1.61451E-07, 1.00, 0.03203, 0.8169, 0.03203, 0.8169, -0.0362, -0.28512, 0.95781, -66.33872, -3.21954, -72.4622
2063, 643, -18.98229, 1.23809, 112.0841, 113.04673, NaN, NaN, NaN, 1.00, 0.01288, 0.70971, 0.01288, 0.70971, -0.4254, -0.50749, 0.74932, -63.59486, 6.94641, -72.83019
2064, 641, -18.74186, -12.45139, 115.55424, 116.51571, 1.61451E-07, 1.61451E-07, 1.61451E-07, 1.00, 0.03203, 0.8169, 0.03203, 0.8169, -0.0362, -0.28512, 0.95781, -66.33872, -3.21954, -72.4622
2065, 644, -18.63129, 0.43385, 113.83862, 114.80066, 1.68826E-07, 1.68826E-07, 1.68826E-07, 1.00, 0.01965, 0.71244, 0.01965, 0.71244, 0.25682, 0.01234, 0.96638, -65.28445, 6.23981, -72.40675
2066, 643, -18.98229, 1.23809, 112.0841, 113.04673, NaN, NaN, NaN, 1.00, 0.01288, 0.70971, 0.01288, 0.70971, -0.4254, -0.50749, 0.74932, -63.59486, 6.94641, -72.83019
2067, 639, -20.81753, -19.78171, 119.54836, 120.50851, NaN, NaN, NaN, 1.00, 0.10315, 0.8678, 0.10315, 0.8678, -0.40233, 0.11065, 0.90878, -70.04013, -8.81376, -74.29353
2068, 645, -21.43603, -13.67312, 121.27994, 122.2395, NaN, NaN, NaN, 1.00, 0.12686, 0.83751, 0.12686, 0.83751, -0.77479, -0.07251, 0.62805, -72.10688, -4.5088, -74.79188
2069, 646, -21.82654, -19.80132, 120.62473, 121.58451, NaN, NaN, NaN, 1.00, 0.13025, 0.86896, 0.13025, 0.86896, -0.80508, 0.15312, 0.57306, -71.15912, -8.90389, -75.21719
2070, 645, -21.43603, -13.67312, 121.27994, 122.2395, NaN, NaN, NaN, 1.00, 0.12686, 0.83751, 0.12686, 0.83751, -0.77479, -0.07251, 0.62805, -72.10688, -4.5088, -74.79188
2071, 639, -20.81753, -19.78171, 119.54836, 120.50851, NaN, NaN, NaN, 1.00, 0.10315, 0.8678, 0.10315, 0.8678, -0.40233, 0.11065, 0.90878, -70.04013, -8.81376, -74.29353
2072, 640, -20.27663, -13.96347, 119.49336, 120.45352, 1.58654E-07, 1.58654E-07, 1.58654E-07, 1.00, 0.0913, 0.83742, 0.0913, 0.83742, -0.31614, -0.20926, 0.92535, -70.25752, -4.59322, -73.75824
2073, 645, -21.43603, -13.67312, 121.27994, 122.2395, NaN, NaN, NaN, 1.00, 0.12686, 0.83751, 0.12686, 0.83751, -0.77479, -0.07251, 0.62805, -72.10688, -4.5088, -74.79188
2074, 640, -20.27663, -13.96347, 119.49336, 120.45352, 1.58654E-07, 1.58654E-07, 1.58654E-07, 1.00, 0.0913, 0.83742, 0.0913, 0.83742, -0.31614, -0.20926, 0.92535, -70.25752, -4.59322, -73.75824
2075, 642, -19.70928, -11.97417, 119.01142, 119.97174, NaN, NaN, NaN, 1.00, 0.07775, 0.8185, 0.07775, 0.8185, -0.43435, -0.2192, 0.87367, -69.8524, -3.11752, -73.22788
2076, 645, -21.43603, -13.67312, 121.27994, 122.2395, NaN, NaN, NaN, 1.00, 0.12686, 0.83751, 0.12686, 0.83751, -0.77479, -0.07251, 0.62805, -72.10688, -4.5088, -74.79188
2077, 642, -19.70928, -11.97417, 119.01142, 119.97174, NaN, NaN, NaN, 1.00, 0.07775, 0.8185, 0.07775, 0.8185, -0.43435, -0.2192, 0.87367, -69.8524, -3.11752, -73.22788
2078, 647, -21.43196, -11.27076, 120.98792, 121.94758, NaN, NaN, NaN, 1.00, 0.12517, 0.81486, 0.12517, 0.81486, -0.89212, -0.05252, 0.44873, -71.93884, -2.74714, -74.7962
2079, 647, -21.43196, -11.27076, 120.98792, 121.94758, NaN, NaN, NaN, 1.00, 0.12517, 0.81486, 0.12517, 0.81486, -0.89212, -0.05252, 0.44873, -71.93884, -2.74714, -74.7962
2080, 642, -19.70928, -11.97417, 119.01142, 119.97174, NaN, NaN, NaN, 1.00, 0.07775, 0.8185, 0.07775, 0.8185, -0.43435, -0.2192, 0.87367, -69.8524, -3.11752, -73.22788
2081, 643, -18.98229, 1.23809, 112.0841, 113.04673, NaN, NaN, NaN, 1.00, 0.01288, 0.70971, 0.01288, 0.70971, -0.4254, -0.50749, 0.74932, -63.59486, 6.94641, -72.83019
2082, 647, -21.43196, -11.27076, 120.98792, 121.94758, NaN, NaN, NaN, 1.00, 0.12517, 0.81486, 0.12517, 0.81486, -0.89212, -0.05252, 0.44873, -71.93884, -2.74714, -74.7962
2083, 643, -18.98229, 1.23809, 112.0841, 113.04673, NaN, NaN, NaN, 1.00, 0.01288, 0.70971, 0.01288, 0.70971, -0.4254, -0.50749, 0.74932, -63.59486, 6.94641, -72.83019
2084, 648, -23.79598, 6.33929, 118.69999, 119.66042, NaN, NaN, NaN, 1.00, 0.10993, 0.6832, 0.10993, 0.6832, -0.89744, 0.429, 0.10271, -70.6741, 10.1768, -77.15117
2085, 648, -23.79598, 6.33929, 118.69999, 119.66042, NaN, NaN, NaN, 1.00, 0.10993, 0.6832, 0.10993, 0.6832, -0.89744, 0.429, 0.10271, -70.6741, 10.1768, -77.15117
2086, 643, -18.98229, 1.23809, 112.0841, 113.04673, NaN, NaN, NaN, 1.00, 0.01288, 0.70971, 0.01288, 0.70971, -0.4254, -0.50749, 0.74932, -63.59486, 6.94641, -72.83019
2087, 649, -18.59969, 7.53172, 116.53156, 117.49271, NaN, NaN, NaN, 1.00, 0.00667, 0.67494, 0.00667, 0.67494, -0.81066, 0.51428, 0.2799, -68.32845, 11.19392, -72.22655
2088, 648, -23.79598, 6.33929, 118.69999, 119.66042, NaN, NaN, NaN, 1.00, 0.10993, 0.6832, 0.10993, 0.6832, -0.89744, 0.429, 0.10271, -70.6741, 10.1768, -77.15117
2089, 649, -18.59969, 7.53172, 116.53156, 117.49271, NaN, NaN, NaN, 1.00, 0.00667, 0.67494, 0.00667, 0.67494, -0.81066, 0.51428, 0.2799, -68.32845, 11.19392, -72.22655
2090, 650, -19.28095, 10.71513, 115.41158, 116.37309, NaN, NaN, NaN, 1.00, 0.00704, 0.61106, 0.00704, 0.61106, -0.8963, -0.18758, 0.40181, -67.40835, 13.58003, -72.93252
2091, 648, -23.79598, 6.33929, 118.69999, 119.66042, NaN, NaN, NaN, 1.00, 0.10993, 0.6832, 0.10993, 0.6832, -0.89744, 0.429, 0.10271, -70.6741, 10.1768, -77.15117
2092, 650, -19.28095, 10.71513, 115.41158, 116.37309, NaN, NaN, NaN, 1.00, 0.00704, 0.61106, 0.00704, 0.61106, -0.8963, -0.18758, 0.40181, -67.40835, 13.58003, -72.93252
2093, 651, -24.94418, 12.27602, 116.2168, 117.17805, NaN, NaN, NaN, 1.00, 0.10823, 0.6179, 0.10823, 0.6179, -0.71982, 0.69402, 0.0139, -68.55943, 14.65446, -78.36868
2094, 651, -24.94418, 12.27602, 116.2168, 117.17805, NaN, NaN, NaN, 1.00, 0.10823, 0.6179, 0.10823, 0.6179, -0.71982, 0.69402, 0.0139, -68.55943, 14.65446, -78.36868
2095, 650, -19.28095, 10.71513, 115.41158, 116.37309, NaN, NaN, NaN, 1.00, 0.00704, 0.61106, 0.00704, 0.61106, -0.8963, -0.18758, 0.40181, -67.40835, 13.58003, -72.93252
2096, 652, -25.51749, 13.68964, 113.9009, 114.86293, NaN, NaN, NaN, 1.00, 0.10823, 0.59, 0.10823, 0.59, -0.30015, 0.95072, -0.07773, -66.35249, 15.84231, -79.03316
2097, 652, -25.51749, 13.68964, 113.9009, 114.86293, NaN, NaN, NaN, 1.00, 0.10823, 0.59, 0.10823, 0.59, -0.30015, 0.95072, -0.07773, -66.35249, 15.84231, -79.03316
2098, 650, -19.28095, 10.71513, 115.41158, 116.37309, NaN, NaN, NaN, 1.00, 0.00704, 0.61106, 0.00704, 0.61106, -0.8963, -0.18758, 0.40181, -67.40835, 13.58003, -72.93252
2099, 636, -19.6462, 13.55442, 115.07096, 116.0326, NaN, NaN, NaN, 1.00, 0.00688, 0.58894, 0.00688, 0.58894, -0.77691, 0.5757, 0.25493, -67.23183, 15.66179, -73.29543
2100, 636, -19.6462, 13.55442, 115.07096, 116.0326, NaN, NaN, NaN, 1.00, 0.00688, 0.58894, 0.00688, 0.58894, -0.77691, 0.5757, 0.25493, -67.23183, 15.66179, -73.29543
2101, 635, -26.55119, 12.57925, 109.27557, 110.23914, NaN, NaN, NaN, 1.00, 0.1167, 0.56472, 0.1167, 0.56472, 0.10565, 0.99438, 0.00646, -61.73807, 15.3638, -80.26242
2102, 652, -25.51749, 13.68964, 113.9009, 114.86293, NaN, NaN, NaN, 1.00, 0.10823, 0.59, 0.10823, 0.59, -0.30015, 0.95072, -0.07773, -66.35249, 15.84231, -79.03316
2103, 653, -24.7711, -19.70957, 121.72216, 122.68158, NaN, NaN, NaN, 1.00, 0.19239, 0.8691, 0.19239, 0.8691, -0.889, 0.06707, 0.45297, -72.39679, -8.9148, -78.01229
2104, 645, -21.43603, -13.67312, 121.27994, 122.2395, NaN, NaN, NaN, 1.00, 0.12686, 0.83751, 0.12686, 0.83751, -0.77479, -0.07251, 0.62805, -72.10688, -4.5088, -74.79188
2105, 654, -24.81887, -13.70712, 121.81985, 122.77923, NaN, NaN, NaN, 1.00, 0.19239, 0.83712, 0.19239, 0.83712, -0.89328, 0.08016, 0.44229, -72.80367, -4.57152, -78.03864
2106, 653, -24.7711, -19.70957, 121.72216, 122.68158, NaN, NaN, NaN, 1.00, 0.19239, 0.8691, 0.19239, 0.8691, -0.889, 0.06707, 0.45297, -72.39679, -8.9148, -78.01229
2107, 646, -21.82654, -19.80132, 120.62473, 121.58451, NaN, NaN, NaN, 1.00, 0.13025, 0.86896, 0.13025, 0.86896, -0.80508, 0.15312, 0.57306, -71.15912, -8.90389, -75.21719
2108, 645, -21.43603, -13.67312, 121.27994, 122.2395, NaN, NaN, NaN, 1.00, 0.12686, 0.83751, 0.12686, 0.83751, -0.77479, -0.07251, 0.62805, -72.10688, -4.5088, -74.79188
2109, 654, -24.81887, -13.70712, 121.81985, 122.77923, NaN, NaN, NaN, 1.00, 0.19239, 0.83712, 0.19239, 0.83712, -0.89328, 0.08016, 0.44229, -72.80367, -4.57152, -78.03864
2110, 647, -21.43196, -11.27076, 120.98792, 121.94758, NaN, NaN, NaN, 1.00, 0.12517, 0.81486, 0.12517, 0.81486, -0.89212, -0.05252, 0.44873, -71.93884, -2.74714, -74.7962
2111, 655, -24.88594, -11.54666, 121.58734, 122.5468, NaN, NaN, NaN, 1.00, 0.19239, 0.81677, 0.19239, 0.81677, -0.8959, -0.00301, 0.44424, -72.68591, -2.98937, -78.10947
2112, 647, -21.43196, -11.27076, 120.98792, 121.94758, NaN, NaN, NaN, 1.00, 0.12517, 0.81486, 0.12517, 0.81486, -0.89212, -0.05252, 0.44873, -71.93884, -2.74714, -74.7962
2113, 654, -24.81887, -13.70712, 121.81985, 122.77923, NaN, NaN, NaN, 1.00, 0.19239, 0.83712, 0.19239, 0.83712, -0.89328, 0.08016, 0.44229, -72.80367, -4.57152, -78.03864
2114, 645, -21.43603, -13.67312, 121.27994, 122.2395, NaN, NaN, NaN, 1.00, 0.12686, 0.83751, 0.12686, 0.83751, -0.77479, -0.07251, 0.62805, -72.10688, -4.5088, -74.79188
2115, 647, -21.43196, -11.27076, 120.98792, 121.94758, NaN, NaN, NaN, 1.00, 0.12517, 0.81486, 0.12517, 0.81486, -0.89212, -0.05252, 0.44873, -71.93884, -2.74714, -74.7962
2116, 656, -27.96374, 5.05656, 118.42866, 119.38918, NaN, NaN, NaN, 1.00, 0.19239, 0.67902, 0.19239, 0.67902, -0.91885, 0.38128, 0.10167, -70.53629, 9.2663, -81.20021
2117, 655, -24.88594, -11.54666, 121.58734, 122.5468, NaN, NaN, NaN, 1.00, 0.19239, 0.81677, 0.19239, 0.81677, -0.8959, -0.00301, 0.44424, -72.68591, -2.98937, -78.10947
2118, 647, -21.43196, -11.27076, 120.98792, 121.94758, NaN, NaN, NaN, 1.00, 0.12517, 0.81486, 0.12517, 0.81486, -0.89212, -0.05252, 0.44873, -71.93884, -2.74714, -74.7962
2119, 648, -23.79598, 6.33929, 118.69999, 119.66042, NaN, NaN, NaN, 1.00, 0.10993, 0.6832, 0.10993, 0.6832, -0.89744, 0.429, 0.10271, -70.6741, 10.1768, -77.15117
2120, 656, -27.96374, 5.05656, 118.42866, 119.38918, NaN, NaN, NaN, 1.00, 0.19239, 0.67902, 0.19239, 0.67902, -0.91885, 0.38128, 0.10167, -70.53629, 9.2663, -81.20021
2121, 648, -23.79598, 6.33929, 118.69999, 119.66042, NaN, NaN, NaN, 1.00, 0.10993, 0.6832, 0.10993, 0.6832, -0.89744, 0.429, 0.10271, -70.6741, 10.1768, -77.15117
2122, 657, -29.44291, 11.84063, 115.18239, 116.14399, NaN, NaN, NaN, 1.00, 0.19239, 0.6012, 0.19239, 0.6012, -0.70938, 0.70482, -0.00351, -67.72074, 14.4119, -82.77317
2123, 656, -27.96374, 5.05656, 118.42866, 119.38918, NaN, NaN, NaN, 1.00, 0.19239, 0.67902, 0.19239, 0.67902, -0.91885, 0.38128, 0.10167, -70.53629, 9.2663, -81.20021
2124, 648, -23.79598, 6.33929, 118.69999, 119.66042, NaN, NaN, NaN, 1.00, 0.10993, 0.6832, 0.10993, 0.6832, -0.89744, 0.429, 0.10271, -70.6741, 10.1768, -77.15117
2125, 651, -24.94418, 12.27602, 116.2168, 117.17805, NaN, NaN, NaN, 1.00, 0.10823, 0.6179, 0.10823, 0.6179, -0.71982, 0.69402, 0.0139, -68.55943, 14.65446, -78.36868
2126, 657, -29.44291, 11.84063, 115.18239, 116.14399, NaN, NaN, NaN, 1.00, 0.19239, 0.6012, 0.19239, 0.6012, -0.70938, 0.70482, -0.00351, -67.72074, 14.4119, -82.77317
2127, 651, -24.94418, 12.27602, 116.2168, 117.17805, NaN, NaN, NaN, 1.00, 0.10823, 0.6179, 0.10823, 0.6179, -0.71982, 0.69402, 0.0139, -68.55943, 14.65446, -78.36868
2128, 652, -25.51749, 13.68964, 113.9009, 114.86293, NaN, NaN, NaN, 1.00, 0.10823, 0.59, 0.10823, 0.59, -0.30015, 0.95072, -0.07773, -66.35249, 15.84231, -79.03316
2129, 657, -29.44291, 11.84063, 115.18239, 116.14399, NaN, NaN, NaN, 1.00, 0.19239, 0.6012, 0.19239, 0.6012, -0.70938, 0.70482, -0.00351, -67.72074, 14.4119, -82.77317
2130, 652, -25.51749, 13.68964, 113.9009, 114.86293, NaN, NaN, NaN, 1.00, 0.10823, 0.59, 0.10823, 0.59, -0.30015, 0.95072, -0.07773, -66.35249, 15.84231, -79.03316
2131, 658, -29.79428, 12.68611, 113.7449, 114.70699, NaN, NaN, NaN, 1.00, 0.19239, 0.58414, 0.19239, 0.58414, -0.25071, 0.95748, -0.14276, -66.34903, 15.12602, -83.18134
2132, 657, -29.44291, 11.84063, 115.18239, 116.14399, NaN, NaN, NaN, 1.00, 0.19239, 0.6012, 0.19239, 0.6012, -0.70938, 0.70482, -0.00351, -67.72074, 14.4119, -82.77317
2133, 652, -25.51749, 13.68964, 113.9009, 114.86293, NaN, NaN, NaN, 1.00, 0.10823, 0.59, 0.10823, 0.59, -0.30015, 0.95072, -0.07773, -66.35249, 15.84231, -79.03316
2134, 635, -26.55119, 12.57925, 109.27557, 110.23914, NaN, NaN, NaN, 1.00, 0.1167, 0.56472, 0.1167, 0.56472, 0.10565, 0.99438, 0.00646, -61.73807, 15.3638, -80.26242
2135, 658, -29.79428, 12.68611, 113.7449, 114.70699, NaN, NaN, NaN, 1.00, 0.19239, 0.58414, 0.19239, 0.58414, -0.25071, 0.95748, -0.14276, -66.34903, 15.12602, -83.18134
2136, 635, -26.55119, 12.57925, 109.27557, 110.23914, NaN, NaN, NaN, 1.00, 0.1167, 0.56472, 0.1167, 0.56472, 0.10565, 0.99438, 0.00646, -61.73807, 15.3638, -80.26242
2137, 659, -30.40989, 13.57698, 110.71268, 111.67577, NaN, NaN, NaN, 1.00, 0.19239, 0.55536, 0.19239, 0.55536, -0.30757, 0.94277, -0.12882, -63.40389, 15.98553, -83.9231
2138, 658, -29.79428, 12.68611, 113.7449, 114.70699, NaN, NaN, NaN, 1.00, 0.19239, 0.58414, 0.19239, 0.58414, -0.25071, 0.95748, -0.14276, -66.34903, 15.12602, -83.18134
2139, 660, -19.05045, -22.35405, 115.82098, 116.78236, 1.66926E-07, 1.66926E-07, 1.66926E-07, 1.00, 0.03926, 0.88833, 0.03926, 0.88833, -0.17833, 0.4027, 0.89779, -66.11205, -10.41513, -72.77264
2140, 637, -19.66459, -20.60828, 115.77265, 116.73405, 1.67420E-07, 1.67420E-07, 1.67420E-07, 1.00, 0.05065, 0.87207, 0.05065, 0.87207, -0.21571, 0.1786, 0.95999, -66.1825, -9.14651, -73.36482
2141, 639, -20.81753, -19.78171, 119.54836, 120.50851, NaN, NaN, NaN, 1.00, 0.10315, 0.8678, 0.10315, 0.8678, -0.40233, 0.11065, 0.90878, -70.04013, -8.81376, -74.29353
2142, 660, -19.05045, -22.35405, 115.82098, 116.78236, 1.66926E-07, 1.66926E-07, 1.66926E-07, 1.00, 0.03926, 0.88833, 0.03926, 0.88833, -0.17833, 0.4027, 0.89779, -66.11205, -10.41513, -72.77264
2143, 639, -20.81753, -19.78171, 119.54836, 120.50851, NaN, NaN, NaN, 1.00, 0.10315, 0.8678, 0.10315, 0.8678, -0.40233, 0.11065, 0.90878, -70.04013, -8.81376, -74.29353
2144, 661, -20.05708, -21.97339, 119.73243, 120.69251, NaN, NaN, NaN, 1.00, 0.09007, 0.88833, 0.09007, 0.88833, -0.39044, 0.32931, 0.85972, -70.0751, -10.41513, -73.55426
2145, 662, -21.41434, -21.82748, 121.23168, 122.19127, NaN, NaN, NaN, 1.00, 0.12702, 0.88833, 0.12702, 0.88833, -0.70912, 0.38472, 0.59088, -71.6403, -10.41513, -74.79377
2146, 639, -20.81753, -19.78171, 119.54836, 120.50851, NaN, NaN, NaN, 1.00, 0.10315, 0.8678, 0.10315, 0.8678, -0.40233, 0.11065, 0.90878, -70.04013, -8.81376, -74.29353
2147, 646, -21.82654, -19.80132, 120.62473, 121.58451, NaN, NaN, NaN, 1.00, 0.13025, 0.86896, 0.13025, 0.86896, -0.80508, 0.15312, 0.57306, -71.15912, -8.90389, -75.21719
2148, 662, -21.41434, -21.82748, 121.23168, 122.19127, NaN, NaN, NaN, 1.00, 0.12702, 0.88833, 0.12702, 0.88833, -0.70912, 0.38472, 0.59088, -71.6403, -10.41513, -74.79377
2149, 661, -20.05708, -21.97339, 119.73243, 120.69251, NaN, NaN, NaN, 1.00, 0.09007, 0.88833, 0.09007, 0.88833, -0.39044, 0.32931, 0.85972, -70.0751, -10.41513, -73.55426
2150, 639, -20.81753, -19.78171, 119.54836, 120.50851, NaN, NaN, NaN, 1.00, 0.10315, 0.8678, 0.10315, 0.8678, -0.40233, 0.11065, 0.90878, -70.04013, -8.81376, -74.29353
2151, 663, -24.40619, -21.69302, 122.61337, 123.57249, NaN, NaN, NaN, 1.00, 0.19239, 0.88833, 0.19239, 0.88833, -0.80272, 0.434, 0.40901, -73.16551, -10.41513, -77.62061
2152, 646, -21.82654, -19.80132, 120.62473, 121.58451, NaN, NaN, NaN, 1.00, 0.13025, 0.86896, 0.13025, 0.86896, -0.80508, 0.15312, 0.57306, -71.15912, -8.90389, -75.21719
2153, 653, -24.7711, -19.70957, 121.72216, 122.68158, NaN, NaN, NaN, 1.00, 0.19239, 0.8691, 0.19239, 0.8691, -0.889, 0.06707, 0.45297, -72.39679, -8.9148, -78.01229
2154, 663, -24.40619, -21.69302, 122.61337, 123.57249, NaN, NaN, NaN, 1.00, 0.19239, 0.88833, 0.19239, 0.88833, -0.80272, 0.434, 0.40901, -73.16551, -10.41513, -77.62061
2155, 662, -21.41434, -21.82748, 121.23168, 122.19127, NaN, NaN, NaN, 1.00, 0.12702, 0.88833, 0.12702, 0.88833, -0.70912, 0.38472, 0.59088, -71.6403, -10.41513, -74.79377
2156, 646, -21.82654, -19.80132, 120.62473, 121.58451, NaN, NaN, NaN, 1.00, 0.13025, 0.86896, 0.13025, 0.86896, -0.80508, 0.15312, 0.57306, -71.15912, -8.90389, -75.21719
2157, 664, -18.51226, -24.00343, 115.87877, 116.84014, 1.67908E-07, 1.67908E-07, 1.67908E-07, 1.00, 0.02936, 0.9037, 0.02936, 0.9037, -0.21051, 0.19545, 0.95785, -66.05959, -11.61457, -72.25323
2158, 660, -19.05045, -22.35405, 115.82098, 116.78236, 1.66926E-07, 1.66926E-07, 1.66926E-07, 1.00, 0.03926, 0.88833, 0.03926, 0.88833, -0.17833, 0.4027, 0.89779, -66.11205, -10.41513, -72.77264
2159, 661, -20.05708, -21.97339, 119.73243, 120.69251, NaN, NaN, NaN, 1.00, 0.09007, 0.88833, 0.09007, 0.88833, -0.39044, 0.32931, 0.85972, -70.0751, -10.41513, -73.55426
2160, 664, -18.51226, -24.00343, 115.87877, 116.84014, 1.67908E-07, 1.67908E-07, 1.67908E-07, 1.00, 0.02936, 0.9037, 0.02936, 0.9037, -0.21051, 0.19545, 0.95785, -66.05959, -11.61457, -72.25323
2161, 661, -20.05708, -21.97339, 119.73243, 120.69251, NaN, NaN, NaN, 1.00, 0.09007, 0.88833, 0.09007, 0.88833, -0.39044, 0.32931, 0.85972, -70.0751, -10.41513, -73.55426
2162, 665, -19.75406, -23.58205, 119.80415, 120.76421, NaN, NaN, NaN, 1.00, 0.08452, 0.90333, 0.08452, 0.90333, -0.39278, 0.16836, 0.90409, -70.04977, -11.58604, -73.26161
2163, 666, -18.36815, -28.56099, 114.70006, 115.66182, 1.67003E-07, 1.67003E-07, 1.67003E-07, 1.00, 0.01731, 0.95368, 0.01731, 0.95368, -0.17683, 0.06863, 0.98185, -64.64543, -14.83444, -72.18293
2164, 664, -18.51226, -24.00343, 115.87877, 116.84014, 1.67908E-07, 1.67908E-07, 1.67908E-07, 1.00, 0.02936, 0.9037, 0.02936, 0.9037, -0.21051, 0.19545, 0.95785, -66.05959, -11.61457, -72.25323
2165, 667, -19.53325, -28.33254, 119.63833, 120.59845, NaN, NaN, NaN, 1.00, 0.07944, 0.95603, 0.07944, 0.95603, -0.43633, 0.03377, 0.89915, -69.6309, -15.01717, -73.06802
2166, 664, -18.51226, -24.00343, 115.87877, 116.84014, 1.67908E-07, 1.67908E-07, 1.67908E-07, 1.00, 0.02936, 0.9037, 0.02936, 0.9037, -0.21051, 0.19545, 0.95785, -66.05959, -11.61457, -72.25323
2167, 665, -19.75406, -23.58205, 119.80415, 120.76421, NaN, NaN, NaN, 1.00, 0.08452, 0.90333, 0.08452, 0.90333, -0.39278, 0.16836, 0.90409, -70.04977, -11.58604, -73.26161
2168, 667, -19.53325, -28.33254, 119.63833, 120.59845, NaN, NaN, NaN, 1.00, 0.07944, 0.95603, 0.07944, 0.95603, -0.43633, 0.03377, 0.89915, -69.6309, -15.01717, -73.06802
2169, 667, -19.53325, -28.33254, 119.63833, 120.59845, NaN, NaN, NaN, 1.00, 0.07944, 0.95603, 0.07944, 0.95603, -0.43633, 0.03377, 0.89915, -69.6309, -15.01717, -73.06802
2170, 665, -19.75406, -23.58205, 119.80415, 120.76421, NaN, NaN, NaN, 1.00, 0.08452, 0.90333, 0.08452, 0.90333, -0.39278, 0.16836, 0.90409, -70.04977, -11.58604, -73.26161
2171, 668, -21.19806, -23.44054, 121.76389, 122.7233, NaN, NaN, NaN, 1.00, 0.12686, 0.90379, 0.12686, 0.90379, -0.7207, 0.16986, 0.67212, -72.0775, -11.6217, -74.56252
2172, 669, -21.3245, -28.02513, 121.4493, 122.40881, NaN, NaN, NaN, 1.00, 0.12686, 0.95481, 0.12686, 0.95481, -0.80957, -0.09064, 0.57999, -71.53545, -14.92211, -74.71178
2173, 667, -19.53325, -28.33254, 119.63833, 120.59845, NaN, NaN, NaN, 1.00, 0.07944, 0.95603, 0.07944, 0.95603, -0.43633, 0.03377, 0.89915, -69.6309, -15.01717, -73.06802
2174, 668, -21.19806, -23.44054, 121.76389, 122.7233, NaN, NaN, NaN, 1.00, 0.12686, 0.90379, 0.12686, 0.90379, -0.7207, 0.16986, 0.67212, -72.0775, -11.6217, -74.56252
2175, 668, -21.19806, -23.44054, 121.76389, 122.7233, NaN, NaN, NaN, 1.00, 0.12686, 0.90379, 0.12686, 0.90379, -0.7207, 0.16986, 0.67212, -72.0775, -11.6217, -74.56252
2176, 661, -20.05708, -21.97339, 119.73243, 120.69251, NaN, NaN, NaN, 1.00, 0.09007, 0.88833, 0.09007, 0.88833, -0.39044, 0.32931, 0.85972, -70.0751, -10.41513, -73.55426
2177, 662, -21.41434, -21.82748, 121.23168, 122.19127, NaN, NaN, NaN, 1.00, 0.12702, 0.88833, 0.12702, 0.88833, -0.70912, 0.38472, 0.59088, -71.6403, -10.41513, -74.79377
2178, 665, -19.75406, -23.58205, 119.80415, 120.76421, NaN, NaN, NaN, 1.00, 0.08452, 0.90333, 0.08452, 0.90333, -0.39278, 0.16836, 0.90409, -70.04977, -11.58604, -73.26161
2179, 661, -20.05708, -21.97339, 119.73243, 120.69251, NaN, NaN, NaN, 1.00, 0.09007, 0.88833, 0.09007, 0.88833, -0.39044, 0.32931, 0.85972, -70.0751, -10.41513, -73.55426
2180, 668, -21.19806, -23.44054, 121.76389, 122.7233, NaN, NaN, NaN, 1.00, 0.12686, 0.90379, 0.12686, 0.90379, -0.7207, 0.16986, 0.67212, -72.0775, -11.6217, -74.56252
2181, 670, -24.35533, -28.00147, 122.77084, 123.72992, NaN, NaN, NaN, 1.00, 0.19239, 0.95578, 0.19239, 0.95578, -0.88977, -0.05266, 0.45336, -72.99696, -14.99818, -77.57956
2182, 668, -21.19806, -23.44054, 121.76389, 122.7233, NaN, NaN, NaN, 1.00, 0.12686, 0.90379, 0.12686, 0.90379, -0.7207, 0.16986, 0.67212, -72.0775, -11.6217, -74.56252
2183, 671, -24.17863, -23.24319, 123.18523, 124.14417, NaN, NaN, NaN, 1.00, 0.19239, 0.90324, 0.19239, 0.90324, -0.85638, 0.27606, 0.43635, -73.6449, -11.57893, -77.37635
2184, 668, -21.19806, -23.44054, 121.76389, 122.7233, NaN, NaN, NaN, 1.00, 0.12686, 0.90379, 0.12686, 0.90379, -0.7207, 0.16986, 0.67212, -72.0775, -11.6217, -74.56252
2185, 670, -24.35533, -28.00147, 122.77084, 123.72992, NaN, NaN, NaN, 1.00, 0.19239, 0.95578, 0.19239, 0.95578, -0.88977, -0.05266, 0.45336, -72.99696, -14.99818, -77.57956
2186, 669, -21.3245, -28.02513, 121.4493, 122.40881, NaN, NaN, NaN, 1.00, 0.12686, 0.95481, 0.12686, 0.95481, -0.80957, -0.09064, 0.57999, -71.53545, -14.92211, -74.71178
2187, 671, -24.17863, -23.24319, 123.18523, 124.14417, NaN, NaN, NaN, 1.00, 0.19239, 0.90324, 0.19239, 0.90324, -0.85638, 0.27606, 0.43635, -73.6449, -11.57893, -77.37635
2188, 662, -21.41434, -21.82748, 121.23168, 122.19127, NaN, NaN, NaN, 1.00, 0.12702, 0.88833, 0.12702, 0.88833, -0.70912, 0.38472, 0.59088, -71.6403, -10.41513, -74.79377
2189, 663, -24.40619, -21.69302, 122.61337, 123.57249, NaN, NaN, NaN, 1.00, 0.19239, 0.88833, 0.19239, 0.88833, -0.80272, 0.434, 0.40901, -73.16551, -10.41513, -77.62061
2190, 668, -21.19806, -23.44054, 121.76389, 122.7233, NaN, NaN, NaN, 1.00, 0.12686, 0.90379, 0.12686, 0.90379, -0.7207, 0.16986, 0.67212, -72.0775, -11.6217, -74.56252
2191, 662, -21.41434, -21.82748, 121.23168, 122.19127, NaN, NaN, NaN, 1.00, 0.12702, 0.88833, 0.12702, 0.88833, -0.70912, 0.38472, 0.59088, -71.6403, -10.41513, -74.79377
2192, 671, -24.17863, -23.24319, 123.18523, 124.14417, NaN, NaN, NaN, 1.00, 0.19239, 0.90324, 0.19239, 0.90324, -0.85638, 0.27606, 0.43635, -73.6449, -11.57893, -77.37635
2193, 672, -18.04906, -33.29536, 115.10064, 116.06226, 1.59832E-07, 1.59832E-07, 1.59832E-07, 1.00, 0.00937, 0.99597, 0.00937, 0.99597, -0.25422, -0.17428, 0.95131, -64.78683, -18.29385, -71.8665
2194, 666, -18.36815, -28.56099, 114.70006, 115.66182, 1.67003E-07, 1.67003E-07, 1.67003E-07, 1.00, 0.01731, 0.95368, 0.01731, 0.95368, -0.17683, 0.06863, 0.98185, -64.64543, -14.83444, -72.18293
2195, 667, -19.53325, -28.33254, 119.63833, 120.59845, NaN, NaN, NaN, 1.00, 0.07944, 0.95603, 0.07944, 0.95603, -0.43633, 0.03377, 0.89915, -69.6309, -15.01717, -73.06802
2196, 672, -18.04906, -33.29536, 115.10064, 116.06226, 1.59832E-07, 1.59832E-07, 1.59832E-07, 1.00, 0.00937, 0.99597, 0.00937, 0.99597, -0.25422, -0.17428, 0.95131, -64.78683, -18.29385, -71.8665
2197, 667, -19.53325, -28.33254, 119.63833, 120.59845, NaN, NaN, NaN, 1.00, 0.07944, 0.95603, 0.07944, 0.95603, -0.43633, 0.03377, 0.89915, -69.6309, -15.01717, -73.06802
2198, 673, -19.81068, -36.25107, 118.93475, 119.8951, NaN, NaN, NaN, 1.00, 0.06986, 0.99604, 0.06986, 0.99604, -0.44357, -0.39089, 0.8065, -68.53792, -20.70636, -73.3908
2199, 674, -21.9411, -37.13511, 120.21297, 121.1729, NaN, NaN, NaN, 1.00, 0.1188, 0.99611, 0.1188, 0.99611, -0.59651, -0.6075, 0.52452, -69.867, -21.4372, -75.39178
2200, 667, -19.53325, -28.33254, 119.63833, 120.59845, NaN, NaN, NaN, 1.00, 0.07944, 0.95603, 0.07944, 0.95603, -0.43633, 0.03377, 0.89915, -69.6309, -15.01717, -73.06802
2201, 669, -21.3245, -28.02513, 121.4493, 122.40881, NaN, NaN, NaN, 1.00, 0.12686, 0.95481, 0.12686, 0.95481, -0.80957, -0.09064, 0.57999, -71.53545, -14.92211, -74.71178
2202, 674, -21.9411, -37.13511, 120.21297, 121.1729, NaN, NaN, NaN, 1.00, 0.1188, 0.99611, 0.1188, 0.99611, -0.59651, -0.6075, 0.52452, -69.867, -21.4372, -75.39178
2203, 673, -19.81068, -36.25107, 118.93475, 119.8951, NaN, NaN, NaN, 1.00, 0.06986, 0.99604, 0.06986, 0.99604, -0.44357, -0.39089, 0.8065, -68.53792, -20.70636, -73.3908
2204, 667, -19.53325, -28.33254, 119.63833, 120.59845, NaN, NaN, NaN, 1.00, 0.07944, 0.95603, 0.07944, 0.95603, -0.43633, 0.03377, 0.89915, -69.6309, -15.01717, -73.06802
2205, 675, -24.64853, -32.3639, 122.36094, 123.32014, NaN, NaN, NaN, 1.00, 0.19239, 0.99593, 0.19239, 0.99593, -0.87279, -0.20118, 0.44471, -72.37929, -18.13085, -77.89428
2206, 669, -21.3245, -28.02513, 121.4493, 122.40881, NaN, NaN, NaN, 1.00, 0.12686, 0.95481, 0.12686, 0.95481, -0.80957, -0.09064, 0.57999, -71.53545, -14.92211, -74.71178
2207, 670, -24.35533, -28.00147, 122.77084, 123.72992, NaN, NaN, NaN, 1.00, 0.19239, 0.95578, 0.19239, 0.95578, -0.88977, -0.05266, 0.45336, -72.99696, -14.99818, -77.57956
2208, 669, -21.3245, -28.02513, 121.4493, 122.40881, NaN, NaN, NaN, 1.00, 0.12686, 0.95481, 0.12686, 0.95481, -0.80957, -0.09064, 0.57999, -71.53545, -14.92211, -74.71178
2209, 675, -24.64853, -32.3639, 122.36094, 123.32014, NaN, NaN, NaN, 1.00, 0.19239, 0.99593, 0.19239, 0.99593, -0.87279, -0.20118, 0.44471, -72.37929, -18.13085, -77.89428
2210, 674, -21.9411, -37.13511, 120.21297, 121.1729, NaN, NaN, NaN, 1.00, 0.1188, 0.99611, 0.1188, 0.99611, -0.59651, -0.6075, 0.52452, -69.867, -21.4372, -75.39178
2211, 676, -34.00722, 10.71478, 110.40828, 111.37147, NaN, NaN, NaN, 1.00, 0.26807, 0.56472, 0.26807, 0.56472, 0.02457, 0.91073, -0.41228, -63.12516, 13.93267, -87.42582
2212, 677, -40.9459, 4.02224, 112.32229, 113.28484, NaN, NaN, NaN, 1.00, 0.37774, 0.58912, 0.37774, 0.58912, 0.65824, 0.66973, -0.34378, -65.01864, 8.94737, -94.06257
2213, 678, -38.37915, 7.23224, 113.25824, 114.22048, NaN, NaN, NaN, 1.00, 0.3779, 0.58894, 0.3779, 0.58894, 0.53196, 0.84472, 0.05891, -65.99316, 11.20775, -91.52522
2214, 679, -32.61993, -14.73739, 121.73943, 122.69884, 8.99461E-08, 8.99461E-08, 8.99461E-08, 1.00, 0.33243, 0.84249, 0.33243, 0.84249, -0.89326, -0.17211, -0.41529, -73.04163, -5.31252, -85.59312
2215, 680, -32.77657, -20.05428, 121.46545, 122.42496, NaN, NaN, NaN, 1.00, 0.33412, 0.87207, 0.33412, 0.87207, -0.90343, 0.1786, -0.38976, -72.504, -9.14651, -85.77147
2216, 681, -29.07277, -19.43289, 123.13252, 124.09148, NaN, NaN, NaN, 1.00, 0.28162, 0.8678, 0.28162, 0.8678, -0.9717, 0.11065, -0.20868, -74.02012, -8.81376, -82.1047
2217, 679, -32.61993, -14.73739, 121.73943, 122.69884, 8.99461E-08, 8.99461E-08, 8.99461E-08, 1.00, 0.33243, 0.84249, 0.33243, 0.84249, -0.89326, -0.17211, -0.41529, -73.04163, -5.31252, -85.59312
2218, 681, -29.07277, -19.43289, 123.13252, 124.09148, NaN, NaN, NaN, 1.00, 0.28162, 0.8678, 0.28162, 0.8678, -0.9717, 0.11065, -0.20868, -74.02012, -8.81376, -82.1047
2219, 682, -29.67369, -13.67408, 123.45944, 124.41828, NaN, NaN, NaN, 1.00, 0.29348, 0.83742, 0.29348, 0.83742, -0.92658, -0.21895, -0.30581, -74.66912, -4.66322, -82.65564
2220, 679, -32.61993, -14.73739, 121.73943, 122.69884, 8.99461E-08, 8.99461E-08, 8.99461E-08, 1.00, 0.33243, 0.84249, 0.33243, 0.84249, -0.89326, -0.17211, -0.41529, -73.04163, -5.31252, -85.59312
2221, 682, -29.67369, -13.67408, 123.45944, 124.41828, NaN, NaN, NaN, 1.00, 0.29348, 0.83742, 0.29348, 0.83742, -0.92658, -0.21895, -0.30581, -74.66912, -4.66322, -82.65564
2222, 683, -33.6488, -11.9923, 121.84579, 122.80516, 8.97462E-08, 8.97462E-08, 8.97462E-08, 1.00, 0.35275, 0.8169, 0.35275, 0.8169, -0.78248, -0.29696, -0.5473, -73.33702, -3.33057, -86.57652
2223, 683, -33.6488, -11.9923, 121.84579, 122.80516, 8.97462E-08, 8.97462E-08, 8.97462E-08, 1.00, 0.35275, 0.8169, 0.35275, 0.8169, -0.78248, -0.29696, -0.5473, -73.33702, -3.33057, -86.57652
2224, 682, -29.67369, -13.67408, 123.45944, 124.41828, NaN, NaN, NaN, 1.00, 0.29348, 0.83742, 0.29348, 0.83742, -0.92658, -0.21895, -0.30581, -74.66912, -4.66322, -82.65564
2225, 684, -30.36574, -11.64598, 123.50903, 124.46786, NaN, NaN, NaN, 1.00, 0.30702, 0.8185, 0.30702, 0.8185, -0.95694, -0.22749, -0.18031, -74.85525, -3.19689, -83.31772
2226, 683, -33.6488, -11.9923, 121.84579, 122.80516, 8.97462E-08, 8.97462E-08, 8.97462E-08, 1.00, 0.35275, 0.8169, 0.35275, 0.8169, -0.78248, -0.29696, -0.5473, -73.33702, -3.33057, -86.57652
2227, 684, -30.36574, -11.64598, 123.50903, 124.46786, NaN, NaN, NaN, 1.00, 0.30702, 0.8185, 0.30702, 0.8185, -0.95694, -0.22749, -0.18031, -74.85525, -3.19689, -83.31772
2228, 685, -36.38763, 2.31184, 121.79943, 122.75883, NaN, NaN, NaN, 1.00, 0.3719, 0.70971, 0.3719, 0.70971, -0.69215, 0.69345, 0.20013, -74.15339, 7.03937, -89.19278
2229, 686, -36.01698, -2.34437, 118.29735, 119.2579, 8.94330E-08, 8.94330E-08, 8.94330E-08, 1.00, 0.36512, 0.71244, 0.36512, 0.71244, -0.3229, -0.25098, -0.91255, -70.40939, 3.91187, -89.01721
2230, 683, -33.6488, -11.9923, 121.84579, 122.80516, 8.97462E-08, 8.97462E-08, 8.97462E-08, 1.00, 0.35275, 0.8169, 0.35275, 0.8169, -0.78248, -0.29696, -0.5473, -73.33702, -3.33057, -86.57652
2231, 685, -36.38763, 2.31184, 121.79943, 122.75883, NaN, NaN, NaN, 1.00, 0.3719, 0.70971, 0.3719, 0.70971, -0.69215, 0.69345, 0.20013, -74.15339, 7.03937, -89.19278
2232, 687, -27.52717, -13.48553, 123.85073, 124.80944, NaN, NaN, NaN, 1.00, 0.25791, 0.83751, 0.25791, 0.83751, -0.96845, -0.07559, 0.23746, -74.96646, -4.55418, -80.55914
2233, 681, -29.07277, -19.43289, 123.13252, 124.09148, NaN, NaN, NaN, 1.00, 0.28162, 0.8678, 0.28162, 0.8678, -0.9717, 0.11065, -0.20868, -74.02012, -8.81376, -82.1047
2234, 688, -27.57508, -19.55842, 123.12056, 124.07951, NaN, NaN, NaN, 1.00, 0.25453, 0.86896, 0.25453, 0.86896, -0.93683, 0.15312, 0.31449, -73.93058, -8.90389, -80.65651
2235, 681, -29.07277, -19.43289, 123.13252, 124.09148, NaN, NaN, NaN, 1.00, 0.28162, 0.8678, 0.28162, 0.8678, -0.9717, 0.11065, -0.20868, -74.02012, -8.81376, -82.1047
2236, 687, -27.52717, -13.48553, 123.85073, 124.80944, NaN, NaN, NaN, 1.00, 0.25791, 0.83751, 0.25791, 0.83751, -0.96845, -0.07559, 0.23746, -74.96646, -4.55418, -80.55914
2237, 682, -29.67369, -13.67408, 123.45944, 124.41828, NaN, NaN, NaN, 1.00, 0.29348, 0.83742, 0.29348, 0.83742, -0.92658, -0.21895, -0.30581, -74.66912, -4.66322, -82.65564
2238, 682, -29.67369, -13.67408, 123.45944, 124.41828, NaN, NaN, NaN, 1.00, 0.29348, 0.83742, 0.29348, 0.83742, -0.92658, -0.21895, -0.30581, -74.66912, -4.66322, -82.65564
2239, 687, -27.52717, -13.48553, 123.85073, 124.80944, NaN, NaN, NaN, 1.00, 0.25791, 0.83751, 0.25791, 0.83751, -0.96845, -0.07559, 0.23746, -74.96646, -4.55418, -80.55914
2240, 684, -30.36574, -11.64598, 123.50903, 124.46786, NaN, NaN, NaN, 1.00, 0.30702, 0.8185, 0.30702, 0.8185, -0.95694, -0.22749, -0.18031, -74.85525, -3.19689, -83.31772
2241, 684, -30.36574, -11.64598, 123.50903, 124.46786, NaN, NaN, NaN, 1.00, 0.30702, 0.8185, 0.30702, 0.8185, -0.95694, -0.22749, -0.18031, -74.85525, -3.19689, -83.31772
2242, 687, -27.52717, -13.48553, 123.85073, 124.80944, NaN, NaN, NaN, 1.00, 0.25791, 0.83751, 0.25791, 0.83751, -0.96845, -0.07559, 0.23746, -74.96646, -4.55418, -80.55914
2243, 689, -27.68053, -11.07832, 123.62515, 124.58393, NaN, NaN, NaN, 1.00, 0.25961, 0.81486, 0.25961, 0.81486, -0.89688, -0.05259, 0.43913, -74.87232, -2.79368, -80.71251
2244, 684, -30.36574, -11.64598, 123.50903, 124.46786, NaN, NaN, NaN, 1.00, 0.30702, 0.8185, 0.30702, 0.8185, -0.95694, -0.22749, -0.18031, -74.85525, -3.19689, -83.31772
2245, 689, -27.68053, -11.07832, 123.62515, 124.58393, NaN, NaN, NaN, 1.00, 0.25961, 0.81486, 0.25961, 0.81486, -0.89688, -0.05259, 0.43913, -74.87232, -2.79368, -80.71251
2246, 685, -36.38763, 2.31184, 121.79943, 122.75883, NaN, NaN, NaN, 1.00, 0.3719, 0.70971, 0.3719, 0.70971, -0.69215, 0.69345, 0.20013, -74.15339, 7.03937, -89.19278
2247, 685, -36.38763, 2.31184, 121.79943, 122.75883, NaN, NaN, NaN, 1.00, 0.3719, 0.70971, 0.3719, 0.70971, -0.69215, 0.69345, 0.20013, -74.15339, 7.03937, -89.19278
2248, 689, -27.68053, -11.07832, 123.62515, 124.58393, NaN, NaN, NaN, 1.00, 0.25961, 0.81486, 0.25961, 0.81486, -0.89688, -0.05259, 0.43913, -74.87232, -2.79368, -80.71251
2249, 690, -31.91933, 4.30795, 119.93407, 120.89409, NaN, NaN, NaN, 1.00, 0.27485, 0.6832, 0.27485, 0.6832, -0.90273, 0.42354, 0.0754, -72.18535, 8.61758, -84.9557
2250, 685, -36.38763, 2.31184, 121.79943, 122.75883, NaN, NaN, NaN, 1.00, 0.3719, 0.70971, 0.3719, 0.70971, -0.69215, 0.69345, 0.20013, -74.15339, 7.03937, -89.19278
2251, 690, -31.91933, 4.30795, 119.93407, 120.89409, NaN, NaN, NaN, 1.00, 0.27485, 0.6832, 0.27485, 0.6832, -0.90273, 0.42354, 0.0754, -72.18535, 8.61758, -84.9557
2252, 691, -37.50804, 2.80345, 119.40408, 120.36427, NaN, NaN, NaN, 1.00, 0.37811, 0.67494, 0.37811, 0.67494, -0.89178, 0.43055, -0.13914, -71.8461, 7.5646, -90.39281
2253, 691, -37.50804, 2.80345, 119.40408, 120.36427, NaN, NaN, NaN, 1.00, 0.37811, 0.67494, 0.37811, 0.67494, -0.89178, 0.43055, -0.13914, -71.8461, 7.5646, -90.39281
2254, 690, -31.91933, 4.30795, 119.93407, 120.89409, NaN, NaN, NaN, 1.00, 0.27485, 0.6832, 0.27485, 0.6832, -0.90273, 0.42354, 0.0754, -72.18535, 8.61758, -84.9557
2255, 692, -37.31348, 7.28358, 115.11073, 116.07235, NaN, NaN, NaN, 1.00, 0.37774, 0.61106, 0.37774, 0.61106, -0.11928, 0.85809, 0.49945, -67.79017, 11.1143, -90.40336
2256, 692, -37.31348, 7.28358, 115.11073, 116.07235, NaN, NaN, NaN, 1.00, 0.37774, 0.61106, 0.37774, 0.61106, -0.11928, 0.85809, 0.49945, -67.79017, 11.1143, -90.40336
2257, 690, -31.91933, 4.30795, 119.93407, 120.89409, NaN, NaN, NaN, 1.00, 0.27485, 0.6832, 0.27485, 0.6832, -0.90273, 0.42354, 0.0754, -72.18535, 8.61758, -84.9557
2258, 693, -33.23436, 10.20294, 117.47623, 118.43706, NaN, NaN, NaN, 1.00, 0.27654, 0.6179, 0.27654, 0.6179, -0.72457, 0.68911, -0.01065, -70.10172, 13.06322, -86.3335
2259, 692, -37.31348, 7.28358, 115.11073, 116.07235, NaN, NaN, NaN, 1.00, 0.37774, 0.61106, 0.37774, 0.61106, -0.11928, 0.85809, 0.49945, -67.79017, 11.1143, -90.40336
2260, 693, -33.23436, 10.20294, 117.47623, 118.43706, NaN, NaN, NaN, 1.00, 0.27654, 0.6179, 0.27654, 0.6179, -0.72457, 0.68911, -0.01065, -70.10172, 13.06322, -86.3335
2261, 694, -33.80768, 11.61657, 115.16033, 116.12194, NaN, NaN, NaN, 1.00, 0.27654, 0.59, 0.27654, 0.59, -0.3196, 0.93065, -0.17818, -67.89478, 14.25107, -86.99797
2262, 692, -37.31348, 7.28358, 115.11073, 116.07235, NaN, NaN, NaN, 1.00, 0.37774, 0.61106, 0.37774, 0.61106, -0.11928, 0.85809, 0.49945, -67.79017, 11.1143, -90.40336
2263, 694, -33.80768, 11.61657, 115.16033, 116.12194, NaN, NaN, NaN, 1.00, 0.27654, 0.59, 0.27654, 0.59, -0.3196, 0.93065, -0.17818, -67.89478, 14.25107, -86.99797
2264, 678, -38.37915, 7.23224, 113.25824, 114.22048, NaN, NaN, NaN, 1.00, 0.3779, 0.58894, 0.3779, 0.58894, 0.53196, 0.84472, 0.05891, -65.99316, 11.20775, -91.52522
2265, 676, -34.00722, 10.71478, 110.40828, 111.37147, NaN, NaN, NaN, 1.00, 0.26807, 0.56472, 0.26807, 0.56472, 0.02457, 0.91073, -0.41228, -63.12516, 13.93267, -87.42582
2266, 678, -38.37915, 7.23224, 113.25824, 114.22048, NaN, NaN, NaN, 1.00, 0.3779, 0.58894, 0.3779, 0.58894, 0.53196, 0.84472, 0.05891, -65.99316, 11.20775, -91.52522
2267, 694, -33.80768, 11.61657, 115.16033, 116.12194, NaN, NaN, NaN, 1.00, 0.27654, 0.59, 0.27654, 0.59, -0.3196, 0.93065, -0.17818, -67.89478, 14.25107, -86.99797
2268, 687, -27.52717, -13.48553, 123.85073, 124.80944, NaN, NaN, NaN, 1.00, 0.25791, 0.83751, 0.25791, 0.83751, -0.96845, -0.07559, 0.23746, -74.96646, -4.55418, -80.55914
2269, 653, -24.7711, -19.70957, 121.72216, 122.68158, NaN, NaN, NaN, 1.00, 0.19239, 0.8691, 0.19239, 0.8691, -0.889, 0.06707, 0.45297, -72.39679, -8.9148, -78.01229
2270, 654, -24.81887, -13.70712, 121.81985, 122.77923, NaN, NaN, NaN, 1.00, 0.19239, 0.83712, 0.19239, 0.83712, -0.89328, 0.08016, 0.44229, -72.80367, -4.57152, -78.03864
2271, 688, -27.57508, -19.55842, 123.12056, 124.07951, NaN, NaN, NaN, 1.00, 0.25453, 0.86896, 0.25453, 0.86896, -0.93683, 0.15312, 0.31449, -73.93058, -8.90389, -80.65651
2272, 653, -24.7711, -19.70957, 121.72216, 122.68158, NaN, NaN, NaN, 1.00, 0.19239, 0.8691, 0.19239, 0.8691, -0.889, 0.06707, 0.45297, -72.39679, -8.9148, -78.01229
2273, 687, -27.52717, -13.48553, 123.85073, 124.80944, NaN, NaN, NaN, 1.00, 0.25791, 0.83751, 0.25791, 0.83751, -0.96845, -0.07559, 0.23746, -74.96646, -4.55418, -80.55914
2274, 689, -27.68053, -11.07832, 123.62515, 124.58393, NaN, NaN, NaN, 1.00, 0.25961, 0.81486, 0.25961, 0.81486, -0.89688, -0.05259, 0.43913, -74.87232, -2.79368, -80.71251
2275, 654, -24.81887, -13.70712, 121.81985, 122.77923, NaN, NaN, NaN, 1.00, 0.19239, 0.83712, 0.19239, 0.83712, -0.89328, 0.08016, 0.44229, -72.80367, -4.57152, -78.03864
2276, 655, -24.88594, -11.54666, 121.58734, 122.5468, NaN, NaN, NaN, 1.00, 0.19239, 0.81677, 0.19239, 0.81677, -0.8959, -0.00301, 0.44424, -72.68591, -2.98937, -78.10947
2277, 654, -24.81887, -13.70712, 121.81985, 122.77923, NaN, NaN, NaN, 1.00, 0.19239, 0.83712, 0.19239, 0.83712, -0.89328, 0.08016, 0.44229, -72.80367, -4.57152, -78.03864
2278, 689, -27.68053, -11.07832, 123.62515, 124.58393, NaN, NaN, NaN, 1.00, 0.25961, 0.81486, 0.25961, 0.81486, -0.89688, -0.05259, 0.43913, -74.87232, -2.79368, -80.71251
2279, 687, -27.52717, -13.48553, 123.85073, 124.80944, NaN, NaN, NaN, 1.00, 0.25791, 0.83751, 0.25791, 0.83751, -0.96845, -0.07559, 0.23746, -74.96646, -4.55418, -80.55914
2280, 656, -27.96374, 5.05656, 118.42866, 119.38918, NaN, NaN, NaN, 1.00, 0.19239, 0.67902, 0.19239, 0.67902, -0.91885, 0.38128, 0.10167, -70.53629, 9.2663, -81.20021
2281, 689, -27.68053, -11.07832, 123.62515, 124.58393, NaN, NaN, NaN, 1.00, 0.25961, 0.81486, 0.25961, 0.81486, -0.89688, -0.05259, 0.43913, -74.87232, -2.79368, -80.71251
2282, 655, -24.88594, -11.54666, 121.58734, 122.5468, NaN, NaN, NaN, 1.00, 0.19239, 0.81677, 0.19239, 0.81677, -0.8959, -0.00301, 0.44424, -72.68591, -2.98937, -78.10947
2283, 690, -31.91933, 4.30795, 119.93407, 120.89409, NaN, NaN, NaN, 1.00, 0.27485, 0.6832, 0.27485, 0.6832, -0.90273, 0.42354, 0.0754, -72.18535, 8.61758, -84.9557
2284, 689, -27.68053, -11.07832, 123.62515, 124.58393, NaN, NaN, NaN, 1.00, 0.25961, 0.81486, 0.25961, 0.81486, -0.89688, -0.05259, 0.43913, -74.87232, -2.79368, -80.71251
2285, 656, -27.96374, 5.05656, 118.42866, 119.38918, NaN, NaN, NaN, 1.00, 0.19239, 0.67902, 0.19239, 0.67902, -0.91885, 0.38128, 0.10167, -70.53629, 9.2663, -81.20021
2286, 657, -29.44291, 11.84063, 115.18239, 116.14399, NaN, NaN, NaN, 1.00, 0.19239, 0.6012, 0.19239, 0.6012, -0.70938, 0.70482, -0.00351, -67.72074, 14.4119, -82.77317
2287, 690, -31.91933, 4.30795, 119.93407, 120.89409, NaN, NaN, NaN, 1.00, 0.27485, 0.6832, 0.27485, 0.6832, -0.90273, 0.42354, 0.0754, -72.18535, 8.61758, -84.9557
2288, 656, -27.96374, 5.05656, 118.42866, 119.38918, NaN, NaN, NaN, 1.00, 0.19239, 0.67902, 0.19239, 0.67902, -0.91885, 0.38128, 0.10167, -70.53629, 9.2663, -81.20021
2289, 693, -33.23436, 10.20294, 117.47623, 118.43706, NaN, NaN, NaN, 1.00, 0.27654, 0.6179, 0.27654, 0.6179, -0.72457, 0.68911, -0.01065, -70.10172, 13.06322, -86.3335
2290, 690, -31.91933, 4.30795, 119.93407, 120.89409, NaN, NaN, NaN, 1.00, 0.27485, 0.6832, 0.27485, 0.6832, -0.90273, 0.42354, 0.0754, -72.18535, 8.61758, -84.9557
2291, 657, -29.44291, 11.84063, 115.18239, 116.14399, NaN, NaN, NaN, 1.00, 0.19239, 0.6012, 0.19239, 0.6012, -0.70938, 0.70482, -0.00351, -67.72074, 14.4119, -82.77317
2292, 694, -33.80768, 11.61657, 115.16033, 116.12194, NaN, NaN, NaN, 1.00, 0.27654, 0.59, 0.27654, 0.59, -0.3196, 0.93065, -0.17818, -67.89478, 14.25107, -86.99797
2293, 693, -33.23436, 10.20294, 117.47623, 118.43706, NaN, NaN, NaN, 1.00, 0.27654, 0.6179, 0.27654, 0.6179, -0.72457, 0.68911, -0.01065, -70.10172, 13.06322, -86.3335
2294, 657, -29.44291, 11.84063, 115.18239, 116.14399, NaN, NaN, NaN, 1.00, 0.19239, 0.6012, 0.19239, 0.6012, -0.70938, 0.70482, -0.00351, -67.72074, 14.4119, -82.77317
2295, 658, -29.79428, 12.68611, 113.7449, 114.70699, NaN, NaN, NaN, 1.00, 0.19239, 0.58414, 0.19239, 0.58414, -0.25071, 0.95748, -0.14276, -66.34903, 15.12602, -83.18134
2296, 694, -33.80768, 11.61657, 115.16033, 116.12194, NaN, NaN, NaN, 1.00, 0.27654, 0.59, 0.27654, 0.59, -0.3196, 0.93065, -0.17818, -67.89478, 14.25107, -86.99797
2297, 657, -29.44291, 11.84063, 115.18239, 116.14399, NaN, NaN, NaN, 1.00, 0.19239, 0.6012, 0.19239, 0.6012, -0.70938, 0.70482, -0.00351, -67.72074, 14.4119, -82.77317
2298, 676, -34.00722, 10.71478, 110.40828, 111.37147, NaN, NaN, NaN, 1.00, 0.26807, 0.56472, 0.26807, 0.56472, 0.02457, 0.91073, -0.41228, -63.12516, 13.93267, -87.42582
2299, 694, -33.80768, 11.61657, 115.16033, 116.12194, NaN, NaN, NaN, 1.00, 0.27654, 0.59, 0.27654, 0.59, -0.3196, 0.93065, -0.17818, -67.89478, 14.25107, -86.99797
2300, 658, -29.79428, 12.68611, 113.7449, 114.70699, NaN, NaN, NaN, 1.00, 0.19239, 0.58414, 0.19239, 0.58414, -0.25071, 0.95748, -0.14276, -66.34903, 15.12602, -83.18134
2301, 659, -30.40989, 13.57698, 110.71268, 111.67577, NaN, NaN, NaN, 1.00, 0.19239, 0.55536, 0.19239, 0.55536, -0.30757, 0.94277, -0.12882, -63.40389, 15.98553, -83.9231
2302, 676, -34.00722, 10.71478, 110.40828, 111.37147, NaN, NaN, NaN, 1.00, 0.26807, 0.56472, 0.26807, 0.56472, 0.02457, 0.91073, -0.41228, -63.12516, 13.93267, -87.42582
2303, 658, -29.79428, 12.68611, 113.7449, 114.70699, NaN, NaN, NaN, 1.00, 0.19239, 0.58414, 0.19239, 0.58414, -0.25071, 0.95748, -0.14276, -66.34903, 15.12602, -83.18134
2304, 680, -32.77657, -20.05428, 121.46545, 122.42496, NaN, NaN, NaN, 1.00, 0.33412, 0.87207, 0.33412, 0.87207, -0.90343, 0.1786, -0.38976, -72.504, -9.14651, -85.77147
2305, 695, -33.21639, -21.7555, 121.97137, 122.93071, NaN, NaN, NaN, 1.00, 0.34551, 0.88833, 0.34551, 0.88833, -0.83115, 0.4027, -0.38344, -72.94168, -10.41513, -86.17654
2306, 681, -29.07277, -19.43289, 123.13252, 124.09148, NaN, NaN, NaN, 1.00, 0.28162, 0.8678, 0.28162, 0.8678, -0.9717, 0.11065, -0.20868, -74.02012, -8.81376, -82.1047
2307, 681, -29.07277, -19.43289, 123.13252, 124.09148, NaN, NaN, NaN, 1.00, 0.28162, 0.8678, 0.28162, 0.8678, -0.9717, 0.11065, -0.20868, -74.02012, -8.81376, -82.1047
2308, 695, -33.21639, -21.7555, 121.97137, 122.93071, NaN, NaN, NaN, 1.00, 0.34551, 0.88833, 0.34551, 0.88833, -0.83115, 0.4027, -0.38344, -72.94168, -10.41513, -86.17654
2309, 696, -29.52295, -21.57343, 123.84221, 124.80092, NaN, NaN, NaN, 1.00, 0.29471, 0.88833, 0.29471, 0.88833, -0.92502, 0.32931, -0.18946, -74.63875, -10.41513, -82.51093
2310, 681, -29.07277, -19.43289, 123.13252, 124.09148, NaN, NaN, NaN, 1.00, 0.28162, 0.8678, 0.28162, 0.8678, -0.9717, 0.11065, -0.20868, -74.02012, -8.81376, -82.1047
2311, 697, -27.46199, -21.57195, 123.85738, 124.81609, NaN, NaN, NaN, 1.00, 0.25776, 0.88833, 0.25776, 0.88833, -0.89484, 0.38472, 0.22638, -74.55597, -10.41513, -80.51609
2312, 688, -27.57508, -19.55842, 123.12056, 124.07951, NaN, NaN, NaN, 1.00, 0.25453, 0.86896, 0.25453, 0.86896, -0.93683, 0.15312, 0.31449, -73.93058, -8.90389, -80.65651
2313, 696, -29.52295, -21.57343, 123.84221, 124.80092, NaN, NaN, NaN, 1.00, 0.29471, 0.88833, 0.29471, 0.88833, -0.92502, 0.32931, -0.18946, -74.63875, -10.41513, -82.51093
2314, 697, -27.46199, -21.57195, 123.85738, 124.81609, NaN, NaN, NaN, 1.00, 0.25776, 0.88833, 0.25776, 0.88833, -0.89484, 0.38472, 0.22638, -74.55597, -10.41513, -80.51609
2315, 681, -29.07277, -19.43289, 123.13252, 124.09148, NaN, NaN, NaN, 1.00, 0.28162, 0.8678, 0.28162, 0.8678, -0.9717, 0.11065, -0.20868, -74.02012, -8.81376, -82.1047
2316, 688, -27.57508, -19.55842, 123.12056, 124.07951, NaN, NaN, NaN, 1.00, 0.25453, 0.86896, 0.25453, 0.86896, -0.93683, 0.15312, 0.31449, -73.93058, -8.90389, -80.65651
2317, 663, -24.40619, -21.69302, 122.61337, 123.57249, NaN, NaN, NaN, 1.00, 0.19239, 0.88833, 0.19239, 0.88833, -0.80272, 0.434, 0.40901, -73.16551, -10.41513, -77.62061
2318, 653, -24.7711, -19.70957, 121.72216, 122.68158, NaN, NaN, NaN, 1.00, 0.19239, 0.8691, 0.19239, 0.8691, -0.889, 0.06707, 0.45297, -72.39679, -8.9148, -78.01229
2319, 697, -27.46199, -21.57195, 123.85738, 124.81609, NaN, NaN, NaN, 1.00, 0.25776, 0.88833, 0.25776, 0.88833, -0.89484, 0.38472, 0.22638, -74.55597, -10.41513, -80.51609
2320, 663, -24.40619, -21.69302, 122.61337, 123.57249, NaN, NaN, NaN, 1.00, 0.19239, 0.88833, 0.19239, 0.88833, -0.80272, 0.434, 0.40901, -73.16551, -10.41513, -77.62061
2321, 688, -27.57508, -19.55842, 123.12056, 124.07951, NaN, NaN, NaN, 1.00, 0.25453, 0.86896, 0.25453, 0.86896, -0.93683, 0.15312, 0.31449, -73.93058, -8.90389, -80.65651
2322, 695, -33.21639, -21.7555, 121.97137, 122.93071, NaN, NaN, NaN, 1.00, 0.34551, 0.88833, 0.34551, 0.88833, -0.83115, 0.4027, -0.38344, -72.94168, -10.41513, -86.17654
2323, 698, -33.59465, -23.36616, 122.42706, 123.38625, NaN, NaN, NaN, 1.00, 0.35542, 0.9037, 0.35542, 0.9037, -0.89865, 0.19545, -0.39271, -73.33105, -11.61457, -86.52428
2324, 696, -29.52295, -21.57343, 123.84221, 124.80092, NaN, NaN, NaN, 1.00, 0.29471, 0.88833, 0.29471, 0.88833, -0.92502, 0.32931, -0.18946, -74.63875, -10.41513, -82.51093
2325, 696, -29.52295, -21.57343, 123.84221, 124.80092, NaN, NaN, NaN, 1.00, 0.29471, 0.88833, 0.29471, 0.88833, -0.92502, 0.32931, -0.18946, -74.63875, -10.41513, -82.51093
2326, 698, -33.59465, -23.36616, 122.42706, 123.38625, NaN, NaN, NaN, 1.00, 0.35542, 0.9037, 0.35542, 0.9037, -0.89865, 0.19545, -0.39271, -73.33105, -11.61457, -86.52428
2327, 699, -29.73267, -23.16042, 124.13654, 125.09516, NaN, NaN, NaN, 1.00, 0.30025, 0.90333, 0.30025, 0.90333, -0.96229, 0.16836, -0.21364, -74.86062, -11.58604, -82.70344
2328, 698, -33.59465, -23.36616, 122.42706, 123.38625, NaN, NaN, NaN, 1.00, 0.35542, 0.9037, 0.35542, 0.9037, -0.89865, 0.19545, -0.39271, -73.33105, -11.61457, -86.52428
2329, 700, -34.56464, -27.87664, 121.73206, 122.69147, 8.85325E-08, 8.85325E-08, 8.85325E-08, 1.00, 0.36746, 0.95368, 0.36746, 0.95368, -0.89827, 0.06863, -0.43406, -72.45403, -14.83444, -87.50816
2330, 701, -29.98186, -27.89105, 124.17479, 125.13339, NaN, NaN, NaN, 1.00, 0.30533, 0.95603, 0.30533, 0.95603, -0.9839, 0.03377, -0.17551, -74.66835, -15.01717, -82.95458
2331, 699, -29.73267, -23.16042, 124.13654, 125.09516, NaN, NaN, NaN, 1.00, 0.30025, 0.90333, 0.30025, 0.90333, -0.96229, 0.16836, -0.21364, -74.86062, -11.58604, -82.70344
2332, 698, -33.59465, -23.36616, 122.42706, 123.38625, NaN, NaN, NaN, 1.00, 0.35542, 0.9037, 0.35542, 0.9037, -0.89865, 0.19545, -0.39271, -73.33105, -11.61457, -86.52428
2333, 701, -29.98186, -27.89105, 124.17479, 125.13339, NaN, NaN, NaN, 1.00, 0.30533, 0.95603, 0.30533, 0.95603, -0.9839, 0.03377, -0.17551, -74.66835, -15.01717, -82.95458
2334, 699, -29.73267, -23.16042, 124.13654, 125.09516, NaN, NaN, NaN, 1.00, 0.30025, 0.90333, 0.30025, 0.90333, -0.96229, 0.16836, -0.21364, -74.86062, -11.58604, -82.70344
2335, 701, -29.98186, -27.89105, 124.17479, 125.13339, NaN, NaN, NaN, 1.00, 0.30533, 0.95603, 0.30533, 0.95603, -0.9839, 0.03377, -0.17551, -74.66835, -15.01717, -82.95458
2336, 702, -27.25995, -23.18441, 124.39577, 125.35429, NaN, NaN, NaN, 1.00, 0.25791, 0.90379, 0.25791, 0.90379, -0.96737, 0.16986, 0.188, -75.00004, -11.6217, -80.29832
2337, 701, -29.98186, -27.89105, 124.17479, 125.13339, NaN, NaN, NaN, 1.00, 0.30533, 0.95603, 0.30533, 0.95603, -0.9839, 0.03377, -0.17551, -74.66835, -15.01717, -82.95458
2338, 703, -27.38639, -27.769, 124.08117, 125.0398, NaN, NaN, NaN, 1.00, 0.25791, 0.95481, 0.25791, 0.95481, -0.94507, -0.09064, 0.31404, -74.45799, -14.92211, -80.44759
2339, 702, -27.25995, -23.18441, 124.39577, 125.35429, NaN, NaN, NaN, 1.00, 0.25791, 0.90379, 0.25791, 0.90379, -0.96737, 0.16986, 0.188, -75.00004, -11.6217, -80.29832
2340, 696, -29.52295, -21.57343, 123.84221, 124.80092, NaN, NaN, NaN, 1.00, 0.29471, 0.88833, 0.29471, 0.88833, -0.92502, 0.32931, -0.18946, -74.63875, -10.41513, -82.51093
2341, 702, -27.25995, -23.18441, 124.39577, 125.35429, NaN, NaN, NaN, 1.00, 0.25791, 0.90379, 0.25791, 0.90379, -0.96737, 0.16986, 0.188, -75.00004, -11.6217, -80.29832
2342, 697, -27.46199, -21.57195, 123.85738, 124.81609, NaN, NaN, NaN, 1.00, 0.25776, 0.88833, 0.25776, 0.88833, -0.89484, 0.38472, 0.22638, -74.55597, -10.41513, -80.51609
2343, 696, -29.52295, -21.57343, 123.84221, 124.80092, NaN, NaN, NaN, 1.00, 0.29471, 0.88833, 0.29471, 0.88833, -0.92502, 0.32931, -0.18946, -74.63875, -10.41513, -82.51093
2344, 699, -29.73267, -23.16042, 124.13654, 125.09516, NaN, NaN, NaN, 1.00, 0.30025, 0.90333, 0.30025, 0.90333, -0.96229, 0.16836, -0.21364, -74.86062, -11.58604, -82.70344
2345, 702, -27.25995, -23.18441, 124.39577, 125.35429, NaN, NaN, NaN, 1.00, 0.25791, 0.90379, 0.25791, 0.90379, -0.96737, 0.16986, 0.188, -75.00004, -11.6217, -80.29832
2346, 702, -27.25995, -23.18441, 124.39577, 125.35429, NaN, NaN, NaN, 1.00, 0.25791, 0.90379, 0.25791, 0.90379, -0.96737, 0.16986, 0.188, -75.00004, -11.6217, -80.29832
2347, 670, -24.35533, -28.00147, 122.77084, 123.72992, NaN, NaN, NaN, 1.00, 0.19239, 0.95578, 0.19239, 0.95578, -0.88977, -0.05266, 0.45336, -72.99696, -14.99818, -77.57956
2348, 671, -24.17863, -23.24319, 123.18523, 124.14417, NaN, NaN, NaN, 1.00, 0.19239, 0.90324, 0.19239, 0.90324, -0.85638, 0.27606, 0.43635, -73.6449, -11.57893, -77.37635
2349, 670, -24.35533, -28.00147, 122.77084, 123.72992, NaN, NaN, NaN, 1.00, 0.19239, 0.95578, 0.19239, 0.95578, -0.88977, -0.05266, 0.45336, -72.99696, -14.99818, -77.57956
2350, 702, -27.25995, -23.18441, 124.39577, 125.35429, NaN, NaN, NaN, 1.00, 0.25791, 0.90379, 0.25791, 0.90379, -0.96737, 0.16986, 0.188, -75.00004, -11.6217, -80.29832
2351, 703, -27.38639, -27.769, 124.08117, 125.0398, NaN, NaN, NaN, 1.00, 0.25791, 0.95481, 0.25791, 0.95481, -0.94507, -0.09064, 0.31404, -74.45799, -14.92211, -80.44759
2352, 697, -27.46199, -21.57195, 123.85738, 124.81609, NaN, NaN, NaN, 1.00, 0.25776, 0.88833, 0.25776, 0.88833, -0.89484, 0.38472, 0.22638, -74.55597, -10.41513, -80.51609
2353, 671, -24.17863, -23.24319, 123.18523, 124.14417, NaN, NaN, NaN, 1.00, 0.19239, 0.90324, 0.19239, 0.90324, -0.85638, 0.27606, 0.43635, -73.6449, -11.57893, -77.37635
2354, 663, -24.40619, -21.69302, 122.61337, 123.57249, NaN, NaN, NaN, 1.00, 0.19239, 0.88833, 0.19239, 0.88833, -0.80272, 0.434, 0.40901, -73.16551, -10.41513, -77.62061
2355, 697, -27.46199, -21.57195, 123.85738, 124.81609, NaN, NaN, NaN, 1.00, 0.25776, 0.88833, 0.25776, 0.88833, -0.89484, 0.38472, 0.22638, -74.55597, -10.41513, -80.51609
2356, 702, -27.25995, -23.18441, 124.39577, 125.35429, NaN, NaN, NaN, 1.00, 0.25791, 0.90379, 0.25791, 0.90379, -0.96737, 0.16986, 0.188, -75.00004, -11.6217, -80.29832
2357, 671, -24.17863, -23.24319, 123.18523, 124.14417, NaN, NaN, NaN, 1.00, 0.19239, 0.90324, 0.19239, 0.90324, -0.85638, 0.27606, 0.43635, -73.6449, -11.57893, -77.37635
2358, 700, -34.56464, -27.87664, 121.73206, 122.69147, 8.85325E-08, 8.85325E-08, 8.85325E-08, 1.00, 0.36746, 0.95368, 0.36746, 0.95368, -0.89827, 0.06863, -0.43406, -72.45403, -14.83444, -87.50816
2359, 704, -33.89112, -30.22512, 122.51881, 123.47796, NaN, NaN, NaN, 1.00, 0.3754, 0.99597, 0.3754, 0.99597, -0.92368, 0.32894, -0.19651, -73.08535, -16.59194, -86.8239
2360, 701, -29.98186, -27.89105, 124.17479, 125.13339, NaN, NaN, NaN, 1.00, 0.30533, 0.95603, 0.30533, 0.95603, -0.9839, 0.03377, -0.17551, -74.66835, -15.01717, -82.95458
2361, 701, -29.98186, -27.89105, 124.17479, 125.13339, NaN, NaN, NaN, 1.00, 0.30533, 0.95603, 0.30533, 0.95603, -0.9839, 0.03377, -0.17551, -74.66835, -15.01717, -82.95458
2362, 704, -33.89112, -30.22512, 122.51881, 123.47796, NaN, NaN, NaN, 1.00, 0.3754, 0.99597, 0.3754, 0.99597, -0.92368, 0.32894, -0.19651, -73.08535, -16.59194, -86.8239
2363, 705, -29.78162, -32.67573, 124.3106, 125.26917, NaN, NaN, NaN, 1.00, 0.31491, 0.99604, 0.31491, 0.99604, -0.99191, 0.1206, 0.03952, -74.54913, -18.49435, -82.76622
2364, 701, -29.98186, -27.89105, 124.17479, 125.13339, NaN, NaN, NaN, 1.00, 0.30533, 0.95603, 0.30533, 0.95603, -0.9839, 0.03377, -0.17551, -74.66835, -15.01717, -82.95458
2365, 706, -27.59257, -34.39795, 123.82312, 124.78184, NaN, NaN, NaN, 1.00, 0.26598, 0.99611, 0.26598, 0.99611, -0.93965, -0.15671, 0.30414, -73.87138, -19.70812, -80.67637
2366, 703, -27.38639, -27.769, 124.08117, 125.0398, NaN, NaN, NaN, 1.00, 0.25791, 0.95481, 0.25791, 0.95481, -0.94507, -0.09064, 0.31404, -74.45799, -14.92211, -80.44759
2367, 705, -29.78162, -32.67573, 124.3106, 125.26917, NaN, NaN, NaN, 1.00, 0.31491, 0.99604, 0.31491, 0.99604, -0.99191, 0.1206, 0.03952, -74.54913, -18.49435, -82.76622
2368, 706, -27.59257, -34.39795, 123.82312, 124.78184, NaN, NaN, NaN, 1.00, 0.26598, 0.99611, 0.26598, 0.99611, -0.93965, -0.15671, 0.30414, -73.87138, -19.70812, -80.67637
2369, 701, -29.98186, -27.89105, 124.17479, 125.13339, NaN, NaN, NaN, 1.00, 0.30533, 0.95603, 0.30533, 0.95603, -0.9839, 0.03377, -0.17551, -74.66835, -15.01717, -82.95458
2370, 703, -27.38639, -27.769, 124.08117, 125.0398, NaN, NaN, NaN, 1.00, 0.25791, 0.95481, 0.25791, 0.95481, -0.94507, -0.09064, 0.31404, -74.45799, -14.92211, -80.44759
2371, 675, -24.64853, -32.3639, 122.36094, 123.32014, NaN, NaN, NaN, 1.00, 0.19239, 0.99593, 0.19239, 0.99593, -0.87279, -0.20118, 0.44471, -72.37929, -18.13085, -77.89428
2372, 670, -24.35533, -28.00147, 122.77084, 123.72992, NaN, NaN, NaN, 1.00, 0.19239, 0.95578, 0.19239, 0.95578, -0.88977, -0.05266, 0.45336, -72.99696, -14.99818, -77.57956
2373, 675, -24.64853, -32.3639, 122.36094, 123.32014, NaN, NaN, NaN, 1.00, 0.19239, 0.99593, 0.19239, 0.99593, -0.87279, -0.20118, 0.44471, -72.37929, -18.13085, -77.89428
2374, 703, -27.38639, -27.769, 124.08117, 125.0398, NaN, NaN, NaN, 1.00, 0.25791, 0.95481, 0.25791, 0.95481, -0.94507, -0.09064, 0.31404, -74.45799, -14.92211, -80.44759
2375, 706, -27.59257, -34.39795, 123.82312, 124.78184, NaN, NaN, NaN, 1.00, 0.26598, 0.99611, 0.26598, 0.99611, -0.93965, -0.15671, 0.30414, -73.87138, -19.70812, -80.67637
2376, 707, -24.23532, -16.68303, 111.62404, 112.58682, NaN, NaN, NaN, 1.00, 0.73749, 0.84695, 0.73749, 0.84695, 0.90395, -0.33229, 0.26918, -62.46881, -6.00915, -77.98038
2377, 708, -29.16727, -21.39577, 112.30045, 113.26302, NaN, NaN, NaN, 1.00, 0.63385, 0.87519, 0.63385, 0.87519, 0.89048, 0.03444, -0.45372, -63.13565, -9.47233, -82.73108
2378, 709, -29.05934, -16.32961, 112.48604, 113.44853, NaN, NaN, NaN, 1.00, 0.63385, 0.84348, 0.63385, 0.84348, 0.80851, -0.43398, -0.39747, -63.57473, -5.81381, -82.60483
2379, 708, -29.16727, -21.39577, 112.30045, 113.26302, NaN, NaN, NaN, 1.00, 0.63385, 0.87519, 0.63385, 0.87519, 0.89048, 0.03444, -0.45372, -63.13565, -9.47233, -82.73108
2380, 707, -24.23532, -16.68303, 111.62404, 112.58682, NaN, NaN, NaN, 1.00, 0.73749, 0.84695, 0.73749, 0.84695, 0.90395, -0.33229, 0.26918, -62.46881, -6.00915, -77.98038
2381, 710, -23.88521, -21.02925, 111.34862, 112.31149, NaN, NaN, NaN, 1.00, 0.74539, 0.87156, 0.74539, 0.87156, 0.93524, 0.16224, 0.31466, -61.95533, -9.13957, -77.66603
2382, 709, -29.05934, -16.32961, 112.48604, 113.44853, NaN, NaN, NaN, 1.00, 0.63385, 0.84348, 0.63385, 0.84348, 0.80851, -0.43398, -0.39747, -63.57473, -5.81381, -82.60483
2383, 711, -29.64448, -14.23983, 111.10356, 112.06653, NaN, NaN, NaN, 1.00, 0.63385, 0.82468, 0.63385, 0.82468, 0.82965, -0.38067, -0.40837, -62.33263, -4.20177, -83.23337
2384, 712, -23.21068, -13.93841, 109.89252, 110.85588, NaN, NaN, NaN, 1.00, 0.73768, 0.82474, 0.73768, 0.82474, 0.91764, -0.36434, 0.15874, -60.83608, -3.89791, -77.0668
2385, 709, -29.05934, -16.32961, 112.48604, 113.44853, NaN, NaN, NaN, 1.00, 0.63385, 0.84348, 0.63385, 0.84348, 0.80851, -0.43398, -0.39747, -63.57473, -5.81381, -82.60483
2386, 712, -23.21068, -13.93841, 109.89252, 110.85588, NaN, NaN, NaN, 1.00, 0.73768, 0.82474, 0.73768, 0.82474, 0.91764, -0.36434, 0.15874, -60.83608, -3.89791, -77.0668
2387, 707, -24.23532, -16.68303, 111.62404, 112.58682, NaN, NaN, NaN, 1.00, 0.73749, 0.84695, 0.73749, 0.84695, 0.90395, -0.33229, 0.26918, -62.46881, -6.00915, -77.98038
2388, 712, -23.21068, -13.93841, 109.89252, 110.85588, NaN, NaN, NaN, 1.00, 0.73768, 0.82474, 0.73768, 0.82474, 0.91764, -0.36434, 0.15874, -60.83608, -3.89791, -77.0668
2389, 713, -21.5752, -6.57399, 111.05183, 112.0148, NaN, NaN, NaN, 1.00, 0.747, 0.74537, 0.747, 0.74537, 0.75181, -0.58466, 0.3049, -62.29003, 1.35755, -75.40913
2390, 714, -19.74812, -4.399, 111.78971, 112.75244, 1.52890E-07, 1.52890E-07, 1.52890E-07, 1.00, 0.80067, 0.74405, 0.80067, 0.74405, 0.49773, -0.26258, 0.82663, -63.04945, 2.8818, -73.59975
2391, 712, -23.21068, -13.93841, 109.89252, 110.85588, NaN, NaN, NaN, 1.00, 0.73768, 0.82474, 0.73768, 0.82474, 0.91764, -0.36434, 0.15874, -60.83608, -3.89791, -77.0668
2392, 711, -29.64448, -14.23983, 111.10356, 112.06653, NaN, NaN, NaN, 1.00, 0.63385, 0.82468, 0.63385, 0.82468, 0.82965, -0.38067, -0.40837, -62.33263, -4.20177, -83.23337
2393, 715, -27.81414, -8.74152, 111.71069, 112.67344, NaN, NaN, NaN, 1.00, 0.63385, 0.74442, 0.63385, 0.74442, 0.7178, -0.68486, -0.12546, -63.13181, -0.2598, -81.41888
2394, 713, -21.5752, -6.57399, 111.05183, 112.0148, NaN, NaN, NaN, 1.00, 0.747, 0.74537, 0.747, 0.74537, 0.75181, -0.58466, 0.3049, -62.29003, 1.35755, -75.40913
2395, 716, -22.04394, -3.31658, 107.32156, 108.28578, NaN, NaN, NaN, 1.00, 0.747, 0.72113, 0.747, 0.72113, 0.91637, -0.15937, 0.36724, -58.76383, 3.9814, -76.03699
2396, 714, -19.74812, -4.399, 111.78971, 112.75244, 1.52890E-07, 1.52890E-07, 1.52890E-07, 1.00, 0.80067, 0.74405, 0.80067, 0.74405, 0.49773, -0.26258, 0.82663, -63.04945, 2.8818, -73.59975
2397, 714, -19.74812, -4.399, 111.78971, 112.75244, 1.52890E-07, 1.52890E-07, 1.52890E-07, 1.00, 0.80067, 0.74405, 0.80067, 0.74405, 0.49773, -0.26258, 0.82663, -63.04945, 2.8818, -73.59975
2398, 716, -22.04394, -3.31658, 107.32156, 108.28578, NaN, NaN, NaN, 1.00, 0.747, 0.72113, 0.747, 0.72113, 0.91637, -0.15937, 0.36724, -58.76383, 3.9814, -76.03699
2399, 717, -20.33409, -1.37583, 108.45088, 109.41473, 1.48765E-07, 1.48765E-07, 1.48765E-07, 1.00, 0.80067, 0.71913, 0.80067, 0.71913, 0.68623, -0.02576, 0.72693, -59.9067, 5.30827, -74.32248
2400, 716, -22.04394, -3.31658, 107.32156, 108.28578, NaN, NaN, NaN, 1.00, 0.747, 0.72113, 0.747, 0.72113, 0.91637, -0.15937, 0.36724, -58.76383, 3.9814, -76.03699
2401, 718, -29.85607, 4.91002, 106.59808, 107.56253, NaN, NaN, NaN, 1.00, 0.63385, 0.63694, 0.63385, 0.63694, 0.97611, 0.07504, -0.20392, -58.83578, 9.99451, -83.61038
2402, 719, -22.62699, 16.03849, 109.35986, 110.32339, NaN, NaN, NaN, 1.00, 0.7742, 0.6389, 0.7742, 0.6389, 0.40611, 0.86379, 0.29822, -61.81259, 17.86488, -76.45271
2403, 720, -28.25406, -5.7441, 107.23737, 108.20161, NaN, NaN, NaN, 1.00, 0.63385, 0.72087, 0.63385, 0.72087, 0.91106, -0.40088, -0.09625, -58.85088, 2.22803, -82.05586
2404, 718, -29.85607, 4.91002, 106.59808, 107.56253, NaN, NaN, NaN, 1.00, 0.63385, 0.63694, 0.63385, 0.63694, 0.97611, 0.07504, -0.20392, -58.83578, 9.99451, -83.61038
2405, 716, -22.04394, -3.31658, 107.32156, 108.28578, NaN, NaN, NaN, 1.00, 0.747, 0.72113, 0.747, 0.72113, 0.91637, -0.15937, 0.36724, -58.76383, 3.9814, -76.03699
2406, 710, -23.88521, -21.02925, 111.34862, 112.31149, NaN, NaN, NaN, 1.00, 0.74539, 0.87156, 0.74539, 0.87156, 0.93524, 0.16224, 0.31466, -61.95533, -9.13957, -77.66603
2407, 707, -24.23532, -16.68303, 111.62404, 112.58682, NaN, NaN, NaN, 1.00, 0.73749, 0.84695, 0.73749, 0.84695, 0.90395, -0.33229, 0.26918, -62.46881, -6.00915, -77.98038
2408, 721, -20.8803, -15.17789, 115.07033, 116.03197, 1.42625E-07, 1.42625E-07, 1.42625E-07, 1.00, 0.80909, 0.84596, 0.80909, 0.84596, 0.7158, -0.14095, 0.68393, -65.81882, -5.16139, -74.5618
2409, 710, -23.88521, -21.02925, 111.34862, 112.31149, NaN, NaN, NaN, 1.00, 0.74539, 0.87156, 0.74539, 0.87156, 0.93524, 0.16224, 0.31466, -61.95533, -9.13957, -77.66603
2410, 721, -20.8803, -15.17789, 115.07033, 116.03197, 1.42625E-07, 1.42625E-07, 1.42625E-07, 1.00, 0.80909, 0.84596, 0.80909, 0.84596, 0.7158, -0.14095, 0.68393, -65.81882, -5.16139, -74.5618
2411, 722, -20.92835, -20.95386, 114.48233, 115.44416, 1.47892E-07, 1.47892E-07, 1.47892E-07, 1.00, 0.79666, 0.87338, 0.79666, 0.87338, 0.6858, 0.28321, 0.67043, -64.93974, -9.30595, -74.65159
2412, 721, -20.8803, -15.17789, 115.07033, 116.03197, 1.42625E-07, 1.42625E-07, 1.42625E-07, 1.00, 0.80909, 0.84596, 0.80909, 0.84596, 0.7158, -0.14095, 0.68393, -65.81882, -5.16139, -74.5618
2413, 707, -24.23532, -16.68303, 111.62404, 112.58682, NaN, NaN, NaN, 1.00, 0.73749, 0.84695, 0.73749, 0.84695, 0.90395, -0.33229, 0.26918, -62.46881, -6.00915, -77.98038
2414, 723, -19.93432, -12.71974, 114.37052, 115.33239, 1.40905E-07, 1.40905E-07, 1.40905E-07, 1.00, 0.81059, 0.82602, 0.81059, 0.82602, 0.60615, -0.37318, 0.70236, -65.20271, -3.33054, -73.67457
2415, 707, -24.23532, -16.68303, 111.62404, 112.58682, NaN, NaN, NaN, 1.00, 0.73749, 0.84695, 0.73749, 0.84695, 0.90395, -0.33229, 0.26918, -62.46881, -6.00915, -77.98038
2416, 712, -23.21068, -13.93841, 109.89252, 110.85588, NaN, NaN, NaN, 1.00, 0.73768, 0.82474, 0.73768, 0.82474, 0.91764, -0.36434, 0.15874, -60.83608, -3.89791, -77.0668
2417, 723, -19.93432, -12.71974, 114.37052, 115.33239, 1.40905E-07, 1.40905E-07, 1.40905E-07, 1.00, 0.81059, 0.82602, 0.81059, 0.82602, 0.60615, -0.37318, 0.70236, -65.20271, -3.33054, -73.67457
2418, 723, -19.93432, -12.71974, 114.37052, 115.33239, 1.40905E-07, 1.40905E-07, 1.40905E-07, 1.00, 0.81059, 0.82602, 0.81059, 0.82602, 0.60615, -0.37318, 0.70236, -65.20271, -3.33054, -73.67457
2419, 712, -23.21068, -13.93841, 109.89252, 110.85588, NaN, NaN, NaN, 1.00, 0.73768, 0.82474, 0.73768, 0.82474, 0.91764, -0.36434, 0.15874, -60.83608, -3.89791, -77.0668
2420, 714, -19.74812, -4.399, 111.78971, 112.75244, 1.52890E-07, 1.52890E-07, 1.52890E-07, 1.00, 0.80067, 0.74405, 0.80067, 0.74405, 0.49773, -0.26258, 0.82663, -63.04945, 2.8818, -73.59975
2421, 723, -19.93432, -12.71974, 114.37052, 115.33239, 1.40905E-07, 1.40905E-07, 1.40905E-07, 1.00, 0.81059, 0.82602, 0.81059, 0.82602, 0.60615, -0.37318, 0.70236, -65.20271, -3.33054, -73.67457
2422, 714, -19.74812, -4.399, 111.78971, 112.75244, 1.52890E-07, 1.52890E-07, 1.52890E-07, 1.00, 0.80067, 0.74405, 0.80067, 0.74405, 0.49773, -0.26258, 0.82663, -63.04945, 2.8818, -73.59975
2423, 724, -18.93419, 0.0279, 113.61105, 114.57317, 1.58182E-07, 1.58182E-07, 1.58182E-07, 1.00, 0.83713, 0.73723, 0.83713, 0.73723, 0.3719, -0.28016, 0.88498, -65.05141, 5.96165, -72.71198
2424, 724, -18.93419, 0.0279, 113.61105, 114.57317, 1.58182E-07, 1.58182E-07, 1.58182E-07, 1.00, 0.83713, 0.73723, 0.83713, 0.73723, 0.3719, -0.28016, 0.88498, -65.05141, 5.96165, -72.71198
2425, 714, -19.74812, -4.399, 111.78971, 112.75244, 1.52890E-07, 1.52890E-07, 1.52890E-07, 1.00, 0.80067, 0.74405, 0.80067, 0.74405, 0.49773, -0.26258, 0.82663, -63.04945, 2.8818, -73.59975
2426, 725, -20.19917, 8.3121, 107.00002, 107.96434, 1.53110E-07, 1.53110E-07, 1.53110E-07, 1.00, 0.83816, 0.70727, 0.83816, 0.70727, 0.63905, 0.28451, 0.71461, -58.95126, 12.43176, -74.23855
2427, 725, -20.19917, 8.3121, 107.00002, 107.96434, 1.53110E-07, 1.53110E-07, 1.53110E-07, 1.00, 0.83816, 0.70727, 0.83816, 0.70727, 0.63905, 0.28451, 0.71461, -58.95126, 12.43176, -74.23855
2428, 714, -19.74812, -4.399, 111.78971, 112.75244, 1.52890E-07, 1.52890E-07, 1.52890E-07, 1.00, 0.80067, 0.74405, 0.80067, 0.74405, 0.49773, -0.26258, 0.82663, -63.04945, 2.8818, -73.59975
2429, 717, -20.33409, -1.37583, 108.45088, 109.41473, 1.48765E-07, 1.48765E-07, 1.48765E-07, 1.00, 0.80067, 0.71913, 0.80067, 0.71913, 0.68623, -0.02576, 0.72693, -59.9067, 5.30827, -74.32248
2430, 725, -20.19917, 8.3121, 107.00002, 107.96434, 1.53110E-07, 1.53110E-07, 1.53110E-07, 1.00, 0.83816, 0.70727, 0.83816, 0.70727, 0.63905, 0.28451, 0.71461, -58.95126, 12.43176, -74.23855
2431, 717, -20.33409, -1.37583, 108.45088, 109.41473, 1.48765E-07, 1.48765E-07, 1.48765E-07, 1.00, 0.80067, 0.71913, 0.80067, 0.71913, 0.68623, -0.02576, 0.72693, -59.9067, 5.30827, -74.32248
2432, 719, -22.62699, 16.03849, 109.35986, 110.32339, NaN, NaN, NaN, 1.00, 0.7742, 0.6389, 0.7742, 0.6389, 0.40611, 0.86379, 0.29822, -61.81259, 17.86488, -76.45271
2433, 725, -20.19917, 8.3121, 107.00002, 107.96434, 1.53110E-07, 1.53110E-07, 1.53110E-07, 1.00, 0.83816, 0.70727, 0.83816, 0.70727, 0.63905, 0.28451, 0.71461, -58.95126, 12.43176, -74.23855
2434, 719, -22.62699, 16.03849, 109.35986, 110.32339, NaN, NaN, NaN, 1.00, 0.7742, 0.6389, 0.7742, 0.6389, 0.40611, 0.86379, 0.29822, -61.81259, 17.86488, -76.45271
2435, 726, -20.64284, 15.20828, 109.50766, 110.47115, NaN, NaN, NaN, 1.00, 0.83797, 0.64565, 0.83797, 0.64565, 0.52324, 0.81126, 0.26093, -61.82298, 17.25278, -74.52779
2436, 718, -29.85607, 4.91002, 106.59808, 107.56253, NaN, NaN, NaN, 1.00, 0.63385, 0.63694, 0.63385, 0.63694, 0.97611, 0.07504, -0.20392, -58.83578, 9.99451, -83.61038
2437, 727, -26.82883, 8.44643, 107.24345, 108.2077, NaN, NaN, NaN, 1.00, 0.69503, 0.62512, 0.69503, 0.62512, 0.86135, 0.50799, 0.005, -59.51573, 12.51195, -80.64088
2438, 719, -22.62699, 16.03849, 109.35986, 110.32339, NaN, NaN, NaN, 1.00, 0.7742, 0.6389, 0.7742, 0.6389, 0.40611, 0.86379, 0.29822, -61.81259, 17.86488, -76.45271
2439, 719, -22.62699, 16.03849, 109.35986, 110.32339, NaN, NaN, NaN, 1.00, 0.7742, 0.6389, 0.7742, 0.6389, 0.40611, 0.86379, 0.29822, -61.81259, 17.86488, -76.45271
2440, 727, -26.82883, 8.44643, 107.24345, 108.2077, NaN, NaN, NaN, 1.00, 0.69503, 0.62512, 0.69503, 0.62512, 0.86135, 0.50799, 0.005, -59.51573, 12.51195, -80.64088
2441, 728, -20.33704, 15.61153, 111.9371, 112.89978, NaN, NaN, NaN, 1.00, 0.83807, 0.63116, 0.83807, 0.63116, -0.01289, 0.98142, 0.19142, -64.24875, 17.37368, -74.11202
2442, 719, -22.62699, 16.03849, 109.35986, 110.32339, NaN, NaN, NaN, 1.00, 0.7742, 0.6389, 0.7742, 0.6389, 0.40611, 0.86379, 0.29822, -61.81259, 17.86488, -76.45271
2443, 728, -20.33704, 15.61153, 111.9371, 112.89978, NaN, NaN, NaN, 1.00, 0.83807, 0.63116, 0.83807, 0.63116, -0.01289, 0.98142, 0.19142, -64.24875, 17.37368, -74.11202
2444, 726, -20.64284, 15.20828, 109.50766, 110.47115, NaN, NaN, NaN, 1.00, 0.83797, 0.64565, 0.83797, 0.64565, 0.52324, 0.81126, 0.26093, -61.82298, 17.25278, -74.52779
2445, 728, -20.33704, 15.61153, 111.9371, 112.89978, NaN, NaN, NaN, 1.00, 0.83807, 0.63116, 0.83807, 0.63116, -0.01289, 0.98142, 0.19142, -64.24875, 17.37368, -74.11202
2446, 727, -26.82883, 8.44643, 107.24345, 108.2077, NaN, NaN, NaN, 1.00, 0.69503, 0.62512, 0.69503, 0.62512, 0.86135, 0.50799, 0.005, -59.51573, 12.51195, -80.64088
2447, 729, -26.55119, 12.57925, 109.27557, 110.23914, NaN, NaN, NaN, 1.00, 0.70451, 0.61042, 0.70451, 0.61042, 0.78946, 0.6137, 0.01131, -61.73807, 15.3638, -80.26242
2448, 722, -20.92835, -20.95386, 114.48233, 115.44416, 1.47892E-07, 1.47892E-07, 1.47892E-07, 1.00, 0.79666, 0.87338, 0.79666, 0.87338, 0.6858, 0.28321, 0.67043, -64.93974, -9.30595, -74.65159
2449, 721, -20.8803, -15.17789, 115.07033, 116.03197, 1.42625E-07, 1.42625E-07, 1.42625E-07, 1.00, 0.80909, 0.84596, 0.80909, 0.84596, 0.7158, -0.14095, 0.68393, -65.81882, -5.16139, -74.5618
2450, 730, -19.6021, -15.13828, 116.24518, 117.20643, 1.40621E-07, 1.40621E-07, 1.40621E-07, 1.00, 0.83039, 0.84807, 0.83039, 0.84807, 0.72309, -0.20513, 0.65959, -66.93021, -5.21555, -73.26748
2451, 722, -20.92835, -20.95386, 114.48233, 115.44416, 1.47892E-07, 1.47892E-07, 1.47892E-07, 1.00, 0.79666, 0.87338, 0.79666, 0.87338, 0.6858, 0.28321, 0.67043, -64.93974, -9.30595, -74.65159
2452, 730, -19.6021, -15.13828, 116.24518, 117.20643, 1.40621E-07, 1.40621E-07, 1.40621E-07, 1.00, 0.83039, 0.84807, 0.83039, 0.84807, 0.72309, -0.20513, 0.65959, -66.93021, -5.21555, -73.26748
2453, 731, -19.66459, -20.60828, 115.77265, 116.73405, 1.47239E-07, 1.47239E-07, 1.47239E-07, 1.00, 0.81639, 0.87164, 0.81639, 0.87164, 0.7163, 0.20824, 0.666, -66.1825, -9.14651, -73.36482
2454, 730, -19.6021, -15.13828, 116.24518, 117.20643, 1.40621E-07, 1.40621E-07, 1.40621E-07, 1.00, 0.83039, 0.84807, 0.83039, 0.84807, 0.72309, -0.20513, 0.65959, -66.93021, -5.21555, -73.26748
2455, 721, -20.8803, -15.17789, 115.07033, 116.03197, 1.42625E-07, 1.42625E-07, 1.42625E-07, 1.00, 0.80909, 0.84596, 0.80909, 0.84596, 0.7158, -0.14095, 0.68393, -65.81882, -5.16139, -74.5618
2456, 723, -19.93432, -12.71974, 114.37052, 115.33239, 1.40905E-07, 1.40905E-07, 1.40905E-07, 1.00, 0.81059, 0.82602, 0.81059, 0.82602, 0.60615, -0.37318, 0.70236, -65.20271, -3.33054, -73.67457
2457, 730, -19.6021, -15.13828, 116.24518, 117.20643, 1.40621E-07, 1.40621E-07, 1.40621E-07, 1.00, 0.83039, 0.84807, 0.83039, 0.84807, 0.72309, -0.20513, 0.65959, -66.93021, -5.21555, -73.26748
2458, 723, -19.93432, -12.71974, 114.37052, 115.33239, 1.40905E-07, 1.40905E-07, 1.40905E-07, 1.00, 0.81059, 0.82602, 0.81059, 0.82602, 0.60615, -0.37318, 0.70236, -65.20271, -3.33054, -73.67457
2459, 732, -18.74186, -12.45139, 115.55424, 116.51571, 1.36942E-07, 1.36942E-07, 1.36942E-07, 1.00, 0.84244, 0.82475, 0.84244, 0.82475, 0.73915, -0.27467, 0.615, -66.33872, -3.21954, -72.4622
2460, 732, -18.74186, -12.45139, 115.55424, 116.51571, 1.36942E-07, 1.36942E-07, 1.36942E-07, 1.00, 0.84244, 0.82475, 0.84244, 0.82475, 0.73915, -0.27467, 0.615, -66.33872, -3.21954, -72.4622
2461, 724, -18.93419, 0.0279, 113.61105, 114.57317, 1.58182E-07, 1.58182E-07, 1.58182E-07, 1.00, 0.83713, 0.73723, 0.83713, 0.73723, 0.3719, -0.28016, 0.88498, -65.05141, 5.96165, -72.71198
2462, 733, -18.63129, 0.43385, 113.83862, 114.80066, 1.46909E-07, 1.46909E-07, 1.46909E-07, 1.00, 0.83841, 0.73597, 0.83841, 0.73597, 0.46778, -0.44557, 0.76331, -65.28445, 6.23981, -72.40675
2463, 732, -18.74186, -12.45139, 115.55424, 116.51571, 1.36942E-07, 1.36942E-07, 1.36942E-07, 1.00, 0.84244, 0.82475, 0.84244, 0.82475, 0.73915, -0.27467, 0.615, -66.33872, -3.21954, -72.4622
2464, 723, -19.93432, -12.71974, 114.37052, 115.33239, 1.40905E-07, 1.40905E-07, 1.40905E-07, 1.00, 0.81059, 0.82602, 0.81059, 0.82602, 0.60615, -0.37318, 0.70236, -65.20271, -3.33054, -73.67457
2465, 724, -18.93419, 0.0279, 113.61105, 114.57317, 1.58182E-07, 1.58182E-07, 1.58182E-07, 1.00, 0.83713, 0.73723, 0.83713, 0.73723, 0.3719, -0.28016, 0.88498, -65.05141, 5.96165, -72.71198
2466, 733, -18.63129, 0.43385, 113.83862, 114.80066, 1.46909E-07, 1.46909E-07, 1.46909E-07, 1.00, 0.83841, 0.73597, 0.83841, 0.73597, 0.46778, -0.44557, 0.76331, -65.28445, 6.23981, -72.40675
2467, 724, -18.93419, 0.0279, 113.61105, 114.57317, 1.58182E-07, 1.58182E-07, 1.58182E-07, 1.00, 0.83713, 0.73723, 0.83713, 0.73723, 0.3719, -0.28016, 0.88498, -65.05141, 5.96165, -72.71198
2468, 725, -20.19917, 8.3121, 107.00002, 107.96434, 1.53110E-07, 1.53110E-07, 1.53110E-07, 1.00, 0.83816, 0.70727, 0.83816, 0.70727, 0.63905, 0.28451, 0.71461, -58.95126, 12.43176, -74.23855
2469, 734, -29.19339, -22.69566, 112.31078, 113.27334, NaN, NaN, NaN, 1.00, 0.63385, 0.88546, 0.63385, 0.88546, 0.89082, -0.02021, -0.4539, -63.08062, -10.41513, -82.75912
2470, 708, -29.16727, -21.39577, 112.30045, 113.26302, NaN, NaN, NaN, 1.00, 0.63385, 0.87519, 0.63385, 0.87519, 0.89048, 0.03444, -0.45372, -63.13565, -9.47233, -82.73108
2471, 710, -23.88521, -21.02925, 111.34862, 112.31149, NaN, NaN, NaN, 1.00, 0.74539, 0.87156, 0.74539, 0.87156, 0.93524, 0.16224, 0.31466, -61.95533, -9.13957, -77.66603
2472, 734, -29.19339, -22.69566, 112.31078, 113.27334, NaN, NaN, NaN, 1.00, 0.63385, 0.88546, 0.63385, 0.88546, 0.89082, -0.02021, -0.4539, -63.08062, -10.41513, -82.75912
2473, 710, -23.88521, -21.02925, 111.34862, 112.31149, NaN, NaN, NaN, 1.00, 0.74539, 0.87156, 0.74539, 0.87156, 0.93524, 0.16224, 0.31466, -61.95533, -9.13957, -77.66603
2474, 735, -23.77427, -22.78777, 111.36427, 112.32715, NaN, NaN, NaN, 1.00, 0.73225, 0.88546, 0.73225, 0.88546, 0.98355, 0.03723, 0.17678, -61.87562, -10.41513, -77.56235
2475, 735, -23.77427, -22.78777, 111.36427, 112.32715, NaN, NaN, NaN, 1.00, 0.73225, 0.88546, 0.73225, 0.88546, 0.98355, 0.03723, 0.17678, -61.87562, -10.41513, -77.56235
2476, 710, -23.88521, -21.02925, 111.34862, 112.31149, NaN, NaN, NaN, 1.00, 0.74539, 0.87156, 0.74539, 0.87156, 0.93524, 0.16224, 0.31466, -61.95533, -9.13957, -77.66603
2477, 736, -20.27311, -22.50259, 114.29475, 115.25664, 1.48326E-07, 1.48326E-07, 1.48326E-07, 1.00, 0.80282, 0.88546, 0.80282, 0.88546, 0.66819, 0.34466, 0.65934, -64.64247, -10.41513, -74.03068
2478, 736, -20.27311, -22.50259, 114.29475, 115.25664, 1.48326E-07, 1.48326E-07, 1.48326E-07, 1.00, 0.80282, 0.88546, 0.80282, 0.88546, 0.66819, 0.34466, 0.65934, -64.64247, -10.41513, -74.03068
2479, 710, -23.88521, -21.02925, 111.34862, 112.31149, NaN, NaN, NaN, 1.00, 0.74539, 0.87156, 0.74539, 0.87156, 0.93524, 0.16224, 0.31466, -61.95533, -9.13957, -77.66603
2480, 722, -20.92835, -20.95386, 114.48233, 115.44416, 1.47892E-07, 1.47892E-07, 1.47892E-07, 1.00, 0.79666, 0.87338, 0.79666, 0.87338, 0.6858, 0.28321, 0.67043, -64.93974, -9.30595, -74.65159
2481, 736, -20.27311, -22.50259, 114.29475, 115.25664, 1.48326E-07, 1.48326E-07, 1.48326E-07, 1.00, 0.80282, 0.88546, 0.80282, 0.88546, 0.66819, 0.34466, 0.65934, -64.64247, -10.41513, -74.03068
2482, 722, -20.92835, -20.95386, 114.48233, 115.44416, 1.47892E-07, 1.47892E-07, 1.47892E-07, 1.00, 0.79666, 0.87338, 0.79666, 0.87338, 0.6858, 0.28321, 0.67043, -64.93974, -9.30595, -74.65159
2483, 737, -19.05045, -22.35405, 115.82098, 116.78236, 1.51455E-07, 1.51455E-07, 1.51455E-07, 1.00, 0.8201, 0.88546, 0.8201, 0.88546, 0.55775, 0.51421, 0.65154, -66.11205, -10.41513, -72.77264
2484, 738, -19.05045, -22.35405, 115.82098, 116.78236, 1.50242E-07, 1.50242E-07, 1.50242E-07, 1.00, 0.81144, 0.88546, 0.81144, 0.88546, 0.6565, 0.336, 0.67536, -66.11205, -10.41513, -72.77264
2485, 722, -20.92835, -20.95386, 114.48233, 115.44416, 1.47892E-07, 1.47892E-07, 1.47892E-07, 1.00, 0.79666, 0.87338, 0.79666, 0.87338, 0.6858, 0.28321, 0.67043, -64.93974, -9.30595, -74.65159
2486, 731, -19.66459, -20.60828, 115.77265, 116.73405, 1.47239E-07, 1.47239E-07, 1.47239E-07, 1.00, 0.81639, 0.87164, 0.81639, 0.87164, 0.7163, 0.20824, 0.666, -66.1825, -9.14651, -73.36482
2487, 739, -29.03485, -28.56007, 112.67834, 113.64078, NaN, NaN, NaN, 1.00, 0.63385, 0.93945, 0.63385, 0.93945, 0.88419, -0.12349, -0.45052, -63.13892, -14.69118, -82.60249
2488, 734, -29.19339, -22.69566, 112.31078, 113.27334, NaN, NaN, NaN, 1.00, 0.63385, 0.88546, 0.63385, 0.88546, 0.89082, -0.02021, -0.4539, -63.08062, -10.41513, -82.75912
2489, 735, -23.77427, -22.78777, 111.36427, 112.32715, NaN, NaN, NaN, 1.00, 0.73225, 0.88546, 0.73225, 0.88546, 0.98355, 0.03723, 0.17678, -61.87562, -10.41513, -77.56235
2490, 739, -29.03485, -28.56007, 112.67834, 113.64078, NaN, NaN, NaN, 1.00, 0.63385, 0.93945, 0.63385, 0.93945, 0.88419, -0.12349, -0.45052, -63.13892, -14.69118, -82.60249
2491, 735, -23.77427, -22.78777, 111.36427, 112.32715, NaN, NaN, NaN, 1.00, 0.73225, 0.88546, 0.73225, 0.88546, 0.98355, 0.03723, 0.17678, -61.87562, -10.41513, -77.56235
2492, 740, -23.52124, -28.85032, 111.65022, 112.613, NaN, NaN, NaN, 1.00, 0.73455, 0.94095, 0.73455, 0.94095, 0.99294, -0.01881, -0.1171, -61.838, -14.82902, -77.31879
2493, 740, -23.52124, -28.85032, 111.65022, 112.613, NaN, NaN, NaN, 1.00, 0.73455, 0.94095, 0.73455, 0.94095, 0.99294, -0.01881, -0.1171, -61.838, -14.82902, -77.31879
2494, 735, -23.77427, -22.78777, 111.36427, 112.32715, NaN, NaN, NaN, 1.00, 0.73225, 0.88546, 0.73225, 0.88546, 0.98355, 0.03723, 0.17678, -61.87562, -10.41513, -77.56235
2495, 741, -20.87172, -28.9482, 111.82971, 112.79243, 1.27452E-07, 1.27452E-07, 1.27452E-07, 1.00, 0.7777, 0.94186, 0.7777, 0.94186, 0.88927, 0.09134, 0.44817, -61.88581, -14.91261, -74.7467
2496, 742, -20.05355, -24.25629, 114.05561, 115.01759, 1.47118E-07, 1.47118E-07, 1.47118E-07, 1.00, 0.80041, 0.89912, 0.80041, 0.89912, 0.70518, 0.23408, 0.66927, -64.30408, -11.66923, -73.83436
2497, 735, -23.77427, -22.78777, 111.36427, 112.32715, NaN, NaN, NaN, 1.00, 0.73225, 0.88546, 0.73225, 0.88546, 0.98355, 0.03723, 0.17678, -61.87562, -10.41513, -77.56235
2498, 736, -20.27311, -22.50259, 114.29475, 115.25664, 1.48326E-07, 1.48326E-07, 1.48326E-07, 1.00, 0.80282, 0.88546, 0.80282, 0.88546, 0.66819, 0.34466, 0.65934, -64.64247, -10.41513, -74.03068
2499, 742, -20.05355, -24.25629, 114.05561, 115.01759, 1.47118E-07, 1.47118E-07, 1.47118E-07, 1.00, 0.80041, 0.89912, 0.80041, 0.89912, 0.70518, 0.23408, 0.66927, -64.30408, -11.66923, -73.83436
2500, 743, -18.36815, -28.56099, 114.70006, 115.66182, 1.49098E-07, 1.49098E-07, 1.49098E-07, 1.00, 0.82847, 0.941, 0.82847, 0.941, 0.68772, 0.12069, 0.71588, -64.64543, -14.83444, -72.18293
2501, 741, -20.87172, -28.9482, 111.82971, 112.79243, 1.27452E-07, 1.27452E-07, 1.27452E-07, 1.00, 0.7777, 0.94186, 0.7777, 0.94186, 0.88927, 0.09134, 0.44817, -61.88581, -14.91261, -74.7467
2502, 742, -20.05355, -24.25629, 114.05561, 115.01759, 1.47118E-07, 1.47118E-07, 1.47118E-07, 1.00, 0.80041, 0.89912, 0.80041, 0.89912, 0.70518, 0.23408, 0.66927, -64.30408, -11.66923, -73.83436
2503, 736, -20.27311, -22.50259, 114.29475, 115.25664, 1.48326E-07, 1.48326E-07, 1.48326E-07, 1.00, 0.80282, 0.88546, 0.80282, 0.88546, 0.66819, 0.34466, 0.65934, -64.64247, -10.41513, -74.03068
2504, 744, -18.51226, -24.00343, 115.87877, 116.84014, 1.52407E-07, 1.52407E-07, 1.52407E-07, 1.00, 0.82069, 0.89852, 0.82069, 0.89852, 0.64171, 0.26695, 0.71899, -66.05959, -11.61457, -72.25323
2505, 744, -18.51226, -24.00343, 115.87877, 116.84014, 1.52407E-07, 1.52407E-07, 1.52407E-07, 1.00, 0.82069, 0.89852, 0.82069, 0.89852, 0.64171, 0.26695, 0.71899, -66.05959, -11.61457, -72.25323
2506, 736, -20.27311, -22.50259, 114.29475, 115.25664, 1.48326E-07, 1.48326E-07, 1.48326E-07, 1.00, 0.80282, 0.88546, 0.80282, 0.88546, 0.66819, 0.34466, 0.65934, -64.64247, -10.41513, -74.03068
2507, 738, -19.05045, -22.35405, 115.82098, 116.78236, 1.50242E-07, 1.50242E-07, 1.50242E-07, 1.00, 0.81144, 0.88546, 0.81144, 0.88546, 0.6565, 0.336, 0.67536, -66.11205, -10.41513, -72.77264
2508, 742, -20.05355, -24.25629, 114.05561, 115.01759, 1.47118E-07, 1.47118E-07, 1.47118E-07, 1.00, 0.80041, 0.89912, 0.80041, 0.89912, 0.70518, 0.23408, 0.66927, -64.30408, -11.66923, -73.83436
2509, 741, -20.87172, -28.9482, 111.82971, 112.79243, 1.27452E-07, 1.27452E-07, 1.27452E-07, 1.00, 0.7777, 0.94186, 0.7777, 0.94186, 0.88927, 0.09134, 0.44817, -61.88581, -14.91261, -74.7467
2510, 735, -23.77427, -22.78777, 111.36427, 112.32715, NaN, NaN, NaN, 1.00, 0.73225, 0.88546, 0.73225, 0.88546, 0.98355, 0.03723, 0.17678, -61.87562, -10.41513, -77.56235
2511, 742, -20.05355, -24.25629, 114.05561, 115.01759, 1.47118E-07, 1.47118E-07, 1.47118E-07, 1.00, 0.80041, 0.89912, 0.80041, 0.89912, 0.70518, 0.23408, 0.66927, -64.30408, -11.66923, -73.83436
2512, 744, -18.51226, -24.00343, 115.87877, 116.84014, 1.52407E-07, 1.52407E-07, 1.52407E-07, 1.00, 0.82069, 0.89852, 0.82069, 0.89852, 0.64171, 0.26695, 0.71899, -66.05959, -11.61457, -72.25323
2513, 743, -18.36815, -28.56099, 114.70006, 115.66182, 1.49098E-07, 1.49098E-07, 1.49098E-07, 1.00, 0.82847, 0.941, 0.82847, 0.941, 0.68772, 0.12069, 0.71588, -64.64543, -14.83444, -72.18293
2514, 716, -22.04394, -3.31658, 107.32156, 108.28578, NaN, NaN, NaN, 1.00, 0.747, 0.72113, 0.747, 0.72113, 0.91637, -0.15937, 0.36724, -58.76383, 3.9814, -76.03699
2515, 713, -21.5752, -6.57399, 111.05183, 112.0148, NaN, NaN, NaN, 1.00, 0.747, 0.74537, 0.747, 0.74537, 0.75181, -0.58466, 0.3049, -62.29003, 1.35755, -75.40913
2516, 720, -28.25406, -5.7441, 107.23737, 108.20161, NaN, NaN, NaN, 1.00, 0.63385, 0.72087, 0.63385, 0.72087, 0.91106, -0.40088, -0.09625, -58.85088, 2.22803, -82.05586
2517, 716, -22.04394, -3.31658, 107.32156, 108.28578, NaN, NaN, NaN, 1.00, 0.747, 0.72113, 0.747, 0.72113, 0.91637, -0.15937, 0.36724, -58.76383, 3.9814, -76.03699
2518, 719, -22.62699, 16.03849, 109.35986, 110.32339, NaN, NaN, NaN, 1.00, 0.7742, 0.6389, 0.7742, 0.6389, 0.40611, 0.86379, 0.29822, -61.81259, 17.86488, -76.45271
2519, 717, -20.33409, -1.37583, 108.45088, 109.41473, 1.48765E-07, 1.48765E-07, 1.48765E-07, 1.00, 0.80067, 0.71913, 0.80067, 0.71913, 0.68623, -0.02576, 0.72693, -59.9067, 5.30827, -74.32248
2520, 713, -21.5752, -6.57399, 111.05183, 112.0148, NaN, NaN, NaN, 1.00, 0.747, 0.74537, 0.747, 0.74537, 0.75181, -0.58466, 0.3049, -62.29003, 1.35755, -75.40913
2521, 712, -23.21068, -13.93841, 109.89252, 110.85588, NaN, NaN, NaN, 1.00, 0.73768, 0.82474, 0.73768, 0.82474, 0.91764, -0.36434, 0.15874, -60.83608, -3.89791, -77.0668
2522, 715, -27.81414, -8.74152, 111.71069, 112.67344, NaN, NaN, NaN, 1.00, 0.63385, 0.74442, 0.63385, 0.74442, 0.7178, -0.68486, -0.12546, -63.13181, -0.2598, -81.41888
2523, 715, -27.81414, -8.74152, 111.71069, 112.67344, NaN, NaN, NaN, 1.00, 0.63385, 0.74442, 0.63385, 0.74442, 0.7178, -0.68486, -0.12546, -63.13181, -0.2598, -81.41888
2524, 720, -28.25406, -5.7441, 107.23737, 108.20161, NaN, NaN, NaN, 1.00, 0.63385, 0.72087, 0.63385, 0.72087, 0.91106, -0.40088, -0.09625, -58.85088, 2.22803, -82.05586
2525, 713, -21.5752, -6.57399, 111.05183, 112.0148, NaN, NaN, NaN, 1.00, 0.747, 0.74537, 0.747, 0.74537, 0.75181, -0.58466, 0.3049, -62.29003, 1.35755, -75.40913
2526, 745, -28.5628, -35.37581, 114.04971, 115.01169, NaN, NaN, NaN, 1.00, 0.63385, 0.9943, 0.63385, 0.9943, 0.8699, -0.21636, -0.44324, -64.13337, -19.72749, -82.09579
2527, 739, -29.03485, -28.56007, 112.67834, 113.64078, NaN, NaN, NaN, 1.00, 0.63385, 0.93945, 0.63385, 0.93945, 0.88419, -0.12349, -0.45052, -63.13892, -14.69118, -82.60249
2528, 746, -24.62032, -32.06414, 111.47982, 112.44266, NaN, NaN, NaN, 1.00, 0.71133, 0.99147, 0.71133, 0.99147, 0.83376, 0.51846, -0.18984, -61.55598, -17.14616, -78.39863
2529, 740, -23.52124, -28.85032, 111.65022, 112.613, NaN, NaN, NaN, 1.00, 0.73455, 0.94095, 0.73455, 0.94095, 0.99294, -0.01881, -0.1171, -61.838, -14.82902, -77.31879
2530, 747, -20.81712, -31.11468, 111.99673, 112.95938, 1.36442E-07, 1.36442E-07, 1.36442E-07, 1.00, 0.77665, 0.98035, 0.77665, 0.98035, 0.70814, 0.52841, 0.46833, -61.93864, -16.49451, -74.69114
2531, 746, -24.62032, -32.06414, 111.47982, 112.44266, NaN, NaN, NaN, 1.00, 0.71133, 0.99147, 0.71133, 0.99147, 0.83376, 0.51846, -0.18984, -61.55598, -17.14616, -78.39863
2532, 743, -18.36815, -28.56099, 114.70006, 115.66182, 1.49098E-07, 1.49098E-07, 1.49098E-07, 1.00, 0.82847, 0.941, 0.82847, 0.941, 0.68772, 0.12069, 0.71588, -64.64543, -14.83444, -72.18293
2533, 747, -20.81712, -31.11468, 111.99673, 112.95938, 1.36442E-07, 1.36442E-07, 1.36442E-07, 1.00, 0.77665, 0.98035, 0.77665, 0.98035, 0.70814, 0.52841, 0.46833, -61.93864, -16.49451, -74.69114
2534, 741, -20.87172, -28.9482, 111.82971, 112.79243, 1.27452E-07, 1.27452E-07, 1.27452E-07, 1.00, 0.7777, 0.94186, 0.7777, 0.94186, 0.88927, 0.09134, 0.44817, -61.88581, -14.91261, -74.7467
2535, 747, -20.81712, -31.11468, 111.99673, 112.95938, 1.36442E-07, 1.36442E-07, 1.36442E-07, 1.00, 0.77665, 0.98035, 0.77665, 0.98035, 0.70814, 0.52841, 0.46833, -61.93864, -16.49451, -74.69114
2536, 740, -23.52124, -28.85032, 111.65022, 112.613, NaN, NaN, NaN, 1.00, 0.73455, 0.94095, 0.73455, 0.94095, 0.99294, -0.01881, -0.1171, -61.838, -14.82902, -77.31879
2537, 741, -20.87172, -28.9482, 111.82971, 112.79243, 1.27452E-07, 1.27452E-07, 1.27452E-07, 1.00, 0.7777, 0.94186, 0.7777, 0.94186, 0.88927, 0.09134, 0.44817, -61.88581, -14.91261, -74.7467
2538, 747, -20.81712, -31.11468, 111.99673, 112.95938, 1.36442E-07, 1.36442E-07, 1.36442E-07, 1.00, 0.77665, 0.98035, 0.77665, 0.98035, 0.70814, 0.52841, 0.46833, -61.93864, -16.49451, -74.69114
2539, 743, -18.36815, -28.56099, 114.70006, 115.66182, 1.49098E-07, 1.49098E-07, 1.49098E-07, 1.00, 0.82847, 0.941, 0.82847, 0.941, 0.68772, 0.12069, 0.71588, -64.64543, -14.83444, -72.18293
2540, 748, -18.04906, -33.29536, 115.10064, 116.06226, 1.57375E-07, 1.57375E-07, 1.57375E-07, 1.00, 0.83589, 0.97695, 0.83589, 0.97695, 0.50093, 0.40561, 0.76456, -64.78683, -18.29385, -71.8665
2541, 739, -29.03485, -28.56007, 112.67834, 113.64078, NaN, NaN, NaN, 1.00, 0.63385, 0.93945, 0.63385, 0.93945, 0.88419, -0.12349, -0.45052, -63.13892, -14.69118, -82.60249
2542, 740, -23.52124, -28.85032, 111.65022, 112.613, NaN, NaN, NaN, 1.00, 0.73455, 0.94095, 0.73455, 0.94095, 0.99294, -0.01881, -0.1171, -61.838, -14.82902, -77.31879
2543, 746, -24.62032, -32.06414, 111.47982, 112.44266, NaN, NaN, NaN, 1.00, 0.71133, 0.99147, 0.71133, 0.99147, 0.83376, 0.51846, -0.18984, -61.55598, -17.14616, -78.39863
2544, 708, -29.16727, -21.39577, 112.30045, 113.26302, NaN, NaN, NaN, 1.00, 0.63385, 0.87519, 0.63385, 0.87519, 0.89048, 0.03444, -0.45372, -63.13565, -9.47233, -82.73108
2545, 749, -33.00268, -16.41302, 115.32434, 116.2859, 8.96908E-08, 8.96908E-08, 8.96908E-08, 1.00, 0.54579, 0.84695, 0.54579, 0.84695, 0.33504, -0.34131, -0.87821, -66.58479, -6.07446, -86.28156
2546, 709, -29.05934, -16.32961, 112.48604, 113.44853, NaN, NaN, NaN, 1.00, 0.63385, 0.84348, 0.63385, 0.84348, 0.80851, -0.43398, -0.39747, -63.57473, -5.81381, -82.60483
2547, 749, -33.00268, -16.41302, 115.32434, 116.2859, 8.96908E-08, 8.96908E-08, 8.96908E-08, 1.00, 0.54579, 0.84695, 0.54579, 0.84695, 0.33504, -0.34131, -0.87821, -66.58479, -6.07446, -86.28156
2548, 708, -29.16727, -21.39577, 112.30045, 113.26302, NaN, NaN, NaN, 1.00, 0.63385, 0.87519, 0.63385, 0.87519, 0.89048, 0.03444, -0.45372, -63.13565, -9.47233, -82.73108
2549, 750, -33.39381, -20.62749, 115.47694, 116.43845, 8.93193E-08, 8.93193E-08, 8.93193E-08, 1.00, 0.53788, 0.87156, 0.53788, 0.87156, 0.29515, 0.16224, -0.94158, -66.53958, -9.13957, -86.66313
2550, 711, -29.64448, -14.23983, 111.10356, 112.06653, NaN, NaN, NaN, 1.00, 0.63385, 0.82468, 0.63385, 0.82468, 0.82965, -0.38067, -0.40837, -62.33263, -4.20177, -83.23337
2551, 709, -29.05934, -16.32961, 112.48604, 113.44853, NaN, NaN, NaN, 1.00, 0.63385, 0.84348, 0.63385, 0.84348, 0.80851, -0.43398, -0.39747, -63.57473, -5.81381, -82.60483
2552, 751, -34.9276, -13.57758, 114.83771, 115.79942, NaN, NaN, NaN, 1.00, 0.51617, 0.82316, 0.51617, 0.82316, 0.43143, -0.37206, -0.82185, -66.33678, -3.98519, -88.16071
2553, 751, -34.9276, -13.57758, 114.83771, 115.79942, NaN, NaN, NaN, 1.00, 0.51617, 0.82316, 0.51617, 0.82316, 0.43143, -0.37206, -0.82185, -66.33678, -3.98519, -88.16071
2554, 709, -29.05934, -16.32961, 112.48604, 113.44853, NaN, NaN, NaN, 1.00, 0.63385, 0.84348, 0.63385, 0.84348, 0.80851, -0.43398, -0.39747, -63.57473, -5.81381, -82.60483
2555, 749, -33.00268, -16.41302, 115.32434, 116.2859, 8.96908E-08, 8.96908E-08, 8.96908E-08, 1.00, 0.54579, 0.84695, 0.54579, 0.84695, 0.33504, -0.34131, -0.87821, -66.58479, -6.07446, -86.28156
2556, 752, -33.77314, -8.52321, 114.18011, 115.14205, NaN, NaN, NaN, 1.00, 0.52069, 0.74537, 0.52069, 0.74537, 0.50002, -0.69904, -0.5112, -65.88573, -0.27575, -87.06317
2557, 751, -34.9276, -13.57758, 114.83771, 115.79942, NaN, NaN, NaN, 1.00, 0.51617, 0.82316, 0.51617, 0.82316, 0.43143, -0.37206, -0.82185, -66.33678, -3.98519, -88.16071
2558, 753, -35.30476, -6.88493, 115.77937, 116.74078, 8.94272E-08, 8.94272E-08, 8.94272E-08, 1.00, 0.48954, 0.74405, 0.48954, 0.74405, -0.02446, -0.49977, -0.86581, -67.63523, 0.79877, -88.46272
2559, 711, -29.64448, -14.23983, 111.10356, 112.06653, NaN, NaN, NaN, 1.00, 0.63385, 0.82468, 0.63385, 0.82468, 0.82965, -0.38067, -0.40837, -62.33263, -4.20177, -83.23337
2560, 751, -34.9276, -13.57758, 114.83771, 115.79942, NaN, NaN, NaN, 1.00, 0.51617, 0.82316, 0.51617, 0.82316, 0.43143, -0.37206, -0.82185, -66.33678, -3.98519, -88.16071
2561, 715, -27.81414, -8.74152, 111.71069, 112.67344, NaN, NaN, NaN, 1.00, 0.63385, 0.74442, 0.63385, 0.74442, 0.7178, -0.68486, -0.12546, -63.13181, -0.2598, -81.41888
2562, 754, -34.38277, -6.40207, 109.19605, 110.15965, NaN, NaN, NaN, 1.00, 0.52069, 0.72113, 0.52069, 0.72113, 0.7321, -0.34956, -0.58467, -61.05931, 1.61304, -87.89156
2563, 752, -33.77314, -8.52321, 114.18011, 115.14205, NaN, NaN, NaN, 1.00, 0.52069, 0.74537, 0.52069, 0.74537, 0.50002, -0.69904, -0.5112, -65.88573, -0.27575, -87.06317
2564, 753, -35.30476, -6.88493, 115.77937, 116.74078, 8.94272E-08, 8.94272E-08, 8.94272E-08, 1.00, 0.48954, 0.74405, 0.48954, 0.74405, -0.02446, -0.49977, -0.86581, -67.63523, 0.79877, -88.46272
2565, 754, -34.38277, -6.40207, 109.19605, 110.15965, NaN, NaN, NaN, 1.00, 0.52069, 0.72113, 0.52069, 0.72113, 0.7321, -0.34956, -0.58467, -61.05931, 1.61304, -87.89156
2566, 753, -35.30476, -6.88493, 115.77937, 116.74078, 8.94272E-08, 8.94272E-08, 8.94272E-08, 1.00, 0.48954, 0.74405, 0.48954, 0.74405, -0.02446, -0.49977, -0.86581, -67.63523, 0.79877, -88.46272
2567, 755, -36.07042, -5.3109, 110.84152, 111.80457, NaN, NaN, NaN, 1.00, 0.48261, 0.71756, 0.48261, 0.71756, 0.37907, -0.34273, -0.85956, -62.83424, 2.2878, -89.44119
2568, 718, -29.85607, 4.91002, 106.59808, 107.56253, NaN, NaN, NaN, 1.00, 0.63385, 0.63694, 0.63385, 0.63694, 0.97611, 0.07504, -0.20392, -58.83578, 9.99451, -83.61038
2569, 754, -34.38277, -6.40207, 109.19605, 110.15965, NaN, NaN, NaN, 1.00, 0.52069, 0.72113, 0.52069, 0.72113, 0.7321, -0.34956, -0.58467, -61.05931, 1.61304, -87.89156
2570, 756, -41.65089, -0.44907, 111.52514, 112.48795, 8.75860E-08, 8.75860E-08, 8.75860E-08, 1.00, 0.49349, 0.6389, 0.49349, 0.6389, 0.40912, 0.11063, -0.90575, -64.02928, 5.76309, -94.79494
2571, 718, -29.85607, 4.91002, 106.59808, 107.56253, NaN, NaN, NaN, 1.00, 0.63385, 0.63694, 0.63385, 0.63694, 0.97611, 0.07504, -0.20392, -58.83578, 9.99451, -83.61038
2572, 720, -28.25406, -5.7441, 107.23737, 108.20161, NaN, NaN, NaN, 1.00, 0.63385, 0.72087, 0.63385, 0.72087, 0.91106, -0.40088, -0.09625, -58.85088, 2.22803, -82.05586
2573, 754, -34.38277, -6.40207, 109.19605, 110.15965, NaN, NaN, NaN, 1.00, 0.52069, 0.72113, 0.52069, 0.72113, 0.7321, -0.34956, -0.58467, -61.05931, 1.61304, -87.89156
2574, 749, -33.00268, -16.41302, 115.32434, 116.2859, 8.96908E-08, 8.96908E-08, 8.96908E-08, 1.00, 0.54579, 0.84695, 0.54579, 0.84695, 0.33504, -0.34131, -0.87821, -66.58479, -6.07446, -86.28156
2575, 750, -33.39381, -20.62749, 115.47694, 116.43845, 8.93193E-08, 8.93193E-08, 8.93193E-08, 1.00, 0.53788, 0.87156, 0.53788, 0.87156, 0.29515, 0.16224, -0.94158, -66.53958, -9.13957, -86.66313
2576, 757, -32.63874, -14.81577, 120.03304, 120.99302, 8.99301E-08, 8.99301E-08, 8.99301E-08, 1.00, 0.48631, 0.84596, 0.48631, 0.84596, -0.11017, -0.15406, -0.9819, -71.339, -5.24898, -85.69502
2577, 757, -32.63874, -14.81577, 120.03304, 120.99302, 8.99301E-08, 8.99301E-08, 8.99301E-08, 1.00, 0.48631, 0.84596, 0.48631, 0.84596, -0.11017, -0.15406, -0.9819, -71.339, -5.24898, -85.69502
2578, 750, -33.39381, -20.62749, 115.47694, 116.43845, 8.93193E-08, 8.93193E-08, 8.93193E-08, 1.00, 0.53788, 0.87156, 0.53788, 0.87156, 0.29515, 0.16224, -0.94158, -66.53958, -9.13957, -86.66313
2579, 758, -32.94365, -20.44617, 119.69898, 120.65908, 8.95051E-08, 8.95051E-08, 8.95051E-08, 1.00, 0.48315, 0.87495, 0.48315, 0.87495, -0.13929, 0.28322, -0.94889, -70.73251, -9.30595, -86.02055
2580, 749, -33.00268, -16.41302, 115.32434, 116.2859, 8.96908E-08, 8.96908E-08, 8.96908E-08, 1.00, 0.54579, 0.84695, 0.54579, 0.84695, 0.33504, -0.34131, -0.87821, -66.58479, -6.07446, -86.28156
2581, 757, -32.63874, -14.81577, 120.03304, 120.99302, 8.99301E-08, 8.99301E-08, 8.99301E-08, 1.00, 0.48631, 0.84596, 0.48631, 0.84596, -0.11017, -0.15406, -0.9819, -71.339, -5.24898, -85.69502
2582, 759, -33.73928, -12.2946, 120.19698, 121.1569, 8.96939E-08, 8.96939E-08, 8.96939E-08, 1.00, 0.46403, 0.8276, 0.46403, 0.8276, -0.18976, -0.38581, -0.90285, -71.68367, -3.43336, -86.74549
2583, 751, -34.9276, -13.57758, 114.83771, 115.79942, NaN, NaN, NaN, 1.00, 0.51617, 0.82316, 0.51617, 0.82316, 0.43143, -0.37206, -0.82185, -66.33678, -3.98519, -88.16071
2584, 749, -33.00268, -16.41302, 115.32434, 116.2859, 8.96908E-08, 8.96908E-08, 8.96908E-08, 1.00, 0.54579, 0.84695, 0.54579, 0.84695, 0.33504, -0.34131, -0.87821, -66.58479, -6.07446, -86.28156
2585, 759, -33.73928, -12.2946, 120.19698, 121.1569, 8.96939E-08, 8.96939E-08, 8.96939E-08, 1.00, 0.46403, 0.8276, 0.46403, 0.8276, -0.18976, -0.38581, -0.90285, -71.68367, -3.43336, -86.74549
2586, 751, -34.9276, -13.57758, 114.83771, 115.79942, NaN, NaN, NaN, 1.00, 0.51617, 0.82316, 0.51617, 0.82316, 0.43143, -0.37206, -0.82185, -66.33678, -3.98519, -88.16071
2587, 759, -33.73928, -12.2946, 120.19698, 121.1569, 8.96939E-08, 8.96939E-08, 8.96939E-08, 1.00, 0.46403, 0.8276, 0.46403, 0.8276, -0.18976, -0.38581, -0.90285, -71.68367, -3.43336, -86.74549
2588, 753, -35.30476, -6.88493, 115.77937, 116.74078, 8.94272E-08, 8.94272E-08, 8.94272E-08, 1.00, 0.48954, 0.74405, 0.48954, 0.74405, -0.02446, -0.49977, -0.86581, -67.63523, 0.79877, -88.46272
2589, 753, -35.30476, -6.88493, 115.77937, 116.74078, 8.94272E-08, 8.94272E-08, 8.94272E-08, 1.00, 0.48954, 0.74405, 0.48954, 0.74405, -0.02446, -0.49977, -0.86581, -67.63523, 0.79877, -88.46272
2590, 759, -33.73928, -12.2946, 120.19698, 121.1569, 8.96939E-08, 8.96939E-08, 8.96939E-08, 1.00, 0.46403, 0.8276, 0.46403, 0.8276, -0.18976, -0.38581, -0.90285, -71.68367, -3.43336, -86.74549
2591, 760, -35.80853, -2.66859, 117.93864, 118.89932, 8.94858E-08, 8.94858E-08, 8.94858E-08, 1.00, 0.41844, 0.74352, 0.41844, 0.74352, -0.15973, -0.52164, -0.83808, -70.02562, 3.70219, -88.8339
2592, 753, -35.30476, -6.88493, 115.77937, 116.74078, 8.94272E-08, 8.94272E-08, 8.94272E-08, 1.00, 0.48954, 0.74405, 0.48954, 0.74405, -0.02446, -0.49977, -0.86581, -67.63523, 0.79877, -88.46272
2593, 760, -35.80853, -2.66859, 117.93864, 118.89932, 8.94858E-08, 8.94858E-08, 8.94858E-08, 1.00, 0.41844, 0.74352, 0.41844, 0.74352, -0.15973, -0.52164, -0.83808, -70.02562, 3.70219, -88.8339
2594, 761, -41.85088, -2.18216, 117.92941, 118.89009, 8.74822E-08, 8.74822E-08, 8.74822E-08, 1.00, 0.40702, 0.71198, 0.40702, 0.71198, -0.34074, 0.10145, -0.93467, -70.32854, 4.05538, -94.67944
2595, 753, -35.30476, -6.88493, 115.77937, 116.74078, 8.94272E-08, 8.94272E-08, 8.94272E-08, 1.00, 0.48954, 0.74405, 0.48954, 0.74405, -0.02446, -0.49977, -0.86581, -67.63523, 0.79877, -88.46272
2596, 761, -41.85088, -2.18216, 117.92941, 118.89009, 8.74822E-08, 8.74822E-08, 8.74822E-08, 1.00, 0.40702, 0.71198, 0.40702, 0.71198, -0.34074, 0.10145, -0.93467, -70.32854, 4.05538, -94.67944
2597, 755, -36.07042, -5.3109, 110.84152, 111.80457, NaN, NaN, NaN, 1.00, 0.48261, 0.71756, 0.48261, 0.71756, 0.37907, -0.34273, -0.85956, -62.83424, 2.2878, -89.44119
2598, 755, -36.07042, -5.3109, 110.84152, 111.80457, NaN, NaN, NaN, 1.00, 0.48261, 0.71756, 0.48261, 0.71756, 0.37907, -0.34273, -0.85956, -62.83424, 2.2878, -89.44119
2599, 761, -41.85088, -2.18216, 117.92941, 118.89009, 8.74822E-08, 8.74822E-08, 8.74822E-08, 1.00, 0.40702, 0.71198, 0.40702, 0.71198, -0.34074, 0.10145, -0.93467, -70.32854, 4.05538, -94.67944
2600, 756, -41.65089, -0.44907, 111.52514, 112.48795, 8.75860E-08, 8.75860E-08, 8.75860E-08, 1.00, 0.49349, 0.6389, 0.49349, 0.6389, 0.40912, 0.11063, -0.90575, -64.02928, 5.76309, -94.79494
2601, 756, -41.65089, -0.44907, 111.52514, 112.48795, 8.75860E-08, 8.75860E-08, 8.75860E-08, 1.00, 0.49349, 0.6389, 0.49349, 0.6389, 0.40912, 0.11063, -0.90575, -64.02928, 5.76309, -94.79494
2602, 761, -41.85088, -2.18216, 117.92941, 118.89009, 8.74822E-08, 8.74822E-08, 8.74822E-08, 1.00, 0.40702, 0.71198, 0.40702, 0.71198, -0.34074, 0.10145, -0.93467, -70.32854, 4.05538, -94.67944
2603, 762, -42.33926, 1.31384, 112.93784, 113.90018, 8.74548E-08, 8.74548E-08, 8.74548E-08, 1.00, 0.40722, 0.65037, 0.40722, 0.65037, 0.35541, -0.00832, -0.93467, -65.55927, 6.94109, -95.38741
2604, 763, -33.28388, 6.83226, 108.22408, 109.188, NaN, NaN, NaN, 1.00, 0.57267, 0.62512, 0.57267, 0.62512, 0.76317, 0.40668, -0.50218, -60.7166, 11.27294, -86.84258
2605, 718, -29.85607, 4.91002, 106.59808, 107.56253, NaN, NaN, NaN, 1.00, 0.63385, 0.63694, 0.63385, 0.63694, 0.97611, 0.07504, -0.20392, -58.83578, 9.99451, -83.61038
2606, 756, -41.65089, -0.44907, 111.52514, 112.48795, 8.75860E-08, 8.75860E-08, 8.75860E-08, 1.00, 0.49349, 0.6389, 0.49349, 0.6389, 0.40912, 0.11063, -0.90575, -64.02928, 5.76309, -94.79494
2607, 763, -33.28388, 6.83226, 108.22408, 109.188, NaN, NaN, NaN, 1.00, 0.57267, 0.62512, 0.57267, 0.62512, 0.76317, 0.40668, -0.50218, -60.7166, 11.27294, -86.84258
2608, 756, -41.65089, -0.44907, 111.52514, 112.48795, 8.75860E-08, 8.75860E-08, 8.75860E-08, 1.00, 0.49349, 0.6389, 0.49349, 0.6389, 0.40912, 0.11063, -0.90575, -64.02928, 5.76309, -94.79494
2609, 764, -40.9459, 4.02224, 112.32229, 113.28484, NaN, NaN, NaN, 1.00, 0.40712, 0.63588, 0.40712, 0.63588, 0.67637, 0.35743, -0.64403, -65.01864, 8.94737, -94.06257
2610, 764, -40.9459, 4.02224, 112.32229, 113.28484, NaN, NaN, NaN, 1.00, 0.40712, 0.63588, 0.40712, 0.63588, 0.67637, 0.35743, -0.64403, -65.01864, 8.94737, -94.06257
2611, 756, -41.65089, -0.44907, 111.52514, 112.48795, 8.75860E-08, 8.75860E-08, 8.75860E-08, 1.00, 0.49349, 0.6389, 0.49349, 0.6389, 0.40912, 0.11063, -0.90575, -64.02928, 5.76309, -94.79494
2612, 762, -42.33926, 1.31384, 112.93784, 113.90018, 8.74548E-08, 8.74548E-08, 8.74548E-08, 1.00, 0.40722, 0.65037, 0.40722, 0.65037, 0.35541, -0.00832, -0.93467, -65.55927, 6.94109, -95.38741
2613, 763, -33.28388, 6.83226, 108.22408, 109.188, NaN, NaN, NaN, 1.00, 0.57267, 0.62512, 0.57267, 0.62512, 0.76317, 0.40668, -0.50218, -60.7166, 11.27294, -86.84258
2614, 764, -40.9459, 4.02224, 112.32229, 113.28484, NaN, NaN, NaN, 1.00, 0.40712, 0.63588, 0.40712, 0.63588, 0.67637, 0.35743, -0.64403, -65.01864, 8.94737, -94.06257
2615, 765, -34.00722, 10.71478, 110.40828, 111.37147, NaN, NaN, NaN, 1.00, 0.56318, 0.61042, 0.56318, 0.61042, 0.68642, 0.50738, -0.52096, -63.12516, 13.93267, -87.42582
2616, 757, -32.63874, -14.81577, 120.03304, 120.99302, 8.99301E-08, 8.99301E-08, 8.99301E-08, 1.00, 0.48631, 0.84596, 0.48631, 0.84596, -0.11017, -0.15406, -0.9819, -71.339, -5.24898, -85.69502
2617, 758, -32.94365, -20.44617, 119.69898, 120.65908, 8.95051E-08, 8.95051E-08, 8.95051E-08, 1.00, 0.48315, 0.87495, 0.48315, 0.87495, -0.13929, 0.28322, -0.94889, -70.73251, -9.30595, -86.02055
2618, 766, -32.61993, -14.73739, 121.73943, 122.69884, 8.99461E-08, 8.99461E-08, 8.99461E-08, 1.00, 0.44942, 0.85122, 0.44942, 0.85122, -0.08598, -0.21796, -0.97216, -73.04163, -5.31252, -85.59312
2619, 766, -32.61993, -14.73739, 121.73943, 122.69884, 8.99461E-08, 8.99461E-08, 8.99461E-08, 1.00, 0.44942, 0.85122, 0.44942, 0.85122, -0.08598, -0.21796, -0.97216, -73.04163, -5.31252, -85.59312
2620, 758, -32.94365, -20.44617, 119.69898, 120.65908, 8.95051E-08, 8.95051E-08, 8.95051E-08, 1.00, 0.48315, 0.87495, 0.48315, 0.87495, -0.13929, 0.28322, -0.94889, -70.73251, -9.30595, -86.02055
2621, 767, -32.77657, -20.05428, 121.46545, 122.42496, 8.95901E-08, 8.95901E-08, 8.95901E-08, 1.00, 0.44784, 0.87636, 0.44784, 0.87636, -0.11778, 0.20824, -0.97096, -72.504, -9.14651, -85.77147
2622, 757, -32.63874, -14.81577, 120.03304, 120.99302, 8.99301E-08, 8.99301E-08, 8.99301E-08, 1.00, 0.48631, 0.84596, 0.48631, 0.84596, -0.11017, -0.15406, -0.9819, -71.339, -5.24898, -85.69502
2623, 766, -32.61993, -14.73739, 121.73943, 122.69884, 8.99461E-08, 8.99461E-08, 8.99461E-08, 1.00, 0.44942, 0.85122, 0.44942, 0.85122, -0.08598, -0.21796, -0.97216, -73.04163, -5.31252, -85.59312
2624, 759, -33.73928, -12.2946, 120.19698, 121.1569, 8.96939E-08, 8.96939E-08, 8.96939E-08, 1.00, 0.46403, 0.8276, 0.46403, 0.8276, -0.18976, -0.38581, -0.90285, -71.68367, -3.43336, -86.74549
2625, 759, -33.73928, -12.2946, 120.19698, 121.1569, 8.96939E-08, 8.96939E-08, 8.96939E-08, 1.00, 0.46403, 0.8276, 0.46403, 0.8276, -0.18976, -0.38581, -0.90285, -71.68367, -3.43336, -86.74549
2626, 766, -32.61993, -14.73739, 121.73943, 122.69884, 8.99461E-08, 8.99461E-08, 8.99461E-08, 1.00, 0.44942, 0.85122, 0.44942, 0.85122, -0.08598, -0.21796, -0.97216, -73.04163, -5.31252, -85.59312
2627, 768, -33.6488, -11.9923, 121.84579, 122.80516, 8.97462E-08, 8.97462E-08, 8.97462E-08, 1.00, 0.43045, 0.82947, 0.43045, 0.82947, -0.04033, -0.28704, -0.95707, -73.33702, -3.33057, -86.57652
2628, 760, -35.80853, -2.66859, 117.93864, 118.89932, 8.94858E-08, 8.94858E-08, 8.94858E-08, 1.00, 0.41844, 0.74352, 0.41844, 0.74352, -0.15973, -0.52164, -0.83808, -70.02562, 3.70219, -88.8339
2629, 768, -33.6488, -11.9923, 121.84579, 122.80516, 8.97462E-08, 8.97462E-08, 8.97462E-08, 1.00, 0.43045, 0.82947, 0.43045, 0.82947, -0.04033, -0.28704, -0.95707, -73.33702, -3.33057, -86.57652
2630, 769, -36.01698, -2.34437, 118.29735, 119.2579, 8.94330E-08, 8.94330E-08, 8.94330E-08, 1.00, 0.41889, 0.74069, 0.41889, 0.74069, -0.00005, -0.65807, -0.75296, -70.40939, 3.91187, -89.01721
2631, 759, -33.73928, -12.2946, 120.19698, 121.1569, 8.96939E-08, 8.96939E-08, 8.96939E-08, 1.00, 0.46403, 0.8276, 0.46403, 0.8276, -0.18976, -0.38581, -0.90285, -71.68367, -3.43336, -86.74549
2632, 768, -33.6488, -11.9923, 121.84579, 122.80516, 8.97462E-08, 8.97462E-08, 8.97462E-08, 1.00, 0.43045, 0.82947, 0.43045, 0.82947, -0.04033, -0.28704, -0.95707, -73.33702, -3.33057, -86.57652
2633, 760, -35.80853, -2.66859, 117.93864, 118.89932, 8.94858E-08, 8.94858E-08, 8.94858E-08, 1.00, 0.41844, 0.74352, 0.41844, 0.74352, -0.15973, -0.52164, -0.83808, -70.02562, 3.70219, -88.8339
2634, 760, -35.80853, -2.66859, 117.93864, 118.89932, 8.94858E-08, 8.94858E-08, 8.94858E-08, 1.00, 0.41844, 0.74352, 0.41844, 0.74352, -0.15973, -0.52164, -0.83808, -70.02562, 3.70219, -88.8339
2635, 769, -36.01698, -2.34437, 118.29735, 119.2579, 8.94330E-08, 8.94330E-08, 8.94330E-08, 1.00, 0.41889, 0.74069, 0.41889, 0.74069, -0.00005, -0.65807, -0.75296, -70.40939, 3.91187, -89.01721
2636, 761, -41.85088, -2.18216, 117.92941, 118.89009, 8.74822E-08, 8.74822E-08, 8.74822E-08, 1.00, 0.40702, 0.71198, 0.40702, 0.71198, -0.34074, 0.10145, -0.93467, -70.32854, 4.05538, -94.67944
2637, 708, -29.16727, -21.39577, 112.30045, 113.26302, NaN, NaN, NaN, 1.00, 0.63385, 0.87519, 0.63385, 0.87519, 0.89048, 0.03444, -0.45372, -63.13565, -9.47233, -82.73108
2638, 734, -29.19339, -22.69566, 112.31078, 113.27334, NaN, NaN, NaN, 1.00, 0.63385, 0.88546, 0.63385, 0.88546, 0.89082, -0.02021, -0.4539, -63.08062, -10.41513, -82.75912
2639, 750, -33.39381, -20.62749, 115.47694, 116.43845, 8.93193E-08, 8.93193E-08, 8.93193E-08, 1.00, 0.53788, 0.87156, 0.53788, 0.87156, 0.29515, 0.16224, -0.94158, -66.53958, -9.13957, -86.66313
2640, 750, -33.39381, -20.62749, 115.47694, 116.43845, 8.93193E-08, 8.93193E-08, 8.93193E-08, 1.00, 0.53788, 0.87156, 0.53788, 0.87156, 0.29515, 0.16224, -0.94158, -66.53958, -9.13957, -86.66313
2641, 734, -29.19339, -22.69566, 112.31078, 113.27334, NaN, NaN, NaN, 1.00, 0.63385, 0.88546, 0.63385, 0.88546, 0.89082, -0.02021, -0.4539, -63.08062, -10.41513, -82.75912
2642, 770, -33.52499, -22.37578, 115.59772, 116.55919, NaN, NaN, NaN, 1.00, 0.53544, 0.88546, 0.53544, 0.88546, 0.4351, 0.03723, -0.89961, -66.57661, -10.41513, -86.78855
2643, 750, -33.39381, -20.62749, 115.47694, 116.43845, 8.93193E-08, 8.93193E-08, 8.93193E-08, 1.00, 0.53788, 0.87156, 0.53788, 0.87156, 0.29515, 0.16224, -0.94158, -66.53958, -9.13957, -86.66313
2644, 770, -33.52499, -22.37578, 115.59772, 116.55919, NaN, NaN, NaN, 1.00, 0.53544, 0.88546, 0.53544, 0.88546, 0.4351, 0.03723, -0.89961, -66.57661, -10.41513, -86.78855
2645, 771, -33.58449, -21.94014, 120.07412, 121.03409, 8.92033E-08, 8.92033E-08, 8.92033E-08, 1.00, 0.47007, 0.88703, 0.47007, 0.88703, -0.14067, 0.34466, -0.92813, -71.06011, -10.41513, -86.626
2646, 750, -33.39381, -20.62749, 115.47694, 116.43845, 8.93193E-08, 8.93193E-08, 8.93193E-08, 1.00, 0.53788, 0.87156, 0.53788, 0.87156, 0.29515, 0.16224, -0.94158, -66.53958, -9.13957, -86.66313
2647, 771, -33.58449, -21.94014, 120.07412, 121.03409, 8.92033E-08, 8.92033E-08, 8.92033E-08, 1.00, 0.47007, 0.88703, 0.47007, 0.88703, -0.14067, 0.34466, -0.92813, -71.06011, -10.41513, -86.626
2648, 758, -32.94365, -20.44617, 119.69898, 120.65908, 8.95051E-08, 8.95051E-08, 8.95051E-08, 1.00, 0.48315, 0.87495, 0.48315, 0.87495, -0.13929, 0.28322, -0.94889, -70.73251, -9.30595, -86.02055
2649, 758, -32.94365, -20.44617, 119.69898, 120.65908, 8.95051E-08, 8.95051E-08, 8.95051E-08, 1.00, 0.48315, 0.87495, 0.48315, 0.87495, -0.13929, 0.28322, -0.94889, -70.73251, -9.30595, -86.02055
2650, 771, -33.58449, -21.94014, 120.07412, 121.03409, 8.92033E-08, 8.92033E-08, 8.92033E-08, 1.00, 0.47007, 0.88703, 0.47007, 0.88703, -0.14067, 0.34466, -0.92813, -71.06011, -10.41513, -86.626
2651, 772, -33.21639, -21.7555, 121.97137, 122.93071, 8.93440E-08, 8.93440E-08, 8.93440E-08, 1.00, 0.4372, 0.89018, 0.4372, 0.89018, -0.17426, 0.39734, -0.90098, -72.94168, -10.41513, -86.17654
2652, 758, -32.94365, -20.44617, 119.69898, 120.65908, 8.95051E-08, 8.95051E-08, 8.95051E-08, 1.00, 0.48315, 0.87495, 0.48315, 0.87495, -0.13929, 0.28322, -0.94889, -70.73251, -9.30595, -86.02055
2653, 772, -33.21639, -21.7555, 121.97137, 122.93071, 8.93440E-08, 8.93440E-08, 8.93440E-08, 1.00, 0.4372, 0.89018, 0.4372, 0.89018, -0.17426, 0.39734, -0.90098, -72.94168, -10.41513, -86.17654
2654, 767, -32.77657, -20.05428, 121.46545, 122.42496, 8.95901E-08, 8.95901E-08, 8.95901E-08, 1.00, 0.44784, 0.87636, 0.44784, 0.87636, -0.11778, 0.20824, -0.97096, -72.504, -9.14651, -85.77147
2655, 734, -29.19339, -22.69566, 112.31078, 113.27334, NaN, NaN, NaN, 1.00, 0.63385, 0.88546, 0.63385, 0.88546, 0.89082, -0.02021, -0.4539, -63.08062, -10.41513, -82.75912
2656, 739, -29.03485, -28.56007, 112.67834, 113.64078, NaN, NaN, NaN, 1.00, 0.63385, 0.93945, 0.63385, 0.93945, 0.88419, -0.12349, -0.45052, -63.13892, -14.69118, -82.60249
2657, 770, -33.52499, -22.37578, 115.59772, 116.55919, NaN, NaN, NaN, 1.00, 0.53544, 0.88546, 0.53544, 0.88546, 0.4351, 0.03723, -0.89961, -66.57661, -10.41513, -86.78855
2658, 770, -33.52499, -22.37578, 115.59772, 116.55919, NaN, NaN, NaN, 1.00, 0.53544, 0.88546, 0.53544, 0.88546, 0.4351, 0.03723, -0.89961, -66.57661, -10.41513, -86.78855
2659, 739, -29.03485, -28.56007, 112.67834, 113.64078, NaN, NaN, NaN, 1.00, 0.63385, 0.93945, 0.63385, 0.93945, 0.88419, -0.12349, -0.45052, -63.13892, -14.69118, -82.60249
2660, 773, -33.49985, -28.4287, 115.98261, 116.94395, NaN, NaN, NaN, 1.00, 0.53314, 0.94095, 0.53314, 0.94095, 0.67837, -0.01881, -0.73448, -66.64885, -14.82902, -86.76062
2661, 770, -33.52499, -22.37578, 115.59772, 116.55919, NaN, NaN, NaN, 1.00, 0.53544, 0.88546, 0.53544, 0.88546, 0.4351, 0.03723, -0.89961, -66.57661, -10.41513, -86.78855
2662, 773, -33.49985, -28.4287, 115.98261, 116.94395, NaN, NaN, NaN, 1.00, 0.53314, 0.94095, 0.53314, 0.94095, 0.67837, -0.01881, -0.73448, -66.64885, -14.82902, -86.76062
2663, 774, -35.12558, -28.34592, 118.01828, 118.97893, 8.83047E-08, 8.83047E-08, 8.83047E-08, 1.00, 0.48999, 0.94186, 0.48999, 0.94186, 0.16013, 0.09134, -0.98286, -68.75784, -14.91261, -88.23379
2664, 770, -33.52499, -22.37578, 115.59772, 116.55919, NaN, NaN, NaN, 1.00, 0.53544, 0.88546, 0.53544, 0.88546, 0.4351, 0.03723, -0.89961, -66.57661, -10.41513, -86.78855
2665, 775, -33.9837, -23.6677, 120.10364, 121.0636, 8.89689E-08, 8.89689E-08, 8.89689E-08, 1.00, 0.46382, 0.90069, 0.46382, 0.90069, -0.12696, 0.23408, -0.96389, -71.02004, -11.66923, -87.01516
2666, 771, -33.58449, -21.94014, 120.07412, 121.03409, 8.92033E-08, 8.92033E-08, 8.92033E-08, 1.00, 0.47007, 0.88703, 0.47007, 0.88703, -0.14067, 0.34466, -0.92813, -71.06011, -10.41513, -86.626
2667, 776, -34.56464, -27.87664, 121.73206, 122.69147, 8.85325E-08, 8.85325E-08, 8.85325E-08, 1.00, 0.41671, 0.94573, 0.41671, 0.94573, -0.17493, 0.12069, -0.97716, -72.45403, -14.83444, -87.50816
2668, 775, -33.9837, -23.6677, 120.10364, 121.0636, 8.89689E-08, 8.89689E-08, 8.89689E-08, 1.00, 0.46382, 0.90069, 0.46382, 0.90069, -0.12696, 0.23408, -0.96389, -71.02004, -11.66923, -87.01516
2669, 774, -35.12558, -28.34592, 118.01828, 118.97893, 8.83047E-08, 8.83047E-08, 8.83047E-08, 1.00, 0.48999, 0.94186, 0.48999, 0.94186, 0.16013, 0.09134, -0.98286, -68.75784, -14.91261, -88.23379
2670, 771, -33.58449, -21.94014, 120.07412, 121.03409, 8.92033E-08, 8.92033E-08, 8.92033E-08, 1.00, 0.47007, 0.88703, 0.47007, 0.88703, -0.14067, 0.34466, -0.92813, -71.06011, -10.41513, -86.626
2671, 775, -33.9837, -23.6677, 120.10364, 121.0636, 8.89689E-08, 8.89689E-08, 8.89689E-08, 1.00, 0.46382, 0.90069, 0.46382, 0.90069, -0.12696, 0.23408, -0.96389, -71.02004, -11.66923, -87.01516
2672, 777, -33.59465, -23.36616, 122.42706, 123.38625, 8.91237E-08, 8.91237E-08, 8.91237E-08, 1.00, 0.42796, 0.90324, 0.42796, 0.90324, -0.20448, 0.26695, -0.94177, -73.33105, -11.61457, -86.52428
2673, 771, -33.58449, -21.94014, 120.07412, 121.03409, 8.92033E-08, 8.92033E-08, 8.92033E-08, 1.00, 0.47007, 0.88703, 0.47007, 0.88703, -0.14067, 0.34466, -0.92813, -71.06011, -10.41513, -86.626
2674, 777, -33.59465, -23.36616, 122.42706, 123.38625, 8.91237E-08, 8.91237E-08, 8.91237E-08, 1.00, 0.42796, 0.90324, 0.42796, 0.90324, -0.20448, 0.26695, -0.94177, -73.33105, -11.61457, -86.52428
2675, 772, -33.21639, -21.7555, 121.97137, 122.93071, 8.93440E-08, 8.93440E-08, 8.93440E-08, 1.00, 0.4372, 0.89018, 0.4372, 0.89018, -0.17426, 0.39734, -0.90098, -72.94168, -10.41513, -86.17654
2676, 774, -35.12558, -28.34592, 118.01828, 118.97893, 8.83047E-08, 8.83047E-08, 8.83047E-08, 1.00, 0.48999, 0.94186, 0.48999, 0.94186, 0.16013, 0.09134, -0.98286, -68.75784, -14.91261, -88.23379
2677, 775, -33.9837, -23.6677, 120.10364, 121.0636, 8.89689E-08, 8.89689E-08, 8.89689E-08, 1.00, 0.46382, 0.90069, 0.46382, 0.90069, -0.12696, 0.23408, -0.96389, -71.02004, -11.66923, -87.01516
2678, 770, -33.52499, -22.37578, 115.59772, 116.55919, NaN, NaN, NaN, 1.00, 0.53544, 0.88546, 0.53544, 0.88546, 0.4351, 0.03723, -0.89961, -66.57661, -10.41513, -86.78855
2679, 777, -33.59465, -23.36616, 122.42706, 123.38625, 8.91237E-08, 8.91237E-08, 8.91237E-08, 1.00, 0.42796, 0.90324, 0.42796, 0.90324, -0.20448, 0.26695, -0.94177, -73.33105, -11.61457, -86.52428
2680, 775, -33.9837, -23.6677, 120.10364, 121.0636, 8.89689E-08, 8.89689E-08, 8.89689E-08, 1.00, 0.46382, 0.90069, 0.46382, 0.90069, -0.12696, 0.23408, -0.96389, -71.02004, -11.66923, -87.01516
2681, 776, -34.56464, -27.87664, 121.73206, 122.69147, 8.85325E-08, 8.85325E-08, 8.85325E-08, 1.00, 0.41671, 0.94573, 0.41671, 0.94573, -0.17493, 0.12069, -0.97716, -72.45403, -14.83444, -87.50816
2682, 752, -33.77314, -8.52321, 114.18011, 115.14205, NaN, NaN, NaN, 1.00, 0.52069, 0.74537, 0.52069, 0.74537, 0.50002, -0.69904, -0.5112, -65.88573, -0.27575, -87.06317
2683, 754, -34.38277, -6.40207, 109.19605, 110.15965, NaN, NaN, NaN, 1.00, 0.52069, 0.72113, 0.52069, 0.72113, 0.7321, -0.34956, -0.58467, -61.05931, 1.61304, -87.89156
2684, 720, -28.25406, -5.7441, 107.23737, 108.20161, NaN, NaN, NaN, 1.00, 0.63385, 0.72087, 0.63385, 0.72087, 0.91106, -0.40088, -0.09625, -58.85088, 2.22803, -82.05586
2685, 756, -41.65089, -0.44907, 111.52514, 112.48795, 8.75860E-08, 8.75860E-08, 8.75860E-08, 1.00, 0.49349, 0.6389, 0.49349, 0.6389, 0.40912, 0.11063, -0.90575, -64.02928, 5.76309, -94.79494
2686, 754, -34.38277, -6.40207, 109.19605, 110.15965, NaN, NaN, NaN, 1.00, 0.52069, 0.72113, 0.52069, 0.72113, 0.7321, -0.34956, -0.58467, -61.05931, 1.61304, -87.89156
2687, 755, -36.07042, -5.3109, 110.84152, 111.80457, NaN, NaN, NaN, 1.00, 0.48261, 0.71756, 0.48261, 0.71756, 0.37907, -0.34273, -0.85956, -62.83424, 2.2878, -89.44119
2688, 751, -34.9276, -13.57758, 114.83771, 115.79942, NaN, NaN, NaN, 1.00, 0.51617, 0.82316, 0.51617, 0.82316, 0.43143, -0.37206, -0.82185, -66.33678, -3.98519, -88.16071
2689, 752, -33.77314, -8.52321, 114.18011, 115.14205, NaN, NaN, NaN, 1.00, 0.52069, 0.74537, 0.52069, 0.74537, 0.50002, -0.69904, -0.5112, -65.88573, -0.27575, -87.06317
2690, 715, -27.81414, -8.74152, 111.71069, 112.67344, NaN, NaN, NaN, 1.00, 0.63385, 0.74442, 0.63385, 0.74442, 0.7178, -0.68486, -0.12546, -63.13181, -0.2598, -81.41888
2691, 720, -28.25406, -5.7441, 107.23737, 108.20161, NaN, NaN, NaN, 1.00, 0.63385, 0.72087, 0.63385, 0.72087, 0.91106, -0.40088, -0.09625, -58.85088, 2.22803, -82.05586
2692, 715, -27.81414, -8.74152, 111.71069, 112.67344, NaN, NaN, NaN, 1.00, 0.63385, 0.74442, 0.63385, 0.74442, 0.7178, -0.68486, -0.12546, -63.13181, -0.2598, -81.41888
2693, 752, -33.77314, -8.52321, 114.18011, 115.14205, NaN, NaN, NaN, 1.00, 0.52069, 0.74537, 0.52069, 0.74537, 0.50002, -0.69904, -0.5112, -65.88573, -0.27575, -87.06317
2694, 739, -29.03485, -28.56007, 112.67834, 113.64078, NaN, NaN, NaN, 1.00, 0.63385, 0.93945, 0.63385, 0.93945, 0.88419, -0.12349, -0.45052, -63.13892, -14.69118, -82.60249
2695, 745, -28.5628, -35.37581, 114.04971, 115.01169, NaN, NaN, NaN, 1.00, 0.63385, 0.9943, 0.63385, 0.9943, 0.8699, -0.21636, -0.44324, -64.13337, -19.72749, -82.09579
2696, 778, -33.52035, -34.52153, 115.84157, 116.80295, NaN, NaN, NaN, 1.00, 0.55637, 0.99147, 0.55637, 0.99147, 0.72654, 0.17316, -0.66494, -66.1974, -19.23474, -86.80268
2697, 779, -35.0195, -31.11472, 118.3063, 119.26685, NaN, NaN, NaN, 1.00, 0.49104, 0.98035, 0.49104, 0.98035, 0.17256, 0.5023, -0.8473, -68.8979, -16.93956, -88.12402
2698, 773, -33.49985, -28.4287, 115.98261, 116.94395, NaN, NaN, NaN, 1.00, 0.53314, 0.94095, 0.53314, 0.94095, 0.67837, -0.01881, -0.73448, -66.64885, -14.82902, -86.76062
2699, 778, -33.52035, -34.52153, 115.84157, 116.80295, NaN, NaN, NaN, 1.00, 0.55637, 0.99147, 0.55637, 0.99147, 0.72654, 0.17316, -0.66494, -66.1974, -19.23474, -86.80268
2700, 779, -35.0195, -31.11472, 118.3063, 119.26685, NaN, NaN, NaN, 1.00, 0.49104, 0.98035, 0.49104, 0.98035, 0.17256, 0.5023, -0.8473, -68.8979, -16.93956, -88.12402
2701, 776, -34.56464, -27.87664, 121.73206, 122.69147, 8.85325E-08, 8.85325E-08, 8.85325E-08, 1.00, 0.41671, 0.94573, 0.41671, 0.94573, -0.17493, 0.12069, -0.97716, -72.45403, -14.83444, -87.50816
2702, 774, -35.12558, -28.34592, 118.01828, 118.97893, 8.83047E-08, 8.83047E-08, 8.83047E-08, 1.00, 0.48999, 0.94186, 0.48999, 0.94186, 0.16013, 0.09134, -0.98286, -68.75784, -14.91261, -88.23379
2703, 773, -33.49985, -28.4287, 115.98261, 116.94395, NaN, NaN, NaN, 1.00, 0.53314, 0.94095, 0.53314, 0.94095, 0.67837, -0.01881, -0.73448, -66.64885, -14.82902, -86.76062
2704, 779, -35.0195, -31.11472, 118.3063, 119.26685, NaN, NaN, NaN, 1.00, 0.49104, 0.98035, 0.49104, 0.98035, 0.17256, 0.5023, -0.8473, -68.8979, -16.93956, -88.12402
2705, 774, -35.12558, -28.34592, 118.01828, 118.97893, 8.83047E-08, 8.83047E-08, 8.83047E-08, 1.00, 0.48999, 0.94186, 0.48999, 0.94186, 0.16013, 0.09134, -0.98286, -68.75784, -14.91261, -88.23379
2706, 776, -34.56464, -27.87664, 121.73206, 122.69147, 8.85325E-08, 8.85325E-08, 8.85325E-08, 1.00, 0.41671, 0.94573, 0.41671, 0.94573, -0.17493, 0.12069, -0.97716, -72.45403, -14.83444, -87.50816
2707, 779, -35.0195, -31.11472, 118.3063, 119.26685, NaN, NaN, NaN, 1.00, 0.49104, 0.98035, 0.49104, 0.98035, 0.17256, 0.5023, -0.8473, -68.8979, -16.93956, -88.12402
2708, 780, -33.89112, -30.22512, 122.51881, 123.47796, 8.86186E-08, 8.86186E-08, 8.86186E-08, 1.00, 0.4093, 0.98167, 0.4093, 0.98167, -0.19853, 0.57503, -0.79368, -73.08535, -16.59194, -86.8239
2709, 773, -33.49985, -28.4287, 115.98261, 116.94395, NaN, NaN, NaN, 1.00, 0.53314, 0.94095, 0.53314, 0.94095, 0.67837, -0.01881, -0.73448, -66.64885, -14.82902, -86.76062
2710, 739, -29.03485, -28.56007, 112.67834, 113.64078, NaN, NaN, NaN, 1.00, 0.63385, 0.93945, 0.63385, 0.93945, 0.88419, -0.12349, -0.45052, -63.13892, -14.69118, -82.60249
2711, 778, -33.52035, -34.52153, 115.84157, 116.80295, NaN, NaN, NaN, 1.00, 0.55637, 0.99147, 0.55637, 0.99147, 0.72654, 0.17316, -0.66494, -66.1974, -19.23474, -86.80268
