VTX, IDX, SV_POSITION.x, SV_POSITION.y, SV_POSITION.z, SV_POSITION.w, COLOR.x, COLOR.y, COLOR.z, COLOR.w, TEXCOORD0.x, TEXCOORD0.y, TEXCOORD1.x, TEXCOORD1.y, NORMAL.x, NORMAL.y, NORMAL.z, WORLDPOS.x, WORLDPOS.y, WORLDPOS.z
0, 0, -28.93085, 26.45134, 110.2038, 111.16706, 0.00, 0.80, 0.00, 1.00, 0.44849, 0.14128, 0.44849, 0.14128, -0.02277, -0.32256, 0.94389, -28.93085, 26.45134, 110.2038
1, 1, -29.70714, 28.53158, 109.66, 110.62344, 0.00, 0.80, 0.00, 1.00, 0.44849, 0.00096, 0.44849, 0.00096, 0.03892, -0.19585, 0.97762, -29.70714, 28.53158, 109.66
2, 2, -28.046, 29.98811, 109.78877, 110.75218, 0.00, 0.80, 0.00, 1.00, 0.64421, 0.00096, 0.64421, 0.00096, -0.48421, -0.09179, 0.86767, -28.046, 29.98811, 109.78877
3, 0, -28.93085, 26.45134, 110.2038, 111.16706, 0.00, 0.80, 0.00, 1.00, 0.44849, 0.14128, 0.44849, 0.14128, -0.02277, -0.32256, 0.94389, -28.93085, 26.45134, 110.2038
4, 2, -28.046, 29.98811, 109.78877, 110.75218, 0.00, 0.80, 0.00, 1.00, 0.64421, 0.00096, 0.64421, 0.00096, -0.48421, -0.09179, 0.86767, -28.046, 29.98811, 109.78877
5, 3, -27.04467, 28.89783, 110.7912, 111.75427, 0.00, 0.80, 0.00, 1.00, 0.68555, 0.13161, 0.68555, 0.13161, -0.59997, -0.10099, 0.79088, -27.04467, 28.89783, 110.7912
6, 3, -27.04467, 28.89783, 110.7912, 111.75427, 0.00, 0.80, 0.00, 1.00, 0.68555, 0.13161, 0.68555, 0.13161, -0.59997, -0.10099, 0.79088, -27.04467, 28.89783, 110.7912
7, 2, -28.046, 29.98811, 109.78877, 110.75218, 0.00, 0.80, 0.00, 1.00, 0.64421, 0.00096, 0.64421, 0.00096, -0.48421, -0.09179, 0.86767, -28.046, 29.98811, 109.78877
8, 4, -26.94922, 30.60091, 110.6207, 111.58383, 0.00, 0.80, 0.00, 1.00, 0.74824, 0.07275, 0.74824, 0.07275, -0.64619, -0.02524, 0.75998, -26.94922, 30.60091, 110.6207
9, 5, -2.85633, -21.58096, 111.99902, 112.96169, 0.00, 0.80, 0.00, 1.00, 0.17143, 0.09234, 0.17143, 0.09234, -0.23318, -0.91732, 0.32107, -2.85633, -21.58096, 111.99902
10, 6, -3.53282, -22.71468, 116.27604, 117.23728, 0.00, 0.80, 0.00, 1.00, 0.08136, 0.13403, 0.08136, 0.13403, -0.19849, -0.93133, 0.30371, -3.53282, -22.71468, 116.27604
11, 7, -4.68527, -22.34985, 112.74598, 113.7084, 0.00, 0.80, 0.00, 1.00, 0.12471, 0.08883, 0.12471, 0.08883, -0.21348, -0.93036, 0.29641, -4.68527, -22.34985, 112.74598
12, 5, -2.85633, -21.58096, 111.99902, 112.96169, 0.00, 0.80, 0.00, 1.00, 0.17143, 0.09234, 0.17143, 0.09234, -0.23318, -0.91732, 0.32107, -2.85633, -21.58096, 111.99902
13, 8, -1.94197, -22.11713, 115.27396, 116.23553, 0.00, 0.80, 0.00, 1.00, 0.12373, 0.13903, 0.12373, 0.13903, -0.23005, -0.91486, 0.3302, -1.94197, -22.11713, 115.27396
14, 6, -3.53282, -22.71468, 116.27604, 117.23728, 0.00, 0.80, 0.00, 1.00, 0.08136, 0.13403, 0.08136, 0.13403, -0.19849, -0.93133, 0.30371, -3.53282, -22.71468, 116.27604
15, 7, -4.68527, -22.34985, 112.74598, 113.7084, 0.00, 0.80, 0.00, 1.00, 0.12471, 0.08883, 0.12471, 0.08883, -0.21348, -0.93036, 0.29641, -4.68527, -22.34985, 112.74598
16, 6, -3.53282, -22.71468, 116.27604, 117.23728, 0.00, 0.80, 0.00, 1.00, 0.08136, 0.13403, 0.08136, 0.13403, -0.19849, -0.93133, 0.30371, -3.53282, -22.71468, 116.27604
17, 9, -5.96343, -22.93459, 114.10817, 115.07013, 0.00, 0.80, 0.00, 1.00, 0.07377, 0.08963, 0.07377, 0.08963, -0.18743, -0.93804, 0.28983, -5.96343, -22.93459, 114.10817
18, 8, -1.94197, -22.11713, 115.27396, 116.23553, 0.00, 0.80, 0.00, 1.00, 0.12373, 0.13903, 0.12373, 0.13903, -0.23005, -0.91486, 0.3302, -1.94197, -22.11713, 115.27396
19, 5, -2.85633, -21.58096, 111.99902, 112.96169, 0.00, 0.80, 0.00, 1.00, 0.17143, 0.09234, 0.17143, 0.09234, -0.23318, -0.91732, 0.32107, -2.85633, -21.58096, 111.99902
20, 10, -1.09105, -21.29119, 113.58167, 114.54381, 0.00, 0.80, 0.00, 1.00, 0.16611, 0.12918, 0.16611, 0.12918, -0.29074, -0.89333, 0.34092, -1.09105, -21.29119, 113.58167
21, 11, -3.83997, -17.66889, 111.9923, 112.95497, 0.00, 0.80, 0.00, 1.00, 0.17579, 0.04419, 0.17579, 0.04419, 0.28912, 0.30535, 0.90604, -3.83997, -17.66889, 111.9923
22, 12, -5.16086, -14.45968, 113.00507, 113.9674, 0.00, 0.80, 0.00, 1.00, 0.13161, 0.00331, 0.13161, 0.00331, 0.45114, 0.39686, 0.79804, -5.16086, -14.45968, 113.00507
23, 13, -4.35206, -14.16908, 112.88763, 113.85001, 0.00, 0.80, 0.00, 1.00, 0.17648, 0.0044, 0.17648, 0.0044, 0.21664, 0.43619, 0.87224, -4.35206, -14.16908, 112.88763
24, 11, -3.83997, -17.66889, 111.9923, 112.95497, 0.00, 0.80, 0.00, 1.00, 0.17579, 0.04419, 0.17579, 0.04419, 0.28912, 0.30535, 0.90604, -3.83997, -17.66889, 111.9923
25, 14, -5.90488, -18.50927, 112.62554, 113.588, 0.00, 0.80, 0.00, 1.00, 0.12673, 0.04318, 0.12673, 0.04318, 0.55226, 0.2257, 0.80106, -5.90488, -18.50927, 112.62554
26, 12, -5.16086, -14.45968, 113.00507, 113.9674, 0.00, 0.80, 0.00, 1.00, 0.13161, 0.00331, 0.13161, 0.00331, 0.45114, 0.39686, 0.79804, -5.16086, -14.45968, 113.00507
27, 15, -4.00319, -18.75218, 117.08392, 118.0449, 0.00, 0.80, 0.00, 1.00, 0.32124, 0.0475, 0.32124, 0.0475, -0.41226, 0.24197, -0.87691, -4.00319, -18.75218, 117.08392
28, 16, -3.27545, -14.59505, 114.68079, 115.64256, 0.00, 0.80, 0.00, 1.00, 0.27177, 0.00674, 0.27177, 0.00674, -0.51514, 0.42579, -0.74235, -3.27545, -14.59505, 114.68079
29, 17, -4.64136, -15.05241, 115.61841, 116.57986, 0.00, 0.80, 0.00, 1.00, 0.31673, 0.00658, 0.31673, 0.00658, -0.40921, 0.37598, -0.82994, -4.64136, -15.05241, 115.61841
30, 15, -4.00319, -18.75218, 117.08392, 118.0449, 0.00, 0.80, 0.00, 1.00, 0.32124, 0.0475, 0.32124, 0.0475, -0.41226, 0.24197, -0.87691, -4.00319, -18.75218, 117.08392
31, 18, -2.26068, -18.11571, 116.10199, 117.06329, 0.00, 0.80, 0.00, 1.00, 0.27484, 0.04949, 0.27484, 0.04949, -0.65473, 0.22726, -0.71918, -2.26068, -18.11571, 116.10199
32, 16, -3.27545, -14.59505, 114.68079, 115.64256, 0.00, 0.80, 0.00, 1.00, 0.27177, 0.00674, 0.27177, 0.00674, -0.51514, 0.42579, -0.74235, -3.27545, -14.59505, 114.68079
33, 14, -5.90488, -18.50927, 112.62554, 113.588, 0.00, 0.80, 0.00, 1.00, 0.12673, 0.04318, 0.12673, 0.04318, 0.55226, 0.2257, 0.80106, -5.90488, -18.50927, 112.62554
34, 19, -6.30956, -14.94312, 114.17993, 115.14188, 0.00, 0.80, 0.00, 1.00, 0.06758, 0.0022, 0.06758, 0.0022, 0.75161, 0.34795, 0.55834, -6.30956, -14.94312, 114.17993
35, 12, -5.16086, -14.45968, 113.00507, 113.9674, 0.00, 0.80, 0.00, 1.00, 0.13161, 0.00331, 0.13161, 0.00331, 0.45114, 0.39686, 0.79804, -5.16086, -14.45968, 113.00507
36, 14, -5.90488, -18.50927, 112.62554, 113.588, 0.00, 0.80, 0.00, 1.00, 0.12673, 0.04318, 0.12673, 0.04318, 0.55226, 0.2257, 0.80106, -5.90488, -18.50927, 112.62554
37, 20, -7.22122, -19.11298, 114.09112, 115.05309, 0.00, 0.80, 0.00, 1.00, 0.06962, 0.04232, 0.06962, 0.04232, 0.75266, 0.09653, 0.64937, -7.22122, -19.11298, 114.09112
38, 19, -6.30956, -14.94312, 114.17993, 115.14188, 0.00, 0.80, 0.00, 1.00, 0.06758, 0.0022, 0.06758, 0.0022, 0.75161, 0.34795, 0.55834, -6.30956, -14.94312, 114.17993
39, 21, -7.22122, -19.11298, 114.09112, 115.05309, 0.00, 0.80, 0.00, 1.00, 0.06953, 0.04232, 0.06953, 0.04232, 0.67953, -0.07171, -0.72823, -7.22122, -19.11298, 114.09112
40, 22, -4.64136, -15.05241, 115.61841, 116.57986, 0.00, 0.80, 0.00, 1.00, 0.00909, 0.00308, 0.00909, 0.00308, 0.66736, 0.07362, -0.73914, -4.64136, -15.05241, 115.61841
41, 23, -6.30956, -14.94312, 114.17993, 115.14188, 0.00, 0.80, 0.00, 1.00, 0.06744, 0.00219, 0.06744, 0.00219, 0.64975, 0.04364, -0.757, -6.30956, -14.94312, 114.17993
42, 21, -7.22122, -19.11298, 114.09112, 115.05309, 0.00, 0.80, 0.00, 1.00, 0.06953, 0.04232, 0.06953, 0.04232, 0.67953, -0.07171, -0.72823, -7.22122, -19.11298, 114.09112
43, 24, -4.00319, -18.75218, 117.08392, 118.0449, 0.00, 0.80, 0.00, 1.00, 0.00573, 0.04991, 0.00573, 0.04991, 0.68554, -0.20669, -0.69622, -4.00319, -18.75218, 117.08392
44, 22, -4.64136, -15.05241, 115.61841, 116.57986, 0.00, 0.80, 0.00, 1.00, 0.00909, 0.00308, 0.00909, 0.00308, 0.66736, 0.07362, -0.73914, -4.64136, -15.05241, 115.61841
45, 18, -2.26068, -18.11571, 116.10199, 117.06329, 0.00, 0.80, 0.00, 1.00, 0.27484, 0.04949, 0.27484, 0.04949, -0.65473, 0.22726, -0.71918, -2.26068, -18.11571, 116.10199
46, 25, -3.15816, -14.08157, 113.944, 114.90602, 0.00, 0.80, 0.00, 1.00, 0.22293, 0.00477, 0.22293, 0.00477, -0.74385, 0.44983, -0.49217, -3.15816, -14.08157, 113.944
47, 16, -3.27545, -14.59505, 114.68079, 115.64256, 0.00, 0.80, 0.00, 1.00, 0.27177, 0.00674, 0.27177, 0.00674, -0.51514, 0.42579, -0.74235, -3.27545, -14.59505, 114.68079
48, 18, -2.26068, -18.11571, 116.10199, 117.06329, 0.00, 0.80, 0.00, 1.00, 0.27484, 0.04949, 0.27484, 0.04949, -0.65473, 0.22726, -0.71918, -2.26068, -18.11571, 116.10199
49, 26, -1.50086, -17.26161, 114.17879, 115.14073, 0.00, 0.80, 0.00, 1.00, 0.22844, 0.04552, 0.22844, 0.04552, -0.8548, 0.23104, -0.46208, -1.50086, -17.26161, 114.17879
50, 25, -3.15816, -14.08157, 113.944, 114.90602, 0.00, 0.80, 0.00, 1.00, 0.22293, 0.00477, 0.22293, 0.00477, -0.74385, 0.44983, -0.49217, -3.15816, -14.08157, 113.944
51, 27, -1.50086, -17.26161, 114.17879, 115.14073, 0.00, 0.80, 0.00, 1.00, 0.22837, 0.04551, 0.22837, 0.04551, -0.64218, 0.40225, 0.65086, -1.50086, -17.26161, 114.17879
52, 28, -4.35206, -14.16908, 112.88763, 113.85001, 0.00, 0.80, 0.00, 1.00, 0.17658, 0.0044, 0.17658, 0.0044, -0.61881, 0.47215, 0.62621, -4.35206, -14.16908, 112.88763
53, 29, -3.15816, -14.08157, 113.944, 114.90602, 0.00, 0.80, 0.00, 1.00, 0.22281, 0.00477, 0.22281, 0.00477, -0.61751, 0.46943, 0.62952, -3.15816, -14.08157, 113.944
54, 27, -1.50086, -17.26161, 114.17879, 115.14073, 0.00, 0.80, 0.00, 1.00, 0.22837, 0.04551, 0.22837, 0.04551, -0.64218, 0.40225, 0.65086, -1.50086, -17.26161, 114.17879
55, 30, -3.83997, -17.66889, 111.9923, 112.95497, 0.00, 0.80, 0.00, 1.00, 0.17578, 0.04431, 0.17578, 0.04431, -0.66271, 0.33221, 0.6694, -3.83997, -17.66889, 111.9923
56, 28, -4.35206, -14.16908, 112.88763, 113.85001, 0.00, 0.80, 0.00, 1.00, 0.17658, 0.0044, 0.17658, 0.0044, -0.61881, 0.47215, 0.62621, -4.35206, -14.16908, 112.88763
57, 31, -3.46161, -20.27121, 111.96088, 112.92357, 0.00, 0.80, 0.00, 1.00, 0.172, 0.07336, 0.172, 0.07336, 0.26568, 0.08112, 0.95931, -3.46161, -20.27121, 111.96088
58, 14, -5.90488, -18.50927, 112.62554, 113.588, 0.00, 0.80, 0.00, 1.00, 0.12673, 0.04318, 0.12673, 0.04318, 0.55226, 0.2257, 0.80106, -5.90488, -18.50927, 112.62554
59, 11, -3.83997, -17.66889, 111.9923, 112.95497, 0.00, 0.80, 0.00, 1.00, 0.17579, 0.04419, 0.17579, 0.04419, 0.28912, 0.30535, 0.90604, -3.83997, -17.66889, 111.9923
60, 31, -3.46161, -20.27121, 111.96088, 112.92357, 0.00, 0.80, 0.00, 1.00, 0.172, 0.07336, 0.172, 0.07336, 0.26568, 0.08112, 0.95931, -3.46161, -20.27121, 111.96088
61, 32, -5.4555, -21.07655, 112.52887, 113.49136, 0.00, 0.80, 0.00, 1.00, 0.12388, 0.07229, 0.12388, 0.07229, 0.48061, -0.11304, 0.86814, -5.4555, -21.07655, 112.52887
62, 14, -5.90488, -18.50927, 112.62554, 113.588, 0.00, 0.80, 0.00, 1.00, 0.12673, 0.04318, 0.12673, 0.04318, 0.55226, 0.2257, 0.80106, -5.90488, -18.50927, 112.62554
63, 33, -3.49386, -21.28154, 116.93123, 117.89225, 0.00, 0.80, 0.00, 1.00, 0.32207, 0.07652, 0.32207, 0.07652, -0.51584, -0.25519, -0.81636, -3.49386, -21.28154, 116.93123
64, 18, -2.26068, -18.11571, 116.10199, 117.06329, 0.00, 0.80, 0.00, 1.00, 0.27484, 0.04949, 0.27484, 0.04949, -0.65473, 0.22726, -0.71918, -2.26068, -18.11571, 116.10199
65, 15, -4.00319, -18.75218, 117.08392, 118.0449, 0.00, 0.80, 0.00, 1.00, 0.32124, 0.0475, 0.32124, 0.0475, -0.41226, 0.24197, -0.87691, -4.00319, -18.75218, 117.08392
66, 33, -3.49386, -21.28154, 116.93123, 117.89225, 0.00, 0.80, 0.00, 1.00, 0.32207, 0.07652, 0.32207, 0.07652, -0.51584, -0.25519, -0.81636, -3.49386, -21.28154, 116.93123
67, 34, -1.82194, -20.67724, 116.01385, 116.97518, 0.00, 0.80, 0.00, 1.00, 0.27439, 0.07848, 0.27439, 0.07848, -0.78662, -0.24985, -0.56249, -1.82194, -20.67724, 116.01385
68, 18, -2.26068, -18.11571, 116.10199, 117.06329, 0.00, 0.80, 0.00, 1.00, 0.27484, 0.04949, 0.27484, 0.04949, -0.65473, 0.22726, -0.71918, -2.26068, -18.11571, 116.10199
69, 32, -5.4555, -21.07655, 112.52887, 113.49136, 0.00, 0.80, 0.00, 1.00, 0.12388, 0.07229, 0.12388, 0.07229, 0.48061, -0.11304, 0.86814, -5.4555, -21.07655, 112.52887
70, 20, -7.22122, -19.11298, 114.09112, 115.05309, 0.00, 0.80, 0.00, 1.00, 0.06962, 0.04232, 0.06962, 0.04232, 0.75266, 0.09653, 0.64937, -7.22122, -19.11298, 114.09112
71, 14, -5.90488, -18.50927, 112.62554, 113.588, 0.00, 0.80, 0.00, 1.00, 0.12673, 0.04318, 0.12673, 0.04318, 0.55226, 0.2257, 0.80106, -5.90488, -18.50927, 112.62554
72, 32, -5.4555, -21.07655, 112.52887, 113.49136, 0.00, 0.80, 0.00, 1.00, 0.12388, 0.07229, 0.12388, 0.07229, 0.48061, -0.11304, 0.86814, -5.4555, -21.07655, 112.52887
73, 35, -6.7006, -21.64643, 113.92914, 114.89117, 0.00, 0.80, 0.00, 1.00, 0.0705, 0.0715, 0.0705, 0.0715, 0.61188, -0.31115, 0.72554, -6.7006, -21.64643, 113.92914
74, 20, -7.22122, -19.11298, 114.09112, 115.05309, 0.00, 0.80, 0.00, 1.00, 0.06962, 0.04232, 0.06962, 0.04232, 0.75266, 0.09653, 0.64937, -7.22122, -19.11298, 114.09112
75, 36, -6.7006, -21.64643, 113.92914, 114.89117, 0.00, 0.80, 0.00, 1.00, 0.0705, 0.0714, 0.0705, 0.0714, 0.6532, -0.39063, -0.64693, -6.7006, -21.64643, 113.92914
76, 24, -4.00319, -18.75218, 117.08392, 118.0449, 0.00, 0.80, 0.00, 1.00, 0.00573, 0.04991, 0.00573, 0.04991, 0.68554, -0.20669, -0.69622, -4.00319, -18.75218, 117.08392
77, 21, -7.22122, -19.11298, 114.09112, 115.05309, 0.00, 0.80, 0.00, 1.00, 0.06953, 0.04232, 0.06953, 0.04232, 0.67953, -0.07171, -0.72823, -7.22122, -19.11298, 114.09112
78, 36, -6.7006, -21.64643, 113.92914, 114.89117, 0.00, 0.80, 0.00, 1.00, 0.0705, 0.0714, 0.0705, 0.0714, 0.6532, -0.39063, -0.64693, -6.7006, -21.64643, 113.92914
79, 37, -3.49386, -21.28154, 116.93123, 117.89225, 0.00, 0.80, 0.00, 1.00, 0.0081, 0.07893, 0.0081, 0.07893, 0.6347, -0.4444, -0.63054, -3.49386, -21.28154, 116.93123
80, 24, -4.00319, -18.75218, 117.08392, 118.0449, 0.00, 0.80, 0.00, 1.00, 0.00573, 0.04991, 0.00573, 0.04991, 0.68554, -0.20669, -0.69622, -4.00319, -18.75218, 117.08392
81, 34, -1.82194, -20.67724, 116.01385, 116.97518, 0.00, 0.80, 0.00, 1.00, 0.27439, 0.07848, 0.27439, 0.07848, -0.78662, -0.24985, -0.56249, -1.82194, -20.67724, 116.01385
82, 26, -1.50086, -17.26161, 114.17879, 115.14073, 0.00, 0.80, 0.00, 1.00, 0.22844, 0.04552, 0.22844, 0.04552, -0.8548, 0.23104, -0.46208, -1.50086, -17.26161, 114.17879
83, 18, -2.26068, -18.11571, 116.10199, 117.06329, 0.00, 0.80, 0.00, 1.00, 0.27484, 0.04949, 0.27484, 0.04949, -0.65473, 0.22726, -0.71918, -2.26068, -18.11571, 116.10199
84, 34, -1.82194, -20.67724, 116.01385, 116.97518, 0.00, 0.80, 0.00, 1.00, 0.27439, 0.07848, 0.27439, 0.07848, -0.78662, -0.24985, -0.56249, -1.82194, -20.67724, 116.01385
85, 38, -1.13086, -19.86416, 114.15461, 115.11656, 0.00, 0.80, 0.00, 1.00, 0.22639, 0.07458, 0.22639, 0.07458, -0.93311, -0.15236, -0.32176, -1.13086, -19.86416, 114.15461
86, 26, -1.50086, -17.26161, 114.17879, 115.14073, 0.00, 0.80, 0.00, 1.00, 0.22844, 0.04552, 0.22844, 0.04552, -0.8548, 0.23104, -0.46208, -1.50086, -17.26161, 114.17879
87, 39, -1.13086, -19.86416, 114.15461, 115.11656, 0.00, 0.80, 0.00, 1.00, 0.22633, 0.07458, 0.22633, 0.07458, -0.66072, 0.34388, 0.66548, -1.13086, -19.86416, 114.15461
88, 30, -3.83997, -17.66889, 111.9923, 112.95497, 0.00, 0.80, 0.00, 1.00, 0.17578, 0.04431, 0.17578, 0.04431, -0.66271, 0.33221, 0.6694, -3.83997, -17.66889, 111.9923
89, 27, -1.50086, -17.26161, 114.17879, 115.14073, 0.00, 0.80, 0.00, 1.00, 0.22837, 0.04551, 0.22837, 0.04551, -0.64218, 0.40225, 0.65086, -1.50086, -17.26161, 114.17879
90, 39, -1.13086, -19.86416, 114.15461, 115.11656, 0.00, 0.80, 0.00, 1.00, 0.22633, 0.07458, 0.22633, 0.07458, -0.66072, 0.34388, 0.66548, -1.13086, -19.86416, 114.15461
91, 40, -3.46161, -20.27121, 111.96088, 112.92357, 0.00, 0.80, 0.00, 1.00, 0.17202, 0.07336, 0.17202, 0.07336, -0.63784, 0.41269, 0.6486, -3.46161, -20.27121, 111.96088
92, 30, -3.83997, -17.66889, 111.9923, 112.95497, 0.00, 0.80, 0.00, 1.00, 0.17578, 0.04431, 0.17578, 0.04431, -0.66271, 0.33221, 0.6694, -3.83997, -17.66889, 111.9923
93, 41, -2.85633, -21.58096, 111.99902, 112.96169, 0.00, 0.80, 0.00, 1.00, 0.17143, 0.0923, 0.17143, 0.0923, 0.23735, -0.13687, 0.96036, -2.85633, -21.58096, 111.99902
94, 32, -5.4555, -21.07655, 112.52887, 113.49136, 0.00, 0.80, 0.00, 1.00, 0.12388, 0.07229, 0.12388, 0.07229, 0.48061, -0.11304, 0.86814, -5.4555, -21.07655, 112.52887
95, 31, -3.46161, -20.27121, 111.96088, 112.92357, 0.00, 0.80, 0.00, 1.00, 0.172, 0.07336, 0.172, 0.07336, 0.26568, 0.08112, 0.95931, -3.46161, -20.27121, 111.96088
96, 41, -2.85633, -21.58096, 111.99902, 112.96169, 0.00, 0.80, 0.00, 1.00, 0.17143, 0.0923, 0.17143, 0.0923, 0.23735, -0.13687, 0.96036, -2.85633, -21.58096, 111.99902
97, 42, -4.68527, -22.34985, 112.74598, 113.7084, 0.00, 0.80, 0.00, 1.00, 0.12403, 0.08898, 0.12403, 0.08898, 0.44422, -0.38578, 0.80715, -4.68527, -22.34985, 112.74598
98, 32, -5.4555, -21.07655, 112.52887, 113.49136, 0.00, 0.80, 0.00, 1.00, 0.12388, 0.07229, 0.12388, 0.07229, 0.48061, -0.11304, 0.86814, -5.4555, -21.07655, 112.52887
99, 43, -3.53282, -22.71468, 116.27604, 117.23728, 0.00, 0.80, 0.00, 1.00, 0.31885, 0.09196, 0.31885, 0.09196, -0.54569, -0.59716, -0.58645, -3.53282, -22.71468, 116.27604
100, 34, -1.82194, -20.67724, 116.01385, 116.97518, 0.00, 0.80, 0.00, 1.00, 0.27439, 0.07848, 0.27439, 0.07848, -0.78662, -0.24985, -0.56249, -1.82194, -20.67724, 116.01385
101, 33, -3.49386, -21.28154, 116.93123, 117.89225, 0.00, 0.80, 0.00, 1.00, 0.32207, 0.07652, 0.32207, 0.07652, -0.51584, -0.25519, -0.81636, -3.49386, -21.28154, 116.93123
102, 43, -3.53282, -22.71468, 116.27604, 117.23728, 0.00, 0.80, 0.00, 1.00, 0.31885, 0.09196, 0.31885, 0.09196, -0.54569, -0.59716, -0.58645, -3.53282, -22.71468, 116.27604
103, 44, -1.94197, -22.11713, 115.27396, 116.23553, 0.00, 0.80, 0.00, 1.00, 0.27475, 0.09369, 0.27475, 0.09369, -0.83108, -0.40468, -0.37852, -1.94197, -22.11713, 115.27396
104, 34, -1.82194, -20.67724, 116.01385, 116.97518, 0.00, 0.80, 0.00, 1.00, 0.27439, 0.07848, 0.27439, 0.07848, -0.78662, -0.24985, -0.56249, -1.82194, -20.67724, 116.01385
105, 42, -4.68527, -22.34985, 112.74598, 113.7084, 0.00, 0.80, 0.00, 1.00, 0.12403, 0.08898, 0.12403, 0.08898, 0.44422, -0.38578, 0.80715, -4.68527, -22.34985, 112.74598
106, 35, -6.7006, -21.64643, 113.92914, 114.89117, 0.00, 0.80, 0.00, 1.00, 0.0705, 0.0715, 0.0705, 0.0715, 0.61188, -0.31115, 0.72554, -6.7006, -21.64643, 113.92914
107, 32, -5.4555, -21.07655, 112.52887, 113.49136, 0.00, 0.80, 0.00, 1.00, 0.12388, 0.07229, 0.12388, 0.07229, 0.48061, -0.11304, 0.86814, -5.4555, -21.07655, 112.52887
108, 42, -4.68527, -22.34985, 112.74598, 113.7084, 0.00, 0.80, 0.00, 1.00, 0.12403, 0.08898, 0.12403, 0.08898, 0.44422, -0.38578, 0.80715, -4.68527, -22.34985, 112.74598
109, 45, -5.96343, -22.93459, 114.10817, 115.07013, 0.00, 0.80, 0.00, 1.00, 0.07376, 0.08962, 0.07376, 0.08962, 0.53532, -0.4194, 0.73163, -5.96343, -22.93459, 114.10817
110, 35, -6.7006, -21.64643, 113.92914, 114.89117, 0.00, 0.80, 0.00, 1.00, 0.0705, 0.0715, 0.0705, 0.0715, 0.61188, -0.31115, 0.72554, -6.7006, -21.64643, 113.92914
111, 46, -5.96343, -22.93459, 114.10817, 115.07013, 0.00, 0.80, 0.00, 1.00, 0.0737, 0.08961, 0.0737, 0.08961, 0.61789, -0.48934, -0.61384, -5.96343, -22.93459, 114.10817
112, 37, -3.49386, -21.28154, 116.93123, 117.89225, 0.00, 0.80, 0.00, 1.00, 0.0081, 0.07893, 0.0081, 0.07893, 0.6347, -0.4444, -0.63054, -3.49386, -21.28154, 116.93123
113, 36, -6.7006, -21.64643, 113.92914, 114.89117, 0.00, 0.80, 0.00, 1.00, 0.0705, 0.0714, 0.0705, 0.0714, 0.6532, -0.39063, -0.64693, -6.7006, -21.64643, 113.92914
114, 46, -5.96343, -22.93459, 114.10817, 115.07013, 0.00, 0.80, 0.00, 1.00, 0.0737, 0.08961, 0.0737, 0.08961, 0.61789, -0.48934, -0.61384, -5.96343, -22.93459, 114.10817
115, 47, -3.53282, -22.71468, 116.27604, 117.23728, 0.00, 0.80, 0.00, 1.00, 0.00648, 0.09305, 0.00648, 0.09305, 0.60173, -0.51671, -0.60749, -3.53282, -22.71468, 116.27604
116, 37, -3.49386, -21.28154, 116.93123, 117.89225, 0.00, 0.80, 0.00, 1.00, 0.0081, 0.07893, 0.0081, 0.07893, 0.6347, -0.4444, -0.63054, -3.49386, -21.28154, 116.93123
117, 44, -1.94197, -22.11713, 115.27396, 116.23553, 0.00, 0.80, 0.00, 1.00, 0.27475, 0.09369, 0.27475, 0.09369, -0.83108, -0.40468, -0.37852, -1.94197, -22.11713, 115.27396
118, 38, -1.13086, -19.86416, 114.15461, 115.11656, 0.00, 0.80, 0.00, 1.00, 0.22639, 0.07458, 0.22639, 0.07458, -0.93311, -0.15236, -0.32176, -1.13086, -19.86416, 114.15461
119, 34, -1.82194, -20.67724, 116.01385, 116.97518, 0.00, 0.80, 0.00, 1.00, 0.27439, 0.07848, 0.27439, 0.07848, -0.78662, -0.24985, -0.56249, -1.82194, -20.67724, 116.01385
120, 44, -1.94197, -22.11713, 115.27396, 116.23553, 0.00, 0.80, 0.00, 1.00, 0.27475, 0.09369, 0.27475, 0.09369, -0.83108, -0.40468, -0.37852, -1.94197, -22.11713, 115.27396
121, 48, -1.09105, -21.29119, 113.58167, 114.54381, 0.00, 0.80, 0.00, 1.00, 0.22155, 0.09023, 0.22155, 0.09023, -0.90677, -0.23632, -0.34557, -1.09105, -21.29119, 113.58167
122, 38, -1.13086, -19.86416, 114.15461, 115.11656, 0.00, 0.80, 0.00, 1.00, 0.22639, 0.07458, 0.22639, 0.07458, -0.93311, -0.15236, -0.32176, -1.13086, -19.86416, 114.15461
123, 49, -1.09105, -21.29119, 113.58167, 114.54381, 0.00, 0.80, 0.00, 1.00, 0.22148, 0.09023, 0.22148, 0.09023, -0.61115, 0.48474, 0.62414, -1.09105, -21.29119, 113.58167
124, 40, -3.46161, -20.27121, 111.96088, 112.92357, 0.00, 0.80, 0.00, 1.00, 0.17202, 0.07336, 0.17202, 0.07336, -0.63784, 0.41269, 0.6486, -3.46161, -20.27121, 111.96088
125, 39, -1.13086, -19.86416, 114.15461, 115.11656, 0.00, 0.80, 0.00, 1.00, 0.22633, 0.07458, 0.22633, 0.07458, -0.66072, 0.34388, 0.66548, -1.13086, -19.86416, 114.15461
126, 49, -1.09105, -21.29119, 113.58167, 114.54381, 0.00, 0.80, 0.00, 1.00, 0.22148, 0.09023, 0.22148, 0.09023, -0.61115, 0.48474, 0.62414, -1.09105, -21.29119, 113.58167
127, 50, -2.85633, -21.58096, 111.99902, 112.96169, 0.00, 0.80, 0.00, 1.00, 0.17145, 0.0923, 0.17145, 0.0923, -0.61181, 0.46159, 0.64077, -2.85633, -21.58096, 111.99902
128, 40, -3.46161, -20.27121, 111.96088, 112.92357, 0.00, 0.80, 0.00, 1.00, 0.17202, 0.07336, 0.17202, 0.07336, -0.63784, 0.41269, 0.6486, -3.46161, -20.27121, 111.96088
129, 51, -4.96616, -5.32873, 114.02341, 114.9854, 0.00, 0.80, 0.00, 1.00, 0.84986, 0.04749, 0.84986, 0.04749, -0.25703, 0.33408, 0.90556, -4.96616, -5.32873, 114.02341
130, 52, -7.80387, -2.39198, 114.85927, 115.82098, 0.00, 0.80, 0.00, 1.00, 0.81563, 0.00882, 0.81563, 0.00882, 0.22553, 0.24772, 0.94096, -7.80387, -2.39198, 114.85927
131, 53, -5.85642, -1.49407, 114.21436, 115.17628, 0.00, 0.80, 0.00, 1.00, 0.85038, 0.00812, 0.85038, 0.00812, -0.36615, 0.3246, 0.87077, -5.85642, -1.49407, 114.21436
132, 51, -4.96616, -5.32873, 114.02341, 114.9854, 0.00, 0.80, 0.00, 1.00, 0.84986, 0.04749, 0.84986, 0.04749, -0.25703, 0.33408, 0.90556, -4.96616, -5.32873, 114.02341
133, 54, -7.36866, -6.23074, 114.20247, 115.1644, 0.00, 0.80, 0.00, 1.00, 0.81401, 0.04676, 0.81401, 0.04676, 0.14504, 0.32543, 0.93317, -7.36866, -6.23074, 114.20247
134, 52, -7.80387, -2.39198, 114.85927, 115.82098, 0.00, 0.80, 0.00, 1.00, 0.81563, 0.00882, 0.81563, 0.00882, 0.22553, 0.24772, 0.94096, -7.80387, -2.39198, 114.85927
135, 55, -5.8923, -6.81339, 119.41219, 120.37238, 0.00, 0.80, 0.00, 1.00, 0.92383, 0.04943, 0.92383, 0.04943, 0.04502, -0.45532, -0.88807, -5.8923, -6.81339, 119.41219
136, 56, -4.48178, -1.62203, 118.03806, 118.99871, 0.00, 0.80, 0.00, 1.00, 0.89628, 0.0081, 0.89628, 0.0081, -0.64858, 0.06211, -0.75694, -4.48178, -1.62203, 118.03806
137, 57, -6.85436, -2.59819, 119.63892, 120.59904, 0.00, 0.80, 0.00, 1.00, 0.92295, 0.00834, 0.92295, 0.00834, 0.30604, -0.31491, -0.89712, -6.85436, -2.59819, 119.63892
138, 55, -5.8923, -6.81339, 119.41219, 120.37238, 0.00, 0.80, 0.00, 1.00, 0.92383, 0.04943, 0.92383, 0.04943, 0.04502, -0.45532, -0.88807, -5.8923, -6.81339, 119.41219
139, 58, -3.37077, -5.85185, 117.9592, 118.91988, 0.00, 0.80, 0.00, 1.00, 0.89729, 0.04995, 0.89729, 0.04995, -0.81493, -0.05038, -0.57517, -3.37077, -5.85185, 117.9592
140, 56, -4.48178, -1.62203, 118.03806, 118.99871, 0.00, 0.80, 0.00, 1.00, 0.89628, 0.0081, 0.89628, 0.0081, -0.64858, 0.06211, -0.75694, -4.48178, -1.62203, 118.03806
141, 59, -7.36866, -6.23074, 114.20247, 115.1644, 0.00, 0.80, 0.00, 1.00, 0.98858, 0.04646, 0.98858, 0.04646, 0.79841, -0.02217, 0.5996, -7.36866, -6.23074, 114.20247
142, 60, -9.80052, -3.29082, 116.91345, 117.87448, 0.00, 0.80, 0.00, 1.00, 0.95474, 0.00771, 0.95474, 0.00771, 0.95807, -0.14567, 0.24158, -9.80052, -3.29082, 116.91345
143, 61, -7.80387, -2.39198, 114.85927, 115.82098, 0.00, 0.80, 0.00, 1.00, 0.9902, 0.00882, 0.9902, 0.00882, 0.7337, 0.159, 0.65874, -7.80387, -2.39198, 114.85927
144, 59, -7.36866, -6.23074, 114.20247, 115.1644, 0.00, 0.80, 0.00, 1.00, 0.98858, 0.04646, 0.98858, 0.04646, 0.79841, -0.02217, 0.5996, -7.36866, -6.23074, 114.20247
145, 62, -8.92258, -7.04727, 116.73242, 117.69351, 0.00, 0.80, 0.00, 1.00, 0.95589, 0.0481, 0.95589, 0.0481, 0.94174, -0.3324, -0.0184, -8.92258, -7.04727, 116.73242
146, 60, -9.80052, -3.29082, 116.91345, 117.87448, 0.00, 0.80, 0.00, 1.00, 0.95474, 0.00771, 0.95474, 0.00771, 0.95807, -0.14567, 0.24158, -9.80052, -3.29082, 116.91345
147, 62, -8.92258, -7.04727, 116.73242, 117.69351, 0.00, 0.80, 0.00, 1.00, 0.95589, 0.0481, 0.95589, 0.0481, 0.94174, -0.3324, -0.0184, -8.92258, -7.04727, 116.73242
148, 57, -6.85436, -2.59819, 119.63892, 120.59904, 0.00, 0.80, 0.00, 1.00, 0.92295, 0.00834, 0.92295, 0.00834, 0.30604, -0.31491, -0.89712, -6.85436, -2.59819, 119.63892
149, 60, -9.80052, -3.29082, 116.91345, 117.87448, 0.00, 0.80, 0.00, 1.00, 0.95474, 0.00771, 0.95474, 0.00771, 0.95807, -0.14567, 0.24158, -9.80052, -3.29082, 116.91345
150, 62, -8.92258, -7.04727, 116.73242, 117.69351, 0.00, 0.80, 0.00, 1.00, 0.95589, 0.0481, 0.95589, 0.0481, 0.94174, -0.3324, -0.0184, -8.92258, -7.04727, 116.73242
151, 55, -5.8923, -6.81339, 119.41219, 120.37238, 0.00, 0.80, 0.00, 1.00, 0.92383, 0.04943, 0.92383, 0.04943, 0.04502, -0.45532, -0.88807, -5.8923, -6.81339, 119.41219
152, 57, -6.85436, -2.59819, 119.63892, 120.59904, 0.00, 0.80, 0.00, 1.00, 0.92295, 0.00834, 0.92295, 0.00834, 0.30604, -0.31491, -0.89712, -6.85436, -2.59819, 119.63892
153, 58, -3.37077, -5.85185, 117.9592, 118.91988, 0.00, 0.80, 0.00, 1.00, 0.89729, 0.04995, 0.89729, 0.04995, -0.81493, -0.05038, -0.57517, -3.37077, -5.85185, 117.9592
154, 63, -3.72666, -0.81583, 116.1964, 117.15766, 0.00, 0.80, 0.00, 1.00, 0.87489, 0.00678, 0.87489, 0.00678, -0.94836, 0.30528, -0.07126, -3.72666, -0.81583, 116.1964
155, 56, -4.48178, -1.62203, 118.03806, 118.99871, 0.00, 0.80, 0.00, 1.00, 0.89628, 0.0081, 0.89628, 0.0081, -0.64858, 0.06211, -0.75694, -4.48178, -1.62203, 118.03806
156, 58, -3.37077, -5.85185, 117.9592, 118.91988, 0.00, 0.80, 0.00, 1.00, 0.89729, 0.04995, 0.89729, 0.04995, -0.81493, -0.05038, -0.57517, -3.37077, -5.85185, 117.9592
157, 64, -2.76758, -4.98374, 115.98016, 116.9415, 0.00, 0.80, 0.00, 1.00, 0.87444, 0.04921, 0.87444, 0.04921, -0.94358, 0.19151, 0.26533, -2.76758, -4.98374, 115.98016
158, 63, -3.72666, -0.81583, 116.1964, 117.15766, 0.00, 0.80, 0.00, 1.00, 0.87489, 0.00678, 0.87489, 0.00678, -0.94836, 0.30528, -0.07126, -3.72666, -0.81583, 116.1964
159, 64, -2.76758, -4.98374, 115.98016, 116.9415, 0.00, 0.80, 0.00, 1.00, 0.87444, 0.04921, 0.87444, 0.04921, -0.94358, 0.19151, 0.26533, -2.76758, -4.98374, 115.98016
160, 53, -5.85642, -1.49407, 114.21436, 115.17628, 0.00, 0.80, 0.00, 1.00, 0.85038, 0.00812, 0.85038, 0.00812, -0.36615, 0.3246, 0.87077, -5.85642, -1.49407, 114.21436
161, 63, -3.72666, -0.81583, 116.1964, 117.15766, 0.00, 0.80, 0.00, 1.00, 0.87489, 0.00678, 0.87489, 0.00678, -0.94836, 0.30528, -0.07126, -3.72666, -0.81583, 116.1964
162, 64, -2.76758, -4.98374, 115.98016, 116.9415, 0.00, 0.80, 0.00, 1.00, 0.87444, 0.04921, 0.87444, 0.04921, -0.94358, 0.19151, 0.26533, -2.76758, -4.98374, 115.98016
163, 51, -4.96616, -5.32873, 114.02341, 114.9854, 0.00, 0.80, 0.00, 1.00, 0.84986, 0.04749, 0.84986, 0.04749, -0.25703, 0.33408, 0.90556, -4.96616, -5.32873, 114.02341
164, 53, -5.85642, -1.49407, 114.21436, 115.17628, 0.00, 0.80, 0.00, 1.00, 0.85038, 0.00812, 0.85038, 0.00812, -0.36615, 0.3246, 0.87077, -5.85642, -1.49407, 114.21436
165, 65, -4.35206, -14.16908, 112.88763, 113.85001, 0.00, 0.80, 0.00, 1.00, 0.83237, 0.12965, 0.83237, 0.12965, -0.12853, 0.33393, 0.93258, -4.35206, -14.16908, 112.88763
166, 54, -7.36866, -6.23074, 114.20247, 115.1644, 0.00, 0.80, 0.00, 1.00, 0.81401, 0.04676, 0.81401, 0.04676, 0.14504, 0.32543, 0.93317, -7.36866, -6.23074, 114.20247
167, 51, -4.96616, -5.32873, 114.02341, 114.9854, 0.00, 0.80, 0.00, 1.00, 0.84986, 0.04749, 0.84986, 0.04749, -0.25703, 0.33408, 0.90556, -4.96616, -5.32873, 114.02341
168, 65, -4.35206, -14.16908, 112.88763, 113.85001, 0.00, 0.80, 0.00, 1.00, 0.83237, 0.12965, 0.83237, 0.12965, -0.12853, 0.33393, 0.93258, -4.35206, -14.16908, 112.88763
169, 66, -5.16086, -14.45968, 113.00507, 113.9674, 0.00, 0.80, 0.00, 1.00, 0.81382, 0.12904, 0.81382, 0.12904, 0.18099, 0.28928, 0.93875, -5.16086, -14.45968, 113.00507
170, 54, -7.36866, -6.23074, 114.20247, 115.1644, 0.00, 0.80, 0.00, 1.00, 0.81401, 0.04676, 0.81401, 0.04676, 0.14504, 0.32543, 0.93317, -7.36866, -6.23074, 114.20247
171, 67, -4.64136, -15.05241, 115.61841, 116.57986, 0.00, 0.80, 0.00, 1.00, 0.92921, 0.13049, 0.92921, 0.13049, -0.22568, -0.62787, -0.74386, -4.64136, -15.05241, 115.61841
172, 58, -3.37077, -5.85185, 117.9592, 118.91988, 0.00, 0.80, 0.00, 1.00, 0.89729, 0.04995, 0.89729, 0.04995, -0.81493, -0.05038, -0.57517, -3.37077, -5.85185, 117.9592
173, 55, -5.8923, -6.81339, 119.41219, 120.37238, 0.00, 0.80, 0.00, 1.00, 0.92383, 0.04943, 0.92383, 0.04943, 0.04502, -0.45532, -0.88807, -5.8923, -6.81339, 119.41219
174, 67, -4.64136, -15.05241, 115.61841, 116.57986, 0.00, 0.80, 0.00, 1.00, 0.92921, 0.13049, 0.92921, 0.13049, -0.22568, -0.62787, -0.74386, -4.64136, -15.05241, 115.61841
175, 68, -3.27545, -14.59505, 114.68079, 115.64256, 0.00, 0.80, 0.00, 1.00, 0.89311, 0.13102, 0.89311, 0.13102, -0.59674, -0.47383, -0.64606, -3.27545, -14.59505, 114.68079
176, 69, -3.37077, -5.85185, 117.9592, 118.91988, 0.00, 0.80, 0.00, 1.00, 0.89732, 0.04996, 0.89732, 0.04996, -0.59674, -0.47383, -0.64606, -3.37077, -5.85185, 117.9592
177, 70, -5.16086, -14.45968, 113.00507, 113.9674, 0.00, 0.80, 0.00, 1.00, 0.99048, 0.13054, 0.99048, 0.13054, 0.77934, 0.00182, 0.62458, -5.16086, -14.45968, 113.00507
178, 62, -8.92258, -7.04727, 116.73242, 117.69351, 0.00, 0.80, 0.00, 1.00, 0.95589, 0.0481, 0.95589, 0.0481, 0.94174, -0.3324, -0.0184, -8.92258, -7.04727, 116.73242
179, 59, -7.36866, -6.23074, 114.20247, 115.1644, 0.00, 0.80, 0.00, 1.00, 0.98858, 0.04646, 0.98858, 0.04646, 0.79841, -0.02217, 0.5996, -7.36866, -6.23074, 114.20247
180, 70, -5.16086, -14.45968, 113.00507, 113.9674, 0.00, 0.80, 0.00, 1.00, 0.99048, 0.13054, 0.99048, 0.13054, 0.77934, 0.00182, 0.62458, -5.16086, -14.45968, 113.00507
181, 71, -6.30956, -14.94312, 114.17993, 115.14188, 0.00, 0.80, 0.00, 1.00, 0.95856, 0.1299, 0.95856, 0.1299, 0.83798, -0.51382, -0.17856, -6.30956, -14.94312, 114.17993
182, 62, -8.92258, -7.04727, 116.73242, 117.69351, 0.00, 0.80, 0.00, 1.00, 0.95589, 0.0481, 0.95589, 0.0481, 0.94174, -0.3324, -0.0184, -8.92258, -7.04727, 116.73242
183, 71, -6.30956, -14.94312, 114.17993, 115.14188, 0.00, 0.80, 0.00, 1.00, 0.95856, 0.1299, 0.95856, 0.1299, 0.83798, -0.51382, -0.17856, -6.30956, -14.94312, 114.17993
184, 55, -5.8923, -6.81339, 119.41219, 120.37238, 0.00, 0.80, 0.00, 1.00, 0.92383, 0.04943, 0.92383, 0.04943, 0.04502, -0.45532, -0.88807, -5.8923, -6.81339, 119.41219
185, 62, -8.92258, -7.04727, 116.73242, 117.69351, 0.00, 0.80, 0.00, 1.00, 0.95589, 0.0481, 0.95589, 0.0481, 0.94174, -0.3324, -0.0184, -8.92258, -7.04727, 116.73242
186, 71, -6.30956, -14.94312, 114.17993, 115.14188, 0.00, 0.80, 0.00, 1.00, 0.95856, 0.1299, 0.95856, 0.1299, 0.83798, -0.51382, -0.17856, -6.30956, -14.94312, 114.17993
187, 67, -4.64136, -15.05241, 115.61841, 116.57986, 0.00, 0.80, 0.00, 1.00, 0.92921, 0.13049, 0.92921, 0.13049, -0.22568, -0.62787, -0.74386, -4.64136, -15.05241, 115.61841
188, 55, -5.8923, -6.81339, 119.41219, 120.37238, 0.00, 0.80, 0.00, 1.00, 0.92383, 0.04943, 0.92383, 0.04943, 0.04502, -0.45532, -0.88807, -5.8923, -6.81339, 119.41219
189, 72, -3.27545, -14.59505, 114.68079, 115.64256, 0.00, 0.80, 0.00, 1.00, 0.89315, 0.131, 0.89315, 0.131, -0.97738, -0.12991, -0.15881, -3.27545, -14.59505, 114.68079
190, 64, -2.76758, -4.98374, 115.98016, 116.9415, 0.00, 0.80, 0.00, 1.00, 0.87444, 0.04921, 0.87444, 0.04921, -0.94358, 0.19151, 0.26533, -2.76758, -4.98374, 115.98016
191, 58, -3.37077, -5.85185, 117.9592, 118.91988, 0.00, 0.80, 0.00, 1.00, 0.89729, 0.04995, 0.89729, 0.04995, -0.81493, -0.05038, -0.57517, -3.37077, -5.85185, 117.9592
192, 72, -3.27545, -14.59505, 114.68079, 115.64256, 0.00, 0.80, 0.00, 1.00, 0.89315, 0.131, 0.89315, 0.131, -0.97738, -0.12991, -0.15881, -3.27545, -14.59505, 114.68079
193, 73, -3.15816, -14.08157, 113.944, 114.90602, 0.00, 0.80, 0.00, 1.00, 0.86425, 0.13012, 0.86425, 0.13012, -0.85491, 0.18972, 0.48013, -3.15816, -14.08157, 113.944
194, 64, -2.76758, -4.98374, 115.98016, 116.9415, 0.00, 0.80, 0.00, 1.00, 0.87444, 0.04921, 0.87444, 0.04921, -0.94358, 0.19151, 0.26533, -2.76758, -4.98374, 115.98016
195, 73, -3.15816, -14.08157, 113.944, 114.90602, 0.00, 0.80, 0.00, 1.00, 0.86425, 0.13012, 0.86425, 0.13012, -0.85491, 0.18972, 0.48013, -3.15816, -14.08157, 113.944
196, 51, -4.96616, -5.32873, 114.02341, 114.9854, 0.00, 0.80, 0.00, 1.00, 0.84986, 0.04749, 0.84986, 0.04749, -0.25703, 0.33408, 0.90556, -4.96616, -5.32873, 114.02341
197, 64, -2.76758, -4.98374, 115.98016, 116.9415, 0.00, 0.80, 0.00, 1.00, 0.87444, 0.04921, 0.87444, 0.04921, -0.94358, 0.19151, 0.26533, -2.76758, -4.98374, 115.98016
198, 73, -3.15816, -14.08157, 113.944, 114.90602, 0.00, 0.80, 0.00, 1.00, 0.86425, 0.13012, 0.86425, 0.13012, -0.85491, 0.18972, 0.48013, -3.15816, -14.08157, 113.944
199, 65, -4.35206, -14.16908, 112.88763, 113.85001, 0.00, 0.80, 0.00, 1.00, 0.83237, 0.12965, 0.83237, 0.12965, -0.12853, 0.33393, 0.93258, -4.35206, -14.16908, 112.88763
200, 51, -4.96616, -5.32873, 114.02341, 114.9854, 0.00, 0.80, 0.00, 1.00, 0.84986, 0.04749, 0.84986, 0.04749, -0.25703, 0.33408, 0.90556, -4.96616, -5.32873, 114.02341
201, 74, -9.59069, 16.08708, 116.36111, 117.32233, 0.00, 0.80, 0.00, 1.00, 0.90, 0.24736, 0.90, 0.24736, -0.7165, 0.36494, 0.59259, -9.59069, 16.08708, 116.36111
202, 75, -12.9444, 19.03391, 113.79756, 114.75963, 0.00, 0.80, 0.00, 1.00, 0.99013, 0.19746, 0.99013, 0.19746, -0.63534, 0.46096, 0.61791, -12.9444, 19.03391, 113.79756
203, 76, -9.76436, 20.70905, 117.28467, 118.24557, 0.00, 0.80, 0.00, 1.00, 0.87617, 0.20965, 0.87617, 0.20965, -0.84192, 0.5339, -0.06537, -9.76436, 20.70905, 117.28467
204, 74, -9.59069, 16.08708, 116.36111, 117.32233, 0.00, 0.80, 0.00, 1.00, 0.90, 0.24736, 0.90, 0.24736, -0.7165, 0.36494, 0.59259, -9.59069, 16.08708, 116.36111
205, 77, -11.5013, 14.15523, 114.05684, 115.01881, 0.00, 0.80, 0.00, 1.00, 0.99122, 0.2465, 0.99122, 0.2465, -0.67745, 0.35423, 0.64287, -11.5013, 14.15523, 114.05684
206, 75, -12.9444, 19.03391, 113.79756, 114.75963, 0.00, 0.80, 0.00, 1.00, 0.99013, 0.19746, 0.99013, 0.19746, -0.63534, 0.46096, 0.61791, -12.9444, 19.03391, 113.79756
207, 76, -9.76436, 20.70905, 117.28467, 118.24557, 0.00, 0.80, 0.00, 1.00, 0.87617, 0.20965, 0.87617, 0.20965, -0.84192, 0.5339, -0.06537, -9.76436, 20.70905, 117.28467
208, 75, -12.9444, 19.03391, 113.79756, 114.75963, 0.00, 0.80, 0.00, 1.00, 0.99013, 0.19746, 0.99013, 0.19746, -0.63534, 0.46096, 0.61791, -12.9444, 19.03391, 113.79756
209, 78, -13.09799, 25.00028, 116.7453, 117.70638, 0.00, 0.80, 0.00, 1.00, 0.89775, 0.14833, 0.89775, 0.14833, -0.67296, 0.68715, 0.27124, -13.09799, 25.00028, 116.7453
210, 78, -13.09799, 25.00028, 116.7453, 117.70638, 0.00, 0.80, 0.00, 1.00, 0.89775, 0.14833, 0.89775, 0.14833, -0.67296, 0.68715, 0.27124, -13.09799, 25.00028, 116.7453
211, 75, -12.9444, 19.03391, 113.79756, 114.75963, 0.00, 0.80, 0.00, 1.00, 0.99013, 0.19746, 0.99013, 0.19746, -0.63534, 0.46096, 0.61791, -12.9444, 19.03391, 113.79756
212, 79, -15.18351, 23.52775, 114.26791, 115.22982, 0.00, 0.80, 0.00, 1.00, 0.99046, 0.14853, 0.99046, 0.14853, -0.56899, 0.57947, 0.58204, -15.18351, 23.52775, 114.26791
213, 80, -13.09799, 25.00028, 116.7453, 117.70638, 0.00, 0.80, 0.00, 1.00, 0.78808, 0.10212, 0.78808, 0.10212, -0.4175, 0.90696, 0.04974, -13.09799, 25.00028, 116.7453
214, 81, -15.18351, 23.52775, 114.26791, 115.22982, 0.00, 0.80, 0.00, 1.00, 0.73217, 0.10346, 0.73217, 0.10346, -0.11849, 0.80475, 0.58087, -15.18351, 23.52775, 114.26791
215, 82, -14.88594, 26.17165, 116.89628, 117.85732, 0.00, 0.80, 0.00, 1.00, 0.78005, 0.11705, 0.78005, 0.11705, -0.20418, 0.97195, 0.11499, -14.88594, 26.17165, 116.89628
216, 82, -14.88594, 26.17165, 116.89628, 117.85732, 0.00, 0.80, 0.00, 1.00, 0.78005, 0.11705, 0.78005, 0.11705, -0.20418, 0.97195, 0.11499, -14.88594, 26.17165, 116.89628
217, 81, -15.18351, 23.52775, 114.26791, 115.22982, 0.00, 0.80, 0.00, 1.00, 0.73217, 0.10346, 0.73217, 0.10346, -0.11849, 0.80475, 0.58087, -15.18351, 23.52775, 114.26791
218, 83, -16.26476, 24.79182, 115.04853, 116.01019, 0.00, 0.80, 0.00, 1.00, 0.73853, 0.11711, 0.73853, 0.11711, 0.11993, 0.82784, 0.54718, -16.26476, 24.79182, 115.04853
219, 84, -8.72442, 17.4239, 118.21564, 119.17624, 0.00, 0.80, 0.00, 1.00, 0.867, 0.24465, 0.867, 0.24465, -0.84206, 0.44315, -0.30409, -8.72442, 17.4239, 118.21564
220, 85, -13.64746, 19.82994, 121.08107, 122.04071, 0.00, 0.80, 0.00, 1.00, 0.80945, 0.21055, 0.80945, 0.21055, -0.53185, 0.3883, -0.75105, -13.64746, 19.82994, 121.08107
221, 86, -11.7326, 15.93748, 121.09722, 122.05686, 0.00, 0.80, 0.00, 1.00, 0.80765, 0.24557, 0.80765, 0.24557, 0.03125, -0.06399, -0.99613, -11.7326, 15.93748, 121.09722
222, 84, -8.72442, 17.4239, 118.21564, 119.17624, 0.00, 0.80, 0.00, 1.00, 0.867, 0.24465, 0.867, 0.24465, -0.84206, 0.44315, -0.30409, -8.72442, 17.4239, 118.21564
223, 76, -9.76436, 20.70905, 117.28467, 118.24557, 0.00, 0.80, 0.00, 1.00, 0.87617, 0.20965, 0.87617, 0.20965, -0.84192, 0.5339, -0.06537, -9.76436, 20.70905, 117.28467
224, 85, -13.64746, 19.82994, 121.08107, 122.04071, 0.00, 0.80, 0.00, 1.00, 0.80945, 0.21055, 0.80945, 0.21055, -0.53185, 0.3883, -0.75105, -13.64746, 19.82994, 121.08107
225, 87, -11.5013, 14.15523, 114.05684, 115.01881, 0.00, 0.80, 0.00, 1.00, 0.61898, 0.24905, 0.61898, 0.24905, 0.30839, -0.12379, 0.94178, -11.5013, 14.15523, 114.05684
226, 88, -16.55345, 12.31868, 118.08, 119.04064, 0.00, 0.80, 0.00, 1.00, 0.71846, 0.24832, 0.71846, 0.24832, 0.77017, -0.32194, 0.54853, -16.55345, 12.31868, 118.08
227, 89, -16.45219, 15.19389, 115.41016, 116.37169, 0.00, 0.80, 0.00, 1.00, 0.70424, 0.21431, 0.70424, 0.21431, 0.25453, -0.12807, 0.95717, -16.45219, 15.19389, 115.41016
228, 90, -12.9444, 19.03391, 113.79756, 114.75963, 0.00, 0.80, 0.00, 1.00, 0.61758, 0.20001, 0.61758, 0.20001, 0.325, 0.01202, 0.94427, -12.9444, 19.03391, 113.79756
229, 87, -11.5013, 14.15523, 114.05684, 115.01881, 0.00, 0.80, 0.00, 1.00, 0.61898, 0.24905, 0.61898, 0.24905, 0.30839, -0.12379, 0.94178, -11.5013, 14.15523, 114.05684
230, 89, -16.45219, 15.19389, 115.41016, 116.37169, 0.00, 0.80, 0.00, 1.00, 0.70424, 0.21431, 0.70424, 0.21431, 0.25453, -0.12807, 0.95717, -16.45219, 15.19389, 115.41016
231, 76, -9.76436, 20.70905, 117.28467, 118.24557, 0.00, 0.80, 0.00, 1.00, 0.87617, 0.20965, 0.87617, 0.20965, -0.84192, 0.5339, -0.06537, -9.76436, 20.70905, 117.28467
232, 91, -15.06668, 25.29832, 119.74217, 120.70226, 0.00, 0.80, 0.00, 1.00, 0.81012, 0.14623, 0.81012, 0.14623, -0.62376, 0.4685, -0.62395, -15.06668, 25.29832, 119.74217
233, 85, -13.64746, 19.82994, 121.08107, 122.04071, 0.00, 0.80, 0.00, 1.00, 0.80945, 0.21055, 0.80945, 0.21055, -0.53185, 0.3883, -0.75105, -13.64746, 19.82994, 121.08107
234, 76, -9.76436, 20.70905, 117.28467, 118.24557, 0.00, 0.80, 0.00, 1.00, 0.87617, 0.20965, 0.87617, 0.20965, -0.84192, 0.5339, -0.06537, -9.76436, 20.70905, 117.28467
235, 78, -13.09799, 25.00028, 116.7453, 117.70638, 0.00, 0.80, 0.00, 1.00, 0.89775, 0.14833, 0.89775, 0.14833, -0.67296, 0.68715, 0.27124, -13.09799, 25.00028, 116.7453
236, 91, -15.06668, 25.29832, 119.74217, 120.70226, 0.00, 0.80, 0.00, 1.00, 0.81012, 0.14623, 0.81012, 0.14623, -0.62376, 0.4685, -0.62395, -15.06668, 25.29832, 119.74217
237, 92, -15.18351, 23.52775, 114.26791, 115.22982, 0.00, 0.80, 0.00, 1.00, 0.61774, 0.14789, 0.61774, 0.14789, 0.1967, 0.0187, 0.97895, -15.18351, 23.52775, 114.26791
238, 89, -16.45219, 15.19389, 115.41016, 116.37169, 0.00, 0.80, 0.00, 1.00, 0.70424, 0.21431, 0.70424, 0.21431, 0.25453, -0.12807, 0.95717, -16.45219, 15.19389, 115.41016
239, 93, -19.05087, 22.01221, 114.58974, 115.55155, 0.00, 0.80, 0.00, 1.00, 0.69579, 0.14495, 0.69579, 0.14495, 0.03196, -0.01461, 0.99804, -19.05087, 22.01221, 114.58974
240, 92, -15.18351, 23.52775, 114.26791, 115.22982, 0.00, 0.80, 0.00, 1.00, 0.61774, 0.14789, 0.61774, 0.14789, 0.1967, 0.0187, 0.97895, -15.18351, 23.52775, 114.26791
241, 90, -12.9444, 19.03391, 113.79756, 114.75963, 0.00, 0.80, 0.00, 1.00, 0.61758, 0.20001, 0.61758, 0.20001, 0.325, 0.01202, 0.94427, -12.9444, 19.03391, 113.79756
242, 89, -16.45219, 15.19389, 115.41016, 116.37169, 0.00, 0.80, 0.00, 1.00, 0.70424, 0.21431, 0.70424, 0.21431, 0.25453, -0.12807, 0.95717, -16.45219, 15.19389, 115.41016
243, 82, -14.88594, 26.17165, 116.89628, 117.85732, 0.00, 0.80, 0.00, 1.00, 0.78005, 0.11705, 0.78005, 0.11705, -0.20418, 0.97195, 0.11499, -14.88594, 26.17165, 116.89628
244, 94, -16.54324, 26.70214, 118.55714, 119.51762, 0.00, 0.80, 0.00, 1.00, 0.7888, 0.14547, 0.7888, 0.14547, -0.1499, 0.9853, -0.07903, -16.54324, 26.70214, 118.55714
245, 95, -15.06668, 25.29832, 119.74217, 120.70226, 0.00, 0.80, 0.00, 1.00, 0.80958, 0.14557, 0.80958, 0.14557, -0.44108, 0.82137, -0.36009, -15.06668, 25.29832, 119.74217
246, 80, -13.09799, 25.00028, 116.7453, 117.70638, 0.00, 0.80, 0.00, 1.00, 0.78808, 0.10212, 0.78808, 0.10212, -0.4175, 0.90696, 0.04974, -13.09799, 25.00028, 116.7453
247, 82, -14.88594, 26.17165, 116.89628, 117.85732, 0.00, 0.80, 0.00, 1.00, 0.78005, 0.11705, 0.78005, 0.11705, -0.20418, 0.97195, 0.11499, -14.88594, 26.17165, 116.89628
248, 95, -15.06668, 25.29832, 119.74217, 120.70226, 0.00, 0.80, 0.00, 1.00, 0.80958, 0.14557, 0.80958, 0.14557, -0.44108, 0.82137, -0.36009, -15.06668, 25.29832, 119.74217
249, 82, -14.88594, 26.17165, 116.89628, 117.85732, 0.00, 0.80, 0.00, 1.00, 0.78005, 0.11705, 0.78005, 0.11705, -0.20418, 0.97195, 0.11499, -14.88594, 26.17165, 116.89628
250, 96, -18.50329, 24.75385, 115.93707, 116.89842, 0.00, 0.80, 0.00, 1.00, 0.72992, 0.14557, 0.72992, 0.14557, 0.22092, 0.90215, 0.36962, -18.50329, 24.75385, 115.93707
251, 94, -16.54324, 26.70214, 118.55714, 119.51762, 0.00, 0.80, 0.00, 1.00, 0.7888, 0.14547, 0.7888, 0.14547, -0.1499, 0.9853, -0.07903, -16.54324, 26.70214, 118.55714
252, 82, -14.88594, 26.17165, 116.89628, 117.85732, 0.00, 0.80, 0.00, 1.00, 0.78005, 0.11705, 0.78005, 0.11705, -0.20418, 0.97195, 0.11499, -14.88594, 26.17165, 116.89628
253, 83, -16.26476, 24.79182, 115.04853, 116.01019, 0.00, 0.80, 0.00, 1.00, 0.73853, 0.11711, 0.73853, 0.11711, 0.11993, 0.82784, 0.54718, -16.26476, 24.79182, 115.04853
254, 96, -18.50329, 24.75385, 115.93707, 116.89842, 0.00, 0.80, 0.00, 1.00, 0.72992, 0.14557, 0.72992, 0.14557, 0.22092, 0.90215, 0.36962, -18.50329, 24.75385, 115.93707
255, 83, -16.26476, 24.79182, 115.04853, 116.01019, 0.00, 0.80, 0.00, 1.00, 0.73853, 0.11711, 0.73853, 0.11711, 0.11993, 0.82784, 0.54718, -16.26476, 24.79182, 115.04853
256, 97, -19.05087, 22.01221, 114.58974, 115.55155, 0.00, 0.80, 0.00, 1.00, 0.69529, 0.14565, 0.69529, 0.14565, 0.26403, 0.66059, 0.70176, -19.05087, 22.01221, 114.58974
257, 96, -18.50329, 24.75385, 115.93707, 116.89842, 0.00, 0.80, 0.00, 1.00, 0.72992, 0.14557, 0.72992, 0.14557, 0.22092, 0.90215, 0.36962, -18.50329, 24.75385, 115.93707
258, 83, -16.26476, 24.79182, 115.04853, 116.01019, 0.00, 0.80, 0.00, 1.00, 0.73853, 0.11711, 0.73853, 0.11711, 0.11993, 0.82784, 0.54718, -16.26476, 24.79182, 115.04853
259, 81, -15.18351, 23.52775, 114.26791, 115.22982, 0.00, 0.80, 0.00, 1.00, 0.73217, 0.10346, 0.73217, 0.10346, -0.11849, 0.80475, 0.58087, -15.18351, 23.52775, 114.26791
260, 97, -19.05087, 22.01221, 114.58974, 115.55155, 0.00, 0.80, 0.00, 1.00, 0.69529, 0.14565, 0.69529, 0.14565, 0.26403, 0.66059, 0.70176, -19.05087, 22.01221, 114.58974
261, 98, -12.00865, 7.96168, 114.80872, 115.77045, 0.00, 0.80, 0.00, 1.00, 0.66835, 0.29778, 0.66835, 0.29778, 0.34138, -0.14047, 0.92797, -12.00865, 7.96168, 114.80872
262, 88, -16.55345, 12.31868, 118.08, 119.04064, 0.00, 0.80, 0.00, 1.00, 0.71846, 0.24832, 0.71846, 0.24832, 0.77017, -0.32194, 0.54853, -16.55345, 12.31868, 118.08
263, 87, -11.5013, 14.15523, 114.05684, 115.01881, 0.00, 0.80, 0.00, 1.00, 0.61898, 0.24905, 0.61898, 0.24905, 0.30839, -0.12379, 0.94178, -11.5013, 14.15523, 114.05684
264, 98, -12.00865, 7.96168, 114.80872, 115.77045, 0.00, 0.80, 0.00, 1.00, 0.66835, 0.29778, 0.66835, 0.29778, 0.34138, -0.14047, 0.92797, -12.00865, 7.96168, 114.80872
265, 99, -13.15474, 5.76789, 117.15704, 118.118, 0.00, 0.80, 0.00, 1.00, 0.70995, 0.31396, 0.70995, 0.31396, 0.82585, -0.56099, 0.03844, -13.15474, 5.76789, 117.15704
266, 88, -16.55345, 12.31868, 118.08, 119.04064, 0.00, 0.80, 0.00, 1.00, 0.71846, 0.24832, 0.71846, 0.24832, 0.77017, -0.32194, 0.54853, -16.55345, 12.31868, 118.08
267, 99, -13.15474, 5.76789, 117.15704, 118.118, 0.00, 0.80, 0.00, 1.00, 0.70995, 0.31396, 0.70995, 0.31396, 0.82585, -0.56099, 0.03844, -13.15474, 5.76789, 117.15704
268, 86, -11.7326, 15.93748, 121.09722, 122.05686, 0.00, 0.80, 0.00, 1.00, 0.80765, 0.24557, 0.80765, 0.24557, 0.03125, -0.06399, -0.99613, -11.7326, 15.93748, 121.09722
269, 88, -16.55345, 12.31868, 118.08, 119.04064, 0.00, 0.80, 0.00, 1.00, 0.71846, 0.24832, 0.71846, 0.24832, 0.77017, -0.32194, 0.54853, -16.55345, 12.31868, 118.08
270, 99, -13.15474, 5.76789, 117.15704, 118.118, 0.00, 0.80, 0.00, 1.00, 0.70995, 0.31396, 0.70995, 0.31396, 0.82585, -0.56099, 0.03844, -13.15474, 5.76789, 117.15704
271, 100, -10.03322, 9.05467, 120.84418, 121.8039, 0.00, 0.80, 0.00, 1.00, 0.79836, 0.31124, 0.79836, 0.31124, 0.51439, -0.45423, -0.72597, -10.03322, 9.05467, 120.84418
272, 86, -11.7326, 15.93748, 121.09722, 122.05686, 0.00, 0.80, 0.00, 1.00, 0.80765, 0.24557, 0.80765, 0.24557, 0.03125, -0.06399, -0.99613, -11.7326, 15.93748, 121.09722
273, 101, -7.15627, 12.14313, 119.68576, 120.64587, 0.00, 0.80, 0.00, 1.00, 0.85923, 0.2996, 0.85923, 0.2996, -0.74513, 0.2198, -0.62772, -7.15627, 12.14313, 119.68576
274, 84, -8.72442, 17.4239, 118.21564, 119.17624, 0.00, 0.80, 0.00, 1.00, 0.867, 0.24465, 0.867, 0.24465, -0.84206, 0.44315, -0.30409, -8.72442, 17.4239, 118.21564
275, 86, -11.7326, 15.93748, 121.09722, 122.05686, 0.00, 0.80, 0.00, 1.00, 0.80765, 0.24557, 0.80765, 0.24557, 0.03125, -0.06399, -0.99613, -11.7326, 15.93748, 121.09722
276, 101, -7.15627, 12.14313, 119.68576, 120.64587, 0.00, 0.80, 0.00, 1.00, 0.85923, 0.2996, 0.85923, 0.2996, -0.74513, 0.2198, -0.62772, -7.15627, 12.14313, 119.68576
277, 102, -6.62276, 10.67272, 117.34987, 118.31075, 0.00, 0.80, 0.00, 1.00, 0.90049, 0.31033, 0.90049, 0.31033, -0.89306, 0.39194, 0.21594, -6.62276, 10.67272, 117.34987
278, 84, -8.72442, 17.4239, 118.21564, 119.17624, 0.00, 0.80, 0.00, 1.00, 0.867, 0.24465, 0.867, 0.24465, -0.84206, 0.44315, -0.30409, -8.72442, 17.4239, 118.21564
279, 77, -11.5013, 14.15523, 114.05684, 115.01881, 0.00, 0.80, 0.00, 1.00, 0.99122, 0.2465, 0.99122, 0.2465, -0.67745, 0.35423, 0.64287, -11.5013, 14.15523, 114.05684
280, 74, -9.59069, 16.08708, 116.36111, 117.32233, 0.00, 0.80, 0.00, 1.00, 0.90, 0.24736, 0.90, 0.24736, -0.7165, 0.36494, 0.59259, -9.59069, 16.08708, 116.36111
281, 103, -8.88911, 8.12326, 114.81731, 115.77904, 0.00, 0.80, 0.00, 1.00, 0.98934, 0.31183, 0.98934, 0.31183, -0.68515, 0.30808, 0.65822, -8.88911, 8.12326, 114.81731
282, 102, -6.62276, 10.67272, 117.34987, 118.31075, 0.00, 0.80, 0.00, 1.00, 0.90049, 0.31033, 0.90049, 0.31033, -0.89306, 0.39194, 0.21594, -6.62276, 10.67272, 117.34987
283, 103, -8.88911, 8.12326, 114.81731, 115.77904, 0.00, 0.80, 0.00, 1.00, 0.98934, 0.31183, 0.98934, 0.31183, -0.68515, 0.30808, 0.65822, -8.88911, 8.12326, 114.81731
284, 74, -9.59069, 16.08708, 116.36111, 117.32233, 0.00, 0.80, 0.00, 1.00, 0.90, 0.24736, 0.90, 0.24736, -0.7165, 0.36494, 0.59259, -9.59069, 16.08708, 116.36111
285, 98, -12.00865, 7.96168, 114.80872, 115.77045, 0.00, 0.80, 0.00, 1.00, 0.66835, 0.29778, 0.66835, 0.29778, 0.34138, -0.14047, 0.92797, -12.00865, 7.96168, 114.80872
286, 87, -11.5013, 14.15523, 114.05684, 115.01881, 0.00, 0.80, 0.00, 1.00, 0.61898, 0.24905, 0.61898, 0.24905, 0.30839, -0.12379, 0.94178, -11.5013, 14.15523, 114.05684
287, 104, -8.88911, 8.12326, 114.81731, 115.77904, 0.00, 0.80, 0.00, 1.00, 0.61655, 0.31439, 0.61655, 0.31439, -0.00832, 0.01902, 0.99844, -8.88911, 8.12326, 114.81731
288, 101, -7.15627, 12.14313, 119.68576, 120.64587, 0.00, 0.80, 0.00, 1.00, 0.85923, 0.2996, 0.85923, 0.2996, -0.74513, 0.2198, -0.62772, -7.15627, 12.14313, 119.68576
289, 86, -11.7326, 15.93748, 121.09722, 122.05686, 0.00, 0.80, 0.00, 1.00, 0.80765, 0.24557, 0.80765, 0.24557, 0.03125, -0.06399, -0.99613, -11.7326, 15.93748, 121.09722
290, 105, -8.42884, 6.70674, 121.03973, 121.99939, 0.00, 0.80, 0.00, 1.00, 0.80882, 0.34002, 0.80882, 0.34002, 0.23218, -0.03041, -0.97079, -8.42884, 6.70674, 121.03973
291, 106, -8.15434, 5.374, 115.07675, 116.0384, 0.00, 0.80, 0.00, 1.00, 0.61687, 0.34162, 0.61687, 0.34162, 0.04171, -0.05805, 0.99609, -8.15434, 5.374, 115.07675
292, 98, -12.00865, 7.96168, 114.80872, 115.77045, 0.00, 0.80, 0.00, 1.00, 0.66835, 0.29778, 0.66835, 0.29778, 0.34138, -0.14047, 0.92797, -12.00865, 7.96168, 114.80872
293, 104, -8.88911, 8.12326, 114.81731, 115.77904, 0.00, 0.80, 0.00, 1.00, 0.61655, 0.31439, 0.61655, 0.31439, -0.00832, 0.01902, 0.99844, -8.88911, 8.12326, 114.81731
294, 106, -8.15434, 5.374, 115.07675, 116.0384, 0.00, 0.80, 0.00, 1.00, 0.61687, 0.34162, 0.61687, 0.34162, 0.04171, -0.05805, 0.99609, -8.15434, 5.374, 115.07675
295, 107, -9.72139, 4.23876, 115.49644, 116.45794, 0.00, 0.80, 0.00, 1.00, 0.66031, 0.3427, 0.66031, 0.3427, 0.49518, -0.21752, 0.83962, -9.72139, 4.23876, 115.49644
296, 98, -12.00865, 7.96168, 114.80872, 115.77045, 0.00, 0.80, 0.00, 1.00, 0.66835, 0.29778, 0.66835, 0.29778, 0.34138, -0.14047, 0.92797, -12.00865, 7.96168, 114.80872
297, 105, -8.42884, 6.70674, 121.03973, 121.99939, 0.00, 0.80, 0.00, 1.00, 0.80882, 0.34002, 0.80882, 0.34002, 0.23218, -0.03041, -0.97079, -8.42884, 6.70674, 121.03973
298, 86, -11.7326, 15.93748, 121.09722, 122.05686, 0.00, 0.80, 0.00, 1.00, 0.80765, 0.24557, 0.80765, 0.24557, 0.03125, -0.06399, -0.99613, -11.7326, 15.93748, 121.09722
299, 100, -10.03322, 9.05467, 120.84418, 121.8039, 0.00, 0.80, 0.00, 1.00, 0.79836, 0.31124, 0.79836, 0.31124, 0.51439, -0.45423, -0.72597, -10.03322, 9.05467, 120.84418
300, 105, -8.42884, 6.70674, 121.03973, 121.99939, 0.00, 0.80, 0.00, 1.00, 0.80882, 0.34002, 0.80882, 0.34002, 0.23218, -0.03041, -0.97079, -8.42884, 6.70674, 121.03973
301, 108, -6.31581, 7.72339, 119.72028, 120.68037, 0.00, 0.80, 0.00, 1.00, 0.85691, 0.34094, 0.85691, 0.34094, -0.59828, 0.44731, -0.66318, -6.31581, 7.72339, 119.72028
302, 101, -7.15627, 12.14313, 119.68576, 120.64587, 0.00, 0.80, 0.00, 1.00, 0.85923, 0.2996, 0.85923, 0.2996, -0.74513, 0.2198, -0.62772, -7.15627, 12.14313, 119.68576
303, 107, -9.72139, 4.23876, 115.49644, 116.45794, 0.00, 0.80, 0.00, 1.00, 0.66031, 0.3427, 0.66031, 0.3427, 0.49518, -0.21752, 0.83962, -9.72139, 4.23876, 115.49644
304, 99, -13.15474, 5.76789, 117.15704, 118.118, 0.00, 0.80, 0.00, 1.00, 0.70995, 0.31396, 0.70995, 0.31396, 0.82585, -0.56099, 0.03844, -13.15474, 5.76789, 117.15704
305, 98, -12.00865, 7.96168, 114.80872, 115.77045, 0.00, 0.80, 0.00, 1.00, 0.66835, 0.29778, 0.66835, 0.29778, 0.34138, -0.14047, 0.92797, -12.00865, 7.96168, 114.80872
306, 107, -9.72139, 4.23876, 115.49644, 116.45794, 0.00, 0.80, 0.00, 1.00, 0.66031, 0.3427, 0.66031, 0.3427, 0.49518, -0.21752, 0.83962, -9.72139, 4.23876, 115.49644
307, 109, -11.55042, 3.57045, 117.25703, 118.21796, 0.00, 0.80, 0.00, 1.00, 0.70581, 0.34132, 0.70581, 0.34132, 0.95279, -0.29587, 0.04786, -11.55042, 3.57045, 117.25703
308, 99, -13.15474, 5.76789, 117.15704, 118.118, 0.00, 0.80, 0.00, 1.00, 0.70995, 0.31396, 0.70995, 0.31396, 0.82585, -0.56099, 0.03844, -13.15474, 5.76789, 117.15704
309, 109, -11.55042, 3.57045, 117.25703, 118.21796, 0.00, 0.80, 0.00, 1.00, 0.70581, 0.34132, 0.70581, 0.34132, 0.95279, -0.29587, 0.04786, -11.55042, 3.57045, 117.25703
310, 100, -10.03322, 9.05467, 120.84418, 121.8039, 0.00, 0.80, 0.00, 1.00, 0.79836, 0.31124, 0.79836, 0.31124, 0.51439, -0.45423, -0.72597, -10.03322, 9.05467, 120.84418
311, 99, -13.15474, 5.76789, 117.15704, 118.118, 0.00, 0.80, 0.00, 1.00, 0.70995, 0.31396, 0.70995, 0.31396, 0.82585, -0.56099, 0.03844, -13.15474, 5.76789, 117.15704
312, 109, -11.55042, 3.57045, 117.25703, 118.21796, 0.00, 0.80, 0.00, 1.00, 0.70581, 0.34132, 0.70581, 0.34132, 0.95279, -0.29587, 0.04786, -11.55042, 3.57045, 117.25703
313, 105, -8.42884, 6.70674, 121.03973, 121.99939, 0.00, 0.80, 0.00, 1.00, 0.80882, 0.34002, 0.80882, 0.34002, 0.23218, -0.03041, -0.97079, -8.42884, 6.70674, 121.03973
314, 100, -10.03322, 9.05467, 120.84418, 121.8039, 0.00, 0.80, 0.00, 1.00, 0.79836, 0.31124, 0.79836, 0.31124, 0.51439, -0.45423, -0.72597, -10.03322, 9.05467, 120.84418
315, 108, -6.31581, 7.72339, 119.72028, 120.68037, 0.00, 0.80, 0.00, 1.00, 0.85691, 0.34094, 0.85691, 0.34094, -0.59828, 0.44731, -0.66318, -6.31581, 7.72339, 119.72028
316, 102, -6.62276, 10.67272, 117.34987, 118.31075, 0.00, 0.80, 0.00, 1.00, 0.90049, 0.31033, 0.90049, 0.31033, -0.89306, 0.39194, 0.21594, -6.62276, 10.67272, 117.34987
317, 101, -7.15627, 12.14313, 119.68576, 120.64587, 0.00, 0.80, 0.00, 1.00, 0.85923, 0.2996, 0.85923, 0.2996, -0.74513, 0.2198, -0.62772, -7.15627, 12.14313, 119.68576
318, 108, -6.31581, 7.72339, 119.72028, 120.68037, 0.00, 0.80, 0.00, 1.00, 0.85691, 0.34094, 0.85691, 0.34094, -0.59828, 0.44731, -0.66318, -6.31581, 7.72339, 119.72028
319, 110, -5.69759, 7.99405, 118.08955, 119.05019, 0.00, 0.80, 0.00, 1.00, 0.89202, 0.33907, 0.89202, 0.33907, -0.75073, 0.6466, 0.12959, -5.69759, 7.99405, 118.08955
320, 102, -6.62276, 10.67272, 117.34987, 118.31075, 0.00, 0.80, 0.00, 1.00, 0.90049, 0.31033, 0.90049, 0.31033, -0.89306, 0.39194, 0.21594, -6.62276, 10.67272, 117.34987
321, 110, -5.69759, 7.99405, 118.08955, 119.05019, 0.00, 0.80, 0.00, 1.00, 0.89202, 0.33907, 0.89202, 0.33907, -0.75073, 0.6466, 0.12959, -5.69759, 7.99405, 118.08955
322, 103, -8.88911, 8.12326, 114.81731, 115.77904, 0.00, 0.80, 0.00, 1.00, 0.98934, 0.31183, 0.98934, 0.31183, -0.68515, 0.30808, 0.65822, -8.88911, 8.12326, 114.81731
323, 102, -6.62276, 10.67272, 117.34987, 118.31075, 0.00, 0.80, 0.00, 1.00, 0.90049, 0.31033, 0.90049, 0.31033, -0.89306, 0.39194, 0.21594, -6.62276, 10.67272, 117.34987
324, 110, -5.69759, 7.99405, 118.08955, 119.05019, 0.00, 0.80, 0.00, 1.00, 0.89202, 0.33907, 0.89202, 0.33907, -0.75073, 0.6466, 0.12959, -5.69759, 7.99405, 118.08955
325, 111, -8.15434, 5.374, 115.07675, 116.0384, 0.00, 0.80, 0.00, 1.00, 0.9901, 0.33906, 0.9901, 0.33906, -0.48592, 0.61844, 0.61632, -8.15434, 5.374, 115.07675
326, 103, -8.88911, 8.12326, 114.81731, 115.77904, 0.00, 0.80, 0.00, 1.00, 0.98934, 0.31183, 0.98934, 0.31183, -0.68515, 0.30808, 0.65822, -8.88911, 8.12326, 114.81731
327, 112, -7.25528, 4.03289, 114.37156, 115.33344, 0.00, 0.80, 0.00, 1.00, 0.61703, 0.36159, 0.61703, 0.36159, 0.29564, 0.45811, 0.83712, -7.25528, 4.03289, 114.37156
328, 113, -9.72139, 4.23876, 115.49644, 116.45794, 0.00, 0.80, 0.00, 1.00, 0.66051, 0.34334, 0.66051, 0.34334, 0.30049, 0.32369, 0.89593, -9.72139, 4.23876, 115.49644
329, 114, -8.15434, 5.374, 115.07675, 116.0384, 0.00, 0.80, 0.00, 1.00, 0.61691, 0.34226, 0.61691, 0.34226, 0.31237, 0.24937, 0.91536, -8.15434, 5.374, 115.07675
330, 112, -7.25528, 4.03289, 114.37156, 115.33344, 0.00, 0.80, 0.00, 1.00, 0.61703, 0.36159, 0.61703, 0.36159, 0.29564, 0.45811, 0.83712, -7.25528, 4.03289, 114.37156
331, 115, -9.97757, 2.67267, 114.79829, 115.76003, 0.00, 0.80, 0.00, 1.00, 0.66085, 0.3621, 0.66085, 0.3621, 0.28479, 0.3556, 0.88897, -9.97757, 2.67267, 114.79829
332, 113, -9.72139, 4.23876, 115.49644, 116.45794, 0.00, 0.80, 0.00, 1.00, 0.66051, 0.34334, 0.66051, 0.34334, 0.30049, 0.32369, 0.89593, -9.72139, 4.23876, 115.49644
333, 116, -7.71067, 3.39522, 121.80157, 122.76096, 0.00, 0.80, 0.00, 1.00, 0.80364, 0.35882, 0.80364, 0.35882, 0.14966, -0.16731, -0.97316, -7.71067, 3.39522, 121.80157
334, 108, -6.31581, 7.72339, 119.72028, 120.68037, 0.00, 0.80, 0.00, 1.00, 0.85691, 0.34094, 0.85691, 0.34094, -0.59828, 0.44731, -0.66318, -6.31581, 7.72339, 119.72028
335, 105, -8.42884, 6.70674, 121.03973, 121.99939, 0.00, 0.80, 0.00, 1.00, 0.80882, 0.34002, 0.80882, 0.34002, 0.23218, -0.03041, -0.97079, -8.42884, 6.70674, 121.03973
336, 116, -7.71067, 3.39522, 121.80157, 122.76096, 0.00, 0.80, 0.00, 1.00, 0.80364, 0.35882, 0.80364, 0.35882, 0.14966, -0.16731, -0.97316, -7.71067, 3.39522, 121.80157
337, 117, -4.7168, 4.7019, 120.23351, 121.19343, 0.00, 0.80, 0.00, 1.00, 0.85733, 0.35974, 0.85733, 0.35974, -0.72182, 0.11908, -0.67992, -4.7168, 4.7019, 120.23351
338, 108, -6.31581, 7.72339, 119.72028, 120.68037, 0.00, 0.80, 0.00, 1.00, 0.85691, 0.34094, 0.85691, 0.34094, -0.59828, 0.44731, -0.66318, -6.31581, 7.72339, 119.72028
339, 118, -9.97757, 2.67267, 114.79829, 115.76003, 0.00, 0.80, 0.00, 1.00, 0.66065, 0.36146, 0.66065, 0.36146, 0.80687, 0.15324, 0.56833, -9.97757, 2.67267, 114.79829
340, 109, -11.55042, 3.57045, 117.25703, 118.21796, 0.00, 0.80, 0.00, 1.00, 0.70581, 0.34132, 0.70581, 0.34132, 0.95279, -0.29587, 0.04786, -11.55042, 3.57045, 117.25703
341, 107, -9.72139, 4.23876, 115.49644, 116.45794, 0.00, 0.80, 0.00, 1.00, 0.66031, 0.3427, 0.66031, 0.3427, 0.49518, -0.21752, 0.83962, -9.72139, 4.23876, 115.49644
342, 118, -9.97757, 2.67267, 114.79829, 115.76003, 0.00, 0.80, 0.00, 1.00, 0.66065, 0.36146, 0.66065, 0.36146, 0.80687, 0.15324, 0.56833, -9.97757, 2.67267, 114.79829
343, 119, -11.91795, 1.77178, 117.61511, 118.57591, 0.00, 0.80, 0.00, 1.00, 0.7111, 0.3601, 0.7111, 0.3601, 0.99614, -0.064, -0.03087, -11.91795, 1.77178, 117.61511
344, 109, -11.55042, 3.57045, 117.25703, 118.21796, 0.00, 0.80, 0.00, 1.00, 0.70581, 0.34132, 0.70581, 0.34132, 0.95279, -0.29587, 0.04786, -11.55042, 3.57045, 117.25703
345, 119, -11.91795, 1.77178, 117.61511, 118.57591, 0.00, 0.80, 0.00, 1.00, 0.7111, 0.3601, 0.7111, 0.3601, 0.99614, -0.064, -0.03087, -11.91795, 1.77178, 117.61511
346, 105, -8.42884, 6.70674, 121.03973, 121.99939, 0.00, 0.80, 0.00, 1.00, 0.80882, 0.34002, 0.80882, 0.34002, 0.23218, -0.03041, -0.97079, -8.42884, 6.70674, 121.03973
347, 109, -11.55042, 3.57045, 117.25703, 118.21796, 0.00, 0.80, 0.00, 1.00, 0.70581, 0.34132, 0.70581, 0.34132, 0.95279, -0.29587, 0.04786, -11.55042, 3.57045, 117.25703
348, 119, -11.91795, 1.77178, 117.61511, 118.57591, 0.00, 0.80, 0.00, 1.00, 0.7111, 0.3601, 0.7111, 0.3601, 0.99614, -0.064, -0.03087, -11.91795, 1.77178, 117.61511
349, 116, -7.71067, 3.39522, 121.80157, 122.76096, 0.00, 0.80, 0.00, 1.00, 0.80364, 0.35882, 0.80364, 0.35882, 0.14966, -0.16731, -0.97316, -7.71067, 3.39522, 121.80157
350, 105, -8.42884, 6.70674, 121.03973, 121.99939, 0.00, 0.80, 0.00, 1.00, 0.80882, 0.34002, 0.80882, 0.34002, 0.23218, -0.03041, -0.97079, -8.42884, 6.70674, 121.03973
351, 117, -4.7168, 4.7019, 120.23351, 121.19343, 0.00, 0.80, 0.00, 1.00, 0.85733, 0.35974, 0.85733, 0.35974, -0.72182, 0.11908, -0.67992, -4.7168, 4.7019, 120.23351
352, 110, -5.69759, 7.99405, 118.08955, 119.05019, 0.00, 0.80, 0.00, 1.00, 0.89202, 0.33907, 0.89202, 0.33907, -0.75073, 0.6466, 0.12959, -5.69759, 7.99405, 118.08955
353, 108, -6.31581, 7.72339, 119.72028, 120.68037, 0.00, 0.80, 0.00, 1.00, 0.85691, 0.34094, 0.85691, 0.34094, -0.59828, 0.44731, -0.66318, -6.31581, 7.72339, 119.72028
354, 117, -4.7168, 4.7019, 120.23351, 121.19343, 0.00, 0.80, 0.00, 1.00, 0.85733, 0.35974, 0.85733, 0.35974, -0.72182, 0.11908, -0.67992, -4.7168, 4.7019, 120.23351
355, 120, -3.94518, 5.43976, 117.69257, 118.65334, 0.00, 0.80, 0.00, 1.00, 0.9008, 0.35788, 0.9008, 0.35788, -0.83918, 0.53231, 0.10284, -3.94518, 5.43976, 117.69257
356, 110, -5.69759, 7.99405, 118.08955, 119.05019, 0.00, 0.80, 0.00, 1.00, 0.89202, 0.33907, 0.89202, 0.33907, -0.75073, 0.6466, 0.12959, -5.69759, 7.99405, 118.08955
357, 120, -3.94518, 5.43976, 117.69257, 118.65334, 0.00, 0.80, 0.00, 1.00, 0.9008, 0.35788, 0.9008, 0.35788, -0.83918, 0.53231, 0.10284, -3.94518, 5.43976, 117.69257
358, 111, -8.15434, 5.374, 115.07675, 116.0384, 0.00, 0.80, 0.00, 1.00, 0.9901, 0.33906, 0.9901, 0.33906, -0.48592, 0.61844, 0.61632, -8.15434, 5.374, 115.07675
359, 110, -5.69759, 7.99405, 118.08955, 119.05019, 0.00, 0.80, 0.00, 1.00, 0.89202, 0.33907, 0.89202, 0.33907, -0.75073, 0.6466, 0.12959, -5.69759, 7.99405, 118.08955
360, 120, -3.94518, 5.43976, 117.69257, 118.65334, 0.00, 0.80, 0.00, 1.00, 0.9008, 0.35788, 0.9008, 0.35788, -0.83918, 0.53231, 0.10284, -3.94518, 5.43976, 117.69257
361, 121, -7.25528, 4.03289, 114.37156, 115.33344, 0.00, 0.80, 0.00, 1.00, 0.98896, 0.35775, 0.98896, 0.35775, -0.53311, 0.61123, 0.58362, -7.25528, 4.03289, 114.37156
362, 111, -8.15434, 5.374, 115.07675, 116.0384, 0.00, 0.80, 0.00, 1.00, 0.9901, 0.33906, 0.9901, 0.33906, -0.48592, 0.61844, 0.61632, -8.15434, 5.374, 115.07675
363, 122, -5.98809, -0.49392, 113.55366, 114.51581, 0.00, 0.80, 0.00, 1.00, 0.61681, 0.40716, 0.61681, 0.40716, 0.19857, -0.03187, 0.97822, -5.98809, -0.49392, 113.55366
364, 115, -9.97757, 2.67267, 114.79829, 115.76003, 0.00, 0.80, 0.00, 1.00, 0.66085, 0.3621, 0.66085, 0.3621, 0.28479, 0.3556, 0.88897, -9.97757, 2.67267, 114.79829
365, 112, -7.25528, 4.03289, 114.37156, 115.33344, 0.00, 0.80, 0.00, 1.00, 0.61703, 0.36159, 0.61703, 0.36159, 0.29564, 0.45811, 0.83712, -7.25528, 4.03289, 114.37156
366, 122, -5.98809, -0.49392, 113.55366, 114.51581, 0.00, 0.80, 0.00, 1.00, 0.61681, 0.40716, 0.61681, 0.40716, 0.19857, -0.03187, 0.97822, -5.98809, -0.49392, 113.55366
367, 123, -8.41703, -1.61067, 114.34982, 115.31171, 0.00, 0.80, 0.00, 1.00, 0.65224, 0.40658, 0.65224, 0.40658, 0.12471, -0.33926, 0.93101, -8.41703, -1.61067, 114.34982
368, 115, -9.97757, 2.67267, 114.79829, 115.76003, 0.00, 0.80, 0.00, 1.00, 0.66085, 0.3621, 0.66085, 0.3621, 0.28479, 0.3556, 0.88897, -9.97757, 2.67267, 114.79829
369, 124, -7.06062, -1.72908, 120.18201, 121.14195, 0.00, 0.80, 0.00, 1.00, 0.79036, 0.40813, 0.79036, 0.40813, -0.04511, -0.67639, -0.73424, -7.06062, -1.72908, 120.18201
370, 117, -4.7168, 4.7019, 120.23351, 121.19343, 0.00, 0.80, 0.00, 1.00, 0.85733, 0.35974, 0.85733, 0.35974, -0.72182, 0.11908, -0.67992, -4.7168, 4.7019, 120.23351
371, 116, -7.71067, 3.39522, 121.80157, 122.76096, 0.00, 0.80, 0.00, 1.00, 0.80364, 0.35882, 0.80364, 0.35882, 0.14966, -0.16731, -0.97316, -7.71067, 3.39522, 121.80157
372, 124, -7.06062, -1.72908, 120.18201, 121.14195, 0.00, 0.80, 0.00, 1.00, 0.79036, 0.40813, 0.79036, 0.40813, -0.04511, -0.67639, -0.73424, -7.06062, -1.72908, 120.18201
373, 125, -4.28425, -0.5647, 118.35098, 119.31153, 0.00, 0.80, 0.00, 1.00, 0.87804, 0.40966, 0.87804, 0.40966, -0.80476, -0.34822, -0.47834, -4.28425, -0.5647, 118.35098
374, 117, -4.7168, 4.7019, 120.23351, 121.19343, 0.00, 0.80, 0.00, 1.00, 0.85733, 0.35974, 0.85733, 0.35974, -0.72182, 0.11908, -0.67992, -4.7168, 4.7019, 120.23351
375, 126, -8.41703, -1.61067, 114.34982, 115.31171, 0.00, 0.80, 0.00, 1.00, 0.65203, 0.40594, 0.65203, 0.40594, 0.63949, -0.3017, 0.70544, -8.41703, -1.61067, 114.34982
376, 119, -11.91795, 1.77178, 117.61511, 118.57591, 0.00, 0.80, 0.00, 1.00, 0.7111, 0.3601, 0.7111, 0.3601, 0.99614, -0.064, -0.03087, -11.91795, 1.77178, 117.61511
377, 118, -9.97757, 2.67267, 114.79829, 115.76003, 0.00, 0.80, 0.00, 1.00, 0.66065, 0.36146, 0.66065, 0.36146, 0.80687, 0.15324, 0.56833, -9.97757, 2.67267, 114.79829
378, 126, -8.41703, -1.61067, 114.34982, 115.31171, 0.00, 0.80, 0.00, 1.00, 0.65203, 0.40594, 0.65203, 0.40594, 0.63949, -0.3017, 0.70544, -8.41703, -1.61067, 114.34982
379, 127, -10.72313, -2.66714, 116.7485, 117.70959, 0.00, 0.80, 0.00, 1.00, 0.70178, 0.40485, 0.70178, 0.40485, 0.68571, -0.72385, 0.06733, -10.72313, -2.66714, 116.7485
380, 119, -11.91795, 1.77178, 117.61511, 118.57591, 0.00, 0.80, 0.00, 1.00, 0.7111, 0.3601, 0.7111, 0.3601, 0.99614, -0.064, -0.03087, -11.91795, 1.77178, 117.61511
381, 127, -10.72313, -2.66714, 116.7485, 117.70959, 0.00, 0.80, 0.00, 1.00, 0.70178, 0.40485, 0.70178, 0.40485, 0.68571, -0.72385, 0.06733, -10.72313, -2.66714, 116.7485
382, 116, -7.71067, 3.39522, 121.80157, 122.76096, 0.00, 0.80, 0.00, 1.00, 0.80364, 0.35882, 0.80364, 0.35882, 0.14966, -0.16731, -0.97316, -7.71067, 3.39522, 121.80157
383, 119, -11.91795, 1.77178, 117.61511, 118.57591, 0.00, 0.80, 0.00, 1.00, 0.7111, 0.3601, 0.7111, 0.3601, 0.99614, -0.064, -0.03087, -11.91795, 1.77178, 117.61511
384, 127, -10.72313, -2.66714, 116.7485, 117.70959, 0.00, 0.80, 0.00, 1.00, 0.70178, 0.40485, 0.70178, 0.40485, 0.68571, -0.72385, 0.06733, -10.72313, -2.66714, 116.7485
385, 124, -7.06062, -1.72908, 120.18201, 121.14195, 0.00, 0.80, 0.00, 1.00, 0.79036, 0.40813, 0.79036, 0.40813, -0.04511, -0.67639, -0.73424, -7.06062, -1.72908, 120.18201
386, 116, -7.71067, 3.39522, 121.80157, 122.76096, 0.00, 0.80, 0.00, 1.00, 0.80364, 0.35882, 0.80364, 0.35882, 0.14966, -0.16731, -0.97316, -7.71067, 3.39522, 121.80157
387, 125, -4.28425, -0.5647, 118.35098, 119.31153, 0.00, 0.80, 0.00, 1.00, 0.87804, 0.40966, 0.87804, 0.40966, -0.80476, -0.34822, -0.47834, -4.28425, -0.5647, 118.35098
388, 120, -3.94518, 5.43976, 117.69257, 118.65334, 0.00, 0.80, 0.00, 1.00, 0.9008, 0.35788, 0.9008, 0.35788, -0.83918, 0.53231, 0.10284, -3.94518, 5.43976, 117.69257
389, 117, -4.7168, 4.7019, 120.23351, 121.19343, 0.00, 0.80, 0.00, 1.00, 0.85733, 0.35974, 0.85733, 0.35974, -0.72182, 0.11908, -0.67992, -4.7168, 4.7019, 120.23351
390, 125, -4.28425, -0.5647, 118.35098, 119.31153, 0.00, 0.80, 0.00, 1.00, 0.87804, 0.40966, 0.87804, 0.40966, -0.80476, -0.34822, -0.47834, -4.28425, -0.5647, 118.35098
391, 128, -3.33248, 0.3685, 116.05004, 117.01136, 0.00, 0.80, 0.00, 1.00, 0.92605, 0.40659, 0.92605, 0.40659, -0.96778, -0.02554, 0.24493, -3.33248, 0.3685, 116.05004
392, 120, -3.94518, 5.43976, 117.69257, 118.65334, 0.00, 0.80, 0.00, 1.00, 0.9008, 0.35788, 0.9008, 0.35788, -0.83918, 0.53231, 0.10284, -3.94518, 5.43976, 117.69257
393, 128, -3.33248, 0.3685, 116.05004, 117.01136, 0.00, 0.80, 0.00, 1.00, 0.92605, 0.40659, 0.92605, 0.40659, -0.96778, -0.02554, 0.24493, -3.33248, 0.3685, 116.05004
394, 121, -7.25528, 4.03289, 114.37156, 115.33344, 0.00, 0.80, 0.00, 1.00, 0.98896, 0.35775, 0.98896, 0.35775, -0.53311, 0.61123, 0.58362, -7.25528, 4.03289, 114.37156
395, 120, -3.94518, 5.43976, 117.69257, 118.65334, 0.00, 0.80, 0.00, 1.00, 0.9008, 0.35788, 0.9008, 0.35788, -0.83918, 0.53231, 0.10284, -3.94518, 5.43976, 117.69257
396, 128, -3.33248, 0.3685, 116.05004, 117.01136, 0.00, 0.80, 0.00, 1.00, 0.92605, 0.40659, 0.92605, 0.40659, -0.96778, -0.02554, 0.24493, -3.33248, 0.3685, 116.05004
397, 129, -5.98809, -0.49392, 113.55366, 114.51581, 0.00, 0.80, 0.00, 1.00, 0.98879, 0.40333, 0.98879, 0.40333, -0.70468, -0.04244, 0.70623, -5.98809, -0.49392, 113.55366
398, 121, -7.25528, 4.03289, 114.37156, 115.33344, 0.00, 0.80, 0.00, 1.00, 0.98896, 0.35775, 0.98896, 0.35775, -0.53311, 0.61123, 0.58362, -7.25528, 4.03289, 114.37156
399, 130, -5.85642, -1.49407, 114.21436, 115.17628, 0.00, 0.80, 0.00, 1.00, 0.61683, 0.41609, 0.61683, 0.41609, 0.01736, -0.54565, 0.83647, -5.85642, -1.49407, 114.21436
400, 123, -8.41703, -1.61067, 114.34982, 115.31171, 0.00, 0.80, 0.00, 1.00, 0.65224, 0.40658, 0.65224, 0.40658, 0.12471, -0.33926, 0.93101, -8.41703, -1.61067, 114.34982
401, 122, -5.98809, -0.49392, 113.55366, 114.51581, 0.00, 0.80, 0.00, 1.00, 0.61681, 0.40716, 0.61681, 0.40716, 0.19857, -0.03187, 0.97822, -5.98809, -0.49392, 113.55366
402, 130, -5.85642, -1.49407, 114.21436, 115.17628, 0.00, 0.80, 0.00, 1.00, 0.61683, 0.41609, 0.61683, 0.41609, 0.01736, -0.54565, 0.83647, -5.85642, -1.49407, 114.21436
403, 131, -7.80387, -2.39198, 114.85927, 115.82098, 0.00, 0.80, 0.00, 1.00, 0.65123, 0.41554, 0.65123, 0.41554, 0.01722, -0.54754, 0.83524, -7.80387, -2.39198, 114.85927
404, 123, -8.41703, -1.61067, 114.34982, 115.31171, 0.00, 0.80, 0.00, 1.00, 0.65224, 0.40658, 0.65224, 0.40658, 0.12471, -0.33926, 0.93101, -8.41703, -1.61067, 114.34982
405, 132, -6.85436, -2.59819, 119.63892, 120.59904, 0.00, 0.80, 0.00, 1.00, 0.78671, 0.41705, 0.78671, 0.41705, -0.28845, -0.69591, -0.65663, -6.85436, -2.59819, 119.63892
406, 125, -4.28425, -0.5647, 118.35098, 119.31153, 0.00, 0.80, 0.00, 1.00, 0.87804, 0.40966, 0.87804, 0.40966, -0.80476, -0.34822, -0.47834, -4.28425, -0.5647, 118.35098
407, 124, -7.06062, -1.72908, 120.18201, 121.14195, 0.00, 0.80, 0.00, 1.00, 0.79036, 0.40813, 0.79036, 0.40813, -0.04511, -0.67639, -0.73424, -7.06062, -1.72908, 120.18201
408, 132, -6.85436, -2.59819, 119.63892, 120.59904, 0.00, 0.80, 0.00, 1.00, 0.78671, 0.41705, 0.78671, 0.41705, -0.28845, -0.69591, -0.65663, -6.85436, -2.59819, 119.63892
409, 133, -4.48178, -1.62203, 118.03806, 118.99871, 0.00, 0.80, 0.00, 1.00, 0.88177, 0.41855, 0.88177, 0.41855, -0.82711, -0.4462, -0.33852, -4.48178, -1.62203, 118.03806
410, 125, -4.28425, -0.5647, 118.35098, 119.31153, 0.00, 0.80, 0.00, 1.00, 0.87804, 0.40966, 0.87804, 0.40966, -0.80476, -0.34822, -0.47834, -4.28425, -0.5647, 118.35098
411, 134, -7.80387, -2.39198, 114.85927, 115.82098, 0.00, 0.80, 0.00, 1.00, 0.65102, 0.4149, 0.65102, 0.4149, 0.30031, -0.69205, 0.6551, -7.80387, -2.39198, 114.85927
412, 127, -10.72313, -2.66714, 116.7485, 117.70959, 0.00, 0.80, 0.00, 1.00, 0.70178, 0.40485, 0.70178, 0.40485, 0.68571, -0.72385, 0.06733, -10.72313, -2.66714, 116.7485
413, 126, -8.41703, -1.61067, 114.34982, 115.31171, 0.00, 0.80, 0.00, 1.00, 0.65203, 0.40594, 0.65203, 0.40594, 0.63949, -0.3017, 0.70544, -8.41703, -1.61067, 114.34982
414, 134, -7.80387, -2.39198, 114.85927, 115.82098, 0.00, 0.80, 0.00, 1.00, 0.65102, 0.4149, 0.65102, 0.4149, 0.30031, -0.69205, 0.6551, -7.80387, -2.39198, 114.85927
415, 135, -9.80052, -3.29082, 116.91345, 117.87448, 0.00, 0.80, 0.00, 1.00, 0.70282, 0.41383, 0.70282, 0.41383, 0.47682, -0.87037, -0.1198, -9.80052, -3.29082, 116.91345
416, 127, -10.72313, -2.66714, 116.7485, 117.70959, 0.00, 0.80, 0.00, 1.00, 0.70178, 0.40485, 0.70178, 0.40485, 0.68571, -0.72385, 0.06733, -10.72313, -2.66714, 116.7485
417, 135, -9.80052, -3.29082, 116.91345, 117.87448, 0.00, 0.80, 0.00, 1.00, 0.70282, 0.41383, 0.70282, 0.41383, 0.47682, -0.87037, -0.1198, -9.80052, -3.29082, 116.91345
418, 124, -7.06062, -1.72908, 120.18201, 121.14195, 0.00, 0.80, 0.00, 1.00, 0.79036, 0.40813, 0.79036, 0.40813, -0.04511, -0.67639, -0.73424, -7.06062, -1.72908, 120.18201
419, 127, -10.72313, -2.66714, 116.7485, 117.70959, 0.00, 0.80, 0.00, 1.00, 0.70178, 0.40485, 0.70178, 0.40485, 0.68571, -0.72385, 0.06733, -10.72313, -2.66714, 116.7485
420, 135, -9.80052, -3.29082, 116.91345, 117.87448, 0.00, 0.80, 0.00, 1.00, 0.70282, 0.41383, 0.70282, 0.41383, 0.47682, -0.87037, -0.1198, -9.80052, -3.29082, 116.91345
421, 132, -6.85436, -2.59819, 119.63892, 120.59904, 0.00, 0.80, 0.00, 1.00, 0.78671, 0.41705, 0.78671, 0.41705, -0.28845, -0.69591, -0.65663, -6.85436, -2.59819, 119.63892
422, 124, -7.06062, -1.72908, 120.18201, 121.14195, 0.00, 0.80, 0.00, 1.00, 0.79036, 0.40813, 0.79036, 0.40813, -0.04511, -0.67639, -0.73424, -7.06062, -1.72908, 120.18201
423, 133, -4.48178, -1.62203, 118.03806, 118.99871, 0.00, 0.80, 0.00, 1.00, 0.88177, 0.41855, 0.88177, 0.41855, -0.82711, -0.4462, -0.33852, -4.48178, -1.62203, 118.03806
424, 128, -3.33248, 0.3685, 116.05004, 117.01136, 0.00, 0.80, 0.00, 1.00, 0.92605, 0.40659, 0.92605, 0.40659, -0.96778, -0.02554, 0.24493, -3.33248, 0.3685, 116.05004
425, 125, -4.28425, -0.5647, 118.35098, 119.31153, 0.00, 0.80, 0.00, 1.00, 0.87804, 0.40966, 0.87804, 0.40966, -0.80476, -0.34822, -0.47834, -4.28425, -0.5647, 118.35098
426, 133, -4.48178, -1.62203, 118.03806, 118.99871, 0.00, 0.80, 0.00, 1.00, 0.88177, 0.41855, 0.88177, 0.41855, -0.82711, -0.4462, -0.33852, -4.48178, -1.62203, 118.03806
427, 136, -3.72666, -0.81583, 116.1964, 117.15766, 0.00, 0.80, 0.00, 1.00, 0.9282, 0.41554, 0.9282, 0.41554, -0.82731, -0.37235, 0.4174, -3.72666, -0.81583, 116.1964
428, 128, -3.33248, 0.3685, 116.05004, 117.01136, 0.00, 0.80, 0.00, 1.00, 0.92605, 0.40659, 0.92605, 0.40659, -0.96778, -0.02554, 0.24493, -3.33248, 0.3685, 116.05004
429, 136, -3.72666, -0.81583, 116.1964, 117.15766, 0.00, 0.80, 0.00, 1.00, 0.9282, 0.41554, 0.9282, 0.41554, -0.82731, -0.37235, 0.4174, -3.72666, -0.81583, 116.1964
430, 129, -5.98809, -0.49392, 113.55366, 114.51581, 0.00, 0.80, 0.00, 1.00, 0.98879, 0.40333, 0.98879, 0.40333, -0.70468, -0.04244, 0.70623, -5.98809, -0.49392, 113.55366
431, 128, -3.33248, 0.3685, 116.05004, 117.01136, 0.00, 0.80, 0.00, 1.00, 0.92605, 0.40659, 0.92605, 0.40659, -0.96778, -0.02554, 0.24493, -3.33248, 0.3685, 116.05004
432, 136, -3.72666, -0.81583, 116.1964, 117.15766, 0.00, 0.80, 0.00, 1.00, 0.9282, 0.41554, 0.9282, 0.41554, -0.82731, -0.37235, 0.4174, -3.72666, -0.81583, 116.1964
433, 137, -5.85642, -1.49407, 114.21436, 115.17628, 0.00, 0.80, 0.00, 1.00, 0.9888, 0.41224, 0.9888, 0.41224, -0.6765, -0.32163, 0.66037, -5.85642, -1.49407, 114.21436
434, 129, -5.98809, -0.49392, 113.55366, 114.51581, 0.00, 0.80, 0.00, 1.00, 0.98879, 0.40333, 0.98879, 0.40333, -0.70468, -0.04244, 0.70623, -5.98809, -0.49392, 113.55366
435, 74, -9.59069, 16.08708, 116.36111, 117.32233, 0.00, 0.80, 0.00, 1.00, 0.90, 0.24736, 0.90, 0.24736, -0.7165, 0.36494, 0.59259, -9.59069, 16.08708, 116.36111
436, 76, -9.76436, 20.70905, 117.28467, 118.24557, 0.00, 0.80, 0.00, 1.00, 0.87617, 0.20965, 0.87617, 0.20965, -0.84192, 0.5339, -0.06537, -9.76436, 20.70905, 117.28467
437, 84, -8.72442, 17.4239, 118.21564, 119.17624, 0.00, 0.80, 0.00, 1.00, 0.867, 0.24465, 0.867, 0.24465, -0.84206, 0.44315, -0.30409, -8.72442, 17.4239, 118.21564
438, 84, -8.72442, 17.4239, 118.21564, 119.17624, 0.00, 0.80, 0.00, 1.00, 0.867, 0.24465, 0.867, 0.24465, -0.84206, 0.44315, -0.30409, -8.72442, 17.4239, 118.21564
439, 102, -6.62276, 10.67272, 117.34987, 118.31075, 0.00, 0.80, 0.00, 1.00, 0.90049, 0.31033, 0.90049, 0.31033, -0.89306, 0.39194, 0.21594, -6.62276, 10.67272, 117.34987
440, 74, -9.59069, 16.08708, 116.36111, 117.32233, 0.00, 0.80, 0.00, 1.00, 0.90, 0.24736, 0.90, 0.24736, -0.7165, 0.36494, 0.59259, -9.59069, 16.08708, 116.36111
441, 138, -18.29166, -15.68694, 118.86272, 119.82309, 0.00, 0.80, 0.00, 1.00, 0.33113, 0.13508, 0.33113, 0.13508, -0.18347, 0.44345, 0.87732, -18.29166, -15.68694, 118.86272
442, 139, -14.72911, -16.56461, 122.01453, 122.97385, 0.00, 0.80, 0.00, 1.00, 0.25092, 0.13517, 0.25092, 0.13517, -0.8796, 0.25217, 0.40338, -14.72911, -16.56461, 122.01453
443, 140, -15.15561, -38.99763, 115.16635, 116.12796, 0.00, 0.80, 0.00, 1.00, 0.29349, 0.44726, 0.29349, 0.44726, -0.62731, 0.11228, 0.77063, -15.15561, -38.99763, 115.16635
444, 141, -19.78206, -42.6953, 124.38886, 125.3474, 0.00, 0.80, 0.00, 1.00, 0.14472, 0.4727, 0.14472, 0.4727, 0.08444, -0.50829, -0.85703, -19.78206, -42.6953, 124.38886
445, 142, -21.78813, -17.22568, 127.66107, 128.61852, 0.00, 0.80, 0.00, 1.00, 0.14033, 0.15646, 0.14033, 0.15646, -0.16499, -0.98617, -0.01562, -21.78813, -17.22568, 127.66107
446, 143, -26.25858, -17.88464, 127.3251, 128.28267, 0.00, 0.80, 0.00, 1.00, 0.10614, 0.16404, 0.10614, 0.16404, 0.98505, -0.14482, 0.09326, -26.25858, -17.88464, 127.3251
447, 144, -23.76563, -43.12232, 122.98676, 123.94576, 0.00, 0.80, 0.00, 1.00, 0.10165, 0.48498, 0.10165, 0.48498, 0.88611, -0.3731, -0.27496, -23.76563, -43.12232, 122.98676
448, 141, -19.78206, -42.6953, 124.38886, 125.3474, 0.00, 0.80, 0.00, 1.00, 0.14472, 0.4727, 0.14472, 0.4727, 0.08444, -0.50829, -0.85703, -19.78206, -42.6953, 124.38886
449, 143, -26.25858, -17.88464, 127.3251, 128.28267, 0.00, 0.80, 0.00, 1.00, 0.10614, 0.16404, 0.10614, 0.16404, 0.98505, -0.14482, 0.09326, -26.25858, -17.88464, 127.3251
450, 144, -23.76563, -43.12232, 122.98676, 123.94576, 0.00, 0.80, 0.00, 1.00, 0.10165, 0.48498, 0.10165, 0.48498, 0.88611, -0.3731, -0.27496, -23.76563, -43.12232, 122.98676
451, 143, -26.25858, -17.88464, 127.3251, 128.28267, 0.00, 0.80, 0.00, 1.00, 0.10614, 0.16404, 0.10614, 0.16404, 0.98505, -0.14482, 0.09326, -26.25858, -17.88464, 127.3251
452, 145, -24.18442, -18.166, 123.17958, 124.13852, 0.00, 0.80, 0.00, 1.00, 0.07378, 0.15933, 0.07378, 0.15933, 0.98521, 0.06615, 0.15806, -24.18442, -18.166, 123.17958
453, 146, -23.98585, -41.39762, 118.29572, 119.25629, 0.00, 0.80, 0.00, 1.00, 0.05031, 0.47586, 0.05031, 0.47586, 0.98559, -0.093, 0.14127, -23.98585, -41.39762, 118.29572
454, 144, -23.76563, -43.12232, 122.98676, 123.94576, 0.00, 0.80, 0.00, 1.00, 0.10165, 0.48498, 0.10165, 0.48498, 0.88611, -0.3731, -0.27496, -23.76563, -43.12232, 122.98676
455, 145, -24.18442, -18.166, 123.17958, 124.13852, 0.00, 0.80, 0.00, 1.00, 0.07378, 0.15933, 0.07378, 0.15933, 0.98521, 0.06615, 0.15806, -24.18442, -18.166, 123.17958
456, 147, -22.40531, -39.07724, 114.43059, 115.39244, 0.00, 0.80, 0.00, 1.00, 0.36069, 0.45539, 0.36069, 0.45539, 0.06348, 0.18128, 0.98138, -22.40531, -39.07724, 114.43059
457, 148, -22.65904, -16.13991, 120.021, 120.981, 0.00, 0.80, 0.00, 1.00, 0.38772, 0.14075, 0.38772, 0.14075, 0.27343, 0.44822, 0.85108, -22.65904, -16.13991, 120.021
458, 138, -18.29166, -15.68694, 118.86272, 119.82309, 0.00, 0.80, 0.00, 1.00, 0.33113, 0.13508, 0.33113, 0.13508, -0.18347, 0.44345, 0.87732, -18.29166, -15.68694, 118.86272
459, 140, -15.15561, -38.99763, 115.16635, 116.12796, 0.00, 0.80, 0.00, 1.00, 0.29349, 0.44726, 0.29349, 0.44726, -0.62731, 0.11228, 0.77063, -15.15561, -38.99763, 115.16635
460, 147, -22.40531, -39.07724, 114.43059, 115.39244, 0.00, 0.80, 0.00, 1.00, 0.36069, 0.45539, 0.36069, 0.45539, 0.06348, 0.18128, 0.98138, -22.40531, -39.07724, 114.43059
461, 138, -18.29166, -15.68694, 118.86272, 119.82309, 0.00, 0.80, 0.00, 1.00, 0.33113, 0.13508, 0.33113, 0.13508, -0.18347, 0.44345, 0.87732, -18.29166, -15.68694, 118.86272
462, 149, -22.40531, -39.07724, 114.43059, 115.39244, 0.00, 0.80, 0.00, 1.00, 0.00917, 0.45539, 0.00917, 0.45539, 0.92915, 0.15673, 0.33482, -22.40531, -39.07724, 114.43059
463, 145, -24.18442, -18.166, 123.17958, 124.13852, 0.00, 0.80, 0.00, 1.00, 0.07378, 0.15933, 0.07378, 0.15933, 0.98521, 0.06615, 0.15806, -24.18442, -18.166, 123.17958
464, 150, -22.65904, -16.13991, 120.021, 120.981, 0.00, 0.80, 0.00, 1.00, 0.03616, 0.14075, 0.03616, 0.14075, 0.91911, 0.17353, 0.35373, -22.65904, -16.13991, 120.021
465, 149, -22.40531, -39.07724, 114.43059, 115.39244, 0.00, 0.80, 0.00, 1.00, 0.00917, 0.45539, 0.00917, 0.45539, 0.92915, 0.15673, 0.33482, -22.40531, -39.07724, 114.43059
466, 146, -23.98585, -41.39762, 118.29572, 119.25629, 0.00, 0.80, 0.00, 1.00, 0.05031, 0.47586, 0.05031, 0.47586, 0.98559, -0.093, 0.14127, -23.98585, -41.39762, 118.29572
467, 145, -24.18442, -18.166, 123.17958, 124.13852, 0.00, 0.80, 0.00, 1.00, 0.07378, 0.15933, 0.07378, 0.15933, 0.98521, 0.06615, 0.15806, -24.18442, -18.166, 123.17958
468, 151, -13.02273, -40.25563, 119.71722, 120.67731, 0.00, 0.80, 0.00, 1.00, 0.24336, 0.44936, 0.24336, 0.44936, -0.97595, -0.11837, 0.18303, -13.02273, -40.25563, 119.71722
469, 139, -14.72911, -16.56461, 122.01453, 122.97385, 0.00, 0.80, 0.00, 1.00, 0.25092, 0.13517, 0.25092, 0.13517, -0.8796, 0.25217, 0.40338, -14.72911, -16.56461, 122.01453
470, 152, -14.14738, -17.12473, 124.42873, 125.38725, 0.00, 0.80, 0.00, 1.00, 0.21674, 0.13527, 0.21674, 0.13527, -0.9978, 0.06583, -0.007, -14.14738, -17.12473, 124.42873
471, 151, -13.02273, -40.25563, 119.71722, 120.67731, 0.00, 0.80, 0.00, 1.00, 0.24336, 0.44936, 0.24336, 0.44936, -0.97595, -0.11837, 0.18303, -13.02273, -40.25563, 119.71722
472, 140, -15.15561, -38.99763, 115.16635, 116.12796, 0.00, 0.80, 0.00, 1.00, 0.29349, 0.44726, 0.29349, 0.44726, -0.62731, 0.11228, 0.77063, -15.15561, -38.99763, 115.16635
473, 139, -14.72911, -16.56461, 122.01453, 122.97385, 0.00, 0.80, 0.00, 1.00, 0.25092, 0.13517, 0.25092, 0.13517, -0.8796, 0.25217, 0.40338, -14.72911, -16.56461, 122.01453
474, 141, -19.78206, -42.6953, 124.38886, 125.3474, 0.00, 0.80, 0.00, 1.00, 0.14472, 0.4727, 0.14472, 0.4727, 0.08444, -0.50829, -0.85703, -19.78206, -42.6953, 124.38886
475, 153, -16.74773, -15.51958, 127.92322, 128.88057, 0.00, 0.80, 0.00, 1.00, 0.18641, 0.13501, 0.18641, 0.13501, -0.99554, -0.00437, -0.09425, -16.74773, -15.51958, 127.92322
476, 142, -21.78813, -17.22568, 127.66107, 128.61852, 0.00, 0.80, 0.00, 1.00, 0.14033, 0.15646, 0.14033, 0.15646, -0.16499, -0.98617, -0.01562, -21.78813, -17.22568, 127.66107
477, 141, -19.78206, -42.6953, 124.38886, 125.3474, 0.00, 0.80, 0.00, 1.00, 0.14472, 0.4727, 0.14472, 0.4727, 0.08444, -0.50829, -0.85703, -19.78206, -42.6953, 124.38886
478, 154, -13.40966, -41.1091, 123.86384, 124.82255, 0.00, 0.80, 0.00, 1.00, 0.2056, 0.44908, 0.2056, 0.44908, -0.7211, -0.44374, -0.53207, -13.40966, -41.1091, 123.86384
479, 153, -16.74773, -15.51958, 127.92322, 128.88057, 0.00, 0.80, 0.00, 1.00, 0.18641, 0.13501, 0.18641, 0.13501, -0.99554, -0.00437, -0.09425, -16.74773, -15.51958, 127.92322
480, 154, -13.40966, -41.1091, 123.86384, 124.82255, 0.00, 0.80, 0.00, 1.00, 0.2056, 0.44908, 0.2056, 0.44908, -0.7211, -0.44374, -0.53207, -13.40966, -41.1091, 123.86384
481, 152, -14.14738, -17.12473, 124.42873, 125.38725, 0.00, 0.80, 0.00, 1.00, 0.21674, 0.13527, 0.21674, 0.13527, -0.9978, 0.06583, -0.007, -14.14738, -17.12473, 124.42873
482, 153, -16.74773, -15.51958, 127.92322, 128.88057, 0.00, 0.80, 0.00, 1.00, 0.18641, 0.13501, 0.18641, 0.13501, -0.99554, -0.00437, -0.09425, -16.74773, -15.51958, 127.92322
483, 154, -13.40966, -41.1091, 123.86384, 124.82255, 0.00, 0.80, 0.00, 1.00, 0.2056, 0.44908, 0.2056, 0.44908, -0.7211, -0.44374, -0.53207, -13.40966, -41.1091, 123.86384
484, 151, -13.02273, -40.25563, 119.71722, 120.67731, 0.00, 0.80, 0.00, 1.00, 0.24336, 0.44936, 0.24336, 0.44936, -0.97595, -0.11837, 0.18303, -13.02273, -40.25563, 119.71722
485, 152, -14.14738, -17.12473, 124.42873, 125.38725, 0.00, 0.80, 0.00, 1.00, 0.21674, 0.13527, 0.21674, 0.13527, -0.9978, 0.06583, -0.007, -14.14738, -17.12473, 124.42873
486, 155, -23.31026, -48.00245, 119.46661, 120.42679, 0.00, 0.80, 0.00, 1.00, 0.10182, 0.55266, 0.10182, 0.55266, 0.75701, -0.63716, -0.13132, -23.31026, -48.00245, 119.46661
487, 141, -19.78206, -42.6953, 124.38886, 125.3474, 0.00, 0.80, 0.00, 1.00, 0.14472, 0.4727, 0.14472, 0.4727, 0.08444, -0.50829, -0.85703, -19.78206, -42.6953, 124.38886
488, 144, -23.76563, -43.12232, 122.98676, 123.94576, 0.00, 0.80, 0.00, 1.00, 0.10165, 0.48498, 0.10165, 0.48498, 0.88611, -0.3731, -0.27496, -23.76563, -43.12232, 122.98676
489, 155, -23.31026, -48.00245, 119.46661, 120.42679, 0.00, 0.80, 0.00, 1.00, 0.10182, 0.55266, 0.10182, 0.55266, 0.75701, -0.63716, -0.13132, -23.31026, -48.00245, 119.46661
490, 156, -21.36091, -46.73623, 122.17535, 123.13464, 0.00, 0.80, 0.00, 1.00, 0.16244, 0.5428, 0.16244, 0.5428, 0.44916, -0.56388, -0.68892, -21.36091, -46.73623, 122.17535
491, 141, -19.78206, -42.6953, 124.38886, 125.3474, 0.00, 0.80, 0.00, 1.00, 0.14472, 0.4727, 0.14472, 0.4727, 0.08444, -0.50829, -0.85703, -19.78206, -42.6953, 124.38886
492, 157, -21.61687, -47.35819, 117.16368, 118.12463, 0.00, 0.80, 0.00, 1.00, 0.05249, 0.54608, 0.05249, 0.54608, 0.62676, -0.44728, 0.63279, -21.61687, -47.35819, 117.16368
493, 144, -23.76563, -43.12232, 122.98676, 123.94576, 0.00, 0.80, 0.00, 1.00, 0.10165, 0.48498, 0.10165, 0.48498, 0.88611, -0.3731, -0.27496, -23.76563, -43.12232, 122.98676
494, 146, -23.98585, -41.39762, 118.29572, 119.25629, 0.00, 0.80, 0.00, 1.00, 0.05031, 0.47586, 0.05031, 0.47586, 0.98559, -0.093, 0.14127, -23.98585, -41.39762, 118.29572
495, 157, -21.61687, -47.35819, 117.16368, 118.12463, 0.00, 0.80, 0.00, 1.00, 0.05249, 0.54608, 0.05249, 0.54608, 0.62676, -0.44728, 0.63279, -21.61687, -47.35819, 117.16368
496, 155, -23.31026, -48.00245, 119.46661, 120.42679, 0.00, 0.80, 0.00, 1.00, 0.10182, 0.55266, 0.10182, 0.55266, 0.75701, -0.63716, -0.13132, -23.31026, -48.00245, 119.46661
497, 144, -23.76563, -43.12232, 122.98676, 123.94576, 0.00, 0.80, 0.00, 1.00, 0.10165, 0.48498, 0.10165, 0.48498, 0.88611, -0.3731, -0.27496, -23.76563, -43.12232, 122.98676
498, 158, -16.17764, -44.85453, 117.42983, 118.39069, 0.00, 0.80, 0.00, 1.00, 0.3103, 0.52581, 0.3103, 0.52581, -0.7802, -0.27946, 0.55074, -16.17764, -44.85453, 117.42983
499, 147, -22.40531, -39.07724, 114.43059, 115.39244, 0.00, 0.80, 0.00, 1.00, 0.36069, 0.45539, 0.36069, 0.45539, 0.06348, 0.18128, 0.98138, -22.40531, -39.07724, 114.43059
500, 140, -15.15561, -38.99763, 115.16635, 116.12796, 0.00, 0.80, 0.00, 1.00, 0.29349, 0.44726, 0.29349, 0.44726, -0.62731, 0.11228, 0.77063, -15.15561, -38.99763, 115.16635
501, 158, -16.17764, -44.85453, 117.42983, 118.39069, 0.00, 0.80, 0.00, 1.00, 0.3103, 0.52581, 0.3103, 0.52581, -0.7802, -0.27946, 0.55074, -16.17764, -44.85453, 117.42983
502, 159, -19.44458, -45.94227, 115.84587, 116.80726, 0.00, 0.80, 0.00, 1.00, 0.36257, 0.53132, 0.36257, 0.53132, -0.48133, -0.37068, 0.78839, -19.44458, -45.94227, 115.84587
503, 147, -22.40531, -39.07724, 114.43059, 115.39244, 0.00, 0.80, 0.00, 1.00, 0.36069, 0.45539, 0.36069, 0.45539, 0.06348, 0.18128, 0.98138, -22.40531, -39.07724, 114.43059
504, 160, -19.44458, -45.94227, 115.84587, 116.80726, 0.00, 0.80, 0.00, 1.00, 0.0111, 0.53132, 0.0111, 0.53132, 0.26033, -0.40013, 0.87414, -19.44458, -45.94227, 115.84587
505, 161, -23.98585, -41.39762, 118.29572, 119.25629, 0.00, 0.80, 0.00, 1.00, 0.05039, 0.47586, 0.05039, 0.47586, 0.79329, -0.27467, 0.54336, -23.98585, -41.39762, 118.29572
506, 162, -22.40531, -39.07724, 114.43059, 115.39244, 0.00, 0.80, 0.00, 1.00, 0.00918, 0.45539, 0.00918, 0.45539, 0.7956, -0.28886, 0.53252, -22.40531, -39.07724, 114.43059
507, 160, -19.44458, -45.94227, 115.84587, 116.80726, 0.00, 0.80, 0.00, 1.00, 0.0111, 0.53132, 0.0111, 0.53132, 0.26033, -0.40013, 0.87414, -19.44458, -45.94227, 115.84587
508, 163, -21.61687, -47.35819, 117.16368, 118.12463, 0.00, 0.80, 0.00, 1.00, 0.05258, 0.54608, 0.05258, 0.54608, 0.25074, -0.38745, 0.88254, -21.61687, -47.35819, 117.16368
509, 161, -23.98585, -41.39762, 118.29572, 119.25629, 0.00, 0.80, 0.00, 1.00, 0.05039, 0.47586, 0.05039, 0.47586, 0.79329, -0.27467, 0.54336, -23.98585, -41.39762, 118.29572
510, 164, -16.14726, -44.61032, 121.27459, 122.23417, 0.00, 0.80, 0.00, 1.00, 0.25611, 0.52596, 0.25611, 0.52596, -0.90255, -0.31687, -0.27413, -16.14726, -44.61032, 121.27459
511, 140, -15.15561, -38.99763, 115.16635, 116.12796, 0.00, 0.80, 0.00, 1.00, 0.29349, 0.44726, 0.29349, 0.44726, -0.62731, 0.11228, 0.77063, -15.15561, -38.99763, 115.16635
512, 151, -13.02273, -40.25563, 119.71722, 120.67731, 0.00, 0.80, 0.00, 1.00, 0.24336, 0.44936, 0.24336, 0.44936, -0.97595, -0.11837, 0.18303, -13.02273, -40.25563, 119.71722
513, 164, -16.14726, -44.61032, 121.27459, 122.23417, 0.00, 0.80, 0.00, 1.00, 0.25611, 0.52596, 0.25611, 0.52596, -0.90255, -0.31687, -0.27413, -16.14726, -44.61032, 121.27459
514, 158, -16.17764, -44.85453, 117.42983, 118.39069, 0.00, 0.80, 0.00, 1.00, 0.3103, 0.52581, 0.3103, 0.52581, -0.7802, -0.27946, 0.55074, -16.17764, -44.85453, 117.42983
515, 140, -15.15561, -38.99763, 115.16635, 116.12796, 0.00, 0.80, 0.00, 1.00, 0.29349, 0.44726, 0.29349, 0.44726, -0.62731, 0.11228, 0.77063, -15.15561, -38.99763, 115.16635
516, 156, -21.36091, -46.73623, 122.17535, 123.13464, 0.00, 0.80, 0.00, 1.00, 0.16244, 0.5428, 0.16244, 0.5428, 0.44916, -0.56388, -0.68892, -21.36091, -46.73623, 122.17535
517, 154, -13.40966, -41.1091, 123.86384, 124.82255, 0.00, 0.80, 0.00, 1.00, 0.2056, 0.44908, 0.2056, 0.44908, -0.7211, -0.44374, -0.53207, -13.40966, -41.1091, 123.86384
518, 141, -19.78206, -42.6953, 124.38886, 125.3474, 0.00, 0.80, 0.00, 1.00, 0.14472, 0.4727, 0.14472, 0.4727, 0.08444, -0.50829, -0.85703, -19.78206, -42.6953, 124.38886
519, 156, -21.36091, -46.73623, 122.17535, 123.13464, 0.00, 0.80, 0.00, 1.00, 0.16244, 0.5428, 0.16244, 0.5428, 0.44916, -0.56388, -0.68892, -21.36091, -46.73623, 122.17535
520, 165, -18.68827, -44.86747, 123.80945, 124.76818, 0.00, 0.80, 0.00, 1.00, 0.20809, 0.52575, 0.20809, 0.52575, -0.40855, -0.50509, -0.75475, -18.68827, -44.86747, 123.80945
521, 154, -13.40966, -41.1091, 123.86384, 124.82255, 0.00, 0.80, 0.00, 1.00, 0.2056, 0.44908, 0.2056, 0.44908, -0.7211, -0.44374, -0.53207, -13.40966, -41.1091, 123.86384
522, 165, -18.68827, -44.86747, 123.80945, 124.76818, 0.00, 0.80, 0.00, 1.00, 0.20809, 0.52575, 0.20809, 0.52575, -0.40855, -0.50509, -0.75475, -18.68827, -44.86747, 123.80945
523, 151, -13.02273, -40.25563, 119.71722, 120.67731, 0.00, 0.80, 0.00, 1.00, 0.24336, 0.44936, 0.24336, 0.44936, -0.97595, -0.11837, 0.18303, -13.02273, -40.25563, 119.71722
524, 154, -13.40966, -41.1091, 123.86384, 124.82255, 0.00, 0.80, 0.00, 1.00, 0.2056, 0.44908, 0.2056, 0.44908, -0.7211, -0.44374, -0.53207, -13.40966, -41.1091, 123.86384
525, 165, -18.68827, -44.86747, 123.80945, 124.76818, 0.00, 0.80, 0.00, 1.00, 0.20809, 0.52575, 0.20809, 0.52575, -0.40855, -0.50509, -0.75475, -18.68827, -44.86747, 123.80945
526, 164, -16.14726, -44.61032, 121.27459, 122.23417, 0.00, 0.80, 0.00, 1.00, 0.25611, 0.52596, 0.25611, 0.52596, -0.90255, -0.31687, -0.27413, -16.14726, -44.61032, 121.27459
527, 151, -13.02273, -40.25563, 119.71722, 120.67731, 0.00, 0.80, 0.00, 1.00, 0.24336, 0.44936, 0.24336, 0.44936, -0.97595, -0.11837, 0.18303, -13.02273, -40.25563, 119.71722
528, 166, -20.85136, -56.1306, 121.35608, 122.31563, 0.00, 0.80, 0.00, 1.00, 0.91128, 0.48716, 0.91128, 0.48716, 0.78639, -0.25953, -0.5533, -20.85136, -56.1306, 121.35608
529, 167, -21.36091, -46.73623, 122.17535, 123.13464, 0.00, 0.80, 0.00, 1.00, 0.89725, 0.42902, 0.89725, 0.42902, 0.7299, -0.17281, -0.65464, -21.36091, -46.73623, 122.17535
530, 168, -23.31026, -48.00245, 119.46661, 120.42679, 0.00, 0.80, 0.00, 1.00, 0.92246, 0.43041, 0.92246, 0.43041, 0.78864, -0.22775, -0.56377, -23.31026, -48.00245, 119.46661
531, 166, -20.85136, -56.1306, 121.35608, 122.31563, 0.00, 0.80, 0.00, 1.00, 0.91128, 0.48716, 0.91128, 0.48716, 0.78639, -0.25953, -0.5533, -20.85136, -56.1306, 121.35608
532, 169, -18.89068, -54.18758, 124.3306, 125.28916, 0.00, 0.80, 0.00, 1.00, 0.87231, 0.47948, 0.87231, 0.47948, 0.64588, -0.21961, -0.72524, -18.89068, -54.18758, 124.3306
533, 167, -21.36091, -46.73623, 122.17535, 123.13464, 0.00, 0.80, 0.00, 1.00, 0.89725, 0.42902, 0.89725, 0.42902, 0.7299, -0.17281, -0.65464, -21.36091, -46.73623, 122.17535
534, 170, -19.13794, -54.45953, 118.13659, 119.09721, 0.00, 0.80, 0.00, 1.00, 0.96337, 0.47594, 0.96337, 0.47594, 0.49547, -0.23648, 0.83051, -19.13794, -54.45953, 118.13659
535, 171, -23.31026, -48.00245, 119.46661, 120.42679, 0.00, 0.80, 0.00, 1.00, 0.92343, 0.43706, 0.92343, 0.43706, 0.69661, -0.34914, 0.62071, -23.31026, -48.00245, 119.46661
536, 172, -21.61687, -47.35819, 117.16368, 118.12463, 0.00, 0.80, 0.00, 1.00, 0.95569, 0.4343, 0.95569, 0.4343, 0.54399, -0.26887, 0.78946, -21.61687, -47.35819, 117.16368
537, 170, -19.13794, -54.45953, 118.13659, 119.09721, 0.00, 0.80, 0.00, 1.00, 0.96337, 0.47594, 0.96337, 0.47594, 0.49547, -0.23648, 0.83051, -19.13794, -54.45953, 118.13659
538, 173, -20.85136, -56.1306, 121.35608, 122.31563, 0.00, 0.80, 0.00, 1.00, 0.92291, 0.48464, 0.92291, 0.48464, 0.75086, -0.28961, 0.58682, -20.85136, -56.1306, 121.35608
539, 171, -23.31026, -48.00245, 119.46661, 120.42679, 0.00, 0.80, 0.00, 1.00, 0.92343, 0.43706, 0.92343, 0.43706, 0.69661, -0.34914, 0.62071, -23.31026, -48.00245, 119.46661
540, 174, -15.69362, -54.12444, 117.06529, 118.02627, 0.00, 0.80, 0.00, 1.00, 0.73448, 0.47956, 0.73448, 0.47956, -0.53587, 0.12011, 0.83009, -15.69362, -54.12444, 117.06529
541, 175, -19.44458, -45.94227, 115.84587, 116.80726, 0.00, 0.80, 0.00, 1.00, 0.71594, 0.42934, 0.71594, 0.42934, -0.42865, 0.22728, 0.8693, -19.44458, -45.94227, 115.84587
542, 176, -16.17764, -44.85453, 117.42983, 118.39069, 0.00, 0.80, 0.00, 1.00, 0.74168, 0.42874, 0.74168, 0.42874, -0.77455, 0.38213, 0.49709, -16.17764, -44.85453, 117.42983
543, 177, -13.2854, -53.59222, 118.5853, 119.54578, 0.00, 0.80, 0.00, 1.00, 0.76451, 0.47946, 0.76451, 0.47946, -0.8827, 0.17435, 0.42645, -13.2854, -53.59222, 118.5853
544, 174, -15.69362, -54.12444, 117.06529, 118.02627, 0.00, 0.80, 0.00, 1.00, 0.73448, 0.47956, 0.73448, 0.47956, -0.53587, 0.12011, 0.83009, -15.69362, -54.12444, 117.06529
545, 176, -16.17764, -44.85453, 117.42983, 118.39069, 0.00, 0.80, 0.00, 1.00, 0.74168, 0.42874, 0.74168, 0.42874, -0.77455, 0.38213, 0.49709, -16.17764, -44.85453, 117.42983
546, 170, -19.13794, -54.45953, 118.13659, 119.09721, 0.00, 0.80, 0.00, 1.00, 0.96337, 0.47594, 0.96337, 0.47594, 0.49547, -0.23648, 0.83051, -19.13794, -54.45953, 118.13659
547, 172, -21.61687, -47.35819, 117.16368, 118.12463, 0.00, 0.80, 0.00, 1.00, 0.95569, 0.4343, 0.95569, 0.4343, 0.54399, -0.26887, 0.78946, -21.61687, -47.35819, 117.16368
548, 178, -19.44458, -45.94227, 115.84587, 116.80726, 0.00, 0.80, 0.00, 1.00, 0.98763, 0.43219, 0.98763, 0.43219, 0.31903, -0.19383, 0.92268, -19.44458, -45.94227, 115.84587
549, 179, -15.69362, -54.12444, 117.06529, 118.02627, 0.00, 0.80, 0.00, 1.00, 0.99852, 0.47698, 0.99852, 0.47698, 0.26828, -0.16189, 0.94462, -15.69362, -54.12444, 117.06529
550, 170, -19.13794, -54.45953, 118.13659, 119.09721, 0.00, 0.80, 0.00, 1.00, 0.96337, 0.47594, 0.96337, 0.47594, 0.49547, -0.23648, 0.83051, -19.13794, -54.45953, 118.13659
551, 178, -19.44458, -45.94227, 115.84587, 116.80726, 0.00, 0.80, 0.00, 1.00, 0.98763, 0.43219, 0.98763, 0.43219, 0.31903, -0.19383, 0.92268, -19.44458, -45.94227, 115.84587
552, 180, -12.44646, -53.00449, 123.40999, 124.36885, 0.00, 0.80, 0.00, 1.00, 0.81, 0.47876, 0.81, 0.47876, -0.86465, 0.24585, -0.42876, -12.44646, -53.00449, 123.40999
553, 176, -16.17764, -44.85453, 117.42983, 118.39069, 0.00, 0.80, 0.00, 1.00, 0.74168, 0.42874, 0.74168, 0.42874, -0.77455, 0.38213, 0.49709, -16.17764, -44.85453, 117.42983
554, 181, -16.14726, -44.61032, 121.27459, 122.23417, 0.00, 0.80, 0.00, 1.00, 0.80834, 0.42881, 0.80834, 0.42881, -0.68874, 0.4325, -0.57609, -16.14726, -44.61032, 121.27459
555, 180, -12.44646, -53.00449, 123.40999, 124.36885, 0.00, 0.80, 0.00, 1.00, 0.81, 0.47876, 0.81, 0.47876, -0.86465, 0.24585, -0.42876, -12.44646, -53.00449, 123.40999
556, 177, -13.2854, -53.59222, 118.5853, 119.54578, 0.00, 0.80, 0.00, 1.00, 0.76451, 0.47946, 0.76451, 0.47946, -0.8827, 0.17435, 0.42645, -13.2854, -53.59222, 118.5853
557, 176, -16.17764, -44.85453, 117.42983, 118.39069, 0.00, 0.80, 0.00, 1.00, 0.74168, 0.42874, 0.74168, 0.42874, -0.77455, 0.38213, 0.49709, -16.17764, -44.85453, 117.42983
558, 169, -18.89068, -54.18758, 124.3306, 125.28916, 0.00, 0.80, 0.00, 1.00, 0.87231, 0.47948, 0.87231, 0.47948, 0.64588, -0.21961, -0.72524, -18.89068, -54.18758, 124.3306
559, 182, -18.68827, -44.86747, 123.80945, 124.76818, 0.00, 0.80, 0.00, 1.00, 0.86247, 0.42872, 0.86247, 0.42872, 0.16027, 0.07793, -0.97892, -18.68827, -44.86747, 123.80945
560, 167, -21.36091, -46.73623, 122.17535, 123.13464, 0.00, 0.80, 0.00, 1.00, 0.89725, 0.42902, 0.89725, 0.42902, 0.7299, -0.17281, -0.65464, -21.36091, -46.73623, 122.17535
561, 169, -18.89068, -54.18758, 124.3306, 125.28916, 0.00, 0.80, 0.00, 1.00, 0.87231, 0.47948, 0.87231, 0.47948, 0.64588, -0.21961, -0.72524, -18.89068, -54.18758, 124.3306
562, 183, -16.21883, -53.65925, 125.66792, 126.62603, 0.00, 0.80, 0.00, 1.00, 0.84635, 0.47958, 0.84635, 0.47958, -0.03067, 0.00352, -0.99453, -16.21883, -53.65925, 125.66792
563, 182, -18.68827, -44.86747, 123.80945, 124.76818, 0.00, 0.80, 0.00, 1.00, 0.86247, 0.42872, 0.86247, 0.42872, 0.16027, 0.07793, -0.97892, -18.68827, -44.86747, 123.80945
564, 183, -16.21883, -53.65925, 125.66792, 126.62603, 0.00, 0.80, 0.00, 1.00, 0.84635, 0.47958, 0.84635, 0.47958, -0.03067, 0.00352, -0.99453, -16.21883, -53.65925, 125.66792
565, 181, -16.14726, -44.61032, 121.27459, 122.23417, 0.00, 0.80, 0.00, 1.00, 0.80834, 0.42881, 0.80834, 0.42881, -0.68874, 0.4325, -0.57609, -16.14726, -44.61032, 121.27459
566, 182, -18.68827, -44.86747, 123.80945, 124.76818, 0.00, 0.80, 0.00, 1.00, 0.86247, 0.42872, 0.86247, 0.42872, 0.16027, 0.07793, -0.97892, -18.68827, -44.86747, 123.80945
567, 183, -16.21883, -53.65925, 125.66792, 126.62603, 0.00, 0.80, 0.00, 1.00, 0.84635, 0.47958, 0.84635, 0.47958, -0.03067, 0.00352, -0.99453, -16.21883, -53.65925, 125.66792
568, 180, -12.44646, -53.00449, 123.40999, 124.36885, 0.00, 0.80, 0.00, 1.00, 0.81, 0.47876, 0.81, 0.47876, -0.86465, 0.24585, -0.42876, -12.44646, -53.00449, 123.40999
569, 181, -16.14726, -44.61032, 121.27459, 122.23417, 0.00, 0.80, 0.00, 1.00, 0.80834, 0.42881, 0.80834, 0.42881, -0.68874, 0.4325, -0.57609, -16.14726, -44.61032, 121.27459
570, 184, -14.83035, -77.1481, 122.34766, 123.30688, 0.00, 0.80, 0.00, 1.00, 0.90361, 0.60723, 0.90361, 0.60723, 0.90352, -0.05651, -0.41087, -14.83035, -77.1481, 122.34766
571, 169, -18.89068, -54.18758, 124.3306, 125.28916, 0.00, 0.80, 0.00, 1.00, 0.87231, 0.47948, 0.87231, 0.47948, 0.64588, -0.21961, -0.72524, -18.89068, -54.18758, 124.3306
572, 166, -20.85136, -56.1306, 121.35608, 122.31563, 0.00, 0.80, 0.00, 1.00, 0.91128, 0.48716, 0.91128, 0.48716, 0.78639, -0.25953, -0.5533, -20.85136, -56.1306, 121.35608
573, 184, -14.83035, -77.1481, 122.34766, 123.30688, 0.00, 0.80, 0.00, 1.00, 0.90361, 0.60723, 0.90361, 0.60723, 0.90352, -0.05651, -0.41087, -14.83035, -77.1481, 122.34766
574, 185, -13.98512, -75.66866, 123.9839, 124.94258, 0.00, 0.80, 0.00, 1.00, 0.86396, 0.60688, 0.86396, 0.60688, 0.76144, -0.01329, -0.63858, -13.98512, -75.66866, 123.9839
575, 169, -18.89068, -54.18758, 124.3306, 125.28916, 0.00, 0.80, 0.00, 1.00, 0.87231, 0.47948, 0.87231, 0.47948, 0.64588, -0.21961, -0.72524, -18.89068, -54.18758, 124.3306
576, 186, -13.86301, -77.31, 121.4502, 122.40972, 0.00, 0.80, 0.00, 1.00, 0.95139, 0.60668, 0.95139, 0.60668, 0.4891, -0.28016, 0.82048, -13.86301, -77.31, 121.4502
577, 173, -20.85136, -56.1306, 121.35608, 122.31563, 0.00, 0.80, 0.00, 1.00, 0.92291, 0.48464, 0.92291, 0.48464, 0.75086, -0.28961, 0.58682, -20.85136, -56.1306, 121.35608
578, 170, -19.13794, -54.45953, 118.13659, 119.09721, 0.00, 0.80, 0.00, 1.00, 0.96337, 0.47594, 0.96337, 0.47594, 0.49547, -0.23648, 0.83051, -19.13794, -54.45953, 118.13659
579, 186, -13.86301, -77.31, 121.4502, 122.40972, 0.00, 0.80, 0.00, 1.00, 0.95139, 0.60668, 0.95139, 0.60668, 0.4891, -0.28016, 0.82048, -13.86301, -77.31, 121.4502
580, 187, -14.83035, -77.1481, 122.34766, 123.30688, 0.00, 0.80, 0.00, 1.00, 0.92935, 0.60822, 0.92935, 0.60822, 0.66561, -0.24909, 0.69712, -14.83035, -77.1481, 122.34766
581, 173, -20.85136, -56.1306, 121.35608, 122.31563, 0.00, 0.80, 0.00, 1.00, 0.92291, 0.48464, 0.92291, 0.48464, 0.75086, -0.28961, 0.58682, -20.85136, -56.1306, 121.35608
582, 188, -11.45748, -76.46851, 122.51595, 123.47511, 0.00, 0.80, 0.00, 1.00, 0.76975, 0.60446, 0.76975, 0.60446, -0.8933, -0.22805, 0.37077, -11.45748, -76.46851, 122.51595
583, 174, -15.69362, -54.12444, 117.06529, 118.02627, 0.00, 0.80, 0.00, 1.00, 0.73448, 0.47956, 0.73448, 0.47956, -0.53587, 0.12011, 0.83009, -15.69362, -54.12444, 117.06529
584, 177, -13.2854, -53.59222, 118.5853, 119.54578, 0.00, 0.80, 0.00, 1.00, 0.76451, 0.47946, 0.76451, 0.47946, -0.8827, 0.17435, 0.42645, -13.2854, -53.59222, 118.5853
585, 188, -11.45748, -76.46851, 122.51595, 123.47511, 0.00, 0.80, 0.00, 1.00, 0.76975, 0.60446, 0.76975, 0.60446, -0.8933, -0.22805, 0.37077, -11.45748, -76.46851, 122.51595
586, 189, -12.57525, -76.8823, 121.21585, 122.17545, 0.00, 0.80, 0.00, 1.00, 0.74022, 0.60392, 0.74022, 0.60392, -0.75117, -0.26337, 0.59482, -12.57525, -76.8823, 121.21585
587, 174, -15.69362, -54.12444, 117.06529, 118.02627, 0.00, 0.80, 0.00, 1.00, 0.73448, 0.47956, 0.73448, 0.47956, -0.53587, 0.12011, 0.83009, -15.69362, -54.12444, 117.06529
588, 190, -12.57525, -76.8823, 121.21585, 122.17545, 0.00, 0.80, 0.00, 1.00, 0.97059, 0.60313, 0.97059, 0.60313, 0.0733, -0.30092, 0.94538, -12.57525, -76.8823, 121.21585
589, 170, -19.13794, -54.45953, 118.13659, 119.09721, 0.00, 0.80, 0.00, 1.00, 0.96337, 0.47594, 0.96337, 0.47594, 0.49547, -0.23648, 0.83051, -19.13794, -54.45953, 118.13659
590, 179, -15.69362, -54.12444, 117.06529, 118.02627, 0.00, 0.80, 0.00, 1.00, 0.99852, 0.47698, 0.99852, 0.47698, 0.26828, -0.16189, 0.94462, -15.69362, -54.12444, 117.06529
591, 190, -12.57525, -76.8823, 121.21585, 122.17545, 0.00, 0.80, 0.00, 1.00, 0.97059, 0.60313, 0.97059, 0.60313, 0.0733, -0.30092, 0.94538, -12.57525, -76.8823, 121.21585
592, 186, -13.86301, -77.31, 121.4502, 122.40972, 0.00, 0.80, 0.00, 1.00, 0.95139, 0.60668, 0.95139, 0.60668, 0.4891, -0.28016, 0.82048, -13.86301, -77.31, 121.4502
593, 170, -19.13794, -54.45953, 118.13659, 119.09721, 0.00, 0.80, 0.00, 1.00, 0.96337, 0.47594, 0.96337, 0.47594, 0.49547, -0.23648, 0.83051, -19.13794, -54.45953, 118.13659
594, 191, -11.93309, -75.60798, 124.40709, 125.36562, 0.00, 0.80, 0.00, 1.00, 0.80086, 0.60553, 0.80086, 0.60553, -0.89377, -0.0718, -0.42993, -11.93309, -75.60798, 124.40709
595, 177, -13.2854, -53.59222, 118.5853, 119.54578, 0.00, 0.80, 0.00, 1.00, 0.76451, 0.47946, 0.76451, 0.47946, -0.8827, 0.17435, 0.42645, -13.2854, -53.59222, 118.5853
596, 180, -12.44646, -53.00449, 123.40999, 124.36885, 0.00, 0.80, 0.00, 1.00, 0.81, 0.47876, 0.81, 0.47876, -0.86465, 0.24585, -0.42876, -12.44646, -53.00449, 123.40999
597, 191, -11.93309, -75.60798, 124.40709, 125.36562, 0.00, 0.80, 0.00, 1.00, 0.80086, 0.60553, 0.80086, 0.60553, -0.89377, -0.0718, -0.42993, -11.93309, -75.60798, 124.40709
598, 188, -11.45748, -76.46851, 122.51595, 123.47511, 0.00, 0.80, 0.00, 1.00, 0.76975, 0.60446, 0.76975, 0.60446, -0.8933, -0.22805, 0.37077, -11.45748, -76.46851, 122.51595
599, 177, -13.2854, -53.59222, 118.5853, 119.54578, 0.00, 0.80, 0.00, 1.00, 0.76451, 0.47946, 0.76451, 0.47946, -0.8827, 0.17435, 0.42645, -13.2854, -53.59222, 118.5853
600, 185, -13.98512, -75.66866, 123.9839, 124.94258, 0.00, 0.80, 0.00, 1.00, 0.86396, 0.60688, 0.86396, 0.60688, 0.76144, -0.01329, -0.63858, -13.98512, -75.66866, 123.9839
601, 183, -16.21883, -53.65925, 125.66792, 126.62603, 0.00, 0.80, 0.00, 1.00, 0.84635, 0.47958, 0.84635, 0.47958, -0.03067, 0.00352, -0.99453, -16.21883, -53.65925, 125.66792
602, 169, -18.89068, -54.18758, 124.3306, 125.28916, 0.00, 0.80, 0.00, 1.00, 0.87231, 0.47948, 0.87231, 0.47948, 0.64588, -0.21961, -0.72524, -18.89068, -54.18758, 124.3306
603, 185, -13.98512, -75.66866, 123.9839, 124.94258, 0.00, 0.80, 0.00, 1.00, 0.86396, 0.60688, 0.86396, 0.60688, 0.76144, -0.01329, -0.63858, -13.98512, -75.66866, 123.9839
604, 192, -12.94359, -75.29556, 124.95049, 125.90884, 0.00, 0.80, 0.00, 1.00, 0.8338, 0.60579, 0.8338, 0.60579, -0.04099, 0.03396, -0.99267, -12.94359, -75.29556, 124.95049
605, 183, -16.21883, -53.65925, 125.66792, 126.62603, 0.00, 0.80, 0.00, 1.00, 0.84635, 0.47958, 0.84635, 0.47958, -0.03067, 0.00352, -0.99453, -16.21883, -53.65925, 125.66792
606, 192, -12.94359, -75.29556, 124.95049, 125.90884, 0.00, 0.80, 0.00, 1.00, 0.8338, 0.60579, 0.8338, 0.60579, -0.04099, 0.03396, -0.99267, -12.94359, -75.29556, 124.95049
607, 180, -12.44646, -53.00449, 123.40999, 124.36885, 0.00, 0.80, 0.00, 1.00, 0.81, 0.47876, 0.81, 0.47876, -0.86465, 0.24585, -0.42876, -12.44646, -53.00449, 123.40999
608, 183, -16.21883, -53.65925, 125.66792, 126.62603, 0.00, 0.80, 0.00, 1.00, 0.84635, 0.47958, 0.84635, 0.47958, -0.03067, 0.00352, -0.99453, -16.21883, -53.65925, 125.66792
609, 192, -12.94359, -75.29556, 124.95049, 125.90884, 0.00, 0.80, 0.00, 1.00, 0.8338, 0.60579, 0.8338, 0.60579, -0.04099, 0.03396, -0.99267, -12.94359, -75.29556, 124.95049
610, 191, -11.93309, -75.60798, 124.40709, 125.36562, 0.00, 0.80, 0.00, 1.00, 0.80086, 0.60553, 0.80086, 0.60553, -0.89377, -0.0718, -0.42993, -11.93309, -75.60798, 124.40709
611, 180, -12.44646, -53.00449, 123.40999, 124.36885, 0.00, 0.80, 0.00, 1.00, 0.81, 0.47876, 0.81, 0.47876, -0.86465, 0.24585, -0.42876, -12.44646, -53.00449, 123.40999
612, 193, -19.66377, -84.66988, 118.12892, 119.08954, 0.00, 0.80, 0.00, 1.00, 0.47813, 0.44864, 0.47813, 0.44864, 0.11393, -0.9922, -0.03044, -19.66377, -84.66988, 118.12892
613, 194, -20.0514, -85.21867, 116.22296, 117.18422, 0.00, 0.80, 0.00, 1.00, 0.46676, 0.42347, 0.46676, 0.42347, 0.09005, -0.99343, -0.05638, -20.0514, -85.21867, 116.22296
614, 195, -16.29399, -85.98527, 115.21982, 116.18141, 0.00, 0.80, 0.00, 1.00, 0.40971, 0.43767, 0.40971, 0.43767, 0.10797, -0.99262, -0.03693, -16.29399, -85.98527, 115.21982
615, 193, -19.66377, -84.66988, 118.12892, 119.08954, 0.00, 0.80, 0.00, 1.00, 0.47813, 0.44864, 0.47813, 0.44864, 0.11393, -0.9922, -0.03044, -19.66377, -84.66988, 118.12892
616, 195, -16.29399, -85.98527, 115.21982, 116.18141, 0.00, 0.80, 0.00, 1.00, 0.40971, 0.43767, 0.40971, 0.43767, 0.10797, -0.99262, -0.03693, -16.29399, -85.98527, 115.21982
617, 196, -15.15721, -86.10937, 115.48766, 116.44917, 0.00, 0.80, 0.00, 1.00, 0.3972, 0.44864, 0.3972, 0.44864, 0.12581, -0.99112, -0.01746, -15.15721, -86.10937, 115.48766
618, 193, -19.66377, -84.66988, 118.12892, 119.08954, 0.00, 0.80, 0.00, 1.00, 0.47813, 0.44864, 0.47813, 0.44864, 0.11393, -0.9922, -0.03044, -19.66377, -84.66988, 118.12892
619, 196, -15.15721, -86.10937, 115.48766, 116.44917, 0.00, 0.80, 0.00, 1.00, 0.3972, 0.44864, 0.3972, 0.44864, 0.12581, -0.99112, -0.01746, -15.15721, -86.10937, 115.48766
620, 197, -18.5787, -84.40216, 119.89376, 120.85379, 0.00, 0.80, 0.00, 1.00, 0.47895, 0.49995, 0.47895, 0.49995, 0.12593, -0.99111, -0.01715, -18.5787, -84.40216, 119.89376
621, 196, -15.15721, -86.10937, 115.48766, 116.44917, 0.00, 0.80, 0.00, 1.00, 0.3972, 0.44864, 0.3972, 0.44864, 0.12581, -0.99112, -0.01746, -15.15721, -86.10937, 115.48766
622, 198, -13.49191, -85.73676, 118.04671, 119.00735, 0.00, 0.80, 0.00, 1.00, 0.3972, 0.51328, 0.3972, 0.51328, 0.12612, -0.99109, -0.01685, -13.49191, -85.73676, 118.04671
623, 197, -18.5787, -84.40216, 119.89376, 120.85379, 0.00, 0.80, 0.00, 1.00, 0.47895, 0.49995, 0.47895, 0.49995, 0.12593, -0.99111, -0.01715, -18.5787, -84.40216, 119.89376
624, 198, -13.49191, -85.73676, 118.04671, 119.00735, 0.00, 0.80, 0.00, 1.00, 0.3972, 0.51328, 0.3972, 0.51328, 0.12612, -0.99109, -0.01685, -13.49191, -85.73676, 118.04671
625, 199, -13.83657, -82.32192, 126.51898, 127.47681, 0.00, 0.80, 0.00, 1.00, 0.47606, 0.58889, 0.47606, 0.58889, 0.06881, -0.99086, -0.10684, -13.83657, -82.32192, 126.51898
626, 197, -18.5787, -84.40216, 119.89376, 120.85379, 0.00, 0.80, 0.00, 1.00, 0.47895, 0.49995, 0.47895, 0.49995, 0.12593, -0.99111, -0.01715, -18.5787, -84.40216, 119.89376
627, 199, -13.83657, -82.32192, 126.51898, 127.47681, 0.00, 0.80, 0.00, 1.00, 0.47606, 0.58889, 0.47606, 0.58889, 0.06881, -0.99086, -0.10684, -13.83657, -82.32192, 126.51898
628, 198, -13.49191, -85.73676, 118.04671, 119.00735, 0.00, 0.80, 0.00, 1.00, 0.3972, 0.51328, 0.3972, 0.51328, 0.12612, -0.99109, -0.01685, -13.49191, -85.73676, 118.04671
629, 200, -10.30477, -83.45005, 124.44904, 125.40755, 0.00, 0.80, 0.00, 1.00, 0.41264, 0.58889, 0.41264, 0.58889, 0.06869, -0.99083, -0.10714, -10.30477, -83.45005, 124.44904
630, 200, -10.30477, -83.45005, 124.44904, 125.40755, 0.00, 0.80, 0.00, 1.00, 0.41264, 0.58889, 0.41264, 0.58889, 0.06869, -0.99083, -0.10714, -10.30477, -83.45005, 124.44904
631, 201, -12.13007, -82.35104, 126.84734, 127.80506, 0.00, 0.80, 0.00, 1.00, 0.45706, 0.60475, 0.45706, 0.60475, 0.06849, -0.99081, -0.10744, -12.13007, -82.35104, 126.84734
632, 199, -13.83657, -82.32192, 126.51898, 127.47681, 0.00, 0.80, 0.00, 1.00, 0.47606, 0.58889, 0.47606, 0.58889, 0.06881, -0.99086, -0.10684, -13.83657, -82.32192, 126.51898
633, 200, -10.30477, -83.45005, 124.44904, 125.40755, 0.00, 0.80, 0.00, 1.00, 0.41264, 0.58889, 0.41264, 0.58889, 0.06869, -0.99083, -0.10714, -10.30477, -83.45005, 124.44904
634, 202, -10.46656, -82.88241, 125.87238, 126.83041, 0.00, 0.80, 0.00, 1.00, 0.42718, 0.60475, 0.42718, 0.60475, 0.06849, -0.99081, -0.10744, -10.46656, -82.88241, 125.87238
635, 201, -12.13007, -82.35104, 126.84734, 127.80506, 0.00, 0.80, 0.00, 1.00, 0.45706, 0.60475, 0.45706, 0.60475, 0.06849, -0.99081, -0.10744, -12.13007, -82.35104, 126.84734
636, 203, -16.00753, -78.9705, 121.74053, 122.69995, 0.00, 0.80, 0.00, 1.00, 0.613, 0.50877, 0.613, 0.50877, 0.86067, 0.36862, -0.33319, -16.00753, -78.9705, 121.74053
637, 204, -13.98512, -75.66866, 123.9839, 124.94258, 0.00, 0.80, 0.00, 1.00, 0.66336, 0.47671, 0.66336, 0.47671, 0.77475, 0.53319, -0.3225, -13.98512, -75.66866, 123.9839
638, 205, -14.83035, -77.1481, 122.34766, 123.30688, 0.00, 0.80, 0.00, 1.00, 0.63352, 0.488, 0.63352, 0.488, 0.73328, 0.67106, -0.04136, -14.83035, -77.1481, 122.34766
639, 203, -16.00753, -78.9705, 121.74053, 122.69995, 0.00, 0.80, 0.00, 1.00, 0.613, 0.50877, 0.613, 0.50877, 0.86067, 0.36862, -0.33319, -16.00753, -78.9705, 121.74053
640, 206, -14.70335, -77.26252, 124.12991, 125.08854, 0.00, 0.80, 0.00, 1.00, 0.65619, 0.49774, 0.65619, 0.49774, 0.77997, 0.27474, -0.551, -14.70335, -77.26252, 124.12991
641, 204, -13.98512, -75.66866, 123.9839, 124.94258, 0.00, 0.80, 0.00, 1.00, 0.66336, 0.47671, 0.66336, 0.47671, 0.77475, 0.53319, -0.3225, -13.98512, -75.66866, 123.9839
642, 207, -14.63922, -79.31116, 120.48003, 121.43987, 0.00, 0.80, 0.00, 1.00, 0.60121, 0.46273, 0.60121, 0.46273, 0.28311, 0.85214, 0.43245, -14.63922, -79.31116, 120.48003
643, 208, -14.83035, -77.1481, 122.34766, 123.30688, 0.00, 0.80, 0.00, 1.00, 0.6264, 0.43644, 0.6264, 0.43644, 0.46135, 0.7423, 0.47684, -14.83035, -77.1481, 122.34766
644, 209, -13.86301, -77.31, 121.4502, 122.40972, 0.00, 0.80, 0.00, 1.00, 0.62276, 0.45986, 0.62276, 0.45986, 0.32383, 0.72278, 0.60342, -13.86301, -77.31, 121.4502
645, 207, -14.63922, -79.31116, 120.48003, 121.43987, 0.00, 0.80, 0.00, 1.00, 0.60121, 0.46273, 0.60121, 0.46273, 0.28311, 0.85214, 0.43245, -14.63922, -79.31116, 120.48003
646, 210, -16.00753, -78.9705, 121.74053, 122.69995, 0.00, 0.80, 0.00, 1.00, 0.60648, 0.4294, 0.60648, 0.4294, 0.3339, 0.86252, 0.37129, -16.00753, -78.9705, 121.74053
647, 208, -14.83035, -77.1481, 122.34766, 123.30688, 0.00, 0.80, 0.00, 1.00, 0.6264, 0.43644, 0.6264, 0.43644, 0.46135, 0.7423, 0.47684, -14.83035, -77.1481, 122.34766
648, 211, -11.21062, -78.36821, 122.10257, 123.06187, 0.00, 0.80, 0.00, 1.00, 0.65226, 0.50274, 0.65226, 0.50274, -0.89596, 0.31907, 0.29377, -11.21062, -78.36821, 122.10257
649, 212, -12.57525, -76.8823, 121.21585, 122.17545, 0.00, 0.80, 0.00, 1.00, 0.63415, 0.48306, 0.63415, 0.48306, -0.68925, 0.42187, 0.5813, -12.57525, -76.8823, 121.21585
650, 213, -11.45748, -76.46851, 122.51595, 123.47511, 0.00, 0.80, 0.00, 1.00, 0.65918, 0.48292, 0.65918, 0.48292, -0.96485, 0.2346, 0.06774, -11.45748, -76.46851, 122.51595
651, 211, -11.21062, -78.36821, 122.10257, 123.06187, 0.00, 0.80, 0.00, 1.00, 0.65226, 0.50274, 0.65226, 0.50274, -0.89596, 0.31907, 0.29377, -11.21062, -78.36821, 122.10257
652, 214, -12.81734, -78.9657, 120.2139, 121.17383, 0.00, 0.80, 0.00, 1.00, 0.61603, 0.50288, 0.61603, 0.50288, -0.69776, 0.40764, 0.58118, -12.81734, -78.9657, 120.2139
653, 212, -12.57525, -76.8823, 121.21585, 122.17545, 0.00, 0.80, 0.00, 1.00, 0.63415, 0.48306, 0.63415, 0.48306, -0.68925, 0.42187, 0.5813, -12.57525, -76.8823, 121.21585
654, 215, -12.81734, -78.9657, 120.2139, 121.17383, 0.00, 0.80, 0.00, 1.00, 0.61265, 0.49168, 0.61265, 0.49168, 0.22782, 0.79025, 0.56229, -12.81734, -78.9657, 120.2139
655, 209, -13.86301, -77.31, 121.4502, 122.40972, 0.00, 0.80, 0.00, 1.00, 0.62276, 0.45986, 0.62276, 0.45986, 0.32383, 0.72278, 0.60342, -13.86301, -77.31, 121.4502
656, 216, -12.57525, -76.8823, 121.21585, 122.17545, 0.00, 0.80, 0.00, 1.00, 0.63066, 0.48026, 0.63066, 0.48026, 0.28192, 0.67975, 0.67042, -12.57525, -76.8823, 121.21585
657, 215, -12.81734, -78.9657, 120.2139, 121.17383, 0.00, 0.80, 0.00, 1.00, 0.61265, 0.49168, 0.61265, 0.49168, 0.22782, 0.79025, 0.56229, -12.81734, -78.9657, 120.2139
658, 207, -14.63922, -79.31116, 120.48003, 121.43987, 0.00, 0.80, 0.00, 1.00, 0.60121, 0.46273, 0.60121, 0.46273, 0.28311, 0.85214, 0.43245, -14.63922, -79.31116, 120.48003
659, 209, -13.86301, -77.31, 121.4502, 122.40972, 0.00, 0.80, 0.00, 1.00, 0.62276, 0.45986, 0.62276, 0.45986, 0.32383, 0.72278, 0.60342, -13.86301, -77.31, 121.4502
660, 217, -11.81736, -77.18401, 124.79749, 125.75589, 0.00, 0.80, 0.00, 1.00, 0.68234, 0.5018, 0.68234, 0.5018, -0.95389, 0.22288, -0.17684, -11.81736, -77.18401, 124.79749
661, 213, -11.45748, -76.46851, 122.51595, 123.47511, 0.00, 0.80, 0.00, 1.00, 0.65918, 0.48292, 0.65918, 0.48292, -0.96485, 0.2346, 0.06774, -11.45748, -76.46851, 122.51595
662, 218, -11.93309, -75.60798, 124.40709, 125.36562, 0.00, 0.80, 0.00, 1.00, 0.67997, 0.48197, 0.67997, 0.48197, -0.96462, 0.12896, -0.20711, -11.93309, -75.60798, 124.40709
663, 217, -11.81736, -77.18401, 124.79749, 125.75589, 0.00, 0.80, 0.00, 1.00, 0.68234, 0.5018, 0.68234, 0.5018, -0.95389, 0.22288, -0.17684, -11.81736, -77.18401, 124.79749
664, 211, -11.21062, -78.36821, 122.10257, 123.06187, 0.00, 0.80, 0.00, 1.00, 0.65226, 0.50274, 0.65226, 0.50274, -0.89596, 0.31907, 0.29377, -11.21062, -78.36821, 122.10257
665, 213, -11.45748, -76.46851, 122.51595, 123.47511, 0.00, 0.80, 0.00, 1.00, 0.65918, 0.48292, 0.65918, 0.48292, -0.96485, 0.2346, 0.06774, -11.45748, -76.46851, 122.51595
666, 206, -14.70335, -77.26252, 124.12991, 125.08854, 0.00, 0.80, 0.00, 1.00, 0.65619, 0.49774, 0.65619, 0.49774, 0.77997, 0.27474, -0.551, -14.70335, -77.26252, 124.12991
667, 219, -12.94359, -75.29556, 124.95049, 125.90884, 0.00, 0.80, 0.00, 1.00, 0.68422, 0.47557, 0.68422, 0.47557, 0.6675, 0.37913, -0.63136, -12.94359, -75.29556, 124.95049
668, 204, -13.98512, -75.66866, 123.9839, 124.94258, 0.00, 0.80, 0.00, 1.00, 0.66336, 0.47671, 0.66336, 0.47671, 0.77475, 0.53319, -0.3225, -13.98512, -75.66866, 123.9839
669, 206, -14.70335, -77.26252, 124.12991, 125.08854, 0.00, 0.80, 0.00, 1.00, 0.65619, 0.49774, 0.65619, 0.49774, 0.77997, 0.27474, -0.551, -14.70335, -77.26252, 124.12991
670, 220, -13.21519, -76.75616, 125.54671, 126.50486, 0.00, 0.80, 0.00, 1.00, 0.68637, 0.49661, 0.68637, 0.49661, 0.69356, 0.25689, -0.66366, -13.21519, -76.75616, 125.54671
671, 219, -12.94359, -75.29556, 124.95049, 125.90884, 0.00, 0.80, 0.00, 1.00, 0.68422, 0.47557, 0.68422, 0.47557, 0.6675, 0.37913, -0.63136, -12.94359, -75.29556, 124.95049
672, 221, -13.21519, -76.75616, 125.54671, 126.50486, 0.00, 0.80, 0.00, 1.00, 0.70022, 0.49868, 0.70022, 0.49868, -0.34375, 0.20208, -0.91148, -13.21519, -76.75616, 125.54671
673, 222, -11.93309, -75.60798, 124.40709, 125.36562, 0.00, 0.80, 0.00, 1.00, 0.72368, 0.47984, 0.72368, 0.47984, -0.51256, 0.18791, -0.83194, -11.93309, -75.60798, 124.40709
674, 223, -12.94359, -75.29556, 124.95049, 125.90884, 0.00, 0.80, 0.00, 1.00, 0.70521, 0.47975, 0.70521, 0.47975, -0.51335, 0.1867, -0.83172, -12.94359, -75.29556, 124.95049
675, 221, -13.21519, -76.75616, 125.54671, 126.50486, 0.00, 0.80, 0.00, 1.00, 0.70022, 0.49868, 0.70022, 0.49868, -0.34375, 0.20208, -0.91148, -13.21519, -76.75616, 125.54671
676, 224, -11.81736, -77.18401, 124.79749, 125.75589, 0.00, 0.80, 0.00, 1.00, 0.72573, 0.49878, 0.72573, 0.49878, -0.51952, 0.2886, -0.79867, -11.81736, -77.18401, 124.79749
677, 222, -11.93309, -75.60798, 124.40709, 125.36562, 0.00, 0.80, 0.00, 1.00, 0.72368, 0.47984, 0.72368, 0.47984, -0.51256, 0.18791, -0.83194, -11.93309, -75.60798, 124.40709
678, 225, -20.0514, -85.21867, 116.22296, 117.18422, 0.00, 0.80, 0.00, 1.00, 0.50024, 0.57157, 0.50024, 0.57157, 0.95604, 0.19476, -0.18897, -20.0514, -85.21867, 116.22296
679, 226, -19.43765, -83.31152, 117.88871, 118.84942, 0.00, 0.80, 0.00, 1.00, 0.52788, 0.55185, 0.52788, 0.55185, 0.86408, 0.3705, -0.3221, -19.43765, -83.31152, 117.88871
680, 227, -19.81868, -83.29809, 115.83063, 116.79202, 0.00, 0.80, 0.00, 1.00, 0.4989, 0.54593, 0.4989, 0.54593, 0.86543, 0.43076, -0.23099, -19.81868, -83.29809, 115.83063
681, 225, -20.0514, -85.21867, 116.22296, 117.18422, 0.00, 0.80, 0.00, 1.00, 0.50024, 0.57157, 0.50024, 0.57157, 0.95604, 0.19476, -0.18897, -20.0514, -85.21867, 116.22296
682, 228, -19.66377, -84.66988, 118.12892, 119.08954, 0.00, 0.80, 0.00, 1.00, 0.52788, 0.57, 0.52788, 0.57, 0.88423, 0.21713, -0.39804, -19.66377, -84.66988, 118.12892
683, 226, -19.43765, -83.31152, 117.88871, 118.84942, 0.00, 0.80, 0.00, 1.00, 0.52788, 0.55185, 0.52788, 0.55185, 0.86408, 0.3705, -0.3221, -19.43765, -83.31152, 117.88871
684, 226, -19.43765, -83.31152, 117.88871, 118.84942, 0.00, 0.80, 0.00, 1.00, 0.52788, 0.55185, 0.52788, 0.55185, 0.86408, 0.3705, -0.3221, -19.43765, -83.31152, 117.88871
685, 228, -19.66377, -84.66988, 118.12892, 119.08954, 0.00, 0.80, 0.00, 1.00, 0.52788, 0.57, 0.52788, 0.57, 0.88423, 0.21713, -0.39804, -19.66377, -84.66988, 118.12892
686, 229, -18.39125, -82.94917, 119.56423, 120.52438, 0.00, 0.80, 0.00, 1.00, 0.58286, 0.55047, 0.58286, 0.55047, 0.81241, 0.30696, -0.48295, -18.39125, -82.94917, 119.56423
687, 229, -18.39125, -82.94917, 119.56423, 120.52438, 0.00, 0.80, 0.00, 1.00, 0.58286, 0.55047, 0.58286, 0.55047, 0.81241, 0.30696, -0.48295, -18.39125, -82.94917, 119.56423
688, 228, -19.66377, -84.66988, 118.12892, 119.08954, 0.00, 0.80, 0.00, 1.00, 0.52788, 0.57, 0.52788, 0.57, 0.88423, 0.21713, -0.39804, -19.66377, -84.66988, 118.12892
689, 230, -18.5787, -84.40216, 119.89376, 120.85379, 0.00, 0.80, 0.00, 1.00, 0.5842, 0.57, 0.5842, 0.57, 0.81658, 0.19764, -0.53057, -18.5787, -84.40216, 119.89376
690, 229, -18.39125, -82.94917, 119.56423, 120.52438, 0.00, 0.80, 0.00, 1.00, 0.58286, 0.55047, 0.58286, 0.55047, 0.81241, 0.30696, -0.48295, -18.39125, -82.94917, 119.56423
691, 230, -18.5787, -84.40216, 119.89376, 120.85379, 0.00, 0.80, 0.00, 1.00, 0.5842, 0.57, 0.5842, 0.57, 0.81658, 0.19764, -0.53057, -18.5787, -84.40216, 119.89376
692, 231, -13.7906, -80.83148, 126.0193, 126.97729, 0.00, 0.80, 0.00, 1.00, 0.67917, 0.54944, 0.67917, 0.54944, 0.81411, 0.13259, -0.55414, -13.7906, -80.83148, 126.0193
693, 231, -13.7906, -80.83148, 126.0193, 126.97729, 0.00, 0.80, 0.00, 1.00, 0.67917, 0.54944, 0.67917, 0.54944, 0.81411, 0.13259, -0.55414, -13.7906, -80.83148, 126.0193
694, 230, -18.5787, -84.40216, 119.89376, 120.85379, 0.00, 0.80, 0.00, 1.00, 0.5842, 0.57, 0.5842, 0.57, 0.81658, 0.19764, -0.53057, -18.5787, -84.40216, 119.89376
695, 232, -13.83657, -82.32192, 126.51898, 127.47681, 0.00, 0.80, 0.00, 1.00, 0.68185, 0.57014, 0.68185, 0.57014, 0.81432, 0.17918, -0.54051, -13.83657, -82.32192, 126.51898
696, 233, -13.7906, -80.83148, 126.0193, 126.97729, 0.00, 0.80, 0.00, 1.00, 0.69902, 0.55084, 0.69902, 0.55084, 0.2529, 0.15314, -0.94897, -13.7906, -80.83148, 126.0193
697, 234, -13.83657, -82.32192, 126.51898, 127.47681, 0.00, 0.80, 0.00, 1.00, 0.69837, 0.57075, 0.69837, 0.57075, 0.21939, 0.20967, -0.94665, -13.83657, -82.32192, 126.51898
698, 235, -11.9655, -80.46037, 126.42178, 127.37965, 0.00, 0.80, 0.00, 1.00, 0.71007, 0.54633, 0.71007, 0.54633, -0.16416, 0.2168, -0.95677, -11.9655, -80.46037, 126.42178
699, 234, -13.83657, -82.32192, 126.51898, 127.47681, 0.00, 0.80, 0.00, 1.00, 0.69837, 0.57075, 0.69837, 0.57075, 0.21939, 0.20967, -0.94665, -13.83657, -82.32192, 126.51898
700, 236, -12.13007, -82.35104, 126.84734, 127.80506, 0.00, 0.80, 0.00, 1.00, 0.70942, 0.57075, 0.70942, 0.57075, -0.31956, 0.09448, -0.93702, -12.13007, -82.35104, 126.84734
701, 235, -11.9655, -80.46037, 126.42178, 127.37965, 0.00, 0.80, 0.00, 1.00, 0.71007, 0.54633, 0.71007, 0.54633, -0.16416, 0.2168, -0.95677, -11.9655, -80.46037, 126.42178
702, 237, -15.11469, -84.69237, 115.35506, 116.31661, 0.00, 0.80, 0.00, 1.00, 0.52674, 0.55375, 0.52674, 0.55375, -0.57305, 0.23905, 0.77665, -15.11469, -84.69237, 115.35506
703, 238, -16.29399, -85.98527, 115.21982, 116.18141, 0.00, 0.80, 0.00, 1.00, 0.51498, 0.57085, 0.51498, 0.57085, -0.2462, -0.00537, 0.96285, -16.29399, -85.98527, 115.21982
704, 239, -16.24489, -84.00604, 114.93509, 115.89678, 0.00, 0.80, 0.00, 1.00, 0.51367, 0.54669, 0.51367, 0.54669, -0.42023, 0.3245, 0.84094, -16.24489, -84.00604, 114.93509
705, 240, -15.15721, -86.10937, 115.48766, 116.44917, 0.00, 0.80, 0.00, 1.00, 0.52674, 0.57085, 0.52674, 0.57085, -0.68, -0.0011, 0.72471, -15.15721, -86.10937, 115.48766
706, 238, -16.29399, -85.98527, 115.21982, 116.18141, 0.00, 0.80, 0.00, 1.00, 0.51498, 0.57085, 0.51498, 0.57085, -0.2462, -0.00537, 0.96285, -16.29399, -85.98527, 115.21982
707, 237, -15.11469, -84.69237, 115.35506, 116.31661, 0.00, 0.80, 0.00, 1.00, 0.52674, 0.55375, 0.52674, 0.55375, -0.57305, 0.23905, 0.77665, -15.11469, -84.69237, 115.35506
708, 240, -15.15721, -86.10937, 115.48766, 116.44917, 0.00, 0.80, 0.00, 1.00, 0.52674, 0.57085, 0.52674, 0.57085, -0.68, -0.0011, 0.72471, -15.15721, -86.10937, 115.48766
709, 237, -15.11469, -84.69237, 115.35506, 116.31661, 0.00, 0.80, 0.00, 1.00, 0.52674, 0.55375, 0.52674, 0.55375, -0.57305, 0.23905, 0.77665, -15.11469, -84.69237, 115.35506
710, 241, -13.48806, -84.22511, 117.82478, 118.78551, 0.00, 0.80, 0.00, 1.00, 0.5947, 0.55245, 0.5947, 0.55245, -0.83802, 0.18528, 0.50244, -13.48806, -84.22511, 117.82478
711, 240, -15.15721, -86.10937, 115.48766, 116.44917, 0.00, 0.80, 0.00, 1.00, 0.52674, 0.57085, 0.52674, 0.57085, -0.68, -0.0011, 0.72471, -15.15721, -86.10937, 115.48766
712, 241, -13.48806, -84.22511, 117.82478, 118.78551, 0.00, 0.80, 0.00, 1.00, 0.5947, 0.55245, 0.5947, 0.55245, -0.83802, 0.18528, 0.50244, -13.48806, -84.22511, 117.82478
713, 242, -13.49191, -85.73676, 118.04671, 119.00735, 0.00, 0.80, 0.00, 1.00, 0.59601, 0.57085, 0.59601, 0.57085, -0.88506, -0.02419, 0.45161, -13.49191, -85.73676, 118.04671
714, 242, -13.49191, -85.73676, 118.04671, 119.00735, 0.00, 0.80, 0.00, 1.00, 0.59601, 0.57085, 0.59601, 0.57085, -0.88506, -0.02419, 0.45161, -13.49191, -85.73676, 118.04671
715, 241, -13.48806, -84.22511, 117.82478, 118.78551, 0.00, 0.80, 0.00, 1.00, 0.5947, 0.55245, 0.5947, 0.55245, -0.83802, 0.18528, 0.50244, -13.48806, -84.22511, 117.82478
716, 243, -10.38341, -81.91981, 124.02238, 124.98104, 0.00, 0.80, 0.00, 1.00, 0.67443, 0.55148, 0.67443, 0.55148, -0.95529, 0.0682, 0.26736, -10.38341, -81.91981, 124.02238
717, 242, -13.49191, -85.73676, 118.04671, 119.00735, 0.00, 0.80, 0.00, 1.00, 0.59601, 0.57085, 0.59601, 0.57085, -0.88506, -0.02419, 0.45161, -13.49191, -85.73676, 118.04671
718, 243, -10.38341, -81.91981, 124.02238, 124.98104, 0.00, 0.80, 0.00, 1.00, 0.67443, 0.55148, 0.67443, 0.55148, -0.95529, 0.0682, 0.26736, -10.38341, -81.91981, 124.02238
719, 244, -10.30477, -83.45005, 124.44904, 125.40755, 0.00, 0.80, 0.00, 1.00, 0.67705, 0.57098, 0.67705, 0.57098, -0.98884, 0.01064, 0.10358, -10.30477, -83.45005, 124.44904
720, 244, -10.30477, -83.45005, 124.44904, 125.40755, 0.00, 0.80, 0.00, 1.00, 0.67705, 0.57098, 0.67705, 0.57098, -0.98884, 0.01064, 0.10358, -10.30477, -83.45005, 124.44904
721, 243, -10.38341, -81.91981, 124.02238, 124.98104, 0.00, 0.80, 0.00, 1.00, 0.67443, 0.55148, 0.67443, 0.55148, -0.95529, 0.0682, 0.26736, -10.38341, -81.91981, 124.02238
722, 245, -10.4266, -80.95193, 125.51985, 126.47801, 0.00, 0.80, 0.00, 1.00, 0.69404, 0.54707, 0.69404, 0.54707, -0.97545, 0.19061, -0.0502, -10.4266, -80.95193, 125.51985
723, 246, -10.46656, -82.88241, 125.87238, 126.83041, 0.00, 0.80, 0.00, 1.00, 0.69404, 0.57098, 0.69404, 0.57098, -0.98839, -0.01474, -0.10808, -10.46656, -82.88241, 125.87238
724, 244, -10.30477, -83.45005, 124.44904, 125.40755, 0.00, 0.80, 0.00, 1.00, 0.67705, 0.57098, 0.67705, 0.57098, -0.98884, 0.01064, 0.10358, -10.30477, -83.45005, 124.44904
725, 245, -10.4266, -80.95193, 125.51985, 126.47801, 0.00, 0.80, 0.00, 1.00, 0.69404, 0.54707, 0.69404, 0.54707, -0.97545, 0.19061, -0.0502, -10.4266, -80.95193, 125.51985
726, 235, -11.9655, -80.46037, 126.42178, 127.37965, 0.00, 0.80, 0.00, 1.00, 0.71007, 0.54633, 0.71007, 0.54633, -0.16416, 0.2168, -0.95677, -11.9655, -80.46037, 126.42178
727, 236, -12.13007, -82.35104, 126.84734, 127.80506, 0.00, 0.80, 0.00, 1.00, 0.70942, 0.57075, 0.70942, 0.57075, -0.31956, 0.09448, -0.93702, -12.13007, -82.35104, 126.84734
728, 247, -10.4266, -80.95193, 125.51985, 126.47801, 0.00, 0.80, 0.00, 1.00, 0.72613, 0.54633, 0.72613, 0.54633, -0.54279, 0.14964, -0.82031, -10.4266, -80.95193, 125.51985
729, 236, -12.13007, -82.35104, 126.84734, 127.80506, 0.00, 0.80, 0.00, 1.00, 0.70942, 0.57075, 0.70942, 0.57075, -0.31956, 0.09448, -0.93702, -12.13007, -82.35104, 126.84734
730, 248, -10.46656, -82.88241, 125.87238, 126.83041, 0.00, 0.80, 0.00, 1.00, 0.72678, 0.57075, 0.72678, 0.57075, -0.53873, 0.05619, -0.83421, -10.46656, -82.88241, 125.87238
731, 247, -10.4266, -80.95193, 125.51985, 126.47801, 0.00, 0.80, 0.00, 1.00, 0.72613, 0.54633, 0.72613, 0.54633, -0.54279, 0.14964, -0.82031, -10.4266, -80.95193, 125.51985
732, 249, -20.0514, -85.21867, 116.22296, 117.18422, 0.00, 0.80, 0.00, 1.00, 0.55825, 0.52848, 0.55825, 0.52848, 0.27994, -0.04263, 0.95316, -20.0514, -85.21867, 116.22296
733, 250, -19.81868, -83.29809, 115.83063, 116.79202, 0.00, 0.80, 0.00, 1.00, 0.55657, 0.50775, 0.55657, 0.50775, 0.27403, -0.06377, 0.95374, -19.81868, -83.29809, 115.83063
734, 251, -16.24489, -84.00604, 114.93509, 115.89678, 0.00, 0.80, 0.00, 1.00, 0.50171, 0.50648, 0.50171, 0.50648, 0.27994, -0.04263, 0.95316, -16.24489, -84.00604, 114.93509
735, 249, -20.0514, -85.21867, 116.22296, 117.18422, 0.00, 0.80, 0.00, 1.00, 0.55825, 0.52848, 0.55825, 0.52848, 0.27994, -0.04263, 0.95316, -20.0514, -85.21867, 116.22296
736, 251, -16.24489, -84.00604, 114.93509, 115.89678, 0.00, 0.80, 0.00, 1.00, 0.50171, 0.50648, 0.50171, 0.50648, 0.27994, -0.04263, 0.95316, -16.24489, -84.00604, 114.93509
737, 252, -16.29399, -85.98527, 115.21982, 116.18141, 0.00, 0.80, 0.00, 1.00, 0.50002, 0.5272, 0.50002, 0.5272, 0.28571, -0.02146, 0.95212, -16.29399, -85.98527, 115.21982
738, 253, -19.81868, -83.29809, 115.83063, 116.79202, 0.00, 0.80, 0.00, 1.00, 0.49574, 0.43934, 0.49574, 0.43934, 0.03169, 0.94892, 0.30786, -19.81868, -83.29809, 115.83063
739, 254, -18.08173, -81.60898, 118.53848, 119.49896, 0.00, 0.80, 0.00, 1.00, 0.55726, 0.43544, 0.55726, 0.43544, 0.09547, 0.96924, 0.21869, -18.08173, -81.60898, 118.53848
740, 255, -14.98881, -82.41033, 116.7117, 117.6728, 0.00, 0.80, 0.00, 1.00, 0.55726, 0.50127, 0.55726, 0.50127, 0.06906, 0.95395, 0.28524, -14.98881, -82.41033, 116.7117
741, 253, -19.81868, -83.29809, 115.83063, 116.79202, 0.00, 0.80, 0.00, 1.00, 0.49574, 0.43934, 0.49574, 0.43934, 0.03169, 0.94892, 0.30786, -19.81868, -83.29809, 115.83063
742, 255, -14.98881, -82.41033, 116.7117, 117.6728, 0.00, 0.80, 0.00, 1.00, 0.55726, 0.50127, 0.55726, 0.50127, 0.06906, 0.95395, 0.28524, -14.98881, -82.41033, 116.7117
743, 256, -16.24489, -84.00604, 114.93509, 115.89678, 0.00, 0.80, 0.00, 1.00, 0.51087, 0.5034, 0.51087, 0.5034, 0.01173, 0.9187, 0.38927, -16.24489, -84.00604, 114.93509
744, 255, -14.98881, -82.41033, 116.7117, 117.6728, 0.00, 0.80, 0.00, 1.00, 0.55726, 0.50127, 0.55726, 0.50127, 0.06906, 0.95395, 0.28524, -14.98881, -82.41033, 116.7117
745, 207, -14.63922, -79.31116, 120.48003, 121.43987, 0.00, 0.80, 0.00, 1.00, 0.60121, 0.46273, 0.60121, 0.46273, 0.28311, 0.85214, 0.43245, -14.63922, -79.31116, 120.48003
746, 215, -12.81734, -78.9657, 120.2139, 121.17383, 0.00, 0.80, 0.00, 1.00, 0.61265, 0.49168, 0.61265, 0.49168, 0.22782, 0.79025, 0.56229, -12.81734, -78.9657, 120.2139
747, 207, -14.63922, -79.31116, 120.48003, 121.43987, 0.00, 0.80, 0.00, 1.00, 0.60121, 0.46273, 0.60121, 0.46273, 0.28311, 0.85214, 0.43245, -14.63922, -79.31116, 120.48003
748, 255, -14.98881, -82.41033, 116.7117, 117.6728, 0.00, 0.80, 0.00, 1.00, 0.55726, 0.50127, 0.55726, 0.50127, 0.06906, 0.95395, 0.28524, -14.98881, -82.41033, 116.7117
749, 254, -18.08173, -81.60898, 118.53848, 119.49896, 0.00, 0.80, 0.00, 1.00, 0.55726, 0.43544, 0.55726, 0.43544, 0.09547, 0.96924, 0.21869, -18.08173, -81.60898, 118.53848
750, 207, -14.63922, -79.31116, 120.48003, 121.43987, 0.00, 0.80, 0.00, 1.00, 0.60121, 0.46273, 0.60121, 0.46273, 0.28311, 0.85214, 0.43245, -14.63922, -79.31116, 120.48003
751, 254, -18.08173, -81.60898, 118.53848, 119.49896, 0.00, 0.80, 0.00, 1.00, 0.55726, 0.43544, 0.55726, 0.43544, 0.09547, 0.96924, 0.21869, -18.08173, -81.60898, 118.53848
752, 210, -16.00753, -78.9705, 121.74053, 122.69995, 0.00, 0.80, 0.00, 1.00, 0.60648, 0.4294, 0.60648, 0.4294, 0.3339, 0.86252, 0.37129, -16.00753, -78.9705, 121.74053
753, 239, -16.24489, -84.00604, 114.93509, 115.89678, 0.00, 0.80, 0.00, 1.00, 0.51367, 0.54669, 0.51367, 0.54669, -0.42023, 0.3245, 0.84094, -16.24489, -84.00604, 114.93509
754, 257, -14.98881, -82.41033, 116.7117, 117.6728, 0.00, 0.80, 0.00, 1.00, 0.56032, 0.53081, 0.56032, 0.53081, -0.67014, 0.50826, 0.53351, -14.98881, -82.41033, 116.7117
755, 237, -15.11469, -84.69237, 115.35506, 116.31661, 0.00, 0.80, 0.00, 1.00, 0.52674, 0.55375, 0.52674, 0.55375, -0.57305, 0.23905, 0.77665, -15.11469, -84.69237, 115.35506
756, 237, -15.11469, -84.69237, 115.35506, 116.31661, 0.00, 0.80, 0.00, 1.00, 0.52674, 0.55375, 0.52674, 0.55375, -0.57305, 0.23905, 0.77665, -15.11469, -84.69237, 115.35506
757, 257, -14.98881, -82.41033, 116.7117, 117.6728, 0.00, 0.80, 0.00, 1.00, 0.56032, 0.53081, 0.56032, 0.53081, -0.67014, 0.50826, 0.53351, -14.98881, -82.41033, 116.7117
758, 241, -13.48806, -84.22511, 117.82478, 118.78551, 0.00, 0.80, 0.00, 1.00, 0.5947, 0.55245, 0.5947, 0.55245, -0.83802, 0.18528, 0.50244, -13.48806, -84.22511, 117.82478
759, 241, -13.48806, -84.22511, 117.82478, 118.78551, 0.00, 0.80, 0.00, 1.00, 0.5947, 0.55245, 0.5947, 0.55245, -0.83802, 0.18528, 0.50244, -13.48806, -84.22511, 117.82478
760, 257, -14.98881, -82.41033, 116.7117, 117.6728, 0.00, 0.80, 0.00, 1.00, 0.56032, 0.53081, 0.56032, 0.53081, -0.67014, 0.50826, 0.53351, -14.98881, -82.41033, 116.7117
761, 214, -12.81734, -78.9657, 120.2139, 121.17383, 0.00, 0.80, 0.00, 1.00, 0.61603, 0.50288, 0.61603, 0.50288, -0.69776, 0.40764, 0.58118, -12.81734, -78.9657, 120.2139
762, 241, -13.48806, -84.22511, 117.82478, 118.78551, 0.00, 0.80, 0.00, 1.00, 0.5947, 0.55245, 0.5947, 0.55245, -0.83802, 0.18528, 0.50244, -13.48806, -84.22511, 117.82478
763, 214, -12.81734, -78.9657, 120.2139, 121.17383, 0.00, 0.80, 0.00, 1.00, 0.61603, 0.50288, 0.61603, 0.50288, -0.69776, 0.40764, 0.58118, -12.81734, -78.9657, 120.2139
764, 211, -11.21062, -78.36821, 122.10257, 123.06187, 0.00, 0.80, 0.00, 1.00, 0.65226, 0.50274, 0.65226, 0.50274, -0.89596, 0.31907, 0.29377, -11.21062, -78.36821, 122.10257
765, 241, -13.48806, -84.22511, 117.82478, 118.78551, 0.00, 0.80, 0.00, 1.00, 0.5947, 0.55245, 0.5947, 0.55245, -0.83802, 0.18528, 0.50244, -13.48806, -84.22511, 117.82478
766, 211, -11.21062, -78.36821, 122.10257, 123.06187, 0.00, 0.80, 0.00, 1.00, 0.65226, 0.50274, 0.65226, 0.50274, -0.89596, 0.31907, 0.29377, -11.21062, -78.36821, 122.10257
767, 243, -10.38341, -81.91981, 124.02238, 124.98104, 0.00, 0.80, 0.00, 1.00, 0.67443, 0.55148, 0.67443, 0.55148, -0.95529, 0.0682, 0.26736, -10.38341, -81.91981, 124.02238
768, 226, -19.43765, -83.31152, 117.88871, 118.84942, 0.00, 0.80, 0.00, 1.00, 0.52788, 0.55185, 0.52788, 0.55185, 0.86408, 0.3705, -0.3221, -19.43765, -83.31152, 117.88871
769, 258, -18.08173, -81.60898, 118.53848, 119.49896, 0.00, 0.80, 0.00, 1.00, 0.56228, 0.52987, 0.56228, 0.52987, 0.75103, 0.55544, -0.34086, -18.08173, -81.60898, 118.53848
770, 227, -19.81868, -83.29809, 115.83063, 116.79202, 0.00, 0.80, 0.00, 1.00, 0.4989, 0.54593, 0.4989, 0.54593, 0.86543, 0.43076, -0.23099, -19.81868, -83.29809, 115.83063
771, 226, -19.43765, -83.31152, 117.88871, 118.84942, 0.00, 0.80, 0.00, 1.00, 0.52788, 0.55185, 0.52788, 0.55185, 0.86408, 0.3705, -0.3221, -19.43765, -83.31152, 117.88871
772, 229, -18.39125, -82.94917, 119.56423, 120.52438, 0.00, 0.80, 0.00, 1.00, 0.58286, 0.55047, 0.58286, 0.55047, 0.81241, 0.30696, -0.48295, -18.39125, -82.94917, 119.56423
773, 258, -18.08173, -81.60898, 118.53848, 119.49896, 0.00, 0.80, 0.00, 1.00, 0.56228, 0.52987, 0.56228, 0.52987, 0.75103, 0.55544, -0.34086, -18.08173, -81.60898, 118.53848
774, 229, -18.39125, -82.94917, 119.56423, 120.52438, 0.00, 0.80, 0.00, 1.00, 0.58286, 0.55047, 0.58286, 0.55047, 0.81241, 0.30696, -0.48295, -18.39125, -82.94917, 119.56423
775, 203, -16.00753, -78.9705, 121.74053, 122.69995, 0.00, 0.80, 0.00, 1.00, 0.613, 0.50877, 0.613, 0.50877, 0.86067, 0.36862, -0.33319, -16.00753, -78.9705, 121.74053
776, 258, -18.08173, -81.60898, 118.53848, 119.49896, 0.00, 0.80, 0.00, 1.00, 0.56228, 0.52987, 0.56228, 0.52987, 0.75103, 0.55544, -0.34086, -18.08173, -81.60898, 118.53848
777, 229, -18.39125, -82.94917, 119.56423, 120.52438, 0.00, 0.80, 0.00, 1.00, 0.58286, 0.55047, 0.58286, 0.55047, 0.81241, 0.30696, -0.48295, -18.39125, -82.94917, 119.56423
778, 231, -13.7906, -80.83148, 126.0193, 126.97729, 0.00, 0.80, 0.00, 1.00, 0.67917, 0.54944, 0.67917, 0.54944, 0.81411, 0.13259, -0.55414, -13.7906, -80.83148, 126.0193
779, 203, -16.00753, -78.9705, 121.74053, 122.69995, 0.00, 0.80, 0.00, 1.00, 0.613, 0.50877, 0.613, 0.50877, 0.86067, 0.36862, -0.33319, -16.00753, -78.9705, 121.74053
780, 231, -13.7906, -80.83148, 126.0193, 126.97729, 0.00, 0.80, 0.00, 1.00, 0.67917, 0.54944, 0.67917, 0.54944, 0.81411, 0.13259, -0.55414, -13.7906, -80.83148, 126.0193
781, 206, -14.70335, -77.26252, 124.12991, 125.08854, 0.00, 0.80, 0.00, 1.00, 0.65619, 0.49774, 0.65619, 0.49774, 0.77997, 0.27474, -0.551, -14.70335, -77.26252, 124.12991
782, 203, -16.00753, -78.9705, 121.74053, 122.69995, 0.00, 0.80, 0.00, 1.00, 0.613, 0.50877, 0.613, 0.50877, 0.86067, 0.36862, -0.33319, -16.00753, -78.9705, 121.74053
783, 231, -13.7906, -80.83148, 126.0193, 126.97729, 0.00, 0.80, 0.00, 1.00, 0.67917, 0.54944, 0.67917, 0.54944, 0.81411, 0.13259, -0.55414, -13.7906, -80.83148, 126.0193
784, 220, -13.21519, -76.75616, 125.54671, 126.50486, 0.00, 0.80, 0.00, 1.00, 0.68637, 0.49661, 0.68637, 0.49661, 0.69356, 0.25689, -0.66366, -13.21519, -76.75616, 125.54671
785, 206, -14.70335, -77.26252, 124.12991, 125.08854, 0.00, 0.80, 0.00, 1.00, 0.65619, 0.49774, 0.65619, 0.49774, 0.77997, 0.27474, -0.551, -14.70335, -77.26252, 124.12991
786, 233, -13.7906, -80.83148, 126.0193, 126.97729, 0.00, 0.80, 0.00, 1.00, 0.69902, 0.55084, 0.69902, 0.55084, 0.2529, 0.15314, -0.94897, -13.7906, -80.83148, 126.0193
787, 235, -11.9655, -80.46037, 126.42178, 127.37965, 0.00, 0.80, 0.00, 1.00, 0.71007, 0.54633, 0.71007, 0.54633, -0.16416, 0.2168, -0.95677, -11.9655, -80.46037, 126.42178
788, 221, -13.21519, -76.75616, 125.54671, 126.50486, 0.00, 0.80, 0.00, 1.00, 0.70022, 0.49868, 0.70022, 0.49868, -0.34375, 0.20208, -0.91148, -13.21519, -76.75616, 125.54671
789, 245, -10.4266, -80.95193, 125.51985, 126.47801, 0.00, 0.80, 0.00, 1.00, 0.69404, 0.54707, 0.69404, 0.54707, -0.97545, 0.19061, -0.0502, -10.4266, -80.95193, 125.51985
790, 243, -10.38341, -81.91981, 124.02238, 124.98104, 0.00, 0.80, 0.00, 1.00, 0.67443, 0.55148, 0.67443, 0.55148, -0.95529, 0.0682, 0.26736, -10.38341, -81.91981, 124.02238
791, 211, -11.21062, -78.36821, 122.10257, 123.06187, 0.00, 0.80, 0.00, 1.00, 0.65226, 0.50274, 0.65226, 0.50274, -0.89596, 0.31907, 0.29377, -11.21062, -78.36821, 122.10257
792, 245, -10.4266, -80.95193, 125.51985, 126.47801, 0.00, 0.80, 0.00, 1.00, 0.69404, 0.54707, 0.69404, 0.54707, -0.97545, 0.19061, -0.0502, -10.4266, -80.95193, 125.51985
793, 211, -11.21062, -78.36821, 122.10257, 123.06187, 0.00, 0.80, 0.00, 1.00, 0.65226, 0.50274, 0.65226, 0.50274, -0.89596, 0.31907, 0.29377, -11.21062, -78.36821, 122.10257
794, 217, -11.81736, -77.18401, 124.79749, 125.75589, 0.00, 0.80, 0.00, 1.00, 0.68234, 0.5018, 0.68234, 0.5018, -0.95389, 0.22288, -0.17684, -11.81736, -77.18401, 124.79749
795, 224, -11.81736, -77.18401, 124.79749, 125.75589, 0.00, 0.80, 0.00, 1.00, 0.72573, 0.49878, 0.72573, 0.49878, -0.51952, 0.2886, -0.79867, -11.81736, -77.18401, 124.79749
796, 235, -11.9655, -80.46037, 126.42178, 127.37965, 0.00, 0.80, 0.00, 1.00, 0.71007, 0.54633, 0.71007, 0.54633, -0.16416, 0.2168, -0.95677, -11.9655, -80.46037, 126.42178
797, 247, -10.4266, -80.95193, 125.51985, 126.47801, 0.00, 0.80, 0.00, 1.00, 0.72613, 0.54633, 0.72613, 0.54633, -0.54279, 0.14964, -0.82031, -10.4266, -80.95193, 125.51985
798, 235, -11.9655, -80.46037, 126.42178, 127.37965, 0.00, 0.80, 0.00, 1.00, 0.71007, 0.54633, 0.71007, 0.54633, -0.16416, 0.2168, -0.95677, -11.9655, -80.46037, 126.42178
799, 224, -11.81736, -77.18401, 124.79749, 125.75589, 0.00, 0.80, 0.00, 1.00, 0.72573, 0.49878, 0.72573, 0.49878, -0.51952, 0.2886, -0.79867, -11.81736, -77.18401, 124.79749
800, 221, -13.21519, -76.75616, 125.54671, 126.50486, 0.00, 0.80, 0.00, 1.00, 0.70022, 0.49868, 0.70022, 0.49868, -0.34375, 0.20208, -0.91148, -13.21519, -76.75616, 125.54671
801, 259, -25.96408, 24.67113, 114.68025, 115.64203, 0.00, 0.80, 0.00, 1.00, 0.33854, 0.04987, 0.33854, 0.04987, -0.65556, -0.17352, 0.73186, -25.96408, 24.67113, 114.68025
802, 260, -25.49026, 28.34896, 115.38164, 116.34319, 0.00, 0.80, 0.00, 1.00, 0.35388, 0.02254, 0.35388, 0.02254, -0.73813, 0.15975, 0.65254, -25.49026, 28.34896, 115.38164
803, 261, -24.72083, 27.63871, 116.16678, 117.12806, 0.00, 0.80, 0.00, 1.00, 0.36012, 0.04638, 0.36012, 0.04638, -0.75418, 0.13656, 0.63924, -24.72083, 27.63871, 116.16678
804, 262, -25.49026, 28.34896, 115.38164, 116.34319, 0.00, 0.80, 0.00, 1.00, 0.3538, 0.02288, 0.3538, 0.02288, -0.77795, 0.48563, 0.39504, -25.49026, 28.34896, 115.38164
805, 263, -25.77659, 31.6439, 117.02686, 117.98785, 0.00, 0.80, 0.00, 1.00, 0.40394, 0.00465, 0.40394, 0.00465, -0.72674, 0.67463, 0.11945, -25.77659, 31.6439, 117.02686
806, 264, -24.72083, 27.63871, 116.16678, 117.12806, 0.00, 0.80, 0.00, 1.00, 0.36004, 0.04671, 0.36004, 0.04671, -0.82178, 0.44851, 0.34691, -24.72083, 27.63871, 116.16678
807, 265, -28.41079, 20.82733, 117.13034, 118.0913, 0.00, 0.80, 0.00, 1.00, 0.32881, 0.12721, 0.32881, 0.12721, 0.41259, -0.57053, 0.70875, -28.41079, 20.82733, 117.13034
808, 266, -27.06336, 23.77164, 115.04629, 116.00793, 0.00, 0.80, 0.00, 1.00, 0.33048, 0.05465, 0.33048, 0.05465, -0.15186, -0.5683, 0.80603, -27.06336, 23.77164, 115.04629
809, 259, -25.96408, 24.67113, 114.68025, 115.64203, 0.00, 0.80, 0.00, 1.00, 0.33854, 0.04987, 0.33854, 0.04987, -0.65556, -0.17352, 0.73186, -25.96408, 24.67113, 114.68025
810, 265, -28.41079, 20.82733, 117.13034, 118.0913, 0.00, 0.80, 0.00, 1.00, 0.32881, 0.12721, 0.32881, 0.12721, 0.41259, -0.57053, 0.70875, -28.41079, 20.82733, 117.13034
811, 259, -25.96408, 24.67113, 114.68025, 115.64203, 0.00, 0.80, 0.00, 1.00, 0.33854, 0.04987, 0.33854, 0.04987, -0.65556, -0.17352, 0.73186, -25.96408, 24.67113, 114.68025
812, 267, -24.96649, 23.52261, 116.33839, 117.29961, 0.00, 0.80, 0.00, 1.00, 0.36494, 0.10422, 0.36494, 0.10422, -0.28234, -0.28098, 0.91591, -24.96649, 23.52261, 116.33839
813, 267, -24.96649, 23.52261, 116.33839, 117.29961, 0.00, 0.80, 0.00, 1.00, 0.36494, 0.10422, 0.36494, 0.10422, -0.28234, -0.28098, 0.91591, -24.96649, 23.52261, 116.33839
814, 259, -25.96408, 24.67113, 114.68025, 115.64203, 0.00, 0.80, 0.00, 1.00, 0.33854, 0.04987, 0.33854, 0.04987, -0.65556, -0.17352, 0.73186, -25.96408, 24.67113, 114.68025
815, 261, -24.72083, 27.63871, 116.16678, 117.12806, 0.00, 0.80, 0.00, 1.00, 0.36012, 0.04638, 0.36012, 0.04638, -0.75418, 0.13656, 0.63924, -24.72083, 27.63871, 116.16678
816, 264, -24.72083, 27.63871, 116.16678, 117.12806, 0.00, 0.80, 0.00, 1.00, 0.36004, 0.04671, 0.36004, 0.04671, -0.82178, 0.44851, 0.34691, -24.72083, 27.63871, 116.16678
817, 263, -25.77659, 31.6439, 117.02686, 117.98785, 0.00, 0.80, 0.00, 1.00, 0.40394, 0.00465, 0.40394, 0.00465, -0.72674, 0.67463, 0.11945, -25.77659, 31.6439, 117.02686
818, 268, -23.21027, 27.33044, 117.96687, 118.92755, 0.00, 0.80, 0.00, 1.00, 0.40507, 0.07599, 0.40507, 0.07599, -0.84989, 0.45952, 0.25442, -23.21027, 27.33044, 117.96687
819, 264, -24.72083, 27.63871, 116.16678, 117.12806, 0.00, 0.80, 0.00, 1.00, 0.36004, 0.04671, 0.36004, 0.04671, -0.82178, 0.44851, 0.34691, -24.72083, 27.63871, 116.16678
820, 268, -23.21027, 27.33044, 117.96687, 118.92755, 0.00, 0.80, 0.00, 1.00, 0.40507, 0.07599, 0.40507, 0.07599, -0.84989, 0.45952, 0.25442, -23.21027, 27.33044, 117.96687
821, 269, -24.96649, 23.52261, 116.33839, 117.29961, 0.00, 0.80, 0.00, 1.00, 0.36486, 0.10456, 0.36486, 0.10456, -0.68247, 0.12972, 0.71771, -24.96649, 23.52261, 116.33839
822, 268, -23.21027, 27.33044, 117.96687, 118.92755, 0.00, 0.80, 0.00, 1.00, 0.40507, 0.07599, 0.40507, 0.07599, -0.84989, 0.45952, 0.25442, -23.21027, 27.33044, 117.96687
823, 263, -25.77659, 31.6439, 117.02686, 117.98785, 0.00, 0.80, 0.00, 1.00, 0.40394, 0.00465, 0.40394, 0.00465, -0.72674, 0.67463, 0.11945, -25.77659, 31.6439, 117.02686
824, 270, -27.317, 32.00974, 118.07883, 119.03947, 0.00, 0.80, 0.00, 1.00, 0.42678, 0.00025, 0.42678, 0.00025, -0.16193, 0.7992, -0.57602, -27.317, 32.00974, 118.07883
825, 268, -23.21027, 27.33044, 117.96687, 118.92755, 0.00, 0.80, 0.00, 1.00, 0.40507, 0.07599, 0.40507, 0.07599, -0.84989, 0.45952, 0.25442, -23.21027, 27.33044, 117.96687
826, 270, -27.317, 32.00974, 118.07883, 119.03947, 0.00, 0.80, 0.00, 1.00, 0.42678, 0.00025, 0.42678, 0.00025, -0.16193, 0.7992, -0.57602, -27.317, 32.00974, 118.07883
827, 271, -25.78925, 29.09568, 120.90651, 121.86621, 0.00, 0.80, 0.00, 1.00, 0.43519, 0.06053, 0.43519, 0.06053, -0.39857, 0.59824, -0.69381, -25.78925, 29.09568, 120.90651
828, 271, -25.78925, 29.09568, 120.90651, 121.86621, 0.00, 0.80, 0.00, 1.00, 0.43519, 0.06053, 0.43519, 0.06053, -0.39857, 0.59824, -0.69381, -25.78925, 29.09568, 120.90651
829, 270, -27.317, 32.00974, 118.07883, 119.03947, 0.00, 0.80, 0.00, 1.00, 0.42678, 0.00025, 0.42678, 0.00025, -0.16193, 0.7992, -0.57602, -27.317, 32.00974, 118.07883
830, 272, -28.78273, 31.48282, 118.5608, 119.52128, 0.00, 0.80, 0.00, 1.00, 0.439, -0.00075, 0.439, -0.00075, 0.22802, 0.69895, -0.675, -28.78273, 31.48282, 118.5608
831, 273, -27.05358, 22.52889, 113.20353, 114.16579, 0.00, 0.80, 0.00, 1.00, 0.39733, 0.41452, 0.39733, 0.41452, -0.31065, -0.82316, 0.47203, -27.05358, 22.52889, 113.20353
832, 274, -26.53353, 27.33674, 111.3885, 112.35138, 0.00, 0.80, 0.00, 1.00, 0.4328, 0.34516, 0.4328, 0.34516, -0.61472, -0.21462, 0.756, -26.53353, 27.33674, 111.3885
833, 275, -25.68086, 24.27216, 113.61755, 114.57967, 0.00, 0.80, 0.00, 1.00, 0.42681, 0.41326, 0.42681, 0.41326, -0.87952, -0.45309, 0.13011, -25.68086, 24.27216, 113.61755
834, 276, -28.22013, 24.84362, 111.15288, 112.11582, 0.00, 0.80, 0.00, 1.00, 0.39649, 0.35562, 0.39649, 0.35562, -0.19342, -0.64115, 0.73988, -28.22013, 24.84362, 111.15288
835, 274, -26.53353, 27.33674, 111.3885, 112.35138, 0.00, 0.80, 0.00, 1.00, 0.4328, 0.34516, 0.4328, 0.34516, -0.61472, -0.21462, 0.756, -26.53353, 27.33674, 111.3885
836, 273, -27.05358, 22.52889, 113.20353, 114.16579, 0.00, 0.80, 0.00, 1.00, 0.39733, 0.41452, 0.39733, 0.41452, -0.31065, -0.82316, 0.47203, -27.05358, 22.52889, 113.20353
837, 277, -28.49407, 25.32079, 110.5704, 111.53355, 0.00, 0.80, 0.00, 1.00, 0.39738, 0.33798, 0.39738, 0.33798, -0.1112, -0.49389, 0.85981, -28.49407, 25.32079, 110.5704
838, 274, -26.53353, 27.33674, 111.3885, 112.35138, 0.00, 0.80, 0.00, 1.00, 0.4328, 0.34516, 0.4328, 0.34516, -0.61472, -0.21462, 0.756, -26.53353, 27.33674, 111.3885
839, 276, -28.22013, 24.84362, 111.15288, 112.11582, 0.00, 0.80, 0.00, 1.00, 0.39649, 0.35562, 0.39649, 0.35562, -0.19342, -0.64115, 0.73988, -28.22013, 24.84362, 111.15288
840, 277, -28.49407, 25.32079, 110.5704, 111.53355, 0.00, 0.80, 0.00, 1.00, 0.39738, 0.33798, 0.39738, 0.33798, -0.1112, -0.49389, 0.85981, -28.49407, 25.32079, 110.5704
841, 278, -28.93085, 26.45134, 110.2038, 111.16706, 0.00, 0.80, 0.00, 1.00, 0.39649, 0.31324, 0.39649, 0.31324, -0.01175, -0.30035, 0.9514, -28.93085, 26.45134, 110.2038
842, 274, -26.53353, 27.33674, 111.3885, 112.35138, 0.00, 0.80, 0.00, 1.00, 0.4328, 0.34516, 0.4328, 0.34516, -0.61472, -0.21462, 0.756, -26.53353, 27.33674, 111.3885
843, 274, -26.53353, 27.33674, 111.3885, 112.35138, 0.00, 0.80, 0.00, 1.00, 0.4328, 0.34516, 0.4328, 0.34516, -0.61472, -0.21462, 0.756, -26.53353, 27.33674, 111.3885
844, 278, -28.93085, 26.45134, 110.2038, 111.16706, 0.00, 0.80, 0.00, 1.00, 0.39649, 0.31324, 0.39649, 0.31324, -0.01175, -0.30035, 0.9514, -28.93085, 26.45134, 110.2038
845, 279, -27.04467, 28.89783, 110.7912, 111.75427, 0.00, 0.80, 0.00, 1.00, 0.43423, 0.31062, 0.43423, 0.31062, -0.49049, -0.08529, 0.8648, -27.04467, 28.89783, 110.7912
846, 280, -30.66836, 30.82578, 108.55859, 109.52241, 0.00, 0.80, 0.00, 1.00, 0.39567, 0.21373, 0.39567, 0.21373, 0.00773, -0.26065, 0.96309, -30.66836, 30.82578, 108.55859
847, 281, -29.15439, 32.74995, 109.22591, 110.18951, 0.00, 0.80, 0.00, 1.00, 0.42726, 0.21528, 0.42726, 0.21528, -0.4988, 0.16837, 0.84813, -29.15439, 32.74995, 109.22591
848, 282, -28.046, 29.98811, 109.78877, 110.75218, 0.00, 0.80, 0.00, 1.00, 0.42919, 0.25769, 0.42919, 0.25769, -0.49032, 0.07581, 0.86603, -28.046, 29.98811, 109.78877
849, 282, -28.046, 29.98811, 109.78877, 110.75218, 0.00, 0.80, 0.00, 1.00, 0.42919, 0.25769, 0.42919, 0.25769, -0.49032, 0.07581, 0.86603, -28.046, 29.98811, 109.78877
850, 283, -29.70714, 28.53158, 109.66, 110.62344, 0.00, 0.80, 0.00, 1.00, 0.39649, 0.25639, 0.39649, 0.25639, -0.05294, -0.38241, 0.92003, -29.70714, 28.53158, 109.66
851, 280, -30.66836, 30.82578, 108.55859, 109.52241, 0.00, 0.80, 0.00, 1.00, 0.39567, 0.21373, 0.39567, 0.21373, 0.00773, -0.26065, 0.96309, -30.66836, 30.82578, 108.55859
852, 284, -30.66836, 30.82578, 108.55859, 109.52241, 0.00, 0.80, 0.00, 1.00, 0.39618, 0.21377, 0.39618, 0.21377, 0.14603, 0.03846, 0.98656, -30.66836, 30.82578, 108.55859
853, 285, -31.52284, 33.45504, 108.4762, 109.44003, 0.00, 0.80, 0.00, 1.00, 0.42794, 0.21506, 0.42794, 0.21506, 0.29633, 0.40658, 0.86272, -31.52284, 33.45504, 108.4762
854, 286, -29.65142, 34.61401, 109.15659, 110.12021, 0.00, 0.80, 0.00, 1.00, 0.44333, 0.18059, 0.44333, 0.18059, -0.41504, 0.41869, 0.80625, -29.65142, 34.61401, 109.15659
855, 284, -30.66836, 30.82578, 108.55859, 109.52241, 0.00, 0.80, 0.00, 1.00, 0.39618, 0.21377, 0.39618, 0.21377, 0.14603, 0.03846, 0.98656, -30.66836, 30.82578, 108.55859
856, 286, -29.65142, 34.61401, 109.15659, 110.12021, 0.00, 0.80, 0.00, 1.00, 0.44333, 0.18059, 0.44333, 0.18059, -0.41504, 0.41869, 0.80625, -29.65142, 34.61401, 109.15659
857, 287, -29.15439, 32.74995, 109.22591, 110.18951, 0.00, 0.80, 0.00, 1.00, 0.42484, 0.18234, 0.42484, 0.18234, -0.44146, 0.25814, 0.85752, -29.15439, 32.74995, 109.22591
858, 288, -27.06336, 23.77164, 115.04629, 116.00793, 0.00, 0.80, 0.00, 1.00, 0.39905, 0.42646, 0.39905, 0.42646, -0.42552, -0.86768, -0.25455, -27.06336, 23.77164, 115.04629
859, 273, -27.05358, 22.52889, 113.20353, 114.16579, 0.00, 0.80, 0.00, 1.00, 0.39733, 0.41452, 0.39733, 0.41452, -0.31065, -0.82316, 0.47203, -27.05358, 22.52889, 113.20353
860, 275, -25.68086, 24.27216, 113.61755, 114.57967, 0.00, 0.80, 0.00, 1.00, 0.42681, 0.41326, 0.42681, 0.41326, -0.87952, -0.45309, 0.13011, -25.68086, 24.27216, 113.61755
861, 288, -27.06336, 23.77164, 115.04629, 116.00793, 0.00, 0.80, 0.00, 1.00, 0.39905, 0.42646, 0.39905, 0.42646, -0.42552, -0.86768, -0.25455, -27.06336, 23.77164, 115.04629
862, 275, -25.68086, 24.27216, 113.61755, 114.57967, 0.00, 0.80, 0.00, 1.00, 0.42681, 0.41326, 0.42681, 0.41326, -0.87952, -0.45309, 0.13011, -25.68086, 24.27216, 113.61755
863, 289, -25.96408, 24.67113, 114.68025, 115.64203, 0.00, 0.80, 0.00, 1.00, 0.41852, 0.42068, 0.41852, 0.42068, -0.78386, -0.56361, -0.25428, -25.96408, 24.67113, 114.68025
864, 289, -25.96408, 24.67113, 114.68025, 115.64203, 0.00, 0.80, 0.00, 1.00, 0.41852, 0.42068, 0.41852, 0.42068, -0.78386, -0.56361, -0.25428, -25.96408, 24.67113, 114.68025
865, 275, -25.68086, 24.27216, 113.61755, 114.57967, 0.00, 0.80, 0.00, 1.00, 0.42681, 0.41326, 0.42681, 0.41326, -0.87952, -0.45309, 0.13011, -25.68086, 24.27216, 113.61755
866, 290, -25.49026, 28.34896, 115.38164, 116.34319, 0.00, 0.80, 0.00, 1.00, 0.48682, 0.40128, 0.48682, 0.40128, -0.98361, -0.14261, -0.08661, -25.49026, 28.34896, 115.38164
867, 282, -28.046, 29.98811, 109.78877, 110.75218, 0.00, 0.80, 0.00, 1.00, 0.42919, 0.25769, 0.42919, 0.25769, -0.49032, 0.07581, 0.86603, -28.046, 29.98811, 109.78877
868, 281, -29.15439, 32.74995, 109.22591, 110.18951, 0.00, 0.80, 0.00, 1.00, 0.42726, 0.21528, 0.42726, 0.21528, -0.4988, 0.16837, 0.84813, -29.15439, 32.74995, 109.22591
869, 291, -27.98637, 33.71794, 110.06505, 111.02837, 0.00, 0.80, 0.00, 1.00, 0.45139, 0.227, 0.45139, 0.227, -0.57938, 0.20406, 0.7869, -27.98637, 33.71794, 110.06505
870, 282, -28.046, 29.98811, 109.78877, 110.75218, 0.00, 0.80, 0.00, 1.00, 0.42919, 0.25769, 0.42919, 0.25769, -0.49032, 0.07581, 0.86603, -28.046, 29.98811, 109.78877
871, 291, -27.98637, 33.71794, 110.06505, 111.02837, 0.00, 0.80, 0.00, 1.00, 0.45139, 0.227, 0.45139, 0.227, -0.57938, 0.20406, 0.7869, -27.98637, 33.71794, 110.06505
872, 292, -26.94922, 30.60091, 110.6207, 111.58383, 0.00, 0.80, 0.00, 1.00, 0.44396, 0.28677, 0.44396, 0.28677, -0.59525, 0.20067, 0.77583, -26.94922, 30.60091, 110.6207
873, 293, -27.04467, 28.89783, 110.7912, 111.75427, 0.00, 0.80, 0.00, 1.00, 0.43445, 0.31062, 0.43445, 0.31062, -0.62465, -0.01415, 0.77809, -27.04467, 28.89783, 110.7912
874, 294, -26.94922, 30.60091, 110.6207, 111.58383, 0.00, 0.80, 0.00, 1.00, 0.44418, 0.28677, 0.44418, 0.28677, -0.76399, 0.27689, 0.57977, -26.94922, 30.60091, 110.6207
875, 295, -26.10559, 30.019, 111.38242, 112.34529, 0.00, 0.80, 0.00, 1.00, 0.45208, 0.31432, 0.45208, 0.31432, -0.8351, 0.14553, 0.52667, -26.10559, 30.019, 111.38242
876, 296, -26.53353, 27.33674, 111.3885, 112.35138, 0.00, 0.80, 0.00, 1.00, 0.43301, 0.34516, 0.43301, 0.34516, -0.70539, -0.03588, 0.70486, -26.53353, 27.33674, 111.3885
877, 293, -27.04467, 28.89783, 110.7912, 111.75427, 0.00, 0.80, 0.00, 1.00, 0.43445, 0.31062, 0.43445, 0.31062, -0.62465, -0.01415, 0.77809, -27.04467, 28.89783, 110.7912
878, 295, -26.10559, 30.019, 111.38242, 112.34529, 0.00, 0.80, 0.00, 1.00, 0.45208, 0.31432, 0.45208, 0.31432, -0.8351, 0.14553, 0.52667, -26.10559, 30.019, 111.38242
879, 296, -26.53353, 27.33674, 111.3885, 112.35138, 0.00, 0.80, 0.00, 1.00, 0.43301, 0.34516, 0.43301, 0.34516, -0.70539, -0.03588, 0.70486, -26.53353, 27.33674, 111.3885
880, 295, -26.10559, 30.019, 111.38242, 112.34529, 0.00, 0.80, 0.00, 1.00, 0.45208, 0.31432, 0.45208, 0.31432, -0.8351, 0.14553, 0.52667, -26.10559, 30.019, 111.38242
881, 297, -25.80089, 28.40858, 112.09631, 113.05894, 0.00, 0.80, 0.00, 1.00, 0.44661, 0.34908, 0.44661, 0.34908, -0.96168, 0.05962, 0.25899, -25.80089, 28.40858, 112.09631
882, 275, -25.68086, 24.27216, 113.61755, 114.57967, 0.00, 0.80, 0.00, 1.00, 0.42681, 0.41326, 0.42681, 0.41326, -0.87952, -0.45309, 0.13011, -25.68086, 24.27216, 113.61755
883, 274, -26.53353, 27.33674, 111.3885, 112.35138, 0.00, 0.80, 0.00, 1.00, 0.4328, 0.34516, 0.4328, 0.34516, -0.61472, -0.21462, 0.756, -26.53353, 27.33674, 111.3885
884, 298, -25.80089, 28.40858, 112.09631, 113.05894, 0.00, 0.80, 0.00, 1.00, 0.44639, 0.34908, 0.44639, 0.34908, -0.93333, -0.07363, 0.34471, -25.80089, 28.40858, 112.09631
885, 275, -25.68086, 24.27216, 113.61755, 114.57967, 0.00, 0.80, 0.00, 1.00, 0.42681, 0.41326, 0.42681, 0.41326, -0.87952, -0.45309, 0.13011, -25.68086, 24.27216, 113.61755
886, 298, -25.80089, 28.40858, 112.09631, 113.05894, 0.00, 0.80, 0.00, 1.00, 0.44639, 0.34908, 0.44639, 0.34908, -0.93333, -0.07363, 0.34471, -25.80089, 28.40858, 112.09631
887, 290, -25.49026, 28.34896, 115.38164, 116.34319, 0.00, 0.80, 0.00, 1.00, 0.48682, 0.40128, 0.48682, 0.40128, -0.98361, -0.14261, -0.08661, -25.49026, 28.34896, 115.38164
888, 297, -25.80089, 28.40858, 112.09631, 113.05894, 0.00, 0.80, 0.00, 1.00, 0.44661, 0.34908, 0.44661, 0.34908, -0.96168, 0.05962, 0.25899, -25.80089, 28.40858, 112.09631
889, 295, -26.10559, 30.019, 111.38242, 112.34529, 0.00, 0.80, 0.00, 1.00, 0.45208, 0.31432, 0.45208, 0.31432, -0.8351, 0.14553, 0.52667, -26.10559, 30.019, 111.38242
890, 299, -26.0445, 32.60109, 113.66201, 114.62412, 0.00, 0.80, 0.00, 1.00, 0.51159, 0.31455, 0.51159, 0.31455, -0.96681, 0.23044, 0.08857, -26.0445, 32.60109, 113.66201
891, 297, -25.80089, 28.40858, 112.09631, 113.05894, 0.00, 0.80, 0.00, 1.00, 0.44661, 0.34908, 0.44661, 0.34908, -0.96168, 0.05962, 0.25899, -25.80089, 28.40858, 112.09631
892, 300, -25.40168, 29.88776, 115.17311, 116.13472, 0.00, 0.80, 0.00, 1.00, 0.51356, 0.37896, 0.51356, 0.37896, -0.99072, 0.11773, 0.00095, -25.40168, 29.88776, 115.17311
893, 301, -25.49026, 28.34896, 115.38164, 116.34319, 0.00, 0.80, 0.00, 1.00, 0.48703, 0.40128, 0.48703, 0.40128, -0.99358, -0.07415, -0.05076, -25.49026, 28.34896, 115.38164
894, 300, -25.40168, 29.88776, 115.17311, 116.13472, 0.00, 0.80, 0.00, 1.00, 0.51356, 0.37896, 0.51356, 0.37896, -0.99072, 0.11773, 0.00095, -25.40168, 29.88776, 115.17311
895, 297, -25.80089, 28.40858, 112.09631, 113.05894, 0.00, 0.80, 0.00, 1.00, 0.44661, 0.34908, 0.44661, 0.34908, -0.96168, 0.05962, 0.25899, -25.80089, 28.40858, 112.09631
896, 299, -26.0445, 32.60109, 113.66201, 114.62412, 0.00, 0.80, 0.00, 1.00, 0.51159, 0.31455, 0.51159, 0.31455, -0.96681, 0.23044, 0.08857, -26.0445, 32.60109, 113.66201
897, 295, -26.10559, 30.019, 111.38242, 112.34529, 0.00, 0.80, 0.00, 1.00, 0.45208, 0.31432, 0.45208, 0.31432, -0.8351, 0.14553, 0.52667, -26.10559, 30.019, 111.38242
898, 294, -26.94922, 30.60091, 110.6207, 111.58383, 0.00, 0.80, 0.00, 1.00, 0.44418, 0.28677, 0.44418, 0.28677, -0.76399, 0.27689, 0.57977, -26.94922, 30.60091, 110.6207
899, 302, -26.40299, 33.72904, 112.91336, 113.87572, 0.00, 0.80, 0.00, 1.00, 0.50903, 0.28505, 0.50903, 0.28505, -0.87842, 0.37621, 0.28853, -26.40299, 33.72904, 112.91336
900, 295, -26.10559, 30.019, 111.38242, 112.34529, 0.00, 0.80, 0.00, 1.00, 0.45208, 0.31432, 0.45208, 0.31432, -0.8351, 0.14553, 0.52667, -26.10559, 30.019, 111.38242
901, 302, -26.40299, 33.72904, 112.91336, 113.87572, 0.00, 0.80, 0.00, 1.00, 0.50903, 0.28505, 0.50903, 0.28505, -0.87842, 0.37621, 0.28853, -26.40299, 33.72904, 112.91336
902, 299, -26.0445, 32.60109, 113.66201, 114.62412, 0.00, 0.80, 0.00, 1.00, 0.51159, 0.31455, 0.51159, 0.31455, -0.96681, 0.23044, 0.08857, -26.0445, 32.60109, 113.66201
903, 302, -26.40299, 33.72904, 112.91336, 113.87572, 0.00, 0.80, 0.00, 1.00, 0.50903, 0.28505, 0.50903, 0.28505, -0.87842, 0.37621, 0.28853, -26.40299, 33.72904, 112.91336
904, 294, -26.94922, 30.60091, 110.6207, 111.58383, 0.00, 0.80, 0.00, 1.00, 0.44418, 0.28677, 0.44418, 0.28677, -0.76399, 0.27689, 0.57977, -26.94922, 30.60091, 110.6207
905, 303, -27.98637, 33.71794, 110.06505, 111.02837, 0.00, 0.80, 0.00, 1.00, 0.45161, 0.227, 0.45161, 0.227, -0.85161, 0.31535, 0.41435, -27.98637, 33.71794, 110.06505
906, 302, -26.40299, 33.72904, 112.91336, 113.87572, 0.00, 0.80, 0.00, 1.00, 0.50903, 0.28505, 0.50903, 0.28505, -0.87842, 0.37621, 0.28853, -26.40299, 33.72904, 112.91336
907, 303, -27.98637, 33.71794, 110.06505, 111.02837, 0.00, 0.80, 0.00, 1.00, 0.45161, 0.227, 0.45161, 0.227, -0.85161, 0.31535, 0.41435, -27.98637, 33.71794, 110.06505
908, 304, -27.49109, 35.80087, 111.67132, 112.63409, 0.00, 0.80, 0.00, 1.00, 0.50946, 0.22644, 0.50946, 0.22644, -0.87585, 0.38229, 0.28838, -27.49109, 35.80087, 111.67132
909, 305, -27.98637, 33.71794, 110.06505, 111.02837, 0.00, 0.80, 0.00, 1.00, 0.44778, 0.16183, 0.44778, 0.16183, -0.59261, 0.46129, 0.65845, -27.98637, 33.71794, 110.06505
910, 287, -29.15439, 32.74995, 109.22591, 110.18951, 0.00, 0.80, 0.00, 1.00, 0.42484, 0.18234, 0.42484, 0.18234, -0.44146, 0.25814, 0.85752, -29.15439, 32.74995, 109.22591
911, 286, -29.65142, 34.61401, 109.15659, 110.12021, 0.00, 0.80, 0.00, 1.00, 0.44333, 0.18059, 0.44333, 0.18059, -0.41504, 0.41869, 0.80625, -29.65142, 34.61401, 109.15659
912, 305, -27.98637, 33.71794, 110.06505, 111.02837, 0.00, 0.80, 0.00, 1.00, 0.44778, 0.16183, 0.44778, 0.16183, -0.59261, 0.46129, 0.65845, -27.98637, 33.71794, 110.06505
913, 286, -29.65142, 34.61401, 109.15659, 110.12021, 0.00, 0.80, 0.00, 1.00, 0.44333, 0.18059, 0.44333, 0.18059, -0.41504, 0.41869, 0.80625, -29.65142, 34.61401, 109.15659
914, 306, -28.85602, 36.88035, 110.81102, 111.77408, 0.00, 0.80, 0.00, 1.00, 0.49524, 0.16213, 0.49524, 0.16213, -0.48883, 0.71264, 0.50188, -28.85602, 36.88035, 110.81102
915, 305, -27.98637, 33.71794, 110.06505, 111.02837, 0.00, 0.80, 0.00, 1.00, 0.44778, 0.16183, 0.44778, 0.16183, -0.59261, 0.46129, 0.65845, -27.98637, 33.71794, 110.06505
916, 306, -28.85602, 36.88035, 110.81102, 111.77408, 0.00, 0.80, 0.00, 1.00, 0.49524, 0.16213, 0.49524, 0.16213, -0.48883, 0.71264, 0.50188, -28.85602, 36.88035, 110.81102
917, 307, -27.49109, 35.80087, 111.67132, 112.63409, 0.00, 0.80, 0.00, 1.00, 0.49757, 0.14886, 0.49757, 0.14886, -0.65077, 0.65063, 0.38884, -27.49109, 35.80087, 111.67132
918, 285, -31.52284, 33.45504, 108.4762, 109.44003, 0.00, 0.80, 0.00, 1.00, 0.42794, 0.21506, 0.42794, 0.21506, 0.29633, 0.40658, 0.86272, -31.52284, 33.45504, 108.4762
919, 308, -31.925, 35.66925, 109.92249, 110.88584, 0.00, 0.80, 0.00, 1.00, 0.45335, 0.2274, 0.45335, 0.2274, 0.40384, 0.73734, 0.54023, -31.925, 35.66925, 109.92249
920, 309, -30.22911, 36.22595, 109.55655, 110.52003, 0.00, 0.80, 0.00, 1.00, 0.46816, 0.18293, 0.46816, 0.18293, -0.00433, 0.79247, 0.60942, -30.22911, 36.22595, 109.55655
921, 285, -31.52284, 33.45504, 108.4762, 109.44003, 0.00, 0.80, 0.00, 1.00, 0.42794, 0.21506, 0.42794, 0.21506, 0.29633, 0.40658, 0.86272, -31.52284, 33.45504, 108.4762
922, 309, -30.22911, 36.22595, 109.55655, 110.52003, 0.00, 0.80, 0.00, 1.00, 0.46816, 0.18293, 0.46816, 0.18293, -0.00433, 0.79247, 0.60942, -30.22911, 36.22595, 109.55655
923, 286, -29.65142, 34.61401, 109.15659, 110.12021, 0.00, 0.80, 0.00, 1.00, 0.44333, 0.18059, 0.44333, 0.18059, -0.41504, 0.41869, 0.80625, -29.65142, 34.61401, 109.15659
924, 286, -29.65142, 34.61401, 109.15659, 110.12021, 0.00, 0.80, 0.00, 1.00, 0.44333, 0.18059, 0.44333, 0.18059, -0.41504, 0.41869, 0.80625, -29.65142, 34.61401, 109.15659
925, 309, -30.22911, 36.22595, 109.55655, 110.52003, 0.00, 0.80, 0.00, 1.00, 0.46816, 0.18293, 0.46816, 0.18293, -0.00433, 0.79247, 0.60942, -30.22911, 36.22595, 109.55655
926, 306, -28.85602, 36.88035, 110.81102, 111.77408, 0.00, 0.80, 0.00, 1.00, 0.49524, 0.16213, 0.49524, 0.16213, -0.48883, 0.71264, 0.50188, -28.85602, 36.88035, 110.81102
927, 309, -30.22911, 36.22595, 109.55655, 110.52003, 0.00, 0.80, 0.00, 1.00, 0.46816, 0.18293, 0.46816, 0.18293, -0.00433, 0.79247, 0.60942, -30.22911, 36.22595, 109.55655
928, 310, -32.2331, 38.38479, 112.58002, 113.54249, 0.00, 0.80, 0.00, 1.00, 0.55016, 0.22415, 0.55016, 0.22415, 0.42547, 0.86407, 0.26664, -32.2331, 38.38479, 112.58002
929, 311, -30.38081, 39.03098, 112.43416, 113.39668, 0.00, 0.80, 0.00, 1.00, 0.55016, 0.18074, 0.55016, 0.18074, 0.01782, 0.98761, 0.15449, -30.38081, 39.03098, 112.43416
930, 309, -30.22911, 36.22595, 109.55655, 110.52003, 0.00, 0.80, 0.00, 1.00, 0.46816, 0.18293, 0.46816, 0.18293, -0.00433, 0.79247, 0.60942, -30.22911, 36.22595, 109.55655
931, 308, -31.925, 35.66925, 109.92249, 110.88584, 0.00, 0.80, 0.00, 1.00, 0.45335, 0.2274, 0.45335, 0.2274, 0.40384, 0.73734, 0.54023, -31.925, 35.66925, 109.92249
932, 310, -32.2331, 38.38479, 112.58002, 113.54249, 0.00, 0.80, 0.00, 1.00, 0.55016, 0.22415, 0.55016, 0.22415, 0.42547, 0.86407, 0.26664, -32.2331, 38.38479, 112.58002
933, 306, -28.85602, 36.88035, 110.81102, 111.77408, 0.00, 0.80, 0.00, 1.00, 0.49524, 0.16213, 0.49524, 0.16213, -0.48883, 0.71264, 0.50188, -28.85602, 36.88035, 110.81102
934, 309, -30.22911, 36.22595, 109.55655, 110.52003, 0.00, 0.80, 0.00, 1.00, 0.46816, 0.18293, 0.46816, 0.18293, -0.00433, 0.79247, 0.60942, -30.22911, 36.22595, 109.55655
935, 311, -30.38081, 39.03098, 112.43416, 113.39668, 0.00, 0.80, 0.00, 1.00, 0.55016, 0.18074, 0.55016, 0.18074, 0.01782, 0.98761, 0.15449, -30.38081, 39.03098, 112.43416
936, 306, -28.85602, 36.88035, 110.81102, 111.77408, 0.00, 0.80, 0.00, 1.00, 0.49524, 0.16213, 0.49524, 0.16213, -0.48883, 0.71264, 0.50188, -28.85602, 36.88035, 110.81102
937, 311, -30.38081, 39.03098, 112.43416, 113.39668, 0.00, 0.80, 0.00, 1.00, 0.55016, 0.18074, 0.55016, 0.18074, 0.01782, 0.98761, 0.15449, -30.38081, 39.03098, 112.43416
938, 312, -28.99347, 38.81448, 112.76398, 113.72639, 0.00, 0.80, 0.00, 1.00, 0.55127, 0.16103, 0.55127, 0.16103, -0.42415, 0.90462, -0.01879, -28.99347, 38.81448, 112.76398
939, 306, -28.85602, 36.88035, 110.81102, 111.77408, 0.00, 0.80, 0.00, 1.00, 0.49524, 0.16213, 0.49524, 0.16213, -0.48883, 0.71264, 0.50188, -28.85602, 36.88035, 110.81102
940, 312, -28.99347, 38.81448, 112.76398, 113.72639, 0.00, 0.80, 0.00, 1.00, 0.55127, 0.16103, 0.55127, 0.16103, -0.42415, 0.90462, -0.01879, -28.99347, 38.81448, 112.76398
941, 307, -27.49109, 35.80087, 111.67132, 112.63409, 0.00, 0.80, 0.00, 1.00, 0.49757, 0.14886, 0.49757, 0.14886, -0.65077, 0.65063, 0.38884, -27.49109, 35.80087, 111.67132
942, 307, -27.49109, 35.80087, 111.67132, 112.63409, 0.00, 0.80, 0.00, 1.00, 0.49757, 0.14886, 0.49757, 0.14886, -0.65077, 0.65063, 0.38884, -27.49109, 35.80087, 111.67132
943, 312, -28.99347, 38.81448, 112.76398, 113.72639, 0.00, 0.80, 0.00, 1.00, 0.55127, 0.16103, 0.55127, 0.16103, -0.42415, 0.90462, -0.01879, -28.99347, 38.81448, 112.76398
944, 313, -27.773, 37.82154, 113.43626, 114.39845, 0.00, 0.80, 0.00, 1.00, 0.55127, 0.14899, 0.55127, 0.14899, -0.53709, 0.83728, -0.09221, -27.773, 37.82154, 113.43626
945, 302, -26.40299, 33.72904, 112.91336, 113.87572, 0.00, 0.80, 0.00, 1.00, 0.50903, 0.28505, 0.50903, 0.28505, -0.87842, 0.37621, 0.28853, -26.40299, 33.72904, 112.91336
946, 304, -27.49109, 35.80087, 111.67132, 112.63409, 0.00, 0.80, 0.00, 1.00, 0.50946, 0.22644, 0.50946, 0.22644, -0.87585, 0.38229, 0.28838, -27.49109, 35.80087, 111.67132
947, 314, -27.773, 37.82154, 113.43626, 114.39845, 0.00, 0.80, 0.00, 1.00, 0.55034, 0.22487, 0.55034, 0.22487, -0.79524, 0.59866, -0.0771, -27.773, 37.82154, 113.43626
948, 302, -26.40299, 33.72904, 112.91336, 113.87572, 0.00, 0.80, 0.00, 1.00, 0.50903, 0.28505, 0.50903, 0.28505, -0.87842, 0.37621, 0.28853, -26.40299, 33.72904, 112.91336
949, 314, -27.773, 37.82154, 113.43626, 114.39845, 0.00, 0.80, 0.00, 1.00, 0.55034, 0.22487, 0.55034, 0.22487, -0.79524, 0.59866, -0.0771, -27.773, 37.82154, 113.43626
950, 315, -26.54383, 35.84458, 114.64246, 115.60424, 0.00, 0.80, 0.00, 1.00, 0.54659, 0.28123, 0.54659, 0.28123, -0.79862, 0.53457, -0.26951, -26.54383, 35.84458, 114.64246
951, 299, -26.0445, 32.60109, 113.66201, 114.62412, 0.00, 0.80, 0.00, 1.00, 0.51159, 0.31455, 0.51159, 0.31455, -0.96681, 0.23044, 0.08857, -26.0445, 32.60109, 113.66201
952, 302, -26.40299, 33.72904, 112.91336, 113.87572, 0.00, 0.80, 0.00, 1.00, 0.50903, 0.28505, 0.50903, 0.28505, -0.87842, 0.37621, 0.28853, -26.40299, 33.72904, 112.91336
953, 315, -26.54383, 35.84458, 114.64246, 115.60424, 0.00, 0.80, 0.00, 1.00, 0.54659, 0.28123, 0.54659, 0.28123, -0.79862, 0.53457, -0.26951, -26.54383, 35.84458, 114.64246
954, 299, -26.0445, 32.60109, 113.66201, 114.62412, 0.00, 0.80, 0.00, 1.00, 0.51159, 0.31455, 0.51159, 0.31455, -0.96681, 0.23044, 0.08857, -26.0445, 32.60109, 113.66201
955, 315, -26.54383, 35.84458, 114.64246, 115.60424, 0.00, 0.80, 0.00, 1.00, 0.54659, 0.28123, 0.54659, 0.28123, -0.79862, 0.53457, -0.26951, -26.54383, 35.84458, 114.64246
956, 316, -26.30908, 34.34924, 115.47822, 116.43973, 0.00, 0.80, 0.00, 1.00, 0.55114, 0.31553, 0.55114, 0.31553, -0.85295, 0.40513, -0.32259, -26.30908, 34.34924, 115.47822
957, 300, -25.40168, 29.88776, 115.17311, 116.13472, 0.00, 0.80, 0.00, 1.00, 0.51356, 0.37896, 0.51356, 0.37896, -0.99072, 0.11773, 0.00095, -25.40168, 29.88776, 115.17311
958, 299, -26.0445, 32.60109, 113.66201, 114.62412, 0.00, 0.80, 0.00, 1.00, 0.51159, 0.31455, 0.51159, 0.31455, -0.96681, 0.23044, 0.08857, -26.0445, 32.60109, 113.66201
959, 316, -26.30908, 34.34924, 115.47822, 116.43973, 0.00, 0.80, 0.00, 1.00, 0.55114, 0.31553, 0.55114, 0.31553, -0.85295, 0.40513, -0.32259, -26.30908, 34.34924, 115.47822
960, 300, -25.40168, 29.88776, 115.17311, 116.13472, 0.00, 0.80, 0.00, 1.00, 0.51356, 0.37896, 0.51356, 0.37896, -0.99072, 0.11773, 0.00095, -25.40168, 29.88776, 115.17311
961, 316, -26.30908, 34.34924, 115.47822, 116.43973, 0.00, 0.80, 0.00, 1.00, 0.55114, 0.31553, 0.55114, 0.31553, -0.85295, 0.40513, -0.32259, -26.30908, 34.34924, 115.47822
962, 317, -25.77659, 31.6439, 117.02686, 117.98785, 0.00, 0.80, 0.00, 1.00, 0.5597, 0.37925, 0.5597, 0.37925, -0.85915, 0.27718, -0.4248, -25.77659, 31.6439, 117.02686
963, 301, -25.49026, 28.34896, 115.38164, 116.34319, 0.00, 0.80, 0.00, 1.00, 0.48703, 0.40128, 0.48703, 0.40128, -0.99358, -0.07415, -0.05076, -25.49026, 28.34896, 115.38164
964, 300, -25.40168, 29.88776, 115.17311, 116.13472, 0.00, 0.80, 0.00, 1.00, 0.51356, 0.37896, 0.51356, 0.37896, -0.99072, 0.11773, 0.00095, -25.40168, 29.88776, 115.17311
965, 317, -25.77659, 31.6439, 117.02686, 117.98785, 0.00, 0.80, 0.00, 1.00, 0.5597, 0.37925, 0.5597, 0.37925, -0.85915, 0.27718, -0.4248, -25.77659, 31.6439, 117.02686
966, 312, -28.99347, 38.81448, 112.76398, 113.72639, 0.00, 0.80, 0.00, 1.00, 0.55127, 0.16103, 0.55127, 0.16103, -0.42415, 0.90462, -0.01879, -28.99347, 38.81448, 112.76398
967, 311, -30.38081, 39.03098, 112.43416, 113.39668, 0.00, 0.80, 0.00, 1.00, 0.55016, 0.18074, 0.55016, 0.18074, 0.01782, 0.98761, 0.15449, -30.38081, 39.03098, 112.43416
968, 318, -30.44185, 39.02296, 113.69731, 114.65942, 0.00, 0.80, 0.00, 1.00, 0.579, 0.18414, 0.579, 0.18414, -0.07649, 0.9141, -0.39525, -30.44185, 39.02296, 113.69731
969, 313, -27.773, 37.82154, 113.43626, 114.39845, 0.00, 0.80, 0.00, 1.00, 0.55127, 0.14899, 0.55127, 0.14899, -0.53709, 0.83728, -0.09221, -27.773, 37.82154, 113.43626
970, 312, -28.99347, 38.81448, 112.76398, 113.72639, 0.00, 0.80, 0.00, 1.00, 0.55127, 0.16103, 0.55127, 0.16103, -0.42415, 0.90462, -0.01879, -28.99347, 38.81448, 112.76398
971, 319, -29.53163, 37.97012, 114.78564, 115.74738, 0.00, 0.80, 0.00, 1.00, 0.60997, 0.17511, 0.60997, 0.17511, -0.19245, 0.80084, -0.56427, -29.53163, 37.97012, 114.78564
972, 319, -29.53163, 37.97012, 114.78564, 115.74738, 0.00, 0.80, 0.00, 1.00, 0.60997, 0.17511, 0.60997, 0.17511, -0.19245, 0.80084, -0.56427, -29.53163, 37.97012, 114.78564
973, 312, -28.99347, 38.81448, 112.76398, 113.72639, 0.00, 0.80, 0.00, 1.00, 0.55127, 0.16103, 0.55127, 0.16103, -0.42415, 0.90462, -0.01879, -28.99347, 38.81448, 112.76398
974, 318, -30.44185, 39.02296, 113.69731, 114.65942, 0.00, 0.80, 0.00, 1.00, 0.579, 0.18414, 0.579, 0.18414, -0.07649, 0.9141, -0.39525, -30.44185, 39.02296, 113.69731
975, 315, -26.54383, 35.84458, 114.64246, 115.60424, 0.00, 0.80, 0.00, 1.00, 0.54659, 0.28123, 0.54659, 0.28123, -0.79862, 0.53457, -0.26951, -26.54383, 35.84458, 114.64246
976, 314, -27.773, 37.82154, 113.43626, 114.39845, 0.00, 0.80, 0.00, 1.00, 0.55034, 0.22487, 0.55034, 0.22487, -0.79524, 0.59866, -0.0771, -27.773, 37.82154, 113.43626
977, 320, -29.53163, 37.97012, 114.78564, 115.74738, 0.00, 0.80, 0.00, 1.00, 0.58419, 0.22272, 0.58419, 0.22272, -0.2989, 0.68278, -0.66382, -29.53163, 37.97012, 114.78564
978, 315, -26.54383, 35.84458, 114.64246, 115.60424, 0.00, 0.80, 0.00, 1.00, 0.54659, 0.28123, 0.54659, 0.28123, -0.79862, 0.53457, -0.26951, -26.54383, 35.84458, 114.64246
979, 320, -29.53163, 37.97012, 114.78564, 115.74738, 0.00, 0.80, 0.00, 1.00, 0.58419, 0.22272, 0.58419, 0.22272, -0.2989, 0.68278, -0.66382, -29.53163, 37.97012, 114.78564
980, 321, -28.32479, 36.18842, 116.18204, 117.14331, 0.00, 0.80, 0.00, 1.00, 0.58059, 0.27908, 0.58059, 0.27908, -0.35967, 0.58447, -0.72448, -28.32479, 36.18842, 116.18204
981, 316, -26.30908, 34.34924, 115.47822, 116.43973, 0.00, 0.80, 0.00, 1.00, 0.55114, 0.31553, 0.55114, 0.31553, -0.85295, 0.40513, -0.32259, -26.30908, 34.34924, 115.47822
982, 315, -26.54383, 35.84458, 114.64246, 115.60424, 0.00, 0.80, 0.00, 1.00, 0.54659, 0.28123, 0.54659, 0.28123, -0.79862, 0.53457, -0.26951, -26.54383, 35.84458, 114.64246
983, 321, -28.32479, 36.18842, 116.18204, 117.14331, 0.00, 0.80, 0.00, 1.00, 0.58059, 0.27908, 0.58059, 0.27908, -0.35967, 0.58447, -0.72448, -28.32479, 36.18842, 116.18204
984, 316, -26.30908, 34.34924, 115.47822, 116.43973, 0.00, 0.80, 0.00, 1.00, 0.55114, 0.31553, 0.55114, 0.31553, -0.85295, 0.40513, -0.32259, -26.30908, 34.34924, 115.47822
985, 321, -28.32479, 36.18842, 116.18204, 117.14331, 0.00, 0.80, 0.00, 1.00, 0.58059, 0.27908, 0.58059, 0.27908, -0.35967, 0.58447, -0.72448, -28.32479, 36.18842, 116.18204
986, 322, -27.58135, 34.74126, 116.86871, 117.82976, 0.00, 0.80, 0.00, 1.00, 0.57904, 0.31584, 0.57904, 0.31584, -0.44922, 0.4793, -0.75105, -27.58135, 34.74126, 116.86871
987, 317, -25.77659, 31.6439, 117.02686, 117.98785, 0.00, 0.80, 0.00, 1.00, 0.5597, 0.37925, 0.5597, 0.37925, -0.85915, 0.27718, -0.4248, -25.77659, 31.6439, 117.02686
988, 316, -26.30908, 34.34924, 115.47822, 116.43973, 0.00, 0.80, 0.00, 1.00, 0.55114, 0.31553, 0.55114, 0.31553, -0.85295, 0.40513, -0.32259, -26.30908, 34.34924, 115.47822
989, 322, -27.58135, 34.74126, 116.86871, 117.82976, 0.00, 0.80, 0.00, 1.00, 0.57904, 0.31584, 0.57904, 0.31584, -0.44922, 0.4793, -0.75105, -27.58135, 34.74126, 116.86871
990, 317, -25.77659, 31.6439, 117.02686, 117.98785, 0.00, 0.80, 0.00, 1.00, 0.5597, 0.37925, 0.5597, 0.37925, -0.85915, 0.27718, -0.4248, -25.77659, 31.6439, 117.02686
991, 322, -27.58135, 34.74126, 116.86871, 117.82976, 0.00, 0.80, 0.00, 1.00, 0.57904, 0.31584, 0.57904, 0.31584, -0.44922, 0.4793, -0.75105, -27.58135, 34.74126, 116.86871
992, 323, -27.317, 32.00974, 118.07883, 119.03947, 0.00, 0.80, 0.00, 1.00, 0.5884, 0.37215, 0.5884, 0.37215, -0.30237, 0.37477, -0.87384, -27.317, 32.00974, 118.07883
993, 324, -29.70621, 33.83234, 117.72368, 118.68444, 0.00, 0.80, 0.00, 1.00, 0.60972, 0.31473, 0.60972, 0.31473, 0.02674, 0.33052, -0.94103, -29.70621, 33.83234, 117.72368
994, 323, -27.317, 32.00974, 118.07883, 119.03947, 0.00, 0.80, 0.00, 1.00, 0.5884, 0.37215, 0.5884, 0.37215, -0.30237, 0.37477, -0.87384, -27.317, 32.00974, 118.07883
995, 322, -27.58135, 34.74126, 116.86871, 117.82976, 0.00, 0.80, 0.00, 1.00, 0.57904, 0.31584, 0.57904, 0.31584, -0.44922, 0.4793, -0.75105, -27.58135, 34.74126, 116.86871
996, 323, -27.317, 32.00974, 118.07883, 119.03947, 0.00, 0.80, 0.00, 1.00, 0.5884, 0.37215, 0.5884, 0.37215, -0.30237, 0.37477, -0.87384, -27.317, 32.00974, 118.07883
997, 324, -29.70621, 33.83234, 117.72368, 118.68444, 0.00, 0.80, 0.00, 1.00, 0.60972, 0.31473, 0.60972, 0.31473, 0.02674, 0.33052, -0.94103, -29.70621, 33.83234, 117.72368
998, 325, -28.78273, 31.48282, 118.5608, 119.52128, 0.00, 0.80, 0.00, 1.00, 0.61158, 0.36739, 0.61158, 0.36739, 0.00367, 0.28396, -0.95649, -28.78273, 31.48282, 118.5608
999, 324, -29.70621, 33.83234, 117.72368, 118.68444, 0.00, 0.80, 0.00, 1.00, 0.60972, 0.31473, 0.60972, 0.31473, 0.02674, 0.33052, -0.94103, -29.70621, 33.83234, 117.72368
1000, 322, -27.58135, 34.74126, 116.86871, 117.82976, 0.00, 0.80, 0.00, 1.00, 0.57904, 0.31584, 0.57904, 0.31584, -0.44922, 0.4793, -0.75105, -27.58135, 34.74126, 116.86871
1001, 321, -28.32479, 36.18842, 116.18204, 117.14331, 0.00, 0.80, 0.00, 1.00, 0.58059, 0.27908, 0.58059, 0.27908, -0.35967, 0.58447, -0.72448, -28.32479, 36.18842, 116.18204
1002, 324, -29.70621, 33.83234, 117.72368, 118.68444, 0.00, 0.80, 0.00, 1.00, 0.60972, 0.31473, 0.60972, 0.31473, 0.02674, 0.33052, -0.94103, -29.70621, 33.83234, 117.72368
1003, 321, -28.32479, 36.18842, 116.18204, 117.14331, 0.00, 0.80, 0.00, 1.00, 0.58059, 0.27908, 0.58059, 0.27908, -0.35967, 0.58447, -0.72448, -28.32479, 36.18842, 116.18204
1004, 326, -30.46832, 35.70106, 116.92601, 117.88703, 0.00, 0.80, 0.00, 1.00, 0.60881, 0.27062, 0.60881, 0.27062, 0.10067, 0.47414, -0.87213, -30.46832, 35.70106, 116.92601
1005, 326, -30.46832, 35.70106, 116.92601, 117.88703, 0.00, 0.80, 0.00, 1.00, 0.60881, 0.27062, 0.60881, 0.27062, 0.10067, 0.47414, -0.87213, -30.46832, 35.70106, 116.92601
1006, 321, -28.32479, 36.18842, 116.18204, 117.14331, 0.00, 0.80, 0.00, 1.00, 0.58059, 0.27908, 0.58059, 0.27908, -0.35967, 0.58447, -0.72448, -28.32479, 36.18842, 116.18204
1007, 320, -29.53163, 37.97012, 114.78564, 115.74738, 0.00, 0.80, 0.00, 1.00, 0.58419, 0.22272, 0.58419, 0.22272, -0.2989, 0.68278, -0.66382, -29.53163, 37.97012, 114.78564
1008, 326, -30.46832, 35.70106, 116.92601, 117.88703, 0.00, 0.80, 0.00, 1.00, 0.60881, 0.27062, 0.60881, 0.27062, 0.10067, 0.47414, -0.87213, -30.46832, 35.70106, 116.92601
1009, 320, -29.53163, 37.97012, 114.78564, 115.74738, 0.00, 0.80, 0.00, 1.00, 0.58419, 0.22272, 0.58419, 0.22272, -0.2989, 0.68278, -0.66382, -29.53163, 37.97012, 114.78564
1010, 327, -31.37968, 37.6758, 115.57697, 116.53844, 0.00, 0.80, 0.00, 1.00, 0.60935, 0.21549, 0.60935, 0.21549, 0.11796, 0.50646, -0.85157, -31.37968, 37.6758, 115.57697
1011, 328, -31.37968, 37.6758, 115.57697, 116.53844, 0.00, 0.80, 0.00, 1.00, 0.6094, 0.21557, 0.6094, 0.21557, 0.24543, 0.72691, -0.63847, -31.37968, 37.6758, 115.57697
1012, 319, -29.53163, 37.97012, 114.78564, 115.74738, 0.00, 0.80, 0.00, 1.00, 0.60997, 0.17511, 0.60997, 0.17511, -0.19245, 0.80084, -0.56427, -29.53163, 37.97012, 114.78564
1013, 329, -31.99532, 38.66323, 114.13875, 115.1007, 0.00, 0.80, 0.00, 1.00, 0.58422, 0.22302, 0.58422, 0.22302, 0.32349, 0.84005, -0.43211, -31.99532, 38.66323, 114.13875
1014, 329, -31.99532, 38.66323, 114.13875, 115.1007, 0.00, 0.80, 0.00, 1.00, 0.58422, 0.22302, 0.58422, 0.22302, 0.32349, 0.84005, -0.43211, -31.99532, 38.66323, 114.13875
1015, 319, -29.53163, 37.97012, 114.78564, 115.74738, 0.00, 0.80, 0.00, 1.00, 0.60997, 0.17511, 0.60997, 0.17511, -0.19245, 0.80084, -0.56427, -29.53163, 37.97012, 114.78564
1016, 318, -30.44185, 39.02296, 113.69731, 114.65942, 0.00, 0.80, 0.00, 1.00, 0.579, 0.18414, 0.579, 0.18414, -0.07649, 0.9141, -0.39525, -30.44185, 39.02296, 113.69731
1017, 329, -31.99532, 38.66323, 114.13875, 115.1007, 0.00, 0.80, 0.00, 1.00, 0.58422, 0.22302, 0.58422, 0.22302, 0.32349, 0.84005, -0.43211, -31.99532, 38.66323, 114.13875
1018, 311, -30.38081, 39.03098, 112.43416, 113.39668, 0.00, 0.80, 0.00, 1.00, 0.55016, 0.18074, 0.55016, 0.18074, 0.01782, 0.98761, 0.15449, -30.38081, 39.03098, 112.43416
1019, 310, -32.2331, 38.38479, 112.58002, 113.54249, 0.00, 0.80, 0.00, 1.00, 0.55016, 0.22415, 0.55016, 0.22415, 0.42547, 0.86407, 0.26664, -32.2331, 38.38479, 112.58002
1020, 311, -30.38081, 39.03098, 112.43416, 113.39668, 0.00, 0.80, 0.00, 1.00, 0.55016, 0.18074, 0.55016, 0.18074, 0.01782, 0.98761, 0.15449, -30.38081, 39.03098, 112.43416
1021, 329, -31.99532, 38.66323, 114.13875, 115.1007, 0.00, 0.80, 0.00, 1.00, 0.58422, 0.22302, 0.58422, 0.22302, 0.32349, 0.84005, -0.43211, -31.99532, 38.66323, 114.13875
1022, 318, -30.44185, 39.02296, 113.69731, 114.65942, 0.00, 0.80, 0.00, 1.00, 0.579, 0.18414, 0.579, 0.18414, -0.07649, 0.9141, -0.39525, -30.44185, 39.02296, 113.69731
1023, 1, -29.70714, 28.53158, 109.66, 110.62344, 0.00, 0.80, 0.00, 1.00, 0.44849, 0.00096, 0.44849, 0.00096, 0.03892, -0.19585, 0.97762, -29.70714, 28.53158, 109.66
1024, 0, -28.93085, 26.45134, 110.2038, 111.16706, 0.00, 0.80, 0.00, 1.00, 0.44849, 0.14128, 0.44849, 0.14128, -0.02277, -0.32256, 0.94389, -28.93085, 26.45134, 110.2038
1025, 330, -31.47818, 28.03616, 110.46774, 111.43092, 0.00, 0.80, 0.00, 1.00, 0.64421, 0.00096, 0.64421, 0.00096, 0.42513, -0.50489, 0.74833, -31.47818, 28.03616, 110.46774
1026, 330, -31.47818, 28.03616, 110.46774, 111.43092, 0.00, 0.80, 0.00, 1.00, 0.64421, 0.00096, 0.64421, 0.00096, 0.42513, -0.50489, 0.74833, -31.47818, 28.03616, 110.46774
1027, 0, -28.93085, 26.45134, 110.2038, 111.16706, 0.00, 0.80, 0.00, 1.00, 0.44849, 0.14128, 0.44849, 0.14128, -0.02277, -0.32256, 0.94389, -28.93085, 26.45134, 110.2038
1028, 331, -31.20357, 26.53259, 111.61391, 112.57671, 0.00, 0.80, 0.00, 1.00, 0.68555, 0.13161, 0.68555, 0.13161, 0.47556, -0.5896, 0.64972, -31.20357, 26.53259, 111.61391
1029, 330, -31.47818, 28.03616, 110.46774, 111.43092, 0.00, 0.80, 0.00, 1.00, 0.64421, 0.00096, 0.64421, 0.00096, 0.42513, -0.50489, 0.74833, -31.47818, 28.03616, 110.46774
1030, 331, -31.20357, 26.53259, 111.61391, 112.57671, 0.00, 0.80, 0.00, 1.00, 0.68555, 0.13161, 0.68555, 0.13161, 0.47556, -0.5896, 0.64972, -31.20357, 26.53259, 111.61391
1031, 332, -32.20988, 27.60909, 111.66138, 112.62415, 0.00, 0.80, 0.00, 1.00, 0.74824, 0.07275, 0.74824, 0.07275, 0.5544, -0.57066, 0.60241, -32.20988, 27.60909, 111.66138
1032, 333, -44.05857, -20.72247, 128.98842, 129.94542, 0.00, 0.80, 0.00, 1.00, 0.08136, 0.13403, 0.08136, 0.13403, 0.37242, -0.81942, 0.43093, -44.05857, -20.72247, 128.98842
1033, 334, -47.98751, -17.99622, 128.0139, 128.97124, 0.00, 0.80, 0.00, 1.00, 0.17143, 0.09234, 0.17143, 0.09234, 0.40515, -0.81659, 0.40603, -47.98751, -17.99622, 128.0139
1034, 335, -46.47451, -18.36657, 126.67801, 127.63578, 0.00, 0.80, 0.00, 1.00, 0.12471, 0.08883, 0.12471, 0.08883, 0.37399, -0.82646, 0.41589, -46.47451, -18.36657, 126.67801
1035, 336, -45.68788, -20.30405, 129.97855, 130.93521, 0.00, 0.80, 0.00, 1.00, 0.12373, 0.13903, 0.12373, 0.13903, 0.41127, -0.81084, 0.41135, -45.68788, -20.30405, 129.97855
1036, 334, -47.98751, -17.99622, 128.0139, 128.97124, 0.00, 0.80, 0.00, 1.00, 0.17143, 0.09234, 0.17143, 0.09234, 0.40515, -0.81659, 0.40603, -47.98751, -17.99622, 128.0139
1037, 333, -44.05857, -20.72247, 128.98842, 129.94542, 0.00, 0.80, 0.00, 1.00, 0.08136, 0.13403, 0.08136, 0.13403, 0.37242, -0.81942, 0.43093, -44.05857, -20.72247, 128.98842
1038, 333, -44.05857, -20.72247, 128.98842, 129.94542, 0.00, 0.80, 0.00, 1.00, 0.08136, 0.13403, 0.08136, 0.13403, 0.37242, -0.81942, 0.43093, -44.05857, -20.72247, 128.98842
1039, 335, -46.47451, -18.36657, 126.67801, 127.63578, 0.00, 0.80, 0.00, 1.00, 0.12471, 0.08883, 0.12471, 0.08883, 0.37399, -0.82646, 0.41589, -46.47451, -18.36657, 126.67801
1040, 337, -44.69476, -19.05102, 126.09096, 127.04893, 0.00, 0.80, 0.00, 1.00, 0.07377, 0.08963, 0.07377, 0.08963, 0.35489, -0.82444, 0.43616, -44.69476, -19.05102, 126.09096
1041, 334, -47.98751, -17.99622, 128.0139, 128.97124, 0.00, 0.80, 0.00, 1.00, 0.17143, 0.09234, 0.17143, 0.09234, 0.40515, -0.81659, 0.40603, -47.98751, -17.99622, 128.0139
1042, 336, -45.68788, -20.30405, 129.97855, 130.93521, 0.00, 0.80, 0.00, 1.00, 0.12373, 0.13903, 0.12373, 0.13903, 0.41127, -0.81084, 0.41135, -45.68788, -20.30405, 129.97855
1043, 338, -47.50367, -19.0966, 130.15961, 131.11623, 0.00, 0.80, 0.00, 1.00, 0.16611, 0.12918, 0.16611, 0.12918, 0.45181, -0.81354, 0.3603, -47.50367, -19.0966, 130.15961
1044, 339, -45.10996, -11.19551, 128.71353, 129.67062, 0.00, 0.80, 0.00, 1.00, 0.13161, 0.00331, 0.13161, 0.00331, 0.4412, 0.73405, 0.51226, -45.10996, -11.19551, 128.71353
1045, 340, -47.03838, -14.10777, 128.37947, 129.33667, 0.00, 0.80, 0.00, 1.00, 0.17579, 0.04419, 0.17579, 0.04419, 0.61869, 0.61638, 0.48277, -47.03838, -14.10777, 128.37947
1046, 341, -45.60023, -11.17332, 129.38121, 130.33809, 0.00, 0.80, 0.00, 1.00, 0.17648, 0.0044, 0.17648, 0.0044, 0.62622, 0.6935, 0.35072, -45.60023, -11.17332, 129.38121
1047, 342, -45.50902, -14.40515, 126.78918, 127.74692, 0.00, 0.80, 0.00, 1.00, 0.12673, 0.04318, 0.12673, 0.04318, 0.39292, 0.62513, 0.67109, -45.50902, -14.40515, 126.78918
1048, 340, -47.03838, -14.10777, 128.37947, 129.33667, 0.00, 0.80, 0.00, 1.00, 0.17579, 0.04419, 0.17579, 0.04419, 0.61869, 0.61638, 0.48277, -47.03838, -14.10777, 128.37947
1049, 339, -45.10996, -11.19551, 128.71353, 129.67062, 0.00, 0.80, 0.00, 1.00, 0.13161, 0.00331, 0.13161, 0.00331, 0.4412, 0.73405, 0.51226, -45.10996, -11.19551, 128.71353
1050, 343, -44.65617, -12.76534, 130.86948, 131.82587, 0.00, 0.80, 0.00, 1.00, 0.27177, 0.00674, 0.27177, 0.00674, -0.36919, -0.02322, -0.92627, -44.65617, -12.76534, 130.86948
1051, 344, -42.66557, -17.34601, 130.12003, 131.07664, 0.00, 0.80, 0.00, 1.00, 0.32124, 0.0475, 0.32124, 0.0475, -0.53557, -0.17781, -0.82242, -42.66557, -17.34601, 130.12003
1052, 345, -43.18405, -13.10957, 130.0687, 131.02533, 0.00, 0.80, 0.00, 1.00, 0.31673, 0.00658, 0.31673, 0.00658, -0.49855, -0.0469, -0.86256, -43.18405, -13.10957, 130.0687
1053, 346, -44.35206, -16.95666, 131.2489, 132.20515, 0.00, 0.80, 0.00, 1.00, 0.27484, 0.04949, 0.27484, 0.04949, -0.27457, -0.24759, -0.92644, -44.35206, -16.95666, 131.2489
1054, 344, -42.66557, -17.34601, 130.12003, 131.07664, 0.00, 0.80, 0.00, 1.00, 0.32124, 0.0475, 0.32124, 0.0475, -0.53557, -0.17781, -0.82242, -42.66557, -17.34601, 130.12003
1055, 343, -44.65617, -12.76534, 130.86948, 131.82587, 0.00, 0.80, 0.00, 1.00, 0.27177, 0.00674, 0.27177, 0.00674, -0.36919, -0.02322, -0.92627, -44.65617, -12.76534, 130.86948
1056, 347, -43.54846, -11.75018, 128.17703, 129.13431, 0.00, 0.80, 0.00, 1.00, 0.06758, 0.0022, 0.06758, 0.0022, 0.08075, 0.75022, 0.65306, -43.54846, -11.75018, 128.17703
1057, 342, -45.50902, -14.40515, 126.78918, 127.74692, 0.00, 0.80, 0.00, 1.00, 0.12673, 0.04318, 0.12673, 0.04318, 0.39292, 0.62513, 0.67109, -45.50902, -14.40515, 126.78918
1058, 339, -45.10996, -11.19551, 128.71353, 129.67062, 0.00, 0.80, 0.00, 1.00, 0.13161, 0.00331, 0.13161, 0.00331, 0.4412, 0.73405, 0.51226, -45.10996, -11.19551, 128.71353
1059, 348, -43.62196, -15.13998, 126.21104, 127.16897, 0.00, 0.80, 0.00, 1.00, 0.06962, 0.04232, 0.06962, 0.04232, 0.16054, 0.55326, 0.81459, -43.62196, -15.13998, 126.21104
1060, 342, -45.50902, -14.40515, 126.78918, 127.74692, 0.00, 0.80, 0.00, 1.00, 0.12673, 0.04318, 0.12673, 0.04318, 0.39292, 0.62513, 0.67109, -45.50902, -14.40515, 126.78918
1061, 347, -43.54846, -11.75018, 128.17703, 129.13431, 0.00, 0.80, 0.00, 1.00, 0.06758, 0.0022, 0.06758, 0.0022, 0.08075, 0.75022, 0.65306, -43.54846, -11.75018, 128.17703
1062, 349, -43.18405, -13.10957, 130.0687, 131.02533, 0.00, 0.80, 0.00, 1.00, 0.00909, 0.00308, 0.00909, 0.00308, -0.97881, 0.14294, 0.13241, -43.18405, -13.10957, 130.0687
1063, 350, -43.62196, -15.13998, 126.21104, 127.16897, 0.00, 0.80, 0.00, 1.00, 0.06953, 0.04232, 0.06953, 0.04232, -0.97428, 0.02303, 0.2156, -43.62196, -15.13998, 126.21104
1064, 351, -43.54846, -11.75018, 128.17703, 129.13431, 0.00, 0.80, 0.00, 1.00, 0.06744, 0.00219, 0.06744, 0.00219, -0.98454, 0.10497, 0.12533, -43.54846, -11.75018, 128.17703
1065, 352, -42.66557, -17.34601, 130.12003, 131.07664, 0.00, 0.80, 0.00, 1.00, 0.00573, 0.04991, 0.00573, 0.04991, -0.94867, -0.08486, 0.29878, -42.66557, -17.34601, 130.12003
1066, 350, -43.62196, -15.13998, 126.21104, 127.16897, 0.00, 0.80, 0.00, 1.00, 0.06953, 0.04232, 0.06953, 0.04232, -0.97428, 0.02303, 0.2156, -43.62196, -15.13998, 126.21104
1067, 349, -43.18405, -13.10957, 130.0687, 131.02533, 0.00, 0.80, 0.00, 1.00, 0.00909, 0.00308, 0.00909, 0.00308, -0.97881, 0.14294, 0.13241, -43.18405, -13.10957, 130.0687
1068, 353, -45.29741, -12.00897, 130.79482, 131.75122, 0.00, 0.80, 0.00, 1.00, 0.22293, 0.00477, 0.22293, 0.00477, -0.03694, -0.02975, -0.99649, -45.29741, -12.00897, 130.79482
1069, 346, -44.35206, -16.95666, 131.2489, 132.20515, 0.00, 0.80, 0.00, 1.00, 0.27484, 0.04949, 0.27484, 0.04949, -0.27457, -0.24759, -0.92644, -44.35206, -16.95666, 131.2489
1070, 343, -44.65617, -12.76534, 130.86948, 131.82587, 0.00, 0.80, 0.00, 1.00, 0.27177, 0.00674, 0.27177, 0.00674, -0.36919, -0.02322, -0.92627, -44.65617, -12.76534, 130.86948
1071, 354, -46.31721, -15.58554, 131.26779, 132.22403, 0.00, 0.80, 0.00, 1.00, 0.22844, 0.04552, 0.22844, 0.04552, 0.04887, -0.25864, -0.96234, -46.31721, -15.58554, 131.26779
1072, 346, -44.35206, -16.95666, 131.2489, 132.20515, 0.00, 0.80, 0.00, 1.00, 0.27484, 0.04949, 0.27484, 0.04949, -0.27457, -0.24759, -0.92644, -44.35206, -16.95666, 131.2489
1073, 353, -45.29741, -12.00897, 130.79482, 131.75122, 0.00, 0.80, 0.00, 1.00, 0.22293, 0.00477, 0.22293, 0.00477, -0.03694, -0.02975, -0.99649, -45.29741, -12.00897, 130.79482
1074, 355, -45.60023, -11.17332, 129.38121, 130.33809, 0.00, 0.80, 0.00, 1.00, 0.17658, 0.0044, 0.17658, 0.0044, 0.85135, 0.32674, -0.40647, -45.60023, -11.17332, 129.38121
1075, 356, -46.31721, -15.58554, 131.26779, 132.22403, 0.00, 0.80, 0.00, 1.00, 0.22837, 0.04551, 0.22837, 0.04551, 0.88529, 0.26231, -0.37967, -46.31721, -15.58554, 131.26779
1076, 357, -45.29741, -12.00897, 130.79482, 131.75122, 0.00, 0.80, 0.00, 1.00, 0.22281, 0.00477, 0.22281, 0.00477, 0.85353, 0.32572, -0.4027, -45.29741, -12.00897, 130.79482
1077, 358, -47.03838, -14.10777, 128.37947, 129.33667, 0.00, 0.80, 0.00, 1.00, 0.17578, 0.04431, 0.17578, 0.04431, 0.91256, 0.19734, -0.35342, -47.03838, -14.10777, 128.37947
1078, 356, -46.31721, -15.58554, 131.26779, 132.22403, 0.00, 0.80, 0.00, 1.00, 0.22837, 0.04551, 0.22837, 0.04551, 0.88529, 0.26231, -0.37967, -46.31721, -15.58554, 131.26779
1079, 355, -45.60023, -11.17332, 129.38121, 130.33809, 0.00, 0.80, 0.00, 1.00, 0.17658, 0.0044, 0.17658, 0.0044, 0.85135, 0.32674, -0.40647, -45.60023, -11.17332, 129.38121
1080, 342, -45.50902, -14.40515, 126.78918, 127.74692, 0.00, 0.80, 0.00, 1.00, 0.12673, 0.04318, 0.12673, 0.04318, 0.39292, 0.62513, 0.67109, -45.50902, -14.40515, 126.78918
1081, 359, -47.55704, -16.57792, 127.90477, 128.86214, 0.00, 0.80, 0.00, 1.00, 0.172, 0.07336, 0.172, 0.07336, 0.67874, 0.42377, 0.59584, -47.55704, -16.57792, 127.90477
1082, 340, -47.03838, -14.10777, 128.37947, 129.33667, 0.00, 0.80, 0.00, 1.00, 0.17579, 0.04419, 0.17579, 0.04419, 0.61869, 0.61638, 0.48277, -47.03838, -14.10777, 128.37947
1083, 360, -46.11723, -16.83971, 126.35232, 127.3102, 0.00, 0.80, 0.00, 1.00, 0.12388, 0.07229, 0.12388, 0.07229, 0.4911, 0.31619, 0.80859, -46.11723, -16.83971, 126.35232
1084, 359, -47.55704, -16.57792, 127.90477, 128.86214, 0.00, 0.80, 0.00, 1.00, 0.172, 0.07336, 0.172, 0.07336, 0.67874, 0.42377, 0.59584, -47.55704, -16.57792, 127.90477
1085, 342, -45.50902, -14.40515, 126.78918, 127.74692, 0.00, 0.80, 0.00, 1.00, 0.12673, 0.04318, 0.12673, 0.04318, 0.39292, 0.62513, 0.67109, -45.50902, -14.40515, 126.78918
1086, 346, -44.35206, -16.95666, 131.2489, 132.20515, 0.00, 0.80, 0.00, 1.00, 0.27484, 0.04949, 0.27484, 0.04949, -0.27457, -0.24759, -0.92644, -44.35206, -16.95666, 131.2489
1087, 361, -43.34929, -19.74258, 129.71713, 130.67389, 0.00, 0.80, 0.00, 1.00, 0.32207, 0.07652, 0.32207, 0.07652, -0.42463, -0.64033, -0.63659, -43.34929, -19.74258, 129.71713
1088, 344, -42.66557, -17.34601, 130.12003, 131.07664, 0.00, 0.80, 0.00, 1.00, 0.32124, 0.0475, 0.32124, 0.0475, -0.53557, -0.17781, -0.82242, -42.66557, -17.34601, 130.12003
1089, 362, -44.9467, -19.38606, 130.80905, 131.76544, 0.00, 0.80, 0.00, 1.00, 0.27439, 0.07848, 0.27439, 0.07848, -0.06711, -0.67922, -0.72791, -44.9467, -19.38606, 130.80905
1090, 361, -43.34929, -19.74258, 129.71713, 130.67389, 0.00, 0.80, 0.00, 1.00, 0.32207, 0.07652, 0.32207, 0.07652, -0.42463, -0.64033, -0.63659, -43.34929, -19.74258, 129.71713
1091, 346, -44.35206, -16.95666, 131.2489, 132.20515, 0.00, 0.80, 0.00, 1.00, 0.27484, 0.04949, 0.27484, 0.04949, -0.27457, -0.24759, -0.92644, -44.35206, -16.95666, 131.2489
1092, 348, -43.62196, -15.13998, 126.21104, 127.16897, 0.00, 0.80, 0.00, 1.00, 0.06962, 0.04232, 0.06962, 0.04232, 0.16054, 0.55326, 0.81459, -43.62196, -15.13998, 126.21104
1093, 360, -46.11723, -16.83971, 126.35232, 127.3102, 0.00, 0.80, 0.00, 1.00, 0.12388, 0.07229, 0.12388, 0.07229, 0.4911, 0.31619, 0.80859, -46.11723, -16.83971, 126.35232
1094, 342, -45.50902, -14.40515, 126.78918, 127.74692, 0.00, 0.80, 0.00, 1.00, 0.12673, 0.04318, 0.12673, 0.04318, 0.39292, 0.62513, 0.67109, -45.50902, -14.40515, 126.78918
1095, 363, -44.32005, -17.54009, 125.81182, 126.76988, 0.00, 0.80, 0.00, 1.00, 0.0705, 0.0715, 0.0705, 0.0715, 0.30322, 0.15838, 0.93696, -44.32005, -17.54009, 125.81182
1096, 360, -46.11723, -16.83971, 126.35232, 127.3102, 0.00, 0.80, 0.00, 1.00, 0.12388, 0.07229, 0.12388, 0.07229, 0.4911, 0.31619, 0.80859, -46.11723, -16.83971, 126.35232
1097, 348, -43.62196, -15.13998, 126.21104, 127.16897, 0.00, 0.80, 0.00, 1.00, 0.06962, 0.04232, 0.06962, 0.04232, 0.16054, 0.55326, 0.81459, -43.62196, -15.13998, 126.21104
1098, 352, -42.66557, -17.34601, 130.12003, 131.07664, 0.00, 0.80, 0.00, 1.00, 0.00573, 0.04991, 0.00573, 0.04991, -0.94867, -0.08486, 0.29878, -42.66557, -17.34601, 130.12003
1099, 364, -44.32005, -17.54009, 125.81182, 126.76988, 0.00, 0.80, 0.00, 1.00, 0.0705, 0.0714, 0.0705, 0.0714, -0.88781, -0.24669, 0.38422, -44.32005, -17.54009, 125.81182
1100, 350, -43.62196, -15.13998, 126.21104, 127.16897, 0.00, 0.80, 0.00, 1.00, 0.06953, 0.04232, 0.06953, 0.04232, -0.97428, 0.02303, 0.2156, -43.62196, -15.13998, 126.21104
1101, 365, -43.34929, -19.74258, 129.71713, 130.67389, 0.00, 0.80, 0.00, 1.00, 0.0081, 0.07893, 0.0081, 0.07893, -0.86362, -0.29711, 0.40328, -43.34929, -19.74258, 129.71713
1102, 364, -44.32005, -17.54009, 125.81182, 126.76988, 0.00, 0.80, 0.00, 1.00, 0.0705, 0.0714, 0.0705, 0.0714, -0.88781, -0.24669, 0.38422, -44.32005, -17.54009, 125.81182
1103, 352, -42.66557, -17.34601, 130.12003, 131.07664, 0.00, 0.80, 0.00, 1.00, 0.00573, 0.04991, 0.00573, 0.04991, -0.94867, -0.08486, 0.29878, -42.66557, -17.34601, 130.12003
1104, 354, -46.31721, -15.58554, 131.26779, 132.22403, 0.00, 0.80, 0.00, 1.00, 0.22844, 0.04552, 0.22844, 0.04552, 0.04887, -0.25864, -0.96234, -46.31721, -15.58554, 131.26779
1105, 362, -44.9467, -19.38606, 130.80905, 131.76544, 0.00, 0.80, 0.00, 1.00, 0.27439, 0.07848, 0.27439, 0.07848, -0.06711, -0.67922, -0.72791, -44.9467, -19.38606, 130.80905
1106, 346, -44.35206, -16.95666, 131.2489, 132.20515, 0.00, 0.80, 0.00, 1.00, 0.27484, 0.04949, 0.27484, 0.04949, -0.27457, -0.24759, -0.92644, -44.35206, -16.95666, 131.2489
1107, 366, -46.82527, -18.05615, 130.78958, 131.74599, 0.00, 0.80, 0.00, 1.00, 0.22639, 0.07458, 0.22639, 0.07458, 0.21345, -0.5907, -0.77545, -46.82527, -18.05615, 130.78958
1108, 362, -44.9467, -19.38606, 130.80905, 131.76544, 0.00, 0.80, 0.00, 1.00, 0.27439, 0.07848, 0.27439, 0.07848, -0.06711, -0.67922, -0.72791, -44.9467, -19.38606, 130.80905
1109, 354, -46.31721, -15.58554, 131.26779, 132.22403, 0.00, 0.80, 0.00, 1.00, 0.22844, 0.04552, 0.22844, 0.04552, 0.04887, -0.25864, -0.96234, -46.31721, -15.58554, 131.26779
1110, 358, -47.03838, -14.10777, 128.37947, 129.33667, 0.00, 0.80, 0.00, 1.00, 0.17578, 0.04431, 0.17578, 0.04431, 0.91256, 0.19734, -0.35342, -47.03838, -14.10777, 128.37947
1111, 367, -46.82527, -18.05615, 130.78958, 131.74599, 0.00, 0.80, 0.00, 1.00, 0.22633, 0.07458, 0.22633, 0.07458, 0.90805, 0.20738, -0.35925, -46.82527, -18.05615, 130.78958
1112, 356, -46.31721, -15.58554, 131.26779, 132.22403, 0.00, 0.80, 0.00, 1.00, 0.22837, 0.04551, 0.22837, 0.04551, 0.88529, 0.26231, -0.37967, -46.31721, -15.58554, 131.26779
1113, 368, -47.55704, -16.57792, 127.90477, 128.86214, 0.00, 0.80, 0.00, 1.00, 0.17202, 0.07336, 0.17202, 0.07336, 0.881, 0.27264, -0.38239, -47.55704, -16.57792, 127.90477
1114, 367, -46.82527, -18.05615, 130.78958, 131.74599, 0.00, 0.80, 0.00, 1.00, 0.22633, 0.07458, 0.22633, 0.07458, 0.90805, 0.20738, -0.35925, -46.82527, -18.05615, 130.78958
1115, 358, -47.03838, -14.10777, 128.37947, 129.33667, 0.00, 0.80, 0.00, 1.00, 0.17578, 0.04431, 0.17578, 0.04431, 0.91256, 0.19734, -0.35342, -47.03838, -14.10777, 128.37947
1116, 360, -46.11723, -16.83971, 126.35232, 127.3102, 0.00, 0.80, 0.00, 1.00, 0.12388, 0.07229, 0.12388, 0.07229, 0.4911, 0.31619, 0.80859, -46.11723, -16.83971, 126.35232
1117, 369, -47.98751, -17.99622, 128.0139, 128.97124, 0.00, 0.80, 0.00, 1.00, 0.17143, 0.0923, 0.17143, 0.0923, 0.69674, 0.22129, 0.67863, -47.98751, -17.99622, 128.0139
1118, 359, -47.55704, -16.57792, 127.90477, 128.86214, 0.00, 0.80, 0.00, 1.00, 0.172, 0.07336, 0.172, 0.07336, 0.67874, 0.42377, 0.59584, -47.55704, -16.57792, 127.90477
1119, 370, -46.47451, -18.36657, 126.67801, 127.63578, 0.00, 0.80, 0.00, 1.00, 0.12403, 0.08898, 0.12403, 0.08898, 0.46097, 0.0465, 0.88324, -46.47451, -18.36657, 126.67801
1120, 369, -47.98751, -17.99622, 128.0139, 128.97124, 0.00, 0.80, 0.00, 1.00, 0.17143, 0.0923, 0.17143, 0.0923, 0.69674, 0.22129, 0.67863, -47.98751, -17.99622, 128.0139
1121, 360, -46.11723, -16.83971, 126.35232, 127.3102, 0.00, 0.80, 0.00, 1.00, 0.12388, 0.07229, 0.12388, 0.07229, 0.4911, 0.31619, 0.80859, -46.11723, -16.83971, 126.35232
1122, 362, -44.9467, -19.38606, 130.80905, 131.76544, 0.00, 0.80, 0.00, 1.00, 0.27439, 0.07848, 0.27439, 0.07848, -0.06711, -0.67922, -0.72791, -44.9467, -19.38606, 130.80905
1123, 371, -44.05857, -20.72247, 128.98842, 129.94542, 0.00, 0.80, 0.00, 1.00, 0.31885, 0.09196, 0.31885, 0.09196, -0.20934, -0.89359, -0.39236, -44.05857, -20.72247, 128.98842
1124, 361, -43.34929, -19.74258, 129.71713, 130.67389, 0.00, 0.80, 0.00, 1.00, 0.32207, 0.07652, 0.32207, 0.07652, -0.42463, -0.64033, -0.63659, -43.34929, -19.74258, 129.71713
1125, 372, -45.68788, -20.30405, 129.97855, 130.93521, 0.00, 0.80, 0.00, 1.00, 0.27475, 0.09369, 0.27475, 0.09369, 0.1146, -0.78582, -0.60444, -45.68788, -20.30405, 129.97855
1126, 371, -44.05857, -20.72247, 128.98842, 129.94542, 0.00, 0.80, 0.00, 1.00, 0.31885, 0.09196, 0.31885, 0.09196, -0.20934, -0.89359, -0.39236, -44.05857, -20.72247, 128.98842
1127, 362, -44.9467, -19.38606, 130.80905, 131.76544, 0.00, 0.80, 0.00, 1.00, 0.27439, 0.07848, 0.27439, 0.07848, -0.06711, -0.67922, -0.72791, -44.9467, -19.38606, 130.80905
1128, 363, -44.32005, -17.54009, 125.81182, 126.76988, 0.00, 0.80, 0.00, 1.00, 0.0705, 0.0715, 0.0705, 0.0715, 0.30322, 0.15838, 0.93696, -44.32005, -17.54009, 125.81182
1129, 370, -46.47451, -18.36657, 126.67801, 127.63578, 0.00, 0.80, 0.00, 1.00, 0.12403, 0.08898, 0.12403, 0.08898, 0.46097, 0.0465, 0.88324, -46.47451, -18.36657, 126.67801
1130, 360, -46.11723, -16.83971, 126.35232, 127.3102, 0.00, 0.80, 0.00, 1.00, 0.12388, 0.07229, 0.12388, 0.07229, 0.4911, 0.31619, 0.80859, -46.11723, -16.83971, 126.35232
1131, 373, -44.69476, -19.05102, 126.09096, 127.04893, 0.00, 0.80, 0.00, 1.00, 0.07376, 0.08962, 0.07376, 0.08962, 0.34947, 0.03418, 0.93357, -44.69476, -19.05102, 126.09096
1132, 370, -46.47451, -18.36657, 126.67801, 127.63578, 0.00, 0.80, 0.00, 1.00, 0.12403, 0.08898, 0.12403, 0.08898, 0.46097, 0.0465, 0.88324, -46.47451, -18.36657, 126.67801
1133, 363, -44.32005, -17.54009, 125.81182, 126.76988, 0.00, 0.80, 0.00, 1.00, 0.0705, 0.0715, 0.0705, 0.0715, 0.30322, 0.15838, 0.93696, -44.32005, -17.54009, 125.81182
1134, 365, -43.34929, -19.74258, 129.71713, 130.67389, 0.00, 0.80, 0.00, 1.00, 0.0081, 0.07893, 0.0081, 0.07893, -0.86362, -0.29711, 0.40328, -43.34929, -19.74258, 129.71713
1135, 374, -44.69476, -19.05102, 126.09096, 127.04893, 0.00, 0.80, 0.00, 1.00, 0.0737, 0.08961, 0.0737, 0.08961, -0.84014, -0.33902, 0.41955, -44.69476, -19.05102, 126.09096
1136, 364, -44.32005, -17.54009, 125.81182, 126.76988, 0.00, 0.80, 0.00, 1.00, 0.0705, 0.0714, 0.0705, 0.0714, -0.88781, -0.24669, 0.38422, -44.32005, -17.54009, 125.81182
1137, 375, -44.05857, -20.72247, 128.98842, 129.94542, 0.00, 0.80, 0.00, 1.00, 0.00648, 0.09305, 0.00648, 0.09305, -0.82601, -0.36791, 0.42329, -44.05857, -20.72247, 128.98842
1138, 374, -44.69476, -19.05102, 126.09096, 127.04893, 0.00, 0.80, 0.00, 1.00, 0.0737, 0.08961, 0.0737, 0.08961, -0.84014, -0.33902, 0.41955, -44.69476, -19.05102, 126.09096
1139, 365, -43.34929, -19.74258, 129.71713, 130.67389, 0.00, 0.80, 0.00, 1.00, 0.0081, 0.07893, 0.0081, 0.07893, -0.86362, -0.29711, 0.40328, -43.34929, -19.74258, 129.71713
1140, 366, -46.82527, -18.05615, 130.78958, 131.74599, 0.00, 0.80, 0.00, 1.00, 0.22639, 0.07458, 0.22639, 0.07458, 0.21345, -0.5907, -0.77545, -46.82527, -18.05615, 130.78958
1141, 372, -45.68788, -20.30405, 129.97855, 130.93521, 0.00, 0.80, 0.00, 1.00, 0.27475, 0.09369, 0.27475, 0.09369, 0.1146, -0.78582, -0.60444, -45.68788, -20.30405, 129.97855
1142, 362, -44.9467, -19.38606, 130.80905, 131.76544, 0.00, 0.80, 0.00, 1.00, 0.27439, 0.07848, 0.27439, 0.07848, -0.06711, -0.67922, -0.72791, -44.9467, -19.38606, 130.80905
1143, 376, -47.50367, -19.0966, 130.15961, 131.11623, 0.00, 0.80, 0.00, 1.00, 0.22155, 0.09023, 0.22155, 0.09023, 0.18033, -0.65994, -0.72651, -47.50367, -19.0966, 130.15961
1144, 372, -45.68788, -20.30405, 129.97855, 130.93521, 0.00, 0.80, 0.00, 1.00, 0.27475, 0.09369, 0.27475, 0.09369, 0.1146, -0.78582, -0.60444, -45.68788, -20.30405, 129.97855
1145, 366, -46.82527, -18.05615, 130.78958, 131.74599, 0.00, 0.80, 0.00, 1.00, 0.22639, 0.07458, 0.22639, 0.07458, 0.21345, -0.5907, -0.77545, -46.82527, -18.05615, 130.78958
1146, 368, -47.55704, -16.57792, 127.90477, 128.86214, 0.00, 0.80, 0.00, 1.00, 0.17202, 0.07336, 0.17202, 0.07336, 0.881, 0.27264, -0.38239, -47.55704, -16.57792, 127.90477
1147, 377, -47.50367, -19.0966, 130.15961, 131.11623, 0.00, 0.80, 0.00, 1.00, 0.22148, 0.09023, 0.22148, 0.09023, 0.84546, 0.34033, -0.40763, -47.50367, -19.0966, 130.15961
1148, 367, -46.82527, -18.05615, 130.78958, 131.74599, 0.00, 0.80, 0.00, 1.00, 0.22633, 0.07458, 0.22633, 0.07458, 0.90805, 0.20738, -0.35925, -46.82527, -18.05615, 130.78958
1149, 378, -47.98751, -17.99622, 128.0139, 128.97124, 0.00, 0.80, 0.00, 1.00, 0.17145, 0.0923, 0.17145, 0.0923, 0.86023, 0.32401, -0.38959, -47.98751, -17.99622, 128.0139
1150, 377, -47.50367, -19.0966, 130.15961, 131.11623, 0.00, 0.80, 0.00, 1.00, 0.22148, 0.09023, 0.22148, 0.09023, 0.84546, 0.34033, -0.40763, -47.50367, -19.0966, 130.15961
1151, 368, -47.55704, -16.57792, 127.90477, 128.86214, 0.00, 0.80, 0.00, 1.00, 0.17202, 0.07336, 0.17202, 0.07336, 0.881, 0.27264, -0.38239, -47.55704, -16.57792, 127.90477
1152, 379, -40.2527, -0.71059, 131.77582, 132.73189, 0.00, 0.80, 0.00, 1.00, 0.81563, 0.00882, 0.81563, 0.00882, 0.6416, 0.63124, 0.43108, -40.2527, -0.71059, 131.77582
1153, 380, -42.952, -3.90248, 132.53142, 133.48724, 0.00, 0.80, 0.00, 1.00, 0.84986, 0.04749, 0.84986, 0.04749, 0.87375, 0.48207, 0.02477, -42.952, -3.90248, 132.53142
1154, 381, -41.73557, -0.37678, 133.28375, 134.23933, 0.00, 0.80, 0.00, 1.00, 0.85038, 0.00812, 0.85038, 0.00812, 0.90577, 0.41491, -0.06271, -41.73557, -0.37678, 133.28375
1155, 382, -41.60712, -3.78383, 130.48991, 131.44643, 0.00, 0.80, 0.00, 1.00, 0.81401, 0.04676, 0.81401, 0.04676, 0.67492, 0.65827, 0.32761, -41.60712, -3.78383, 130.48991
1156, 380, -42.952, -3.90248, 132.53142, 133.48724, 0.00, 0.80, 0.00, 1.00, 0.84986, 0.04749, 0.84986, 0.04749, 0.87375, 0.48207, 0.02477, -42.952, -3.90248, 132.53142
1157, 379, -40.2527, -0.71059, 131.77582, 132.73189, 0.00, 0.80, 0.00, 1.00, 0.81563, 0.00882, 0.81563, 0.00882, 0.6416, 0.63124, 0.43108, -40.2527, -0.71059, 131.77582
1158, 383, -39.32191, -3.25518, 135.83858, 136.7933, 0.00, 0.80, 0.00, 1.00, 0.89628, 0.0081, 0.89628, 0.0081, -0.27373, -0.49263, -0.82325, -39.32191, -3.25518, 135.83858
1159, 384, -38.15947, -7.89009, 133.53099, 134.48648, 0.00, 0.80, 0.00, 1.00, 0.92383, 0.04943, 0.92383, 0.04943, -0.73466, -0.66826, -0.10127, -38.15947, -7.89009, 133.53099
1160, 385, -36.8174, -4.03104, 134.3773, 135.33252, 0.00, 0.80, 0.00, 1.00, 0.92295, 0.00834, 0.92295, 0.00834, -0.89501, -0.44203, 0.0032, -36.8174, -4.03104, 134.3773
1161, 386, -40.62502, -7.2733, 135.15944, 136.1144, 0.00, 0.80, 0.00, 1.00, 0.89729, 0.04995, 0.89729, 0.04995, -0.02399, -0.59454, -0.801, -40.62502, -7.2733, 135.15944
1162, 384, -38.15947, -7.89009, 133.53099, 134.48648, 0.00, 0.80, 0.00, 1.00, 0.92383, 0.04943, 0.92383, 0.04943, -0.73466, -0.66826, -0.10127, -38.15947, -7.89009, 133.53099
1163, 383, -39.32191, -3.25518, 135.83858, 136.7933, 0.00, 0.80, 0.00, 1.00, 0.89628, 0.0081, 0.89628, 0.0081, -0.27373, -0.49263, -0.82325, -39.32191, -3.25518, 135.83858
1164, 387, -37.56613, -1.83668, 130.80928, 131.76569, 0.00, 0.80, 0.00, 1.00, 0.95474, 0.00771, 0.95474, 0.00771, -0.32024, 0.37729, 0.86658, -37.56613, -1.83668, 130.80928
1165, 388, -41.60712, -3.78383, 130.48991, 131.44643, 0.00, 0.80, 0.00, 1.00, 0.98858, 0.04646, 0.98858, 0.04646, 0.05782, 0.53568, 0.83979, -41.60712, -3.78383, 130.48991
1166, 389, -40.2527, -0.71059, 131.77582, 132.73189, 0.00, 0.80, 0.00, 1.00, 0.9902, 0.00882, 0.9902, 0.00882, 0.1317, 0.67877, 0.7195, -40.2527, -0.71059, 131.77582
1167, 390, -38.75598, -5.29634, 130.07913, 131.03578, 0.00, 0.80, 0.00, 1.00, 0.95589, 0.0481, 0.95589, 0.0481, -0.51575, 0.12454, 0.84538, -38.75598, -5.29634, 130.07913
1168, 388, -41.60712, -3.78383, 130.48991, 131.44643, 0.00, 0.80, 0.00, 1.00, 0.98858, 0.04646, 0.98858, 0.04646, 0.05782, 0.53568, 0.83979, -41.60712, -3.78383, 130.48991
1169, 387, -37.56613, -1.83668, 130.80928, 131.76569, 0.00, 0.80, 0.00, 1.00, 0.95474, 0.00771, 0.95474, 0.00771, -0.32024, 0.37729, 0.86658, -37.56613, -1.83668, 130.80928
1170, 385, -36.8174, -4.03104, 134.3773, 135.33252, 0.00, 0.80, 0.00, 1.00, 0.92295, 0.00834, 0.92295, 0.00834, -0.89501, -0.44203, 0.0032, -36.8174, -4.03104, 134.3773
1171, 390, -38.75598, -5.29634, 130.07913, 131.03578, 0.00, 0.80, 0.00, 1.00, 0.95589, 0.0481, 0.95589, 0.0481, -0.51575, 0.12454, 0.84538, -38.75598, -5.29634, 130.07913
1172, 387, -37.56613, -1.83668, 130.80928, 131.76569, 0.00, 0.80, 0.00, 1.00, 0.95474, 0.00771, 0.95474, 0.00771, -0.32024, 0.37729, 0.86658, -37.56613, -1.83668, 130.80928
1173, 384, -38.15947, -7.89009, 133.53099, 134.48648, 0.00, 0.80, 0.00, 1.00, 0.92383, 0.04943, 0.92383, 0.04943, -0.73466, -0.66826, -0.10127, -38.15947, -7.89009, 133.53099
1174, 390, -38.75598, -5.29634, 130.07913, 131.03578, 0.00, 0.80, 0.00, 1.00, 0.95589, 0.0481, 0.95589, 0.0481, -0.51575, 0.12454, 0.84538, -38.75598, -5.29634, 130.07913
1175, 385, -36.8174, -4.03104, 134.3773, 135.33252, 0.00, 0.80, 0.00, 1.00, 0.92295, 0.00834, 0.92295, 0.00834, -0.89501, -0.44203, 0.0032, -36.8174, -4.03104, 134.3773
1176, 391, -41.15828, -1.81855, 135.92998, 136.88467, 0.00, 0.80, 0.00, 1.00, 0.87489, 0.00678, 0.87489, 0.00678, 0.44661, -0.18118, -0.87394, -41.15828, -1.81855, 135.92998
1177, 386, -40.62502, -7.2733, 135.15944, 136.1144, 0.00, 0.80, 0.00, 1.00, 0.89729, 0.04995, 0.89729, 0.04995, -0.02399, -0.59454, -0.801, -40.62502, -7.2733, 135.15944
1178, 383, -39.32191, -3.25518, 135.83858, 136.7933, 0.00, 0.80, 0.00, 1.00, 0.89628, 0.0081, 0.89628, 0.0081, -0.27373, -0.49263, -0.82325, -39.32191, -3.25518, 135.83858
1179, 392, -42.48297, -5.64211, 135.10228, 136.05725, 0.00, 0.80, 0.00, 1.00, 0.87444, 0.04921, 0.87444, 0.04921, 0.73036, -0.15622, -0.66222, -42.48297, -5.64211, 135.10228
1180, 386, -40.62502, -7.2733, 135.15944, 136.1144, 0.00, 0.80, 0.00, 1.00, 0.89729, 0.04995, 0.89729, 0.04995, -0.02399, -0.59454, -0.801, -40.62502, -7.2733, 135.15944
1181, 391, -41.15828, -1.81855, 135.92998, 136.88467, 0.00, 0.80, 0.00, 1.00, 0.87489, 0.00678, 0.87489, 0.00678, 0.44661, -0.18118, -0.87394, -41.15828, -1.81855, 135.92998
1182, 381, -41.73557, -0.37678, 133.28375, 134.23933, 0.00, 0.80, 0.00, 1.00, 0.85038, 0.00812, 0.85038, 0.00812, 0.90577, 0.41491, -0.06271, -41.73557, -0.37678, 133.28375
1183, 392, -42.48297, -5.64211, 135.10228, 136.05725, 0.00, 0.80, 0.00, 1.00, 0.87444, 0.04921, 0.87444, 0.04921, 0.73036, -0.15622, -0.66222, -42.48297, -5.64211, 135.10228
1184, 391, -41.15828, -1.81855, 135.92998, 136.88467, 0.00, 0.80, 0.00, 1.00, 0.87489, 0.00678, 0.87489, 0.00678, 0.44661, -0.18118, -0.87394, -41.15828, -1.81855, 135.92998
1185, 380, -42.952, -3.90248, 132.53142, 133.48724, 0.00, 0.80, 0.00, 1.00, 0.84986, 0.04749, 0.84986, 0.04749, 0.87375, 0.48207, 0.02477, -42.952, -3.90248, 132.53142
1186, 392, -42.48297, -5.64211, 135.10228, 136.05725, 0.00, 0.80, 0.00, 1.00, 0.87444, 0.04921, 0.87444, 0.04921, 0.73036, -0.15622, -0.66222, -42.48297, -5.64211, 135.10228
1187, 381, -41.73557, -0.37678, 133.28375, 134.23933, 0.00, 0.80, 0.00, 1.00, 0.85038, 0.00812, 0.85038, 0.00812, 0.90577, 0.41491, -0.06271, -41.73557, -0.37678, 133.28375
1188, 382, -41.60712, -3.78383, 130.48991, 131.44643, 0.00, 0.80, 0.00, 1.00, 0.81401, 0.04676, 0.81401, 0.04676, 0.67492, 0.65827, 0.32761, -41.60712, -3.78383, 130.48991
1189, 393, -45.60023, -11.17332, 129.38121, 130.33809, 0.00, 0.80, 0.00, 1.00, 0.83237, 0.12965, 0.83237, 0.12965, 0.85862, 0.48068, 0.16692, -45.60023, -11.17332, 129.38121
1190, 380, -42.952, -3.90248, 132.53142, 133.48724, 0.00, 0.80, 0.00, 1.00, 0.84986, 0.04749, 0.84986, 0.04749, 0.87375, 0.48207, 0.02477, -42.952, -3.90248, 132.53142
1191, 394, -45.10996, -11.19551, 128.71353, 129.67062, 0.00, 0.80, 0.00, 1.00, 0.81382, 0.12904, 0.81382, 0.12904, 0.7031, 0.56727, 0.42386, -45.10996, -11.19551, 128.71353
1192, 393, -45.60023, -11.17332, 129.38121, 130.33809, 0.00, 0.80, 0.00, 1.00, 0.83237, 0.12965, 0.83237, 0.12965, 0.85862, 0.48068, 0.16692, -45.60023, -11.17332, 129.38121
1193, 382, -41.60712, -3.78383, 130.48991, 131.44643, 0.00, 0.80, 0.00, 1.00, 0.81401, 0.04676, 0.81401, 0.04676, 0.67492, 0.65827, 0.32761, -41.60712, -3.78383, 130.48991
1194, 386, -40.62502, -7.2733, 135.15944, 136.1144, 0.00, 0.80, 0.00, 1.00, 0.89729, 0.04995, 0.89729, 0.04995, -0.02399, -0.59454, -0.801, -40.62502, -7.2733, 135.15944
1195, 395, -43.18405, -13.10957, 130.0687, 131.02533, 0.00, 0.80, 0.00, 1.00, 0.92921, 0.13049, 0.92921, 0.13049, -0.50999, -0.83249, -0.20825, -43.18405, -13.10957, 130.0687
1196, 384, -38.15947, -7.89009, 133.53099, 134.48648, 0.00, 0.80, 0.00, 1.00, 0.92383, 0.04943, 0.92383, 0.04943, -0.73466, -0.66826, -0.10127, -38.15947, -7.89009, 133.53099
1197, 396, -44.65617, -12.76534, 130.86948, 131.82587, 0.00, 0.80, 0.00, 1.00, 0.89311, 0.13102, 0.89311, 0.13102, -0.2349, -0.82108, -0.5164, -44.65617, -12.76534, 130.86948
1198, 395, -43.18405, -13.10957, 130.0687, 131.02533, 0.00, 0.80, 0.00, 1.00, 0.92921, 0.13049, 0.92921, 0.13049, -0.50999, -0.83249, -0.20825, -43.18405, -13.10957, 130.0687
1199, 397, -40.62502, -7.2733, 135.15944, 136.1144, 0.00, 0.80, 0.00, 1.00, 0.89732, 0.04996, 0.89732, 0.04996, -0.17778, -0.87656, -0.44306, -40.62502, -7.2733, 135.15944
1200, 390, -38.75598, -5.29634, 130.07913, 131.03578, 0.00, 0.80, 0.00, 1.00, 0.95589, 0.0481, 0.95589, 0.0481, -0.51575, 0.12454, 0.84538, -38.75598, -5.29634, 130.07913
1201, 398, -45.10996, -11.19551, 128.71353, 129.67062, 0.00, 0.80, 0.00, 1.00, 0.99048, 0.13054, 0.99048, 0.13054, 0.12651, 0.47446, 0.86846, -45.10996, -11.19551, 128.71353
1202, 388, -41.60712, -3.78383, 130.48991, 131.44643, 0.00, 0.80, 0.00, 1.00, 0.98858, 0.04646, 0.98858, 0.04646, 0.05782, 0.53568, 0.83979, -41.60712, -3.78383, 130.48991
1203, 399, -43.54846, -11.75018, 128.17703, 129.13431, 0.00, 0.80, 0.00, 1.00, 0.95856, 0.1299, 0.95856, 0.1299, -0.58337, -0.1606, 0.79395, -43.54846, -11.75018, 128.17703
1204, 398, -45.10996, -11.19551, 128.71353, 129.67062, 0.00, 0.80, 0.00, 1.00, 0.99048, 0.13054, 0.99048, 0.13054, 0.12651, 0.47446, 0.86846, -45.10996, -11.19551, 128.71353
1205, 390, -38.75598, -5.29634, 130.07913, 131.03578, 0.00, 0.80, 0.00, 1.00, 0.95589, 0.0481, 0.95589, 0.0481, -0.51575, 0.12454, 0.84538, -38.75598, -5.29634, 130.07913
1206, 384, -38.15947, -7.89009, 133.53099, 134.48648, 0.00, 0.80, 0.00, 1.00, 0.92383, 0.04943, 0.92383, 0.04943, -0.73466, -0.66826, -0.10127, -38.15947, -7.89009, 133.53099
1207, 399, -43.54846, -11.75018, 128.17703, 129.13431, 0.00, 0.80, 0.00, 1.00, 0.95856, 0.1299, 0.95856, 0.1299, -0.58337, -0.1606, 0.79395, -43.54846, -11.75018, 128.17703
1208, 390, -38.75598, -5.29634, 130.07913, 131.03578, 0.00, 0.80, 0.00, 1.00, 0.95589, 0.0481, 0.95589, 0.0481, -0.51575, 0.12454, 0.84538, -38.75598, -5.29634, 130.07913
1209, 395, -43.18405, -13.10957, 130.0687, 131.02533, 0.00, 0.80, 0.00, 1.00, 0.92921, 0.13049, 0.92921, 0.13049, -0.50999, -0.83249, -0.20825, -43.18405, -13.10957, 130.0687
1210, 399, -43.54846, -11.75018, 128.17703, 129.13431, 0.00, 0.80, 0.00, 1.00, 0.95856, 0.1299, 0.95856, 0.1299, -0.58337, -0.1606, 0.79395, -43.54846, -11.75018, 128.17703
1211, 384, -38.15947, -7.89009, 133.53099, 134.48648, 0.00, 0.80, 0.00, 1.00, 0.92383, 0.04943, 0.92383, 0.04943, -0.73466, -0.66826, -0.10127, -38.15947, -7.89009, 133.53099
1212, 392, -42.48297, -5.64211, 135.10228, 136.05725, 0.00, 0.80, 0.00, 1.00, 0.87444, 0.04921, 0.87444, 0.04921, 0.73036, -0.15622, -0.66222, -42.48297, -5.64211, 135.10228
1213, 400, -44.65617, -12.76534, 130.86948, 131.82587, 0.00, 0.80, 0.00, 1.00, 0.89315, 0.131, 0.89315, 0.131, 0.37523, -0.54698, -0.74564, -44.65617, -12.76534, 130.86948
1214, 386, -40.62502, -7.2733, 135.15944, 136.1144, 0.00, 0.80, 0.00, 1.00, 0.89729, 0.04995, 0.89729, 0.04995, -0.02399, -0.59454, -0.801, -40.62502, -7.2733, 135.15944
1215, 401, -45.29741, -12.00897, 130.79482, 131.75122, 0.00, 0.80, 0.00, 1.00, 0.86425, 0.13012, 0.86425, 0.13012, 0.85284, -0.05341, -0.51604, -45.29741, -12.00897, 130.79482
1216, 400, -44.65617, -12.76534, 130.86948, 131.82587, 0.00, 0.80, 0.00, 1.00, 0.89315, 0.131, 0.89315, 0.131, 0.37523, -0.54698, -0.74564, -44.65617, -12.76534, 130.86948
1217, 392, -42.48297, -5.64211, 135.10228, 136.05725, 0.00, 0.80, 0.00, 1.00, 0.87444, 0.04921, 0.87444, 0.04921, 0.73036, -0.15622, -0.66222, -42.48297, -5.64211, 135.10228
1218, 380, -42.952, -3.90248, 132.53142, 133.48724, 0.00, 0.80, 0.00, 1.00, 0.84986, 0.04749, 0.84986, 0.04749, 0.87375, 0.48207, 0.02477, -42.952, -3.90248, 132.53142
1219, 401, -45.29741, -12.00897, 130.79482, 131.75122, 0.00, 0.80, 0.00, 1.00, 0.86425, 0.13012, 0.86425, 0.13012, 0.85284, -0.05341, -0.51604, -45.29741, -12.00897, 130.79482
1220, 392, -42.48297, -5.64211, 135.10228, 136.05725, 0.00, 0.80, 0.00, 1.00, 0.87444, 0.04921, 0.87444, 0.04921, 0.73036, -0.15622, -0.66222, -42.48297, -5.64211, 135.10228
1221, 393, -45.60023, -11.17332, 129.38121, 130.33809, 0.00, 0.80, 0.00, 1.00, 0.83237, 0.12965, 0.83237, 0.12965, 0.85862, 0.48068, 0.16692, -45.60023, -11.17332, 129.38121
1222, 401, -45.29741, -12.00897, 130.79482, 131.75122, 0.00, 0.80, 0.00, 1.00, 0.86425, 0.13012, 0.86425, 0.13012, 0.85284, -0.05341, -0.51604, -45.29741, -12.00897, 130.79482
1223, 380, -42.952, -3.90248, 132.53142, 133.48724, 0.00, 0.80, 0.00, 1.00, 0.84986, 0.04749, 0.84986, 0.04749, 0.87375, 0.48207, 0.02477, -42.952, -3.90248, 132.53142
1224, 402, -37.23417, 19.34081, 129.59715, 130.55396, 0.00, 0.80, 0.00, 1.00, 0.99013, 0.19746, 0.99013, 0.19746, 0.84891, 0.36333, -0.37972, -37.23417, 19.34081, 129.59715
1225, 403, -36.43076, 16.01954, 133.50732, 134.46283, 0.00, 0.80, 0.00, 1.00, 0.90, 0.24736, 0.90, 0.24736, 0.85406, 0.25575, -0.44935, -36.43076, 16.01954, 133.50732
1226, 404, -35.16589, 20.48081, 133.8904, 134.84576, 0.00, 0.80, 0.00, 1.00, 0.87617, 0.20965, 0.87617, 0.20965, 0.31691, 0.39717, -0.85983, -35.16589, 20.48081, 133.8904
1227, 405, -37.93502, 14.44511, 130.81055, 131.76694, 0.00, 0.80, 0.00, 1.00, 0.99122, 0.2465, 0.99122, 0.2465, 0.88308, 0.25166, -0.39184, -37.93502, 14.44511, 130.81055
1228, 403, -36.43076, 16.01954, 133.50732, 134.46283, 0.00, 0.80, 0.00, 1.00, 0.90, 0.24736, 0.90, 0.24736, 0.85406, 0.25575, -0.44935, -36.43076, 16.01954, 133.50732
1229, 402, -37.23417, 19.34081, 129.59715, 130.55396, 0.00, 0.80, 0.00, 1.00, 0.99013, 0.19746, 0.99013, 0.19746, 0.84891, 0.36333, -0.37972, -37.23417, 19.34081, 129.59715
1230, 402, -37.23417, 19.34081, 129.59715, 130.55396, 0.00, 0.80, 0.00, 1.00, 0.99013, 0.19746, 0.99013, 0.19746, 0.84891, 0.36333, -0.37972, -37.23417, 19.34081, 129.59715
1231, 404, -35.16589, 20.48081, 133.8904, 134.84576, 0.00, 0.80, 0.00, 1.00, 0.87617, 0.20965, 0.87617, 0.20965, 0.31691, 0.39717, -0.85983, -35.16589, 20.48081, 133.8904
1232, 406, -33.98961, 24.8439, 130.87299, 131.82938, 0.00, 0.80, 0.00, 1.00, 0.89775, 0.14833, 0.89775, 0.14833, 0.5617, 0.57773, -0.59011, -33.98961, 24.8439, 130.87299
1233, 402, -37.23417, 19.34081, 129.59715, 130.55396, 0.00, 0.80, 0.00, 1.00, 0.99013, 0.19746, 0.99013, 0.19746, 0.84891, 0.36333, -0.37972, -37.23417, 19.34081, 129.59715
1234, 406, -33.98961, 24.8439, 130.87299, 131.82938, 0.00, 0.80, 0.00, 1.00, 0.89775, 0.14833, 0.89775, 0.14833, 0.5617, 0.57773, -0.59011, -33.98961, 24.8439, 130.87299
1235, 407, -35.55078, 23.75225, 127.96661, 128.92395, 0.00, 0.80, 0.00, 1.00, 0.99046, 0.14853, 0.99046, 0.14853, 0.79547, 0.49028, -0.35204, -35.55078, 23.75225, 127.96661
1236, 408, -35.55078, 23.75225, 127.96661, 128.92395, 0.00, 0.80, 0.00, 1.00, 0.73217, 0.10346, 0.73217, 0.10346, 0.62112, 0.78215, 0.01972, -35.55078, 23.75225, 127.96661
1237, 409, -33.98961, 24.8439, 130.87299, 131.82938, 0.00, 0.80, 0.00, 1.00, 0.78808, 0.10212, 0.78808, 0.10212, 0.26714, 0.8321, -0.48434, -33.98961, 24.8439, 130.87299
1238, 410, -33.02796, 25.99641, 129.39632, 130.35318, 0.00, 0.80, 0.00, 1.00, 0.78005, 0.11705, 0.78005, 0.11705, 0.24211, 0.92975, -0.27496, -33.02796, 25.99641, 129.39632
1239, 408, -35.55078, 23.75225, 127.96661, 128.92395, 0.00, 0.80, 0.00, 1.00, 0.73217, 0.10346, 0.73217, 0.10346, 0.62112, 0.78215, 0.01972, -35.55078, 23.75225, 127.96661
1240, 410, -33.02796, 25.99641, 129.39632, 130.35318, 0.00, 0.80, 0.00, 1.00, 0.78005, 0.11705, 0.78005, 0.11705, 0.24211, 0.92975, -0.27496, -33.02796, 25.99641, 129.39632
1241, 411, -34.28526, 24.90136, 127.37493, 128.33247, 0.00, 0.80, 0.00, 1.00, 0.73853, 0.11711, 0.73853, 0.11711, 0.4935, 0.84135, 0.21649, -34.28526, 24.90136, 127.37493
1242, 412, -29.55069, 19.41485, 131.91576, 132.8718, 0.00, 0.80, 0.00, 1.00, 0.80945, 0.21055, 0.80945, 0.21055, -0.44405, 0.37646, -0.81165, -29.55069, 19.41485, 131.91576
1243, 413, -34.95896, 17.07376, 135.07748, 136.03246, 0.00, 0.80, 0.00, 1.00, 0.867, 0.24465, 0.867, 0.24465, 0.09497, 0.30527, -0.94622, -34.95896, 17.07376, 135.07748
1244, 414, -31.13203, 15.19374, 133.55089, 134.50638, 0.00, 0.80, 0.00, 1.00, 0.80765, 0.24557, 0.80765, 0.24557, -0.92194, -0.06775, -0.37701, -31.13203, 15.19374, 133.55089
1245, 404, -35.16589, 20.48081, 133.8904, 134.84576, 0.00, 0.80, 0.00, 1.00, 0.87617, 0.20965, 0.87617, 0.20965, 0.31691, 0.39717, -0.85983, -35.16589, 20.48081, 133.8904
1246, 413, -34.95896, 17.07376, 135.07748, 136.03246, 0.00, 0.80, 0.00, 1.00, 0.867, 0.24465, 0.867, 0.24465, 0.09497, 0.30527, -0.94622, -34.95896, 17.07376, 135.07748
1247, 412, -29.55069, 19.41485, 131.91576, 132.8718, 0.00, 0.80, 0.00, 1.00, 0.80945, 0.21055, 0.80945, 0.21055, -0.44405, 0.37646, -0.81165, -29.55069, 19.41485, 131.91576
1248, 415, -31.27206, 12.0157, 128.25838, 129.21562, 0.00, 0.80, 0.00, 1.00, 0.71846, 0.24832, 0.71846, 0.24832, 0.2031, -0.24678, 0.94625, -31.27206, 12.0157, 128.25838
1249, 416, -37.93502, 14.44511, 130.81055, 131.76694, 0.00, 0.80, 0.00, 1.00, 0.61898, 0.24905, 0.61898, 0.24905, 0.72223, -0.06597, 0.68635, -37.93502, 14.44511, 130.81055
1250, 417, -34.55548, 15.30856, 127.02917, 127.98683, 0.00, 0.80, 0.00, 1.00, 0.70424, 0.21431, 0.70424, 0.21431, 0.75818, -0.07835, 0.645, -34.55548, 15.30856, 127.02917
1251, 416, -37.93502, 14.44511, 130.81055, 131.76694, 0.00, 0.80, 0.00, 1.00, 0.61898, 0.24905, 0.61898, 0.24905, 0.72223, -0.06597, 0.68635, -37.93502, 14.44511, 130.81055
1252, 418, -37.23417, 19.34081, 129.59715, 130.55396, 0.00, 0.80, 0.00, 1.00, 0.61758, 0.20001, 0.61758, 0.20001, 0.72511, 0.07076, 0.68282, -37.23417, 19.34081, 129.59715
1253, 417, -34.55548, 15.30856, 127.02917, 127.98683, 0.00, 0.80, 0.00, 1.00, 0.70424, 0.21431, 0.70424, 0.21431, 0.75818, -0.07835, 0.645, -34.55548, 15.30856, 127.02917
1254, 419, -30.35589, 24.71517, 130.37247, 131.32901, 0.00, 0.80, 0.00, 1.00, 0.81012, 0.14623, 0.81012, 0.14623, -0.28438, 0.36091, -0.88683, -30.35589, 24.71517, 130.37247
1255, 404, -35.16589, 20.48081, 133.8904, 134.84576, 0.00, 0.80, 0.00, 1.00, 0.87617, 0.20965, 0.87617, 0.20965, 0.31691, 0.39717, -0.85983, -35.16589, 20.48081, 133.8904
1256, 412, -29.55069, 19.41485, 131.91576, 132.8718, 0.00, 0.80, 0.00, 1.00, 0.80945, 0.21055, 0.80945, 0.21055, -0.44405, 0.37646, -0.81165, -29.55069, 19.41485, 131.91576
1257, 406, -33.98961, 24.8439, 130.87299, 131.82938, 0.00, 0.80, 0.00, 1.00, 0.89775, 0.14833, 0.89775, 0.14833, 0.5617, 0.57773, -0.59011, -33.98961, 24.8439, 130.87299
1258, 404, -35.16589, 20.48081, 133.8904, 134.84576, 0.00, 0.80, 0.00, 1.00, 0.87617, 0.20965, 0.87617, 0.20965, 0.31691, 0.39717, -0.85983, -35.16589, 20.48081, 133.8904
1259, 419, -30.35589, 24.71517, 130.37247, 131.32901, 0.00, 0.80, 0.00, 1.00, 0.81012, 0.14623, 0.81012, 0.14623, -0.28438, 0.36091, -0.88683, -30.35589, 24.71517, 130.37247
1260, 417, -34.55548, 15.30856, 127.02917, 127.98683, 0.00, 0.80, 0.00, 1.00, 0.70424, 0.21431, 0.70424, 0.21431, 0.75818, -0.07835, 0.645, -34.55548, 15.30856, 127.02917
1261, 420, -35.55078, 23.75225, 127.96661, 128.92395, 0.00, 0.80, 0.00, 1.00, 0.61774, 0.14789, 0.61774, 0.14789, 0.80989, 0.05794, 0.58106, -35.55078, 23.75225, 127.96661
1262, 421, -33.76431, 22.22056, 124.63203, 125.59048, 0.00, 0.80, 0.00, 1.00, 0.69579, 0.14495, 0.69579, 0.14495, 0.8933, -0.00015, 0.44584, -33.76431, 22.22056, 124.63203
1263, 418, -37.23417, 19.34081, 129.59715, 130.55396, 0.00, 0.80, 0.00, 1.00, 0.61758, 0.20001, 0.61758, 0.20001, 0.72511, 0.07076, 0.68282, -37.23417, 19.34081, 129.59715
1264, 420, -35.55078, 23.75225, 127.96661, 128.92395, 0.00, 0.80, 0.00, 1.00, 0.61774, 0.14789, 0.61774, 0.14789, 0.80989, 0.05794, 0.58106, -35.55078, 23.75225, 127.96661
1265, 417, -34.55548, 15.30856, 127.02917, 127.98683, 0.00, 0.80, 0.00, 1.00, 0.70424, 0.21431, 0.70424, 0.21431, 0.75818, -0.07835, 0.645, -34.55548, 15.30856, 127.02917
1266, 422, -30.75468, 26.29143, 128.63145, 129.58858, 0.00, 0.80, 0.00, 1.00, 0.7888, 0.14547, 0.7888, 0.14547, 0.0441, 0.94947, -0.30882, -30.75468, 26.29143, 128.63145
1267, 410, -33.02796, 25.99641, 129.39632, 130.35318, 0.00, 0.80, 0.00, 1.00, 0.78005, 0.11705, 0.78005, 0.11705, 0.24211, 0.92975, -0.27496, -33.02796, 25.99641, 129.39632
1268, 423, -30.35589, 24.71517, 130.37247, 131.32901, 0.00, 0.80, 0.00, 1.00, 0.80958, 0.14557, 0.80958, 0.14557, -0.10041, 0.74008, -0.66367, -30.35589, 24.71517, 130.37247
1269, 410, -33.02796, 25.99641, 129.39632, 130.35318, 0.00, 0.80, 0.00, 1.00, 0.78005, 0.11705, 0.78005, 0.11705, 0.24211, 0.92975, -0.27496, -33.02796, 25.99641, 129.39632
1270, 409, -33.98961, 24.8439, 130.87299, 131.82938, 0.00, 0.80, 0.00, 1.00, 0.78808, 0.10212, 0.78808, 0.10212, 0.26714, 0.8321, -0.48434, -33.98961, 24.8439, 130.87299
1271, 423, -30.35589, 24.71517, 130.37247, 131.32901, 0.00, 0.80, 0.00, 1.00, 0.80958, 0.14557, 0.80958, 0.14557, -0.10041, 0.74008, -0.66367, -30.35589, 24.71517, 130.37247
1272, 424, -32.5349, 24.74689, 125.76112, 126.71921, 0.00, 0.80, 0.00, 1.00, 0.72992, 0.14557, 0.72992, 0.14557, 0.29455, 0.92863, 0.22269, -32.5349, 24.74689, 125.76112
1273, 410, -33.02796, 25.99641, 129.39632, 130.35318, 0.00, 0.80, 0.00, 1.00, 0.78005, 0.11705, 0.78005, 0.11705, 0.24211, 0.92975, -0.27496, -33.02796, 25.99641, 129.39632
1274, 422, -30.75468, 26.29143, 128.63145, 129.58858, 0.00, 0.80, 0.00, 1.00, 0.7888, 0.14547, 0.7888, 0.14547, 0.0441, 0.94947, -0.30882, -30.75468, 26.29143, 128.63145
1275, 411, -34.28526, 24.90136, 127.37493, 128.33247, 0.00, 0.80, 0.00, 1.00, 0.73853, 0.11711, 0.73853, 0.11711, 0.4935, 0.84135, 0.21649, -34.28526, 24.90136, 127.37493
1276, 410, -33.02796, 25.99641, 129.39632, 130.35318, 0.00, 0.80, 0.00, 1.00, 0.78005, 0.11705, 0.78005, 0.11705, 0.24211, 0.92975, -0.27496, -33.02796, 25.99641, 129.39632
1277, 424, -32.5349, 24.74689, 125.76112, 126.71921, 0.00, 0.80, 0.00, 1.00, 0.72992, 0.14557, 0.72992, 0.14557, 0.29455, 0.92863, 0.22269, -32.5349, 24.74689, 125.76112
1278, 425, -33.76431, 22.22056, 124.63203, 125.59048, 0.00, 0.80, 0.00, 1.00, 0.69529, 0.14565, 0.69529, 0.14565, 0.56544, 0.69977, 0.43418, -33.76431, 22.22056, 124.63203
1279, 411, -34.28526, 24.90136, 127.37493, 128.33247, 0.00, 0.80, 0.00, 1.00, 0.73853, 0.11711, 0.73853, 0.11711, 0.4935, 0.84135, 0.21649, -34.28526, 24.90136, 127.37493
1280, 424, -32.5349, 24.74689, 125.76112, 126.71921, 0.00, 0.80, 0.00, 1.00, 0.72992, 0.14557, 0.72992, 0.14557, 0.29455, 0.92863, 0.22269, -32.5349, 24.74689, 125.76112
1281, 408, -35.55078, 23.75225, 127.96661, 128.92395, 0.00, 0.80, 0.00, 1.00, 0.73217, 0.10346, 0.73217, 0.10346, 0.62112, 0.78215, 0.01972, -35.55078, 23.75225, 127.96661
1282, 411, -34.28526, 24.90136, 127.37493, 128.33247, 0.00, 0.80, 0.00, 1.00, 0.73853, 0.11711, 0.73853, 0.11711, 0.4935, 0.84135, 0.21649, -34.28526, 24.90136, 127.37493
1283, 425, -33.76431, 22.22056, 124.63203, 125.59048, 0.00, 0.80, 0.00, 1.00, 0.69529, 0.14565, 0.69529, 0.14565, 0.56544, 0.69977, 0.43418, -33.76431, 22.22056, 124.63203
1284, 415, -31.27206, 12.0157, 128.25838, 129.21562, 0.00, 0.80, 0.00, 1.00, 0.71846, 0.24832, 0.71846, 0.24832, 0.2031, -0.24678, 0.94625, -31.27206, 12.0157, 128.25838
1285, 426, -37.46552, 8.18159, 130.45865, 131.41516, 0.00, 0.80, 0.00, 1.00, 0.66835, 0.29778, 0.66835, 0.29778, 0.69516, -0.0775, 0.71262, -37.46552, 8.18159, 130.45865
1286, 416, -37.93502, 14.44511, 130.81055, 131.76694, 0.00, 0.80, 0.00, 1.00, 0.61898, 0.24905, 0.61898, 0.24905, 0.72223, -0.06597, 0.68635, -37.93502, 14.44511, 130.81055
1287, 427, -34.95495, 5.6655, 130.33351, 131.29007, 0.00, 0.80, 0.00, 1.00, 0.70995, 0.31396, 0.70995, 0.31396, -0.33626, -0.42665, 0.8381, -34.95495, 5.6655, 130.33351
1288, 426, -37.46552, 8.18159, 130.45865, 131.41516, 0.00, 0.80, 0.00, 1.00, 0.66835, 0.29778, 0.66835, 0.29778, 0.69516, -0.0775, 0.71262, -37.46552, 8.18159, 130.45865
1289, 415, -31.27206, 12.0157, 128.25838, 129.21562, 0.00, 0.80, 0.00, 1.00, 0.71846, 0.24832, 0.71846, 0.24832, 0.2031, -0.24678, 0.94625, -31.27206, 12.0157, 128.25838
1290, 414, -31.13203, 15.19374, 133.55089, 134.50638, 0.00, 0.80, 0.00, 1.00, 0.80765, 0.24557, 0.80765, 0.24557, -0.92194, -0.06775, -0.37701, -31.13203, 15.19374, 133.55089
1291, 427, -34.95495, 5.6655, 130.33351, 131.29007, 0.00, 0.80, 0.00, 1.00, 0.70995, 0.31396, 0.70995, 0.31396, -0.33626, -0.42665, 0.8381, -34.95495, 5.6655, 130.33351
1292, 415, -31.27206, 12.0157, 128.25838, 129.21562, 0.00, 0.80, 0.00, 1.00, 0.71846, 0.24832, 0.71846, 0.24832, 0.2031, -0.24678, 0.94625, -31.27206, 12.0157, 128.25838
1293, 428, -32.56049, 8.37885, 134.71216, 135.66727, 0.00, 0.80, 0.00, 1.00, 0.79836, 0.31124, 0.79836, 0.31124, -0.89692, -0.37631, 0.22519, -32.56049, 8.37885, 134.71216
1294, 427, -34.95495, 5.6655, 130.33351, 131.29007, 0.00, 0.80, 0.00, 1.00, 0.70995, 0.31396, 0.70995, 0.31396, -0.33626, -0.42665, 0.8381, -34.95495, 5.6655, 130.33351
1295, 414, -31.13203, 15.19374, 133.55089, 134.50638, 0.00, 0.80, 0.00, 1.00, 0.80765, 0.24557, 0.80765, 0.24557, -0.92194, -0.06775, -0.37701, -31.13203, 15.19374, 133.55089
1296, 413, -34.95896, 17.07376, 135.07748, 136.03246, 0.00, 0.80, 0.00, 1.00, 0.867, 0.24465, 0.867, 0.24465, 0.09497, 0.30527, -0.94622, -34.95896, 17.07376, 135.07748
1297, 429, -34.60834, 11.60146, 136.88347, 137.83783, 0.00, 0.80, 0.00, 1.00, 0.85923, 0.2996, 0.85923, 0.2996, -0.25146, 0.09653, -0.96172, -34.60834, 11.60146, 136.88347
1298, 414, -31.13203, 15.19374, 133.55089, 134.50638, 0.00, 0.80, 0.00, 1.00, 0.80765, 0.24557, 0.80765, 0.24557, -0.92194, -0.06775, -0.37701, -31.13203, 15.19374, 133.55089
1299, 430, -37.11651, 10.47663, 136.34747, 137.30202, 0.00, 0.80, 0.00, 1.00, 0.90049, 0.31033, 0.90049, 0.31033, 0.58591, 0.25171, -0.76841, -37.11651, 10.47663, 136.34747
1300, 429, -34.60834, 11.60146, 136.88347, 137.83783, 0.00, 0.80, 0.00, 1.00, 0.85923, 0.2996, 0.85923, 0.2996, -0.25146, 0.09653, -0.96172, -34.60834, 11.60146, 136.88347
1301, 413, -34.95896, 17.07376, 135.07748, 136.03246, 0.00, 0.80, 0.00, 1.00, 0.867, 0.24465, 0.867, 0.24465, 0.09497, 0.30527, -0.94622, -34.95896, 17.07376, 135.07748
1302, 403, -36.43076, 16.01954, 133.50732, 134.46283, 0.00, 0.80, 0.00, 1.00, 0.90, 0.24736, 0.90, 0.24736, 0.85406, 0.25575, -0.44935, -36.43076, 16.01954, 133.50732
1303, 405, -37.93502, 14.44511, 130.81055, 131.76694, 0.00, 0.80, 0.00, 1.00, 0.99122, 0.2465, 0.99122, 0.2465, 0.88308, 0.25166, -0.39184, -37.93502, 14.44511, 130.81055
1304, 431, -38.73162, 8.32346, 133.22198, 134.17758, 0.00, 0.80, 0.00, 1.00, 0.98934, 0.31183, 0.98934, 0.31183, 0.89768, 0.20503, -0.38574, -38.73162, 8.32346, 133.22198
1305, 431, -38.73162, 8.32346, 133.22198, 134.17758, 0.00, 0.80, 0.00, 1.00, 0.98934, 0.31183, 0.98934, 0.31183, 0.89768, 0.20503, -0.38574, -38.73162, 8.32346, 133.22198
1306, 430, -37.11651, 10.47663, 136.34747, 137.30202, 0.00, 0.80, 0.00, 1.00, 0.90049, 0.31033, 0.90049, 0.31033, 0.58591, 0.25171, -0.76841, -37.11651, 10.47663, 136.34747
1307, 403, -36.43076, 16.01954, 133.50732, 134.46283, 0.00, 0.80, 0.00, 1.00, 0.90, 0.24736, 0.90, 0.24736, 0.85406, 0.25575, -0.44935, -36.43076, 16.01954, 133.50732
1308, 416, -37.93502, 14.44511, 130.81055, 131.76694, 0.00, 0.80, 0.00, 1.00, 0.61898, 0.24905, 0.61898, 0.24905, 0.72223, -0.06597, 0.68635, -37.93502, 14.44511, 130.81055
1309, 426, -37.46552, 8.18159, 130.45865, 131.41516, 0.00, 0.80, 0.00, 1.00, 0.66835, 0.29778, 0.66835, 0.29778, 0.69516, -0.0775, 0.71262, -37.46552, 8.18159, 130.45865
1310, 432, -38.73162, 8.32346, 133.22198, 134.17758, 0.00, 0.80, 0.00, 1.00, 0.61655, 0.31439, 0.61655, 0.31439, 0.91212, 0.02687, 0.40501, -38.73162, 8.32346, 133.22198
1311, 414, -31.13203, 15.19374, 133.55089, 134.50638, 0.00, 0.80, 0.00, 1.00, 0.80765, 0.24557, 0.80765, 0.24557, -0.92194, -0.06775, -0.37701, -31.13203, 15.19374, 133.55089
1312, 429, -34.60834, 11.60146, 136.88347, 137.83783, 0.00, 0.80, 0.00, 1.00, 0.85923, 0.2996, 0.85923, 0.2996, -0.25146, 0.09653, -0.96172, -34.60834, 11.60146, 136.88347
1313, 433, -33.20663, 6.00732, 136.12845, 137.08308, 0.00, 0.80, 0.00, 1.00, 0.80882, 0.34002, 0.80882, 0.34002, -0.97987, -0.0034, -0.19084, -33.20663, 6.00732, 136.12845
1314, 426, -37.46552, 8.18159, 130.45865, 131.41516, 0.00, 0.80, 0.00, 1.00, 0.66835, 0.29778, 0.66835, 0.29778, 0.69516, -0.0775, 0.71262, -37.46552, 8.18159, 130.45865
1315, 434, -38.9883, 5.54854, 133.88292, 134.83829, 0.00, 0.80, 0.00, 1.00, 0.61687, 0.34162, 0.61687, 0.34162, 0.88512, -0.04158, 0.46002, -38.9883, 5.54854, 133.88292
1316, 432, -38.73162, 8.32346, 133.22198, 134.17758, 0.00, 0.80, 0.00, 1.00, 0.61655, 0.31439, 0.61655, 0.31439, 0.91212, 0.02687, 0.40501, -38.73162, 8.32346, 133.22198
1317, 435, -38.03129, 4.36775, 132.6324, 133.5882, 0.00, 0.80, 0.00, 1.00, 0.66031, 0.3427, 0.66031, 0.3427, 0.54723, -0.13077, 0.82505, -38.03129, 4.36775, 132.6324
1318, 434, -38.9883, 5.54854, 133.88292, 134.83829, 0.00, 0.80, 0.00, 1.00, 0.61687, 0.34162, 0.61687, 0.34162, 0.88512, -0.04158, 0.46002, -38.9883, 5.54854, 133.88292
1319, 426, -37.46552, 8.18159, 130.45865, 131.41516, 0.00, 0.80, 0.00, 1.00, 0.66835, 0.29778, 0.66835, 0.29778, 0.69516, -0.0775, 0.71262, -37.46552, 8.18159, 130.45865
1320, 414, -31.13203, 15.19374, 133.55089, 134.50638, 0.00, 0.80, 0.00, 1.00, 0.80765, 0.24557, 0.80765, 0.24557, -0.92194, -0.06775, -0.37701, -31.13203, 15.19374, 133.55089
1321, 433, -33.20663, 6.00732, 136.12845, 137.08308, 0.00, 0.80, 0.00, 1.00, 0.80882, 0.34002, 0.80882, 0.34002, -0.97987, -0.0034, -0.19084, -33.20663, 6.00732, 136.12845
1322, 428, -32.56049, 8.37885, 134.71216, 135.66727, 0.00, 0.80, 0.00, 1.00, 0.79836, 0.31124, 0.79836, 0.31124, -0.89692, -0.37631, 0.22519, -32.56049, 8.37885, 134.71216
1323, 436, -35.23812, 7.19808, 137.48843, 138.44261, 0.00, 0.80, 0.00, 1.00, 0.85691, 0.34094, 0.85691, 0.34094, -0.33171, 0.34353, -0.87722, -35.23812, 7.19808, 137.48843
1324, 433, -33.20663, 6.00732, 136.12845, 137.08308, 0.00, 0.80, 0.00, 1.00, 0.80882, 0.34002, 0.80882, 0.34002, -0.97987, -0.0034, -0.19084, -33.20663, 6.00732, 136.12845
1325, 429, -34.60834, 11.60146, 136.88347, 137.83783, 0.00, 0.80, 0.00, 1.00, 0.85923, 0.2996, 0.85923, 0.2996, -0.25146, 0.09653, -0.96172, -34.60834, 11.60146, 136.88347
1326, 427, -34.95495, 5.6655, 130.33351, 131.29007, 0.00, 0.80, 0.00, 1.00, 0.70995, 0.31396, 0.70995, 0.31396, -0.33626, -0.42665, 0.8381, -34.95495, 5.6655, 130.33351
1327, 435, -38.03129, 4.36775, 132.6324, 133.5882, 0.00, 0.80, 0.00, 1.00, 0.66031, 0.3427, 0.66031, 0.3427, 0.54723, -0.13077, 0.82505, -38.03129, 4.36775, 132.6324
1328, 426, -37.46552, 8.18159, 130.45865, 131.41516, 0.00, 0.80, 0.00, 1.00, 0.66835, 0.29778, 0.66835, 0.29778, 0.69516, -0.0775, 0.71262, -37.46552, 8.18159, 130.45865
1329, 437, -35.67963, 3.45748, 131.71576, 132.67186, 0.00, 0.80, 0.00, 1.00, 0.70581, 0.34132, 0.70581, 0.34132, -0.36544, -0.14514, 0.91798, -35.67963, 3.45748, 131.71576
1330, 435, -38.03129, 4.36775, 132.6324, 133.5882, 0.00, 0.80, 0.00, 1.00, 0.66031, 0.3427, 0.66031, 0.3427, 0.54723, -0.13077, 0.82505, -38.03129, 4.36775, 132.6324
1331, 427, -34.95495, 5.6655, 130.33351, 131.29007, 0.00, 0.80, 0.00, 1.00, 0.70995, 0.31396, 0.70995, 0.31396, -0.33626, -0.42665, 0.8381, -34.95495, 5.6655, 130.33351
1332, 428, -32.56049, 8.37885, 134.71216, 135.66727, 0.00, 0.80, 0.00, 1.00, 0.79836, 0.31124, 0.79836, 0.31124, -0.89692, -0.37631, 0.22519, -32.56049, 8.37885, 134.71216
1333, 437, -35.67963, 3.45748, 131.71576, 132.67186, 0.00, 0.80, 0.00, 1.00, 0.70581, 0.34132, 0.70581, 0.34132, -0.36544, -0.14514, 0.91798, -35.67963, 3.45748, 131.71576
1334, 427, -34.95495, 5.6655, 130.33351, 131.29007, 0.00, 0.80, 0.00, 1.00, 0.70995, 0.31396, 0.70995, 0.31396, -0.33626, -0.42665, 0.8381, -34.95495, 5.6655, 130.33351
1335, 433, -33.20663, 6.00732, 136.12845, 137.08308, 0.00, 0.80, 0.00, 1.00, 0.80882, 0.34002, 0.80882, 0.34002, -0.97987, -0.0034, -0.19084, -33.20663, 6.00732, 136.12845
1336, 437, -35.67963, 3.45748, 131.71576, 132.67186, 0.00, 0.80, 0.00, 1.00, 0.70581, 0.34132, 0.70581, 0.34132, -0.36544, -0.14514, 0.91798, -35.67963, 3.45748, 131.71576
1337, 428, -32.56049, 8.37885, 134.71216, 135.66727, 0.00, 0.80, 0.00, 1.00, 0.79836, 0.31124, 0.79836, 0.31124, -0.89692, -0.37631, 0.22519, -32.56049, 8.37885, 134.71216
1338, 430, -37.11651, 10.47663, 136.34747, 137.30202, 0.00, 0.80, 0.00, 1.00, 0.90049, 0.31033, 0.90049, 0.31033, 0.58591, 0.25171, -0.76841, -37.11651, 10.47663, 136.34747
1339, 436, -35.23812, 7.19808, 137.48843, 138.44261, 0.00, 0.80, 0.00, 1.00, 0.85691, 0.34094, 0.85691, 0.34094, -0.33171, 0.34353, -0.87722, -35.23812, 7.19808, 137.48843
1340, 429, -34.60834, 11.60146, 136.88347, 137.83783, 0.00, 0.80, 0.00, 1.00, 0.85923, 0.2996, 0.85923, 0.2996, -0.25146, 0.09653, -0.96172, -34.60834, 11.60146, 136.88347
1341, 438, -36.99776, 7.70095, 137.37563, 138.32983, 0.00, 0.80, 0.00, 1.00, 0.89202, 0.33907, 0.89202, 0.33907, 0.46276, 0.52437, -0.71303, -36.99776, 7.70095, 137.37563
1342, 436, -35.23812, 7.19808, 137.48843, 138.44261, 0.00, 0.80, 0.00, 1.00, 0.85691, 0.34094, 0.85691, 0.34094, -0.33171, 0.34353, -0.87722, -35.23812, 7.19808, 137.48843
1343, 430, -37.11651, 10.47663, 136.34747, 137.30202, 0.00, 0.80, 0.00, 1.00, 0.90049, 0.31033, 0.90049, 0.31033, 0.58591, 0.25171, -0.76841, -37.11651, 10.47663, 136.34747
1344, 431, -38.73162, 8.32346, 133.22198, 134.17758, 0.00, 0.80, 0.00, 1.00, 0.98934, 0.31183, 0.98934, 0.31183, 0.89768, 0.20503, -0.38574, -38.73162, 8.32346, 133.22198
1345, 438, -36.99776, 7.70095, 137.37563, 138.32983, 0.00, 0.80, 0.00, 1.00, 0.89202, 0.33907, 0.89202, 0.33907, 0.46276, 0.52437, -0.71303, -36.99776, 7.70095, 137.37563
1346, 430, -37.11651, 10.47663, 136.34747, 137.30202, 0.00, 0.80, 0.00, 1.00, 0.90049, 0.31033, 0.90049, 0.31033, 0.58591, 0.25171, -0.76841, -37.11651, 10.47663, 136.34747
1347, 439, -38.9883, 5.54854, 133.88292, 134.83829, 0.00, 0.80, 0.00, 1.00, 0.9901, 0.33906, 0.9901, 0.33906, 0.79453, 0.54188, -0.26878, -38.9883, 5.54854, 133.88292
1348, 438, -36.99776, 7.70095, 137.37563, 138.32983, 0.00, 0.80, 0.00, 1.00, 0.89202, 0.33907, 0.89202, 0.33907, 0.46276, 0.52437, -0.71303, -36.99776, 7.70095, 137.37563
1349, 431, -38.73162, 8.32346, 133.22198, 134.17758, 0.00, 0.80, 0.00, 1.00, 0.98934, 0.31183, 0.98934, 0.31183, 0.89768, 0.20503, -0.38574, -38.73162, 8.32346, 133.22198
1350, 440, -38.03129, 4.36775, 132.6324, 133.5882, 0.00, 0.80, 0.00, 1.00, 0.66051, 0.34334, 0.66051, 0.34334, 0.7084, 0.37441, 0.596, -38.03129, 4.36775, 132.6324
1351, 441, -40.01683, 4.82055, 134.23299, 135.18825, 0.00, 0.80, 0.00, 1.00, 0.61703, 0.36159, 0.61703, 0.36159, 0.50385, 0.80001, 0.32011, -40.01683, 4.82055, 134.23299
1352, 442, -38.9883, 5.54854, 133.88292, 134.83829, 0.00, 0.80, 0.00, 1.00, 0.61691, 0.34226, 0.61691, 0.34226, 0.71709, 0.303, 0.62541, -38.9883, 5.54854, 133.88292
1353, 443, -38.35586, 4.53785, 131.89342, 132.84944, 0.00, 0.80, 0.00, 1.00, 0.66085, 0.3621, 0.66085, 0.3621, 0.55912, 0.72829, 0.39131, -38.35586, 4.53785, 131.89342
1354, 441, -40.01683, 4.82055, 134.23299, 135.18825, 0.00, 0.80, 0.00, 1.00, 0.61703, 0.36159, 0.61703, 0.36159, 0.50385, 0.80001, 0.32011, -40.01683, 4.82055, 134.23299
1355, 440, -38.03129, 4.36775, 132.6324, 133.5882, 0.00, 0.80, 0.00, 1.00, 0.66051, 0.34334, 0.66051, 0.34334, 0.7084, 0.37441, 0.596, -38.03129, 4.36775, 132.6324
1356, 436, -35.23812, 7.19808, 137.48843, 138.44261, 0.00, 0.80, 0.00, 1.00, 0.85691, 0.34094, 0.85691, 0.34094, -0.33171, 0.34353, -0.87722, -35.23812, 7.19808, 137.48843
1357, 444, -33.65553, 0.18501, 136.71939, 137.67383, 0.00, 0.80, 0.00, 1.00, 0.80364, 0.35882, 0.80364, 0.35882, -0.88065, -0.41357, -0.22232, -33.65553, 0.18501, 136.71939
1358, 433, -33.20663, 6.00732, 136.12845, 137.08308, 0.00, 0.80, 0.00, 1.00, 0.80882, 0.34002, 0.80882, 0.34002, -0.97987, -0.0034, -0.19084, -33.20663, 6.00732, 136.12845
1359, 445, -36.42747, 0.96751, 138.77509, 139.72884, 0.00, 0.80, 0.00, 1.00, 0.85733, 0.35974, 0.85733, 0.35974, -0.17274, -0.45012, -0.87344, -36.42747, 0.96751, 138.77509
1360, 444, -33.65553, 0.18501, 136.71939, 137.67383, 0.00, 0.80, 0.00, 1.00, 0.80364, 0.35882, 0.80364, 0.35882, -0.88065, -0.41357, -0.22232, -33.65553, 0.18501, 136.71939
1361, 436, -35.23812, 7.19808, 137.48843, 138.44261, 0.00, 0.80, 0.00, 1.00, 0.85691, 0.34094, 0.85691, 0.34094, -0.33171, 0.34353, -0.87722, -35.23812, 7.19808, 137.48843
1362, 437, -35.67963, 3.45748, 131.71576, 132.67186, 0.00, 0.80, 0.00, 1.00, 0.70581, 0.34132, 0.70581, 0.34132, -0.36544, -0.14514, 0.91798, -35.67963, 3.45748, 131.71576
1363, 446, -38.35586, 4.53785, 131.89342, 132.84944, 0.00, 0.80, 0.00, 1.00, 0.66065, 0.36146, 0.66065, 0.36146, 0.01653, 0.67407, 0.73563, -38.35586, 4.53785, 131.89342
1364, 435, -38.03129, 4.36775, 132.6324, 133.5882, 0.00, 0.80, 0.00, 1.00, 0.66031, 0.3427, 0.66031, 0.3427, 0.54723, -0.13077, 0.82505, -38.03129, 4.36775, 132.6324
1365, 447, -35.06396, 2.94753, 131.28143, 132.23767, 0.00, 0.80, 0.00, 1.00, 0.7111, 0.3601, 0.7111, 0.3601, -0.57248, 0.36656, 0.73079, -35.06396, 2.94753, 131.28143
1366, 446, -38.35586, 4.53785, 131.89342, 132.84944, 0.00, 0.80, 0.00, 1.00, 0.66065, 0.36146, 0.66065, 0.36146, 0.01653, 0.67407, 0.73563, -38.35586, 4.53785, 131.89342
1367, 437, -35.67963, 3.45748, 131.71576, 132.67186, 0.00, 0.80, 0.00, 1.00, 0.70581, 0.34132, 0.70581, 0.34132, -0.36544, -0.14514, 0.91798, -35.67963, 3.45748, 131.71576
1368, 433, -33.20663, 6.00732, 136.12845, 137.08308, 0.00, 0.80, 0.00, 1.00, 0.80882, 0.34002, 0.80882, 0.34002, -0.97987, -0.0034, -0.19084, -33.20663, 6.00732, 136.12845
1369, 447, -35.06396, 2.94753, 131.28143, 132.23767, 0.00, 0.80, 0.00, 1.00, 0.7111, 0.3601, 0.7111, 0.3601, -0.57248, 0.36656, 0.73079, -35.06396, 2.94753, 131.28143
1370, 437, -35.67963, 3.45748, 131.71576, 132.67186, 0.00, 0.80, 0.00, 1.00, 0.70581, 0.34132, 0.70581, 0.34132, -0.36544, -0.14514, 0.91798, -35.67963, 3.45748, 131.71576
1371, 444, -33.65553, 0.18501, 136.71939, 137.67383, 0.00, 0.80, 0.00, 1.00, 0.80364, 0.35882, 0.80364, 0.35882, -0.88065, -0.41357, -0.22232, -33.65553, 0.18501, 136.71939
1372, 447, -35.06396, 2.94753, 131.28143, 132.23767, 0.00, 0.80, 0.00, 1.00, 0.7111, 0.3601, 0.7111, 0.3601, -0.57248, 0.36656, 0.73079, -35.06396, 2.94753, 131.28143
1373, 433, -33.20663, 6.00732, 136.12845, 137.08308, 0.00, 0.80, 0.00, 1.00, 0.80882, 0.34002, 0.80882, 0.34002, -0.97987, -0.0034, -0.19084, -33.20663, 6.00732, 136.12845
1374, 438, -36.99776, 7.70095, 137.37563, 138.32983, 0.00, 0.80, 0.00, 1.00, 0.89202, 0.33907, 0.89202, 0.33907, 0.46276, 0.52437, -0.71303, -36.99776, 7.70095, 137.37563
1375, 445, -36.42747, 0.96751, 138.77509, 139.72884, 0.00, 0.80, 0.00, 1.00, 0.85733, 0.35974, 0.85733, 0.35974, -0.17274, -0.45012, -0.87344, -36.42747, 0.96751, 138.77509
1376, 436, -35.23812, 7.19808, 137.48843, 138.44261, 0.00, 0.80, 0.00, 1.00, 0.85691, 0.34094, 0.85691, 0.34094, -0.33171, 0.34353, -0.87722, -35.23812, 7.19808, 137.48843
1377, 448, -38.86686, 2.74187, 138.56786, 139.52167, 0.00, 0.80, 0.00, 1.00, 0.9008, 0.35788, 0.9008, 0.35788, 0.51703, 0.11521, -0.84602, -38.86686, 2.74187, 138.56786
1378, 445, -36.42747, 0.96751, 138.77509, 139.72884, 0.00, 0.80, 0.00, 1.00, 0.85733, 0.35974, 0.85733, 0.35974, -0.17274, -0.45012, -0.87344, -36.42747, 0.96751, 138.77509
1379, 438, -36.99776, 7.70095, 137.37563, 138.32983, 0.00, 0.80, 0.00, 1.00, 0.89202, 0.33907, 0.89202, 0.33907, 0.46276, 0.52437, -0.71303, -36.99776, 7.70095, 137.37563
1380, 439, -38.9883, 5.54854, 133.88292, 134.83829, 0.00, 0.80, 0.00, 1.00, 0.9901, 0.33906, 0.9901, 0.33906, 0.79453, 0.54188, -0.26878, -38.9883, 5.54854, 133.88292
1381, 448, -38.86686, 2.74187, 138.56786, 139.52167, 0.00, 0.80, 0.00, 1.00, 0.9008, 0.35788, 0.9008, 0.35788, 0.51703, 0.11521, -0.84602, -38.86686, 2.74187, 138.56786
1382, 438, -36.99776, 7.70095, 137.37563, 138.32983, 0.00, 0.80, 0.00, 1.00, 0.89202, 0.33907, 0.89202, 0.33907, 0.46276, 0.52437, -0.71303, -36.99776, 7.70095, 137.37563
1383, 449, -40.01683, 4.82055, 134.23299, 135.18825, 0.00, 0.80, 0.00, 1.00, 0.98896, 0.35775, 0.98896, 0.35775, 0.74224, 0.48063, -0.4637, -40.01683, 4.82055, 134.23299
1384, 448, -38.86686, 2.74187, 138.56786, 139.52167, 0.00, 0.80, 0.00, 1.00, 0.9008, 0.35788, 0.9008, 0.35788, 0.51703, 0.11521, -0.84602, -38.86686, 2.74187, 138.56786
1385, 439, -38.9883, 5.54854, 133.88292, 134.83829, 0.00, 0.80, 0.00, 1.00, 0.9901, 0.33906, 0.9901, 0.33906, 0.79453, 0.54188, -0.26878, -38.9883, 5.54854, 133.88292
1386, 443, -38.35586, 4.53785, 131.89342, 132.84944, 0.00, 0.80, 0.00, 1.00, 0.66085, 0.3621, 0.66085, 0.3621, 0.55912, 0.72829, 0.39131, -38.35586, 4.53785, 131.89342
1387, 450, -42.06709, 0.91058, 133.26358, 134.21916, 0.00, 0.80, 0.00, 1.00, 0.61681, 0.40716, 0.61681, 0.40716, 0.70442, 0.40043, 0.58208, -42.06709, 0.91058, 133.26358
1388, 441, -40.01683, 4.82055, 134.23299, 135.18825, 0.00, 0.80, 0.00, 1.00, 0.61703, 0.36159, 0.61703, 0.36159, 0.50385, 0.80001, 0.32011, -40.01683, 4.82055, 134.23299
1389, 451, -40.22397, 0.50165, 131.38054, 132.33675, 0.00, 0.80, 0.00, 1.00, 0.65224, 0.40658, 0.65224, 0.40658, 0.72472, 0.09683, 0.67849, -40.22397, 0.50165, 131.38054
1390, 450, -42.06709, 0.91058, 133.26358, 134.21916, 0.00, 0.80, 0.00, 1.00, 0.61681, 0.40716, 0.61681, 0.40716, 0.70442, 0.40043, 0.58208, -42.06709, 0.91058, 133.26358
1391, 443, -38.35586, 4.53785, 131.89342, 132.84944, 0.00, 0.80, 0.00, 1.00, 0.66085, 0.3621, 0.66085, 0.3621, 0.55912, 0.72829, 0.39131, -38.35586, 4.53785, 131.89342
1392, 445, -36.42747, 0.96751, 138.77509, 139.72884, 0.00, 0.80, 0.00, 1.00, 0.85733, 0.35974, 0.85733, 0.35974, -0.17274, -0.45012, -0.87344, -36.42747, 0.96751, 138.77509
1393, 452, -36.12191, -3.51801, 134.74966, 135.70476, 0.00, 0.80, 0.00, 1.00, 0.79036, 0.40813, 0.79036, 0.40813, -0.54368, -0.83712, 0.02297, -36.12191, -3.51801, 134.74966
1394, 444, -33.65553, 0.18501, 136.71939, 137.67383, 0.00, 0.80, 0.00, 1.00, 0.80364, 0.35882, 0.80364, 0.35882, -0.88065, -0.41357, -0.22232, -33.65553, 0.18501, 136.71939
1395, 453, -39.01411, -2.61565, 136.48471, 137.43921, 0.00, 0.80, 0.00, 1.00, 0.87804, 0.40966, 0.87804, 0.40966, 0.06887, -0.80368, -0.58775, -39.01411, -2.61565, 136.48471
1396, 452, -36.12191, -3.51801, 134.74966, 135.70476, 0.00, 0.80, 0.00, 1.00, 0.79036, 0.40813, 0.79036, 0.40813, -0.54368, -0.83712, 0.02297, -36.12191, -3.51801, 134.74966
1397, 445, -36.42747, 0.96751, 138.77509, 139.72884, 0.00, 0.80, 0.00, 1.00, 0.85733, 0.35974, 0.85733, 0.35974, -0.17274, -0.45012, -0.87344, -36.42747, 0.96751, 138.77509
1398, 447, -35.06396, 2.94753, 131.28143, 132.23767, 0.00, 0.80, 0.00, 1.00, 0.7111, 0.3601, 0.7111, 0.3601, -0.57248, 0.36656, 0.73079, -35.06396, 2.94753, 131.28143
1399, 454, -40.22397, 0.50165, 131.38054, 132.33675, 0.00, 0.80, 0.00, 1.00, 0.65203, 0.40594, 0.65203, 0.40594, 0.25053, 0.27181, 0.92653, -40.22397, 0.50165, 131.38054
1400, 446, -38.35586, 4.53785, 131.89342, 132.84944, 0.00, 0.80, 0.00, 1.00, 0.66065, 0.36146, 0.66065, 0.36146, 0.01653, 0.67407, 0.73563, -38.35586, 4.53785, 131.89342
1401, 455, -37.10192, -0.82961, 130.26854, 131.22513, 0.00, 0.80, 0.00, 1.00, 0.70178, 0.40485, 0.70178, 0.40485, -0.27925, -0.28123, 0.91598, -37.10192, -0.82961, 130.26854
1402, 454, -40.22397, 0.50165, 131.38054, 132.33675, 0.00, 0.80, 0.00, 1.00, 0.65203, 0.40594, 0.65203, 0.40594, 0.25053, 0.27181, 0.92653, -40.22397, 0.50165, 131.38054
1403, 447, -35.06396, 2.94753, 131.28143, 132.23767, 0.00, 0.80, 0.00, 1.00, 0.7111, 0.3601, 0.7111, 0.3601, -0.57248, 0.36656, 0.73079, -35.06396, 2.94753, 131.28143
1404, 444, -33.65553, 0.18501, 136.71939, 137.67383, 0.00, 0.80, 0.00, 1.00, 0.80364, 0.35882, 0.80364, 0.35882, -0.88065, -0.41357, -0.22232, -33.65553, 0.18501, 136.71939
1405, 455, -37.10192, -0.82961, 130.26854, 131.22513, 0.00, 0.80, 0.00, 1.00, 0.70178, 0.40485, 0.70178, 0.40485, -0.27925, -0.28123, 0.91598, -37.10192, -0.82961, 130.26854
1406, 447, -35.06396, 2.94753, 131.28143, 132.23767, 0.00, 0.80, 0.00, 1.00, 0.7111, 0.3601, 0.7111, 0.3601, -0.57248, 0.36656, 0.73079, -35.06396, 2.94753, 131.28143
1407, 452, -36.12191, -3.51801, 134.74966, 135.70476, 0.00, 0.80, 0.00, 1.00, 0.79036, 0.40813, 0.79036, 0.40813, -0.54368, -0.83712, 0.02297, -36.12191, -3.51801, 134.74966
1408, 455, -37.10192, -0.82961, 130.26854, 131.22513, 0.00, 0.80, 0.00, 1.00, 0.70178, 0.40485, 0.70178, 0.40485, -0.27925, -0.28123, 0.91598, -37.10192, -0.82961, 130.26854
1409, 444, -33.65553, 0.18501, 136.71939, 137.67383, 0.00, 0.80, 0.00, 1.00, 0.80364, 0.35882, 0.80364, 0.35882, -0.88065, -0.41357, -0.22232, -33.65553, 0.18501, 136.71939
1410, 448, -38.86686, 2.74187, 138.56786, 139.52167, 0.00, 0.80, 0.00, 1.00, 0.9008, 0.35788, 0.9008, 0.35788, 0.51703, 0.11521, -0.84602, -38.86686, 2.74187, 138.56786
1411, 453, -39.01411, -2.61565, 136.48471, 137.43921, 0.00, 0.80, 0.00, 1.00, 0.87804, 0.40966, 0.87804, 0.40966, 0.06887, -0.80368, -0.58775, -39.01411, -2.61565, 136.48471
1412, 445, -36.42747, 0.96751, 138.77509, 139.72884, 0.00, 0.80, 0.00, 1.00, 0.85733, 0.35974, 0.85733, 0.35974, -0.17274, -0.45012, -0.87344, -36.42747, 0.96751, 138.77509
1413, 456, -41.32395, -0.88729, 136.57927, 137.53374, 0.00, 0.80, 0.00, 1.00, 0.92605, 0.40659, 0.92605, 0.40659, 0.73997, -0.35401, -0.56866, -41.32395, -0.88729, 136.57927
1414, 453, -39.01411, -2.61565, 136.48471, 137.43921, 0.00, 0.80, 0.00, 1.00, 0.87804, 0.40966, 0.87804, 0.40966, 0.06887, -0.80368, -0.58775, -39.01411, -2.61565, 136.48471
1415, 448, -38.86686, 2.74187, 138.56786, 139.52167, 0.00, 0.80, 0.00, 1.00, 0.9008, 0.35788, 0.9008, 0.35788, 0.51703, 0.11521, -0.84602, -38.86686, 2.74187, 138.56786
1416, 449, -40.01683, 4.82055, 134.23299, 135.18825, 0.00, 0.80, 0.00, 1.00, 0.98896, 0.35775, 0.98896, 0.35775, 0.74224, 0.48063, -0.4637, -40.01683, 4.82055, 134.23299
1417, 456, -41.32395, -0.88729, 136.57927, 137.53374, 0.00, 0.80, 0.00, 1.00, 0.92605, 0.40659, 0.92605, 0.40659, 0.73997, -0.35401, -0.56866, -41.32395, -0.88729, 136.57927
1418, 448, -38.86686, 2.74187, 138.56786, 139.52167, 0.00, 0.80, 0.00, 1.00, 0.9008, 0.35788, 0.9008, 0.35788, 0.51703, 0.11521, -0.84602, -38.86686, 2.74187, 138.56786
1419, 457, -42.06709, 0.91058, 133.26358, 134.21916, 0.00, 0.80, 0.00, 1.00, 0.98879, 0.40333, 0.98879, 0.40333, 0.97859, -0.09351, -0.17254, -42.06709, 0.91058, 133.26358
1420, 456, -41.32395, -0.88729, 136.57927, 137.53374, 0.00, 0.80, 0.00, 1.00, 0.92605, 0.40659, 0.92605, 0.40659, 0.73997, -0.35401, -0.56866, -41.32395, -0.88729, 136.57927
1421, 449, -40.01683, 4.82055, 134.23299, 135.18825, 0.00, 0.80, 0.00, 1.00, 0.98896, 0.35775, 0.98896, 0.35775, 0.74224, 0.48063, -0.4637, -40.01683, 4.82055, 134.23299
1422, 451, -40.22397, 0.50165, 131.38054, 132.33675, 0.00, 0.80, 0.00, 1.00, 0.65224, 0.40658, 0.65224, 0.40658, 0.72472, 0.09683, 0.67849, -40.22397, 0.50165, 131.38054
1423, 458, -41.73557, -0.37678, 133.28375, 134.23933, 0.00, 0.80, 0.00, 1.00, 0.61683, 0.41609, 0.61683, 0.41609, 0.7181, -0.15389, 0.67492, -41.73557, -0.37678, 133.28375
1424, 450, -42.06709, 0.91058, 133.26358, 134.21916, 0.00, 0.80, 0.00, 1.00, 0.61681, 0.40716, 0.61681, 0.40716, 0.70442, 0.40043, 0.58208, -42.06709, 0.91058, 133.26358
1425, 459, -40.2527, -0.71059, 131.77582, 132.73189, 0.00, 0.80, 0.00, 1.00, 0.65123, 0.41554, 0.65123, 0.41554, 0.71726, -0.15596, 0.67533, -40.2527, -0.71059, 131.77582
1426, 458, -41.73557, -0.37678, 133.28375, 134.23933, 0.00, 0.80, 0.00, 1.00, 0.61683, 0.41609, 0.61683, 0.41609, 0.7181, -0.15389, 0.67492, -41.73557, -0.37678, 133.28375
1427, 451, -40.22397, 0.50165, 131.38054, 132.33675, 0.00, 0.80, 0.00, 1.00, 0.65224, 0.40658, 0.65224, 0.40658, 0.72472, 0.09683, 0.67849, -40.22397, 0.50165, 131.38054
1428, 453, -39.01411, -2.61565, 136.48471, 137.43921, 0.00, 0.80, 0.00, 1.00, 0.87804, 0.40966, 0.87804, 0.40966, 0.06887, -0.80368, -0.58775, -39.01411, -2.61565, 136.48471
1429, 460, -36.8174, -4.03104, 134.3773, 135.33252, 0.00, 0.80, 0.00, 1.00, 0.78671, 0.41705, 0.78671, 0.41705, -0.34351, -0.93142, -0.10586, -36.8174, -4.03104, 134.3773
1430, 452, -36.12191, -3.51801, 134.74966, 135.70476, 0.00, 0.80, 0.00, 1.00, 0.79036, 0.40813, 0.79036, 0.40813, -0.54368, -0.83712, 0.02297, -36.12191, -3.51801, 134.74966
1431, 461, -39.32191, -3.25518, 135.83858, 136.7933, 0.00, 0.80, 0.00, 1.00, 0.88177, 0.41855, 0.88177, 0.41855, 0.20327, -0.84594, -0.48917, -39.32191, -3.25518, 135.83858
1432, 460, -36.8174, -4.03104, 134.3773, 135.33252, 0.00, 0.80, 0.00, 1.00, 0.78671, 0.41705, 0.78671, 0.41705, -0.34351, -0.93142, -0.10586, -36.8174, -4.03104, 134.3773
1433, 453, -39.01411, -2.61565, 136.48471, 137.43921, 0.00, 0.80, 0.00, 1.00, 0.87804, 0.40966, 0.87804, 0.40966, 0.06887, -0.80368, -0.58775, -39.01411, -2.61565, 136.48471
1434, 455, -37.10192, -0.82961, 130.26854, 131.22513, 0.00, 0.80, 0.00, 1.00, 0.70178, 0.40485, 0.70178, 0.40485, -0.27925, -0.28123, 0.91598, -37.10192, -0.82961, 130.26854
1435, 462, -40.2527, -0.71059, 131.77582, 132.73189, 0.00, 0.80, 0.00, 1.00, 0.65102, 0.4149, 0.65102, 0.4149, 0.41995, -0.21642, 0.87848, -40.2527, -0.71059, 131.77582
1436, 454, -40.22397, 0.50165, 131.38054, 132.33675, 0.00, 0.80, 0.00, 1.00, 0.65203, 0.40594, 0.65203, 0.40594, 0.25053, 0.27181, 0.92653, -40.22397, 0.50165, 131.38054
1437, 463, -37.56613, -1.83668, 130.80928, 131.76569, 0.00, 0.80, 0.00, 1.00, 0.70282, 0.41383, 0.70282, 0.41383, -0.31025, -0.5584, 0.76711, -37.56613, -1.83668, 130.80928
1438, 462, -40.2527, -0.71059, 131.77582, 132.73189, 0.00, 0.80, 0.00, 1.00, 0.65102, 0.4149, 0.65102, 0.4149, 0.41995, -0.21642, 0.87848, -40.2527, -0.71059, 131.77582
1439, 455, -37.10192, -0.82961, 130.26854, 131.22513, 0.00, 0.80, 0.00, 1.00, 0.70178, 0.40485, 0.70178, 0.40485, -0.27925, -0.28123, 0.91598, -37.10192, -0.82961, 130.26854
1440, 452, -36.12191, -3.51801, 134.74966, 135.70476, 0.00, 0.80, 0.00, 1.00, 0.79036, 0.40813, 0.79036, 0.40813, -0.54368, -0.83712, 0.02297, -36.12191, -3.51801, 134.74966
1441, 463, -37.56613, -1.83668, 130.80928, 131.76569, 0.00, 0.80, 0.00, 1.00, 0.70282, 0.41383, 0.70282, 0.41383, -0.31025, -0.5584, 0.76711, -37.56613, -1.83668, 130.80928
1442, 455, -37.10192, -0.82961, 130.26854, 131.22513, 0.00, 0.80, 0.00, 1.00, 0.70178, 0.40485, 0.70178, 0.40485, -0.27925, -0.28123, 0.91598, -37.10192, -0.82961, 130.26854
1443, 460, -36.8174, -4.03104, 134.3773, 135.33252, 0.00, 0.80, 0.00, 1.00, 0.78671, 0.41705, 0.78671, 0.41705, -0.34351, -0.93142, -0.10586, -36.8174, -4.03104, 134.3773
1444, 463, -37.56613, -1.83668, 130.80928, 131.76569, 0.00, 0.80, 0.00, 1.00, 0.70282, 0.41383, 0.70282, 0.41383, -0.31025, -0.5584, 0.76711, -37.56613, -1.83668, 130.80928
1445, 452, -36.12191, -3.51801, 134.74966, 135.70476, 0.00, 0.80, 0.00, 1.00, 0.79036, 0.40813, 0.79036, 0.40813, -0.54368, -0.83712, 0.02297, -36.12191, -3.51801, 134.74966
1446, 456, -41.32395, -0.88729, 136.57927, 137.53374, 0.00, 0.80, 0.00, 1.00, 0.92605, 0.40659, 0.92605, 0.40659, 0.73997, -0.35401, -0.56866, -41.32395, -0.88729, 136.57927
1447, 461, -39.32191, -3.25518, 135.83858, 136.7933, 0.00, 0.80, 0.00, 1.00, 0.88177, 0.41855, 0.88177, 0.41855, 0.20327, -0.84594, -0.48917, -39.32191, -3.25518, 135.83858
1448, 453, -39.01411, -2.61565, 136.48471, 137.43921, 0.00, 0.80, 0.00, 1.00, 0.87804, 0.40966, 0.87804, 0.40966, 0.06887, -0.80368, -0.58775, -39.01411, -2.61565, 136.48471
1449, 464, -41.15828, -1.81855, 135.92998, 136.88467, 0.00, 0.80, 0.00, 1.00, 0.9282, 0.41554, 0.9282, 0.41554, 0.82658, -0.52113, -0.20297, -41.15828, -1.81855, 135.92998
1450, 461, -39.32191, -3.25518, 135.83858, 136.7933, 0.00, 0.80, 0.00, 1.00, 0.88177, 0.41855, 0.88177, 0.41855, 0.20327, -0.84594, -0.48917, -39.32191, -3.25518, 135.83858
1451, 456, -41.32395, -0.88729, 136.57927, 137.53374, 0.00, 0.80, 0.00, 1.00, 0.92605, 0.40659, 0.92605, 0.40659, 0.73997, -0.35401, -0.56866, -41.32395, -0.88729, 136.57927
1452, 457, -42.06709, 0.91058, 133.26358, 134.21916, 0.00, 0.80, 0.00, 1.00, 0.98879, 0.40333, 0.98879, 0.40333, 0.97859, -0.09351, -0.17254, -42.06709, 0.91058, 133.26358
1453, 464, -41.15828, -1.81855, 135.92998, 136.88467, 0.00, 0.80, 0.00, 1.00, 0.9282, 0.41554, 0.9282, 0.41554, 0.82658, -0.52113, -0.20297, -41.15828, -1.81855, 135.92998
1454, 456, -41.32395, -0.88729, 136.57927, 137.53374, 0.00, 0.80, 0.00, 1.00, 0.92605, 0.40659, 0.92605, 0.40659, 0.73997, -0.35401, -0.56866, -41.32395, -0.88729, 136.57927
1455, 465, -41.73557, -0.37678, 133.28375, 134.23933, 0.00, 0.80, 0.00, 1.00, 0.9888, 0.41224, 0.9888, 0.41224, 0.94188, -0.32913, -0.01848, -41.73557, -0.37678, 133.28375
1456, 464, -41.15828, -1.81855, 135.92998, 136.88467, 0.00, 0.80, 0.00, 1.00, 0.9282, 0.41554, 0.9282, 0.41554, 0.82658, -0.52113, -0.20297, -41.15828, -1.81855, 135.92998
1457, 457, -42.06709, 0.91058, 133.26358, 134.21916, 0.00, 0.80, 0.00, 1.00, 0.98879, 0.40333, 0.98879, 0.40333, 0.97859, -0.09351, -0.17254, -42.06709, 0.91058, 133.26358
1458, 404, -35.16589, 20.48081, 133.8904, 134.84576, 0.00, 0.80, 0.00, 1.00, 0.87617, 0.20965, 0.87617, 0.20965, 0.31691, 0.39717, -0.85983, -35.16589, 20.48081, 133.8904
1459, 403, -36.43076, 16.01954, 133.50732, 134.46283, 0.00, 0.80, 0.00, 1.00, 0.90, 0.24736, 0.90, 0.24736, 0.85406, 0.25575, -0.44935, -36.43076, 16.01954, 133.50732
1460, 413, -34.95896, 17.07376, 135.07748, 136.03246, 0.00, 0.80, 0.00, 1.00, 0.867, 0.24465, 0.867, 0.24465, 0.09497, 0.30527, -0.94622, -34.95896, 17.07376, 135.07748
1461, 430, -37.11651, 10.47663, 136.34747, 137.30202, 0.00, 0.80, 0.00, 1.00, 0.90049, 0.31033, 0.90049, 0.31033, 0.58591, 0.25171, -0.76841, -37.11651, 10.47663, 136.34747
1462, 413, -34.95896, 17.07376, 135.07748, 136.03246, 0.00, 0.80, 0.00, 1.00, 0.867, 0.24465, 0.867, 0.24465, 0.09497, 0.30527, -0.94622, -34.95896, 17.07376, 135.07748
1463, 403, -36.43076, 16.01954, 133.50732, 134.46283, 0.00, 0.80, 0.00, 1.00, 0.90, 0.24736, 0.90, 0.24736, 0.85406, 0.25575, -0.44935, -36.43076, 16.01954, 133.50732
1464, 466, -22.97222, -18.82183, 133.82764, 134.78304, 0.00, 0.80, 0.00, 1.00, 0.25092, 0.13517, 0.25092, 0.13517, -0.55684, -0.60663, -0.55615, -22.97222, -18.82183, 133.82764
1465, 467, -25.03361, -13.87359, 136.07596, 137.03061, 0.00, 0.80, 0.00, 1.00, 0.33113, 0.13508, 0.33113, 0.13508, -0.16477, 0.02325, -0.98567, -25.03361, -13.87359, 136.07596
1466, 468, -37.91301, -29.9534, 139.52213, 140.47562, 0.00, 0.80, 0.00, 1.00, 0.29349, 0.44726, 0.29349, 0.44726, -0.19568, -0.51338, -0.83245, -37.91301, -29.9534, 139.52213
1467, 142, -21.78813, -17.22568, 127.66107, 128.61852, 0.00, 0.80, 0.00, 1.00, 0.14033, 0.15646, 0.14033, 0.15646, -0.16499, -0.98617, -0.01562, -21.78813, -17.22568, 127.66107
1468, 469, -40.97042, -29.41784, 129.36317, 130.32005, 0.00, 0.80, 0.00, 1.00, 0.14472, 0.4727, 0.14472, 0.4727, 0.16476, -0.14179, 0.9754, -40.97042, -29.41784, 129.36317
1469, 143, -26.25858, -17.88464, 127.3251, 128.28267, 0.00, 0.80, 0.00, 1.00, 0.10614, 0.16404, 0.10614, 0.16404, 0.98505, -0.14482, 0.09326, -26.25858, -17.88464, 127.3251
1470, 469, -40.97042, -29.41784, 129.36317, 130.32005, 0.00, 0.80, 0.00, 1.00, 0.14472, 0.4727, 0.14472, 0.4727, 0.16476, -0.14179, 0.9754, -40.97042, -29.41784, 129.36317
1471, 470, -43.71712, -25.19719, 129.76894, 130.72568, 0.00, 0.80, 0.00, 1.00, 0.10165, 0.48498, 0.10165, 0.48498, 0.69191, 0.53249, 0.47256, -43.71712, -25.19719, 129.76894
1472, 143, -26.25858, -17.88464, 127.3251, 128.28267, 0.00, 0.80, 0.00, 1.00, 0.10614, 0.16404, 0.10614, 0.16404, 0.98505, -0.14482, 0.09326, -26.25858, -17.88464, 127.3251
1473, 143, -26.25858, -17.88464, 127.3251, 128.28267, 0.00, 0.80, 0.00, 1.00, 0.10614, 0.16404, 0.10614, 0.16404, 0.98505, -0.14482, 0.09326, -26.25858, -17.88464, 127.3251
1474, 470, -43.71712, -25.19719, 129.76894, 130.72568, 0.00, 0.80, 0.00, 1.00, 0.10165, 0.48498, 0.10165, 0.48498, 0.69191, 0.53249, 0.47256, -43.71712, -25.19719, 129.76894
1475, 471, -28.99571, -10.17924, 130.41666, 131.37318, 0.00, 0.80, 0.00, 1.00, 0.07378, 0.15933, 0.07378, 0.15933, 0.54996, 0.82169, -0.0605, -28.99571, -10.17924, 130.41666
1476, 470, -43.71712, -25.19719, 129.76894, 130.72568, 0.00, 0.80, 0.00, 1.00, 0.10165, 0.48498, 0.10165, 0.48498, 0.69191, 0.53249, 0.47256, -43.71712, -25.19719, 129.76894
1477, 472, -43.69398, -22.88064, 134.32553, 135.28075, 0.00, 0.80, 0.00, 1.00, 0.05031, 0.47586, 0.05031, 0.47586, 0.66529, 0.73392, 0.00423, -43.69398, -22.88064, 134.32553
1478, 471, -28.99571, -10.17924, 130.41666, 131.37318, 0.00, 0.80, 0.00, 1.00, 0.07378, 0.15933, 0.07378, 0.15933, 0.54996, 0.82169, -0.0605, -28.99571, -10.17924, 130.41666
1479, 473, -27.52748, -9.85587, 133.91046, 134.86583, 0.00, 0.80, 0.00, 1.00, 0.38772, 0.14075, 0.38772, 0.14075, 0.07889, 0.39854, -0.91168, -27.52748, -9.85587, 133.91046
1480, 474, -42.15227, -22.28011, 138.52768, 139.48151, 0.00, 0.80, 0.00, 1.00, 0.36069, 0.45539, 0.36069, 0.45539, 0.20393, 0.06665, -0.97627, -42.15227, -22.28011, 138.52768
1481, 467, -25.03361, -13.87359, 136.07596, 137.03061, 0.00, 0.80, 0.00, 1.00, 0.33113, 0.13508, 0.33113, 0.13508, -0.16477, 0.02325, -0.98567, -25.03361, -13.87359, 136.07596
1482, 474, -42.15227, -22.28011, 138.52768, 139.48151, 0.00, 0.80, 0.00, 1.00, 0.36069, 0.45539, 0.36069, 0.45539, 0.20393, 0.06665, -0.97627, -42.15227, -22.28011, 138.52768
1483, 468, -37.91301, -29.9534, 139.52213, 140.47562, 0.00, 0.80, 0.00, 1.00, 0.29349, 0.44726, 0.29349, 0.44726, -0.19568, -0.51338, -0.83245, -37.91301, -29.9534, 139.52213
1484, 467, -25.03361, -13.87359, 136.07596, 137.03061, 0.00, 0.80, 0.00, 1.00, 0.33113, 0.13508, 0.33113, 0.13508, -0.16477, 0.02325, -0.98567, -25.03361, -13.87359, 136.07596
1485, 471, -28.99571, -10.17924, 130.41666, 131.37318, 0.00, 0.80, 0.00, 1.00, 0.07378, 0.15933, 0.07378, 0.15933, 0.54996, 0.82169, -0.0605, -28.99571, -10.17924, 130.41666
1486, 475, -42.15227, -22.28011, 138.52768, 139.48151, 0.00, 0.80, 0.00, 1.00, 0.00917, 0.45539, 0.00917, 0.45539, 0.50515, 0.8116, -0.26158, -42.15227, -22.28011, 138.52768
1487, 476, -27.52748, -9.85587, 133.91046, 134.86583, 0.00, 0.80, 0.00, 1.00, 0.03616, 0.14075, 0.03616, 0.14075, 0.49272, 0.81124, -0.28572, -27.52748, -9.85587, 133.91046
1488, 472, -43.69398, -22.88064, 134.32553, 135.28075, 0.00, 0.80, 0.00, 1.00, 0.05031, 0.47586, 0.05031, 0.47586, 0.66529, 0.73392, 0.00423, -43.69398, -22.88064, 134.32553
1489, 475, -42.15227, -22.28011, 138.52768, 139.48151, 0.00, 0.80, 0.00, 1.00, 0.00917, 0.45539, 0.00917, 0.45539, 0.50515, 0.8116, -0.26158, -42.15227, -22.28011, 138.52768
1490, 471, -28.99571, -10.17924, 130.41666, 131.37318, 0.00, 0.80, 0.00, 1.00, 0.07378, 0.15933, 0.07378, 0.15933, 0.54996, 0.82169, -0.0605, -28.99571, -10.17924, 130.41666
1491, 466, -22.97222, -18.82183, 133.82764, 134.78304, 0.00, 0.80, 0.00, 1.00, 0.25092, 0.13517, 0.25092, 0.13517, -0.55684, -0.60663, -0.55615, -22.97222, -18.82183, 133.82764
1492, 477, -36.61435, -33.95647, 135.56834, 136.52316, 0.00, 0.80, 0.00, 1.00, 0.24336, 0.44936, 0.24336, 0.44936, -0.39911, -0.87375, -0.24491, -36.61435, -33.95647, 135.56834
1493, 478, -22.52651, -20.30997, 131.60498, 132.56111, 0.00, 0.80, 0.00, 1.00, 0.21674, 0.13527, 0.21674, 0.13527, -0.60977, -0.77099, -0.12417, -22.52651, -20.30997, 131.60498
1494, 468, -37.91301, -29.9534, 139.52213, 140.47562, 0.00, 0.80, 0.00, 1.00, 0.29349, 0.44726, 0.29349, 0.44726, -0.19568, -0.51338, -0.83245, -37.91301, -29.9534, 139.52213
1495, 477, -36.61435, -33.95647, 135.56834, 136.52316, 0.00, 0.80, 0.00, 1.00, 0.24336, 0.44936, 0.24336, 0.44936, -0.39911, -0.87375, -0.24491, -36.61435, -33.95647, 135.56834
1496, 466, -22.97222, -18.82183, 133.82764, 134.78304, 0.00, 0.80, 0.00, 1.00, 0.25092, 0.13517, 0.25092, 0.13517, -0.55684, -0.60663, -0.55615, -22.97222, -18.82183, 133.82764
1497, 153, -16.74773, -15.51958, 127.92322, 128.88057, 0.00, 0.80, 0.00, 1.00, 0.18641, 0.13501, 0.18641, 0.13501, -0.99554, -0.00437, -0.09425, -16.74773, -15.51958, 127.92322
1498, 469, -40.97042, -29.41784, 129.36317, 130.32005, 0.00, 0.80, 0.00, 1.00, 0.14472, 0.4727, 0.14472, 0.4727, 0.16476, -0.14179, 0.9754, -40.97042, -29.41784, 129.36317
1499, 142, -21.78813, -17.22568, 127.66107, 128.61852, 0.00, 0.80, 0.00, 1.00, 0.14033, 0.15646, 0.14033, 0.15646, -0.16499, -0.98617, -0.01562, -21.78813, -17.22568, 127.66107
1500, 479, -36.55877, -35.00511, 131.42896, 132.38515, 0.00, 0.80, 0.00, 1.00, 0.2056, 0.44908, 0.2056, 0.44908, -0.23323, -0.78705, 0.55912, -36.55877, -35.00511, 131.42896
1501, 469, -40.97042, -29.41784, 129.36317, 130.32005, 0.00, 0.80, 0.00, 1.00, 0.14472, 0.4727, 0.14472, 0.4727, 0.16476, -0.14179, 0.9754, -40.97042, -29.41784, 129.36317
1502, 153, -16.74773, -15.51958, 127.92322, 128.88057, 0.00, 0.80, 0.00, 1.00, 0.18641, 0.13501, 0.18641, 0.13501, -0.99554, -0.00437, -0.09425, -16.74773, -15.51958, 127.92322
1503, 478, -22.52651, -20.30997, 131.60498, 132.56111, 0.00, 0.80, 0.00, 1.00, 0.21674, 0.13527, 0.21674, 0.13527, -0.60977, -0.77099, -0.12417, -22.52651, -20.30997, 131.60498
1504, 479, -36.55877, -35.00511, 131.42896, 132.38515, 0.00, 0.80, 0.00, 1.00, 0.2056, 0.44908, 0.2056, 0.44908, -0.23323, -0.78705, 0.55912, -36.55877, -35.00511, 131.42896
1505, 153, -16.74773, -15.51958, 127.92322, 128.88057, 0.00, 0.80, 0.00, 1.00, 0.18641, 0.13501, 0.18641, 0.13501, -0.99554, -0.00437, -0.09425, -16.74773, -15.51958, 127.92322
1506, 477, -36.61435, -33.95647, 135.56834, 136.52316, 0.00, 0.80, 0.00, 1.00, 0.24336, 0.44936, 0.24336, 0.44936, -0.39911, -0.87375, -0.24491, -36.61435, -33.95647, 135.56834
1507, 479, -36.55877, -35.00511, 131.42896, 132.38515, 0.00, 0.80, 0.00, 1.00, 0.2056, 0.44908, 0.2056, 0.44908, -0.23323, -0.78705, 0.55912, -36.55877, -35.00511, 131.42896
1508, 478, -22.52651, -20.30997, 131.60498, 132.56111, 0.00, 0.80, 0.00, 1.00, 0.21674, 0.13527, 0.21674, 0.13527, -0.60977, -0.77099, -0.12417, -22.52651, -20.30997, 131.60498
1509, 469, -40.97042, -29.41784, 129.36317, 130.32005, 0.00, 0.80, 0.00, 1.00, 0.14472, 0.4727, 0.14472, 0.4727, 0.16476, -0.14179, 0.9754, -40.97042, -29.41784, 129.36317
1510, 480, -46.04604, -31.55063, 132.06186, 133.01784, 0.00, 0.80, 0.00, 1.00, 0.10182, 0.55266, 0.10182, 0.55266, 0.33649, -0.48419, 0.80295, -46.04604, -31.55063, 132.06186
1511, 470, -43.71712, -25.19719, 129.76894, 130.72568, 0.00, 0.80, 0.00, 1.00, 0.10165, 0.48498, 0.10165, 0.48498, 0.69191, 0.53249, 0.47256, -43.71712, -25.19719, 129.76894
1512, 481, -43.06361, -29.35706, 131.19173, 132.14801, 0.00, 0.80, 0.00, 1.00, 0.16244, 0.5428, 0.16244, 0.5428, -0.18859, -0.16029, 0.96819, -43.06361, -29.35706, 131.19173
1513, 480, -46.04604, -31.55063, 132.06186, 133.01784, 0.00, 0.80, 0.00, 1.00, 0.10182, 0.55266, 0.10182, 0.55266, 0.33649, -0.48419, 0.80295, -46.04604, -31.55063, 132.06186
1514, 469, -40.97042, -29.41784, 129.36317, 130.32005, 0.00, 0.80, 0.00, 1.00, 0.14472, 0.4727, 0.14472, 0.4727, 0.16476, -0.14179, 0.9754, -40.97042, -29.41784, 129.36317
1515, 470, -43.71712, -25.19719, 129.76894, 130.72568, 0.00, 0.80, 0.00, 1.00, 0.10165, 0.48498, 0.10165, 0.48498, 0.69191, 0.53249, 0.47256, -43.71712, -25.19719, 129.76894
1516, 482, -46.21508, -31.34633, 134.93132, 135.88634, 0.00, 0.80, 0.00, 1.00, 0.05249, 0.54608, 0.05249, 0.54608, 0.70827, -0.68166, 0.12276, -46.21508, -31.34633, 134.93132
1517, 472, -43.69398, -22.88064, 134.32553, 135.28075, 0.00, 0.80, 0.00, 1.00, 0.05031, 0.47586, 0.05031, 0.47586, 0.66529, 0.73392, 0.00423, -43.69398, -22.88064, 134.32553
1518, 480, -46.04604, -31.55063, 132.06186, 133.01784, 0.00, 0.80, 0.00, 1.00, 0.10182, 0.55266, 0.10182, 0.55266, 0.33649, -0.48419, 0.80295, -46.04604, -31.55063, 132.06186
1519, 482, -46.21508, -31.34633, 134.93132, 135.88634, 0.00, 0.80, 0.00, 1.00, 0.05249, 0.54608, 0.05249, 0.54608, 0.70827, -0.68166, 0.12276, -46.21508, -31.34633, 134.93132
1520, 470, -43.71712, -25.19719, 129.76894, 130.72568, 0.00, 0.80, 0.00, 1.00, 0.10165, 0.48498, 0.10165, 0.48498, 0.69191, 0.53249, 0.47256, -43.71712, -25.19719, 129.76894
1521, 474, -42.15227, -22.28011, 138.52768, 139.48151, 0.00, 0.80, 0.00, 1.00, 0.36069, 0.45539, 0.36069, 0.45539, 0.20393, 0.06665, -0.97627, -42.15227, -22.28011, 138.52768
1522, 483, -42.17026, -28.19557, 138.15811, 139.11206, 0.00, 0.80, 0.00, 1.00, 0.3103, 0.52581, 0.3103, 0.52581, -0.38636, -0.51364, -0.7612, -42.17026, -28.19557, 138.15811
1523, 468, -37.91301, -29.9534, 139.52213, 140.47562, 0.00, 0.80, 0.00, 1.00, 0.29349, 0.44726, 0.29349, 0.44726, -0.19568, -0.51338, -0.83245, -37.91301, -29.9534, 139.52213
1524, 484, -45.52362, -30.071, 137.36958, 138.32379, 0.00, 0.80, 0.00, 1.00, 0.36257, 0.53132, 0.36257, 0.53132, -0.04891, -0.70195, -0.70446, -45.52362, -30.071, 137.36958
1525, 483, -42.17026, -28.19557, 138.15811, 139.11206, 0.00, 0.80, 0.00, 1.00, 0.3103, 0.52581, 0.3103, 0.52581, -0.38636, -0.51364, -0.7612, -42.17026, -28.19557, 138.15811
1526, 474, -42.15227, -22.28011, 138.52768, 139.48151, 0.00, 0.80, 0.00, 1.00, 0.36069, 0.45539, 0.36069, 0.45539, 0.20393, 0.06665, -0.97627, -42.15227, -22.28011, 138.52768
1527, 485, -43.69398, -22.88064, 134.32553, 135.28075, 0.00, 0.80, 0.00, 1.00, 0.05039, 0.47586, 0.05039, 0.47586, 0.82035, 0.44027, -0.34148, -43.69398, -22.88064, 134.32553
1528, 486, -45.52362, -30.071, 137.36958, 138.32379, 0.00, 0.80, 0.00, 1.00, 0.0111, 0.53132, 0.0111, 0.53132, 0.56828, -0.75917, -0.29007, -45.52362, -30.071, 137.36958
1529, 487, -42.15227, -22.28011, 138.52768, 139.48151, 0.00, 0.80, 0.00, 1.00, 0.00918, 0.45539, 0.00918, 0.45539, 0.82899, 0.43511, -0.32662, -42.15227, -22.28011, 138.52768
1530, 488, -46.21508, -31.34633, 134.93132, 135.88634, 0.00, 0.80, 0.00, 1.00, 0.05258, 0.54608, 0.05258, 0.54608, 0.56902, -0.75221, -0.30663, -46.21508, -31.34633, 134.93132
1531, 486, -45.52362, -30.071, 137.36958, 138.32379, 0.00, 0.80, 0.00, 1.00, 0.0111, 0.53132, 0.0111, 0.53132, 0.56828, -0.75917, -0.29007, -45.52362, -30.071, 137.36958
1532, 485, -43.69398, -22.88064, 134.32553, 135.28075, 0.00, 0.80, 0.00, 1.00, 0.05039, 0.47586, 0.05039, 0.47586, 0.82035, 0.44027, -0.34148, -43.69398, -22.88064, 134.32553
1533, 468, -37.91301, -29.9534, 139.52213, 140.47562, 0.00, 0.80, 0.00, 1.00, 0.29349, 0.44726, 0.29349, 0.44726, -0.19568, -0.51338, -0.83245, -37.91301, -29.9534, 139.52213
1534, 489, -39.84858, -26.91489, 135.17293, 136.12788, 0.00, 0.80, 0.00, 1.00, 0.25611, 0.52596, 0.25611, 0.52596, -0.94496, -0.15757, -0.25409, -39.84858, -26.91489, 135.17293
1535, 477, -36.61435, -33.95647, 135.56834, 136.52316, 0.00, 0.80, 0.00, 1.00, 0.24336, 0.44936, 0.24336, 0.44936, -0.39911, -0.87375, -0.24491, -36.61435, -33.95647, 135.56834
1536, 483, -42.17026, -28.19557, 138.15811, 139.11206, 0.00, 0.80, 0.00, 1.00, 0.3103, 0.52581, 0.3103, 0.52581, -0.38636, -0.51364, -0.7612, -42.17026, -28.19557, 138.15811
1537, 489, -39.84858, -26.91489, 135.17293, 136.12788, 0.00, 0.80, 0.00, 1.00, 0.25611, 0.52596, 0.25611, 0.52596, -0.94496, -0.15757, -0.25409, -39.84858, -26.91489, 135.17293
1538, 468, -37.91301, -29.9534, 139.52213, 140.47562, 0.00, 0.80, 0.00, 1.00, 0.29349, 0.44726, 0.29349, 0.44726, -0.19568, -0.51338, -0.83245, -37.91301, -29.9534, 139.52213
1539, 479, -36.55877, -35.00511, 131.42896, 132.38515, 0.00, 0.80, 0.00, 1.00, 0.2056, 0.44908, 0.2056, 0.44908, -0.23323, -0.78705, 0.55912, -36.55877, -35.00511, 131.42896
1540, 481, -43.06361, -29.35706, 131.19173, 132.14801, 0.00, 0.80, 0.00, 1.00, 0.16244, 0.5428, 0.16244, 0.5428, -0.18859, -0.16029, 0.96819, -43.06361, -29.35706, 131.19173
1541, 469, -40.97042, -29.41784, 129.36317, 130.32005, 0.00, 0.80, 0.00, 1.00, 0.14472, 0.4727, 0.14472, 0.4727, 0.16476, -0.14179, 0.9754, -40.97042, -29.41784, 129.36317
1542, 490, -40.25565, -26.78417, 131.64275, 132.59886, 0.00, 0.80, 0.00, 1.00, 0.20809, 0.52575, 0.20809, 0.52575, -0.87699, -0.08833, 0.45664, -40.25565, -26.78417, 131.64275
1543, 481, -43.06361, -29.35706, 131.19173, 132.14801, 0.00, 0.80, 0.00, 1.00, 0.16244, 0.5428, 0.16244, 0.5428, -0.18859, -0.16029, 0.96819, -43.06361, -29.35706, 131.19173
1544, 479, -36.55877, -35.00511, 131.42896, 132.38515, 0.00, 0.80, 0.00, 1.00, 0.2056, 0.44908, 0.2056, 0.44908, -0.23323, -0.78705, 0.55912, -36.55877, -35.00511, 131.42896
1545, 477, -36.61435, -33.95647, 135.56834, 136.52316, 0.00, 0.80, 0.00, 1.00, 0.24336, 0.44936, 0.24336, 0.44936, -0.39911, -0.87375, -0.24491, -36.61435, -33.95647, 135.56834
1546, 490, -40.25565, -26.78417, 131.64275, 132.59886, 0.00, 0.80, 0.00, 1.00, 0.20809, 0.52575, 0.20809, 0.52575, -0.87699, -0.08833, 0.45664, -40.25565, -26.78417, 131.64275
1547, 479, -36.55877, -35.00511, 131.42896, 132.38515, 0.00, 0.80, 0.00, 1.00, 0.2056, 0.44908, 0.2056, 0.44908, -0.23323, -0.78705, 0.55912, -36.55877, -35.00511, 131.42896
1548, 489, -39.84858, -26.91489, 135.17293, 136.12788, 0.00, 0.80, 0.00, 1.00, 0.25611, 0.52596, 0.25611, 0.52596, -0.94496, -0.15757, -0.25409, -39.84858, -26.91489, 135.17293
1549, 490, -40.25565, -26.78417, 131.64275, 132.59886, 0.00, 0.80, 0.00, 1.00, 0.20809, 0.52575, 0.20809, 0.52575, -0.87699, -0.08833, 0.45664, -40.25565, -26.78417, 131.64275
1550, 477, -36.61435, -33.95647, 135.56834, 136.52316, 0.00, 0.80, 0.00, 1.00, 0.24336, 0.44936, 0.24336, 0.44936, -0.39911, -0.87375, -0.24491, -36.61435, -33.95647, 135.56834
1551, 491, -43.06361, -29.35706, 131.19173, 132.14801, 0.00, 0.80, 0.00, 1.00, 0.89725, 0.42902, 0.89725, 0.42902, 0.16093, 0.16787, 0.97211, -43.06361, -29.35706, 131.19173
1552, 492, -41.81336, -38.6064, 131.45164, 132.40782, 0.00, 0.80, 0.00, 1.00, 0.91128, 0.48716, 0.91128, 0.48716, 0.23582, 0.04501, 0.9701, -41.81336, -38.6064, 131.45164
1553, 493, -46.04604, -31.55063, 132.06186, 133.01784, 0.00, 0.80, 0.00, 1.00, 0.92246, 0.43041, 0.92246, 0.43041, 0.2409, 0.0777, 0.96674, -46.04604, -31.55063, 132.06186
1554, 494, -38.75806, -35.68472, 130.42905, 131.38557, 0.00, 0.80, 0.00, 1.00, 0.87231, 0.47948, 0.87231, 0.47948, 0.04329, 0.15944, 0.98609, -38.75806, -35.68472, 130.42905
1555, 492, -41.81336, -38.6064, 131.45164, 132.40782, 0.00, 0.80, 0.00, 1.00, 0.91128, 0.48716, 0.91128, 0.48716, 0.23582, 0.04501, 0.9701, -41.81336, -38.6064, 131.45164
1556, 491, -43.06361, -29.35706, 131.19173, 132.14801, 0.00, 0.80, 0.00, 1.00, 0.89725, 0.42902, 0.89725, 0.42902, 0.16093, 0.16787, 0.97211, -43.06361, -29.35706, 131.19173
1557, 495, -46.04604, -31.55063, 132.06186, 133.01784, 0.00, 0.80, 0.00, 1.00, 0.92343, 0.43706, 0.92343, 0.43706, 0.78417, -0.58954, 0.13764, -46.04604, -31.55063, 132.06186
1558, 496, -42.6705, -37.65436, 135.12859, 136.08356, 0.00, 0.80, 0.00, 1.00, 0.96337, 0.47594, 0.96337, 0.47594, 0.77452, -0.59299, -0.17506, -42.6705, -37.65436, 135.12859
1559, 497, -46.21508, -31.34633, 134.93132, 135.88634, 0.00, 0.80, 0.00, 1.00, 0.95569, 0.4343, 0.95569, 0.4343, 0.7806, -0.60123, -0.10426, -46.21508, -31.34633, 134.93132
1560, 498, -41.81336, -38.6064, 131.45164, 132.40782, 0.00, 0.80, 0.00, 1.00, 0.92291, 0.48464, 0.92291, 0.48464, 0.82491, -0.52094, 0.17241, -41.81336, -38.6064, 131.45164
1561, 496, -42.6705, -37.65436, 135.12859, 136.08356, 0.00, 0.80, 0.00, 1.00, 0.96337, 0.47594, 0.96337, 0.47594, 0.77452, -0.59299, -0.17506, -42.6705, -37.65436, 135.12859
1562, 495, -46.04604, -31.55063, 132.06186, 133.01784, 0.00, 0.80, 0.00, 1.00, 0.92343, 0.43706, 0.92343, 0.43706, 0.78417, -0.58954, 0.13764, -46.04604, -31.55063, 132.06186
1563, 499, -45.52362, -30.071, 137.36958, 138.32379, 0.00, 0.80, 0.00, 1.00, 0.71594, 0.42934, 0.71594, 0.42934, 0.20738, -0.21825, -0.95296, -45.52362, -30.071, 137.36958
1564, 500, -40.68186, -37.20448, 138.05455, 139.00853, 0.00, 0.80, 0.00, 1.00, 0.73448, 0.47956, 0.73448, 0.47956, 0.07162, -0.29445, -0.95233, -40.68186, -37.20448, 138.05455
1565, 501, -42.17026, -28.19557, 138.15811, 139.11206, 0.00, 0.80, 0.00, 1.00, 0.74168, 0.42874, 0.74168, 0.42874, -0.22239, 0.08861, -0.97015, -42.17026, -28.19557, 138.15811
1566, 500, -40.68186, -37.20448, 138.05455, 139.00853, 0.00, 0.80, 0.00, 1.00, 0.73448, 0.47956, 0.73448, 0.47956, 0.07162, -0.29445, -0.95233, -40.68186, -37.20448, 138.05455
1567, 502, -37.95734, -35.98746, 138.33914, 139.29303, 0.00, 0.80, 0.00, 1.00, 0.76451, 0.47946, 0.76451, 0.47946, -0.40485, -0.06045, -0.91048, -37.95734, -35.98746, 138.33914
1568, 501, -42.17026, -28.19557, 138.15811, 139.11206, 0.00, 0.80, 0.00, 1.00, 0.74168, 0.42874, 0.74168, 0.42874, -0.22239, 0.08861, -0.97015, -42.17026, -28.19557, 138.15811
1569, 497, -46.21508, -31.34633, 134.93132, 135.88634, 0.00, 0.80, 0.00, 1.00, 0.95569, 0.4343, 0.95569, 0.4343, 0.7806, -0.60123, -0.10426, -46.21508, -31.34633, 134.93132
1570, 496, -42.6705, -37.65436, 135.12859, 136.08356, 0.00, 0.80, 0.00, 1.00, 0.96337, 0.47594, 0.96337, 0.47594, 0.77452, -0.59299, -0.17506, -42.6705, -37.65436, 135.12859
1571, 503, -45.52362, -30.071, 137.36958, 138.32379, 0.00, 0.80, 0.00, 1.00, 0.98763, 0.43219, 0.98763, 0.43219, 0.69962, -0.60155, -0.36478, -45.52362, -30.071, 137.36958
1572, 496, -42.6705, -37.65436, 135.12859, 136.08356, 0.00, 0.80, 0.00, 1.00, 0.96337, 0.47594, 0.96337, 0.47594, 0.77452, -0.59299, -0.17506, -42.6705, -37.65436, 135.12859
1573, 504, -40.68186, -37.20448, 138.05455, 139.00853, 0.00, 0.80, 0.00, 1.00, 0.99852, 0.47698, 0.99852, 0.47698, 0.68119, -0.5847, -0.42361, -40.68186, -37.20448, 138.05455
1574, 503, -45.52362, -30.071, 137.36958, 138.32379, 0.00, 0.80, 0.00, 1.00, 0.98763, 0.43219, 0.98763, 0.43219, 0.69962, -0.60155, -0.36478, -45.52362, -30.071, 137.36958
1575, 501, -42.17026, -28.19557, 138.15811, 139.11206, 0.00, 0.80, 0.00, 1.00, 0.74168, 0.42874, 0.74168, 0.42874, -0.22239, 0.08861, -0.97015, -42.17026, -28.19557, 138.15811
1576, 505, -34.45965, -34.01158, 135.09258, 136.04755, 0.00, 0.80, 0.00, 1.00, 0.81, 0.47876, 0.81, 0.47876, -0.83946, 0.40664, -0.33595, -34.45965, -34.01158, 135.09258
1577, 506, -39.84858, -26.91489, 135.17293, 136.12788, 0.00, 0.80, 0.00, 1.00, 0.80834, 0.42881, 0.80834, 0.42881, -0.72974, 0.6412, -0.19497, -39.84858, -26.91489, 135.17293
1578, 502, -37.95734, -35.98746, 138.33914, 139.29303, 0.00, 0.80, 0.00, 1.00, 0.76451, 0.47946, 0.76451, 0.47946, -0.40485, -0.06045, -0.91048, -37.95734, -35.98746, 138.33914
1579, 505, -34.45965, -34.01158, 135.09258, 136.04755, 0.00, 0.80, 0.00, 1.00, 0.81, 0.47876, 0.81, 0.47876, -0.83946, 0.40664, -0.33595, -34.45965, -34.01158, 135.09258
1580, 501, -42.17026, -28.19557, 138.15811, 139.11206, 0.00, 0.80, 0.00, 1.00, 0.74168, 0.42874, 0.74168, 0.42874, -0.22239, 0.08861, -0.97015, -42.17026, -28.19557, 138.15811
1581, 507, -40.25565, -26.78417, 131.64275, 132.59886, 0.00, 0.80, 0.00, 1.00, 0.86247, 0.42872, 0.86247, 0.42872, -0.38968, 0.53294, 0.74616, -40.25565, -26.78417, 131.64275
1582, 494, -38.75806, -35.68472, 130.42905, 131.38557, 0.00, 0.80, 0.00, 1.00, 0.87231, 0.47948, 0.87231, 0.47948, 0.04329, 0.15944, 0.98609, -38.75806, -35.68472, 130.42905
1583, 491, -43.06361, -29.35706, 131.19173, 132.14801, 0.00, 0.80, 0.00, 1.00, 0.89725, 0.42902, 0.89725, 0.42902, 0.16093, 0.16787, 0.97211, -43.06361, -29.35706, 131.19173
1584, 508, -35.93819, -34.48912, 131.01456, 131.97089, 0.00, 0.80, 0.00, 1.00, 0.84635, 0.47958, 0.84635, 0.47958, -0.56846, 0.47313, 0.66593, -35.93819, -34.48912, 131.01456
1585, 494, -38.75806, -35.68472, 130.42905, 131.38557, 0.00, 0.80, 0.00, 1.00, 0.87231, 0.47948, 0.87231, 0.47948, 0.04329, 0.15944, 0.98609, -38.75806, -35.68472, 130.42905
1586, 507, -40.25565, -26.78417, 131.64275, 132.59886, 0.00, 0.80, 0.00, 1.00, 0.86247, 0.42872, 0.86247, 0.42872, -0.38968, 0.53294, 0.74616, -40.25565, -26.78417, 131.64275
1587, 506, -39.84858, -26.91489, 135.17293, 136.12788, 0.00, 0.80, 0.00, 1.00, 0.80834, 0.42881, 0.80834, 0.42881, -0.72974, 0.6412, -0.19497, -39.84858, -26.91489, 135.17293
1588, 508, -35.93819, -34.48912, 131.01456, 131.97089, 0.00, 0.80, 0.00, 1.00, 0.84635, 0.47958, 0.84635, 0.47958, -0.56846, 0.47313, 0.66593, -35.93819, -34.48912, 131.01456
1589, 507, -40.25565, -26.78417, 131.64275, 132.59886, 0.00, 0.80, 0.00, 1.00, 0.86247, 0.42872, 0.86247, 0.42872, -0.38968, 0.53294, 0.74616, -40.25565, -26.78417, 131.64275
1590, 505, -34.45965, -34.01158, 135.09258, 136.04755, 0.00, 0.80, 0.00, 1.00, 0.81, 0.47876, 0.81, 0.47876, -0.83946, 0.40664, -0.33595, -34.45965, -34.01158, 135.09258
1591, 508, -35.93819, -34.48912, 131.01456, 131.97089, 0.00, 0.80, 0.00, 1.00, 0.84635, 0.47958, 0.84635, 0.47958, -0.56846, 0.47313, 0.66593, -35.93819, -34.48912, 131.01456
1592, 506, -39.84858, -26.91489, 135.17293, 136.12788, 0.00, 0.80, 0.00, 1.00, 0.80834, 0.42881, 0.80834, 0.42881, -0.72974, 0.6412, -0.19497, -39.84858, -26.91489, 135.17293
1593, 494, -38.75806, -35.68472, 130.42905, 131.38557, 0.00, 0.80, 0.00, 1.00, 0.87231, 0.47948, 0.87231, 0.47948, 0.04329, 0.15944, 0.98609, -38.75806, -35.68472, 130.42905
1594, 509, -32.84118, -58.54509, 131.82486, 132.78091, 0.00, 0.80, 0.00, 1.00, 0.90361, 0.60723, 0.90361, 0.60723, -0.02734, 0.04612, 0.99828, -32.84118, -58.54509, 131.82486
1595, 492, -41.81336, -38.6064, 131.45164, 132.40782, 0.00, 0.80, 0.00, 1.00, 0.91128, 0.48716, 0.91128, 0.48716, 0.23582, 0.04501, 0.9701, -41.81336, -38.6064, 131.45164
1596, 510, -30.91897, -57.18023, 131.80373, 132.7598, 0.00, 0.80, 0.00, 1.00, 0.86396, 0.60688, 0.86396, 0.60688, -0.28526, 0.11276, 0.95073, -30.91897, -57.18023, 131.80373
1597, 509, -32.84118, -58.54509, 131.82486, 132.78091, 0.00, 0.80, 0.00, 1.00, 0.90361, 0.60723, 0.90361, 0.60723, -0.02734, 0.04612, 0.99828, -32.84118, -58.54509, 131.82486
1598, 494, -38.75806, -35.68472, 130.42905, 131.38557, 0.00, 0.80, 0.00, 1.00, 0.87231, 0.47948, 0.87231, 0.47948, 0.04329, 0.15944, 0.98609, -38.75806, -35.68472, 130.42905
1599, 498, -41.81336, -38.6064, 131.45164, 132.40782, 0.00, 0.80, 0.00, 1.00, 0.92291, 0.48464, 0.92291, 0.48464, 0.82491, -0.52094, 0.17241, -41.81336, -38.6064, 131.45164
1600, 511, -33.31646, -58.46007, 133.04893, 134.00459, 0.00, 0.80, 0.00, 1.00, 0.95139, 0.60668, 0.95139, 0.60668, 0.90684, -0.36328, 0.16228, -33.31646, -58.46007, 133.04893
1601, 496, -42.6705, -37.65436, 135.12859, 136.08356, 0.00, 0.80, 0.00, 1.00, 0.96337, 0.47594, 0.96337, 0.47594, 0.77452, -0.59299, -0.17506, -42.6705, -37.65436, 135.12859
1602, 512, -32.84118, -58.54509, 131.82486, 132.78091, 0.00, 0.80, 0.00, 1.00, 0.92935, 0.60822, 0.92935, 0.60822, 0.86688, -0.30704, 0.36985, -32.84118, -58.54509, 131.82486
1603, 511, -33.31646, -58.46007, 133.04893, 134.00459, 0.00, 0.80, 0.00, 1.00, 0.95139, 0.60668, 0.95139, 0.60668, 0.90684, -0.36328, 0.16228, -33.31646, -58.46007, 133.04893
1604, 498, -41.81336, -38.6064, 131.45164, 132.40782, 0.00, 0.80, 0.00, 1.00, 0.92291, 0.48464, 0.92291, 0.48464, 0.82491, -0.52094, 0.17241, -41.81336, -38.6064, 131.45164
1605, 500, -40.68186, -37.20448, 138.05455, 139.00853, 0.00, 0.80, 0.00, 1.00, 0.73448, 0.47956, 0.73448, 0.47956, 0.07162, -0.29445, -0.95233, -40.68186, -37.20448, 138.05455
1606, 513, -31.3444, -57.43709, 134.69884, 135.65393, 0.00, 0.80, 0.00, 1.00, 0.76975, 0.60446, 0.76975, 0.60446, -0.03611, -0.31918, -0.94579, -31.3444, -57.43709, 134.69884
1607, 502, -37.95734, -35.98746, 138.33914, 139.29303, 0.00, 0.80, 0.00, 1.00, 0.76451, 0.47946, 0.76451, 0.47946, -0.40485, -0.06045, -0.91048, -37.95734, -35.98746, 138.33914
1608, 514, -33.02171, -57.83474, 134.24573, 135.20097, 0.00, 0.80, 0.00, 1.00, 0.74022, 0.60392, 0.74022, 0.60392, 0.21935, -0.37757, -0.89756, -33.02171, -57.83474, 134.24573
1609, 513, -31.3444, -57.43709, 134.69884, 135.65393, 0.00, 0.80, 0.00, 1.00, 0.76975, 0.60446, 0.76975, 0.60446, -0.03611, -0.31918, -0.94579, -31.3444, -57.43709, 134.69884
1610, 500, -40.68186, -37.20448, 138.05455, 139.00853, 0.00, 0.80, 0.00, 1.00, 0.73448, 0.47956, 0.73448, 0.47956, 0.07162, -0.29445, -0.95233, -40.68186, -37.20448, 138.05455
1611, 496, -42.6705, -37.65436, 135.12859, 136.08356, 0.00, 0.80, 0.00, 1.00, 0.96337, 0.47594, 0.96337, 0.47594, 0.77452, -0.59299, -0.17506, -42.6705, -37.65436, 135.12859
1612, 515, -33.02171, -57.83474, 134.24573, 135.20097, 0.00, 0.80, 0.00, 1.00, 0.97059, 0.60313, 0.97059, 0.60313, 0.85596, -0.42154, -0.26784, -33.02171, -57.83474, 134.24573
1613, 504, -40.68186, -37.20448, 138.05455, 139.00853, 0.00, 0.80, 0.00, 1.00, 0.99852, 0.47698, 0.99852, 0.47698, 0.68119, -0.5847, -0.42361, -40.68186, -37.20448, 138.05455
1614, 511, -33.31646, -58.46007, 133.04893, 134.00459, 0.00, 0.80, 0.00, 1.00, 0.95139, 0.60668, 0.95139, 0.60668, 0.90684, -0.36328, 0.16228, -33.31646, -58.46007, 133.04893
1615, 515, -33.02171, -57.83474, 134.24573, 135.20097, 0.00, 0.80, 0.00, 1.00, 0.97059, 0.60313, 0.97059, 0.60313, 0.85596, -0.42154, -0.26784, -33.02171, -57.83474, 134.24573
1616, 496, -42.6705, -37.65436, 135.12859, 136.08356, 0.00, 0.80, 0.00, 1.00, 0.96337, 0.47594, 0.96337, 0.47594, 0.77452, -0.59299, -0.17506, -42.6705, -37.65436, 135.12859
1617, 502, -37.95734, -35.98746, 138.33914, 139.29303, 0.00, 0.80, 0.00, 1.00, 0.76451, 0.47946, 0.76451, 0.47946, -0.40485, -0.06045, -0.91048, -37.95734, -35.98746, 138.33914
1618, 516, -29.71653, -56.89239, 133.46173, 134.41724, 0.00, 0.80, 0.00, 1.00, 0.80086, 0.60553, 0.80086, 0.60553, -0.74775, -0.0558, -0.6525, -29.71653, -56.89239, 133.46173
1619, 505, -34.45965, -34.01158, 135.09258, 136.04755, 0.00, 0.80, 0.00, 1.00, 0.81, 0.47876, 0.81, 0.47876, -0.83946, 0.40664, -0.33595, -34.45965, -34.01158, 135.09258
1620, 513, -31.3444, -57.43709, 134.69884, 135.65393, 0.00, 0.80, 0.00, 1.00, 0.76975, 0.60446, 0.76975, 0.60446, -0.03611, -0.31918, -0.94579, -31.3444, -57.43709, 134.69884
1621, 516, -29.71653, -56.89239, 133.46173, 134.41724, 0.00, 0.80, 0.00, 1.00, 0.80086, 0.60553, 0.80086, 0.60553, -0.74775, -0.0558, -0.6525, -29.71653, -56.89239, 133.46173
1622, 502, -37.95734, -35.98746, 138.33914, 139.29303, 0.00, 0.80, 0.00, 1.00, 0.76451, 0.47946, 0.76451, 0.47946, -0.40485, -0.06045, -0.91048, -37.95734, -35.98746, 138.33914
1623, 508, -35.93819, -34.48912, 131.01456, 131.97089, 0.00, 0.80, 0.00, 1.00, 0.84635, 0.47958, 0.84635, 0.47958, -0.56846, 0.47313, 0.66593, -35.93819, -34.48912, 131.01456
1624, 510, -30.91897, -57.18023, 131.80373, 132.7598, 0.00, 0.80, 0.00, 1.00, 0.86396, 0.60688, 0.86396, 0.60688, -0.28526, 0.11276, 0.95073, -30.91897, -57.18023, 131.80373
1625, 494, -38.75806, -35.68472, 130.42905, 131.38557, 0.00, 0.80, 0.00, 1.00, 0.87231, 0.47948, 0.87231, 0.47948, 0.04329, 0.15944, 0.98609, -38.75806, -35.68472, 130.42905
1626, 517, -29.58773, -56.79152, 132.32185, 133.27774, 0.00, 0.80, 0.00, 1.00, 0.8338, 0.60579, 0.8338, 0.60579, -0.91541, 0.16783, 0.34179, -29.58773, -56.79152, 132.32185
1627, 510, -30.91897, -57.18023, 131.80373, 132.7598, 0.00, 0.80, 0.00, 1.00, 0.86396, 0.60688, 0.86396, 0.60688, -0.28526, 0.11276, 0.95073, -30.91897, -57.18023, 131.80373
1628, 508, -35.93819, -34.48912, 131.01456, 131.97089, 0.00, 0.80, 0.00, 1.00, 0.84635, 0.47958, 0.84635, 0.47958, -0.56846, 0.47313, 0.66593, -35.93819, -34.48912, 131.01456
1629, 505, -34.45965, -34.01158, 135.09258, 136.04755, 0.00, 0.80, 0.00, 1.00, 0.81, 0.47876, 0.81, 0.47876, -0.83946, 0.40664, -0.33595, -34.45965, -34.01158, 135.09258
1630, 517, -29.58773, -56.79152, 132.32185, 133.27774, 0.00, 0.80, 0.00, 1.00, 0.8338, 0.60579, 0.8338, 0.60579, -0.91541, 0.16783, 0.34179, -29.58773, -56.79152, 132.32185
1631, 508, -35.93819, -34.48912, 131.01456, 131.97089, 0.00, 0.80, 0.00, 1.00, 0.84635, 0.47958, 0.84635, 0.47958, -0.56846, 0.47313, 0.66593, -35.93819, -34.48912, 131.01456
1632, 516, -29.71653, -56.89239, 133.46173, 134.41724, 0.00, 0.80, 0.00, 1.00, 0.80086, 0.60553, 0.80086, 0.60553, -0.74775, -0.0558, -0.6525, -29.71653, -56.89239, 133.46173
1633, 517, -29.58773, -56.79152, 132.32185, 133.27774, 0.00, 0.80, 0.00, 1.00, 0.8338, 0.60579, 0.8338, 0.60579, -0.91541, 0.16783, 0.34179, -29.58773, -56.79152, 132.32185
1634, 505, -34.45965, -34.01158, 135.09258, 136.04755, 0.00, 0.80, 0.00, 1.00, 0.81, 0.47876, 0.81, 0.47876, -0.83946, 0.40664, -0.33595, -34.45965, -34.01158, 135.09258
1635, 518, -40.97726, -64.98038, 130.37762, 131.33417, 0.00, 0.80, 0.00, 1.00, 0.46676, 0.42347, 0.46676, 0.42347, 0.12142, -0.95292, 0.23646, -40.97726, -64.98038, 130.37762
1636, 519, -39.01163, -65.25757, 129.90079, 130.85748, 0.00, 0.80, 0.00, 1.00, 0.47813, 0.44864, 0.47813, 0.44864, 0.1543, -0.94567, 0.24634, -39.01163, -65.25757, 129.90079
1637, 520, -40.4746, -65.45145, 134.16801, 135.12329, 0.00, 0.80, 0.00, 1.00, 0.40971, 0.43767, 0.40971, 0.43767, 0.14609, -0.9476, 0.2439, -40.4746, -65.45145, 134.16801
1638, 520, -40.4746, -65.45145, 134.16801, 135.12329, 0.00, 0.80, 0.00, 1.00, 0.40971, 0.43767, 0.40971, 0.43767, 0.14609, -0.9476, 0.2439, -40.4746, -65.45145, 134.16801
1639, 519, -39.01163, -65.25757, 129.90079, 130.85748, 0.00, 0.80, 0.00, 1.00, 0.47813, 0.44864, 0.47813, 0.44864, 0.1543, -0.94567, 0.24634, -39.01163, -65.25757, 129.90079
1640, 521, -39.79325, -65.72572, 135.07306, 136.02805, 0.00, 0.80, 0.00, 1.00, 0.3972, 0.44864, 0.3972, 0.44864, 0.17067, -0.9416, 0.25116, -39.79325, -65.72572, 135.07306
1641, 521, -39.79325, -65.72572, 135.07306, 136.02805, 0.00, 0.80, 0.00, 1.00, 0.3972, 0.44864, 0.3972, 0.44864, 0.17067, -0.9416, 0.25116, -39.79325, -65.72572, 135.07306
1642, 519, -39.01163, -65.25757, 129.90079, 130.85748, 0.00, 0.80, 0.00, 1.00, 0.47813, 0.44864, 0.47813, 0.44864, 0.1543, -0.94567, 0.24634, -39.01163, -65.25757, 129.90079
1643, 522, -36.94192, -65.7717, 130.11896, 131.07559, 0.00, 0.80, 0.00, 1.00, 0.47895, 0.49995, 0.47895, 0.49995, 0.17099, -0.94154, 0.25114, -36.94192, -65.7717, 130.11896
1644, 523, -36.75741, -66.48977, 135.47188, 136.42673, 0.00, 0.80, 0.00, 1.00, 0.3972, 0.51328, 0.3972, 0.51328, 0.17134, -0.94147, 0.25117, -36.75741, -66.48977, 135.47188
1645, 521, -39.79325, -65.72572, 135.07306, 136.02805, 0.00, 0.80, 0.00, 1.00, 0.3972, 0.44864, 0.3972, 0.44864, 0.17067, -0.9416, 0.25116, -39.79325, -65.72572, 135.07306
1646, 522, -36.94192, -65.7717, 130.11896, 131.07559, 0.00, 0.80, 0.00, 1.00, 0.47895, 0.49995, 0.47895, 0.49995, 0.17099, -0.94154, 0.25114, -36.94192, -65.7717, 130.11896
1647, 524, -28.67739, -64.00751, 131.5889, 132.54504, 0.00, 0.80, 0.00, 1.00, 0.47606, 0.58889, 0.47606, 0.58889, -0.17815, -0.95365, 0.20078, -28.67739, -64.00751, 131.5889
1648, 523, -36.75741, -66.48977, 135.47188, 136.42673, 0.00, 0.80, 0.00, 1.00, 0.3972, 0.51328, 0.3972, 0.51328, 0.17134, -0.94147, 0.25117, -36.75741, -66.48977, 135.47188
1649, 522, -36.94192, -65.7717, 130.11896, 131.07559, 0.00, 0.80, 0.00, 1.00, 0.47895, 0.49995, 0.47895, 0.49995, 0.17099, -0.94154, 0.25114, -36.94192, -65.7717, 130.11896
1650, 523, -36.75741, -66.48977, 135.47188, 136.42673, 0.00, 0.80, 0.00, 1.00, 0.3972, 0.51328, 0.3972, 0.51328, 0.17134, -0.94147, 0.25117, -36.75741, -66.48977, 135.47188
1651, 524, -28.67739, -64.00751, 131.5889, 132.54504, 0.00, 0.80, 0.00, 1.00, 0.47606, 0.58889, 0.47606, 0.58889, -0.17815, -0.95365, 0.20078, -28.67739, -64.00751, 131.5889
1652, 525, -29.28995, -64.37439, 135.64241, 136.5972, 0.00, 0.80, 0.00, 1.00, 0.41264, 0.58889, 0.41264, 0.58889, -0.17847, -0.95359, 0.20078, -29.28995, -64.37439, 135.64241
1653, 526, -27.70221, -63.84334, 132.98442, 133.94009, 0.00, 0.80, 0.00, 1.00, 0.45706, 0.60475, 0.45706, 0.60475, -0.17882, -0.95354, 0.20071, -27.70221, -63.84334, 132.98442
1654, 525, -29.28995, -64.37439, 135.64241, 136.5972, 0.00, 0.80, 0.00, 1.00, 0.41264, 0.58889, 0.41264, 0.58889, -0.17847, -0.95359, 0.20078, -29.28995, -64.37439, 135.64241
1655, 524, -28.67739, -64.00751, 131.5889, 132.54504, 0.00, 0.80, 0.00, 1.00, 0.47606, 0.58889, 0.47606, 0.58889, -0.17815, -0.95365, 0.20078, -28.67739, -64.00751, 131.5889
1656, 527, -27.99073, -64.01615, 134.89366, 135.84869, 0.00, 0.80, 0.00, 1.00, 0.42718, 0.60475, 0.42718, 0.60475, -0.17882, -0.95354, 0.20071, -27.99073, -64.01615, 134.89366
1657, 525, -29.28995, -64.37439, 135.64241, 136.5972, 0.00, 0.80, 0.00, 1.00, 0.41264, 0.58889, 0.41264, 0.58889, -0.17847, -0.95359, 0.20078, -29.28995, -64.37439, 135.64241
1658, 526, -27.70221, -63.84334, 132.98442, 133.94009, 0.00, 0.80, 0.00, 1.00, 0.45706, 0.60475, 0.45706, 0.60475, -0.17882, -0.95354, 0.20071, -27.70221, -63.84334, 132.98442
1659, 528, -30.91897, -57.18023, 131.80373, 132.7598, 0.00, 0.80, 0.00, 1.00, 0.66336, 0.47671, 0.66336, 0.47671, 0.06696, 0.60589, 0.78814, -30.91897, -57.18023, 131.80373
1660, 529, -33.93177, -60.42004, 131.18489, 132.14117, 0.00, 0.80, 0.00, 1.00, 0.613, 0.50877, 0.613, 0.50877, 0.07285, 0.45024, 0.88754, -33.93177, -60.42004, 131.18489
1661, 530, -32.84118, -58.54509, 131.82486, 132.78091, 0.00, 0.80, 0.00, 1.00, 0.63352, 0.488, 0.63352, 0.488, 0.32155, 0.70037, 0.62803, -32.84118, -58.54509, 131.82486
1662, 531, -31.11187, -58.86161, 131.2594, 132.21564, 0.00, 0.80, 0.00, 1.00, 0.65619, 0.49774, 0.65619, 0.49774, -0.16701, 0.38411, 0.90615, -31.11187, -58.86161, 131.2594
1663, 529, -33.93177, -60.42004, 131.18489, 132.14117, 0.00, 0.80, 0.00, 1.00, 0.613, 0.50877, 0.613, 0.50877, 0.07285, 0.45024, 0.88754, -33.93177, -60.42004, 131.18489
1664, 528, -30.91897, -57.18023, 131.80373, 132.7598, 0.00, 0.80, 0.00, 1.00, 0.66336, 0.47671, 0.66336, 0.47671, 0.06696, 0.60589, 0.78814, -30.91897, -57.18023, 131.80373
1665, 532, -32.84118, -58.54509, 131.82486, 132.78091, 0.00, 0.80, 0.00, 1.00, 0.6264, 0.43644, 0.6264, 0.43644, 0.69462, 0.68539, 0.17013, -32.84118, -58.54509, 131.82486
1666, 533, -34.59914, -60.41053, 132.92354, 133.87923, 0.00, 0.80, 0.00, 1.00, 0.60121, 0.46273, 0.60121, 0.46273, 0.59663, 0.79035, 0.01203, -34.59914, -60.41053, 132.92354
1667, 534, -33.31646, -58.46007, 133.04893, 134.00459, 0.00, 0.80, 0.00, 1.00, 0.62276, 0.45986, 0.62276, 0.45986, 0.75398, 0.64198, -0.00379, -33.31646, -58.46007, 133.04893
1668, 535, -33.93177, -60.42004, 131.18489, 132.14117, 0.00, 0.80, 0.00, 1.00, 0.60648, 0.4294, 0.60648, 0.4294, 0.56194, 0.81147, 0.08151, -33.93177, -60.42004, 131.18489
1669, 533, -34.59914, -60.41053, 132.92354, 133.87923, 0.00, 0.80, 0.00, 1.00, 0.60121, 0.46273, 0.60121, 0.46273, 0.59663, 0.79035, 0.01203, -34.59914, -60.41053, 132.92354
1670, 532, -32.84118, -58.54509, 131.82486, 132.78091, 0.00, 0.80, 0.00, 1.00, 0.6264, 0.43644, 0.6264, 0.43644, 0.69462, 0.68539, 0.17013, -32.84118, -58.54509, 131.82486
1671, 536, -33.02171, -57.83474, 134.24573, 135.20097, 0.00, 0.80, 0.00, 1.00, 0.63415, 0.48306, 0.63415, 0.48306, 0.30577, 0.29943, -0.90157, -33.02171, -57.83474, 134.24573
1672, 537, -31.69872, -59.21711, 135.25948, 136.2144, 0.00, 0.80, 0.00, 1.00, 0.65226, 0.50274, 0.65226, 0.50274, -0.04767, 0.22787, -0.97157, -31.69872, -59.21711, 135.25948
1673, 538, -31.3444, -57.43709, 134.69884, 135.65393, 0.00, 0.80, 0.00, 1.00, 0.65918, 0.48292, 0.65918, 0.48292, -0.28938, 0.17269, -0.9398, -31.3444, -57.43709, 134.69884
1674, 539, -34.12857, -59.78888, 134.61612, 135.57124, 0.00, 0.80, 0.00, 1.00, 0.61603, 0.50288, 0.61603, 0.50288, 0.30079, 0.28506, -0.908, -34.12857, -59.78888, 134.61612
1675, 537, -31.69872, -59.21711, 135.25948, 136.2144, 0.00, 0.80, 0.00, 1.00, 0.65226, 0.50274, 0.65226, 0.50274, -0.04767, 0.22787, -0.97157, -31.69872, -59.21711, 135.25948
1676, 536, -33.02171, -57.83474, 134.24573, 135.20097, 0.00, 0.80, 0.00, 1.00, 0.63415, 0.48306, 0.63415, 0.48306, 0.30577, 0.29943, -0.90157, -33.02171, -57.83474, 134.24573
1677, 534, -33.31646, -58.46007, 133.04893, 134.00459, 0.00, 0.80, 0.00, 1.00, 0.62276, 0.45986, 0.62276, 0.45986, 0.75398, 0.64198, -0.00379, -33.31646, -58.46007, 133.04893
1678, 540, -34.12857, -59.78888, 134.61612, 135.57124, 0.00, 0.80, 0.00, 1.00, 0.61265, 0.49168, 0.61265, 0.49168, 0.68644, 0.70903, -0.08312, -34.12857, -59.78888, 134.61612
1679, 541, -33.02171, -57.83474, 134.24573, 135.20097, 0.00, 0.80, 0.00, 1.00, 0.63066, 0.48026, 0.63066, 0.48026, 0.79391, 0.58847, -0.06417, -33.02171, -57.83474, 134.24573
1680, 533, -34.59914, -60.41053, 132.92354, 133.87923, 0.00, 0.80, 0.00, 1.00, 0.60121, 0.46273, 0.60121, 0.46273, 0.59663, 0.79035, 0.01203, -34.59914, -60.41053, 132.92354
1681, 540, -34.12857, -59.78888, 134.61612, 135.57124, 0.00, 0.80, 0.00, 1.00, 0.61265, 0.49168, 0.61265, 0.49168, 0.68644, 0.70903, -0.08312, -34.12857, -59.78888, 134.61612
1682, 534, -33.31646, -58.46007, 133.04893, 134.00459, 0.00, 0.80, 0.00, 1.00, 0.62276, 0.45986, 0.62276, 0.45986, 0.75398, 0.64198, -0.00379, -33.31646, -58.46007, 133.04893
1683, 538, -31.3444, -57.43709, 134.69884, 135.65393, 0.00, 0.80, 0.00, 1.00, 0.65918, 0.48292, 0.65918, 0.48292, -0.28938, 0.17269, -0.9398, -31.3444, -57.43709, 134.69884
1684, 542, -29.35257, -58.4725, 133.56386, 134.51933, 0.00, 0.80, 0.00, 1.00, 0.68234, 0.5018, 0.68234, 0.5018, -0.5089, 0.19539, -0.8342, -29.35257, -58.4725, 133.56386
1685, 543, -29.71653, -56.89239, 133.46173, 134.41724, 0.00, 0.80, 0.00, 1.00, 0.67997, 0.48197, 0.67997, 0.48197, -0.55085, 0.10692, -0.82333, -29.71653, -56.89239, 133.46173
1686, 537, -31.69872, -59.21711, 135.25948, 136.2144, 0.00, 0.80, 0.00, 1.00, 0.65226, 0.50274, 0.65226, 0.50274, -0.04767, 0.22787, -0.97157, -31.69872, -59.21711, 135.25948
1687, 542, -29.35257, -58.4725, 133.56386, 134.51933, 0.00, 0.80, 0.00, 1.00, 0.68234, 0.5018, 0.68234, 0.5018, -0.5089, 0.19539, -0.8342, -29.35257, -58.4725, 133.56386
1688, 538, -31.3444, -57.43709, 134.69884, 135.65393, 0.00, 0.80, 0.00, 1.00, 0.65918, 0.48292, 0.65918, 0.48292, -0.28938, 0.17269, -0.9398, -31.3444, -57.43709, 134.69884
1689, 544, -29.58773, -56.79152, 132.32185, 133.27774, 0.00, 0.80, 0.00, 1.00, 0.68422, 0.47557, 0.68422, 0.47557, -0.27265, 0.49195, 0.82317, -29.58773, -56.79152, 132.32185
1690, 531, -31.11187, -58.86161, 131.2594, 132.21564, 0.00, 0.80, 0.00, 1.00, 0.65619, 0.49774, 0.65619, 0.49774, -0.16701, 0.38411, 0.90615, -31.11187, -58.86161, 131.2594
1691, 528, -30.91897, -57.18023, 131.80373, 132.7598, 0.00, 0.80, 0.00, 1.00, 0.66336, 0.47671, 0.66336, 0.47671, 0.06696, 0.60589, 0.78814, -30.91897, -57.18023, 131.80373
1692, 545, -29.17687, -58.33689, 131.98842, 132.94441, 0.00, 0.80, 0.00, 1.00, 0.68637, 0.49661, 0.68637, 0.49661, -0.30517, 0.37781, 0.87155, -29.17687, -58.33689, 131.98842
1693, 531, -31.11187, -58.86161, 131.2594, 132.21564, 0.00, 0.80, 0.00, 1.00, 0.65619, 0.49774, 0.65619, 0.49774, -0.16701, 0.38411, 0.90615, -31.11187, -58.86161, 131.2594
1694, 544, -29.58773, -56.79152, 132.32185, 133.27774, 0.00, 0.80, 0.00, 1.00, 0.68422, 0.47557, 0.68422, 0.47557, -0.27265, 0.49195, 0.82317, -29.58773, -56.79152, 132.32185
1695, 546, -29.71653, -56.89239, 133.46173, 134.41724, 0.00, 0.80, 0.00, 1.00, 0.72368, 0.47984, 0.72368, 0.47984, -0.93646, 0.27321, -0.17058, -29.71653, -56.89239, 133.46173
1696, 547, -29.17687, -58.33689, 131.98842, 132.94441, 0.00, 0.80, 0.00, 1.00, 0.70022, 0.49868, 0.70022, 0.49868, -0.94141, 0.30646, 0.0146, -29.17687, -58.33689, 131.98842
1697, 548, -29.58773, -56.79152, 132.32185, 133.27774, 0.00, 0.80, 0.00, 1.00, 0.70521, 0.47975, 0.70521, 0.47975, -0.9367, 0.27196, -0.17128, -29.58773, -56.79152, 132.32185
1698, 549, -29.35257, -58.4725, 133.56386, 134.51933, 0.00, 0.80, 0.00, 1.00, 0.72573, 0.49878, 0.72573, 0.49878, -0.89796, 0.36704, -0.19959, -29.35257, -58.4725, 133.56386
1699, 547, -29.17687, -58.33689, 131.98842, 132.94441, 0.00, 0.80, 0.00, 1.00, 0.70022, 0.49868, 0.70022, 0.49868, -0.94141, 0.30646, 0.0146, -29.17687, -58.33689, 131.98842
1700, 546, -29.71653, -56.89239, 133.46173, 134.41724, 0.00, 0.80, 0.00, 1.00, 0.72368, 0.47984, 0.72368, 0.47984, -0.93646, 0.27321, -0.17058, -29.71653, -56.89239, 133.46173
1701, 550, -38.84534, -63.8861, 130.10233, 131.05896, 0.00, 0.80, 0.00, 1.00, 0.52788, 0.55185, 0.52788, 0.55185, 0.0192, 0.495, 0.86569, -38.84534, -63.8861, 130.10233
1702, 551, -40.97726, -64.98038, 130.37762, 131.33417, 0.00, 0.80, 0.00, 1.00, 0.50024, 0.57157, 0.50024, 0.57157, 0.19999, 0.34976, 0.91306, -40.97726, -64.98038, 130.37762
1703, 552, -40.82484, -63.01606, 130.60718, 131.56364, 0.00, 0.80, 0.00, 1.00, 0.4989, 0.54593, 0.4989, 0.54593, 0.09302, 0.5599, 0.81912, -40.82484, -63.01606, 130.60718
1704, 553, -39.01163, -65.25757, 129.90079, 130.85748, 0.00, 0.80, 0.00, 1.00, 0.52788, 0.57, 0.52788, 0.57, -0.01955, 0.34452, 0.93718, -39.01163, -65.25757, 129.90079
1705, 551, -40.97726, -64.98038, 130.37762, 131.33417, 0.00, 0.80, 0.00, 1.00, 0.50024, 0.57157, 0.50024, 0.57157, 0.19999, 0.34976, 0.91306, -40.97726, -64.98038, 130.37762
1706, 550, -38.84534, -63.8861, 130.10233, 131.05896, 0.00, 0.80, 0.00, 1.00, 0.52788, 0.55185, 0.52788, 0.55185, 0.0192, 0.495, 0.86569, -38.84534, -63.8861, 130.10233
1707, 553, -39.01163, -65.25757, 129.90079, 130.85748, 0.00, 0.80, 0.00, 1.00, 0.52788, 0.57, 0.52788, 0.57, -0.01955, 0.34452, 0.93718, -39.01163, -65.25757, 129.90079
1708, 550, -38.84534, -63.8861, 130.10233, 131.05896, 0.00, 0.80, 0.00, 1.00, 0.52788, 0.55185, 0.52788, 0.55185, 0.0192, 0.495, 0.86569, -38.84534, -63.8861, 130.10233
1709, 554, -36.85089, -64.27271, 130.3161, 131.27267, 0.00, 0.80, 0.00, 1.00, 0.58286, 0.55047, 0.58286, 0.55047, -0.1373, 0.41313, 0.89812, -36.85089, -64.27271, 130.3161
1710, 553, -39.01163, -65.25757, 129.90079, 130.85748, 0.00, 0.80, 0.00, 1.00, 0.52788, 0.57, 0.52788, 0.57, -0.01955, 0.34452, 0.93718, -39.01163, -65.25757, 129.90079
1711, 554, -36.85089, -64.27271, 130.3161, 131.27267, 0.00, 0.80, 0.00, 1.00, 0.58286, 0.55047, 0.58286, 0.55047, -0.1373, 0.41313, 0.89812, -36.85089, -64.27271, 130.3161
1712, 555, -36.94192, -65.7717, 130.11896, 131.07559, 0.00, 0.80, 0.00, 1.00, 0.5842, 0.57, 0.5842, 0.57, -0.16331, 0.30446, 0.9371, -36.94192, -65.7717, 130.11896
1713, 555, -36.94192, -65.7717, 130.11896, 131.07559, 0.00, 0.80, 0.00, 1.00, 0.5842, 0.57, 0.5842, 0.57, -0.16331, 0.30446, 0.9371, -36.94192, -65.7717, 130.11896
1714, 554, -36.85089, -64.27271, 130.3161, 131.27267, 0.00, 0.80, 0.00, 1.00, 0.58286, 0.55047, 0.58286, 0.55047, -0.1373, 0.41313, 0.89812, -36.85089, -64.27271, 130.3161
1715, 556, -29.08419, -62.47572, 131.68121, 132.63733, 0.00, 0.80, 0.00, 1.00, 0.67917, 0.54944, 0.67917, 0.54944, -0.17201, 0.24684, 0.95265, -29.08419, -62.47572, 131.68121
1716, 555, -36.94192, -65.7717, 130.11896, 131.07559, 0.00, 0.80, 0.00, 1.00, 0.5842, 0.57, 0.5842, 0.57, -0.16331, 0.30446, 0.9371, -36.94192, -65.7717, 130.11896
1717, 556, -29.08419, -62.47572, 131.68121, 132.63733, 0.00, 0.80, 0.00, 1.00, 0.67917, 0.54944, 0.67917, 0.54944, -0.17201, 0.24684, 0.95265, -29.08419, -62.47572, 131.68121
1718, 557, -28.67739, -64.00751, 131.5889, 132.54504, 0.00, 0.80, 0.00, 1.00, 0.68185, 0.57014, 0.68185, 0.57014, -0.15445, 0.29066, 0.94308, -28.67739, -64.00751, 131.5889
1719, 558, -28.67739, -64.00751, 131.5889, 132.54504, 0.00, 0.80, 0.00, 1.00, 0.69837, 0.57075, 0.69837, 0.57075, -0.75281, 0.34681, 0.54744, -28.67739, -64.00751, 131.5889
1720, 559, -29.08419, -62.47572, 131.68121, 132.63733, 0.00, 0.80, 0.00, 1.00, 0.69902, 0.55084, 0.69902, 0.55084, -0.74799, 0.29335, 0.58476, -29.08419, -62.47572, 131.68121
1721, 560, -27.98002, -61.91157, 133.11557, 134.0712, 0.00, 0.80, 0.00, 1.00, 0.71007, 0.54633, 0.71007, 0.54633, -0.91093, 0.33608, 0.19648, -27.98002, -61.91157, 133.11557
1722, 561, -27.70221, -63.84334, 132.98442, 133.94009, 0.00, 0.80, 0.00, 1.00, 0.70942, 0.57075, 0.70942, 0.57075, -0.96691, 0.20566, 0.05722, -27.70221, -63.84334, 132.98442
1723, 558, -28.67739, -64.00751, 131.5889, 132.54504, 0.00, 0.80, 0.00, 1.00, 0.69837, 0.57075, 0.69837, 0.57075, -0.75281, 0.34681, 0.54744, -28.67739, -64.00751, 131.5889
1724, 560, -27.98002, -61.91157, 133.11557, 134.0712, 0.00, 0.80, 0.00, 1.00, 0.71007, 0.54633, 0.71007, 0.54633, -0.91093, 0.33608, 0.19648, -27.98002, -61.91157, 133.11557
1725, 562, -40.4746, -65.45145, 134.16801, 135.12329, 0.00, 0.80, 0.00, 1.00, 0.51498, 0.57085, 0.51498, 0.57085, 0.75938, 0.01461, -0.64065, -40.4746, -65.45145, 134.16801
1726, 563, -39.59511, -64.33517, 135.06386, 136.01884, 0.00, 0.80, 0.00, 1.00, 0.52674, 0.55375, 0.52674, 0.55375, 0.42474, 0.18051, -0.88423, -39.59511, -64.33517, 135.06386
1727, 564, -40.29033, -63.46806, 134.18683, 135.14211, 0.00, 0.80, 0.00, 1.00, 0.51367, 0.54669, 0.51367, 0.54669, 0.5338, 0.29552, -0.78676, -40.29033, -63.46806, 134.18683
1728, 562, -40.4746, -65.45145, 134.16801, 135.12329, 0.00, 0.80, 0.00, 1.00, 0.51498, 0.57085, 0.51498, 0.57085, 0.75938, 0.01461, -0.64065, -40.4746, -65.45145, 134.16801
1729, 565, -39.79325, -65.72572, 135.07306, 136.02805, 0.00, 0.80, 0.00, 1.00, 0.52674, 0.57085, 0.52674, 0.57085, 0.36665, -0.07572, -0.9256, -39.79325, -65.72572, 135.07306
1730, 563, -39.59511, -64.33517, 135.06386, 136.01884, 0.00, 0.80, 0.00, 1.00, 0.52674, 0.55375, 0.52674, 0.55375, 0.42474, 0.18051, -0.88423, -39.59511, -64.33517, 135.06386
1731, 563, -39.59511, -64.33517, 135.06386, 136.01884, 0.00, 0.80, 0.00, 1.00, 0.52674, 0.55375, 0.52674, 0.55375, 0.42474, 0.18051, -0.88423, -39.59511, -64.33517, 135.06386
1732, 565, -39.79325, -65.72572, 135.07306, 136.02805, 0.00, 0.80, 0.00, 1.00, 0.52674, 0.57085, 0.52674, 0.57085, 0.36665, -0.07572, -0.9256, -39.79325, -65.72572, 135.07306
1733, 566, -36.63454, -64.97172, 135.4583, 136.41313, 0.00, 0.80, 0.00, 1.00, 0.5947, 0.55245, 0.5947, 0.55245, 0.07744, 0.06192, -0.99457, -36.63454, -64.97172, 135.4583
1734, 566, -36.63454, -64.97172, 135.4583, 136.41313, 0.00, 0.80, 0.00, 1.00, 0.5947, 0.55245, 0.5947, 0.55245, 0.07744, 0.06192, -0.99457, -36.63454, -64.97172, 135.4583
1735, 565, -39.79325, -65.72572, 135.07306, 136.02805, 0.00, 0.80, 0.00, 1.00, 0.52674, 0.57085, 0.52674, 0.57085, 0.36665, -0.07572, -0.9256, -39.79325, -65.72572, 135.07306
1736, 567, -36.75741, -66.48977, 135.47188, 136.42673, 0.00, 0.80, 0.00, 1.00, 0.59601, 0.57085, 0.59601, 0.57085, 0.04095, -0.15356, -0.98682, -36.75741, -66.48977, 135.47188
1737, 566, -36.63454, -64.97172, 135.4583, 136.41313, 0.00, 0.80, 0.00, 1.00, 0.5947, 0.55245, 0.5947, 0.55245, 0.07744, 0.06192, -0.99457, -36.63454, -64.97172, 135.4583
1738, 567, -36.75741, -66.48977, 135.47188, 136.42673, 0.00, 0.80, 0.00, 1.00, 0.59601, 0.57085, 0.59601, 0.57085, 0.04095, -0.15356, -0.98682, -36.75741, -66.48977, 135.47188
1739, 568, -29.67513, -62.82966, 135.59171, 136.54651, 0.00, 0.80, 0.00, 1.00, 0.67443, 0.55148, 0.67443, 0.55148, -0.12215, -0.01749, -0.99186, -29.67513, -62.82966, 135.59171
1740, 568, -29.67513, -62.82966, 135.59171, 136.54651, 0.00, 0.80, 0.00, 1.00, 0.67443, 0.55148, 0.67443, 0.55148, -0.12215, -0.01749, -0.99186, -29.67513, -62.82966, 135.59171
1741, 567, -36.75741, -66.48977, 135.47188, 136.42673, 0.00, 0.80, 0.00, 1.00, 0.59601, 0.57085, 0.59601, 0.57085, 0.04095, -0.15356, -0.98682, -36.75741, -66.48977, 135.47188
1742, 569, -29.28995, -64.37439, 135.64241, 136.5972, 0.00, 0.80, 0.00, 1.00, 0.67705, 0.57098, 0.67705, 0.57098, -0.2905, -0.05308, -0.95408, -29.28995, -64.37439, 135.64241
1743, 568, -29.67513, -62.82966, 135.59171, 136.54651, 0.00, 0.80, 0.00, 1.00, 0.67443, 0.55148, 0.67443, 0.55148, -0.12215, -0.01749, -0.99186, -29.67513, -62.82966, 135.59171
1744, 569, -29.28995, -64.37439, 135.64241, 136.5972, 0.00, 0.80, 0.00, 1.00, 0.67705, 0.57098, 0.67705, 0.57098, -0.2905, -0.05308, -0.95408, -29.28995, -64.37439, 135.64241
1745, 570, -28.24693, -62.07143, 134.88179, 135.83682, 0.00, 0.80, 0.00, 1.00, 0.69404, 0.54707, 0.69404, 0.54707, -0.4056, 0.14525, -0.89983, -28.24693, -62.07143, 134.88179
1746, 569, -29.28995, -64.37439, 135.64241, 136.5972, 0.00, 0.80, 0.00, 1.00, 0.67705, 0.57098, 0.67705, 0.57098, -0.2905, -0.05308, -0.95408, -29.28995, -64.37439, 135.64241
1747, 571, -27.99073, -64.01615, 134.89366, 135.84869, 0.00, 0.80, 0.00, 1.00, 0.69404, 0.57098, 0.69404, 0.57098, -0.48565, -0.04883, -0.86956, -27.99073, -64.01615, 134.89366
1748, 570, -28.24693, -62.07143, 134.88179, 135.83682, 0.00, 0.80, 0.00, 1.00, 0.69404, 0.54707, 0.69404, 0.54707, -0.4056, 0.14525, -0.89983, -28.24693, -62.07143, 134.88179
1749, 561, -27.70221, -63.84334, 132.98442, 133.94009, 0.00, 0.80, 0.00, 1.00, 0.70942, 0.57075, 0.70942, 0.57075, -0.96691, 0.20566, 0.05722, -27.70221, -63.84334, 132.98442
1750, 560, -27.98002, -61.91157, 133.11557, 134.0712, 0.00, 0.80, 0.00, 1.00, 0.71007, 0.54633, 0.71007, 0.54633, -0.91093, 0.33608, 0.19648, -27.98002, -61.91157, 133.11557
1751, 572, -28.24693, -62.07143, 134.88179, 135.83682, 0.00, 0.80, 0.00, 1.00, 0.72613, 0.54633, 0.72613, 0.54633, -0.94185, 0.23257, -0.19927, -28.24693, -62.07143, 134.88179
1752, 573, -27.99073, -64.01615, 134.89366, 135.84869, 0.00, 0.80, 0.00, 1.00, 0.72678, 0.57075, 0.72678, 0.57075, -0.96307, 0.14304, -0.1811, -27.99073, -64.01615, 134.89366
1753, 561, -27.70221, -63.84334, 132.98442, 133.94009, 0.00, 0.80, 0.00, 1.00, 0.70942, 0.57075, 0.70942, 0.57075, -0.96691, 0.20566, 0.05722, -27.70221, -63.84334, 132.98442
1754, 572, -28.24693, -62.07143, 134.88179, 135.83682, 0.00, 0.80, 0.00, 1.00, 0.72613, 0.54633, 0.72613, 0.54633, -0.94185, 0.23257, -0.19927, -28.24693, -62.07143, 134.88179
1755, 574, -40.82484, -63.01606, 130.60718, 131.56364, 0.00, 0.80, 0.00, 1.00, 0.55657, 0.50775, 0.55657, 0.50775, 0.97422, 0.05144, -0.16306, -40.82484, -63.01606, 130.60718
1756, 575, -40.97726, -64.98038, 130.37762, 131.33417, 0.00, 0.80, 0.00, 1.00, 0.55825, 0.52848, 0.55825, 0.52848, 0.97328, 0.07302, -0.16031, -40.97726, -64.98038, 130.37762
1757, 576, -40.29033, -63.46806, 134.18683, 135.14211, 0.00, 0.80, 0.00, 1.00, 0.50171, 0.50648, 0.50171, 0.50648, 0.97328, 0.07302, -0.16031, -40.29033, -63.46806, 134.18683
1758, 576, -40.29033, -63.46806, 134.18683, 135.14211, 0.00, 0.80, 0.00, 1.00, 0.50171, 0.50648, 0.50171, 0.50648, 0.97328, 0.07302, -0.16031, -40.29033, -63.46806, 134.18683
1759, 575, -40.97726, -64.98038, 130.37762, 131.33417, 0.00, 0.80, 0.00, 1.00, 0.55825, 0.52848, 0.55825, 0.52848, 0.97328, 0.07302, -0.16031, -40.97726, -64.98038, 130.37762
1760, 577, -40.4746, -65.45145, 134.16801, 135.12329, 0.00, 0.80, 0.00, 1.00, 0.50002, 0.5272, 0.50002, 0.5272, 0.97187, 0.09457, -0.15748, -40.4746, -65.45145, 134.16801
1761, 578, -37.35045, -62.60073, 130.91449, 131.87085, 0.00, 0.80, 0.00, 1.00, 0.55726, 0.43544, 0.55726, 0.43544, 0.1036, 0.97387, -0.13807, -37.35045, -62.60073, 130.91449
1762, 579, -40.82484, -63.01606, 130.60718, 131.56364, 0.00, 0.80, 0.00, 1.00, 0.49574, 0.43934, 0.49574, 0.43934, 0.15968, 0.94853, -0.23148, -40.82484, -63.01606, 130.60718
1763, 580, -37.86008, -62.74009, 134.45671, 135.4119, 0.00, 0.80, 0.00, 1.00, 0.55726, 0.50127, 0.55726, 0.50127, 0.15423, 0.95867, -0.18879, -37.86008, -62.74009, 134.45671
1764, 580, -37.86008, -62.74009, 134.45671, 135.4119, 0.00, 0.80, 0.00, 1.00, 0.55726, 0.50127, 0.55726, 0.50127, 0.15423, 0.95867, -0.18879, -37.86008, -62.74009, 134.45671
1765, 579, -40.82484, -63.01606, 130.60718, 131.56364, 0.00, 0.80, 0.00, 1.00, 0.49574, 0.43934, 0.49574, 0.43934, 0.15968, 0.94853, -0.23148, -40.82484, -63.01606, 130.60718
1766, 581, -40.29033, -63.46806, 134.18683, 135.14211, 0.00, 0.80, 0.00, 1.00, 0.51087, 0.5034, 0.51087, 0.5034, 0.22827, 0.92099, -0.28095, -40.29033, -63.46806, 134.18683
1767, 533, -34.59914, -60.41053, 132.92354, 133.87923, 0.00, 0.80, 0.00, 1.00, 0.60121, 0.46273, 0.60121, 0.46273, 0.59663, 0.79035, 0.01203, -34.59914, -60.41053, 132.92354
1768, 580, -37.86008, -62.74009, 134.45671, 135.4119, 0.00, 0.80, 0.00, 1.00, 0.55726, 0.50127, 0.55726, 0.50127, 0.15423, 0.95867, -0.18879, -37.86008, -62.74009, 134.45671
1769, 540, -34.12857, -59.78888, 134.61612, 135.57124, 0.00, 0.80, 0.00, 1.00, 0.61265, 0.49168, 0.61265, 0.49168, 0.68644, 0.70903, -0.08312, -34.12857, -59.78888, 134.61612
1770, 580, -37.86008, -62.74009, 134.45671, 135.4119, 0.00, 0.80, 0.00, 1.00, 0.55726, 0.50127, 0.55726, 0.50127, 0.15423, 0.95867, -0.18879, -37.86008, -62.74009, 134.45671
1771, 533, -34.59914, -60.41053, 132.92354, 133.87923, 0.00, 0.80, 0.00, 1.00, 0.60121, 0.46273, 0.60121, 0.46273, 0.59663, 0.79035, 0.01203, -34.59914, -60.41053, 132.92354
1772, 578, -37.35045, -62.60073, 130.91449, 131.87085, 0.00, 0.80, 0.00, 1.00, 0.55726, 0.43544, 0.55726, 0.43544, 0.1036, 0.97387, -0.13807, -37.35045, -62.60073, 130.91449
1773, 578, -37.35045, -62.60073, 130.91449, 131.87085, 0.00, 0.80, 0.00, 1.00, 0.55726, 0.43544, 0.55726, 0.43544, 0.1036, 0.97387, -0.13807, -37.35045, -62.60073, 130.91449
1774, 533, -34.59914, -60.41053, 132.92354, 133.87923, 0.00, 0.80, 0.00, 1.00, 0.60121, 0.46273, 0.60121, 0.46273, 0.59663, 0.79035, 0.01203, -34.59914, -60.41053, 132.92354
1775, 535, -33.93177, -60.42004, 131.18489, 132.14117, 0.00, 0.80, 0.00, 1.00, 0.60648, 0.4294, 0.60648, 0.4294, 0.56194, 0.81147, 0.08151, -33.93177, -60.42004, 131.18489
1776, 582, -37.86008, -62.74009, 134.45671, 135.4119, 0.00, 0.80, 0.00, 1.00, 0.56032, 0.53081, 0.56032, 0.53081, 0.13086, 0.40829, -0.90045, -37.86008, -62.74009, 134.45671
1777, 564, -40.29033, -63.46806, 134.18683, 135.14211, 0.00, 0.80, 0.00, 1.00, 0.51367, 0.54669, 0.51367, 0.54669, 0.5338, 0.29552, -0.78676, -40.29033, -63.46806, 134.18683
1778, 563, -39.59511, -64.33517, 135.06386, 136.01884, 0.00, 0.80, 0.00, 1.00, 0.52674, 0.55375, 0.52674, 0.55375, 0.42474, 0.18051, -0.88423, -39.59511, -64.33517, 135.06386
1779, 582, -37.86008, -62.74009, 134.45671, 135.4119, 0.00, 0.80, 0.00, 1.00, 0.56032, 0.53081, 0.56032, 0.53081, 0.13086, 0.40829, -0.90045, -37.86008, -62.74009, 134.45671
1780, 563, -39.59511, -64.33517, 135.06386, 136.01884, 0.00, 0.80, 0.00, 1.00, 0.52674, 0.55375, 0.52674, 0.55375, 0.42474, 0.18051, -0.88423, -39.59511, -64.33517, 135.06386
1781, 566, -36.63454, -64.97172, 135.4583, 136.41313, 0.00, 0.80, 0.00, 1.00, 0.5947, 0.55245, 0.5947, 0.55245, 0.07744, 0.06192, -0.99457, -36.63454, -64.97172, 135.4583
1782, 582, -37.86008, -62.74009, 134.45671, 135.4119, 0.00, 0.80, 0.00, 1.00, 0.56032, 0.53081, 0.56032, 0.53081, 0.13086, 0.40829, -0.90045, -37.86008, -62.74009, 134.45671
1783, 566, -36.63454, -64.97172, 135.4583, 136.41313, 0.00, 0.80, 0.00, 1.00, 0.5947, 0.55245, 0.5947, 0.55245, 0.07744, 0.06192, -0.99457, -36.63454, -64.97172, 135.4583
1784, 539, -34.12857, -59.78888, 134.61612, 135.57124, 0.00, 0.80, 0.00, 1.00, 0.61603, 0.50288, 0.61603, 0.50288, 0.30079, 0.28506, -0.908, -34.12857, -59.78888, 134.61612
1785, 539, -34.12857, -59.78888, 134.61612, 135.57124, 0.00, 0.80, 0.00, 1.00, 0.61603, 0.50288, 0.61603, 0.50288, 0.30079, 0.28506, -0.908, -34.12857, -59.78888, 134.61612
1786, 566, -36.63454, -64.97172, 135.4583, 136.41313, 0.00, 0.80, 0.00, 1.00, 0.5947, 0.55245, 0.5947, 0.55245, 0.07744, 0.06192, -0.99457, -36.63454, -64.97172, 135.4583
1787, 537, -31.69872, -59.21711, 135.25948, 136.2144, 0.00, 0.80, 0.00, 1.00, 0.65226, 0.50274, 0.65226, 0.50274, -0.04767, 0.22787, -0.97157, -31.69872, -59.21711, 135.25948
1788, 537, -31.69872, -59.21711, 135.25948, 136.2144, 0.00, 0.80, 0.00, 1.00, 0.65226, 0.50274, 0.65226, 0.50274, -0.04767, 0.22787, -0.97157, -31.69872, -59.21711, 135.25948
1789, 566, -36.63454, -64.97172, 135.4583, 136.41313, 0.00, 0.80, 0.00, 1.00, 0.5947, 0.55245, 0.5947, 0.55245, 0.07744, 0.06192, -0.99457, -36.63454, -64.97172, 135.4583
1790, 568, -29.67513, -62.82966, 135.59171, 136.54651, 0.00, 0.80, 0.00, 1.00, 0.67443, 0.55148, 0.67443, 0.55148, -0.12215, -0.01749, -0.99186, -29.67513, -62.82966, 135.59171
1791, 583, -37.35045, -62.60073, 130.91449, 131.87085, 0.00, 0.80, 0.00, 1.00, 0.56228, 0.52987, 0.56228, 0.52987, -0.06935, 0.65299, 0.74823, -37.35045, -62.60073, 130.91449
1792, 550, -38.84534, -63.8861, 130.10233, 131.05896, 0.00, 0.80, 0.00, 1.00, 0.52788, 0.55185, 0.52788, 0.55185, 0.0192, 0.495, 0.86569, -38.84534, -63.8861, 130.10233
1793, 552, -40.82484, -63.01606, 130.60718, 131.56364, 0.00, 0.80, 0.00, 1.00, 0.4989, 0.54593, 0.4989, 0.54593, 0.09302, 0.5599, 0.81912, -40.82484, -63.01606, 130.60718
1794, 554, -36.85089, -64.27271, 130.3161, 131.27267, 0.00, 0.80, 0.00, 1.00, 0.58286, 0.55047, 0.58286, 0.55047, -0.1373, 0.41313, 0.89812, -36.85089, -64.27271, 130.3161
1795, 550, -38.84534, -63.8861, 130.10233, 131.05896, 0.00, 0.80, 0.00, 1.00, 0.52788, 0.55185, 0.52788, 0.55185, 0.0192, 0.495, 0.86569, -38.84534, -63.8861, 130.10233
1796, 583, -37.35045, -62.60073, 130.91449, 131.87085, 0.00, 0.80, 0.00, 1.00, 0.56228, 0.52987, 0.56228, 0.52987, -0.06935, 0.65299, 0.74823, -37.35045, -62.60073, 130.91449
1797, 529, -33.93177, -60.42004, 131.18489, 132.14117, 0.00, 0.80, 0.00, 1.00, 0.613, 0.50877, 0.613, 0.50877, 0.07285, 0.45024, 0.88754, -33.93177, -60.42004, 131.18489
1798, 554, -36.85089, -64.27271, 130.3161, 131.27267, 0.00, 0.80, 0.00, 1.00, 0.58286, 0.55047, 0.58286, 0.55047, -0.1373, 0.41313, 0.89812, -36.85089, -64.27271, 130.3161
1799, 583, -37.35045, -62.60073, 130.91449, 131.87085, 0.00, 0.80, 0.00, 1.00, 0.56228, 0.52987, 0.56228, 0.52987, -0.06935, 0.65299, 0.74823, -37.35045, -62.60073, 130.91449
1800, 556, -29.08419, -62.47572, 131.68121, 132.63733, 0.00, 0.80, 0.00, 1.00, 0.67917, 0.54944, 0.67917, 0.54944, -0.17201, 0.24684, 0.95265, -29.08419, -62.47572, 131.68121
1801, 554, -36.85089, -64.27271, 130.3161, 131.27267, 0.00, 0.80, 0.00, 1.00, 0.58286, 0.55047, 0.58286, 0.55047, -0.1373, 0.41313, 0.89812, -36.85089, -64.27271, 130.3161
1802, 529, -33.93177, -60.42004, 131.18489, 132.14117, 0.00, 0.80, 0.00, 1.00, 0.613, 0.50877, 0.613, 0.50877, 0.07285, 0.45024, 0.88754, -33.93177, -60.42004, 131.18489
1803, 531, -31.11187, -58.86161, 131.2594, 132.21564, 0.00, 0.80, 0.00, 1.00, 0.65619, 0.49774, 0.65619, 0.49774, -0.16701, 0.38411, 0.90615, -31.11187, -58.86161, 131.2594
1804, 556, -29.08419, -62.47572, 131.68121, 132.63733, 0.00, 0.80, 0.00, 1.00, 0.67917, 0.54944, 0.67917, 0.54944, -0.17201, 0.24684, 0.95265, -29.08419, -62.47572, 131.68121
1805, 529, -33.93177, -60.42004, 131.18489, 132.14117, 0.00, 0.80, 0.00, 1.00, 0.613, 0.50877, 0.613, 0.50877, 0.07285, 0.45024, 0.88754, -33.93177, -60.42004, 131.18489
1806, 545, -29.17687, -58.33689, 131.98842, 132.94441, 0.00, 0.80, 0.00, 1.00, 0.68637, 0.49661, 0.68637, 0.49661, -0.30517, 0.37781, 0.87155, -29.17687, -58.33689, 131.98842
1807, 556, -29.08419, -62.47572, 131.68121, 132.63733, 0.00, 0.80, 0.00, 1.00, 0.67917, 0.54944, 0.67917, 0.54944, -0.17201, 0.24684, 0.95265, -29.08419, -62.47572, 131.68121
1808, 531, -31.11187, -58.86161, 131.2594, 132.21564, 0.00, 0.80, 0.00, 1.00, 0.65619, 0.49774, 0.65619, 0.49774, -0.16701, 0.38411, 0.90615, -31.11187, -58.86161, 131.2594
1809, 560, -27.98002, -61.91157, 133.11557, 134.0712, 0.00, 0.80, 0.00, 1.00, 0.71007, 0.54633, 0.71007, 0.54633, -0.91093, 0.33608, 0.19648, -27.98002, -61.91157, 133.11557
1810, 559, -29.08419, -62.47572, 131.68121, 132.63733, 0.00, 0.80, 0.00, 1.00, 0.69902, 0.55084, 0.69902, 0.55084, -0.74799, 0.29335, 0.58476, -29.08419, -62.47572, 131.68121
1811, 547, -29.17687, -58.33689, 131.98842, 132.94441, 0.00, 0.80, 0.00, 1.00, 0.70022, 0.49868, 0.70022, 0.49868, -0.94141, 0.30646, 0.0146, -29.17687, -58.33689, 131.98842
1812, 568, -29.67513, -62.82966, 135.59171, 136.54651, 0.00, 0.80, 0.00, 1.00, 0.67443, 0.55148, 0.67443, 0.55148, -0.12215, -0.01749, -0.99186, -29.67513, -62.82966, 135.59171
1813, 570, -28.24693, -62.07143, 134.88179, 135.83682, 0.00, 0.80, 0.00, 1.00, 0.69404, 0.54707, 0.69404, 0.54707, -0.4056, 0.14525, -0.89983, -28.24693, -62.07143, 134.88179
1814, 537, -31.69872, -59.21711, 135.25948, 136.2144, 0.00, 0.80, 0.00, 1.00, 0.65226, 0.50274, 0.65226, 0.50274, -0.04767, 0.22787, -0.97157, -31.69872, -59.21711, 135.25948
1815, 537, -31.69872, -59.21711, 135.25948, 136.2144, 0.00, 0.80, 0.00, 1.00, 0.65226, 0.50274, 0.65226, 0.50274, -0.04767, 0.22787, -0.97157, -31.69872, -59.21711, 135.25948
1816, 570, -28.24693, -62.07143, 134.88179, 135.83682, 0.00, 0.80, 0.00, 1.00, 0.69404, 0.54707, 0.69404, 0.54707, -0.4056, 0.14525, -0.89983, -28.24693, -62.07143, 134.88179
1817, 542, -29.35257, -58.4725, 133.56386, 134.51933, 0.00, 0.80, 0.00, 1.00, 0.68234, 0.5018, 0.68234, 0.5018, -0.5089, 0.19539, -0.8342, -29.35257, -58.4725, 133.56386
1818, 560, -27.98002, -61.91157, 133.11557, 134.0712, 0.00, 0.80, 0.00, 1.00, 0.71007, 0.54633, 0.71007, 0.54633, -0.91093, 0.33608, 0.19648, -27.98002, -61.91157, 133.11557
1819, 549, -29.35257, -58.4725, 133.56386, 134.51933, 0.00, 0.80, 0.00, 1.00, 0.72573, 0.49878, 0.72573, 0.49878, -0.89796, 0.36704, -0.19959, -29.35257, -58.4725, 133.56386
1820, 572, -28.24693, -62.07143, 134.88179, 135.83682, 0.00, 0.80, 0.00, 1.00, 0.72613, 0.54633, 0.72613, 0.54633, -0.94185, 0.23257, -0.19927, -28.24693, -62.07143, 134.88179
1821, 549, -29.35257, -58.4725, 133.56386, 134.51933, 0.00, 0.80, 0.00, 1.00, 0.72573, 0.49878, 0.72573, 0.49878, -0.89796, 0.36704, -0.19959, -29.35257, -58.4725, 133.56386
1822, 560, -27.98002, -61.91157, 133.11557, 134.0712, 0.00, 0.80, 0.00, 1.00, 0.71007, 0.54633, 0.71007, 0.54633, -0.91093, 0.33608, 0.19648, -27.98002, -61.91157, 133.11557
1823, 547, -29.17687, -58.33689, 131.98842, 132.94441, 0.00, 0.80, 0.00, 1.00, 0.70022, 0.49868, 0.70022, 0.49868, -0.94141, 0.30646, 0.0146, -29.17687, -58.33689, 131.98842
1824, 584, -30.33336, 25.59461, 116.33971, 117.30093, 0.00, 0.80, 0.00, 1.00, 0.35388, 0.02254, 0.35388, 0.02254, 0.72679, -0.50576, 0.46028, -30.33336, 25.59461, 116.33971
1825, 585, -28.35645, 23.31056, 115.15351, 116.11513, 0.00, 0.80, 0.00, 1.00, 0.33854, 0.04987, 0.33854, 0.04987, 0.44467, -0.67335, 0.58747, -28.35645, 23.31056, 115.15351
1826, 586, -30.18367, 24.53191, 117.24744, 118.20836, 0.00, 0.80, 0.00, 1.00, 0.36012, 0.04638, 0.36012, 0.04638, 0.717, -0.53179, 0.44617, -30.18367, 24.53191, 117.24744
1827, 587, -31.30399, 28.50037, 118.1203, 119.08092, 0.00, 0.80, 0.00, 1.00, 0.40394, 0.00465, 0.40394, 0.00465, 0.98668, -0.10377, -0.10542, -31.30399, 28.50037, 118.1203
1828, 588, -30.33336, 25.59461, 116.33971, 117.30093, 0.00, 0.80, 0.00, 1.00, 0.3538, 0.02288, 0.3538, 0.02288, 0.93824, -0.29403, 0.16981, -30.33336, 25.59461, 116.33971
1829, 589, -30.18367, 24.53191, 117.24744, 118.20836, 0.00, 0.80, 0.00, 1.00, 0.36004, 0.04671, 0.36004, 0.04671, 0.92839, -0.34658, 0.11721, -30.18367, 24.53191, 117.24744
1830, 266, -27.06336, 23.77164, 115.04629, 116.00793, 0.00, 0.80, 0.00, 1.00, 0.33048, 0.05465, 0.33048, 0.05465, -0.15186, -0.5683, 0.80603, -27.06336, 23.77164, 115.04629
1831, 265, -28.41079, 20.82733, 117.13034, 118.0913, 0.00, 0.80, 0.00, 1.00, 0.32881, 0.12721, 0.32881, 0.12721, 0.41259, -0.57053, 0.70875, -28.41079, 20.82733, 117.13034
1832, 585, -28.35645, 23.31056, 115.15351, 116.11513, 0.00, 0.80, 0.00, 1.00, 0.33854, 0.04987, 0.33854, 0.04987, 0.44467, -0.67335, 0.58747, -28.35645, 23.31056, 115.15351
1833, 585, -28.35645, 23.31056, 115.15351, 116.11513, 0.00, 0.80, 0.00, 1.00, 0.33854, 0.04987, 0.33854, 0.04987, 0.44467, -0.67335, 0.58747, -28.35645, 23.31056, 115.15351
1834, 265, -28.41079, 20.82733, 117.13034, 118.0913, 0.00, 0.80, 0.00, 1.00, 0.32881, 0.12721, 0.32881, 0.12721, 0.41259, -0.57053, 0.70875, -28.41079, 20.82733, 117.13034
1835, 590, -30.39563, 23.38091, 120.0372, 120.99719, 0.00, 0.80, 0.00, 1.00, 0.36494, 0.10422, 0.36494, 0.10422, 0.89098, -0.43925, 0.106, -30.39563, 23.38091, 120.0372
1836, 585, -28.35645, 23.31056, 115.15351, 116.11513, 0.00, 0.80, 0.00, 1.00, 0.33854, 0.04987, 0.33854, 0.04987, 0.44467, -0.67335, 0.58747, -28.35645, 23.31056, 115.15351
1837, 590, -30.39563, 23.38091, 120.0372, 120.99719, 0.00, 0.80, 0.00, 1.00, 0.36494, 0.10422, 0.36494, 0.10422, 0.89098, -0.43925, 0.106, -30.39563, 23.38091, 120.0372
1838, 586, -30.18367, 24.53191, 117.24744, 118.20836, 0.00, 0.80, 0.00, 1.00, 0.36012, 0.04638, 0.36012, 0.04638, 0.717, -0.53179, 0.44617, -30.18367, 24.53191, 117.24744
1839, 587, -31.30399, 28.50037, 118.1203, 119.08092, 0.00, 0.80, 0.00, 1.00, 0.40394, 0.00465, 0.40394, 0.00465, 0.98668, -0.10377, -0.10542, -31.30399, 28.50037, 118.1203
1840, 589, -30.18367, 24.53191, 117.24744, 118.20836, 0.00, 0.80, 0.00, 1.00, 0.36004, 0.04671, 0.36004, 0.04671, 0.92839, -0.34658, 0.11721, -30.18367, 24.53191, 117.24744
1841, 591, -29.48131, 27.16676, 122.23926, 123.19851, 0.00, 0.80, 0.00, 1.00, 0.40507, 0.07599, 0.40507, 0.07599, 0.60498, 0.26328, -0.74983, -29.48131, 27.16676, 122.23926
1842, 591, -29.48131, 27.16676, 122.23926, 123.19851, 0.00, 0.80, 0.00, 1.00, 0.40507, 0.07599, 0.40507, 0.07599, 0.60498, 0.26328, -0.74983, -29.48131, 27.16676, 122.23926
1843, 589, -30.18367, 24.53191, 117.24744, 118.20836, 0.00, 0.80, 0.00, 1.00, 0.36004, 0.04671, 0.36004, 0.04671, 0.92839, -0.34658, 0.11721, -30.18367, 24.53191, 117.24744
1844, 592, -30.39563, 23.38091, 120.0372, 120.99719, 0.00, 0.80, 0.00, 1.00, 0.36486, 0.10456, 0.36486, 0.10456, 0.91702, -0.08603, -0.38637, -30.39563, 23.38091, 120.0372
1845, 587, -31.30399, 28.50037, 118.1203, 119.08092, 0.00, 0.80, 0.00, 1.00, 0.40394, 0.00465, 0.40394, 0.00465, 0.98668, -0.10377, -0.10542, -31.30399, 28.50037, 118.1203
1846, 591, -29.48131, 27.16676, 122.23926, 123.19851, 0.00, 0.80, 0.00, 1.00, 0.40507, 0.07599, 0.40507, 0.07599, 0.60498, 0.26328, -0.74983, -29.48131, 27.16676, 122.23926
1847, 593, -30.15451, 30.396, 118.64015, 119.60061, 0.00, 0.80, 0.00, 1.00, 0.42678, 0.00025, 0.42678, 0.00025, 0.57128, 0.46611, -0.67225, -30.15451, 30.396, 118.64015
1848, 593, -30.15451, 30.396, 118.64015, 119.60061, 0.00, 0.80, 0.00, 1.00, 0.42678, 0.00025, 0.42678, 0.00025, 0.57128, 0.46611, -0.67225, -30.15451, 30.396, 118.64015
1849, 591, -29.48131, 27.16676, 122.23926, 123.19851, 0.00, 0.80, 0.00, 1.00, 0.40507, 0.07599, 0.40507, 0.07599, 0.60498, 0.26328, -0.74983, -29.48131, 27.16676, 122.23926
1850, 271, -25.78925, 29.09568, 120.90651, 121.86621, 0.00, 0.80, 0.00, 1.00, 0.43519, 0.06053, 0.43519, 0.06053, -0.39857, 0.59824, -0.69381, -25.78925, 29.09568, 120.90651
1851, 593, -30.15451, 30.396, 118.64015, 119.60061, 0.00, 0.80, 0.00, 1.00, 0.42678, 0.00025, 0.42678, 0.00025, 0.57128, 0.46611, -0.67225, -30.15451, 30.396, 118.64015
1852, 271, -25.78925, 29.09568, 120.90651, 121.86621, 0.00, 0.80, 0.00, 1.00, 0.43519, 0.06053, 0.43519, 0.06053, -0.39857, 0.59824, -0.69381, -25.78925, 29.09568, 120.90651
1853, 272, -28.78273, 31.48282, 118.5608, 119.52128, 0.00, 0.80, 0.00, 1.00, 0.439, -0.00075, 0.439, -0.00075, 0.22802, 0.69895, -0.675, -28.78273, 31.48282, 118.5608
1854, 594, -30.51075, 25.07484, 112.17528, 113.13789, 0.00, 0.80, 0.00, 1.00, 0.4328, 0.34516, 0.4328, 0.34516, 0.39345, -0.67262, 0.62368, -30.51075, 25.07484, 112.17528
1855, 273, -27.05358, 22.52889, 113.20353, 114.16579, 0.00, 0.80, 0.00, 1.00, 0.39733, 0.41452, 0.39733, 0.41452, -0.31065, -0.82316, 0.47203, -27.05358, 22.52889, 113.20353
1856, 595, -28.69284, 22.55919, 114.21338, 115.17531, 0.00, 0.80, 0.00, 1.00, 0.42681, 0.41326, 0.42681, 0.41326, 0.25194, -0.96711, -0.01838, -28.69284, 22.55919, 114.21338
1857, 594, -30.51075, 25.07484, 112.17528, 113.13789, 0.00, 0.80, 0.00, 1.00, 0.4328, 0.34516, 0.4328, 0.34516, 0.39345, -0.67262, 0.62368, -30.51075, 25.07484, 112.17528
1858, 276, -28.22013, 24.84362, 111.15288, 112.11582, 0.00, 0.80, 0.00, 1.00, 0.39649, 0.35562, 0.39649, 0.35562, -0.19342, -0.64115, 0.73988, -28.22013, 24.84362, 111.15288
1859, 273, -27.05358, 22.52889, 113.20353, 114.16579, 0.00, 0.80, 0.00, 1.00, 0.39733, 0.41452, 0.39733, 0.41452, -0.31065, -0.82316, 0.47203, -27.05358, 22.52889, 113.20353
1860, 594, -30.51075, 25.07484, 112.17528, 113.13789, 0.00, 0.80, 0.00, 1.00, 0.4328, 0.34516, 0.4328, 0.34516, 0.39345, -0.67262, 0.62368, -30.51075, 25.07484, 112.17528
1861, 277, -28.49407, 25.32079, 110.5704, 111.53355, 0.00, 0.80, 0.00, 1.00, 0.39738, 0.33798, 0.39738, 0.33798, -0.1112, -0.49389, 0.85981, -28.49407, 25.32079, 110.5704
1862, 276, -28.22013, 24.84362, 111.15288, 112.11582, 0.00, 0.80, 0.00, 1.00, 0.39649, 0.35562, 0.39649, 0.35562, -0.19342, -0.64115, 0.73988, -28.22013, 24.84362, 111.15288
1863, 278, -28.93085, 26.45134, 110.2038, 111.16706, 0.00, 0.80, 0.00, 1.00, 0.39649, 0.31324, 0.39649, 0.31324, -0.01175, -0.30035, 0.9514, -28.93085, 26.45134, 110.2038
1864, 277, -28.49407, 25.32079, 110.5704, 111.53355, 0.00, 0.80, 0.00, 1.00, 0.39738, 0.33798, 0.39738, 0.33798, -0.1112, -0.49389, 0.85981, -28.49407, 25.32079, 110.5704
1865, 594, -30.51075, 25.07484, 112.17528, 113.13789, 0.00, 0.80, 0.00, 1.00, 0.4328, 0.34516, 0.4328, 0.34516, 0.39345, -0.67262, 0.62368, -30.51075, 25.07484, 112.17528
1866, 278, -28.93085, 26.45134, 110.2038, 111.16706, 0.00, 0.80, 0.00, 1.00, 0.39649, 0.31324, 0.39649, 0.31324, -0.01175, -0.30035, 0.9514, -28.93085, 26.45134, 110.2038
1867, 594, -30.51075, 25.07484, 112.17528, 113.13789, 0.00, 0.80, 0.00, 1.00, 0.4328, 0.34516, 0.4328, 0.34516, 0.39345, -0.67262, 0.62368, -30.51075, 25.07484, 112.17528
1868, 596, -31.20357, 26.53259, 111.61391, 112.57671, 0.00, 0.80, 0.00, 1.00, 0.43423, 0.31062, 0.43423, 0.31062, 0.43332, -0.50497, 0.74356, -31.20357, 26.53259, 111.61391
1869, 597, -32.4049, 30.90136, 109.86893, 110.83231, 0.00, 0.80, 0.00, 1.00, 0.42726, 0.21528, 0.42726, 0.21528, 0.62269, -0.34112, 0.70095, -32.4049, 30.90136, 109.86893
1870, 280, -30.66836, 30.82578, 108.55859, 109.52241, 0.00, 0.80, 0.00, 1.00, 0.39567, 0.21373, 0.39567, 0.21373, 0.00773, -0.26065, 0.96309, -30.66836, 30.82578, 108.55859
1871, 598, -31.47818, 28.03616, 110.46774, 111.43092, 0.00, 0.80, 0.00, 1.00, 0.42919, 0.25769, 0.42919, 0.25769, 0.55265, -0.398, 0.72915, -31.47818, 28.03616, 110.46774
1872, 283, -29.70714, 28.53158, 109.66, 110.62344, 0.00, 0.80, 0.00, 1.00, 0.39649, 0.25639, 0.39649, 0.25639, -0.05294, -0.38241, 0.92003, -29.70714, 28.53158, 109.66
1873, 598, -31.47818, 28.03616, 110.46774, 111.43092, 0.00, 0.80, 0.00, 1.00, 0.42919, 0.25769, 0.42919, 0.25769, 0.55265, -0.398, 0.72915, -31.47818, 28.03616, 110.46774
1874, 280, -30.66836, 30.82578, 108.55859, 109.52241, 0.00, 0.80, 0.00, 1.00, 0.39567, 0.21373, 0.39567, 0.21373, 0.00773, -0.26065, 0.96309, -30.66836, 30.82578, 108.55859
1875, 285, -31.52284, 33.45504, 108.4762, 109.44003, 0.00, 0.80, 0.00, 1.00, 0.42794, 0.21506, 0.42794, 0.21506, 0.29633, 0.40658, 0.86272, -31.52284, 33.45504, 108.4762
1876, 284, -30.66836, 30.82578, 108.55859, 109.52241, 0.00, 0.80, 0.00, 1.00, 0.39618, 0.21377, 0.39618, 0.21377, 0.14603, 0.03846, 0.98656, -30.66836, 30.82578, 108.55859
1877, 599, -33.0836, 32.66208, 109.83555, 110.79893, 0.00, 0.80, 0.00, 1.00, 0.44333, 0.18059, 0.44333, 0.18059, 0.74564, -0.1086, 0.65392, -33.0836, 32.66208, 109.83555
1878, 599, -33.0836, 32.66208, 109.83555, 110.79893, 0.00, 0.80, 0.00, 1.00, 0.44333, 0.18059, 0.44333, 0.18059, 0.74564, -0.1086, 0.65392, -33.0836, 32.66208, 109.83555
1879, 284, -30.66836, 30.82578, 108.55859, 109.52241, 0.00, 0.80, 0.00, 1.00, 0.39618, 0.21377, 0.39618, 0.21377, 0.14603, 0.03846, 0.98656, -30.66836, 30.82578, 108.55859
1880, 600, -32.4049, 30.90136, 109.86893, 110.83231, 0.00, 0.80, 0.00, 1.00, 0.42484, 0.18234, 0.42484, 0.18234, 0.65463, -0.2398, 0.71367, -32.4049, 30.90136, 109.86893
1881, 273, -27.05358, 22.52889, 113.20353, 114.16579, 0.00, 0.80, 0.00, 1.00, 0.39733, 0.41452, 0.39733, 0.41452, -0.31065, -0.82316, 0.47203, -27.05358, 22.52889, 113.20353
1882, 288, -27.06336, 23.77164, 115.04629, 116.00793, 0.00, 0.80, 0.00, 1.00, 0.39905, 0.42646, 0.39905, 0.42646, -0.42552, -0.86768, -0.25455, -27.06336, 23.77164, 115.04629
1883, 595, -28.69284, 22.55919, 114.21338, 115.17531, 0.00, 0.80, 0.00, 1.00, 0.42681, 0.41326, 0.42681, 0.41326, 0.25194, -0.96711, -0.01838, -28.69284, 22.55919, 114.21338
1884, 595, -28.69284, 22.55919, 114.21338, 115.17531, 0.00, 0.80, 0.00, 1.00, 0.42681, 0.41326, 0.42681, 0.41326, 0.25194, -0.96711, -0.01838, -28.69284, 22.55919, 114.21338
1885, 288, -27.06336, 23.77164, 115.04629, 116.00793, 0.00, 0.80, 0.00, 1.00, 0.39905, 0.42646, 0.39905, 0.42646, -0.42552, -0.86768, -0.25455, -27.06336, 23.77164, 115.04629
1886, 601, -28.35645, 23.31056, 115.15351, 116.11513, 0.00, 0.80, 0.00, 1.00, 0.41852, 0.42068, 0.41852, 0.42068, 0.02735, -0.93214, -0.36074, -28.35645, 23.31056, 115.15351
1887, 595, -28.69284, 22.55919, 114.21338, 115.17531, 0.00, 0.80, 0.00, 1.00, 0.42681, 0.41326, 0.42681, 0.41326, 0.25194, -0.96711, -0.01838, -28.69284, 22.55919, 114.21338
1888, 601, -28.35645, 23.31056, 115.15351, 116.11513, 0.00, 0.80, 0.00, 1.00, 0.41852, 0.42068, 0.41852, 0.42068, 0.02735, -0.93214, -0.36074, -28.35645, 23.31056, 115.15351
1889, 602, -30.33336, 25.59461, 116.33971, 117.30093, 0.00, 0.80, 0.00, 1.00, 0.48682, 0.40128, 0.48682, 0.40128, 0.50157, -0.81731, -0.28153, -30.33336, 25.59461, 116.33971
1890, 597, -32.4049, 30.90136, 109.86893, 110.83231, 0.00, 0.80, 0.00, 1.00, 0.42726, 0.21528, 0.42726, 0.21528, 0.62269, -0.34112, 0.70095, -32.4049, 30.90136, 109.86893
1891, 598, -31.47818, 28.03616, 110.46774, 111.43092, 0.00, 0.80, 0.00, 1.00, 0.42919, 0.25769, 0.42919, 0.25769, 0.55265, -0.398, 0.72915, -31.47818, 28.03616, 110.46774
1892, 603, -33.36445, 30.65935, 111.12894, 112.0919, 0.00, 0.80, 0.00, 1.00, 0.45139, 0.227, 0.45139, 0.227, 0.68727, -0.37137, 0.62066, -33.36445, 30.65935, 111.12894
1893, 603, -33.36445, 30.65935, 111.12894, 112.0919, 0.00, 0.80, 0.00, 1.00, 0.45139, 0.227, 0.45139, 0.227, 0.68727, -0.37137, 0.62066, -33.36445, 30.65935, 111.12894
1894, 598, -31.47818, 28.03616, 110.46774, 111.43092, 0.00, 0.80, 0.00, 1.00, 0.42919, 0.25769, 0.42919, 0.25769, 0.55265, -0.398, 0.72915, -31.47818, 28.03616, 110.46774
1895, 604, -32.20988, 27.60909, 111.66138, 112.62415, 0.00, 0.80, 0.00, 1.00, 0.44396, 0.28677, 0.44396, 0.28677, 0.69249, -0.38434, 0.60683, -32.20988, 27.60909, 111.66138
1896, 605, -32.20988, 27.60909, 111.66138, 112.62415, 0.00, 0.80, 0.00, 1.00, 0.44418, 0.28677, 0.44418, 0.28677, 0.81436, -0.44015, 0.37263, -32.20988, 27.60909, 111.66138
1897, 606, -31.20357, 26.53259, 111.61391, 112.57671, 0.00, 0.80, 0.00, 1.00, 0.43445, 0.31062, 0.43445, 0.31062, 0.55277, -0.54905, 0.62356, -31.20357, 26.53259, 111.61391
1898, 607, -32.18227, 26.5631, 112.5845, 113.54697, 0.00, 0.80, 0.00, 1.00, 0.45208, 0.31432, 0.45208, 0.31432, 0.75108, -0.57506, 0.3185, -32.18227, 26.5631, 112.5845
1899, 606, -31.20357, 26.53259, 111.61391, 112.57671, 0.00, 0.80, 0.00, 1.00, 0.43445, 0.31062, 0.43445, 0.31062, 0.55277, -0.54905, 0.62356, -31.20357, 26.53259, 111.61391
1900, 608, -30.51075, 25.07484, 112.17528, 113.13789, 0.00, 0.80, 0.00, 1.00, 0.43301, 0.34516, 0.43301, 0.34516, 0.57241, -0.61638, 0.53716, -30.51075, 25.07484, 112.17528
1901, 607, -32.18227, 26.5631, 112.5845, 113.54697, 0.00, 0.80, 0.00, 1.00, 0.45208, 0.31432, 0.45208, 0.31432, 0.75108, -0.57506, 0.3185, -32.18227, 26.5631, 112.5845
1902, 607, -32.18227, 26.5631, 112.5845, 113.54697, 0.00, 0.80, 0.00, 1.00, 0.45208, 0.31432, 0.45208, 0.31432, 0.75108, -0.57506, 0.3185, -32.18227, 26.5631, 112.5845
1903, 608, -30.51075, 25.07484, 112.17528, 113.13789, 0.00, 0.80, 0.00, 1.00, 0.43301, 0.34516, 0.43301, 0.34516, 0.57241, -0.61638, 0.53716, -30.51075, 25.07484, 112.17528
1904, 609, -31.29252, 25.2854, 113.18266, 114.14494, 0.00, 0.80, 0.00, 1.00, 0.44661, 0.34908, 0.44661, 0.34908, 0.71094, -0.70024, 0.03947, -31.29252, 25.2854, 113.18266
1905, 594, -30.51075, 25.07484, 112.17528, 113.13789, 0.00, 0.80, 0.00, 1.00, 0.4328, 0.34516, 0.4328, 0.34516, 0.39345, -0.67262, 0.62368, -30.51075, 25.07484, 112.17528
1906, 595, -28.69284, 22.55919, 114.21338, 115.17531, 0.00, 0.80, 0.00, 1.00, 0.42681, 0.41326, 0.42681, 0.41326, 0.25194, -0.96711, -0.01838, -28.69284, 22.55919, 114.21338
1907, 610, -31.29252, 25.2854, 113.18266, 114.14494, 0.00, 0.80, 0.00, 1.00, 0.44639, 0.34908, 0.44639, 0.34908, 0.61263, -0.77595, 0.14182, -31.29252, 25.2854, 113.18266
1908, 610, -31.29252, 25.2854, 113.18266, 114.14494, 0.00, 0.80, 0.00, 1.00, 0.44639, 0.34908, 0.44639, 0.34908, 0.61263, -0.77595, 0.14182, -31.29252, 25.2854, 113.18266
1909, 595, -28.69284, 22.55919, 114.21338, 115.17531, 0.00, 0.80, 0.00, 1.00, 0.42681, 0.41326, 0.42681, 0.41326, 0.25194, -0.96711, -0.01838, -28.69284, 22.55919, 114.21338
1910, 602, -30.33336, 25.59461, 116.33971, 117.30093, 0.00, 0.80, 0.00, 1.00, 0.48682, 0.40128, 0.48682, 0.40128, 0.50157, -0.81731, -0.28153, -30.33336, 25.59461, 116.33971
1911, 607, -32.18227, 26.5631, 112.5845, 113.54697, 0.00, 0.80, 0.00, 1.00, 0.45208, 0.31432, 0.45208, 0.31432, 0.75108, -0.57506, 0.3185, -32.18227, 26.5631, 112.5845
1912, 609, -31.29252, 25.2854, 113.18266, 114.14494, 0.00, 0.80, 0.00, 1.00, 0.44661, 0.34908, 0.44661, 0.34908, 0.71094, -0.70024, 0.03947, -31.29252, 25.2854, 113.18266
1913, 611, -32.78515, 28.76758, 114.99545, 115.95712, 0.00, 0.80, 0.00, 1.00, 0.51159, 0.31455, 0.51159, 0.31455, 0.8042, -0.57412, -0.14386, -32.78515, 28.76758, 114.99545
1914, 612, -31.26274, 26.55448, 116.33255, 117.29377, 0.00, 0.80, 0.00, 1.00, 0.51356, 0.37896, 0.51356, 0.37896, 0.71734, -0.65823, -0.22322, -31.26274, 26.55448, 116.33255
1915, 609, -31.29252, 25.2854, 113.18266, 114.14494, 0.00, 0.80, 0.00, 1.00, 0.44661, 0.34908, 0.44661, 0.34908, 0.71094, -0.70024, 0.03947, -31.29252, 25.2854, 113.18266
1916, 613, -30.33336, 25.59461, 116.33971, 117.30093, 0.00, 0.80, 0.00, 1.00, 0.48703, 0.40128, 0.48703, 0.40128, 0.56619, -0.78275, -0.25547, -30.33336, 25.59461, 116.33971
1917, 609, -31.29252, 25.2854, 113.18266, 114.14494, 0.00, 0.80, 0.00, 1.00, 0.44661, 0.34908, 0.44661, 0.34908, 0.71094, -0.70024, 0.03947, -31.29252, 25.2854, 113.18266
1918, 612, -31.26274, 26.55448, 116.33255, 117.29377, 0.00, 0.80, 0.00, 1.00, 0.51356, 0.37896, 0.51356, 0.37896, 0.71734, -0.65823, -0.22322, -31.26274, 26.55448, 116.33255
1919, 611, -32.78515, 28.76758, 114.99545, 115.95712, 0.00, 0.80, 0.00, 1.00, 0.51159, 0.31455, 0.51159, 0.31455, 0.8042, -0.57412, -0.14386, -32.78515, 28.76758, 114.99545
1920, 605, -32.20988, 27.60909, 111.66138, 112.62415, 0.00, 0.80, 0.00, 1.00, 0.44418, 0.28677, 0.44418, 0.28677, 0.81436, -0.44015, 0.37263, -32.20988, 27.60909, 111.66138
1921, 607, -32.18227, 26.5631, 112.5845, 113.54697, 0.00, 0.80, 0.00, 1.00, 0.45208, 0.31432, 0.45208, 0.31432, 0.75108, -0.57506, 0.3185, -32.18227, 26.5631, 112.5845
1922, 614, -33.40126, 29.74899, 114.29776, 115.25966, 0.00, 0.80, 0.00, 1.00, 0.50903, 0.28505, 0.50903, 0.28505, 0.89848, -0.43102, 0.05533, -33.40126, 29.74899, 114.29776
1923, 614, -33.40126, 29.74899, 114.29776, 115.25966, 0.00, 0.80, 0.00, 1.00, 0.50903, 0.28505, 0.50903, 0.28505, 0.89848, -0.43102, 0.05533, -33.40126, 29.74899, 114.29776
1924, 607, -32.18227, 26.5631, 112.5845, 113.54697, 0.00, 0.80, 0.00, 1.00, 0.45208, 0.31432, 0.45208, 0.31432, 0.75108, -0.57506, 0.3185, -32.18227, 26.5631, 112.5845
1925, 611, -32.78515, 28.76758, 114.99545, 115.95712, 0.00, 0.80, 0.00, 1.00, 0.51159, 0.31455, 0.51159, 0.31455, 0.8042, -0.57412, -0.14386, -32.78515, 28.76758, 114.99545
1926, 605, -32.20988, 27.60909, 111.66138, 112.62415, 0.00, 0.80, 0.00, 1.00, 0.44418, 0.28677, 0.44418, 0.28677, 0.81436, -0.44015, 0.37263, -32.20988, 27.60909, 111.66138
1927, 614, -33.40126, 29.74899, 114.29776, 115.25966, 0.00, 0.80, 0.00, 1.00, 0.50903, 0.28505, 0.50903, 0.28505, 0.89848, -0.43102, 0.05533, -33.40126, 29.74899, 114.29776
1928, 615, -33.36445, 30.65935, 111.12894, 112.0919, 0.00, 0.80, 0.00, 1.00, 0.45161, 0.227, 0.45161, 0.227, 0.86325, -0.46369, 0.1893, -33.36445, 30.65935, 111.12894
1929, 615, -33.36445, 30.65935, 111.12894, 112.0919, 0.00, 0.80, 0.00, 1.00, 0.45161, 0.227, 0.45161, 0.227, 0.86325, -0.46369, 0.1893, -33.36445, 30.65935, 111.12894
1930, 614, -33.40126, 29.74899, 114.29776, 115.25966, 0.00, 0.80, 0.00, 1.00, 0.50903, 0.28505, 0.50903, 0.28505, 0.89848, -0.43102, 0.05533, -33.40126, 29.74899, 114.29776
1931, 616, -34.21412, 31.97737, 113.00127, 113.96361, 0.00, 0.80, 0.00, 1.00, 0.50946, 0.22644, 0.50946, 0.22644, 0.90131, -0.42506, 0.05515, -34.21412, 31.97737, 113.00127
1932, 600, -32.4049, 30.90136, 109.86893, 110.83231, 0.00, 0.80, 0.00, 1.00, 0.42484, 0.18234, 0.42484, 0.18234, 0.65463, -0.2398, 0.71367, -32.4049, 30.90136, 109.86893
1933, 617, -33.36445, 30.65935, 111.12894, 112.0919, 0.00, 0.80, 0.00, 1.00, 0.44778, 0.16183, 0.44778, 0.16183, 0.85856, -0.19797, 0.46799, -33.36445, 30.65935, 111.12894
1934, 599, -33.0836, 32.66208, 109.83555, 110.79893, 0.00, 0.80, 0.00, 1.00, 0.44333, 0.18059, 0.44333, 0.18059, 0.74564, -0.1086, 0.65392, -33.0836, 32.66208, 109.83555
1935, 599, -33.0836, 32.66208, 109.83555, 110.79893, 0.00, 0.80, 0.00, 1.00, 0.44333, 0.18059, 0.44333, 0.18059, 0.74564, -0.1086, 0.65392, -33.0836, 32.66208, 109.83555
1936, 617, -33.36445, 30.65935, 111.12894, 112.0919, 0.00, 0.80, 0.00, 1.00, 0.44778, 0.16183, 0.44778, 0.16183, 0.85856, -0.19797, 0.46799, -33.36445, 30.65935, 111.12894
1937, 618, -34.20319, 33.83932, 111.86879, 112.8315, 0.00, 0.80, 0.00, 1.00, 0.49524, 0.16213, 0.49524, 0.16213, 0.94509, 0.06123, 0.31369, -34.20319, 33.83932, 111.86879
1938, 618, -34.20319, 33.83932, 111.86879, 112.8315, 0.00, 0.80, 0.00, 1.00, 0.49524, 0.16213, 0.49524, 0.16213, 0.94509, 0.06123, 0.31369, -34.20319, 33.83932, 111.86879
1939, 617, -33.36445, 30.65935, 111.12894, 112.0919, 0.00, 0.80, 0.00, 1.00, 0.44778, 0.16183, 0.44778, 0.16183, 0.85856, -0.19797, 0.46799, -33.36445, 30.65935, 111.12894
1940, 619, -34.21412, 31.97737, 113.00127, 113.96361, 0.00, 0.80, 0.00, 1.00, 0.49757, 0.14886, 0.49757, 0.14886, 0.97809, -0.08935, 0.17507, -34.21412, 31.97737, 113.00127
1941, 308, -31.925, 35.66925, 109.92249, 110.88584, 0.00, 0.80, 0.00, 1.00, 0.45335, 0.2274, 0.45335, 0.2274, 0.40384, 0.73734, 0.54023, -31.925, 35.66925, 109.92249
1942, 285, -31.52284, 33.45504, 108.4762, 109.44003, 0.00, 0.80, 0.00, 1.00, 0.42794, 0.21506, 0.42794, 0.21506, 0.29633, 0.40658, 0.86272, -31.52284, 33.45504, 108.4762
1943, 620, -33.41888, 34.41187, 110.18755, 111.15083, 0.00, 0.80, 0.00, 1.00, 0.46816, 0.18293, 0.46816, 0.18293, 0.71895, 0.46389, 0.5145, -33.41888, 34.41187, 110.18755
1944, 620, -33.41888, 34.41187, 110.18755, 111.15083, 0.00, 0.80, 0.00, 1.00, 0.46816, 0.18293, 0.46816, 0.18293, 0.71895, 0.46389, 0.5145, -33.41888, 34.41187, 110.18755
1945, 285, -31.52284, 33.45504, 108.4762, 109.44003, 0.00, 0.80, 0.00, 1.00, 0.42794, 0.21506, 0.42794, 0.21506, 0.29633, 0.40658, 0.86272, -31.52284, 33.45504, 108.4762
1946, 599, -33.0836, 32.66208, 109.83555, 110.79893, 0.00, 0.80, 0.00, 1.00, 0.44333, 0.18059, 0.44333, 0.18059, 0.74564, -0.1086, 0.65392, -33.0836, 32.66208, 109.83555
1947, 620, -33.41888, 34.41187, 110.18755, 111.15083, 0.00, 0.80, 0.00, 1.00, 0.46816, 0.18293, 0.46816, 0.18293, 0.71895, 0.46389, 0.5145, -33.41888, 34.41187, 110.18755
1948, 599, -33.0836, 32.66208, 109.83555, 110.79893, 0.00, 0.80, 0.00, 1.00, 0.44333, 0.18059, 0.44333, 0.18059, 0.74564, -0.1086, 0.65392, -33.0836, 32.66208, 109.83555
1949, 618, -34.20319, 33.83932, 111.86879, 112.8315, 0.00, 0.80, 0.00, 1.00, 0.49524, 0.16213, 0.49524, 0.16213, 0.94509, 0.06123, 0.31369, -34.20319, 33.83932, 111.86879
1950, 310, -32.2331, 38.38479, 112.58002, 113.54249, 0.00, 0.80, 0.00, 1.00, 0.55016, 0.22415, 0.55016, 0.22415, 0.42547, 0.86407, 0.26664, -32.2331, 38.38479, 112.58002
1951, 620, -33.41888, 34.41187, 110.18755, 111.15083, 0.00, 0.80, 0.00, 1.00, 0.46816, 0.18293, 0.46816, 0.18293, 0.71895, 0.46389, 0.5145, -33.41888, 34.41187, 110.18755
1952, 621, -33.79768, 37.08777, 113.11008, 114.07238, 0.00, 0.80, 0.00, 1.00, 0.55016, 0.18074, 0.55016, 0.18074, 0.75216, 0.654, 0.05812, -33.79768, 37.08777, 113.11008
1953, 308, -31.925, 35.66925, 109.92249, 110.88584, 0.00, 0.80, 0.00, 1.00, 0.45335, 0.2274, 0.45335, 0.2274, 0.40384, 0.73734, 0.54023, -31.925, 35.66925, 109.92249
1954, 620, -33.41888, 34.41187, 110.18755, 111.15083, 0.00, 0.80, 0.00, 1.00, 0.46816, 0.18293, 0.46816, 0.18293, 0.71895, 0.46389, 0.5145, -33.41888, 34.41187, 110.18755
1955, 310, -32.2331, 38.38479, 112.58002, 113.54249, 0.00, 0.80, 0.00, 1.00, 0.55016, 0.22415, 0.55016, 0.22415, 0.42547, 0.86407, 0.26664, -32.2331, 38.38479, 112.58002
1956, 620, -33.41888, 34.41187, 110.18755, 111.15083, 0.00, 0.80, 0.00, 1.00, 0.46816, 0.18293, 0.46816, 0.18293, 0.71895, 0.46389, 0.5145, -33.41888, 34.41187, 110.18755
1957, 618, -34.20319, 33.83932, 111.86879, 112.8315, 0.00, 0.80, 0.00, 1.00, 0.49524, 0.16213, 0.49524, 0.16213, 0.94509, 0.06123, 0.31369, -34.20319, 33.83932, 111.86879
1958, 621, -33.79768, 37.08777, 113.11008, 114.07238, 0.00, 0.80, 0.00, 1.00, 0.55016, 0.18074, 0.55016, 0.18074, 0.75216, 0.654, 0.05812, -33.79768, 37.08777, 113.11008
1959, 621, -33.79768, 37.08777, 113.11008, 114.07238, 0.00, 0.80, 0.00, 1.00, 0.55016, 0.18074, 0.55016, 0.18074, 0.75216, 0.654, 0.05812, -33.79768, 37.08777, 113.11008
1960, 618, -34.20319, 33.83932, 111.86879, 112.8315, 0.00, 0.80, 0.00, 1.00, 0.49524, 0.16213, 0.49524, 0.16213, 0.94509, 0.06123, 0.31369, -34.20319, 33.83932, 111.86879
1961, 622, -34.45419, 35.70888, 113.84422, 114.80628, 0.00, 0.80, 0.00, 1.00, 0.55127, 0.16103, 0.55127, 0.16103, 0.9349, 0.28722, -0.19715, -34.45419, 35.70888, 113.84422
1962, 622, -34.45419, 35.70888, 113.84422, 114.80628, 0.00, 0.80, 0.00, 1.00, 0.55127, 0.16103, 0.55127, 0.16103, 0.9349, 0.28722, -0.19715, -34.45419, 35.70888, 113.84422
1963, 618, -34.20319, 33.83932, 111.86879, 112.8315, 0.00, 0.80, 0.00, 1.00, 0.49524, 0.16213, 0.49524, 0.16213, 0.94509, 0.06123, 0.31369, -34.20319, 33.83932, 111.86879
1964, 619, -34.21412, 31.97737, 113.00127, 113.96361, 0.00, 0.80, 0.00, 1.00, 0.49757, 0.14886, 0.49757, 0.14886, 0.97809, -0.08935, 0.17507, -34.21412, 31.97737, 113.00127
1965, 622, -34.45419, 35.70888, 113.84422, 114.80628, 0.00, 0.80, 0.00, 1.00, 0.55127, 0.16103, 0.55127, 0.16103, 0.9349, 0.28722, -0.19715, -34.45419, 35.70888, 113.84422
1966, 619, -34.21412, 31.97737, 113.00127, 113.96361, 0.00, 0.80, 0.00, 1.00, 0.49757, 0.14886, 0.49757, 0.14886, 0.97809, -0.08935, 0.17507, -34.21412, 31.97737, 113.00127
1967, 623, -34.48275, 34.0056, 114.7636, 115.72534, 0.00, 0.80, 0.00, 1.00, 0.55127, 0.14899, 0.55127, 0.14899, 0.94124, 0.16568, -0.28622, -34.48275, 34.0056, 114.7636
1968, 616, -34.21412, 31.97737, 113.00127, 113.96361, 0.00, 0.80, 0.00, 1.00, 0.50946, 0.22644, 0.50946, 0.22644, 0.90131, -0.42506, 0.05515, -34.21412, 31.97737, 113.00127
1969, 614, -33.40126, 29.74899, 114.29776, 115.25966, 0.00, 0.80, 0.00, 1.00, 0.50903, 0.28505, 0.50903, 0.28505, 0.89848, -0.43102, 0.05533, -33.40126, 29.74899, 114.29776
1970, 624, -34.48275, 34.0056, 114.7636, 115.72534, 0.00, 0.80, 0.00, 1.00, 0.55034, 0.22487, 0.55034, 0.22487, 0.93213, -0.18607, -0.3038, -34.48275, 34.0056, 114.7636
1971, 624, -34.48275, 34.0056, 114.7636, 115.72534, 0.00, 0.80, 0.00, 1.00, 0.55034, 0.22487, 0.55034, 0.22487, 0.93213, -0.18607, -0.3038, -34.48275, 34.0056, 114.7636
1972, 614, -33.40126, 29.74899, 114.29776, 115.25966, 0.00, 0.80, 0.00, 1.00, 0.50903, 0.28505, 0.50903, 0.28505, 0.89848, -0.43102, 0.05533, -33.40126, 29.74899, 114.29776
1973, 625, -33.82131, 31.70576, 116.08209, 117.0434, 0.00, 0.80, 0.00, 1.00, 0.54659, 0.28123, 0.54659, 0.28123, 0.84582, -0.21249, -0.48532, -33.82131, 31.70576, 116.08209
1974, 614, -33.40126, 29.74899, 114.29776, 115.25966, 0.00, 0.80, 0.00, 1.00, 0.50903, 0.28505, 0.50903, 0.28505, 0.89848, -0.43102, 0.05533, -33.40126, 29.74899, 114.29776
1975, 611, -32.78515, 28.76758, 114.99545, 115.95712, 0.00, 0.80, 0.00, 1.00, 0.51159, 0.31455, 0.51159, 0.31455, 0.8042, -0.57412, -0.14386, -32.78515, 28.76758, 114.99545
1976, 625, -33.82131, 31.70576, 116.08209, 117.0434, 0.00, 0.80, 0.00, 1.00, 0.54659, 0.28123, 0.54659, 0.28123, 0.84582, -0.21249, -0.48532, -33.82131, 31.70576, 116.08209
1977, 625, -33.82131, 31.70576, 116.08209, 117.0434, 0.00, 0.80, 0.00, 1.00, 0.54659, 0.28123, 0.54659, 0.28123, 0.84582, -0.21249, -0.48532, -33.82131, 31.70576, 116.08209
1978, 611, -32.78515, 28.76758, 114.99545, 115.95712, 0.00, 0.80, 0.00, 1.00, 0.51159, 0.31455, 0.51159, 0.31455, 0.8042, -0.57412, -0.14386, -32.78515, 28.76758, 114.99545
1979, 626, -32.90528, 30.59788, 116.78308, 117.74416, 0.00, 0.80, 0.00, 1.00, 0.55114, 0.31553, 0.55114, 0.31553, 0.77331, -0.33366, -0.53602, -32.90528, 30.59788, 116.78308
1980, 611, -32.78515, 28.76758, 114.99545, 115.95712, 0.00, 0.80, 0.00, 1.00, 0.51159, 0.31455, 0.51159, 0.31455, 0.8042, -0.57412, -0.14386, -32.78515, 28.76758, 114.99545
1981, 612, -31.26274, 26.55448, 116.33255, 117.29377, 0.00, 0.80, 0.00, 1.00, 0.51356, 0.37896, 0.51356, 0.37896, 0.71734, -0.65823, -0.22322, -31.26274, 26.55448, 116.33255
1982, 626, -32.90528, 30.59788, 116.78308, 117.74416, 0.00, 0.80, 0.00, 1.00, 0.55114, 0.31553, 0.55114, 0.31553, 0.77331, -0.33366, -0.53602, -32.90528, 30.59788, 116.78308
1983, 626, -32.90528, 30.59788, 116.78308, 117.74416, 0.00, 0.80, 0.00, 1.00, 0.55114, 0.31553, 0.55114, 0.31553, 0.77331, -0.33366, -0.53602, -32.90528, 30.59788, 116.78308
1984, 612, -31.26274, 26.55448, 116.33255, 117.29377, 0.00, 0.80, 0.00, 1.00, 0.51356, 0.37896, 0.51356, 0.37896, 0.71734, -0.65823, -0.22322, -31.26274, 26.55448, 116.33255
1985, 627, -31.30399, 28.50037, 118.1203, 119.08092, 0.00, 0.80, 0.00, 1.00, 0.5597, 0.37925, 0.5597, 0.37925, 0.66079, -0.41332, -0.62427, -31.30399, 28.50037, 118.1203
1986, 612, -31.26274, 26.55448, 116.33255, 117.29377, 0.00, 0.80, 0.00, 1.00, 0.51356, 0.37896, 0.51356, 0.37896, 0.71734, -0.65823, -0.22322, -31.26274, 26.55448, 116.33255
1987, 613, -30.33336, 25.59461, 116.33971, 117.30093, 0.00, 0.80, 0.00, 1.00, 0.48703, 0.40128, 0.48703, 0.40128, 0.56619, -0.78275, -0.25547, -30.33336, 25.59461, 116.33971
1988, 627, -31.30399, 28.50037, 118.1203, 119.08092, 0.00, 0.80, 0.00, 1.00, 0.5597, 0.37925, 0.5597, 0.37925, 0.66079, -0.41332, -0.62427, -31.30399, 28.50037, 118.1203
1989, 621, -33.79768, 37.08777, 113.11008, 114.07238, 0.00, 0.80, 0.00, 1.00, 0.55016, 0.18074, 0.55016, 0.18074, 0.75216, 0.654, 0.05812, -33.79768, 37.08777, 113.11008
1990, 622, -34.45419, 35.70888, 113.84422, 114.80628, 0.00, 0.80, 0.00, 1.00, 0.55127, 0.16103, 0.55127, 0.16103, 0.9349, 0.28722, -0.19715, -34.45419, 35.70888, 113.84422
1991, 628, -33.32188, 37.38503, 114.26704, 115.22896, 0.00, 0.80, 0.00, 1.00, 0.579, 0.18414, 0.579, 0.18414, 0.6405, 0.58838, -0.48935, -33.32188, 37.38503, 114.26704
1992, 622, -34.45419, 35.70888, 113.84422, 114.80628, 0.00, 0.80, 0.00, 1.00, 0.55127, 0.16103, 0.55127, 0.16103, 0.9349, 0.28722, -0.19715, -34.45419, 35.70888, 113.84422
1993, 623, -34.48275, 34.0056, 114.7636, 115.72534, 0.00, 0.80, 0.00, 1.00, 0.55127, 0.14899, 0.55127, 0.14899, 0.94124, 0.16568, -0.28622, -34.48275, 34.0056, 114.7636
1994, 629, -32.97939, 36.00932, 115.46768, 116.4292, 0.00, 0.80, 0.00, 1.00, 0.60997, 0.17511, 0.60997, 0.17511, 0.59441, 0.44337, -0.66754, -32.97939, 36.00932, 115.46768
1995, 622, -34.45419, 35.70888, 113.84422, 114.80628, 0.00, 0.80, 0.00, 1.00, 0.55127, 0.16103, 0.55127, 0.16103, 0.9349, 0.28722, -0.19715, -34.45419, 35.70888, 113.84422
1996, 629, -32.97939, 36.00932, 115.46768, 116.4292, 0.00, 0.80, 0.00, 1.00, 0.60997, 0.17511, 0.60997, 0.17511, 0.59441, 0.44337, -0.66754, -32.97939, 36.00932, 115.46768
1997, 628, -33.32188, 37.38503, 114.26704, 115.22896, 0.00, 0.80, 0.00, 1.00, 0.579, 0.18414, 0.579, 0.18414, 0.6405, 0.58838, -0.48935, -33.32188, 37.38503, 114.26704
1998, 624, -34.48275, 34.0056, 114.7636, 115.72534, 0.00, 0.80, 0.00, 1.00, 0.55034, 0.22487, 0.55034, 0.22487, 0.93213, -0.18607, -0.3038, -34.48275, 34.0056, 114.7636
1999, 625, -33.82131, 31.70576, 116.08209, 117.0434, 0.00, 0.80, 0.00, 1.00, 0.54659, 0.28123, 0.54659, 0.28123, 0.84582, -0.21249, -0.48532, -33.82131, 31.70576, 116.08209
2000, 630, -32.97939, 36.00932, 115.46768, 116.4292, 0.00, 0.80, 0.00, 1.00, 0.58419, 0.22272, 0.58419, 0.22272, 0.55354, 0.29552, -0.77569, -32.97939, 36.00932, 115.46768
2001, 630, -32.97939, 36.00932, 115.46768, 116.4292, 0.00, 0.80, 0.00, 1.00, 0.58419, 0.22272, 0.58419, 0.22272, 0.55354, 0.29552, -0.77569, -32.97939, 36.00932, 115.46768
2002, 625, -33.82131, 31.70576, 116.08209, 117.0434, 0.00, 0.80, 0.00, 1.00, 0.54659, 0.28123, 0.54659, 0.28123, 0.84582, -0.21249, -0.48532, -33.82131, 31.70576, 116.08209
2003, 631, -32.3403, 33.90474, 116.97639, 117.9374, 0.00, 0.80, 0.00, 1.00, 0.58059, 0.27908, 0.58059, 0.27908, 0.50653, 0.19096, -0.83816, -32.3403, 33.90474, 116.97639
2004, 625, -33.82131, 31.70576, 116.08209, 117.0434, 0.00, 0.80, 0.00, 1.00, 0.54659, 0.28123, 0.54659, 0.28123, 0.84582, -0.21249, -0.48532, -33.82131, 31.70576, 116.08209
2005, 626, -32.90528, 30.59788, 116.78308, 117.74416, 0.00, 0.80, 0.00, 1.00, 0.55114, 0.31553, 0.55114, 0.31553, 0.77331, -0.33366, -0.53602, -32.90528, 30.59788, 116.78308
2006, 631, -32.3403, 33.90474, 116.97639, 117.9374, 0.00, 0.80, 0.00, 1.00, 0.58059, 0.27908, 0.58059, 0.27908, 0.50653, 0.19096, -0.83816, -32.3403, 33.90474, 116.97639
2007, 631, -32.3403, 33.90474, 116.97639, 117.9374, 0.00, 0.80, 0.00, 1.00, 0.58059, 0.27908, 0.58059, 0.27908, 0.50653, 0.19096, -0.83816, -32.3403, 33.90474, 116.97639
2008, 626, -32.90528, 30.59788, 116.78308, 117.74416, 0.00, 0.80, 0.00, 1.00, 0.55114, 0.31553, 0.55114, 0.31553, 0.77331, -0.33366, -0.53602, -32.90528, 30.59788, 116.78308
2009, 632, -31.82396, 32.32843, 117.70798, 118.66875, 0.00, 0.80, 0.00, 1.00, 0.57904, 0.31584, 0.57904, 0.31584, 0.48002, 0.05715, -0.873, -31.82396, 32.32843, 117.70798
2010, 626, -32.90528, 30.59788, 116.78308, 117.74416, 0.00, 0.80, 0.00, 1.00, 0.55114, 0.31553, 0.55114, 0.31553, 0.77331, -0.33366, -0.53602, -32.90528, 30.59788, 116.78308
2011, 627, -31.30399, 28.50037, 118.1203, 119.08092, 0.00, 0.80, 0.00, 1.00, 0.5597, 0.37925, 0.5597, 0.37925, 0.66079, -0.41332, -0.62427, -31.30399, 28.50037, 118.1203
2012, 632, -31.82396, 32.32843, 117.70798, 118.66875, 0.00, 0.80, 0.00, 1.00, 0.57904, 0.31584, 0.57904, 0.31584, 0.48002, 0.05715, -0.873, -31.82396, 32.32843, 117.70798
2013, 632, -31.82396, 32.32843, 117.70798, 118.66875, 0.00, 0.80, 0.00, 1.00, 0.57904, 0.31584, 0.57904, 0.31584, 0.48002, 0.05715, -0.873, -31.82396, 32.32843, 117.70798
2014, 627, -31.30399, 28.50037, 118.1203, 119.08092, 0.00, 0.80, 0.00, 1.00, 0.5597, 0.37925, 0.5597, 0.37925, 0.66079, -0.41332, -0.62427, -31.30399, 28.50037, 118.1203
2015, 633, -30.15451, 30.396, 118.64015, 119.60061, 0.00, 0.80, 0.00, 1.00, 0.5884, 0.37215, 0.5884, 0.37215, 0.28311, 0.1088, -0.95067, -30.15451, 30.396, 118.64015
2016, 633, -30.15451, 30.396, 118.64015, 119.60061, 0.00, 0.80, 0.00, 1.00, 0.5884, 0.37215, 0.5884, 0.37215, 0.28311, 0.1088, -0.95067, -30.15451, 30.396, 118.64015
2017, 324, -29.70621, 33.83234, 117.72368, 118.68444, 0.00, 0.80, 0.00, 1.00, 0.60972, 0.31473, 0.60972, 0.31473, 0.02674, 0.33052, -0.94103, -29.70621, 33.83234, 117.72368
2018, 632, -31.82396, 32.32843, 117.70798, 118.66875, 0.00, 0.80, 0.00, 1.00, 0.57904, 0.31584, 0.57904, 0.31584, 0.48002, 0.05715, -0.873, -31.82396, 32.32843, 117.70798
2019, 324, -29.70621, 33.83234, 117.72368, 118.68444, 0.00, 0.80, 0.00, 1.00, 0.60972, 0.31473, 0.60972, 0.31473, 0.02674, 0.33052, -0.94103, -29.70621, 33.83234, 117.72368
2020, 633, -30.15451, 30.396, 118.64015, 119.60061, 0.00, 0.80, 0.00, 1.00, 0.5884, 0.37215, 0.5884, 0.37215, 0.28311, 0.1088, -0.95067, -30.15451, 30.396, 118.64015
2021, 325, -28.78273, 31.48282, 118.5608, 119.52128, 0.00, 0.80, 0.00, 1.00, 0.61158, 0.36739, 0.61158, 0.36739, 0.00367, 0.28396, -0.95649, -28.78273, 31.48282, 118.5608
2022, 632, -31.82396, 32.32843, 117.70798, 118.66875, 0.00, 0.80, 0.00, 1.00, 0.57904, 0.31584, 0.57904, 0.31584, 0.48002, 0.05715, -0.873, -31.82396, 32.32843, 117.70798
2023, 324, -29.70621, 33.83234, 117.72368, 118.68444, 0.00, 0.80, 0.00, 1.00, 0.60972, 0.31473, 0.60972, 0.31473, 0.02674, 0.33052, -0.94103, -29.70621, 33.83234, 117.72368
2024, 631, -32.3403, 33.90474, 116.97639, 117.9374, 0.00, 0.80, 0.00, 1.00, 0.58059, 0.27908, 0.58059, 0.27908, 0.50653, 0.19096, -0.83816, -32.3403, 33.90474, 116.97639
2025, 631, -32.3403, 33.90474, 116.97639, 117.9374, 0.00, 0.80, 0.00, 1.00, 0.58059, 0.27908, 0.58059, 0.27908, 0.50653, 0.19096, -0.83816, -32.3403, 33.90474, 116.97639
2026, 324, -29.70621, 33.83234, 117.72368, 118.68444, 0.00, 0.80, 0.00, 1.00, 0.60972, 0.31473, 0.60972, 0.31473, 0.02674, 0.33052, -0.94103, -29.70621, 33.83234, 117.72368
2027, 326, -30.46832, 35.70106, 116.92601, 117.88703, 0.00, 0.80, 0.00, 1.00, 0.60881, 0.27062, 0.60881, 0.27062, 0.10067, 0.47414, -0.87213, -30.46832, 35.70106, 116.92601
2028, 631, -32.3403, 33.90474, 116.97639, 117.9374, 0.00, 0.80, 0.00, 1.00, 0.58059, 0.27908, 0.58059, 0.27908, 0.50653, 0.19096, -0.83816, -32.3403, 33.90474, 116.97639
2029, 326, -30.46832, 35.70106, 116.92601, 117.88703, 0.00, 0.80, 0.00, 1.00, 0.60881, 0.27062, 0.60881, 0.27062, 0.10067, 0.47414, -0.87213, -30.46832, 35.70106, 116.92601
2030, 630, -32.97939, 36.00932, 115.46768, 116.4292, 0.00, 0.80, 0.00, 1.00, 0.58419, 0.22272, 0.58419, 0.22272, 0.55354, 0.29552, -0.77569, -32.97939, 36.00932, 115.46768
2031, 630, -32.97939, 36.00932, 115.46768, 116.4292, 0.00, 0.80, 0.00, 1.00, 0.58419, 0.22272, 0.58419, 0.22272, 0.55354, 0.29552, -0.77569, -32.97939, 36.00932, 115.46768
2032, 326, -30.46832, 35.70106, 116.92601, 117.88703, 0.00, 0.80, 0.00, 1.00, 0.60881, 0.27062, 0.60881, 0.27062, 0.10067, 0.47414, -0.87213, -30.46832, 35.70106, 116.92601
2033, 327, -31.37968, 37.6758, 115.57697, 116.53844, 0.00, 0.80, 0.00, 1.00, 0.60935, 0.21549, 0.60935, 0.21549, 0.11796, 0.50646, -0.85157, -31.37968, 37.6758, 115.57697
2034, 629, -32.97939, 36.00932, 115.46768, 116.4292, 0.00, 0.80, 0.00, 1.00, 0.60997, 0.17511, 0.60997, 0.17511, 0.59441, 0.44337, -0.66754, -32.97939, 36.00932, 115.46768
2035, 328, -31.37968, 37.6758, 115.57697, 116.53844, 0.00, 0.80, 0.00, 1.00, 0.6094, 0.21557, 0.6094, 0.21557, 0.24543, 0.72691, -0.63847, -31.37968, 37.6758, 115.57697
2036, 329, -31.99532, 38.66323, 114.13875, 115.1007, 0.00, 0.80, 0.00, 1.00, 0.58422, 0.22302, 0.58422, 0.22302, 0.32349, 0.84005, -0.43211, -31.99532, 38.66323, 114.13875
2037, 629, -32.97939, 36.00932, 115.46768, 116.4292, 0.00, 0.80, 0.00, 1.00, 0.60997, 0.17511, 0.60997, 0.17511, 0.59441, 0.44337, -0.66754, -32.97939, 36.00932, 115.46768
2038, 329, -31.99532, 38.66323, 114.13875, 115.1007, 0.00, 0.80, 0.00, 1.00, 0.58422, 0.22302, 0.58422, 0.22302, 0.32349, 0.84005, -0.43211, -31.99532, 38.66323, 114.13875
2039, 628, -33.32188, 37.38503, 114.26704, 115.22896, 0.00, 0.80, 0.00, 1.00, 0.579, 0.18414, 0.579, 0.18414, 0.6405, 0.58838, -0.48935, -33.32188, 37.38503, 114.26704
2040, 621, -33.79768, 37.08777, 113.11008, 114.07238, 0.00, 0.80, 0.00, 1.00, 0.55016, 0.18074, 0.55016, 0.18074, 0.75216, 0.654, 0.05812, -33.79768, 37.08777, 113.11008
2041, 329, -31.99532, 38.66323, 114.13875, 115.1007, 0.00, 0.80, 0.00, 1.00, 0.58422, 0.22302, 0.58422, 0.22302, 0.32349, 0.84005, -0.43211, -31.99532, 38.66323, 114.13875
2042, 310, -32.2331, 38.38479, 112.58002, 113.54249, 0.00, 0.80, 0.00, 1.00, 0.55016, 0.22415, 0.55016, 0.22415, 0.42547, 0.86407, 0.26664, -32.2331, 38.38479, 112.58002
2043, 329, -31.99532, 38.66323, 114.13875, 115.1007, 0.00, 0.80, 0.00, 1.00, 0.58422, 0.22302, 0.58422, 0.22302, 0.32349, 0.84005, -0.43211, -31.99532, 38.66323, 114.13875
2044, 621, -33.79768, 37.08777, 113.11008, 114.07238, 0.00, 0.80, 0.00, 1.00, 0.55016, 0.18074, 0.55016, 0.18074, 0.75216, 0.654, 0.05812, -33.79768, 37.08777, 113.11008
2045, 628, -33.32188, 37.38503, 114.26704, 115.22896, 0.00, 0.80, 0.00, 1.00, 0.579, 0.18414, 0.579, 0.18414, 0.6405, 0.58838, -0.48935, -33.32188, 37.38503, 114.26704
2046, 634, -18.50329, 24.75385, 115.93707, 116.89842, 0.00, 0.80, 0.00, 1.00, 0.00704, 0.58912, 0.00704, 0.58912, 0.19495, 0.96047, 0.19735, -18.50329, 24.75385, 115.93707
2047, 635, -23.21027, 27.33044, 117.96687, 118.92755, 0.00, 0.80, 0.00, 1.00, 0.1167, 0.56472, 0.1167, 0.56472, -0.11814, 0.99276, 0.02021, -23.21027, 27.33044, 117.96687
2048, 636, -16.54324, 26.70214, 118.55714, 119.51762, 0.00, 0.80, 0.00, 1.00, 0.00688, 0.58894, 0.00688, 0.58894, 0.01373, 0.9748, -0.22112, -16.54324, 26.70214, 118.55714
2049, 637, -17.43621, -2.90409, 120.46592, 121.42577, 0.00, 0.80, 0.00, 1.00, 0.05065, 0.87207, 0.05065, 0.87207, -0.89735, 0.30966, 0.31445, -17.43621, -2.90409, 120.46592
2050, 638, -15.21939, 0.59732, 123.74938, 124.70813, 0.00, 0.80, 0.00, 1.00, 0.05235, 0.84249, 0.05235, 0.84249, -0.97921, -0.00114, -0.19662, -15.21939, 0.59732, 123.74938
2051, 639, -16.26877, -1.29204, 124.10082, 125.05946, 0.00, 0.80, 0.00, 1.00, 0.10315, 0.8678, 0.10315, 0.8678, -0.95911, 0.25278, 0.12732, -16.26877, -1.29204, 124.10082
2052, 639, -16.26877, -1.29204, 124.10082, 125.05946, 0.00, 0.80, 0.00, 1.00, 0.10315, 0.8678, 0.10315, 0.8678, -0.95911, 0.25278, 0.12732, -16.26877, -1.29204, 124.10082
2053, 638, -15.21939, 0.59732, 123.74938, 124.70813, 0.00, 0.80, 0.00, 1.00, 0.05235, 0.84249, 0.05235, 0.84249, -0.97921, -0.00114, -0.19662, -15.21939, 0.59732, 123.74938
2054, 640, -15.77243, 2.34514, 126.87627, 127.83398, 0.00, 0.80, 0.00, 1.00, 0.0913, 0.83742, 0.0913, 0.83742, -0.94922, -0.04803, -0.30692, -15.77243, 2.34514, 126.87627
2055, 640, -15.77243, 2.34514, 126.87627, 127.83398, 0.00, 0.80, 0.00, 1.00, 0.0913, 0.83742, 0.0913, 0.83742, -0.94922, -0.04803, -0.30692, -15.77243, 2.34514, 126.87627
2056, 638, -15.21939, 0.59732, 123.74938, 124.70813, 0.00, 0.80, 0.00, 1.00, 0.05235, 0.84249, 0.05235, 0.84249, -0.97921, -0.00114, -0.19662, -15.21939, 0.59732, 123.74938
2057, 641, -14.71907, 3.22491, 122.69911, 123.65821, 0.00, 0.80, 0.00, 1.00, 0.03203, 0.8169, 0.03203, 0.8169, -0.98915, -0.1347, -0.03149, -14.71907, 3.22491, 122.69911
2058, 640, -15.77243, 2.34514, 126.87627, 127.83398, 0.00, 0.80, 0.00, 1.00, 0.0913, 0.83742, 0.0913, 0.83742, -0.94922, -0.04803, -0.30692, -15.77243, 2.34514, 126.87627
2059, 641, -14.71907, 3.22491, 122.69911, 123.65821, 0.00, 0.80, 0.00, 1.00, 0.03203, 0.8169, 0.03203, 0.8169, -0.98915, -0.1347, -0.03149, -14.71907, 3.22491, 122.69911
2060, 642, -15.46834, 4.28465, 126.13412, 127.09209, 0.00, 0.80, 0.00, 1.00, 0.07775, 0.8185, 0.07775, 0.8185, -0.90124, -0.05858, -0.42647, -15.46834, 4.28465, 126.13412
2061, 642, -15.46834, 4.28465, 126.13412, 127.09209, 0.00, 0.80, 0.00, 1.00, 0.07775, 0.8185, 0.07775, 0.8185, -0.90124, -0.05858, -0.42647, -15.46834, 4.28465, 126.13412
2062, 641, -14.71907, 3.22491, 122.69911, 123.65821, 0.00, 0.80, 0.00, 1.00, 0.03203, 0.8169, 0.03203, 0.8169, -0.98915, -0.1347, -0.03149, -14.71907, 3.22491, 122.69911
2063, 643, -11.7326, 15.93748, 121.09722, 122.05686, 0.00, 0.80, 0.00, 1.00, 0.01288, 0.70971, 0.01288, 0.70971, -0.94182, 0.18599, -0.27551, -11.7326, 15.93748, 121.09722
2064, 641, -14.71907, 3.22491, 122.69911, 123.65821, 0.00, 0.80, 0.00, 1.00, 0.03203, 0.8169, 0.03203, 0.8169, -0.98915, -0.1347, -0.03149, -14.71907, 3.22491, 122.69911
2065, 644, -16.55345, 12.31868, 118.08, 119.04064, 0.00, 0.80, 0.00, 1.00, 0.01965, 0.71244, 0.01965, 0.71244, -0.81146, -0.01864, 0.58201, -16.55345, 12.31868, 118.08
2066, 643, -11.7326, 15.93748, 121.09722, 122.05686, 0.00, 0.80, 0.00, 1.00, 0.01288, 0.70971, 0.01288, 0.70971, -0.94182, 0.18599, -0.27551, -11.7326, 15.93748, 121.09722
2067, 639, -16.26877, -1.29204, 124.10082, 125.05946, 0.00, 0.80, 0.00, 1.00, 0.10315, 0.8678, 0.10315, 0.8678, -0.95911, 0.25278, 0.12732, -16.26877, -1.29204, 124.10082
2068, 645, -16.81421, 2.81764, 128.70676, 129.66385, 0.00, 0.80, 0.00, 1.00, 0.12686, 0.83751, 0.12686, 0.83751, -0.64096, 0.06944, -0.76281, -16.81421, 2.81764, 128.70676
2069, 646, -16.47421, -1.10343, 125.53484, 126.49299, 0.00, 0.80, 0.00, 1.00, 0.13025, 0.86896, 0.13025, 0.86896, -0.87368, 0.29031, -0.39039, -16.47421, -1.10343, 125.53484
2070, 645, -16.81421, 2.81764, 128.70676, 129.66385, 0.00, 0.80, 0.00, 1.00, 0.12686, 0.83751, 0.12686, 0.83751, -0.64096, 0.06944, -0.76281, -16.81421, 2.81764, 128.70676
2071, 639, -16.26877, -1.29204, 124.10082, 125.05946, 0.00, 0.80, 0.00, 1.00, 0.10315, 0.8678, 0.10315, 0.8678, -0.95911, 0.25278, 0.12732, -16.26877, -1.29204, 124.10082
2072, 640, -15.77243, 2.34514, 126.87627, 127.83398, 0.00, 0.80, 0.00, 1.00, 0.0913, 0.83742, 0.0913, 0.83742, -0.94922, -0.04803, -0.30692, -15.77243, 2.34514, 126.87627
2073, 645, -16.81421, 2.81764, 128.70676, 129.66385, 0.00, 0.80, 0.00, 1.00, 0.12686, 0.83751, 0.12686, 0.83751, -0.64096, 0.06944, -0.76281, -16.81421, 2.81764, 128.70676
2074, 640, -15.77243, 2.34514, 126.87627, 127.83398, 0.00, 0.80, 0.00, 1.00, 0.0913, 0.83742, 0.0913, 0.83742, -0.94922, -0.04803, -0.30692, -15.77243, 2.34514, 126.87627
2075, 642, -15.46834, 4.28465, 126.13412, 127.09209, 0.00, 0.80, 0.00, 1.00, 0.07775, 0.8185, 0.07775, 0.8185, -0.90124, -0.05858, -0.42647, -15.46834, 4.28465, 126.13412
2076, 645, -16.81421, 2.81764, 128.70676, 129.66385, 0.00, 0.80, 0.00, 1.00, 0.12686, 0.83751, 0.12686, 0.83751, -0.64096, 0.06944, -0.76281, -16.81421, 2.81764, 128.70676
2077, 642, -15.46834, 4.28465, 126.13412, 127.09209, 0.00, 0.80, 0.00, 1.00, 0.07775, 0.8185, 0.07775, 0.8185, -0.90124, -0.05858, -0.42647, -15.46834, 4.28465, 126.13412
2078, 647, -17.09653, 5.10238, 128.15771, 129.11499, 0.00, 0.80, 0.00, 1.00, 0.12517, 0.81486, 0.12517, 0.81486, -0.46244, 0.06913, -0.88255, -17.09653, 5.10238, 128.15771
2079, 647, -17.09653, 5.10238, 128.15771, 129.11499, 0.00, 0.80, 0.00, 1.00, 0.12517, 0.81486, 0.12517, 0.81486, -0.46244, 0.06913, -0.88255, -17.09653, 5.10238, 128.15771
2080, 642, -15.46834, 4.28465, 126.13412, 127.09209, 0.00, 0.80, 0.00, 1.00, 0.07775, 0.8185, 0.07775, 0.8185, -0.90124, -0.05858, -0.42647, -15.46834, 4.28465, 126.13412
2081, 643, -11.7326, 15.93748, 121.09722, 122.05686, 0.00, 0.80, 0.00, 1.00, 0.01288, 0.70971, 0.01288, 0.70971, -0.94182, 0.18599, -0.27551, -11.7326, 15.93748, 121.09722
2082, 647, -17.09653, 5.10238, 128.15771, 129.11499, 0.00, 0.80, 0.00, 1.00, 0.12517, 0.81486, 0.12517, 0.81486, -0.46244, 0.06913, -0.88255, -17.09653, 5.10238, 128.15771
2083, 643, -11.7326, 15.93748, 121.09722, 122.05686, 0.00, 0.80, 0.00, 1.00, 0.01288, 0.70971, 0.01288, 0.70971, -0.94182, 0.18599, -0.27551, -11.7326, 15.93748, 121.09722
2084, 648, -17.37231, 19.69595, 125.28836, 126.2466, 0.00, 0.80, 0.00, 1.00, 0.10993, 0.6832, 0.10993, 0.6832, -0.52874, 0.2878, -0.79699, -17.37231, 19.69595, 125.28836
2085, 648, -17.37231, 19.69595, 125.28836, 126.2466, 0.00, 0.80, 0.00, 1.00, 0.10993, 0.6832, 0.10993, 0.6832, -0.52874, 0.2878, -0.79699, -17.37231, 19.69595, 125.28836
2086, 643, -11.7326, 15.93748, 121.09722, 122.05686, 0.00, 0.80, 0.00, 1.00, 0.01288, 0.70971, 0.01288, 0.70971, -0.94182, 0.18599, -0.27551, -11.7326, 15.93748, 121.09722
2087, 649, -13.64746, 19.82994, 121.08107, 122.04071, 0.00, 0.80, 0.00, 1.00, 0.00667, 0.67494, 0.00667, 0.67494, -0.6652, 0.36438, -0.64997, -13.64746, 19.82994, 121.08107
2088, 648, -17.37231, 19.69595, 125.28836, 126.2466, 0.00, 0.80, 0.00, 1.00, 0.10993, 0.6832, 0.10993, 0.6832, -0.52874, 0.2878, -0.79699, -17.37231, 19.69595, 125.28836
2089, 649, -13.64746, 19.82994, 121.08107, 122.04071, 0.00, 0.80, 0.00, 1.00, 0.00667, 0.67494, 0.00667, 0.67494, -0.6652, 0.36438, -0.64997, -13.64746, 19.82994, 121.08107
2090, 650, -15.06668, 25.29832, 119.74217, 120.70226, 0.00, 0.80, 0.00, 1.00, 0.00704, 0.61106, 0.00704, 0.61106, -0.52777, 0.57363, -0.62489, -15.06668, 25.29832, 119.74217
2091, 648, -17.37231, 19.69595, 125.28836, 126.2466, 0.00, 0.80, 0.00, 1.00, 0.10993, 0.6832, 0.10993, 0.6832, -0.52874, 0.2878, -0.79699, -17.37231, 19.69595, 125.28836
2092, 650, -15.06668, 25.29832, 119.74217, 120.70226, 0.00, 0.80, 0.00, 1.00, 0.00704, 0.61106, 0.00704, 0.61106, -0.52777, 0.57363, -0.62489, -15.06668, 25.29832, 119.74217
2093, 651, -18.6733, 26.02244, 123.47381, 124.43265, 0.00, 0.80, 0.00, 1.00, 0.10823, 0.6179, 0.10823, 0.6179, -0.41755, 0.58279, -0.69577, -18.6733, 26.02244, 123.47381
2094, 651, -18.6733, 26.02244, 123.47381, 124.43265, 0.00, 0.80, 0.00, 1.00, 0.10823, 0.6179, 0.10823, 0.6179, -0.41755, 0.58279, -0.69577, -18.6733, 26.02244, 123.47381
2095, 650, -15.06668, 25.29832, 119.74217, 120.70226, 0.00, 0.80, 0.00, 1.00, 0.00704, 0.61106, 0.00704, 0.61106, -0.52777, 0.57363, -0.62489, -15.06668, 25.29832, 119.74217
2096, 652, -20.03403, 27.75629, 121.63162, 122.59108, 0.00, 0.80, 0.00, 1.00, 0.10823, 0.59, 0.10823, 0.59, -0.20288, 0.90316, -0.37737, -20.03403, 27.75629, 121.63162
2097, 652, -20.03403, 27.75629, 121.63162, 122.59108, 0.00, 0.80, 0.00, 1.00, 0.10823, 0.59, 0.10823, 0.59, -0.20288, 0.90316, -0.37737, -20.03403, 27.75629, 121.63162
2098, 650, -15.06668, 25.29832, 119.74217, 120.70226, 0.00, 0.80, 0.00, 1.00, 0.00704, 0.61106, 0.00704, 0.61106, -0.52777, 0.57363, -0.62489, -15.06668, 25.29832, 119.74217
2099, 636, -16.54324, 26.70214, 118.55714, 119.51762, 0.00, 0.80, 0.00, 1.00, 0.00688, 0.58894, 0.00688, 0.58894, 0.01373, 0.9748, -0.22112, -16.54324, 26.70214, 118.55714
2100, 636, -16.54324, 26.70214, 118.55714, 119.51762, 0.00, 0.80, 0.00, 1.00, 0.00688, 0.58894, 0.00688, 0.58894, 0.01373, 0.9748, -0.22112, -16.54324, 26.70214, 118.55714
2101, 635, -23.21027, 27.33044, 117.96687, 118.92755, 0.00, 0.80, 0.00, 1.00, 0.1167, 0.56472, 0.1167, 0.56472, -0.11814, 0.99276, 0.02021, -23.21027, 27.33044, 117.96687
2102, 652, -20.03403, 27.75629, 121.63162, 122.59108, 0.00, 0.80, 0.00, 1.00, 0.10823, 0.59, 0.10823, 0.59, -0.20288, 0.90316, -0.37737, -20.03403, 27.75629, 121.63162
2103, 653, -18.26654, -0.85442, 128.04507, 129.00238, 0.00, 0.80, 0.00, 1.00, 0.19239, 0.8691, 0.19239, 0.8691, -0.82735, 0.19832, -0.52551, -18.26654, -0.85442, 128.04507
2104, 645, -16.81421, 2.81764, 128.70676, 129.66385, 0.00, 0.80, 0.00, 1.00, 0.12686, 0.83751, 0.12686, 0.83751, -0.64096, 0.06944, -0.76281, -16.81421, 2.81764, 128.70676
2105, 654, -20.10348, 2.29926, 129.54968, 130.5065, 0.00, 0.80, 0.00, 1.00, 0.19239, 0.83712, 0.19239, 0.83712, -0.43598, 0.19914, -0.87624, -20.10348, 2.29926, 129.54968
2106, 653, -18.26654, -0.85442, 128.04507, 129.00238, 0.00, 0.80, 0.00, 1.00, 0.19239, 0.8691, 0.19239, 0.8691, -0.82735, 0.19832, -0.52551, -18.26654, -0.85442, 128.04507
2107, 646, -16.47421, -1.10343, 125.53484, 126.49299, 0.00, 0.80, 0.00, 1.00, 0.13025, 0.86896, 0.13025, 0.86896, -0.87368, 0.29031, -0.39039, -16.47421, -1.10343, 125.53484
2108, 645, -16.81421, 2.81764, 128.70676, 129.66385, 0.00, 0.80, 0.00, 1.00, 0.12686, 0.83751, 0.12686, 0.83751, -0.64096, 0.06944, -0.76281, -16.81421, 2.81764, 128.70676
2109, 654, -20.10348, 2.29926, 129.54968, 130.5065, 0.00, 0.80, 0.00, 1.00, 0.19239, 0.83712, 0.19239, 0.83712, -0.43598, 0.19914, -0.87624, -20.10348, 2.29926, 129.54968
2110, 647, -17.09653, 5.10238, 128.15771, 129.11499, 0.00, 0.80, 0.00, 1.00, 0.12517, 0.81486, 0.12517, 0.81486, -0.46244, 0.06913, -0.88255, -17.09653, 5.10238, 128.15771
2111, 655, -20.42481, 4.34796, 129.09198, 130.04895, 0.00, 0.80, 0.00, 1.00, 0.19239, 0.81677, 0.19239, 0.81677, -0.45055, 0.11753, -0.88358, -20.42481, 4.34796, 129.09198
2112, 647, -17.09653, 5.10238, 128.15771, 129.11499, 0.00, 0.80, 0.00, 1.00, 0.12517, 0.81486, 0.12517, 0.81486, -0.46244, 0.06913, -0.88255, -17.09653, 5.10238, 128.15771
2113, 654, -20.10348, 2.29926, 129.54968, 130.5065, 0.00, 0.80, 0.00, 1.00, 0.19239, 0.83712, 0.19239, 0.83712, -0.43598, 0.19914, -0.87624, -20.10348, 2.29926, 129.54968
2114, 645, -16.81421, 2.81764, 128.70676, 129.66385, 0.00, 0.80, 0.00, 1.00, 0.12686, 0.83751, 0.12686, 0.83751, -0.64096, 0.06944, -0.76281, -16.81421, 2.81764, 128.70676
2115, 647, -17.09653, 5.10238, 128.15771, 129.11499, 0.00, 0.80, 0.00, 1.00, 0.12517, 0.81486, 0.12517, 0.81486, -0.46244, 0.06913, -0.88255, -17.09653, 5.10238, 128.15771
2116, 656, -21.3252, 19.45026, 126.87266, 127.83037, 0.00, 0.80, 0.00, 1.00, 0.19239, 0.67902, 0.19239, 0.67902, -0.52915, 0.238, -0.81297, -21.3252, 19.45026, 126.87266
2117, 655, -20.42481, 4.34796, 129.09198, 130.04895, 0.00, 0.80, 0.00, 1.00, 0.19239, 0.81677, 0.19239, 0.81677, -0.45055, 0.11753, -0.88358, -20.42481, 4.34796, 129.09198
2118, 647, -17.09653, 5.10238, 128.15771, 129.11499, 0.00, 0.80, 0.00, 1.00, 0.12517, 0.81486, 0.12517, 0.81486, -0.46244, 0.06913, -0.88255, -17.09653, 5.10238, 128.15771
2119, 648, -17.37231, 19.69595, 125.28836, 126.2466, 0.00, 0.80, 0.00, 1.00, 0.10993, 0.6832, 0.10993, 0.6832, -0.52874, 0.2878, -0.79699, -17.37231, 19.69595, 125.28836
2120, 656, -21.3252, 19.45026, 126.87266, 127.83037, 0.00, 0.80, 0.00, 1.00, 0.19239, 0.67902, 0.19239, 0.67902, -0.52915, 0.238, -0.81297, -21.3252, 19.45026, 126.87266
2121, 648, -17.37231, 19.69595, 125.28836, 126.2466, 0.00, 0.80, 0.00, 1.00, 0.10993, 0.6832, 0.10993, 0.6832, -0.52874, 0.2878, -0.79699, -17.37231, 19.69595, 125.28836
2122, 657, -23.14494, 26.75639, 124.50659, 125.4651, 0.00, 0.80, 0.00, 1.00, 0.19239, 0.6012, 0.19239, 0.6012, -0.39934, 0.59675, -0.69465, -23.14494, 26.75639, 124.50659
2123, 656, -21.3252, 19.45026, 126.87266, 127.83037, 0.00, 0.80, 0.00, 1.00, 0.19239, 0.67902, 0.19239, 0.67902, -0.52915, 0.238, -0.81297, -21.3252, 19.45026, 126.87266
2124, 648, -17.37231, 19.69595, 125.28836, 126.2466, 0.00, 0.80, 0.00, 1.00, 0.10993, 0.6832, 0.10993, 0.6832, -0.52874, 0.2878, -0.79699, -17.37231, 19.69595, 125.28836
2125, 651, -18.6733, 26.02244, 123.47381, 124.43265, 0.00, 0.80, 0.00, 1.00, 0.10823, 0.6179, 0.10823, 0.6179, -0.41755, 0.58279, -0.69577, -18.6733, 26.02244, 123.47381
2126, 657, -23.14494, 26.75639, 124.50659, 125.4651, 0.00, 0.80, 0.00, 1.00, 0.19239, 0.6012, 0.19239, 0.6012, -0.39934, 0.59675, -0.69465, -23.14494, 26.75639, 124.50659
2127, 651, -18.6733, 26.02244, 123.47381, 124.43265, 0.00, 0.80, 0.00, 1.00, 0.10823, 0.6179, 0.10823, 0.6179, -0.41755, 0.58279, -0.69577, -18.6733, 26.02244, 123.47381
2128, 652, -20.03403, 27.75629, 121.63162, 122.59108, 0.00, 0.80, 0.00, 1.00, 0.10823, 0.59, 0.10823, 0.59, -0.20288, 0.90316, -0.37737, -20.03403, 27.75629, 121.63162
2129, 657, -23.14494, 26.75639, 124.50659, 125.4651, 0.00, 0.80, 0.00, 1.00, 0.19239, 0.6012, 0.19239, 0.6012, -0.39934, 0.59675, -0.69465, -23.14494, 26.75639, 124.50659
2130, 652, -20.03403, 27.75629, 121.63162, 122.59108, 0.00, 0.80, 0.00, 1.00, 0.10823, 0.59, 0.10823, 0.59, -0.20288, 0.90316, -0.37737, -20.03403, 27.75629, 121.63162
2131, 658, -23.99013, 27.80015, 123.36171, 124.32059, 0.00, 0.80, 0.00, 1.00, 0.19239, 0.58414, 0.19239, 0.58414, -0.1253, 0.92369, -0.36116, -23.99013, 27.80015, 123.36171
2132, 657, -23.14494, 26.75639, 124.50659, 125.4651, 0.00, 0.80, 0.00, 1.00, 0.19239, 0.6012, 0.19239, 0.6012, -0.39934, 0.59675, -0.69465, -23.14494, 26.75639, 124.50659
2133, 652, -20.03403, 27.75629, 121.63162, 122.59108, 0.00, 0.80, 0.00, 1.00, 0.10823, 0.59, 0.10823, 0.59, -0.20288, 0.90316, -0.37737, -20.03403, 27.75629, 121.63162
2134, 635, -23.21027, 27.33044, 117.96687, 118.92755, 0.00, 0.80, 0.00, 1.00, 0.1167, 0.56472, 0.1167, 0.56472, -0.11814, 0.99276, 0.02021, -23.21027, 27.33044, 117.96687
2135, 658, -23.99013, 27.80015, 123.36171, 124.32059, 0.00, 0.80, 0.00, 1.00, 0.19239, 0.58414, 0.19239, 0.58414, -0.1253, 0.92369, -0.36116, -23.99013, 27.80015, 123.36171
2136, 635, -23.21027, 27.33044, 117.96687, 118.92755, 0.00, 0.80, 0.00, 1.00, 0.1167, 0.56472, 0.1167, 0.56472, -0.11814, 0.99276, 0.02021, -23.21027, 27.33044, 117.96687
2137, 659, -25.78925, 29.09568, 120.90651, 121.86621, 0.00, 0.80, 0.00, 1.00, 0.19239, 0.55536, 0.19239, 0.55536, -0.1589, 0.89987, -0.40522, -25.78925, 29.09568, 120.90651
2138, 658, -23.99013, 27.80015, 123.36171, 124.32059, 0.00, 0.80, 0.00, 1.00, 0.19239, 0.58414, 0.19239, 0.58414, -0.1253, 0.92369, -0.36116, -23.99013, 27.80015, 123.36171
2139, 660, -16.76247, -4.59936, 120.31743, 121.27732, 0.00, 0.80, 0.00, 1.00, 0.03926, 0.88833, 0.03926, 0.88833, -0.7926, 0.52063, 0.31738, -16.76247, -4.59936, 120.31743
2140, 637, -17.43621, -2.90409, 120.46592, 121.42577, 0.00, 0.80, 0.00, 1.00, 0.05065, 0.87207, 0.05065, 0.87207, -0.89735, 0.30966, 0.31445, -17.43621, -2.90409, 120.46592
2141, 639, -16.26877, -1.29204, 124.10082, 125.05946, 0.00, 0.80, 0.00, 1.00, 0.10315, 0.8678, 0.10315, 0.8678, -0.95911, 0.25278, 0.12732, -16.26877, -1.29204, 124.10082
2142, 660, -16.76247, -4.59936, 120.31743, 121.27732, 0.00, 0.80, 0.00, 1.00, 0.03926, 0.88833, 0.03926, 0.88833, -0.7926, 0.52063, 0.31738, -16.76247, -4.59936, 120.31743
2143, 639, -16.26877, -1.29204, 124.10082, 125.05946, 0.00, 0.80, 0.00, 1.00, 0.10315, 0.8678, 0.10315, 0.8678, -0.95911, 0.25278, 0.12732, -16.26877, -1.29204, 124.10082
2144, 661, -15.36031, -3.39355, 124.02057, 124.97923, 0.00, 0.80, 0.00, 1.00, 0.09007, 0.88833, 0.09007, 0.88833, -0.87928, 0.46217, 0.11516, -15.36031, -3.39355, 124.02057
2145, 662, -15.6209, -2.95853, 125.97636, 126.93438, 0.00, 0.80, 0.00, 1.00, 0.12702, 0.88833, 0.12702, 0.88833, -0.80577, 0.51305, -0.29583, -15.6209, -2.95853, 125.97636
2146, 639, -16.26877, -1.29204, 124.10082, 125.05946, 0.00, 0.80, 0.00, 1.00, 0.10315, 0.8678, 0.10315, 0.8678, -0.95911, 0.25278, 0.12732, -16.26877, -1.29204, 124.10082
2147, 646, -16.47421, -1.10343, 125.53484, 126.49299, 0.00, 0.80, 0.00, 1.00, 0.13025, 0.86896, 0.13025, 0.86896, -0.87368, 0.29031, -0.39039, -16.47421, -1.10343, 125.53484
2148, 662, -15.6209, -2.95853, 125.97636, 126.93438, 0.00, 0.80, 0.00, 1.00, 0.12702, 0.88833, 0.12702, 0.88833, -0.80577, 0.51305, -0.29583, -15.6209, -2.95853, 125.97636
2149, 661, -15.36031, -3.39355, 124.02057, 124.97923, 0.00, 0.80, 0.00, 1.00, 0.09007, 0.88833, 0.09007, 0.88833, -0.87928, 0.46217, 0.11516, -15.36031, -3.39355, 124.02057
2150, 639, -16.26877, -1.29204, 124.10082, 125.05946, 0.00, 0.80, 0.00, 1.00, 0.10315, 0.8678, 0.10315, 0.8678, -0.95911, 0.25278, 0.12732, -16.26877, -1.29204, 124.10082
2151, 663, -17.29132, -2.60629, 128.74013, 129.6972, 0.00, 0.80, 0.00, 1.00, 0.19239, 0.88833, 0.19239, 0.88833, -0.6921, 0.5484, -0.46931, -17.29132, -2.60629, 128.74013
2152, 646, -16.47421, -1.10343, 125.53484, 126.49299, 0.00, 0.80, 0.00, 1.00, 0.13025, 0.86896, 0.13025, 0.86896, -0.87368, 0.29031, -0.39039, -16.47421, -1.10343, 125.53484
2153, 653, -18.26654, -0.85442, 128.04507, 129.00238, 0.00, 0.80, 0.00, 1.00, 0.19239, 0.8691, 0.19239, 0.8691, -0.82735, 0.19832, -0.52551, -18.26654, -0.85442, 128.04507
2154, 663, -17.29132, -2.60629, 128.74013, 129.6972, 0.00, 0.80, 0.00, 1.00, 0.19239, 0.88833, 0.19239, 0.88833, -0.6921, 0.5484, -0.46931, -17.29132, -2.60629, 128.74013
2155, 662, -15.6209, -2.95853, 125.97636, 126.93438, 0.00, 0.80, 0.00, 1.00, 0.12702, 0.88833, 0.12702, 0.88833, -0.80577, 0.51305, -0.29583, -15.6209, -2.95853, 125.97636
2156, 646, -16.47421, -1.10343, 125.53484, 126.49299, 0.00, 0.80, 0.00, 1.00, 0.13025, 0.86896, 0.13025, 0.86896, -0.87368, 0.29031, -0.39039, -16.47421, -1.10343, 125.53484
2157, 664, -16.15346, -6.19952, 120.21022, 121.17015, 0.00, 0.80, 0.00, 1.00, 0.02936, 0.9037, 0.02936, 0.9037, -0.89041, 0.32562, 0.31803, -16.15346, -6.19952, 120.21022
2158, 660, -16.76247, -4.59936, 120.31743, 121.27732, 0.00, 0.80, 0.00, 1.00, 0.03926, 0.88833, 0.03926, 0.88833, -0.7926, 0.52063, 0.31738, -16.76247, -4.59936, 120.31743
2159, 661, -15.36031, -3.39355, 124.02057, 124.97923, 0.00, 0.80, 0.00, 1.00, 0.09007, 0.88833, 0.09007, 0.88833, -0.87928, 0.46217, 0.11516, -15.36031, -3.39355, 124.02057
2160, 664, -16.15346, -6.19952, 120.21022, 121.17015, 0.00, 0.80, 0.00, 1.00, 0.02936, 0.9037, 0.02936, 0.9037, -0.89041, 0.32562, 0.31803, -16.15346, -6.19952, 120.21022
2161, 661, -15.36031, -3.39355, 124.02057, 124.97923, 0.00, 0.80, 0.00, 1.00, 0.09007, 0.88833, 0.09007, 0.88833, -0.87928, 0.46217, 0.11516, -15.36031, -3.39355, 124.02057
2162, 665, -14.93974, -4.95705, 124.05101, 125.00966, 0.00, 0.80, 0.00, 1.00, 0.08452, 0.90333, 0.08452, 0.90333, -0.94177, 0.30847, 0.13386, -14.93974, -4.95705, 124.05101
2163, 666, -20.32803, -13.07315, 118.53342, 119.49391, 0.00, 0.80, 0.00, 1.00, 0.01731, 0.95368, 0.01731, 0.95368, -0.6755, 0.06863, 0.73415, -20.32803, -13.07315, 118.53342
2164, 664, -16.15346, -6.19952, 120.21022, 121.17015, 0.00, 0.80, 0.00, 1.00, 0.02936, 0.9037, 0.02936, 0.9037, -0.89041, 0.32562, 0.31803, -16.15346, -6.19952, 120.21022
2165, 667, -16.47284, -12.54756, 121.93726, 122.89661, 0.00, 0.80, 0.00, 1.00, 0.07944, 0.95603, 0.07944, 0.95603, -0.85027, 0.03377, 0.52526, -16.47284, -12.54756, 121.93726
2166, 664, -16.15346, -6.19952, 120.21022, 121.17015, 0.00, 0.80, 0.00, 1.00, 0.02936, 0.9037, 0.02936, 0.9037, -0.89041, 0.32562, 0.31803, -16.15346, -6.19952, 120.21022
2167, 665, -14.93974, -4.95705, 124.05101, 125.00966, 0.00, 0.80, 0.00, 1.00, 0.08452, 0.90333, 0.08452, 0.90333, -0.94177, 0.30847, 0.13386, -14.93974, -4.95705, 124.05101
2168, 667, -16.47284, -12.54756, 121.93726, 122.89661, 0.00, 0.80, 0.00, 1.00, 0.07944, 0.95603, 0.07944, 0.95603, -0.85027, 0.03377, 0.52526, -16.47284, -12.54756, 121.93726
2169, 667, -16.47284, -12.54756, 121.93726, 122.89661, 0.00, 0.80, 0.00, 1.00, 0.07944, 0.95603, 0.07944, 0.95603, -0.85027, 0.03377, 0.52526, -16.47284, -12.54756, 121.93726
2170, 665, -14.93974, -4.95705, 124.05101, 125.00966, 0.00, 0.80, 0.00, 1.00, 0.08452, 0.90333, 0.08452, 0.90333, -0.94177, 0.30847, 0.13386, -14.93974, -4.95705, 124.05101
2171, 668, -15.00517, -4.42774, 126.42949, 127.38734, 0.00, 0.80, 0.00, 1.00, 0.12686, 0.90379, 0.12686, 0.90379, -0.91214, 0.31122, -0.26671, -15.00517, -4.42774, 126.42949
2172, 669, -15.72242, -11.87352, 124.29813, 125.2567, 0.00, 0.80, 0.00, 1.00, 0.12686, 0.95481, 0.12686, 0.95481, -0.99432, -0.09064, 0.05577, -15.72242, -11.87352, 124.29813
2173, 667, -16.47284, -12.54756, 121.93726, 122.89661, 0.00, 0.80, 0.00, 1.00, 0.07944, 0.95603, 0.07944, 0.95603, -0.85027, 0.03377, 0.52526, -16.47284, -12.54756, 121.93726
2174, 668, -15.00517, -4.42774, 126.42949, 127.38734, 0.00, 0.80, 0.00, 1.00, 0.12686, 0.90379, 0.12686, 0.90379, -0.91214, 0.31122, -0.26671, -15.00517, -4.42774, 126.42949
2175, 668, -15.00517, -4.42774, 126.42949, 127.38734, 0.00, 0.80, 0.00, 1.00, 0.12686, 0.90379, 0.12686, 0.90379, -0.91214, 0.31122, -0.26671, -15.00517, -4.42774, 126.42949
2176, 661, -15.36031, -3.39355, 124.02057, 124.97923, 0.00, 0.80, 0.00, 1.00, 0.09007, 0.88833, 0.09007, 0.88833, -0.87928, 0.46217, 0.11516, -15.36031, -3.39355, 124.02057
2177, 662, -15.6209, -2.95853, 125.97636, 126.93438, 0.00, 0.80, 0.00, 1.00, 0.12702, 0.88833, 0.12702, 0.88833, -0.80577, 0.51305, -0.29583, -15.6209, -2.95853, 125.97636
2178, 665, -14.93974, -4.95705, 124.05101, 125.00966, 0.00, 0.80, 0.00, 1.00, 0.08452, 0.90333, 0.08452, 0.90333, -0.94177, 0.30847, 0.13386, -14.93974, -4.95705, 124.05101
2179, 661, -15.36031, -3.39355, 124.02057, 124.97923, 0.00, 0.80, 0.00, 1.00, 0.09007, 0.88833, 0.09007, 0.88833, -0.87928, 0.46217, 0.11516, -15.36031, -3.39355, 124.02057
2180, 668, -15.00517, -4.42774, 126.42949, 127.38734, 0.00, 0.80, 0.00, 1.00, 0.12686, 0.90379, 0.12686, 0.90379, -0.91214, 0.31122, -0.26671, -15.00517, -4.42774, 126.42949
2181, 670, -16.03531, -11.25172, 127.4725, 128.43001, 0.00, 0.80, 0.00, 1.00, 0.19239, 0.95578, 0.19239, 0.95578, -0.99416, -0.05266, -0.09412, -16.03531, -11.25172, 127.4725
2182, 668, -15.00517, -4.42774, 126.42949, 127.38734, 0.00, 0.80, 0.00, 1.00, 0.12686, 0.90379, 0.12686, 0.90379, -0.91214, 0.31122, -0.26671, -15.00517, -4.42774, 126.42949
2183, 671, -16.6485, -4.00445, 129.21382, 130.17075, 0.00, 0.80, 0.00, 1.00, 0.19239, 0.90324, 0.19239, 0.90324, -0.76588, 0.40017, -0.50328, -16.6485, -4.00445, 129.21382
2184, 668, -15.00517, -4.42774, 126.42949, 127.38734, 0.00, 0.80, 0.00, 1.00, 0.12686, 0.90379, 0.12686, 0.90379, -0.91214, 0.31122, -0.26671, -15.00517, -4.42774, 126.42949
2185, 670, -16.03531, -11.25172, 127.4725, 128.43001, 0.00, 0.80, 0.00, 1.00, 0.19239, 0.95578, 0.19239, 0.95578, -0.99416, -0.05266, -0.09412, -16.03531, -11.25172, 127.4725
2186, 669, -15.72242, -11.87352, 124.29813, 125.2567, 0.00, 0.80, 0.00, 1.00, 0.12686, 0.95481, 0.12686, 0.95481, -0.99432, -0.09064, 0.05577, -15.72242, -11.87352, 124.29813
2187, 671, -16.6485, -4.00445, 129.21382, 130.17075, 0.00, 0.80, 0.00, 1.00, 0.19239, 0.90324, 0.19239, 0.90324, -0.76588, 0.40017, -0.50328, -16.6485, -4.00445, 129.21382
2188, 662, -15.6209, -2.95853, 125.97636, 126.93438, 0.00, 0.80, 0.00, 1.00, 0.12702, 0.88833, 0.12702, 0.88833, -0.80577, 0.51305, -0.29583, -15.6209, -2.95853, 125.97636
2189, 663, -17.29132, -2.60629, 128.74013, 129.6972, 0.00, 0.80, 0.00, 1.00, 0.19239, 0.88833, 0.19239, 0.88833, -0.6921, 0.5484, -0.46931, -17.29132, -2.60629, 128.74013
2190, 668, -15.00517, -4.42774, 126.42949, 127.38734, 0.00, 0.80, 0.00, 1.00, 0.12686, 0.90379, 0.12686, 0.90379, -0.91214, 0.31122, -0.26671, -15.00517, -4.42774, 126.42949
2191, 662, -15.6209, -2.95853, 125.97636, 126.93438, 0.00, 0.80, 0.00, 1.00, 0.12702, 0.88833, 0.12702, 0.88833, -0.80577, 0.51305, -0.29583, -15.6209, -2.95853, 125.97636
2192, 671, -16.6485, -4.00445, 129.21382, 130.17075, 0.00, 0.80, 0.00, 1.00, 0.19239, 0.90324, 0.19239, 0.90324, -0.76588, 0.40017, -0.50328, -16.6485, -4.00445, 129.21382
2193, 672, -18.29166, -15.68694, 118.86272, 119.82309, 0.00, 0.80, 0.00, 1.00, 0.00937, 0.99597, 0.00937, 0.99597, -0.67006, 0.27263, 0.69043, -18.29166, -15.68694, 118.86272
2194, 666, -20.32803, -13.07315, 118.53342, 119.49391, 0.00, 0.80, 0.00, 1.00, 0.01731, 0.95368, 0.01731, 0.95368, -0.6755, 0.06863, 0.73415, -20.32803, -13.07315, 118.53342
2195, 667, -16.47284, -12.54756, 121.93726, 122.89661, 0.00, 0.80, 0.00, 1.00, 0.07944, 0.95603, 0.07944, 0.95603, -0.85027, 0.03377, 0.52526, -16.47284, -12.54756, 121.93726
2196, 672, -18.29166, -15.68694, 118.86272, 119.82309, 0.00, 0.80, 0.00, 1.00, 0.00937, 0.99597, 0.00937, 0.99597, -0.67006, 0.27263, 0.69043, -18.29166, -15.68694, 118.86272
2197, 667, -16.47284, -12.54756, 121.93726, 122.89661, 0.00, 0.80, 0.00, 1.00, 0.07944, 0.95603, 0.07944, 0.95603, -0.85027, 0.03377, 0.52526, -16.47284, -12.54756, 121.93726
2198, 673, -14.72911, -16.56461, 122.01453, 122.97385, 0.00, 0.80, 0.00, 1.00, 0.06986, 0.99604, 0.06986, 0.99604, -0.86415, 0.11018, 0.49102, -14.72911, -16.56461, 122.01453
2199, 674, -14.14738, -17.12473, 124.42873, 125.38725, 0.00, 0.80, 0.00, 1.00, 0.1188, 0.99611, 0.1188, 0.99611, -0.97436, -0.11297, 0.19459, -14.14738, -17.12473, 124.42873
2200, 667, -16.47284, -12.54756, 121.93726, 122.89661, 0.00, 0.80, 0.00, 1.00, 0.07944, 0.95603, 0.07944, 0.95603, -0.85027, 0.03377, 0.52526, -16.47284, -12.54756, 121.93726
2201, 669, -15.72242, -11.87352, 124.29813, 125.2567, 0.00, 0.80, 0.00, 1.00, 0.12686, 0.95481, 0.12686, 0.95481, -0.99432, -0.09064, 0.05577, -15.72242, -11.87352, 124.29813
2202, 674, -14.14738, -17.12473, 124.42873, 125.38725, 0.00, 0.80, 0.00, 1.00, 0.1188, 0.99611, 0.1188, 0.99611, -0.97436, -0.11297, 0.19459, -14.14738, -17.12473, 124.42873
2203, 673, -14.72911, -16.56461, 122.01453, 122.97385, 0.00, 0.80, 0.00, 1.00, 0.06986, 0.99604, 0.06986, 0.99604, -0.86415, 0.11018, 0.49102, -14.72911, -16.56461, 122.01453
2204, 667, -16.47284, -12.54756, 121.93726, 122.89661, 0.00, 0.80, 0.00, 1.00, 0.07944, 0.95603, 0.07944, 0.95603, -0.85027, 0.03377, 0.52526, -16.47284, -12.54756, 121.93726
2205, 675, -16.74773, -15.51958, 127.92322, 128.88057, 0.00, 0.80, 0.00, 1.00, 0.19239, 0.99593, 0.19239, 0.99593, -0.97519, -0.20118, -0.09232, -16.74773, -15.51958, 127.92322
2206, 669, -15.72242, -11.87352, 124.29813, 125.2567, 0.00, 0.80, 0.00, 1.00, 0.12686, 0.95481, 0.12686, 0.95481, -0.99432, -0.09064, 0.05577, -15.72242, -11.87352, 124.29813
2207, 670, -16.03531, -11.25172, 127.4725, 128.43001, 0.00, 0.80, 0.00, 1.00, 0.19239, 0.95578, 0.19239, 0.95578, -0.99416, -0.05266, -0.09412, -16.03531, -11.25172, 127.4725
2208, 669, -15.72242, -11.87352, 124.29813, 125.2567, 0.00, 0.80, 0.00, 1.00, 0.12686, 0.95481, 0.12686, 0.95481, -0.99432, -0.09064, 0.05577, -15.72242, -11.87352, 124.29813
2209, 675, -16.74773, -15.51958, 127.92322, 128.88057, 0.00, 0.80, 0.00, 1.00, 0.19239, 0.99593, 0.19239, 0.99593, -0.97519, -0.20118, -0.09232, -16.74773, -15.51958, 127.92322
2210, 674, -14.14738, -17.12473, 124.42873, 125.38725, 0.00, 0.80, 0.00, 1.00, 0.1188, 0.99611, 0.1188, 0.99611, -0.97436, -0.11297, 0.19459, -14.14738, -17.12473, 124.42873
2211, 676, -29.48131, 27.16676, 122.23926, 123.19851, 0.00, 0.80, 0.00, 1.00, 0.26807, 0.56472, 0.26807, 0.56472, 0.23692, 0.94486, -0.22488, -29.48131, 27.16676, 122.23926
2212, 677, -32.5349, 24.74689, 125.76112, 126.71921, 0.00, 0.80, 0.00, 1.00, 0.37774, 0.58912, 0.37774, 0.58912, 0.15185, 0.98062, 0.11936, -32.5349, 24.74689, 125.76112
2213, 678, -30.75468, 26.29143, 128.63145, 129.58858, 0.00, 0.80, 0.00, 1.00, 0.3779, 0.58894, 0.3779, 0.58894, -0.15309, 0.96296, -0.21946, -30.75468, 26.29143, 128.63145
2214, 679, -27.68223, -0.12051, 130.29408, 131.25066, 0.00, 0.80, 0.00, 1.00, 0.33243, 0.84249, 0.33243, 0.84249, 0.37229, -0.17914, -0.90946, -27.68223, -0.12051, 130.29408
2215, 680, -24.96352, -1.47479, 132.28661, 133.24251, 0.00, 0.80, 0.00, 1.00, 0.33412, 0.87207, 0.33412, 0.87207, -0.10405, 0.20976, -0.9722, -24.96352, -1.47479, 132.28661
2216, 681, -21.00793, -0.39216, 131.54308, 132.49922, 0.00, 0.80, 0.00, 1.00, 0.28162, 0.8678, 0.28162, 0.8678, -0.30233, 0.17007, -0.93791, -21.00793, -0.39216, 131.54308
2217, 679, -27.68223, -0.12051, 130.29408, 131.25066, 0.00, 0.80, 0.00, 1.00, 0.33243, 0.84249, 0.33243, 0.84249, 0.37229, -0.17914, -0.90946, -27.68223, -0.12051, 130.29408
2218, 681, -21.00793, -0.39216, 131.54308, 132.49922, 0.00, 0.80, 0.00, 1.00, 0.28162, 0.8678, 0.28162, 0.8678, -0.30233, 0.17007, -0.93791, -21.00793, -0.39216, 131.54308
2219, 682, -24.76887, 1.82696, 131.60063, 132.55676, 0.00, 0.80, 0.00, 1.00, 0.29348, 0.83742, 0.29348, 0.83742, 0.25669, -0.20685, -0.94296, -24.76887, 1.82696, 131.60063
2220, 679, -27.68223, -0.12051, 130.29408, 131.25066, 0.00, 0.80, 0.00, 1.00, 0.33243, 0.84249, 0.33243, 0.84249, 0.37229, -0.17914, -0.90946, -27.68223, -0.12051, 130.29408
2221, 682, -24.76887, 1.82696, 131.60063, 132.55676, 0.00, 0.80, 0.00, 1.00, 0.29348, 0.83742, 0.29348, 0.83742, 0.25669, -0.20685, -0.94296, -24.76887, 1.82696, 131.60063
2222, 683, -28.99048, 2.40292, 130.19356, 131.15016, 0.00, 0.80, 0.00, 1.00, 0.35275, 0.8169, 0.35275, 0.8169, 0.48511, -0.32886, -0.80907, -28.99048, 2.40292, 130.19356
2223, 683, -28.99048, 2.40292, 130.19356, 131.15016, 0.00, 0.80, 0.00, 1.00, 0.35275, 0.8169, 0.35275, 0.8169, 0.48511, -0.32886, -0.80907, -28.99048, 2.40292, 130.19356
2224, 682, -24.76887, 1.82696, 131.60063, 132.55676, 0.00, 0.80, 0.00, 1.00, 0.29348, 0.83742, 0.29348, 0.83742, 0.25669, -0.20685, -0.94296, -24.76887, 1.82696, 131.60063
2225, 684, -25.67048, 3.69703, 131.49165, 132.44783, 0.00, 0.80, 0.00, 1.00, 0.30702, 0.8185, 0.30702, 0.8185, 0.13113, -0.19454, -0.97098, -25.67048, 3.69703, 131.49165
2226, 683, -28.99048, 2.40292, 130.19356, 131.15016, 0.00, 0.80, 0.00, 1.00, 0.35275, 0.8169, 0.35275, 0.8169, 0.48511, -0.32886, -0.80907, -28.99048, 2.40292, 130.19356
2227, 684, -25.67048, 3.69703, 131.49165, 132.44783, 0.00, 0.80, 0.00, 1.00, 0.30702, 0.8185, 0.30702, 0.8185, 0.13113, -0.19454, -0.97098, -25.67048, 3.69703, 131.49165
2228, 685, -31.13203, 15.19374, 133.55089, 134.50638, 0.00, 0.80, 0.00, 1.00, 0.3719, 0.70971, 0.3719, 0.70971, 0.14793, 0.03615, -0.98703, -31.13203, 15.19374, 133.55089
2229, 686, -31.27206, 12.0157, 128.25838, 129.21562, 0.00, 0.80, 0.00, 1.00, 0.36512, 0.71244, 0.36512, 0.71244, 0.80137, -0.23242, -0.54918, -31.27206, 12.0157, 128.25838
2230, 683, -28.99048, 2.40292, 130.19356, 131.15016, 0.00, 0.80, 0.00, 1.00, 0.35275, 0.8169, 0.35275, 0.8169, 0.48511, -0.32886, -0.80907, -28.99048, 2.40292, 130.19356
2231, 685, -31.13203, 15.19374, 133.55089, 134.50638, 0.00, 0.80, 0.00, 1.00, 0.3719, 0.70971, 0.3719, 0.70971, 0.14793, 0.03615, -0.98703, -31.13203, 15.19374, 133.55089
2232, 687, -22.64567, 2.48177, 131.76907, 132.72514, 0.00, 0.80, 0.00, 1.00, 0.25791, 0.83751, 0.25791, 0.83751, -0.25838, 0.01905, -0.96459, -22.64567, 2.48177, 131.76907
2233, 681, -21.00793, -0.39216, 131.54308, 132.49922, 0.00, 0.80, 0.00, 1.00, 0.28162, 0.8678, 0.28162, 0.8678, -0.30233, 0.17007, -0.93791, -21.00793, -0.39216, 131.54308
2234, 688, -19.77432, -0.4768, 130.71724, 131.67368, 0.00, 0.80, 0.00, 1.00, 0.25453, 0.86896, 0.25453, 0.86896, -0.72171, 0.27117, -0.63687, -19.77432, -0.4768, 130.71724
2235, 681, -21.00793, -0.39216, 131.54308, 132.49922, 0.00, 0.80, 0.00, 1.00, 0.28162, 0.8678, 0.28162, 0.8678, -0.30233, 0.17007, -0.93791, -21.00793, -0.39216, 131.54308
2236, 687, -22.64567, 2.48177, 131.76907, 132.72514, 0.00, 0.80, 0.00, 1.00, 0.25791, 0.83751, 0.25791, 0.83751, -0.25838, 0.01905, -0.96459, -22.64567, 2.48177, 131.76907
2237, 682, -24.76887, 1.82696, 131.60063, 132.55676, 0.00, 0.80, 0.00, 1.00, 0.29348, 0.83742, 0.29348, 0.83742, 0.25669, -0.20685, -0.94296, -24.76887, 1.82696, 131.60063
2238, 682, -24.76887, 1.82696, 131.60063, 132.55676, 0.00, 0.80, 0.00, 1.00, 0.29348, 0.83742, 0.29348, 0.83742, 0.25669, -0.20685, -0.94296, -24.76887, 1.82696, 131.60063
2239, 687, -22.64567, 2.48177, 131.76907, 132.72514, 0.00, 0.80, 0.00, 1.00, 0.25791, 0.83751, 0.25791, 0.83751, -0.25838, 0.01905, -0.96459, -22.64567, 2.48177, 131.76907
2240, 684, -25.67048, 3.69703, 131.49165, 132.44783, 0.00, 0.80, 0.00, 1.00, 0.30702, 0.8185, 0.30702, 0.8185, 0.13113, -0.19454, -0.97098, -25.67048, 3.69703, 131.49165
2241, 684, -25.67048, 3.69703, 131.49165, 132.44783, 0.00, 0.80, 0.00, 1.00, 0.30702, 0.8185, 0.30702, 0.8185, 0.13113, -0.19454, -0.97098, -25.67048, 3.69703, 131.49165
2242, 687, -22.64567, 2.48177, 131.76907, 132.72514, 0.00, 0.80, 0.00, 1.00, 0.25791, 0.83751, 0.25791, 0.83751, -0.25838, 0.01905, -0.96459, -22.64567, 2.48177, 131.76907
2243, 689, -23.07869, 4.75783, 131.29916, 132.2554, 0.00, 0.80, 0.00, 1.00, 0.25961, 0.81486, 0.25961, 0.81486, -0.45304, 0.06789, -0.88751, -23.07869, 4.75783, 131.29916
2244, 684, -25.67048, 3.69703, 131.49165, 132.44783, 0.00, 0.80, 0.00, 1.00, 0.30702, 0.8185, 0.30702, 0.8185, 0.13113, -0.19454, -0.97098, -25.67048, 3.69703, 131.49165
2245, 689, -23.07869, 4.75783, 131.29916, 132.2554, 0.00, 0.80, 0.00, 1.00, 0.25961, 0.81486, 0.25961, 0.81486, -0.45304, 0.06789, -0.88751, -23.07869, 4.75783, 131.29916
2246, 685, -31.13203, 15.19374, 133.55089, 134.50638, 0.00, 0.80, 0.00, 1.00, 0.3719, 0.70971, 0.3719, 0.70971, 0.14793, 0.03615, -0.98703, -31.13203, 15.19374, 133.55089
2247, 685, -31.13203, 15.19374, 133.55089, 134.50638, 0.00, 0.80, 0.00, 1.00, 0.3719, 0.70971, 0.3719, 0.70971, 0.14793, 0.03615, -0.98703, -31.13203, 15.19374, 133.55089
2248, 689, -23.07869, 4.75783, 131.29916, 132.2554, 0.00, 0.80, 0.00, 1.00, 0.25961, 0.81486, 0.25961, 0.81486, -0.45304, 0.06789, -0.88751, -23.07869, 4.75783, 131.29916
2249, 690, -24.20461, 19.51763, 129.94313, 130.89983, 0.00, 0.80, 0.00, 1.00, 0.27485, 0.6832, 0.27485, 0.6832, -0.50558, 0.28468, -0.81298, -24.20461, 19.51763, 129.94313
2250, 685, -31.13203, 15.19374, 133.55089, 134.50638, 0.00, 0.80, 0.00, 1.00, 0.3719, 0.70971, 0.3719, 0.70971, 0.14793, 0.03615, -0.98703, -31.13203, 15.19374, 133.55089
2251, 690, -24.20461, 19.51763, 129.94313, 130.89983, 0.00, 0.80, 0.00, 1.00, 0.27485, 0.6832, 0.27485, 0.6832, -0.50558, 0.28468, -0.81298, -24.20461, 19.51763, 129.94313
2252, 691, -29.55069, 19.41485, 131.91576, 132.8718, 0.00, 0.80, 0.00, 1.00, 0.37811, 0.67494, 0.37811, 0.67494, -0.30988, 0.31645, -0.89523, -29.55069, 19.41485, 131.91576
2253, 691, -29.55069, 19.41485, 131.91576, 132.8718, 0.00, 0.80, 0.00, 1.00, 0.37811, 0.67494, 0.37811, 0.67494, -0.30988, 0.31645, -0.89523, -29.55069, 19.41485, 131.91576
2254, 690, -24.20461, 19.51763, 129.94313, 130.89983, 0.00, 0.80, 0.00, 1.00, 0.27485, 0.6832, 0.27485, 0.6832, -0.50558, 0.28468, -0.81298, -24.20461, 19.51763, 129.94313
2255, 692, -30.35589, 24.71517, 130.37247, 131.32901, 0.00, 0.80, 0.00, 1.00, 0.37774, 0.61106, 0.37774, 0.61106, -0.31901, 0.47953, -0.8161, -30.35589, 24.71517, 130.37247
2256, 692, -30.35589, 24.71517, 130.37247, 131.32901, 0.00, 0.80, 0.00, 1.00, 0.37774, 0.61106, 0.37774, 0.61106, -0.31901, 0.47953, -0.8161, -30.35589, 24.71517, 130.37247
2257, 690, -24.20461, 19.51763, 129.94313, 130.89983, 0.00, 0.80, 0.00, 1.00, 0.27485, 0.6832, 0.27485, 0.6832, -0.50558, 0.28468, -0.81298, -24.20461, 19.51763, 129.94313
2258, 693, -25.64592, 25.84045, 128.22417, 129.18143, 0.00, 0.80, 0.00, 1.00, 0.27654, 0.6179, 0.27654, 0.6179, -0.39673, 0.57998, -0.71014, -25.64592, 25.84045, 128.22417
2259, 692, -30.35589, 24.71517, 130.37247, 131.32901, 0.00, 0.80, 0.00, 1.00, 0.37774, 0.61106, 0.37774, 0.61106, -0.31901, 0.47953, -0.8161, -30.35589, 24.71517, 130.37247
2260, 693, -25.64592, 25.84045, 128.22417, 129.18143, 0.00, 0.80, 0.00, 1.00, 0.27654, 0.6179, 0.27654, 0.6179, -0.39673, 0.57998, -0.71014, -25.64592, 25.84045, 128.22417
2261, 694, -27.00664, 27.5743, 126.38199, 127.33987, 0.00, 0.80, 0.00, 1.00, 0.27654, 0.59, 0.27654, 0.59, -0.11771, 0.89167, -0.43616, -27.00664, 27.5743, 126.38199
2262, 692, -30.35589, 24.71517, 130.37247, 131.32901, 0.00, 0.80, 0.00, 1.00, 0.37774, 0.61106, 0.37774, 0.61106, -0.31901, 0.47953, -0.8161, -30.35589, 24.71517, 130.37247
2263, 694, -27.00664, 27.5743, 126.38199, 127.33987, 0.00, 0.80, 0.00, 1.00, 0.27654, 0.59, 0.27654, 0.59, -0.11771, 0.89167, -0.43616, -27.00664, 27.5743, 126.38199
2264, 678, -30.75468, 26.29143, 128.63145, 129.58858, 0.00, 0.80, 0.00, 1.00, 0.3779, 0.58894, 0.3779, 0.58894, -0.15309, 0.96296, -0.21946, -30.75468, 26.29143, 128.63145
2265, 676, -29.48131, 27.16676, 122.23926, 123.19851, 0.00, 0.80, 0.00, 1.00, 0.26807, 0.56472, 0.26807, 0.56472, 0.23692, 0.94486, -0.22488, -29.48131, 27.16676, 122.23926
2266, 678, -30.75468, 26.29143, 128.63145, 129.58858, 0.00, 0.80, 0.00, 1.00, 0.3779, 0.58894, 0.3779, 0.58894, -0.15309, 0.96296, -0.21946, -30.75468, 26.29143, 128.63145
2267, 694, -27.00664, 27.5743, 126.38199, 127.33987, 0.00, 0.80, 0.00, 1.00, 0.27654, 0.59, 0.27654, 0.59, -0.11771, 0.89167, -0.43616, -27.00664, 27.5743, 126.38199
2268, 687, -22.64567, 2.48177, 131.76907, 132.72514, 0.00, 0.80, 0.00, 1.00, 0.25791, 0.83751, 0.25791, 0.83751, -0.25838, 0.01905, -0.96459, -22.64567, 2.48177, 131.76907
2269, 653, -18.26654, -0.85442, 128.04507, 129.00238, 0.00, 0.80, 0.00, 1.00, 0.19239, 0.8691, 0.19239, 0.8691, -0.82735, 0.19832, -0.52551, -18.26654, -0.85442, 128.04507
2270, 654, -20.10348, 2.29926, 129.54968, 130.5065, 0.00, 0.80, 0.00, 1.00, 0.19239, 0.83712, 0.19239, 0.83712, -0.43598, 0.19914, -0.87624, -20.10348, 2.29926, 129.54968
2271, 688, -19.77432, -0.4768, 130.71724, 131.67368, 0.00, 0.80, 0.00, 1.00, 0.25453, 0.86896, 0.25453, 0.86896, -0.72171, 0.27117, -0.63687, -19.77432, -0.4768, 130.71724
2272, 653, -18.26654, -0.85442, 128.04507, 129.00238, 0.00, 0.80, 0.00, 1.00, 0.19239, 0.8691, 0.19239, 0.8691, -0.82735, 0.19832, -0.52551, -18.26654, -0.85442, 128.04507
2273, 687, -22.64567, 2.48177, 131.76907, 132.72514, 0.00, 0.80, 0.00, 1.00, 0.25791, 0.83751, 0.25791, 0.83751, -0.25838, 0.01905, -0.96459, -22.64567, 2.48177, 131.76907
2274, 689, -23.07869, 4.75783, 131.29916, 132.2554, 0.00, 0.80, 0.00, 1.00, 0.25961, 0.81486, 0.25961, 0.81486, -0.45304, 0.06789, -0.88751, -23.07869, 4.75783, 131.29916
2275, 654, -20.10348, 2.29926, 129.54968, 130.5065, 0.00, 0.80, 0.00, 1.00, 0.19239, 0.83712, 0.19239, 0.83712, -0.43598, 0.19914, -0.87624, -20.10348, 2.29926, 129.54968
2276, 655, -20.42481, 4.34796, 129.09198, 130.04895, 0.00, 0.80, 0.00, 1.00, 0.19239, 0.81677, 0.19239, 0.81677, -0.45055, 0.11753, -0.88358, -20.42481, 4.34796, 129.09198
2277, 654, -20.10348, 2.29926, 129.54968, 130.5065, 0.00, 0.80, 0.00, 1.00, 0.19239, 0.83712, 0.19239, 0.83712, -0.43598, 0.19914, -0.87624, -20.10348, 2.29926, 129.54968
2278, 689, -23.07869, 4.75783, 131.29916, 132.2554, 0.00, 0.80, 0.00, 1.00, 0.25961, 0.81486, 0.25961, 0.81486, -0.45304, 0.06789, -0.88751, -23.07869, 4.75783, 131.29916
2279, 687, -22.64567, 2.48177, 131.76907, 132.72514, 0.00, 0.80, 0.00, 1.00, 0.25791, 0.83751, 0.25791, 0.83751, -0.25838, 0.01905, -0.96459, -22.64567, 2.48177, 131.76907
2280, 656, -21.3252, 19.45026, 126.87266, 127.83037, 0.00, 0.80, 0.00, 1.00, 0.19239, 0.67902, 0.19239, 0.67902, -0.52915, 0.238, -0.81297, -21.3252, 19.45026, 126.87266
2281, 689, -23.07869, 4.75783, 131.29916, 132.2554, 0.00, 0.80, 0.00, 1.00, 0.25961, 0.81486, 0.25961, 0.81486, -0.45304, 0.06789, -0.88751, -23.07869, 4.75783, 131.29916
2282, 655, -20.42481, 4.34796, 129.09198, 130.04895, 0.00, 0.80, 0.00, 1.00, 0.19239, 0.81677, 0.19239, 0.81677, -0.45055, 0.11753, -0.88358, -20.42481, 4.34796, 129.09198
2283, 690, -24.20461, 19.51763, 129.94313, 130.89983, 0.00, 0.80, 0.00, 1.00, 0.27485, 0.6832, 0.27485, 0.6832, -0.50558, 0.28468, -0.81298, -24.20461, 19.51763, 129.94313
2284, 689, -23.07869, 4.75783, 131.29916, 132.2554, 0.00, 0.80, 0.00, 1.00, 0.25961, 0.81486, 0.25961, 0.81486, -0.45304, 0.06789, -0.88751, -23.07869, 4.75783, 131.29916
2285, 656, -21.3252, 19.45026, 126.87266, 127.83037, 0.00, 0.80, 0.00, 1.00, 0.19239, 0.67902, 0.19239, 0.67902, -0.52915, 0.238, -0.81297, -21.3252, 19.45026, 126.87266
2286, 657, -23.14494, 26.75639, 124.50659, 125.4651, 0.00, 0.80, 0.00, 1.00, 0.19239, 0.6012, 0.19239, 0.6012, -0.39934, 0.59675, -0.69465, -23.14494, 26.75639, 124.50659
2287, 690, -24.20461, 19.51763, 129.94313, 130.89983, 0.00, 0.80, 0.00, 1.00, 0.27485, 0.6832, 0.27485, 0.6832, -0.50558, 0.28468, -0.81298, -24.20461, 19.51763, 129.94313
2288, 656, -21.3252, 19.45026, 126.87266, 127.83037, 0.00, 0.80, 0.00, 1.00, 0.19239, 0.67902, 0.19239, 0.67902, -0.52915, 0.238, -0.81297, -21.3252, 19.45026, 126.87266
2289, 693, -25.64592, 25.84045, 128.22417, 129.18143, 0.00, 0.80, 0.00, 1.00, 0.27654, 0.6179, 0.27654, 0.6179, -0.39673, 0.57998, -0.71014, -25.64592, 25.84045, 128.22417
2290, 690, -24.20461, 19.51763, 129.94313, 130.89983, 0.00, 0.80, 0.00, 1.00, 0.27485, 0.6832, 0.27485, 0.6832, -0.50558, 0.28468, -0.81298, -24.20461, 19.51763, 129.94313
2291, 657, -23.14494, 26.75639, 124.50659, 125.4651, 0.00, 0.80, 0.00, 1.00, 0.19239, 0.6012, 0.19239, 0.6012, -0.39934, 0.59675, -0.69465, -23.14494, 26.75639, 124.50659
2292, 694, -27.00664, 27.5743, 126.38199, 127.33987, 0.00, 0.80, 0.00, 1.00, 0.27654, 0.59, 0.27654, 0.59, -0.11771, 0.89167, -0.43616, -27.00664, 27.5743, 126.38199
2293, 693, -25.64592, 25.84045, 128.22417, 129.18143, 0.00, 0.80, 0.00, 1.00, 0.27654, 0.6179, 0.27654, 0.6179, -0.39673, 0.57998, -0.71014, -25.64592, 25.84045, 128.22417
2294, 657, -23.14494, 26.75639, 124.50659, 125.4651, 0.00, 0.80, 0.00, 1.00, 0.19239, 0.6012, 0.19239, 0.6012, -0.39934, 0.59675, -0.69465, -23.14494, 26.75639, 124.50659
2295, 658, -23.99013, 27.80015, 123.36171, 124.32059, 0.00, 0.80, 0.00, 1.00, 0.19239, 0.58414, 0.19239, 0.58414, -0.1253, 0.92369, -0.36116, -23.99013, 27.80015, 123.36171
2296, 694, -27.00664, 27.5743, 126.38199, 127.33987, 0.00, 0.80, 0.00, 1.00, 0.27654, 0.59, 0.27654, 0.59, -0.11771, 0.89167, -0.43616, -27.00664, 27.5743, 126.38199
2297, 657, -23.14494, 26.75639, 124.50659, 125.4651, 0.00, 0.80, 0.00, 1.00, 0.19239, 0.6012, 0.19239, 0.6012, -0.39934, 0.59675, -0.69465, -23.14494, 26.75639, 124.50659
2298, 676, -29.48131, 27.16676, 122.23926, 123.19851, 0.00, 0.80, 0.00, 1.00, 0.26807, 0.56472, 0.26807, 0.56472, 0.23692, 0.94486, -0.22488, -29.48131, 27.16676, 122.23926
2299, 694, -27.00664, 27.5743, 126.38199, 127.33987, 0.00, 0.80, 0.00, 1.00, 0.27654, 0.59, 0.27654, 0.59, -0.11771, 0.89167, -0.43616, -27.00664, 27.5743, 126.38199
2300, 658, -23.99013, 27.80015, 123.36171, 124.32059, 0.00, 0.80, 0.00, 1.00, 0.19239, 0.58414, 0.19239, 0.58414, -0.1253, 0.92369, -0.36116, -23.99013, 27.80015, 123.36171
2301, 659, -25.78925, 29.09568, 120.90651, 121.86621, 0.00, 0.80, 0.00, 1.00, 0.19239, 0.55536, 0.19239, 0.55536, -0.1589, 0.89987, -0.40522, -25.78925, 29.09568, 120.90651
2302, 676, -29.48131, 27.16676, 122.23926, 123.19851, 0.00, 0.80, 0.00, 1.00, 0.26807, 0.56472, 0.26807, 0.56472, 0.23692, 0.94486, -0.22488, -29.48131, 27.16676, 122.23926
2303, 658, -23.99013, 27.80015, 123.36171, 124.32059, 0.00, 0.80, 0.00, 1.00, 0.19239, 0.58414, 0.19239, 0.58414, -0.1253, 0.92369, -0.36116, -23.99013, 27.80015, 123.36171
2304, 680, -24.96352, -1.47479, 132.28661, 133.24251, 0.00, 0.80, 0.00, 1.00, 0.33412, 0.87207, 0.33412, 0.87207, -0.10405, 0.20976, -0.9722, -24.96352, -1.47479, 132.28661
2305, 695, -24.89484, -3.05516, 133.08827, 134.04391, 0.00, 0.80, 0.00, 1.00, 0.34551, 0.88833, 0.34551, 0.88833, -0.03957, 0.42579, -0.90395, -24.89484, -3.05516, 133.08827
2306, 681, -21.00793, -0.39216, 131.54308, 132.49922, 0.00, 0.80, 0.00, 1.00, 0.28162, 0.8678, 0.28162, 0.8678, -0.30233, 0.17007, -0.93791, -21.00793, -0.39216, 131.54308
2307, 681, -21.00793, -0.39216, 131.54308, 132.49922, 0.00, 0.80, 0.00, 1.00, 0.28162, 0.8678, 0.28162, 0.8678, -0.30233, 0.17007, -0.93791, -21.00793, -0.39216, 131.54308
2308, 695, -24.89484, -3.05516, 133.08827, 134.04391, 0.00, 0.80, 0.00, 1.00, 0.34551, 0.88833, 0.34551, 0.88833, -0.03957, 0.42579, -0.90395, -24.89484, -3.05516, 133.08827
2309, 696, -20.79447, -2.36169, 132.55421, 133.51004, 0.00, 0.80, 0.00, 1.00, 0.29471, 0.88833, 0.29471, 0.88833, -0.26264, 0.38451, -0.88497, -20.79447, -2.36169, 132.55421
2310, 681, -21.00793, -0.39216, 131.54308, 132.49922, 0.00, 0.80, 0.00, 1.00, 0.28162, 0.8678, 0.28162, 0.8678, -0.30233, 0.17007, -0.93791, -21.00793, -0.39216, 131.54308
2311, 697, -19.09273, -2.29929, 131.42842, 132.38461, 0.00, 0.80, 0.00, 1.00, 0.25776, 0.88833, 0.25776, 0.88833, -0.59154, 0.48607, -0.64328, -19.09273, -2.29929, 131.42842
2312, 688, -19.77432, -0.4768, 130.71724, 131.67368, 0.00, 0.80, 0.00, 1.00, 0.25453, 0.86896, 0.25453, 0.86896, -0.72171, 0.27117, -0.63687, -19.77432, -0.4768, 130.71724
2313, 696, -20.79447, -2.36169, 132.55421, 133.51004, 0.00, 0.80, 0.00, 1.00, 0.29471, 0.88833, 0.29471, 0.88833, -0.26264, 0.38451, -0.88497, -20.79447, -2.36169, 132.55421
2314, 697, -19.09273, -2.29929, 131.42842, 132.38461, 0.00, 0.80, 0.00, 1.00, 0.25776, 0.88833, 0.25776, 0.88833, -0.59154, 0.48607, -0.64328, -19.09273, -2.29929, 131.42842
2315, 681, -21.00793, -0.39216, 131.54308, 132.49922, 0.00, 0.80, 0.00, 1.00, 0.28162, 0.8678, 0.28162, 0.8678, -0.30233, 0.17007, -0.93791, -21.00793, -0.39216, 131.54308
2316, 688, -19.77432, -0.4768, 130.71724, 131.67368, 0.00, 0.80, 0.00, 1.00, 0.25453, 0.86896, 0.25453, 0.86896, -0.72171, 0.27117, -0.63687, -19.77432, -0.4768, 130.71724
2317, 663, -17.29132, -2.60629, 128.74013, 129.6972, 0.00, 0.80, 0.00, 1.00, 0.19239, 0.88833, 0.19239, 0.88833, -0.6921, 0.5484, -0.46931, -17.29132, -2.60629, 128.74013
2318, 653, -18.26654, -0.85442, 128.04507, 129.00238, 0.00, 0.80, 0.00, 1.00, 0.19239, 0.8691, 0.19239, 0.8691, -0.82735, 0.19832, -0.52551, -18.26654, -0.85442, 128.04507
2319, 697, -19.09273, -2.29929, 131.42842, 132.38461, 0.00, 0.80, 0.00, 1.00, 0.25776, 0.88833, 0.25776, 0.88833, -0.59154, 0.48607, -0.64328, -19.09273, -2.29929, 131.42842
2320, 663, -17.29132, -2.60629, 128.74013, 129.6972, 0.00, 0.80, 0.00, 1.00, 0.19239, 0.88833, 0.19239, 0.88833, -0.6921, 0.5484, -0.46931, -17.29132, -2.60629, 128.74013
2321, 688, -19.77432, -0.4768, 130.71724, 131.67368, 0.00, 0.80, 0.00, 1.00, 0.25453, 0.86896, 0.25453, 0.86896, -0.72171, 0.27117, -0.63687, -19.77432, -0.4768, 130.71724
2322, 695, -24.89484, -3.05516, 133.08827, 134.04391, 0.00, 0.80, 0.00, 1.00, 0.34551, 0.88833, 0.34551, 0.88833, -0.03957, 0.42579, -0.90395, -24.89484, -3.05516, 133.08827
2323, 698, -24.81194, -4.55544, 133.80725, 134.76265, 0.00, 0.80, 0.00, 1.00, 0.35542, 0.9037, 0.35542, 0.9037, -0.09663, 0.22566, -0.9694, -24.81194, -4.55544, 133.80725
2324, 696, -20.79447, -2.36169, 132.55421, 133.51004, 0.00, 0.80, 0.00, 1.00, 0.29471, 0.88833, 0.29471, 0.88833, -0.26264, 0.38451, -0.88497, -20.79447, -2.36169, 132.55421
2325, 696, -20.79447, -2.36169, 132.55421, 133.51004, 0.00, 0.80, 0.00, 1.00, 0.29471, 0.88833, 0.29471, 0.88833, -0.26264, 0.38451, -0.88497, -20.79447, -2.36169, 132.55421
2326, 698, -24.81194, -4.55544, 133.80725, 134.76265, 0.00, 0.80, 0.00, 1.00, 0.35542, 0.9037, 0.35542, 0.9037, -0.09663, 0.22566, -0.9694, -24.81194, -4.55544, 133.80725
2327, 699, -20.66825, -3.86931, 133.04691, 134.00255, 0.00, 0.80, 0.00, 1.00, 0.30025, 0.90333, 0.30025, 0.90333, -0.28483, 0.22574, -0.93162, -20.66825, -3.86931, 133.04691
2328, 698, -24.81194, -4.55544, 133.80725, 134.76265, 0.00, 0.80, 0.00, 1.00, 0.35542, 0.9037, 0.35542, 0.9037, -0.09663, 0.22566, -0.9694, -24.81194, -4.55544, 133.80725
2329, 700, -22.00148, -9.19857, 135.42935, 136.38422, 0.00, 0.80, 0.00, 1.00, 0.36746, 0.95368, 0.36746, 0.95368, -0.52573, 0.06863, -0.84788, -22.00148, -9.19857, 135.42935
2330, 701, -17.55241, -10.048, 132.83711, 133.79283, 0.00, 0.80, 0.00, 1.00, 0.30533, 0.95603, 0.30533, 0.95603, -0.73659, 0.03377, -0.67549, -17.55241, -10.048, 132.83711
2331, 699, -20.66825, -3.86931, 133.04691, 134.00255, 0.00, 0.80, 0.00, 1.00, 0.30025, 0.90333, 0.30025, 0.90333, -0.28483, 0.22574, -0.93162, -20.66825, -3.86931, 133.04691
2332, 698, -24.81194, -4.55544, 133.80725, 134.76265, 0.00, 0.80, 0.00, 1.00, 0.35542, 0.9037, 0.35542, 0.9037, -0.09663, 0.22566, -0.9694, -24.81194, -4.55544, 133.80725
2333, 701, -17.55241, -10.048, 132.83711, 133.79283, 0.00, 0.80, 0.00, 1.00, 0.30533, 0.95603, 0.30533, 0.95603, -0.73659, 0.03377, -0.67549, -17.55241, -10.048, 132.83711
2334, 699, -20.66825, -3.86931, 133.04691, 134.00255, 0.00, 0.80, 0.00, 1.00, 0.30025, 0.90333, 0.30025, 0.90333, -0.28483, 0.22574, -0.93162, -20.66825, -3.86931, 133.04691
2335, 701, -17.55241, -10.048, 132.83711, 133.79283, 0.00, 0.80, 0.00, 1.00, 0.30533, 0.95603, 0.30533, 0.95603, -0.73659, 0.03377, -0.67549, -17.55241, -10.048, 132.83711
2336, 702, -18.48518, -3.76696, 131.89439, 132.85042, 0.00, 0.80, 0.00, 1.00, 0.25791, 0.90379, 0.25791, 0.90379, -0.62761, 0.27539, -0.7282, -18.48518, -3.76696, 131.89439
2337, 701, -17.55241, -10.048, 132.83711, 133.79283, 0.00, 0.80, 0.00, 1.00, 0.30533, 0.95603, 0.30533, 0.95603, -0.73659, 0.03377, -0.67549, -17.55241, -10.048, 132.83711
2338, 703, -16.34875, -10.42337, 130.62181, 131.57826, 0.00, 0.80, 0.00, 1.00, 0.25791, 0.95481, 0.25791, 0.95481, -0.96619, -0.09064, -0.24138, -16.34875, -10.42337, 130.62181
2339, 702, -18.48518, -3.76696, 131.89439, 132.85042, 0.00, 0.80, 0.00, 1.00, 0.25791, 0.90379, 0.25791, 0.90379, -0.62761, 0.27539, -0.7282, -18.48518, -3.76696, 131.89439
2340, 696, -20.79447, -2.36169, 132.55421, 133.51004, 0.00, 0.80, 0.00, 1.00, 0.29471, 0.88833, 0.29471, 0.88833, -0.26264, 0.38451, -0.88497, -20.79447, -2.36169, 132.55421
2341, 702, -18.48518, -3.76696, 131.89439, 132.85042, 0.00, 0.80, 0.00, 1.00, 0.25791, 0.90379, 0.25791, 0.90379, -0.62761, 0.27539, -0.7282, -18.48518, -3.76696, 131.89439
2342, 697, -19.09273, -2.29929, 131.42842, 132.38461, 0.00, 0.80, 0.00, 1.00, 0.25776, 0.88833, 0.25776, 0.88833, -0.59154, 0.48607, -0.64328, -19.09273, -2.29929, 131.42842
2343, 696, -20.79447, -2.36169, 132.55421, 133.51004, 0.00, 0.80, 0.00, 1.00, 0.29471, 0.88833, 0.29471, 0.88833, -0.26264, 0.38451, -0.88497, -20.79447, -2.36169, 132.55421
2344, 699, -20.66825, -3.86931, 133.04691, 134.00255, 0.00, 0.80, 0.00, 1.00, 0.30025, 0.90333, 0.30025, 0.90333, -0.28483, 0.22574, -0.93162, -20.66825, -3.86931, 133.04691
2345, 702, -18.48518, -3.76696, 131.89439, 132.85042, 0.00, 0.80, 0.00, 1.00, 0.25791, 0.90379, 0.25791, 0.90379, -0.62761, 0.27539, -0.7282, -18.48518, -3.76696, 131.89439
2346, 702, -18.48518, -3.76696, 131.89439, 132.85042, 0.00, 0.80, 0.00, 1.00, 0.25791, 0.90379, 0.25791, 0.90379, -0.62761, 0.27539, -0.7282, -18.48518, -3.76696, 131.89439
2347, 670, -16.03531, -11.25172, 127.4725, 128.43001, 0.00, 0.80, 0.00, 1.00, 0.19239, 0.95578, 0.19239, 0.95578, -0.99416, -0.05266, -0.09412, -16.03531, -11.25172, 127.4725
2348, 671, -16.6485, -4.00445, 129.21382, 130.17075, 0.00, 0.80, 0.00, 1.00, 0.19239, 0.90324, 0.19239, 0.90324, -0.76588, 0.40017, -0.50328, -16.6485, -4.00445, 129.21382
2349, 670, -16.03531, -11.25172, 127.4725, 128.43001, 0.00, 0.80, 0.00, 1.00, 0.19239, 0.95578, 0.19239, 0.95578, -0.99416, -0.05266, -0.09412, -16.03531, -11.25172, 127.4725
2350, 702, -18.48518, -3.76696, 131.89439, 132.85042, 0.00, 0.80, 0.00, 1.00, 0.25791, 0.90379, 0.25791, 0.90379, -0.62761, 0.27539, -0.7282, -18.48518, -3.76696, 131.89439
2351, 703, -16.34875, -10.42337, 130.62181, 131.57826, 0.00, 0.80, 0.00, 1.00, 0.25791, 0.95481, 0.25791, 0.95481, -0.96619, -0.09064, -0.24138, -16.34875, -10.42337, 130.62181
2352, 697, -19.09273, -2.29929, 131.42842, 132.38461, 0.00, 0.80, 0.00, 1.00, 0.25776, 0.88833, 0.25776, 0.88833, -0.59154, 0.48607, -0.64328, -19.09273, -2.29929, 131.42842
2353, 671, -16.6485, -4.00445, 129.21382, 130.17075, 0.00, 0.80, 0.00, 1.00, 0.19239, 0.90324, 0.19239, 0.90324, -0.76588, 0.40017, -0.50328, -16.6485, -4.00445, 129.21382
2354, 663, -17.29132, -2.60629, 128.74013, 129.6972, 0.00, 0.80, 0.00, 1.00, 0.19239, 0.88833, 0.19239, 0.88833, -0.6921, 0.5484, -0.46931, -17.29132, -2.60629, 128.74013
2355, 697, -19.09273, -2.29929, 131.42842, 132.38461, 0.00, 0.80, 0.00, 1.00, 0.25776, 0.88833, 0.25776, 0.88833, -0.59154, 0.48607, -0.64328, -19.09273, -2.29929, 131.42842
2356, 702, -18.48518, -3.76696, 131.89439, 132.85042, 0.00, 0.80, 0.00, 1.00, 0.25791, 0.90379, 0.25791, 0.90379, -0.62761, 0.27539, -0.7282, -18.48518, -3.76696, 131.89439
2357, 671, -16.6485, -4.00445, 129.21382, 130.17075, 0.00, 0.80, 0.00, 1.00, 0.19239, 0.90324, 0.19239, 0.90324, -0.76588, 0.40017, -0.50328, -16.6485, -4.00445, 129.21382
2358, 700, -22.00148, -9.19857, 135.42935, 136.38422, 0.00, 0.80, 0.00, 1.00, 0.36746, 0.95368, 0.36746, 0.95368, -0.52573, 0.06863, -0.84788, -22.00148, -9.19857, 135.42935
2359, 704, -25.03361, -13.87359, 136.07596, 137.03061, 0.00, 0.80, 0.00, 1.00, 0.3754, 0.99597, 0.3754, 0.99597, -0.3658, -0.45069, -0.81055, -25.03361, -13.87359, 136.07596
2360, 701, -17.55241, -10.048, 132.83711, 133.79283, 0.00, 0.80, 0.00, 1.00, 0.30533, 0.95603, 0.30533, 0.95603, -0.73659, 0.03377, -0.67549, -17.55241, -10.048, 132.83711
2361, 701, -17.55241, -10.048, 132.83711, 133.79283, 0.00, 0.80, 0.00, 1.00, 0.30533, 0.95603, 0.30533, 0.95603, -0.73659, 0.03377, -0.67549, -17.55241, -10.048, 132.83711
2362, 704, -25.03361, -13.87359, 136.07596, 137.03061, 0.00, 0.80, 0.00, 1.00, 0.3754, 0.99597, 0.3754, 0.99597, -0.3658, -0.45069, -0.81055, -25.03361, -13.87359, 136.07596
2363, 705, -22.97222, -18.82183, 133.82764, 134.78304, 0.00, 0.80, 0.00, 1.00, 0.31491, 0.99604, 0.31491, 0.99604, -0.41355, -0.68177, -0.59374, -22.97222, -18.82183, 133.82764
2364, 701, -17.55241, -10.048, 132.83711, 133.79283, 0.00, 0.80, 0.00, 1.00, 0.30533, 0.95603, 0.30533, 0.95603, -0.73659, 0.03377, -0.67549, -17.55241, -10.048, 132.83711
2365, 706, -22.52651, -20.30997, 131.60498, 132.56111, 0.00, 0.80, 0.00, 1.00, 0.26598, 0.99611, 0.26598, 0.99611, -0.3987, -0.87044, -0.25731, -22.52651, -20.30997, 131.60498
2366, 703, -16.34875, -10.42337, 130.62181, 131.57826, 0.00, 0.80, 0.00, 1.00, 0.25791, 0.95481, 0.25791, 0.95481, -0.96619, -0.09064, -0.24138, -16.34875, -10.42337, 130.62181
2367, 705, -22.97222, -18.82183, 133.82764, 134.78304, 0.00, 0.80, 0.00, 1.00, 0.31491, 0.99604, 0.31491, 0.99604, -0.41355, -0.68177, -0.59374, -22.97222, -18.82183, 133.82764
2368, 706, -22.52651, -20.30997, 131.60498, 132.56111, 0.00, 0.80, 0.00, 1.00, 0.26598, 0.99611, 0.26598, 0.99611, -0.3987, -0.87044, -0.25731, -22.52651, -20.30997, 131.60498
2369, 701, -17.55241, -10.048, 132.83711, 133.79283, 0.00, 0.80, 0.00, 1.00, 0.30533, 0.95603, 0.30533, 0.95603, -0.73659, 0.03377, -0.67549, -17.55241, -10.048, 132.83711
2370, 703, -16.34875, -10.42337, 130.62181, 131.57826, 0.00, 0.80, 0.00, 1.00, 0.25791, 0.95481, 0.25791, 0.95481, -0.96619, -0.09064, -0.24138, -16.34875, -10.42337, 130.62181
2371, 675, -16.74773, -15.51958, 127.92322, 128.88057, 0.00, 0.80, 0.00, 1.00, 0.19239, 0.99593, 0.19239, 0.99593, -0.97519, -0.20118, -0.09232, -16.74773, -15.51958, 127.92322
2372, 670, -16.03531, -11.25172, 127.4725, 128.43001, 0.00, 0.80, 0.00, 1.00, 0.19239, 0.95578, 0.19239, 0.95578, -0.99416, -0.05266, -0.09412, -16.03531, -11.25172, 127.4725
2373, 675, -16.74773, -15.51958, 127.92322, 128.88057, 0.00, 0.80, 0.00, 1.00, 0.19239, 0.99593, 0.19239, 0.99593, -0.97519, -0.20118, -0.09232, -16.74773, -15.51958, 127.92322
2374, 703, -16.34875, -10.42337, 130.62181, 131.57826, 0.00, 0.80, 0.00, 1.00, 0.25791, 0.95481, 0.25791, 0.95481, -0.96619, -0.09064, -0.24138, -16.34875, -10.42337, 130.62181
2375, 706, -22.52651, -20.30997, 131.60498, 132.56111, 0.00, 0.80, 0.00, 1.00, 0.26598, 0.99611, 0.26598, 0.99611, -0.3987, -0.87044, -0.25731, -22.52651, -20.30997, 131.60498
2376, 707, -19.95712, -2.76535, 119.79696, 120.75703, 0.00, 0.80, 0.00, 1.00, 0.73749, 0.84695, 0.73749, 0.84695, -0.30439, -0.34124, 0.88798, -19.95712, -2.76535, 119.79696
2377, 708, -27.18514, -4.70889, 122.95811, 123.91712, 0.00, 0.80, 0.00, 1.00, 0.63385, 0.87519, 0.63385, 0.87519, 0.84368, -0.09814, 0.5278, -27.18514, -4.70889, 122.95811
2378, 709, -24.68516, -3.09123, 121.04575, 122.00541, 0.00, 0.80, 0.00, 1.00, 0.63385, 0.84348, 0.63385, 0.84348, 0.33701, -0.53644, 0.77241, -24.68516, -3.09123, 121.04575
2379, 708, -27.18514, -4.70889, 122.95811, 123.91712, 0.00, 0.80, 0.00, 1.00, 0.63385, 0.87519, 0.63385, 0.87519, 0.84368, -0.09814, 0.5278, -27.18514, -4.70889, 122.95811
2380, 707, -19.95712, -2.76535, 119.79696, 120.75703, 0.00, 0.80, 0.00, 1.00, 0.73749, 0.84695, 0.73749, 0.84695, -0.30439, -0.34124, 0.88798, -19.95712, -2.76535, 119.79696
2381, 710, -23.42549, -4.40831, 119.23583, 120.19608, 0.00, 0.80, 0.00, 1.00, 0.74539, 0.87156, 0.74539, 0.87156, 0.23406, 0.11562, 0.96532, -23.42549, -4.40831, 119.23583
2382, 709, -24.68516, -3.09123, 121.04575, 122.00541, 0.00, 0.80, 0.00, 1.00, 0.63385, 0.84348, 0.63385, 0.84348, 0.33701, -0.53644, 0.77241, -24.68516, -3.09123, 121.04575
2383, 711, -25.59447, -1.45909, 119.51244, 120.47261, 0.00, 0.80, 0.00, 1.00, 0.63385, 0.82468, 0.63385, 0.82468, 0.35613, -0.48675, 0.79631, -25.59447, -1.45909, 119.51244
2384, 712, -19.37838, -0.28253, 117.70242, 118.66319, 0.00, 0.80, 0.00, 1.00, 0.73768, 0.82474, 0.73768, 0.82474, -0.20005, -0.39034, 0.89737, -19.37838, -0.28253, 117.70242
2385, 709, -24.68516, -3.09123, 121.04575, 122.00541, 0.00, 0.80, 0.00, 1.00, 0.63385, 0.84348, 0.63385, 0.84348, 0.33701, -0.53644, 0.77241, -24.68516, -3.09123, 121.04575
2386, 712, -19.37838, -0.28253, 117.70242, 118.66319, 0.00, 0.80, 0.00, 1.00, 0.73768, 0.82474, 0.73768, 0.82474, -0.20005, -0.39034, 0.89737, -19.37838, -0.28253, 117.70242
2387, 707, -19.95712, -2.76535, 119.79696, 120.75703, 0.00, 0.80, 0.00, 1.00, 0.73749, 0.84695, 0.73749, 0.84695, -0.30439, -0.34124, 0.88798, -19.95712, -2.76535, 119.79696
2388, 712, -19.37838, -0.28253, 117.70242, 118.66319, 0.00, 0.80, 0.00, 1.00, 0.73768, 0.82474, 0.73768, 0.82474, -0.20005, -0.39034, 0.89737, -19.37838, -0.28253, 117.70242
2389, 713, -21.59851, 7.55247, 115.65749, 116.61894, 0.00, 0.80, 0.00, 1.00, 0.747, 0.74537, 0.747, 0.74537, 0.09562, -0.30262, 0.94702, -21.59851, 7.55247, 115.65749
2390, 714, -19.25266, 8.8673, 115.94894, 116.91029, 0.00, 0.80, 0.00, 1.00, 0.80067, 0.74405, 0.80067, 0.74405, -0.54107, -0.16585, 0.82296, -19.25266, 8.8673, 115.94894
2391, 712, -19.37838, -0.28253, 117.70242, 118.66319, 0.00, 0.80, 0.00, 1.00, 0.73768, 0.82474, 0.73768, 0.82474, -0.20005, -0.39034, 0.89737, -19.37838, -0.28253, 117.70242
2392, 711, -25.59447, -1.45909, 119.51244, 120.47261, 0.00, 0.80, 0.00, 1.00, 0.63385, 0.82468, 0.63385, 0.82468, 0.35613, -0.48675, 0.79631, -25.59447, -1.45909, 119.51244
2393, 715, -27.44254, 6.72327, 118.29265, 119.25322, 0.00, 0.80, 0.00, 1.00, 0.63385, 0.74442, 0.63385, 0.74442, 0.5051, -0.35216, 0.78647, -27.44254, 6.72327, 118.29265
2394, 713, -21.59851, 7.55247, 115.65749, 116.61894, 0.00, 0.80, 0.00, 1.00, 0.747, 0.74537, 0.747, 0.74537, 0.09562, -0.30262, 0.94702, -21.59851, 7.55247, 115.65749
2395, 716, -22.40587, 10.83035, 114.52209, 115.48392, 0.00, 0.80, 0.00, 1.00, 0.747, 0.72113, 0.747, 0.72113, 0.07306, -0.07095, 0.99356, -22.40587, 10.83035, 114.52209
2396, 714, -19.25266, 8.8673, 115.94894, 116.91029, 0.00, 0.80, 0.00, 1.00, 0.80067, 0.74405, 0.80067, 0.74405, -0.54107, -0.16585, 0.82296, -19.25266, 8.8673, 115.94894
2397, 714, -19.25266, 8.8673, 115.94894, 116.91029, 0.00, 0.80, 0.00, 1.00, 0.80067, 0.74405, 0.80067, 0.74405, -0.54107, -0.16585, 0.82296, -19.25266, 8.8673, 115.94894
2398, 716, -22.40587, 10.83035, 114.52209, 115.48392, 0.00, 0.80, 0.00, 1.00, 0.747, 0.72113, 0.747, 0.72113, 0.07306, -0.07095, 0.99356, -22.40587, 10.83035, 114.52209
2399, 717, -20.11882, 12.22777, 114.75867, 115.72041, 0.00, 0.80, 0.00, 1.00, 0.80067, 0.71913, 0.80067, 0.71913, -0.36507, -0.01022, 0.92962, -20.11882, 12.22777, 114.75867
2400, 716, -22.40587, 10.83035, 114.52209, 115.48392, 0.00, 0.80, 0.00, 1.00, 0.747, 0.72113, 0.747, 0.72113, 0.07306, -0.07095, 0.99356, -22.40587, 10.83035, 114.52209
2401, 718, -28.41079, 20.82733, 117.13034, 118.0913, 0.00, 0.80, 0.00, 1.00, 0.63385, 0.63694, 0.63385, 0.63694, 0.57286, 0.23025, 0.78525, -28.41079, 20.82733, 117.13034
2402, 719, -21.05549, 21.73185, 115.0973, 116.05893, 0.00, 0.80, 0.00, 1.00, 0.7742, 0.6389, 0.7742, 0.6389, 0.25067, 0.455, 0.85333, -21.05549, 21.73185, 115.0973
2403, 720, -28.22245, 9.92839, 117.17684, 118.13779, 0.00, 0.80, 0.00, 1.00, 0.63385, 0.72087, 0.63385, 0.72087, 0.52415, -0.25895, 0.8098, -28.22245, 9.92839, 117.17684
2404, 718, -28.41079, 20.82733, 117.13034, 118.0913, 0.00, 0.80, 0.00, 1.00, 0.63385, 0.63694, 0.63385, 0.63694, 0.57286, 0.23025, 0.78525, -28.41079, 20.82733, 117.13034
2405, 716, -22.40587, 10.83035, 114.52209, 115.48392, 0.00, 0.80, 0.00, 1.00, 0.747, 0.72113, 0.747, 0.72113, 0.07306, -0.07095, 0.99356, -22.40587, 10.83035, 114.52209
2406, 710, -23.42549, -4.40831, 119.23583, 120.19608, 0.00, 0.80, 0.00, 1.00, 0.74539, 0.87156, 0.74539, 0.87156, 0.23406, 0.11562, 0.96532, -23.42549, -4.40831, 119.23583
2407, 707, -19.95712, -2.76535, 119.79696, 120.75703, 0.00, 0.80, 0.00, 1.00, 0.73749, 0.84695, 0.73749, 0.84695, -0.30439, -0.34124, 0.88798, -19.95712, -2.76535, 119.79696
2408, 721, -16.56159, 0.06973, 122.71523, 123.67433, 0.00, 0.80, 0.00, 1.00, 0.80909, 0.84596, 0.80909, 0.84596, -0.68723, -0.07865, 0.72046, -16.56159, 0.06973, 122.71523
2409, 710, -23.42549, -4.40831, 119.23583, 120.19608, 0.00, 0.80, 0.00, 1.00, 0.74539, 0.87156, 0.74539, 0.87156, 0.23406, 0.11562, 0.96532, -23.42549, -4.40831, 119.23583
2410, 721, -16.56159, 0.06973, 122.71523, 123.67433, 0.00, 0.80, 0.00, 1.00, 0.80909, 0.84596, 0.80909, 0.84596, -0.68723, -0.07865, 0.72046, -16.56159, 0.06973, 122.71523
2411, 722, -19.19194, -3.56362, 120.14455, 121.10451, 0.00, 0.80, 0.00, 1.00, 0.79666, 0.87338, 0.79666, 0.87338, -0.17685, 0.29947, 0.93757, -19.19194, -3.56362, 120.14455
2412, 721, -16.56159, 0.06973, 122.71523, 123.67433, 0.00, 0.80, 0.00, 1.00, 0.80909, 0.84596, 0.80909, 0.84596, -0.68723, -0.07865, 0.72046, -16.56159, 0.06973, 122.71523
2413, 707, -19.95712, -2.76535, 119.79696, 120.75703, 0.00, 0.80, 0.00, 1.00, 0.73749, 0.84695, 0.73749, 0.84695, -0.30439, -0.34124, 0.88798, -19.95712, -2.76535, 119.79696
2414, 723, -15.95225, 2.48703, 121.67333, 122.63278, 0.00, 0.80, 0.00, 1.00, 0.81059, 0.82602, 0.81059, 0.82602, -0.74204, -0.29848, 0.59823, -15.95225, 2.48703, 121.67333
2415, 707, -19.95712, -2.76535, 119.79696, 120.75703, 0.00, 0.80, 0.00, 1.00, 0.73749, 0.84695, 0.73749, 0.84695, -0.30439, -0.34124, 0.88798, -19.95712, -2.76535, 119.79696
2416, 712, -19.37838, -0.28253, 117.70242, 118.66319, 0.00, 0.80, 0.00, 1.00, 0.73768, 0.82474, 0.73768, 0.82474, -0.20005, -0.39034, 0.89737, -19.37838, -0.28253, 117.70242
2417, 723, -15.95225, 2.48703, 121.67333, 122.63278, 0.00, 0.80, 0.00, 1.00, 0.81059, 0.82602, 0.81059, 0.82602, -0.74204, -0.29848, 0.59823, -15.95225, 2.48703, 121.67333
2418, 723, -15.95225, 2.48703, 121.67333, 122.63278, 0.00, 0.80, 0.00, 1.00, 0.81059, 0.82602, 0.81059, 0.82602, -0.74204, -0.29848, 0.59823, -15.95225, 2.48703, 121.67333
2419, 712, -19.37838, -0.28253, 117.70242, 118.66319, 0.00, 0.80, 0.00, 1.00, 0.73768, 0.82474, 0.73768, 0.82474, -0.20005, -0.39034, 0.89737, -19.37838, -0.28253, 117.70242
2420, 714, -19.25266, 8.8673, 115.94894, 116.91029, 0.00, 0.80, 0.00, 1.00, 0.80067, 0.74405, 0.80067, 0.74405, -0.54107, -0.16585, 0.82296, -19.25266, 8.8673, 115.94894
2421, 723, -15.95225, 2.48703, 121.67333, 122.63278, 0.00, 0.80, 0.00, 1.00, 0.81059, 0.82602, 0.81059, 0.82602, -0.74204, -0.29848, 0.59823, -15.95225, 2.48703, 121.67333
2422, 714, -19.25266, 8.8673, 115.94894, 116.91029, 0.00, 0.80, 0.00, 1.00, 0.80067, 0.74405, 0.80067, 0.74405, -0.54107, -0.16585, 0.82296, -19.25266, 8.8673, 115.94894
2423, 724, -16.98768, 12.1005, 117.93065, 118.89134, 0.00, 0.80, 0.00, 1.00, 0.83713, 0.73723, 0.83713, 0.73723, -0.62867, -0.23563, 0.73945, -16.98768, 12.1005, 117.93065
2424, 724, -16.98768, 12.1005, 117.93065, 118.89134, 0.00, 0.80, 0.00, 1.00, 0.83713, 0.73723, 0.83713, 0.73723, -0.62867, -0.23563, 0.73945, -16.98768, 12.1005, 117.93065
2425, 714, -19.25266, 8.8673, 115.94894, 116.91029, 0.00, 0.80, 0.00, 1.00, 0.80067, 0.74405, 0.80067, 0.74405, -0.54107, -0.16585, 0.82296, -19.25266, 8.8673, 115.94894
2426, 725, -16.45219, 15.19389, 115.41016, 116.37169, 0.00, 0.80, 0.00, 1.00, 0.83816, 0.70727, 0.83816, 0.70727, -0.38335, 0.06062, 0.92012, -16.45219, 15.19389, 115.41016
2427, 725, -16.45219, 15.19389, 115.41016, 116.37169, 0.00, 0.80, 0.00, 1.00, 0.83816, 0.70727, 0.83816, 0.70727, -0.38335, 0.06062, 0.92012, -16.45219, 15.19389, 115.41016
2428, 714, -19.25266, 8.8673, 115.94894, 116.91029, 0.00, 0.80, 0.00, 1.00, 0.80067, 0.74405, 0.80067, 0.74405, -0.54107, -0.16585, 0.82296, -19.25266, 8.8673, 115.94894
2429, 717, -20.11882, 12.22777, 114.75867, 115.72041, 0.00, 0.80, 0.00, 1.00, 0.80067, 0.71913, 0.80067, 0.71913, -0.36507, -0.01022, 0.92962, -20.11882, 12.22777, 114.75867
2430, 725, -16.45219, 15.19389, 115.41016, 116.37169, 0.00, 0.80, 0.00, 1.00, 0.83816, 0.70727, 0.83816, 0.70727, -0.38335, 0.06062, 0.92012, -16.45219, 15.19389, 115.41016
2431, 717, -20.11882, 12.22777, 114.75867, 115.72041, 0.00, 0.80, 0.00, 1.00, 0.80067, 0.71913, 0.80067, 0.71913, -0.36507, -0.01022, 0.92962, -20.11882, 12.22777, 114.75867
2432, 719, -21.05549, 21.73185, 115.0973, 116.05893, 0.00, 0.80, 0.00, 1.00, 0.7742, 0.6389, 0.7742, 0.6389, 0.25067, 0.455, 0.85333, -21.05549, 21.73185, 115.0973
2433, 725, -16.45219, 15.19389, 115.41016, 116.37169, 0.00, 0.80, 0.00, 1.00, 0.83816, 0.70727, 0.83816, 0.70727, -0.38335, 0.06062, 0.92012, -16.45219, 15.19389, 115.41016
2434, 719, -21.05549, 21.73185, 115.0973, 116.05893, 0.00, 0.80, 0.00, 1.00, 0.7742, 0.6389, 0.7742, 0.6389, 0.25067, 0.455, 0.85333, -21.05549, 21.73185, 115.0973
2435, 726, -19.05087, 22.01221, 114.58974, 115.55155, 0.00, 0.80, 0.00, 1.00, 0.83797, 0.64565, 0.83797, 0.64565, 0.26587, 0.33219, 0.90374, -19.05087, 22.01221, 114.58974
2436, 718, -28.41079, 20.82733, 117.13034, 118.0913, 0.00, 0.80, 0.00, 1.00, 0.63385, 0.63694, 0.63385, 0.63694, 0.57286, 0.23025, 0.78525, -28.41079, 20.82733, 117.13034
2437, 727, -24.96649, 23.52261, 116.33839, 117.29961, 0.00, 0.80, 0.00, 1.00, 0.69503, 0.62512, 0.69503, 0.62512, 0.27051, 0.61796, 0.73739, -24.96649, 23.52261, 116.33839
2438, 719, -21.05549, 21.73185, 115.0973, 116.05893, 0.00, 0.80, 0.00, 1.00, 0.7742, 0.6389, 0.7742, 0.6389, 0.25067, 0.455, 0.85333, -21.05549, 21.73185, 115.0973
2439, 719, -21.05549, 21.73185, 115.0973, 116.05893, 0.00, 0.80, 0.00, 1.00, 0.7742, 0.6389, 0.7742, 0.6389, 0.25067, 0.455, 0.85333, -21.05549, 21.73185, 115.0973
2440, 727, -24.96649, 23.52261, 116.33839, 117.29961, 0.00, 0.80, 0.00, 1.00, 0.69503, 0.62512, 0.69503, 0.62512, 0.27051, 0.61796, 0.73739, -24.96649, 23.52261, 116.33839
2441, 728, -18.50329, 24.75385, 115.93707, 116.89842, 0.00, 0.80, 0.00, 1.00, 0.83807, 0.63116, 0.83807, 0.63116, 0.36038, 0.75798, 0.54259, -18.50329, 24.75385, 115.93707
2442, 719, -21.05549, 21.73185, 115.0973, 116.05893, 0.00, 0.80, 0.00, 1.00, 0.7742, 0.6389, 0.7742, 0.6389, 0.25067, 0.455, 0.85333, -21.05549, 21.73185, 115.0973
2443, 728, -18.50329, 24.75385, 115.93707, 116.89842, 0.00, 0.80, 0.00, 1.00, 0.83807, 0.63116, 0.83807, 0.63116, 0.36038, 0.75798, 0.54259, -18.50329, 24.75385, 115.93707
2444, 726, -19.05087, 22.01221, 114.58974, 115.55155, 0.00, 0.80, 0.00, 1.00, 0.83797, 0.64565, 0.83797, 0.64565, 0.26587, 0.33219, 0.90374, -19.05087, 22.01221, 114.58974
2445, 728, -18.50329, 24.75385, 115.93707, 116.89842, 0.00, 0.80, 0.00, 1.00, 0.83807, 0.63116, 0.83807, 0.63116, 0.36038, 0.75798, 0.54259, -18.50329, 24.75385, 115.93707
2446, 727, -24.96649, 23.52261, 116.33839, 117.29961, 0.00, 0.80, 0.00, 1.00, 0.69503, 0.62512, 0.69503, 0.62512, 0.27051, 0.61796, 0.73739, -24.96649, 23.52261, 116.33839
2447, 729, -23.21027, 27.33044, 117.96687, 118.92755, 0.00, 0.80, 0.00, 1.00, 0.70451, 0.61042, 0.70451, 0.61042, 0.21869, 0.71146, 0.66716, -23.21027, 27.33044, 117.96687
2448, 722, -19.19194, -3.56362, 120.14455, 121.10451, 0.00, 0.80, 0.00, 1.00, 0.79666, 0.87338, 0.79666, 0.87338, -0.17685, 0.29947, 0.93757, -19.19194, -3.56362, 120.14455
2449, 721, -16.56159, 0.06973, 122.71523, 123.67433, 0.00, 0.80, 0.00, 1.00, 0.80909, 0.84596, 0.80909, 0.84596, -0.68723, -0.07865, 0.72046, -16.56159, 0.06973, 122.71523
2450, 730, -15.21939, 0.59732, 123.74938, 124.70813, 0.00, 0.80, 0.00, 1.00, 0.83039, 0.84807, 0.83039, 0.84807, -0.67283, -0.14608, 0.72352, -15.21939, 0.59732, 123.74938
2451, 722, -19.19194, -3.56362, 120.14455, 121.10451, 0.00, 0.80, 0.00, 1.00, 0.79666, 0.87338, 0.79666, 0.87338, -0.17685, 0.29947, 0.93757, -19.19194, -3.56362, 120.14455
2452, 730, -15.21939, 0.59732, 123.74938, 124.70813, 0.00, 0.80, 0.00, 1.00, 0.83039, 0.84807, 0.83039, 0.84807, -0.67283, -0.14608, 0.72352, -15.21939, 0.59732, 123.74938
2453, 731, -17.43621, -2.90409, 120.46592, 121.42577, 0.00, 0.80, 0.00, 1.00, 0.81639, 0.87164, 0.81639, 0.87164, -0.16858, 0.22211, 0.96034, -17.43621, -2.90409, 120.46592
2454, 730, -15.21939, 0.59732, 123.74938, 124.70813, 0.00, 0.80, 0.00, 1.00, 0.83039, 0.84807, 0.83039, 0.84807, -0.67283, -0.14608, 0.72352, -15.21939, 0.59732, 123.74938
2455, 721, -16.56159, 0.06973, 122.71523, 123.67433, 0.00, 0.80, 0.00, 1.00, 0.80909, 0.84596, 0.80909, 0.84596, -0.68723, -0.07865, 0.72046, -16.56159, 0.06973, 122.71523
2456, 723, -15.95225, 2.48703, 121.67333, 122.63278, 0.00, 0.80, 0.00, 1.00, 0.81059, 0.82602, 0.81059, 0.82602, -0.74204, -0.29848, 0.59823, -15.95225, 2.48703, 121.67333
2457, 730, -15.21939, 0.59732, 123.74938, 124.70813, 0.00, 0.80, 0.00, 1.00, 0.83039, 0.84807, 0.83039, 0.84807, -0.67283, -0.14608, 0.72352, -15.21939, 0.59732, 123.74938
2458, 723, -15.95225, 2.48703, 121.67333, 122.63278, 0.00, 0.80, 0.00, 1.00, 0.81059, 0.82602, 0.81059, 0.82602, -0.74204, -0.29848, 0.59823, -15.95225, 2.48703, 121.67333
2459, 732, -14.71907, 3.22491, 122.69911, 123.65821, 0.00, 0.80, 0.00, 1.00, 0.84244, 0.82475, 0.84244, 0.82475, -0.63914, -0.22238, 0.73456, -14.71907, 3.22491, 122.69911
2460, 732, -14.71907, 3.22491, 122.69911, 123.65821, 0.00, 0.80, 0.00, 1.00, 0.84244, 0.82475, 0.84244, 0.82475, -0.63914, -0.22238, 0.73456, -14.71907, 3.22491, 122.69911
2461, 724, -16.98768, 12.1005, 117.93065, 118.89134, 0.00, 0.80, 0.00, 1.00, 0.83713, 0.73723, 0.83713, 0.73723, -0.62867, -0.23563, 0.73945, -16.98768, 12.1005, 117.93065
2462, 733, -16.55345, 12.31868, 118.08, 119.04064, 0.00, 0.80, 0.00, 1.00, 0.83841, 0.73597, 0.83841, 0.73597, -0.44648, -0.33734, 0.82732, -16.55345, 12.31868, 118.08
2463, 732, -14.71907, 3.22491, 122.69911, 123.65821, 0.00, 0.80, 0.00, 1.00, 0.84244, 0.82475, 0.84244, 0.82475, -0.63914, -0.22238, 0.73456, -14.71907, 3.22491, 122.69911
2464, 723, -15.95225, 2.48703, 121.67333, 122.63278, 0.00, 0.80, 0.00, 1.00, 0.81059, 0.82602, 0.81059, 0.82602, -0.74204, -0.29848, 0.59823, -15.95225, 2.48703, 121.67333
2465, 724, -16.98768, 12.1005, 117.93065, 118.89134, 0.00, 0.80, 0.00, 1.00, 0.83713, 0.73723, 0.83713, 0.73723, -0.62867, -0.23563, 0.73945, -16.98768, 12.1005, 117.93065
2466, 733, -16.55345, 12.31868, 118.08, 119.04064, 0.00, 0.80, 0.00, 1.00, 0.83841, 0.73597, 0.83841, 0.73597, -0.44648, -0.33734, 0.82732, -16.55345, 12.31868, 118.08
2467, 724, -16.98768, 12.1005, 117.93065, 118.89134, 0.00, 0.80, 0.00, 1.00, 0.83713, 0.73723, 0.83713, 0.73723, -0.62867, -0.23563, 0.73945, -16.98768, 12.1005, 117.93065
2468, 725, -16.45219, 15.19389, 115.41016, 116.37169, 0.00, 0.80, 0.00, 1.00, 0.83816, 0.70727, 0.83816, 0.70727, -0.38335, 0.06062, 0.92012, -16.45219, 15.19389, 115.41016
2469, 734, -27.09542, -5.99032, 123.09361, 124.05257, 0.00, 0.80, 0.00, 1.00, 0.63385, 0.88546, 0.63385, 0.88546, 0.83596, -0.15224, 0.52724, -27.09542, -5.99032, 123.09361
2470, 708, -27.18514, -4.70889, 122.95811, 123.91712, 0.00, 0.80, 0.00, 1.00, 0.63385, 0.87519, 0.63385, 0.87519, 0.84368, -0.09814, 0.5278, -27.18514, -4.70889, 122.95811
2471, 710, -23.42549, -4.40831, 119.23583, 120.19608, 0.00, 0.80, 0.00, 1.00, 0.74539, 0.87156, 0.74539, 0.87156, 0.23406, 0.11562, 0.96532, -23.42549, -4.40831, 119.23583
2472, 734, -27.09542, -5.99032, 123.09361, 124.05257, 0.00, 0.80, 0.00, 1.00, 0.63385, 0.88546, 0.63385, 0.88546, 0.83596, -0.15224, 0.52724, -27.09542, -5.99032, 123.09361
2473, 710, -23.42549, -4.40831, 119.23583, 120.19608, 0.00, 0.80, 0.00, 1.00, 0.74539, 0.87156, 0.74539, 0.87156, 0.23406, 0.11562, 0.96532, -23.42549, -4.40831, 119.23583
2474, 735, -23.18297, -6.13739, 119.33974, 120.29996, 0.00, 0.80, 0.00, 1.00, 0.73225, 0.88546, 0.73225, 0.88546, 0.35716, -0.02864, 0.9336, -23.18297, -6.13739, 119.33974
2475, 735, -23.18297, -6.13739, 119.33974, 120.29996, 0.00, 0.80, 0.00, 1.00, 0.73225, 0.88546, 0.73225, 0.88546, 0.35716, -0.02864, 0.9336, -23.18297, -6.13739, 119.33974
2476, 710, -23.42549, -4.40831, 119.23583, 120.19608, 0.00, 0.80, 0.00, 1.00, 0.74539, 0.87156, 0.74539, 0.87156, 0.23406, 0.11562, 0.96532, -23.42549, -4.40831, 119.23583
2477, 736, -18.63668, -5.11502, 119.76447, 120.72456, 0.00, 0.80, 0.00, 1.00, 0.80282, 0.88546, 0.80282, 0.88546, -0.1674, 0.36046, 0.91763, -18.63668, -5.11502, 119.76447
2478, 736, -18.63668, -5.11502, 119.76447, 120.72456, 0.00, 0.80, 0.00, 1.00, 0.80282, 0.88546, 0.80282, 0.88546, -0.1674, 0.36046, 0.91763, -18.63668, -5.11502, 119.76447
2479, 710, -23.42549, -4.40831, 119.23583, 120.19608, 0.00, 0.80, 0.00, 1.00, 0.74539, 0.87156, 0.74539, 0.87156, 0.23406, 0.11562, 0.96532, -23.42549, -4.40831, 119.23583
2480, 722, -19.19194, -3.56362, 120.14455, 121.10451, 0.00, 0.80, 0.00, 1.00, 0.79666, 0.87338, 0.79666, 0.87338, -0.17685, 0.29947, 0.93757, -19.19194, -3.56362, 120.14455
2481, 736, -18.63668, -5.11502, 119.76447, 120.72456, 0.00, 0.80, 0.00, 1.00, 0.80282, 0.88546, 0.80282, 0.88546, -0.1674, 0.36046, 0.91763, -18.63668, -5.11502, 119.76447
2482, 722, -19.19194, -3.56362, 120.14455, 121.10451, 0.00, 0.80, 0.00, 1.00, 0.79666, 0.87338, 0.79666, 0.87338, -0.17685, 0.29947, 0.93757, -19.19194, -3.56362, 120.14455
2483, 737, -16.76247, -4.59936, 120.31743, 121.27732, 0.00, 0.80, 0.00, 1.00, 0.8201, 0.88546, 0.8201, 0.88546, -0.19214, 0.53693, 0.82145, -16.76247, -4.59936, 120.31743
2484, 738, -16.76247, -4.59936, 120.31743, 121.27732, 0.00, 0.80, 0.00, 1.00, 0.81144, 0.88546, 0.81144, 0.88546, -0.18821, 0.35483, 0.91579, -16.76247, -4.59936, 120.31743
2485, 722, -19.19194, -3.56362, 120.14455, 121.10451, 0.00, 0.80, 0.00, 1.00, 0.79666, 0.87338, 0.79666, 0.87338, -0.17685, 0.29947, 0.93757, -19.19194, -3.56362, 120.14455
2486, 731, -17.43621, -2.90409, 120.46592, 121.42577, 0.00, 0.80, 0.00, 1.00, 0.81639, 0.87164, 0.81639, 0.87164, -0.16858, 0.22211, 0.96034, -17.43621, -2.90409, 120.46592
2487, 739, -27.40559, -11.07088, 126.39307, 127.35094, 0.00, 0.80, 0.00, 1.00, 0.63385, 0.93945, 0.63385, 0.93945, 0.98793, -0.12349, 0.09353, -27.40559, -11.07088, 126.39307
2488, 734, -27.09542, -5.99032, 123.09361, 124.05257, 0.00, 0.80, 0.00, 1.00, 0.63385, 0.88546, 0.63385, 0.88546, 0.83596, -0.15224, 0.52724, -27.09542, -5.99032, 123.09361
2489, 735, -23.18297, -6.13739, 119.33974, 120.29996, 0.00, 0.80, 0.00, 1.00, 0.73225, 0.88546, 0.73225, 0.88546, 0.35716, -0.02864, 0.9336, -23.18297, -6.13739, 119.33974
2490, 739, -27.40559, -11.07088, 126.39307, 127.35094, 0.00, 0.80, 0.00, 1.00, 0.63385, 0.93945, 0.63385, 0.93945, 0.98793, -0.12349, 0.09353, -27.40559, -11.07088, 126.39307
2491, 735, -23.18297, -6.13739, 119.33974, 120.29996, 0.00, 0.80, 0.00, 1.00, 0.73225, 0.88546, 0.73225, 0.88546, 0.35716, -0.02864, 0.9336, -23.18297, -6.13739, 119.33974
2492, 740, -25.61614, -12.42514, 121.32625, 122.2858, 0.00, 0.80, 0.00, 1.00, 0.73455, 0.94095, 0.73455, 0.94095, 0.90105, -0.01881, 0.43331, -25.61614, -12.42514, 121.32625
2493, 740, -25.61614, -12.42514, 121.32625, 122.2858, 0.00, 0.80, 0.00, 1.00, 0.73455, 0.94095, 0.73455, 0.94095, 0.90105, -0.01881, 0.43331, -25.61614, -12.42514, 121.32625
2494, 735, -23.18297, -6.13739, 119.33974, 120.29996, 0.00, 0.80, 0.00, 1.00, 0.73225, 0.88546, 0.73225, 0.88546, 0.35716, -0.02864, 0.9336, -23.18297, -6.13739, 119.33974
2495, 741, -24.15145, -13.02419, 119.22262, 120.18288, 0.00, 0.80, 0.00, 1.00, 0.7777, 0.94186, 0.7777, 0.94186, 0.51057, 0.09134, 0.85497, -24.15145, -13.02419, 119.22262
2496, 742, -18.45254, -6.89223, 119.60083, 120.56096, 0.00, 0.80, 0.00, 1.00, 0.80041, 0.89912, 0.80041, 0.89912, -0.17322, 0.24903, 0.95288, -18.45254, -6.89223, 119.60083
2497, 735, -23.18297, -6.13739, 119.33974, 120.29996, 0.00, 0.80, 0.00, 1.00, 0.73225, 0.88546, 0.73225, 0.88546, 0.35716, -0.02864, 0.9336, -23.18297, -6.13739, 119.33974
2498, 736, -18.63668, -5.11502, 119.76447, 120.72456, 0.00, 0.80, 0.00, 1.00, 0.80282, 0.88546, 0.80282, 0.88546, -0.1674, 0.36046, 0.91763, -18.63668, -5.11502, 119.76447
2499, 742, -18.45254, -6.89223, 119.60083, 120.56096, 0.00, 0.80, 0.00, 1.00, 0.80041, 0.89912, 0.80041, 0.89912, -0.17322, 0.24903, 0.95288, -18.45254, -6.89223, 119.60083
2500, 743, -20.32803, -13.07315, 118.53342, 119.49391, 0.00, 0.80, 0.00, 1.00, 0.82847, 0.941, 0.82847, 0.941, 0.19693, 0.12069, 0.97296, -20.32803, -13.07315, 118.53342
2501, 741, -24.15145, -13.02419, 119.22262, 120.18288, 0.00, 0.80, 0.00, 1.00, 0.7777, 0.94186, 0.7777, 0.94186, 0.51057, 0.09134, 0.85497, -24.15145, -13.02419, 119.22262
2502, 742, -18.45254, -6.89223, 119.60083, 120.56096, 0.00, 0.80, 0.00, 1.00, 0.80041, 0.89912, 0.80041, 0.89912, -0.17322, 0.24903, 0.95288, -18.45254, -6.89223, 119.60083
2503, 736, -18.63668, -5.11502, 119.76447, 120.72456, 0.00, 0.80, 0.00, 1.00, 0.80282, 0.88546, 0.80282, 0.88546, -0.1674, 0.36046, 0.91763, -18.63668, -5.11502, 119.76447
2504, 744, -16.15346, -6.19952, 120.21022, 121.17015, 0.00, 0.80, 0.00, 1.00, 0.82069, 0.89852, 0.82069, 0.89852, -0.24288, 0.29303, 0.92474, -16.15346, -6.19952, 120.21022
2505, 744, -16.15346, -6.19952, 120.21022, 121.17015, 0.00, 0.80, 0.00, 1.00, 0.82069, 0.89852, 0.82069, 0.89852, -0.24288, 0.29303, 0.92474, -16.15346, -6.19952, 120.21022
2506, 736, -18.63668, -5.11502, 119.76447, 120.72456, 0.00, 0.80, 0.00, 1.00, 0.80282, 0.88546, 0.80282, 0.88546, -0.1674, 0.36046, 0.91763, -18.63668, -5.11502, 119.76447
2507, 738, -16.76247, -4.59936, 120.31743, 121.27732, 0.00, 0.80, 0.00, 1.00, 0.81144, 0.88546, 0.81144, 0.88546, -0.18821, 0.35483, 0.91579, -16.76247, -4.59936, 120.31743
2508, 742, -18.45254, -6.89223, 119.60083, 120.56096, 0.00, 0.80, 0.00, 1.00, 0.80041, 0.89912, 0.80041, 0.89912, -0.17322, 0.24903, 0.95288, -18.45254, -6.89223, 119.60083
2509, 741, -24.15145, -13.02419, 119.22262, 120.18288, 0.00, 0.80, 0.00, 1.00, 0.7777, 0.94186, 0.7777, 0.94186, 0.51057, 0.09134, 0.85497, -24.15145, -13.02419, 119.22262
2510, 735, -23.18297, -6.13739, 119.33974, 120.29996, 0.00, 0.80, 0.00, 1.00, 0.73225, 0.88546, 0.73225, 0.88546, 0.35716, -0.02864, 0.9336, -23.18297, -6.13739, 119.33974
2511, 742, -18.45254, -6.89223, 119.60083, 120.56096, 0.00, 0.80, 0.00, 1.00, 0.80041, 0.89912, 0.80041, 0.89912, -0.17322, 0.24903, 0.95288, -18.45254, -6.89223, 119.60083
2512, 744, -16.15346, -6.19952, 120.21022, 121.17015, 0.00, 0.80, 0.00, 1.00, 0.82069, 0.89852, 0.82069, 0.89852, -0.24288, 0.29303, 0.92474, -16.15346, -6.19952, 120.21022
2513, 743, -20.32803, -13.07315, 118.53342, 119.49391, 0.00, 0.80, 0.00, 1.00, 0.82847, 0.941, 0.82847, 0.941, 0.19693, 0.12069, 0.97296, -20.32803, -13.07315, 118.53342
2514, 716, -22.40587, 10.83035, 114.52209, 115.48392, 0.00, 0.80, 0.00, 1.00, 0.747, 0.72113, 0.747, 0.72113, 0.07306, -0.07095, 0.99356, -22.40587, 10.83035, 114.52209
2515, 713, -21.59851, 7.55247, 115.65749, 116.61894, 0.00, 0.80, 0.00, 1.00, 0.747, 0.74537, 0.747, 0.74537, 0.09562, -0.30262, 0.94702, -21.59851, 7.55247, 115.65749
2516, 720, -28.22245, 9.92839, 117.17684, 118.13779, 0.00, 0.80, 0.00, 1.00, 0.63385, 0.72087, 0.63385, 0.72087, 0.52415, -0.25895, 0.8098, -28.22245, 9.92839, 117.17684
2517, 716, -22.40587, 10.83035, 114.52209, 115.48392, 0.00, 0.80, 0.00, 1.00, 0.747, 0.72113, 0.747, 0.72113, 0.07306, -0.07095, 0.99356, -22.40587, 10.83035, 114.52209
2518, 719, -21.05549, 21.73185, 115.0973, 116.05893, 0.00, 0.80, 0.00, 1.00, 0.7742, 0.6389, 0.7742, 0.6389, 0.25067, 0.455, 0.85333, -21.05549, 21.73185, 115.0973
2519, 717, -20.11882, 12.22777, 114.75867, 115.72041, 0.00, 0.80, 0.00, 1.00, 0.80067, 0.71913, 0.80067, 0.71913, -0.36507, -0.01022, 0.92962, -20.11882, 12.22777, 114.75867
2520, 713, -21.59851, 7.55247, 115.65749, 116.61894, 0.00, 0.80, 0.00, 1.00, 0.747, 0.74537, 0.747, 0.74537, 0.09562, -0.30262, 0.94702, -21.59851, 7.55247, 115.65749
2521, 712, -19.37838, -0.28253, 117.70242, 118.66319, 0.00, 0.80, 0.00, 1.00, 0.73768, 0.82474, 0.73768, 0.82474, -0.20005, -0.39034, 0.89737, -19.37838, -0.28253, 117.70242
2522, 715, -27.44254, 6.72327, 118.29265, 119.25322, 0.00, 0.80, 0.00, 1.00, 0.63385, 0.74442, 0.63385, 0.74442, 0.5051, -0.35216, 0.78647, -27.44254, 6.72327, 118.29265
2523, 715, -27.44254, 6.72327, 118.29265, 119.25322, 0.00, 0.80, 0.00, 1.00, 0.63385, 0.74442, 0.63385, 0.74442, 0.5051, -0.35216, 0.78647, -27.44254, 6.72327, 118.29265
2524, 720, -28.22245, 9.92839, 117.17684, 118.13779, 0.00, 0.80, 0.00, 1.00, 0.63385, 0.72087, 0.63385, 0.72087, 0.52415, -0.25895, 0.8098, -28.22245, 9.92839, 117.17684
2525, 713, -21.59851, 7.55247, 115.65749, 116.61894, 0.00, 0.80, 0.00, 1.00, 0.747, 0.74537, 0.747, 0.74537, 0.09562, -0.30262, 0.94702, -21.59851, 7.55247, 115.65749
2526, 745, -26.25858, -17.88464, 127.3251, 128.28267, 0.00, 0.80, 0.00, 1.00, 0.63385, 0.9943, 0.63385, 0.9943, 0.97196, -0.21636, 0.09202, -26.25858, -17.88464, 127.3251
2527, 739, -27.40559, -11.07088, 126.39307, 127.35094, 0.00, 0.80, 0.00, 1.00, 0.63385, 0.93945, 0.63385, 0.93945, 0.98793, -0.12349, 0.09353, -27.40559, -11.07088, 126.39307
2528, 746, -24.18442, -18.166, 123.17958, 124.13852, 0.00, 0.80, 0.00, 1.00, 0.71133, 0.99147, 0.71133, 0.99147, 0.97334, 0.05935, 0.22153, -24.18442, -18.166, 123.17958
2529, 740, -25.61614, -12.42514, 121.32625, 122.2858, 0.00, 0.80, 0.00, 1.00, 0.73455, 0.94095, 0.73455, 0.94095, 0.90105, -0.01881, 0.43331, -25.61614, -12.42514, 121.32625
2530, 747, -22.65904, -16.13991, 120.021, 120.981, 0.00, 0.80, 0.00, 1.00, 0.77665, 0.98035, 0.77665, 0.98035, 0.61416, 0.34055, 0.71192, -22.65904, -16.13991, 120.021
2531, 746, -24.18442, -18.166, 123.17958, 124.13852, 0.00, 0.80, 0.00, 1.00, 0.71133, 0.99147, 0.71133, 0.99147, 0.97334, 0.05935, 0.22153, -24.18442, -18.166, 123.17958
2532, 743, -20.32803, -13.07315, 118.53342, 119.49391, 0.00, 0.80, 0.00, 1.00, 0.82847, 0.941, 0.82847, 0.941, 0.19693, 0.12069, 0.97296, -20.32803, -13.07315, 118.53342
2533, 747, -22.65904, -16.13991, 120.021, 120.981, 0.00, 0.80, 0.00, 1.00, 0.77665, 0.98035, 0.77665, 0.98035, 0.61416, 0.34055, 0.71192, -22.65904, -16.13991, 120.021
2534, 741, -24.15145, -13.02419, 119.22262, 120.18288, 0.00, 0.80, 0.00, 1.00, 0.7777, 0.94186, 0.7777, 0.94186, 0.51057, 0.09134, 0.85497, -24.15145, -13.02419, 119.22262
2535, 747, -22.65904, -16.13991, 120.021, 120.981, 0.00, 0.80, 0.00, 1.00, 0.77665, 0.98035, 0.77665, 0.98035, 0.61416, 0.34055, 0.71192, -22.65904, -16.13991, 120.021
2536, 740, -25.61614, -12.42514, 121.32625, 122.2858, 0.00, 0.80, 0.00, 1.00, 0.73455, 0.94095, 0.73455, 0.94095, 0.90105, -0.01881, 0.43331, -25.61614, -12.42514, 121.32625
2537, 741, -24.15145, -13.02419, 119.22262, 120.18288, 0.00, 0.80, 0.00, 1.00, 0.7777, 0.94186, 0.7777, 0.94186, 0.51057, 0.09134, 0.85497, -24.15145, -13.02419, 119.22262
2538, 747, -22.65904, -16.13991, 120.021, 120.981, 0.00, 0.80, 0.00, 1.00, 0.77665, 0.98035, 0.77665, 0.98035, 0.61416, 0.34055, 0.71192, -22.65904, -16.13991, 120.021
2539, 743, -20.32803, -13.07315, 118.53342, 119.49391, 0.00, 0.80, 0.00, 1.00, 0.82847, 0.941, 0.82847, 0.941, 0.19693, 0.12069, 0.97296, -20.32803, -13.07315, 118.53342
2540, 748, -18.29166, -15.68694, 118.86272, 119.82309, 0.00, 0.80, 0.00, 1.00, 0.83589, 0.97695, 0.83589, 0.97695, 0.27366, 0.41598, 0.86722, -18.29166, -15.68694, 118.86272
2541, 739, -27.40559, -11.07088, 126.39307, 127.35094, 0.00, 0.80, 0.00, 1.00, 0.63385, 0.93945, 0.63385, 0.93945, 0.98793, -0.12349, 0.09353, -27.40559, -11.07088, 126.39307
2542, 740, -25.61614, -12.42514, 121.32625, 122.2858, 0.00, 0.80, 0.00, 1.00, 0.73455, 0.94095, 0.73455, 0.94095, 0.90105, -0.01881, 0.43331, -25.61614, -12.42514, 121.32625
2543, 746, -24.18442, -18.166, 123.17958, 124.13852, 0.00, 0.80, 0.00, 1.00, 0.71133, 0.99147, 0.71133, 0.99147, 0.97334, 0.05935, 0.22153, -24.18442, -18.166, 123.17958
2544, 708, -27.18514, -4.70889, 122.95811, 123.91712, 0.00, 0.80, 0.00, 1.00, 0.63385, 0.87519, 0.63385, 0.87519, 0.84368, -0.09814, 0.5278, -27.18514, -4.70889, 122.95811
2545, 749, -28.35071, -3.24879, 124.20474, 125.16335, 0.00, 0.80, 0.00, 1.00, 0.54579, 0.84695, 0.54579, 0.84695, 0.81948, -0.48925, 0.29521, -28.35071, -3.24879, 124.20474
2546, 709, -24.68516, -3.09123, 121.04575, 122.00541, 0.00, 0.80, 0.00, 1.00, 0.63385, 0.84348, 0.63385, 0.84348, 0.33701, -0.53644, 0.77241, -24.68516, -3.09123, 121.04575
2547, 749, -28.35071, -3.24879, 124.20474, 125.16335, 0.00, 0.80, 0.00, 1.00, 0.54579, 0.84695, 0.54579, 0.84695, 0.81948, -0.48925, 0.29521, -28.35071, -3.24879, 124.20474
2548, 708, -27.18514, -4.70889, 122.95811, 123.91712, 0.00, 0.80, 0.00, 1.00, 0.63385, 0.87519, 0.63385, 0.87519, 0.84368, -0.09814, 0.5278, -27.18514, -4.70889, 122.95811
2549, 750, -28.88418, -3.3718, 127.80799, 128.7654, 0.00, 0.80, 0.00, 1.00, 0.53788, 0.87156, 0.53788, 0.87156, 0.9724, 0.02263, -0.2322, -28.88418, -3.3718, 127.80799
2550, 711, -25.59447, -1.45909, 119.51244, 120.47261, 0.00, 0.80, 0.00, 1.00, 0.63385, 0.82468, 0.63385, 0.82468, 0.35613, -0.48675, 0.79631, -25.59447, -1.45909, 119.51244
2551, 709, -24.68516, -3.09123, 121.04575, 122.00541, 0.00, 0.80, 0.00, 1.00, 0.63385, 0.84348, 0.63385, 0.84348, 0.33701, -0.53644, 0.77241, -24.68516, -3.09123, 121.04575
2552, 751, -30.59577, -0.92863, 123.59309, 124.5519, 0.00, 0.80, 0.00, 1.00, 0.51617, 0.82316, 0.51617, 0.82316, 0.76043, -0.51684, 0.39077, -30.59577, -0.92863, 123.59309
2553, 751, -30.59577, -0.92863, 123.59309, 124.5519, 0.00, 0.80, 0.00, 1.00, 0.51617, 0.82316, 0.51617, 0.82316, 0.76043, -0.51684, 0.39077, -30.59577, -0.92863, 123.59309
2554, 709, -24.68516, -3.09123, 121.04575, 122.00541, 0.00, 0.80, 0.00, 1.00, 0.63385, 0.84348, 0.63385, 0.84348, 0.33701, -0.53644, 0.77241, -24.68516, -3.09123, 121.04575
2555, 749, -28.35071, -3.24879, 124.20474, 125.16335, 0.00, 0.80, 0.00, 1.00, 0.54579, 0.84695, 0.54579, 0.84695, 0.81948, -0.48925, 0.29521, -28.35071, -3.24879, 124.20474
2556, 752, -31.92521, 7.3399, 122.79873, 123.7578, 0.00, 0.80, 0.00, 1.00, 0.52069, 0.74537, 0.52069, 0.74537, 0.79607, -0.39546, 0.45575, -31.92521, 7.3399, 122.79873
2557, 751, -30.59577, -0.92863, 123.59309, 124.5519, 0.00, 0.80, 0.00, 1.00, 0.51617, 0.82316, 0.51617, 0.82316, 0.76043, -0.51684, 0.39077, -30.59577, -0.92863, 123.59309
2558, 753, -32.42281, 8.5962, 125.05651, 126.01483, 0.00, 0.80, 0.00, 1.00, 0.48954, 0.74405, 0.48954, 0.74405, 0.91165, -0.3584, -0.19595, -32.42281, 8.5962, 125.05651
2559, 711, -25.59447, -1.45909, 119.51244, 120.47261, 0.00, 0.80, 0.00, 1.00, 0.63385, 0.82468, 0.63385, 0.82468, 0.35613, -0.48675, 0.79631, -25.59447, -1.45909, 119.51244
2560, 751, -30.59577, -0.92863, 123.59309, 124.5519, 0.00, 0.80, 0.00, 1.00, 0.51617, 0.82316, 0.51617, 0.82316, 0.76043, -0.51684, 0.39077, -30.59577, -0.92863, 123.59309
2561, 715, -27.44254, 6.72327, 118.29265, 119.25322, 0.00, 0.80, 0.00, 1.00, 0.63385, 0.74442, 0.63385, 0.74442, 0.5051, -0.35216, 0.78647, -27.44254, 6.72327, 118.29265
2562, 754, -32.78368, 10.55948, 121.59238, 122.55186, 0.00, 0.80, 0.00, 1.00, 0.52069, 0.72113, 0.52069, 0.72113, 0.88021, -0.17983, 0.43641, -32.78368, 10.55948, 121.59238
2563, 752, -31.92521, 7.3399, 122.79873, 123.7578, 0.00, 0.80, 0.00, 1.00, 0.52069, 0.74537, 0.52069, 0.74537, 0.79607, -0.39546, 0.45575, -31.92521, 7.3399, 122.79873
2564, 753, -32.42281, 8.5962, 125.05651, 126.01483, 0.00, 0.80, 0.00, 1.00, 0.48954, 0.74405, 0.48954, 0.74405, 0.91165, -0.3584, -0.19595, -32.42281, 8.5962, 125.05651
2565, 754, -32.78368, 10.55948, 121.59238, 122.55186, 0.00, 0.80, 0.00, 1.00, 0.52069, 0.72113, 0.52069, 0.72113, 0.88021, -0.17983, 0.43641, -32.78368, 10.55948, 121.59238
2566, 753, -32.42281, 8.5962, 125.05651, 126.01483, 0.00, 0.80, 0.00, 1.00, 0.48954, 0.74405, 0.48954, 0.74405, 0.91165, -0.3584, -0.19595, -32.42281, 8.5962, 125.05651
2567, 755, -33.35415, 11.88231, 123.77576, 124.7345, 0.00, 0.80, 0.00, 1.00, 0.48261, 0.71756, 0.48261, 0.71756, 0.98026, -0.19169, 0.00099, -33.35415, 11.88231, 123.77576
2568, 718, -28.41079, 20.82733, 117.13034, 118.0913, 0.00, 0.80, 0.00, 1.00, 0.63385, 0.63694, 0.63385, 0.63694, 0.57286, 0.23025, 0.78525, -28.41079, 20.82733, 117.13034
2569, 754, -32.78368, 10.55948, 121.59238, 122.55186, 0.00, 0.80, 0.00, 1.00, 0.52069, 0.72113, 0.52069, 0.72113, 0.88021, -0.17983, 0.43641, -32.78368, 10.55948, 121.59238
2570, 756, -32.48377, 21.87926, 123.06042, 124.01939, 0.00, 0.80, 0.00, 1.00, 0.49349, 0.6389, 0.49349, 0.6389, 0.69743, 0.49605, 0.5147, -32.48377, 21.87926, 123.06042
2571, 718, -28.41079, 20.82733, 117.13034, 118.0913, 0.00, 0.80, 0.00, 1.00, 0.63385, 0.63694, 0.63385, 0.63694, 0.57286, 0.23025, 0.78525, -28.41079, 20.82733, 117.13034
2572, 720, -28.22245, 9.92839, 117.17684, 118.13779, 0.00, 0.80, 0.00, 1.00, 0.63385, 0.72087, 0.63385, 0.72087, 0.52415, -0.25895, 0.8098, -28.22245, 9.92839, 117.17684
2573, 754, -32.78368, 10.55948, 121.59238, 122.55186, 0.00, 0.80, 0.00, 1.00, 0.52069, 0.72113, 0.52069, 0.72113, 0.88021, -0.17983, 0.43641, -32.78368, 10.55948, 121.59238
2574, 749, -28.35071, -3.24879, 124.20474, 125.16335, 0.00, 0.80, 0.00, 1.00, 0.54579, 0.84695, 0.54579, 0.84695, 0.81948, -0.48925, 0.29521, -28.35071, -3.24879, 124.20474
2575, 750, -28.88418, -3.3718, 127.80799, 128.7654, 0.00, 0.80, 0.00, 1.00, 0.53788, 0.87156, 0.53788, 0.87156, 0.9724, 0.02263, -0.2322, -28.88418, -3.3718, 127.80799
2576, 757, -27.81873, -0.57865, 128.62679, 129.58391, 0.00, 0.80, 0.00, 1.00, 0.48631, 0.84596, 0.48631, 0.84596, 0.94446, -0.29354, -0.14015, -27.81873, -0.57865, 128.62679
2577, 757, -27.81873, -0.57865, 128.62679, 129.58391, 0.00, 0.80, 0.00, 1.00, 0.48631, 0.84596, 0.48631, 0.84596, 0.94446, -0.29354, -0.14015, -27.81873, -0.57865, 128.62679
2578, 750, -28.88418, -3.3718, 127.80799, 128.7654, 0.00, 0.80, 0.00, 1.00, 0.53788, 0.87156, 0.53788, 0.87156, 0.9724, 0.02263, -0.2322, -28.88418, -3.3718, 127.80799
2579, 758, -26.08967, -2.25387, 130.97656, 131.93289, 0.00, 0.80, 0.00, 1.00, 0.48315, 0.87495, 0.48315, 0.87495, 0.77488, 0.17961, -0.60605, -26.08967, -2.25387, 130.97656
2580, 749, -28.35071, -3.24879, 124.20474, 125.16335, 0.00, 0.80, 0.00, 1.00, 0.54579, 0.84695, 0.54579, 0.84695, 0.81948, -0.48925, 0.29521, -28.35071, -3.24879, 124.20474
2581, 757, -27.81873, -0.57865, 128.62679, 129.58391, 0.00, 0.80, 0.00, 1.00, 0.48631, 0.84596, 0.48631, 0.84596, 0.94446, -0.29354, -0.14015, -27.81873, -0.57865, 128.62679
2582, 759, -29.16866, 1.7258, 128.61377, 129.57091, 0.00, 0.80, 0.00, 1.00, 0.46403, 0.8276, 0.46403, 0.8276, 0.83027, -0.50555, -0.23106, -29.16866, 1.7258, 128.61377
2583, 751, -30.59577, -0.92863, 123.59309, 124.5519, 0.00, 0.80, 0.00, 1.00, 0.51617, 0.82316, 0.51617, 0.82316, 0.76043, -0.51684, 0.39077, -30.59577, -0.92863, 123.59309
2584, 749, -28.35071, -3.24879, 124.20474, 125.16335, 0.00, 0.80, 0.00, 1.00, 0.54579, 0.84695, 0.54579, 0.84695, 0.81948, -0.48925, 0.29521, -28.35071, -3.24879, 124.20474
2585, 759, -29.16866, 1.7258, 128.61377, 129.57091, 0.00, 0.80, 0.00, 1.00, 0.46403, 0.8276, 0.46403, 0.8276, 0.83027, -0.50555, -0.23106, -29.16866, 1.7258, 128.61377
2586, 751, -30.59577, -0.92863, 123.59309, 124.5519, 0.00, 0.80, 0.00, 1.00, 0.51617, 0.82316, 0.51617, 0.82316, 0.76043, -0.51684, 0.39077, -30.59577, -0.92863, 123.59309
2587, 759, -29.16866, 1.7258, 128.61377, 129.57091, 0.00, 0.80, 0.00, 1.00, 0.46403, 0.8276, 0.46403, 0.8276, 0.83027, -0.50555, -0.23106, -29.16866, 1.7258, 128.61377
2588, 753, -32.42281, 8.5962, 125.05651, 126.01483, 0.00, 0.80, 0.00, 1.00, 0.48954, 0.74405, 0.48954, 0.74405, 0.91165, -0.3584, -0.19595, -32.42281, 8.5962, 125.05651
2589, 753, -32.42281, 8.5962, 125.05651, 126.01483, 0.00, 0.80, 0.00, 1.00, 0.48954, 0.74405, 0.48954, 0.74405, 0.91165, -0.3584, -0.19595, -32.42281, 8.5962, 125.05651
2590, 759, -29.16866, 1.7258, 128.61377, 129.57091, 0.00, 0.80, 0.00, 1.00, 0.46403, 0.8276, 0.46403, 0.8276, 0.83027, -0.50555, -0.23106, -29.16866, 1.7258, 128.61377
2591, 760, -31.27339, 11.80643, 127.80966, 128.76706, 0.00, 0.80, 0.00, 1.00, 0.41844, 0.74352, 0.41844, 0.74352, 0.85034, -0.43167, -0.29789, -31.27339, 11.80643, 127.80966
2592, 753, -32.42281, 8.5962, 125.05651, 126.01483, 0.00, 0.80, 0.00, 1.00, 0.48954, 0.74405, 0.48954, 0.74405, 0.91165, -0.3584, -0.19595, -32.42281, 8.5962, 125.05651
2593, 760, -31.27339, 11.80643, 127.80966, 128.76706, 0.00, 0.80, 0.00, 1.00, 0.41844, 0.74352, 0.41844, 0.74352, 0.85034, -0.43167, -0.29789, -31.27339, 11.80643, 127.80966
2594, 761, -34.55548, 15.30856, 127.02917, 127.98683, 0.00, 0.80, 0.00, 1.00, 0.40702, 0.71198, 0.40702, 0.71198, 0.99777, 0.0095, 0.02969, -34.55548, 15.30856, 127.02917
2595, 753, -32.42281, 8.5962, 125.05651, 126.01483, 0.00, 0.80, 0.00, 1.00, 0.48954, 0.74405, 0.48954, 0.74405, 0.91165, -0.3584, -0.19595, -32.42281, 8.5962, 125.05651
2596, 761, -34.55548, 15.30856, 127.02917, 127.98683, 0.00, 0.80, 0.00, 1.00, 0.40702, 0.71198, 0.40702, 0.71198, 0.99777, 0.0095, 0.02969, -34.55548, 15.30856, 127.02917
2597, 755, -33.35415, 11.88231, 123.77576, 124.7345, 0.00, 0.80, 0.00, 1.00, 0.48261, 0.71756, 0.48261, 0.71756, 0.98026, -0.19169, 0.00099, -33.35415, 11.88231, 123.77576
2598, 755, -33.35415, 11.88231, 123.77576, 124.7345, 0.00, 0.80, 0.00, 1.00, 0.48261, 0.71756, 0.48261, 0.71756, 0.98026, -0.19169, 0.00099, -33.35415, 11.88231, 123.77576
2599, 761, -34.55548, 15.30856, 127.02917, 127.98683, 0.00, 0.80, 0.00, 1.00, 0.40702, 0.71198, 0.40702, 0.71198, 0.99777, 0.0095, 0.02969, -34.55548, 15.30856, 127.02917
2600, 756, -32.48377, 21.87926, 123.06042, 124.01939, 0.00, 0.80, 0.00, 1.00, 0.49349, 0.6389, 0.49349, 0.6389, 0.69743, 0.49605, 0.5147, -32.48377, 21.87926, 123.06042
2601, 756, -32.48377, 21.87926, 123.06042, 124.01939, 0.00, 0.80, 0.00, 1.00, 0.49349, 0.6389, 0.49349, 0.6389, 0.69743, 0.49605, 0.5147, -32.48377, 21.87926, 123.06042
2602, 761, -34.55548, 15.30856, 127.02917, 127.98683, 0.00, 0.80, 0.00, 1.00, 0.40702, 0.71198, 0.40702, 0.71198, 0.99777, 0.0095, 0.02969, -34.55548, 15.30856, 127.02917
2603, 762, -33.76431, 22.22056, 124.63203, 125.59048, 0.00, 0.80, 0.00, 1.00, 0.40722, 0.65037, 0.40722, 0.65037, 0.73024, 0.37755, 0.56693, -33.76431, 22.22056, 124.63203
2604, 763, -30.39563, 23.38091, 120.0372, 120.99719, 0.00, 0.80, 0.00, 1.00, 0.57267, 0.62512, 0.57267, 0.62512, 0.70056, 0.55995, 0.44055, -30.39563, 23.38091, 120.0372
2605, 718, -28.41079, 20.82733, 117.13034, 118.0913, 0.00, 0.80, 0.00, 1.00, 0.63385, 0.63694, 0.63385, 0.63694, 0.57286, 0.23025, 0.78525, -28.41079, 20.82733, 117.13034
2606, 756, -32.48377, 21.87926, 123.06042, 124.01939, 0.00, 0.80, 0.00, 1.00, 0.49349, 0.6389, 0.49349, 0.6389, 0.69743, 0.49605, 0.5147, -32.48377, 21.87926, 123.06042
2607, 763, -30.39563, 23.38091, 120.0372, 120.99719, 0.00, 0.80, 0.00, 1.00, 0.57267, 0.62512, 0.57267, 0.62512, 0.70056, 0.55995, 0.44055, -30.39563, 23.38091, 120.0372
2608, 756, -32.48377, 21.87926, 123.06042, 124.01939, 0.00, 0.80, 0.00, 1.00, 0.49349, 0.6389, 0.49349, 0.6389, 0.69743, 0.49605, 0.5147, -32.48377, 21.87926, 123.06042
2609, 764, -32.5349, 24.74689, 125.76112, 126.71921, 0.00, 0.80, 0.00, 1.00, 0.40712, 0.63588, 0.40712, 0.63588, 0.38639, 0.8093, 0.44054, -32.5349, 24.74689, 125.76112
2610, 764, -32.5349, 24.74689, 125.76112, 126.71921, 0.00, 0.80, 0.00, 1.00, 0.40712, 0.63588, 0.40712, 0.63588, 0.38639, 0.8093, 0.44054, -32.5349, 24.74689, 125.76112
2611, 756, -32.48377, 21.87926, 123.06042, 124.01939, 0.00, 0.80, 0.00, 1.00, 0.49349, 0.6389, 0.49349, 0.6389, 0.69743, 0.49605, 0.5147, -32.48377, 21.87926, 123.06042
2612, 762, -33.76431, 22.22056, 124.63203, 125.59048, 0.00, 0.80, 0.00, 1.00, 0.40722, 0.65037, 0.40722, 0.65037, 0.73024, 0.37755, 0.56693, -33.76431, 22.22056, 124.63203
2613, 763, -30.39563, 23.38091, 120.0372, 120.99719, 0.00, 0.80, 0.00, 1.00, 0.57267, 0.62512, 0.57267, 0.62512, 0.70056, 0.55995, 0.44055, -30.39563, 23.38091, 120.0372
2614, 764, -32.5349, 24.74689, 125.76112, 126.71921, 0.00, 0.80, 0.00, 1.00, 0.40712, 0.63588, 0.40712, 0.63588, 0.38639, 0.8093, 0.44054, -32.5349, 24.74689, 125.76112
2615, 765, -29.48131, 27.16676, 122.23926, 123.19851, 0.00, 0.80, 0.00, 1.00, 0.56318, 0.61042, 0.56318, 0.61042, 0.67001, 0.65058, 0.35563, -29.48131, 27.16676, 122.23926
2616, 757, -27.81873, -0.57865, 128.62679, 129.58391, 0.00, 0.80, 0.00, 1.00, 0.48631, 0.84596, 0.48631, 0.84596, 0.94446, -0.29354, -0.14015, -27.81873, -0.57865, 128.62679
2617, 758, -26.08967, -2.25387, 130.97656, 131.93289, 0.00, 0.80, 0.00, 1.00, 0.48315, 0.87495, 0.48315, 0.87495, 0.77488, 0.17961, -0.60605, -26.08967, -2.25387, 130.97656
2618, 766, -27.68223, -0.12051, 130.29408, 131.25066, 0.00, 0.80, 0.00, 1.00, 0.44942, 0.85122, 0.44942, 0.85122, 0.92548, -0.35658, -0.11949, -27.68223, -0.12051, 130.29408
2619, 766, -27.68223, -0.12051, 130.29408, 131.25066, 0.00, 0.80, 0.00, 1.00, 0.44942, 0.85122, 0.44942, 0.85122, 0.92548, -0.35658, -0.11949, -27.68223, -0.12051, 130.29408
2620, 758, -26.08967, -2.25387, 130.97656, 131.93289, 0.00, 0.80, 0.00, 1.00, 0.48315, 0.87495, 0.48315, 0.87495, 0.77488, 0.17961, -0.60605, -26.08967, -2.25387, 130.97656
2621, 767, -24.96352, -1.47479, 132.28661, 133.24251, 0.00, 0.80, 0.00, 1.00, 0.44784, 0.87636, 0.44784, 0.87636, 0.79353, 0.10095, -0.6001, -24.96352, -1.47479, 132.28661
2622, 757, -27.81873, -0.57865, 128.62679, 129.58391, 0.00, 0.80, 0.00, 1.00, 0.48631, 0.84596, 0.48631, 0.84596, 0.94446, -0.29354, -0.14015, -27.81873, -0.57865, 128.62679
2623, 766, -27.68223, -0.12051, 130.29408, 131.25066, 0.00, 0.80, 0.00, 1.00, 0.44942, 0.85122, 0.44942, 0.85122, 0.92548, -0.35658, -0.11949, -27.68223, -0.12051, 130.29408
2624, 759, -29.16866, 1.7258, 128.61377, 129.57091, 0.00, 0.80, 0.00, 1.00, 0.46403, 0.8276, 0.46403, 0.8276, 0.83027, -0.50555, -0.23106, -29.16866, 1.7258, 128.61377
2625, 759, -29.16866, 1.7258, 128.61377, 129.57091, 0.00, 0.80, 0.00, 1.00, 0.46403, 0.8276, 0.46403, 0.8276, 0.83027, -0.50555, -0.23106, -29.16866, 1.7258, 128.61377
2626, 766, -27.68223, -0.12051, 130.29408, 131.25066, 0.00, 0.80, 0.00, 1.00, 0.44942, 0.85122, 0.44942, 0.85122, 0.92548, -0.35658, -0.11949, -27.68223, -0.12051, 130.29408
2627, 768, -28.99048, 2.40292, 130.19356, 131.15016, 0.00, 0.80, 0.00, 1.00, 0.43045, 0.82947, 0.43045, 0.82947, 0.9007, -0.42518, -0.07761, -28.99048, 2.40292, 130.19356
2628, 760, -31.27339, 11.80643, 127.80966, 128.76706, 0.00, 0.80, 0.00, 1.00, 0.41844, 0.74352, 0.41844, 0.74352, 0.85034, -0.43167, -0.29789, -31.27339, 11.80643, 127.80966
2629, 768, -28.99048, 2.40292, 130.19356, 131.15016, 0.00, 0.80, 0.00, 1.00, 0.43045, 0.82947, 0.43045, 0.82947, 0.9007, -0.42518, -0.07761, -28.99048, 2.40292, 130.19356
2630, 769, -31.27206, 12.0157, 128.25838, 129.21562, 0.00, 0.80, 0.00, 1.00, 0.41889, 0.74069, 0.41889, 0.74069, 0.85499, -0.50985, -0.0855, -31.27206, 12.0157, 128.25838
2631, 759, -29.16866, 1.7258, 128.61377, 129.57091, 0.00, 0.80, 0.00, 1.00, 0.46403, 0.8276, 0.46403, 0.8276, 0.83027, -0.50555, -0.23106, -29.16866, 1.7258, 128.61377
2632, 768, -28.99048, 2.40292, 130.19356, 131.15016, 0.00, 0.80, 0.00, 1.00, 0.43045, 0.82947, 0.43045, 0.82947, 0.9007, -0.42518, -0.07761, -28.99048, 2.40292, 130.19356
2633, 760, -31.27339, 11.80643, 127.80966, 128.76706, 0.00, 0.80, 0.00, 1.00, 0.41844, 0.74352, 0.41844, 0.74352, 0.85034, -0.43167, -0.29789, -31.27339, 11.80643, 127.80966
2634, 760, -31.27339, 11.80643, 127.80966, 128.76706, 0.00, 0.80, 0.00, 1.00, 0.41844, 0.74352, 0.41844, 0.74352, 0.85034, -0.43167, -0.29789, -31.27339, 11.80643, 127.80966
2635, 769, -31.27206, 12.0157, 128.25838, 129.21562, 0.00, 0.80, 0.00, 1.00, 0.41889, 0.74069, 0.41889, 0.74069, 0.85499, -0.50985, -0.0855, -31.27206, 12.0157, 128.25838
2636, 761, -34.55548, 15.30856, 127.02917, 127.98683, 0.00, 0.80, 0.00, 1.00, 0.40702, 0.71198, 0.40702, 0.71198, 0.99777, 0.0095, 0.02969, -34.55548, 15.30856, 127.02917
2637, 708, -27.18514, -4.70889, 122.95811, 123.91712, 0.00, 0.80, 0.00, 1.00, 0.63385, 0.87519, 0.63385, 0.87519, 0.84368, -0.09814, 0.5278, -27.18514, -4.70889, 122.95811
2638, 734, -27.09542, -5.99032, 123.09361, 124.05257, 0.00, 0.80, 0.00, 1.00, 0.63385, 0.88546, 0.63385, 0.88546, 0.83596, -0.15224, 0.52724, -27.09542, -5.99032, 123.09361
2639, 750, -28.88418, -3.3718, 127.80799, 128.7654, 0.00, 0.80, 0.00, 1.00, 0.53788, 0.87156, 0.53788, 0.87156, 0.9724, 0.02263, -0.2322, -28.88418, -3.3718, 127.80799
2640, 750, -28.88418, -3.3718, 127.80799, 128.7654, 0.00, 0.80, 0.00, 1.00, 0.53788, 0.87156, 0.53788, 0.87156, 0.9724, 0.02263, -0.2322, -28.88418, -3.3718, 127.80799
2641, 734, -27.09542, -5.99032, 123.09361, 124.05257, 0.00, 0.80, 0.00, 1.00, 0.63385, 0.88546, 0.63385, 0.88546, 0.83596, -0.15224, 0.52724, -27.09542, -5.99032, 123.09361
2642, 770, -28.78066, -5.07449, 128.13019, 129.08748, 0.00, 0.80, 0.00, 1.00, 0.53544, 0.88546, 0.53544, 0.88546, 0.9898, -0.10832, -0.09248, -28.78066, -5.07449, 128.13019
2643, 750, -28.88418, -3.3718, 127.80799, 128.7654, 0.00, 0.80, 0.00, 1.00, 0.53788, 0.87156, 0.53788, 0.87156, 0.9724, 0.02263, -0.2322, -28.88418, -3.3718, 127.80799
2644, 770, -28.78066, -5.07449, 128.13019, 129.08748, 0.00, 0.80, 0.00, 1.00, 0.53544, 0.88546, 0.53544, 0.88546, 0.9898, -0.10832, -0.09248, -28.78066, -5.07449, 128.13019
2645, 771, -26.27847, -3.66398, 131.76492, 132.72099, 0.00, 0.80, 0.00, 1.00, 0.47007, 0.88703, 0.47007, 0.88703, 0.76563, 0.24296, -0.59564, -26.27847, -3.66398, 131.76492
2646, 750, -28.88418, -3.3718, 127.80799, 128.7654, 0.00, 0.80, 0.00, 1.00, 0.53788, 0.87156, 0.53788, 0.87156, 0.9724, 0.02263, -0.2322, -28.88418, -3.3718, 127.80799
2647, 771, -26.27847, -3.66398, 131.76492, 132.72099, 0.00, 0.80, 0.00, 1.00, 0.47007, 0.88703, 0.47007, 0.88703, 0.76563, 0.24296, -0.59564, -26.27847, -3.66398, 131.76492
2648, 758, -26.08967, -2.25387, 130.97656, 131.93289, 0.00, 0.80, 0.00, 1.00, 0.48315, 0.87495, 0.48315, 0.87495, 0.77488, 0.17961, -0.60605, -26.08967, -2.25387, 130.97656
2649, 758, -26.08967, -2.25387, 130.97656, 131.93289, 0.00, 0.80, 0.00, 1.00, 0.48315, 0.87495, 0.48315, 0.87495, 0.77488, 0.17961, -0.60605, -26.08967, -2.25387, 130.97656
2650, 771, -26.27847, -3.66398, 131.76492, 132.72099, 0.00, 0.80, 0.00, 1.00, 0.47007, 0.88703, 0.47007, 0.88703, 0.76563, 0.24296, -0.59564, -26.27847, -3.66398, 131.76492
2651, 772, -24.89484, -3.05516, 133.08827, 134.04391, 0.00, 0.80, 0.00, 1.00, 0.4372, 0.89018, 0.4372, 0.89018, 0.73324, 0.30124, -0.6096, -24.89484, -3.05516, 133.08827
2652, 758, -26.08967, -2.25387, 130.97656, 131.93289, 0.00, 0.80, 0.00, 1.00, 0.48315, 0.87495, 0.48315, 0.87495, 0.77488, 0.17961, -0.60605, -26.08967, -2.25387, 130.97656
2653, 772, -24.89484, -3.05516, 133.08827, 134.04391, 0.00, 0.80, 0.00, 1.00, 0.4372, 0.89018, 0.4372, 0.89018, 0.73324, 0.30124, -0.6096, -24.89484, -3.05516, 133.08827
2654, 767, -24.96352, -1.47479, 132.28661, 133.24251, 0.00, 0.80, 0.00, 1.00, 0.44784, 0.87636, 0.44784, 0.87636, 0.79353, 0.10095, -0.6001, -24.96352, -1.47479, 132.28661
2655, 734, -27.09542, -5.99032, 123.09361, 124.05257, 0.00, 0.80, 0.00, 1.00, 0.63385, 0.88546, 0.63385, 0.88546, 0.83596, -0.15224, 0.52724, -27.09542, -5.99032, 123.09361
2656, 739, -27.40559, -11.07088, 126.39307, 127.35094, 0.00, 0.80, 0.00, 1.00, 0.63385, 0.93945, 0.63385, 0.93945, 0.98793, -0.12349, 0.09353, -27.40559, -11.07088, 126.39307
2657, 770, -28.78066, -5.07449, 128.13019, 129.08748, 0.00, 0.80, 0.00, 1.00, 0.53544, 0.88546, 0.53544, 0.88546, 0.9898, -0.10832, -0.09248, -28.78066, -5.07449, 128.13019
2658, 770, -28.78066, -5.07449, 128.13019, 129.08748, 0.00, 0.80, 0.00, 1.00, 0.53544, 0.88546, 0.53544, 0.88546, 0.9898, -0.10832, -0.09248, -28.78066, -5.07449, 128.13019
2659, 739, -27.40559, -11.07088, 126.39307, 127.35094, 0.00, 0.80, 0.00, 1.00, 0.63385, 0.93945, 0.63385, 0.93945, 0.98793, -0.12349, 0.09353, -27.40559, -11.07088, 126.39307
2660, 773, -26.64715, -10.03802, 131.73579, 132.69188, 0.00, 0.80, 0.00, 1.00, 0.53314, 0.94095, 0.53314, 0.94095, 0.96636, -0.01881, -0.25651, -26.64715, -10.03802, 131.73579
2661, 770, -28.78066, -5.07449, 128.13019, 129.08748, 0.00, 0.80, 0.00, 1.00, 0.53544, 0.88546, 0.53544, 0.88546, 0.9898, -0.10832, -0.09248, -28.78066, -5.07449, 128.13019
2662, 773, -26.64715, -10.03802, 131.73579, 132.69188, 0.00, 0.80, 0.00, 1.00, 0.53314, 0.94095, 0.53314, 0.94095, 0.96636, -0.01881, -0.25651, -26.64715, -10.03802, 131.73579
2663, 774, -25.62419, -9.61433, 134.09204, 135.04733, 0.00, 0.80, 0.00, 1.00, 0.48999, 0.94186, 0.48999, 0.94186, 0.66195, 0.09134, -0.74396, -25.62419, -9.61433, 134.09204
2664, 770, -28.78066, -5.07449, 128.13019, 129.08748, 0.00, 0.80, 0.00, 1.00, 0.53544, 0.88546, 0.53544, 0.88546, 0.9898, -0.10832, -0.09248, -28.78066, -5.07449, 128.13019
2665, 775, -26.44954, -5.37373, 132.1591, 133.11505, 0.00, 0.80, 0.00, 1.00, 0.46382, 0.90069, 0.46382, 0.90069, 0.78666, 0.12814, -0.60394, -26.44954, -5.37373, 132.1591
2666, 771, -26.27847, -3.66398, 131.76492, 132.72099, 0.00, 0.80, 0.00, 1.00, 0.47007, 0.88703, 0.47007, 0.88703, 0.76563, 0.24296, -0.59564, -26.27847, -3.66398, 131.76492
2667, 776, -22.00148, -9.19857, 135.42935, 136.38422, 0.00, 0.80, 0.00, 1.00, 0.41671, 0.94573, 0.41671, 0.94573, 0.37602, 0.12069, -0.91872, -22.00148, -9.19857, 135.42935
2668, 775, -26.44954, -5.37373, 132.1591, 133.11505, 0.00, 0.80, 0.00, 1.00, 0.46382, 0.90069, 0.46382, 0.90069, 0.78666, 0.12814, -0.60394, -26.44954, -5.37373, 132.1591
2669, 774, -25.62419, -9.61433, 134.09204, 135.04733, 0.00, 0.80, 0.00, 1.00, 0.48999, 0.94186, 0.48999, 0.94186, 0.66195, 0.09134, -0.74396, -25.62419, -9.61433, 134.09204
2670, 771, -26.27847, -3.66398, 131.76492, 132.72099, 0.00, 0.80, 0.00, 1.00, 0.47007, 0.88703, 0.47007, 0.88703, 0.76563, 0.24296, -0.59564, -26.27847, -3.66398, 131.76492
2671, 775, -26.44954, -5.37373, 132.1591, 133.11505, 0.00, 0.80, 0.00, 1.00, 0.46382, 0.90069, 0.46382, 0.90069, 0.78666, 0.12814, -0.60394, -26.44954, -5.37373, 132.1591
2672, 777, -24.81194, -4.55544, 133.80725, 134.76265, 0.00, 0.80, 0.00, 1.00, 0.42796, 0.90324, 0.42796, 0.90324, 0.73321, 0.1701, -0.65838, -24.81194, -4.55544, 133.80725
2673, 771, -26.27847, -3.66398, 131.76492, 132.72099, 0.00, 0.80, 0.00, 1.00, 0.47007, 0.88703, 0.47007, 0.88703, 0.76563, 0.24296, -0.59564, -26.27847, -3.66398, 131.76492
2674, 777, -24.81194, -4.55544, 133.80725, 134.76265, 0.00, 0.80, 0.00, 1.00, 0.42796, 0.90324, 0.42796, 0.90324, 0.73321, 0.1701, -0.65838, -24.81194, -4.55544, 133.80725
2675, 772, -24.89484, -3.05516, 133.08827, 134.04391, 0.00, 0.80, 0.00, 1.00, 0.4372, 0.89018, 0.4372, 0.89018, 0.73324, 0.30124, -0.6096, -24.89484, -3.05516, 133.08827
2676, 774, -25.62419, -9.61433, 134.09204, 135.04733, 0.00, 0.80, 0.00, 1.00, 0.48999, 0.94186, 0.48999, 0.94186, 0.66195, 0.09134, -0.74396, -25.62419, -9.61433, 134.09204
2677, 775, -26.44954, -5.37373, 132.1591, 133.11505, 0.00, 0.80, 0.00, 1.00, 0.46382, 0.90069, 0.46382, 0.90069, 0.78666, 0.12814, -0.60394, -26.44954, -5.37373, 132.1591
2678, 770, -28.78066, -5.07449, 128.13019, 129.08748, 0.00, 0.80, 0.00, 1.00, 0.53544, 0.88546, 0.53544, 0.88546, 0.9898, -0.10832, -0.09248, -28.78066, -5.07449, 128.13019
2679, 777, -24.81194, -4.55544, 133.80725, 134.76265, 0.00, 0.80, 0.00, 1.00, 0.42796, 0.90324, 0.42796, 0.90324, 0.73321, 0.1701, -0.65838, -24.81194, -4.55544, 133.80725
2680, 775, -26.44954, -5.37373, 132.1591, 133.11505, 0.00, 0.80, 0.00, 1.00, 0.46382, 0.90069, 0.46382, 0.90069, 0.78666, 0.12814, -0.60394, -26.44954, -5.37373, 132.1591
2681, 776, -22.00148, -9.19857, 135.42935, 136.38422, 0.00, 0.80, 0.00, 1.00, 0.41671, 0.94573, 0.41671, 0.94573, 0.37602, 0.12069, -0.91872, -22.00148, -9.19857, 135.42935
2682, 752, -31.92521, 7.3399, 122.79873, 123.7578, 0.00, 0.80, 0.00, 1.00, 0.52069, 0.74537, 0.52069, 0.74537, 0.79607, -0.39546, 0.45575, -31.92521, 7.3399, 122.79873
2683, 754, -32.78368, 10.55948, 121.59238, 122.55186, 0.00, 0.80, 0.00, 1.00, 0.52069, 0.72113, 0.52069, 0.72113, 0.88021, -0.17983, 0.43641, -32.78368, 10.55948, 121.59238
2684, 720, -28.22245, 9.92839, 117.17684, 118.13779, 0.00, 0.80, 0.00, 1.00, 0.63385, 0.72087, 0.63385, 0.72087, 0.52415, -0.25895, 0.8098, -28.22245, 9.92839, 117.17684
2685, 756, -32.48377, 21.87926, 123.06042, 124.01939, 0.00, 0.80, 0.00, 1.00, 0.49349, 0.6389, 0.49349, 0.6389, 0.69743, 0.49605, 0.5147, -32.48377, 21.87926, 123.06042
2686, 754, -32.78368, 10.55948, 121.59238, 122.55186, 0.00, 0.80, 0.00, 1.00, 0.52069, 0.72113, 0.52069, 0.72113, 0.88021, -0.17983, 0.43641, -32.78368, 10.55948, 121.59238
2687, 755, -33.35415, 11.88231, 123.77576, 124.7345, 0.00, 0.80, 0.00, 1.00, 0.48261, 0.71756, 0.48261, 0.71756, 0.98026, -0.19169, 0.00099, -33.35415, 11.88231, 123.77576
2688, 751, -30.59577, -0.92863, 123.59309, 124.5519, 0.00, 0.80, 0.00, 1.00, 0.51617, 0.82316, 0.51617, 0.82316, 0.76043, -0.51684, 0.39077, -30.59577, -0.92863, 123.59309
2689, 752, -31.92521, 7.3399, 122.79873, 123.7578, 0.00, 0.80, 0.00, 1.00, 0.52069, 0.74537, 0.52069, 0.74537, 0.79607, -0.39546, 0.45575, -31.92521, 7.3399, 122.79873
2690, 715, -27.44254, 6.72327, 118.29265, 119.25322, 0.00, 0.80, 0.00, 1.00, 0.63385, 0.74442, 0.63385, 0.74442, 0.5051, -0.35216, 0.78647, -27.44254, 6.72327, 118.29265
2691, 720, -28.22245, 9.92839, 117.17684, 118.13779, 0.00, 0.80, 0.00, 1.00, 0.63385, 0.72087, 0.63385, 0.72087, 0.52415, -0.25895, 0.8098, -28.22245, 9.92839, 117.17684
2692, 715, -27.44254, 6.72327, 118.29265, 119.25322, 0.00, 0.80, 0.00, 1.00, 0.63385, 0.74442, 0.63385, 0.74442, 0.5051, -0.35216, 0.78647, -27.44254, 6.72327, 118.29265
2693, 752, -31.92521, 7.3399, 122.79873, 123.7578, 0.00, 0.80, 0.00, 1.00, 0.52069, 0.74537, 0.52069, 0.74537, 0.79607, -0.39546, 0.45575, -31.92521, 7.3399, 122.79873
2694, 739, -27.40559, -11.07088, 126.39307, 127.35094, 0.00, 0.80, 0.00, 1.00, 0.63385, 0.93945, 0.63385, 0.93945, 0.98793, -0.12349, 0.09353, -27.40559, -11.07088, 126.39307
2695, 745, -26.25858, -17.88464, 127.3251, 128.28267, 0.00, 0.80, 0.00, 1.00, 0.63385, 0.9943, 0.63385, 0.9943, 0.97196, -0.21636, 0.09202, -26.25858, -17.88464, 127.3251
2696, 778, -28.99571, -10.17924, 130.41666, 131.37318, 0.00, 0.80, 0.00, 1.00, 0.55637, 0.99147, 0.55637, 0.99147, 0.56823, 0.80263, -0.11973, -28.99571, -10.17924, 130.41666
2697, 779, -27.52748, -9.85587, 133.91046, 134.86583, 0.00, 0.80, 0.00, 1.00, 0.49104, 0.98035, 0.49104, 0.98035, 0.30746, 0.6264, -0.70935, -27.52748, -9.85587, 133.91046
2698, 773, -26.64715, -10.03802, 131.73579, 132.69188, 0.00, 0.80, 0.00, 1.00, 0.53314, 0.94095, 0.53314, 0.94095, 0.96636, -0.01881, -0.25651, -26.64715, -10.03802, 131.73579
2699, 778, -28.99571, -10.17924, 130.41666, 131.37318, 0.00, 0.80, 0.00, 1.00, 0.55637, 0.99147, 0.55637, 0.99147, 0.56823, 0.80263, -0.11973, -28.99571, -10.17924, 130.41666
2700, 779, -27.52748, -9.85587, 133.91046, 134.86583, 0.00, 0.80, 0.00, 1.00, 0.49104, 0.98035, 0.49104, 0.98035, 0.30746, 0.6264, -0.70935, -27.52748, -9.85587, 133.91046
2701, 776, -22.00148, -9.19857, 135.42935, 136.38422, 0.00, 0.80, 0.00, 1.00, 0.41671, 0.94573, 0.41671, 0.94573, 0.37602, 0.12069, -0.91872, -22.00148, -9.19857, 135.42935
2702, 774, -25.62419, -9.61433, 134.09204, 135.04733, 0.00, 0.80, 0.00, 1.00, 0.48999, 0.94186, 0.48999, 0.94186, 0.66195, 0.09134, -0.74396, -25.62419, -9.61433, 134.09204
2703, 773, -26.64715, -10.03802, 131.73579, 132.69188, 0.00, 0.80, 0.00, 1.00, 0.53314, 0.94095, 0.53314, 0.94095, 0.96636, -0.01881, -0.25651, -26.64715, -10.03802, 131.73579
2704, 779, -27.52748, -9.85587, 133.91046, 134.86583, 0.00, 0.80, 0.00, 1.00, 0.49104, 0.98035, 0.49104, 0.98035, 0.30746, 0.6264, -0.70935, -27.52748, -9.85587, 133.91046
2705, 774, -25.62419, -9.61433, 134.09204, 135.04733, 0.00, 0.80, 0.00, 1.00, 0.48999, 0.94186, 0.48999, 0.94186, 0.66195, 0.09134, -0.74396, -25.62419, -9.61433, 134.09204
2706, 776, -22.00148, -9.19857, 135.42935, 136.38422, 0.00, 0.80, 0.00, 1.00, 0.41671, 0.94573, 0.41671, 0.94573, 0.37602, 0.12069, -0.91872, -22.00148, -9.19857, 135.42935
2707, 779, -27.52748, -9.85587, 133.91046, 134.86583, 0.00, 0.80, 0.00, 1.00, 0.49104, 0.98035, 0.49104, 0.98035, 0.30746, 0.6264, -0.70935, -27.52748, -9.85587, 133.91046
2708, 780, -25.03361, -13.87359, 136.07596, 137.03061, 0.00, 0.80, 0.00, 1.00, 0.4093, 0.98167, 0.4093, 0.98167, 0.10842, 0.37916, -0.91702, -25.03361, -13.87359, 136.07596
2709, 773, -26.64715, -10.03802, 131.73579, 132.69188, 0.00, 0.80, 0.00, 1.00, 0.53314, 0.94095, 0.53314, 0.94095, 0.96636, -0.01881, -0.25651, -26.64715, -10.03802, 131.73579
2710, 739, -27.40559, -11.07088, 126.39307, 127.35094, 0.00, 0.80, 0.00, 1.00, 0.63385, 0.93945, 0.63385, 0.93945, 0.98793, -0.12349, 0.09353, -27.40559, -11.07088, 126.39307
2711, 778, -28.99571, -10.17924, 130.41666, 131.37318, 0.00, 0.80, 0.00, 1.00, 0.55637, 0.99147, 0.55637, 0.99147, 0.56823, 0.80263, -0.11973, -28.99571, -10.17924, 130.41666
