VTX, IDX, POSITION.x, POSITION.y, POSITION.z, NORMAL.x, NORMAL.y, NORMAL.z, COLOR.x, COLOR.y, COLOR.z, COLOR.w, TEXCOORD.x, TEXCOORD.y
0, 0, 0.8026, 8.07058, 1.21861, -0.02277, -0.32256, 0.94389, 0.80, 0.80, 0.80, 1.00, 0.44849, 0.14128
1, 1, 0.8778, 8.2286, 1.24738, 0.03892, -0.19585, 0.97762, 0.80, 0.80, 0.80, 1.00, 0.44849, 0.00096
2, 2, 0.71688, 8.33087, 1.21728, -0.48421, -0.09179, 0.86767, 0.80, 0.80, 0.80, 1.00, 0.64421, 0.00096
3, 0, 0.8026, 8.07058, 1.21861, -0.02277, -0.32256, 0.94389, 0.80, 0.80, 0.80, 1.00, 0.44849, 0.14128
4, 2, 0.71688, 8.33087, 1.21728, -0.48421, -0.09179, 0.86767, 0.80, 0.80, 0.80, 1.00, 0.64421, 0.00096
5, 3, 0.61988, 8.23626, 1.13146, -0.59997, -0.10099, 0.79088, 0.80, 0.80, 0.80, 1.00, 0.68555, 0.13161
6, 3, 0.61988, 8.23626, 1.13146, -0.59997, -0.10099, 0.79088, 0.80, 0.80, 0.80, 1.00, 0.68555, 0.13161
7, 2, 0.71688, 8.33087, 1.21728, -0.48421, -0.09179, 0.86767, 0.80, 0.80, 0.80, 1.00, 0.64421, 0.00096
8, 4, 0.61063, 8.36111, 1.12793, -0.64619, -0.02524, 0.75998, 0.80, 0.80, 0.80, 1.00, 0.74824, 0.07275
9, 5, -1.7233, 4.59881, 1.6153, -0.23318, -0.91732, 0.32107, 0.80, 0.80, 0.80, 1.00, 0.17143, 0.09234
10, 6, -1.65777, 4.44727, 1.2071, -0.19849, -0.93133, 0.30371, 0.80, 0.80, 0.80, 1.00, 0.08136, 0.13403
11, 7, -1.54613, 4.53143, 1.55082, -0.21348, -0.93036, 0.29641, 0.80, 0.80, 0.80, 1.00, 0.12471, 0.08883
12, 5, -1.7233, 4.59881, 1.6153, -0.23318, -0.91732, 0.32107, 0.80, 0.80, 0.80, 1.00, 0.17143, 0.09234
13, 8, -1.81188, 4.50656, 1.29877, -0.23005, -0.91486, 0.3302, 0.80, 0.80, 0.80, 1.00, 0.12373, 0.13903
14, 6, -1.65777, 4.44727, 1.2071, -0.19849, -0.93133, 0.30371, 0.80, 0.80, 0.80, 1.00, 0.08136, 0.13403
15, 7, -1.54613, 4.53143, 1.55082, -0.21348, -0.93036, 0.29641, 0.80, 0.80, 0.80, 1.00, 0.12471, 0.08883
16, 6, -1.65777, 4.44727, 1.2071, -0.19849, -0.93133, 0.30371, 0.80, 0.80, 0.80, 1.00, 0.08136, 0.13403
17, 9, -1.42231, 4.46714, 1.42349, -0.18743, -0.93804, 0.28983, 0.80, 0.80, 0.80, 1.00, 0.07377, 0.08963
18, 8, -1.81188, 4.50656, 1.29877, -0.23005, -0.91486, 0.3302, 0.80, 0.80, 0.80, 1.00, 0.12373, 0.13903
19, 5, -1.7233, 4.59881, 1.6153, -0.23318, -0.91732, 0.32107, 0.80, 0.80, 0.80, 1.00, 0.17143, 0.09234
20, 10, -1.89431, 4.59356, 1.45578, -0.29074, -0.89333, 0.34092, 0.80, 0.80, 0.80, 1.00, 0.16611, 0.12918
21, 11, -1.62801, 4.87928, 1.56923, 0.28912, 0.30535, 0.90604, 0.80, 0.80, 0.80, 1.00, 0.17579, 0.04419
22, 12, -1.50006, 5.09262, 1.43103, 0.45114, 0.39686, 0.79804, 0.80, 0.80, 0.80, 1.00, 0.13161, 0.00331
23, 13, -1.57841, 5.11538, 1.43914, 0.21664, 0.43619, 0.87224, 0.80, 0.80, 0.80, 1.00, 0.17648, 0.0044
24, 11, -1.62801, 4.87928, 1.56923, 0.28912, 0.30535, 0.90604, 0.80, 0.80, 0.80, 1.00, 0.17579, 0.04419
25, 14, -1.42798, 4.80865, 1.51683, 0.55226, 0.2257, 0.80106, 0.80, 0.80, 0.80, 1.00, 0.12673, 0.04318
26, 12, -1.50006, 5.09262, 1.43103, 0.45114, 0.39686, 0.79804, 0.80, 0.80, 0.80, 1.00, 0.13161, 0.00331
27, 15, -1.6122, 4.71797, 1.0801, -0.41226, 0.24197, -0.87691, 0.80, 0.80, 0.80, 1.00, 0.32124, 0.0475
28, 16, -1.6827, 5.05538, 1.26741, -0.51514, 0.42579, -0.74235, 0.80, 0.80, 0.80, 1.00, 0.27177, 0.00674
29, 17, -1.55038, 5.0072, 1.18042, -0.40921, 0.37598, -0.82994, 0.80, 0.80, 0.80, 1.00, 0.31673, 0.00658
30, 15, -1.6122, 4.71797, 1.0801, -0.41226, 0.24197, -0.87691, 0.80, 0.80, 0.80, 1.00, 0.32124, 0.0475
31, 18, -1.781, 4.77972, 1.16933, -0.65473, 0.22726, -0.71918, 0.80, 0.80, 0.80, 1.00, 0.27484, 0.04949
32, 16, -1.6827, 5.05538, 1.26741, -0.51514, 0.42579, -0.74235, 0.80, 0.80, 0.80, 1.00, 0.27177, 0.00674
33, 14, -1.42798, 4.80865, 1.51683, 0.55226, 0.2257, 0.80106, 0.80, 0.80, 0.80, 1.00, 0.12673, 0.04318
34, 19, -1.38878, 5.03867, 1.32096, 0.75161, 0.34795, 0.55834, 0.80, 0.80, 0.80, 1.00, 0.06758, 0.0022
35, 12, -1.50006, 5.09262, 1.43103, 0.45114, 0.39686, 0.79804, 0.80, 0.80, 0.80, 1.00, 0.13161, 0.00331
36, 14, -1.42798, 4.80865, 1.51683, 0.55226, 0.2257, 0.80106, 0.80, 0.80, 0.80, 1.00, 0.12673, 0.04318
37, 20, -1.30046, 4.74129, 1.37952, 0.75266, 0.09653, 0.64937, 0.80, 0.80, 0.80, 1.00, 0.06962, 0.04232
38, 19, -1.38878, 5.03867, 1.32096, 0.75161, 0.34795, 0.55834, 0.80, 0.80, 0.80, 1.00, 0.06758, 0.0022
39, 21, -1.30046, 4.74129, 1.37952, 0.67953, -0.07171, -0.72823, 0.80, 0.80, 0.80, 1.00, 0.06953, 0.04232
40, 22, -1.55038, 5.0072, 1.18042, 0.66736, 0.07362, -0.73914, 0.80, 0.80, 0.80, 1.00, 0.00909, 0.00308
41, 23, -1.38878, 5.03867, 1.32096, 0.64975, 0.04364, -0.757, 0.80, 0.80, 0.80, 1.00, 0.06744, 0.00219
42, 21, -1.30046, 4.74129, 1.37952, 0.67953, -0.07171, -0.72823, 0.80, 0.80, 0.80, 1.00, 0.06953, 0.04232
43, 24, -1.6122, 4.71797, 1.0801, 0.68554, -0.20669, -0.69622, 0.80, 0.80, 0.80, 1.00, 0.00573, 0.04991
44, 22, -1.55038, 5.0072, 1.18042, 0.66736, 0.07362, -0.73914, 0.80, 0.80, 0.80, 1.00, 0.00909, 0.00308
45, 18, -1.781, 4.77972, 1.16933, -0.65473, 0.22726, -0.71918, 0.80, 0.80, 0.80, 1.00, 0.27484, 0.04949
46, 25, -1.69406, 5.10429, 1.33393, -0.74385, 0.44983, -0.49217, 0.80, 0.80, 0.80, 1.00, 0.22293, 0.00477
47, 16, -1.6827, 5.05538, 1.26741, -0.51514, 0.42579, -0.74235, 0.80, 0.80, 0.80, 1.00, 0.27177, 0.00674
48, 18, -1.781, 4.77972, 1.16933, -0.65473, 0.22726, -0.71918, 0.80, 0.80, 0.80, 1.00, 0.27484, 0.04949
49, 26, -1.85461, 4.87253, 1.34877, -0.8548, 0.23104, -0.46208, 0.80, 0.80, 0.80, 1.00, 0.22844, 0.04552
50, 25, -1.69406, 5.10429, 1.33393, -0.74385, 0.44983, -0.49217, 0.80, 0.80, 0.80, 1.00, 0.22293, 0.00477
51, 27, -1.85461, 4.87253, 1.34877, -0.64218, 0.40225, 0.65086, 0.80, 0.80, 0.80, 1.00, 0.22837, 0.04551
52, 28, -1.57841, 5.11538, 1.43914, -0.61881, 0.47215, 0.62621, 0.80, 0.80, 0.80, 1.00, 0.17658, 0.0044
53, 29, -1.69406, 5.10429, 1.33393, -0.61751, 0.46943, 0.62952, 0.80, 0.80, 0.80, 1.00, 0.22281, 0.00477
54, 27, -1.85461, 4.87253, 1.34877, -0.64218, 0.40225, 0.65086, 0.80, 0.80, 0.80, 1.00, 0.22837, 0.04551
55, 30, -1.62801, 4.87928, 1.56923, -0.66271, 0.33221, 0.6694, 0.80, 0.80, 0.80, 1.00, 0.17578, 0.04431
56, 28, -1.57841, 5.11538, 1.43914, -0.61881, 0.47215, 0.62621, 0.80, 0.80, 0.80, 1.00, 0.17658, 0.0044
57, 31, -1.66467, 4.6933, 1.60341, 0.26568, 0.08112, 0.95931, 0.80, 0.80, 0.80, 1.00, 0.172, 0.07336
58, 14, -1.42798, 4.80865, 1.51683, 0.55226, 0.2257, 0.80106, 0.80, 0.80, 0.80, 1.00, 0.12673, 0.04318
59, 11, -1.62801, 4.87928, 1.56923, 0.28912, 0.30535, 0.90604, 0.80, 0.80, 0.80, 1.00, 0.17579, 0.04419
60, 31, -1.66467, 4.6933, 1.60341, 0.26568, 0.08112, 0.95931, 0.80, 0.80, 0.80, 1.00, 0.172, 0.07336
61, 32, -1.47151, 4.62625, 1.55702, 0.48061, -0.11304, 0.86814, 0.80, 0.80, 0.80, 1.00, 0.12388, 0.07229
62, 14, -1.42798, 4.80865, 1.51683, 0.55226, 0.2257, 0.80106, 0.80, 0.80, 0.80, 1.00, 0.12673, 0.04318
63, 33, -1.66154, 4.53921, 1.12537, -0.51584, -0.25519, -0.81636, 0.80, 0.80, 0.80, 1.00, 0.32207, 0.07652
64, 18, -1.781, 4.77972, 1.16933, -0.65473, 0.22726, -0.71918, 0.80, 0.80, 0.80, 1.00, 0.27484, 0.04949
65, 15, -1.6122, 4.71797, 1.0801, -0.41226, 0.24197, -0.87691, 0.80, 0.80, 0.80, 1.00, 0.32124, 0.0475
66, 33, -1.66154, 4.53921, 1.12537, -0.51584, -0.25519, -0.81636, 0.80, 0.80, 0.80, 1.00, 0.32207, 0.07652
67, 34, -1.8235, 4.59759, 1.20861, -0.78662, -0.24985, -0.56249, 0.80, 0.80, 0.80, 1.00, 0.27439, 0.07848
68, 18, -1.781, 4.77972, 1.16933, -0.65473, 0.22726, -0.71918, 0.80, 0.80, 0.80, 1.00, 0.27484, 0.04949
69, 32, -1.47151, 4.62625, 1.55702, 0.48061, -0.11304, 0.86814, 0.80, 0.80, 0.80, 1.00, 0.12388, 0.07229
70, 20, -1.30046, 4.74129, 1.37952, 0.75266, 0.09653, 0.64937, 0.80, 0.80, 0.80, 1.00, 0.06962, 0.04232
71, 14, -1.42798, 4.80865, 1.51683, 0.55226, 0.2257, 0.80106, 0.80, 0.80, 0.80, 1.00, 0.12673, 0.04318
72, 32, -1.47151, 4.62625, 1.55702, 0.48061, -0.11304, 0.86814, 0.80, 0.80, 0.80, 1.00, 0.12388, 0.07229
73, 35, -1.3509, 4.56239, 1.42576, 0.61188, -0.31115, 0.72554, 0.80, 0.80, 0.80, 1.00, 0.0705, 0.0715
74, 20, -1.30046, 4.74129, 1.37952, 0.75266, 0.09653, 0.64937, 0.80, 0.80, 0.80, 1.00, 0.06962, 0.04232
75, 36, -1.3509, 4.56239, 1.42576, 0.6532, -0.39063, -0.64693, 0.80, 0.80, 0.80, 1.00, 0.0705, 0.0714
76, 24, -1.6122, 4.71797, 1.0801, 0.68554, -0.20669, -0.69622, 0.80, 0.80, 0.80, 1.00, 0.00573, 0.04991
77, 21, -1.30046, 4.74129, 1.37952, 0.67953, -0.07171, -0.72823, 0.80, 0.80, 0.80, 1.00, 0.06953, 0.04232
78, 36, -1.3509, 4.56239, 1.42576, 0.6532, -0.39063, -0.64693, 0.80, 0.80, 0.80, 1.00, 0.0705, 0.0714
79, 37, -1.66154, 4.53921, 1.12537, 0.6347, -0.4444, -0.63054, 0.80, 0.80, 0.80, 1.00, 0.0081, 0.07893
80, 24, -1.6122, 4.71797, 1.0801, 0.68554, -0.20669, -0.69622, 0.80, 0.80, 0.80, 1.00, 0.00573, 0.04991
81, 34, -1.8235, 4.59759, 1.20861, -0.78662, -0.24985, -0.56249, 0.80, 0.80, 0.80, 1.00, 0.27439, 0.07848
82, 26, -1.85461, 4.87253, 1.34877, -0.8548, 0.23104, -0.46208, 0.80, 0.80, 0.80, 1.00, 0.22844, 0.04552
83, 18, -1.781, 4.77972, 1.16933, -0.65473, 0.22726, -0.71918, 0.80, 0.80, 0.80, 1.00, 0.27484, 0.04949
84, 34, -1.8235, 4.59759, 1.20861, -0.78662, -0.24985, -0.56249, 0.80, 0.80, 0.80, 1.00, 0.27439, 0.07848
85, 38, -1.89045, 4.68642, 1.38224, -0.93311, -0.15236, -0.32176, 0.80, 0.80, 0.80, 1.00, 0.22639, 0.07458
86, 26, -1.85461, 4.87253, 1.34877, -0.8548, 0.23104, -0.46208, 0.80, 0.80, 0.80, 1.00, 0.22844, 0.04552
87, 39, -1.89045, 4.68642, 1.38224, -0.66072, 0.34388, 0.66548, 0.80, 0.80, 0.80, 1.00, 0.22633, 0.07458
88, 30, -1.62801, 4.87928, 1.56923, -0.66271, 0.33221, 0.6694, 0.80, 0.80, 0.80, 1.00, 0.17578, 0.04431
89, 27, -1.85461, 4.87253, 1.34877, -0.64218, 0.40225, 0.65086, 0.80, 0.80, 0.80, 1.00, 0.22837, 0.04551
90, 39, -1.89045, 4.68642, 1.38224, -0.66072, 0.34388, 0.66548, 0.80, 0.80, 0.80, 1.00, 0.22633, 0.07458
91, 40, -1.66467, 4.6933, 1.60341, -0.63784, 0.41269, 0.6486, 0.80, 0.80, 0.80, 1.00, 0.17202, 0.07336
92, 30, -1.62801, 4.87928, 1.56923, -0.66271, 0.33221, 0.6694, 0.80, 0.80, 0.80, 1.00, 0.17578, 0.04431
93, 41, -1.7233, 4.59881, 1.6153, 0.23735, -0.13687, 0.96036, 0.80, 0.80, 0.80, 1.00, 0.17143, 0.0923
94, 32, -1.47151, 4.62625, 1.55702, 0.48061, -0.11304, 0.86814, 0.80, 0.80, 0.80, 1.00, 0.12388, 0.07229
95, 31, -1.66467, 4.6933, 1.60341, 0.26568, 0.08112, 0.95931, 0.80, 0.80, 0.80, 1.00, 0.172, 0.07336
96, 41, -1.7233, 4.59881, 1.6153, 0.23735, -0.13687, 0.96036, 0.80, 0.80, 0.80, 1.00, 0.17143, 0.0923
97, 42, -1.54613, 4.53143, 1.55082, 0.44422, -0.38578, 0.80715, 0.80, 0.80, 0.80, 1.00, 0.12403, 0.08898
98, 32, -1.47151, 4.62625, 1.55702, 0.48061, -0.11304, 0.86814, 0.80, 0.80, 0.80, 1.00, 0.12388, 0.07229
99, 43, -1.65777, 4.44727, 1.2071, -0.54569, -0.59716, -0.58645, 0.80, 0.80, 0.80, 1.00, 0.31885, 0.09196
100, 34, -1.8235, 4.59759, 1.20861, -0.78662, -0.24985, -0.56249, 0.80, 0.80, 0.80, 1.00, 0.27439, 0.07848
101, 33, -1.66154, 4.53921, 1.12537, -0.51584, -0.25519, -0.81636, 0.80, 0.80, 0.80, 1.00, 0.32207, 0.07652
102, 43, -1.65777, 4.44727, 1.2071, -0.54569, -0.59716, -0.58645, 0.80, 0.80, 0.80, 1.00, 0.31885, 0.09196
103, 44, -1.81188, 4.50656, 1.29877, -0.83108, -0.40468, -0.37852, 0.80, 0.80, 0.80, 1.00, 0.27475, 0.09369
104, 34, -1.8235, 4.59759, 1.20861, -0.78662, -0.24985, -0.56249, 0.80, 0.80, 0.80, 1.00, 0.27439, 0.07848
105, 42, -1.54613, 4.53143, 1.55082, 0.44422, -0.38578, 0.80715, 0.80, 0.80, 0.80, 1.00, 0.12403, 0.08898
106, 35, -1.3509, 4.56239, 1.42576, 0.61188, -0.31115, 0.72554, 0.80, 0.80, 0.80, 1.00, 0.0705, 0.0715
107, 32, -1.47151, 4.62625, 1.55702, 0.48061, -0.11304, 0.86814, 0.80, 0.80, 0.80, 1.00, 0.12388, 0.07229
108, 42, -1.54613, 4.53143, 1.55082, 0.44422, -0.38578, 0.80715, 0.80, 0.80, 0.80, 1.00, 0.12403, 0.08898
109, 45, -1.42231, 4.46714, 1.42349, 0.53532, -0.4194, 0.73163, 0.80, 0.80, 0.80, 1.00, 0.07376, 0.08962
110, 35, -1.3509, 4.56239, 1.42576, 0.61188, -0.31115, 0.72554, 0.80, 0.80, 0.80, 1.00, 0.0705, 0.0715
111, 46, -1.42231, 4.46714, 1.42349, 0.61789, -0.48934, -0.61384, 0.80, 0.80, 0.80, 1.00, 0.0737, 0.08961
112, 37, -1.66154, 4.53921, 1.12537, 0.6347, -0.4444, -0.63054, 0.80, 0.80, 0.80, 1.00, 0.0081, 0.07893
113, 36, -1.3509, 4.56239, 1.42576, 0.6532, -0.39063, -0.64693, 0.80, 0.80, 0.80, 1.00, 0.0705, 0.0714
114, 46, -1.42231, 4.46714, 1.42349, 0.61789, -0.48934, -0.61384, 0.80, 0.80, 0.80, 1.00, 0.0737, 0.08961
115, 47, -1.65777, 4.44727, 1.2071, 0.60173, -0.51671, -0.60749, 0.80, 0.80, 0.80, 1.00, 0.00648, 0.09305
116, 37, -1.66154, 4.53921, 1.12537, 0.6347, -0.4444, -0.63054, 0.80, 0.80, 0.80, 1.00, 0.0081, 0.07893
117, 44, -1.81188, 4.50656, 1.29877, -0.83108, -0.40468, -0.37852, 0.80, 0.80, 0.80, 1.00, 0.27475, 0.09369
118, 38, -1.89045, 4.68642, 1.38224, -0.93311, -0.15236, -0.32176, 0.80, 0.80, 0.80, 1.00, 0.22639, 0.07458
119, 34, -1.8235, 4.59759, 1.20861, -0.78662, -0.24985, -0.56249, 0.80, 0.80, 0.80, 1.00, 0.27439, 0.07848
120, 44, -1.81188, 4.50656, 1.29877, -0.83108, -0.40468, -0.37852, 0.80, 0.80, 0.80, 1.00, 0.27475, 0.09369
121, 48, -1.89431, 4.59356, 1.45578, -0.90677, -0.23632, -0.34557, 0.80, 0.80, 0.80, 1.00, 0.22155, 0.09023
122, 38, -1.89045, 4.68642, 1.38224, -0.93311, -0.15236, -0.32176, 0.80, 0.80, 0.80, 1.00, 0.22639, 0.07458
123, 49, -1.89431, 4.59356, 1.45578, -0.61115, 0.48474, 0.62414, 0.80, 0.80, 0.80, 1.00, 0.22148, 0.09023
124, 40, -1.66467, 4.6933, 1.60341, -0.63784, 0.41269, 0.6486, 0.80, 0.80, 0.80, 1.00, 0.17202, 0.07336
125, 39, -1.89045, 4.68642, 1.38224, -0.66072, 0.34388, 0.66548, 0.80, 0.80, 0.80, 1.00, 0.22633, 0.07458
126, 49, -1.89431, 4.59356, 1.45578, -0.61115, 0.48474, 0.62414, 0.80, 0.80, 0.80, 1.00, 0.22148, 0.09023
127, 50, -1.7233, 4.59881, 1.6153, -0.61181, 0.46159, 0.64077, 0.80, 0.80, 0.80, 1.00, 0.17145, 0.0923
128, 40, -1.66467, 4.6933, 1.60341, -0.63784, 0.41269, 0.6486, 0.80, 0.80, 0.80, 1.00, 0.17202, 0.07336
129, 51, -1.51892, 5.73027, 1.22156, -0.25703, 0.33408, 0.90556, 0.80, 0.80, 0.80, 1.00, 0.84986, 0.04749
130, 52, -1.24402, 5.92699, 1.10406, 0.22553, 0.24772, 0.94096, 0.80, 0.80, 0.80, 1.00, 0.81563, 0.00882
131, 53, -1.43268, 6.00194, 1.15693, -0.36615, 0.3246, 0.87077, 0.80, 0.80, 0.80, 1.00, 0.85038, 0.00812
132, 51, -1.51892, 5.73027, 1.22156, -0.25703, 0.33408, 0.90556, 0.80, 0.80, 0.80, 1.00, 0.84986, 0.04749
133, 54, -1.28618, 5.66268, 1.21467, 0.14504, 0.32543, 0.93317, 0.80, 0.80, 0.80, 1.00, 0.81401, 0.04676
134, 52, -1.24402, 5.92699, 1.10406, 0.22553, 0.24772, 0.94096, 0.80, 0.80, 0.80, 1.00, 0.81563, 0.00882
135, 55, -1.4292, 5.5353, 0.70792, 0.04502, -0.45532, -0.88807, 0.80, 0.80, 0.80, 1.00, 0.92383, 0.04943
136, 56, -1.56584, 5.92993, 0.78141, -0.64858, 0.06211, -0.75694, 0.80, 0.80, 0.80, 1.00, 0.89628, 0.0081
137, 57, -1.336, 5.83366, 0.63522, 0.30604, -0.31491, -0.89712, 0.80, 0.80, 0.80, 1.00, 0.92295, 0.00834
138, 55, -1.4292, 5.5353, 0.70792, 0.04502, -0.45532, -0.88807, 0.80, 0.80, 0.80, 1.00, 0.92383, 0.04943
139, 58, -1.67347, 5.62809, 0.83971, -0.81493, -0.05038, -0.57517, 0.80, 0.80, 0.80, 1.00, 0.89729, 0.04995
140, 56, -1.56584, 5.92993, 0.78141, -0.64858, 0.06211, -0.75694, 0.80, 0.80, 0.80, 1.00, 0.89628, 0.0081
141, 59, -1.28618, 5.66268, 1.21467, 0.79841, -0.02217, 0.5996, 0.80, 0.80, 0.80, 1.00, 0.98858, 0.04646
142, 60, -1.0506, 5.82882, 0.91224, 0.95807, -0.14567, 0.24158, 0.80, 0.80, 0.80, 1.00, 0.95474, 0.00771
143, 61, -1.24402, 5.92699, 1.10406, 0.7337, 0.159, 0.65874, 0.80, 0.80, 0.80, 1.00, 0.9902, 0.00882
144, 59, -1.28618, 5.66268, 1.21467, 0.79841, -0.02217, 0.5996, 0.80, 0.80, 0.80, 1.00, 0.98858, 0.04646
145, 62, -1.13565, 5.56258, 0.97496, 0.94174, -0.3324, -0.0184, 0.80, 0.80, 0.80, 1.00, 0.95589, 0.0481
146, 60, -1.0506, 5.82882, 0.91224, 0.95807, -0.14567, 0.24158, 0.80, 0.80, 0.80, 1.00, 0.95474, 0.00771
147, 62, -1.13565, 5.56258, 0.97496, 0.94174, -0.3324, -0.0184, 0.80, 0.80, 0.80, 1.00, 0.95589, 0.0481
148, 57, -1.336, 5.83366, 0.63522, 0.30604, -0.31491, -0.89712, 0.80, 0.80, 0.80, 1.00, 0.92295, 0.00834
149, 60, -1.0506, 5.82882, 0.91224, 0.95807, -0.14567, 0.24158, 0.80, 0.80, 0.80, 1.00, 0.95474, 0.00771
150, 62, -1.13565, 5.56258, 0.97496, 0.94174, -0.3324, -0.0184, 0.80, 0.80, 0.80, 1.00, 0.95589, 0.0481
151, 55, -1.4292, 5.5353, 0.70792, 0.04502, -0.45532, -0.88807, 0.80, 0.80, 0.80, 1.00, 0.92383, 0.04943
152, 57, -1.336, 5.83366, 0.63522, 0.30604, -0.31491, -0.89712, 0.80, 0.80, 0.80, 1.00, 0.92295, 0.00834
153, 58, -1.67347, 5.62809, 0.83971, -0.81493, -0.05038, -0.57517, 0.80, 0.80, 0.80, 1.00, 0.89729, 0.04995
154, 63, -1.63899, 6.01797, 0.95338, -0.94836, 0.30528, -0.07126, 0.80, 0.80, 0.80, 1.00, 0.87489, 0.00678
155, 56, -1.56584, 5.92993, 0.78141, -0.64858, 0.06211, -0.75694, 0.80, 0.80, 0.80, 1.00, 0.89628, 0.0081
156, 58, -1.67347, 5.62809, 0.83971, -0.81493, -0.05038, -0.57517, 0.80, 0.80, 0.80, 1.00, 0.89729, 0.04995
157, 64, -1.7319, 5.72283, 1.02449, -0.94358, 0.19151, 0.26533, 0.80, 0.80, 0.80, 1.00, 0.87444, 0.04921
158, 63, -1.63899, 6.01797, 0.95338, -0.94836, 0.30528, -0.07126, 0.80, 0.80, 0.80, 1.00, 0.87489, 0.00678
159, 64, -1.7319, 5.72283, 1.02449, -0.94358, 0.19151, 0.26533, 0.80, 0.80, 0.80, 1.00, 0.87444, 0.04921
160, 53, -1.43268, 6.00194, 1.15693, -0.36615, 0.3246, 0.87077, 0.80, 0.80, 0.80, 1.00, 0.85038, 0.00812
161, 63, -1.63899, 6.01797, 0.95338, -0.94836, 0.30528, -0.07126, 0.80, 0.80, 0.80, 1.00, 0.87489, 0.00678
162, 64, -1.7319, 5.72283, 1.02449, -0.94358, 0.19151, 0.26533, 0.80, 0.80, 0.80, 1.00, 0.87444, 0.04921
163, 51, -1.51892, 5.73027, 1.22156, -0.25703, 0.33408, 0.90556, 0.80, 0.80, 0.80, 1.00, 0.84986, 0.04749
164, 53, -1.43268, 6.00194, 1.15693, -0.36615, 0.3246, 0.87077, 0.80, 0.80, 0.80, 1.00, 0.85038, 0.00812
165, 65, -1.57841, 5.11538, 1.43914, -0.12853, 0.33393, 0.93258, 0.80, 0.80, 0.80, 1.00, 0.83237, 0.12965
166, 54, -1.28618, 5.66268, 1.21467, 0.14504, 0.32543, 0.93317, 0.80, 0.80, 0.80, 1.00, 0.81401, 0.04676
167, 51, -1.51892, 5.73027, 1.22156, -0.25703, 0.33408, 0.90556, 0.80, 0.80, 0.80, 1.00, 0.84986, 0.04749
168, 65, -1.57841, 5.11538, 1.43914, -0.12853, 0.33393, 0.93258, 0.80, 0.80, 0.80, 1.00, 0.83237, 0.12965
169, 66, -1.50006, 5.09262, 1.43103, 0.18099, 0.28928, 0.93875, 0.80, 0.80, 0.80, 1.00, 0.81382, 0.12904
170, 54, -1.28618, 5.66268, 1.21467, 0.14504, 0.32543, 0.93317, 0.80, 0.80, 0.80, 1.00, 0.81401, 0.04676
171, 67, -1.55038, 5.0072, 1.18042, -0.22568, -0.62787, -0.74386, 0.80, 0.80, 0.80, 1.00, 0.92921, 0.13049
172, 58, -1.67347, 5.62809, 0.83971, -0.81493, -0.05038, -0.57517, 0.80, 0.80, 0.80, 1.00, 0.89729, 0.04995
173, 55, -1.4292, 5.5353, 0.70792, 0.04502, -0.45532, -0.88807, 0.80, 0.80, 0.80, 1.00, 0.92383, 0.04943
174, 67, -1.55038, 5.0072, 1.18042, -0.22568, -0.62787, -0.74386, 0.80, 0.80, 0.80, 1.00, 0.92921, 0.13049
175, 68, -1.6827, 5.05538, 1.26741, -0.59674, -0.47383, -0.64606, 0.80, 0.80, 0.80, 1.00, 0.89311, 0.13102
176, 69, -1.67347, 5.62809, 0.83971, -0.59674, -0.47383, -0.64606, 0.80, 0.80, 0.80, 1.00, 0.89732, 0.04996
177, 70, -1.50006, 5.09262, 1.43103, 0.77934, 0.00182, 0.62458, 0.80, 0.80, 0.80, 1.00, 0.99048, 0.13054
178, 62, -1.13565, 5.56258, 0.97496, 0.94174, -0.3324, -0.0184, 0.80, 0.80, 0.80, 1.00, 0.95589, 0.0481
179, 59, -1.28618, 5.66268, 1.21467, 0.79841, -0.02217, 0.5996, 0.80, 0.80, 0.80, 1.00, 0.98858, 0.04646
180, 70, -1.50006, 5.09262, 1.43103, 0.77934, 0.00182, 0.62458, 0.80, 0.80, 0.80, 1.00, 0.99048, 0.13054
181, 71, -1.38878, 5.03867, 1.32096, 0.83798, -0.51382, -0.17856, 0.80, 0.80, 0.80, 1.00, 0.95856, 0.1299
182, 62, -1.13565, 5.56258, 0.97496, 0.94174, -0.3324, -0.0184, 0.80, 0.80, 0.80, 1.00, 0.95589, 0.0481
183, 71, -1.38878, 5.03867, 1.32096, 0.83798, -0.51382, -0.17856, 0.80, 0.80, 0.80, 1.00, 0.95856, 0.1299
184, 55, -1.4292, 5.5353, 0.70792, 0.04502, -0.45532, -0.88807, 0.80, 0.80, 0.80, 1.00, 0.92383, 0.04943
185, 62, -1.13565, 5.56258, 0.97496, 0.94174, -0.3324, -0.0184, 0.80, 0.80, 0.80, 1.00, 0.95589, 0.0481
186, 71, -1.38878, 5.03867, 1.32096, 0.83798, -0.51382, -0.17856, 0.80, 0.80, 0.80, 1.00, 0.95856, 0.1299
187, 67, -1.55038, 5.0072, 1.18042, -0.22568, -0.62787, -0.74386, 0.80, 0.80, 0.80, 1.00, 0.92921, 0.13049
188, 55, -1.4292, 5.5353, 0.70792, 0.04502, -0.45532, -0.88807, 0.80, 0.80, 0.80, 1.00, 0.92383, 0.04943
189, 72, -1.6827, 5.05538, 1.26741, -0.97738, -0.12991, -0.15881, 0.80, 0.80, 0.80, 1.00, 0.89315, 0.131
190, 64, -1.7319, 5.72283, 1.02449, -0.94358, 0.19151, 0.26533, 0.80, 0.80, 0.80, 1.00, 0.87444, 0.04921
191, 58, -1.67347, 5.62809, 0.83971, -0.81493, -0.05038, -0.57517, 0.80, 0.80, 0.80, 1.00, 0.89729, 0.04995
192, 72, -1.6827, 5.05538, 1.26741, -0.97738, -0.12991, -0.15881, 0.80, 0.80, 0.80, 1.00, 0.89315, 0.131
193, 73, -1.69406, 5.10429, 1.33393, -0.85491, 0.18972, 0.48013, 0.80, 0.80, 0.80, 1.00, 0.86425, 0.13012
194, 64, -1.7319, 5.72283, 1.02449, -0.94358, 0.19151, 0.26533, 0.80, 0.80, 0.80, 1.00, 0.87444, 0.04921
195, 73, -1.69406, 5.10429, 1.33393, -0.85491, 0.18972, 0.48013, 0.80, 0.80, 0.80, 1.00, 0.86425, 0.13012
196, 51, -1.51892, 5.73027, 1.22156, -0.25703, 0.33408, 0.90556, 0.80, 0.80, 0.80, 1.00, 0.84986, 0.04749
197, 64, -1.7319, 5.72283, 1.02449, -0.94358, 0.19151, 0.26533, 0.80, 0.80, 0.80, 1.00, 0.87444, 0.04921
198, 73, -1.69406, 5.10429, 1.33393, -0.85491, 0.18972, 0.48013, 0.80, 0.80, 0.80, 1.00, 0.86425, 0.13012
199, 65, -1.57841, 5.11538, 1.43914, -0.12853, 0.33393, 0.93258, 0.80, 0.80, 0.80, 1.00, 0.83237, 0.12965
200, 51, -1.51892, 5.73027, 1.22156, -0.25703, 0.33408, 0.90556, 0.80, 0.80, 0.80, 1.00, 0.84986, 0.04749
201, 74, -1.07093, 7.22663, 0.73525, -0.7165, 0.36494, 0.59259, 0.80, 0.80, 0.80, 1.00, 0.90, 0.24736
202, 75, -0.74605, 7.47994, 0.95283, -0.63534, 0.46096, 0.61791, 0.80, 0.80, 0.80, 1.00, 0.99013, 0.19746
203, 76, -1.0541, 7.54268, 0.58897, -0.84192, 0.5339, -0.06537, 0.80, 0.80, 0.80, 1.00, 0.87617, 0.20965
204, 74, -1.07093, 7.22663, 0.73525, -0.7165, 0.36494, 0.59259, 0.80, 0.80, 0.80, 1.00, 0.90, 0.24736
205, 77, -0.88584, 7.12605, 0.98554, -0.67745, 0.35423, 0.64287, 0.80, 0.80, 0.80, 1.00, 0.99122, 0.2465
206, 75, -0.74605, 7.47994, 0.95283, -0.63534, 0.46096, 0.61791, 0.80, 0.80, 0.80, 1.00, 0.99013, 0.19746
207, 76, -1.0541, 7.54268, 0.58897, -0.84192, 0.5339, -0.06537, 0.80, 0.80, 0.80, 1.00, 0.87617, 0.20965
208, 75, -0.74605, 7.47994, 0.95283, -0.63534, 0.46096, 0.61791, 0.80, 0.80, 0.80, 1.00, 0.99013, 0.19746
209, 78, -0.73117, 7.85908, 0.5909, -0.67296, 0.68715, 0.27124, 0.80, 0.80, 0.80, 1.00, 0.89775, 0.14833
210, 78, -0.73117, 7.85908, 0.5909, -0.67296, 0.68715, 0.27124, 0.80, 0.80, 0.80, 1.00, 0.89775, 0.14833
211, 75, -0.74605, 7.47994, 0.95283, -0.63534, 0.46096, 0.61791, 0.80, 0.80, 0.80, 1.00, 0.99013, 0.19746
212, 79, -0.52914, 7.79427, 0.85278, -0.56899, 0.57947, 0.58204, 0.80, 0.80, 0.80, 1.00, 0.99046, 0.14853
213, 80, -0.73117, 7.85908, 0.5909, -0.4175, 0.90696, 0.04974, 0.80, 0.80, 0.80, 1.00, 0.78808, 0.10212
214, 81, -0.52914, 7.79427, 0.85278, -0.11849, 0.80475, 0.58087, 0.80, 0.80, 0.80, 1.00, 0.73217, 0.10346
215, 82, -0.55796, 7.94055, 0.56202, -0.20418, 0.97195, 0.11499, 0.80, 0.80, 0.80, 1.00, 0.78005, 0.11705
216, 82, -0.55796, 7.94055, 0.56202, -0.20418, 0.97195, 0.11499, 0.80, 0.80, 0.80, 1.00, 0.78005, 0.11705
217, 81, -0.52914, 7.79427, 0.85278, -0.11849, 0.80475, 0.58087, 0.80, 0.80, 0.80, 1.00, 0.73217, 0.10346
218, 83, -0.4244, 7.87203, 0.7607, 0.11993, 0.82784, 0.54718, 0.80, 0.80, 0.80, 1.00, 0.73853, 0.11711
219, 84, -1.15485, 7.29195, 0.53641, -0.84206, 0.44315, -0.30409, 0.80, 0.80, 0.80, 1.00, 0.867, 0.24465
220, 85, -0.67794, 7.41729, 0.22512, -0.53185, 0.3883, -0.75105, 0.80, 0.80, 0.80, 1.00, 0.80945, 0.21055
221, 86, -0.86344, 7.13807, 0.27002, 0.03125, -0.06399, -0.99613, 0.80, 0.80, 0.80, 1.00, 0.80765, 0.24557
222, 84, -1.15485, 7.29195, 0.53641, -0.84206, 0.44315, -0.30409, 0.80, 0.80, 0.80, 1.00, 0.867, 0.24465
223, 76, -1.0541, 7.54268, 0.58897, -0.84192, 0.5339, -0.06537, 0.80, 0.80, 0.80, 1.00, 0.87617, 0.20965
224, 85, -0.67794, 7.41729, 0.22512, -0.53185, 0.3883, -0.75105, 0.80, 0.80, 0.80, 1.00, 0.80945, 0.21055
225, 87, -0.88584, 7.12605, 0.98554, 0.30839, -0.12379, 0.94178, 0.80, 0.80, 0.80, 1.00, 0.61898, 0.24905
226, 88, -0.39643, 6.92831, 0.61076, 0.77017, -0.32194, 0.54853, 0.80, 0.80, 0.80, 1.00, 0.71846, 0.24832
227, 89, -0.40624, 7.17824, 0.83969, 0.25453, -0.12807, 0.95717, 0.80, 0.80, 0.80, 1.00, 0.70424, 0.21431
228, 90, -0.74605, 7.47994, 0.95283, 0.325, 0.01202, 0.94427, 0.80, 0.80, 0.80, 1.00, 0.61758, 0.20001
229, 87, -0.88584, 7.12605, 0.98554, 0.30839, -0.12379, 0.94178, 0.80, 0.80, 0.80, 1.00, 0.61898, 0.24905
230, 89, -0.40624, 7.17824, 0.83969, 0.25453, -0.12807, 0.95717, 0.80, 0.80, 0.80, 1.00, 0.70424, 0.21431
231, 76, -1.0541, 7.54268, 0.58897, -0.84192, 0.5339, -0.06537, 0.80, 0.80, 0.80, 1.00, 0.87617, 0.20965
232, 91, -0.54046, 7.83119, 0.29183, -0.62376, 0.4685, -0.62395, 0.80, 0.80, 0.80, 1.00, 0.81012, 0.14623
233, 85, -0.67794, 7.41729, 0.22512, -0.53185, 0.3883, -0.75105, 0.80, 0.80, 0.80, 1.00, 0.80945, 0.21055
234, 76, -1.0541, 7.54268, 0.58897, -0.84192, 0.5339, -0.06537, 0.80, 0.80, 0.80, 1.00, 0.87617, 0.20965
235, 78, -0.73117, 7.85908, 0.5909, -0.67296, 0.68715, 0.27124, 0.80, 0.80, 0.80, 1.00, 0.89775, 0.14833
236, 91, -0.54046, 7.83119, 0.29183, -0.62376, 0.4685, -0.62395, 0.80, 0.80, 0.80, 1.00, 0.81012, 0.14623
237, 92, -0.52914, 7.79427, 0.85278, 0.1967, 0.0187, 0.97895, 0.80, 0.80, 0.80, 1.00, 0.61774, 0.14789
238, 89, -0.40624, 7.17824, 0.83969, 0.25453, -0.12807, 0.95717, 0.80, 0.80, 0.80, 1.00, 0.70424, 0.21431
239, 93, -0.1545, 7.68037, 0.83914, 0.03196, -0.01461, 0.99804, 0.80, 0.80, 0.80, 1.00, 0.69579, 0.14495
240, 92, -0.52914, 7.79427, 0.85278, 0.1967, 0.0187, 0.97895, 0.80, 0.80, 0.80, 1.00, 0.61774, 0.14789
241, 90, -0.74605, 7.47994, 0.95283, 0.325, 0.01202, 0.94427, 0.80, 0.80, 0.80, 1.00, 0.61758, 0.20001
242, 89, -0.40624, 7.17824, 0.83969, 0.25453, -0.12807, 0.95717, 0.80, 0.80, 0.80, 1.00, 0.70424, 0.21431
243, 82, -0.55796, 7.94055, 0.56202, -0.20418, 0.97195, 0.11499, 0.80, 0.80, 0.80, 1.00, 0.78005, 0.11705
244, 94, -0.39742, 7.95127, 0.39192, -0.1499, 0.9853, -0.07903, 0.80, 0.80, 0.80, 1.00, 0.7888, 0.14547
245, 95, -0.54046, 7.83119, 0.29183, -0.44108, 0.82137, -0.36009, 0.80, 0.80, 0.80, 1.00, 0.80958, 0.14557
246, 80, -0.73117, 7.85908, 0.5909, -0.4175, 0.90696, 0.04974, 0.80, 0.80, 0.80, 1.00, 0.78808, 0.10212
247, 82, -0.55796, 7.94055, 0.56202, -0.20418, 0.97195, 0.11499, 0.80, 0.80, 0.80, 1.00, 0.78005, 0.11705
248, 95, -0.54046, 7.83119, 0.29183, -0.44108, 0.82137, -0.36009, 0.80, 0.80, 0.80, 1.00, 0.80958, 0.14557
249, 82, -0.55796, 7.94055, 0.56202, -0.20418, 0.97195, 0.11499, 0.80, 0.80, 0.80, 1.00, 0.78005, 0.11705
250, 96, -0.20754, 7.8547, 0.67354, 0.22092, 0.90215, 0.36962, 0.80, 0.80, 0.80, 1.00, 0.72992, 0.14557
251, 94, -0.39742, 7.95127, 0.39192, -0.1499, 0.9853, -0.07903, 0.80, 0.80, 0.80, 1.00, 0.7888, 0.14547
252, 82, -0.55796, 7.94055, 0.56202, -0.20418, 0.97195, 0.11499, 0.80, 0.80, 0.80, 1.00, 0.78005, 0.11705
253, 83, -0.4244, 7.87203, 0.7607, 0.11993, 0.82784, 0.54718, 0.80, 0.80, 0.80, 1.00, 0.73853, 0.11711
254, 96, -0.20754, 7.8547, 0.67354, 0.22092, 0.90215, 0.36962, 0.80, 0.80, 0.80, 1.00, 0.72992, 0.14557
255, 83, -0.4244, 7.87203, 0.7607, 0.11993, 0.82784, 0.54718, 0.80, 0.80, 0.80, 1.00, 0.73853, 0.11711
256, 97, -0.1545, 7.68037, 0.83914, 0.26403, 0.66059, 0.70176, 0.80, 0.80, 0.80, 1.00, 0.69529, 0.14565
257, 96, -0.20754, 7.8547, 0.67354, 0.22092, 0.90215, 0.36962, 0.80, 0.80, 0.80, 1.00, 0.72992, 0.14557
258, 83, -0.4244, 7.87203, 0.7607, 0.11993, 0.82784, 0.54718, 0.80, 0.80, 0.80, 1.00, 0.73853, 0.11711
259, 81, -0.52914, 7.79427, 0.85278, -0.11849, 0.80475, 0.58087, 0.80, 0.80, 0.80, 1.00, 0.73217, 0.10346
260, 97, -0.1545, 7.68037, 0.83914, 0.26403, 0.66059, 0.70176, 0.80, 0.80, 0.80, 1.00, 0.69529, 0.14565
261, 98, -0.83669, 6.66983, 0.98538, 0.34138, -0.14047, 0.92797, 0.80, 0.80, 0.80, 1.00, 0.66835, 0.29778
262, 88, -0.39643, 6.92831, 0.61076, 0.77017, -0.32194, 0.54853, 0.80, 0.80, 0.80, 1.00, 0.71846, 0.24832
263, 87, -0.88584, 7.12605, 0.98554, 0.30839, -0.12379, 0.94178, 0.80, 0.80, 0.80, 1.00, 0.61898, 0.24905
264, 98, -0.83669, 6.66983, 0.98538, 0.34138, -0.14047, 0.92797, 0.80, 0.80, 0.80, 1.00, 0.66835, 0.29778
265, 99, -0.72567, 6.47401, 0.78002, 0.82585, -0.56099, 0.03844, 0.80, 0.80, 0.80, 1.00, 0.70995, 0.31396
266, 88, -0.39643, 6.92831, 0.61076, 0.77017, -0.32194, 0.54853, 0.80, 0.80, 0.80, 1.00, 0.71846, 0.24832
267, 99, -0.72567, 6.47401, 0.78002, 0.82585, -0.56099, 0.03844, 0.80, 0.80, 0.80, 1.00, 0.70995, 0.31396
268, 86, -0.86344, 7.13807, 0.27002, 0.03125, -0.06399, -0.99613, 0.80, 0.80, 0.80, 1.00, 0.80765, 0.24557
269, 88, -0.39643, 6.92831, 0.61076, 0.77017, -0.32194, 0.54853, 0.80, 0.80, 0.80, 1.00, 0.71846, 0.24832
270, 99, -0.72567, 6.47401, 0.78002, 0.82585, -0.56099, 0.03844, 0.80, 0.80, 0.80, 1.00, 0.70995, 0.31396
271, 100, -1.02806, 6.64897, 0.37719, 0.51439, -0.45423, -0.72597, 0.80, 0.80, 0.80, 1.00, 0.79836, 0.31124
272, 86, -0.86344, 7.13807, 0.27002, 0.03125, -0.06399, -0.99613, 0.80, 0.80, 0.80, 1.00, 0.80765, 0.24557
273, 101, -1.30676, 6.88934, 0.45452, -0.74513, 0.2198, -0.62772, 0.80, 0.80, 0.80, 1.00, 0.85923, 0.2996
274, 84, -1.15485, 7.29195, 0.53641, -0.84206, 0.44315, -0.30409, 0.80, 0.80, 0.80, 1.00, 0.867, 0.24465
275, 86, -0.86344, 7.13807, 0.27002, 0.03125, -0.06399, -0.99613, 0.80, 0.80, 0.80, 1.00, 0.80765, 0.24557
276, 101, -1.30676, 6.88934, 0.45452, -0.74513, 0.2198, -0.62772, 0.80, 0.80, 0.80, 1.00, 0.85923, 0.2996
277, 102, -1.35844, 6.82235, 0.70242, -0.89306, 0.39194, 0.21594, 0.80, 0.80, 0.80, 1.00, 0.90049, 0.31033
278, 84, -1.15485, 7.29195, 0.53641, -0.84206, 0.44315, -0.30409, 0.80, 0.80, 0.80, 1.00, 0.867, 0.24465
279, 77, -0.88584, 7.12605, 0.98554, -0.67745, 0.35423, 0.64287, 0.80, 0.80, 0.80, 1.00, 0.99122, 0.2465
280, 74, -1.07093, 7.22663, 0.73525, -0.7165, 0.36494, 0.59259, 0.80, 0.80, 0.80, 1.00, 0.90, 0.24736
281, 103, -1.13889, 6.68126, 0.9826, -0.68515, 0.30808, 0.65822, 0.80, 0.80, 0.80, 1.00, 0.98934, 0.31183
282, 102, -1.35844, 6.82235, 0.70242, -0.89306, 0.39194, 0.21594, 0.80, 0.80, 0.80, 1.00, 0.90049, 0.31033
283, 103, -1.13889, 6.68126, 0.9826, -0.68515, 0.30808, 0.65822, 0.80, 0.80, 0.80, 1.00, 0.98934, 0.31183
284, 74, -1.07093, 7.22663, 0.73525, -0.7165, 0.36494, 0.59259, 0.80, 0.80, 0.80, 1.00, 0.90, 0.24736
285, 98, -0.83669, 6.66983, 0.98538, 0.34138, -0.14047, 0.92797, 0.80, 0.80, 0.80, 1.00, 0.66835, 0.29778
286, 87, -0.88584, 7.12605, 0.98554, 0.30839, -0.12379, 0.94178, 0.80, 0.80, 0.80, 1.00, 0.61898, 0.24905
287, 104, -1.13889, 6.68126, 0.9826, -0.00832, 0.01902, 0.99844, 0.80, 0.80, 0.80, 1.00, 0.61655, 0.31439
288, 101, -1.30676, 6.88934, 0.45452, -0.74513, 0.2198, -0.62772, 0.80, 0.80, 0.80, 1.00, 0.85923, 0.2996
289, 86, -0.86344, 7.13807, 0.27002, 0.03125, -0.06399, -0.99613, 0.80, 0.80, 0.80, 1.00, 0.80765, 0.24557
290, 105, -1.18348, 6.47749, 0.38595, 0.23218, -0.03041, -0.97079, 0.80, 0.80, 0.80, 1.00, 0.80882, 0.34002
291, 106, -1.21007, 6.47997, 0.98985, 0.04171, -0.05805, 0.99609, 0.80, 0.80, 0.80, 1.00, 0.61687, 0.34162
292, 98, -0.83669, 6.66983, 0.98538, 0.34138, -0.14047, 0.92797, 0.80, 0.80, 0.80, 1.00, 0.66835, 0.29778
293, 104, -1.13889, 6.68126, 0.9826, -0.00832, 0.01902, 0.99844, 0.80, 0.80, 0.80, 1.00, 0.61655, 0.31439
294, 106, -1.21007, 6.47997, 0.98985, 0.04171, -0.05805, 0.99609, 0.80, 0.80, 0.80, 1.00, 0.61687, 0.34162
295, 107, -1.05827, 6.39172, 0.96203, 0.49518, -0.21752, 0.83962, 0.80, 0.80, 0.80, 1.00, 0.66031, 0.3427
296, 98, -0.83669, 6.66983, 0.98538, 0.34138, -0.14047, 0.92797, 0.80, 0.80, 0.80, 1.00, 0.66835, 0.29778
297, 105, -1.18348, 6.47749, 0.38595, 0.23218, -0.03041, -0.97079, 0.80, 0.80, 0.80, 1.00, 0.80882, 0.34002
298, 86, -0.86344, 7.13807, 0.27002, 0.03125, -0.06399, -0.99613, 0.80, 0.80, 0.80, 1.00, 0.80765, 0.24557
299, 100, -1.02806, 6.64897, 0.37719, 0.51439, -0.45423, -0.72597, 0.80, 0.80, 0.80, 1.00, 0.79836, 0.31124
300, 105, -1.18348, 6.47749, 0.38595, 0.23218, -0.03041, -0.97079, 0.80, 0.80, 0.80, 1.00, 0.80882, 0.34002
301, 108, -1.38817, 6.57203, 0.50391, -0.59828, 0.44731, -0.66318, 0.80, 0.80, 0.80, 1.00, 0.85691, 0.34094
302, 101, -1.30676, 6.88934, 0.45452, -0.74513, 0.2198, -0.62772, 0.80, 0.80, 0.80, 1.00, 0.85923, 0.2996
303, 107, -1.05827, 6.39172, 0.96203, 0.49518, -0.21752, 0.83962, 0.80, 0.80, 0.80, 1.00, 0.66031, 0.3427
304, 99, -0.72567, 6.47401, 0.78002, 0.82585, -0.56099, 0.03844, 0.80, 0.80, 0.80, 1.00, 0.70995, 0.31396
305, 98, -0.83669, 6.66983, 0.98538, 0.34138, -0.14047, 0.92797, 0.80, 0.80, 0.80, 1.00, 0.66835, 0.29778
306, 107, -1.05827, 6.39172, 0.96203, 0.49518, -0.21752, 0.83962, 0.80, 0.80, 0.80, 1.00, 0.66031, 0.3427
307, 109, -0.88108, 6.31489, 0.79641, 0.95279, -0.29587, 0.04786, 0.80, 0.80, 0.80, 1.00, 0.70581, 0.34132
308, 99, -0.72567, 6.47401, 0.78002, 0.82585, -0.56099, 0.03844, 0.80, 0.80, 0.80, 1.00, 0.70995, 0.31396
309, 109, -0.88108, 6.31489, 0.79641, 0.95279, -0.29587, 0.04786, 0.80, 0.80, 0.80, 1.00, 0.70581, 0.34132
310, 100, -1.02806, 6.64897, 0.37719, 0.51439, -0.45423, -0.72597, 0.80, 0.80, 0.80, 1.00, 0.79836, 0.31124
311, 99, -0.72567, 6.47401, 0.78002, 0.82585, -0.56099, 0.03844, 0.80, 0.80, 0.80, 1.00, 0.70995, 0.31396
312, 109, -0.88108, 6.31489, 0.79641, 0.95279, -0.29587, 0.04786, 0.80, 0.80, 0.80, 1.00, 0.70581, 0.34132
313, 105, -1.18348, 6.47749, 0.38595, 0.23218, -0.03041, -0.97079, 0.80, 0.80, 0.80, 1.00, 0.80882, 0.34002
314, 100, -1.02806, 6.64897, 0.37719, 0.51439, -0.45423, -0.72597, 0.80, 0.80, 0.80, 1.00, 0.79836, 0.31124
315, 108, -1.38817, 6.57203, 0.50391, -0.59828, 0.44731, -0.66318, 0.80, 0.80, 0.80, 1.00, 0.85691, 0.34094
316, 102, -1.35844, 6.82235, 0.70242, -0.89306, 0.39194, 0.21594, 0.80, 0.80, 0.80, 1.00, 0.90049, 0.31033
317, 101, -1.30676, 6.88934, 0.45452, -0.74513, 0.2198, -0.62772, 0.80, 0.80, 0.80, 1.00, 0.85923, 0.2996
318, 108, -1.38817, 6.57203, 0.50391, -0.59828, 0.44731, -0.66318, 0.80, 0.80, 0.80, 1.00, 0.85691, 0.34094
319, 110, -1.44806, 6.61823, 0.66148, -0.75073, 0.6466, 0.12959, 0.80, 0.80, 0.80, 1.00, 0.89202, 0.33907
320, 102, -1.35844, 6.82235, 0.70242, -0.89306, 0.39194, 0.21594, 0.80, 0.80, 0.80, 1.00, 0.90049, 0.31033
321, 110, -1.44806, 6.61823, 0.66148, -0.75073, 0.6466, 0.12959, 0.80, 0.80, 0.80, 1.00, 0.89202, 0.33907
322, 103, -1.13889, 6.68126, 0.9826, -0.68515, 0.30808, 0.65822, 0.80, 0.80, 0.80, 1.00, 0.98934, 0.31183
323, 102, -1.35844, 6.82235, 0.70242, -0.89306, 0.39194, 0.21594, 0.80, 0.80, 0.80, 1.00, 0.90049, 0.31033
324, 110, -1.44806, 6.61823, 0.66148, -0.75073, 0.6466, 0.12959, 0.80, 0.80, 0.80, 1.00, 0.89202, 0.33907
325, 111, -1.21007, 6.47997, 0.98985, -0.48592, 0.61844, 0.61632, 0.80, 0.80, 0.80, 1.00, 0.9901, 0.33906
326, 103, -1.13889, 6.68126, 0.9826, -0.68515, 0.30808, 0.65822, 0.80, 0.80, 0.80, 1.00, 0.98934, 0.31183
327, 112, -1.29716, 6.39545, 1.07541, 0.29564, 0.45811, 0.83712, 0.80, 0.80, 0.80, 1.00, 0.61703, 0.36159
328, 113, -1.05827, 6.39172, 0.96203, 0.30049, 0.32369, 0.89593, 0.80, 0.80, 0.80, 1.00, 0.66051, 0.34334
329, 114, -1.21007, 6.47997, 0.98985, 0.31237, 0.24937, 0.91536, 0.80, 0.80, 0.80, 1.00, 0.61691, 0.34226
330, 112, -1.29716, 6.39545, 1.07541, 0.29564, 0.45811, 0.83712, 0.80, 0.80, 0.80, 1.00, 0.61703, 0.36159
331, 115, -1.03345, 6.29096, 1.04958, 0.28479, 0.3556, 0.88897, 0.80, 0.80, 0.80, 1.00, 0.66085, 0.3621
332, 113, -1.05827, 6.39172, 0.96203, 0.30049, 0.32369, 0.89593, 0.80, 0.80, 0.80, 1.00, 0.66051, 0.34334
333, 116, -1.25305, 6.22764, 0.35038, 0.14966, -0.16731, -0.97316, 0.80, 0.80, 0.80, 1.00, 0.80364, 0.35882
334, 108, -1.38817, 6.57203, 0.50391, -0.59828, 0.44731, -0.66318, 0.80, 0.80, 0.80, 1.00, 0.85691, 0.34094
335, 105, -1.18348, 6.47749, 0.38595, 0.23218, -0.03041, -0.97079, 0.80, 0.80, 0.80, 1.00, 0.80882, 0.34002
336, 116, -1.25305, 6.22764, 0.35038, 0.14966, -0.16731, -0.97316, 0.80, 0.80, 0.80, 1.00, 0.80364, 0.35882
337, 117, -1.54307, 6.34706, 0.48939, -0.72182, 0.11908, -0.67992, 0.80, 0.80, 0.80, 1.00, 0.85733, 0.35974
338, 108, -1.38817, 6.57203, 0.50391, -0.59828, 0.44731, -0.66318, 0.80, 0.80, 0.80, 1.00, 0.85691, 0.34094
339, 118, -1.03345, 6.29096, 1.04958, 0.80687, 0.15324, 0.56833, 0.80, 0.80, 0.80, 1.00, 0.66065, 0.36146
340, 109, -0.88108, 6.31489, 0.79641, 0.95279, -0.29587, 0.04786, 0.80, 0.80, 0.80, 1.00, 0.70581, 0.34132
341, 107, -1.05827, 6.39172, 0.96203, 0.49518, -0.21752, 0.83962, 0.80, 0.80, 0.80, 1.00, 0.66031, 0.3427
342, 118, -1.03345, 6.29096, 1.04958, 0.80687, 0.15324, 0.56833, 0.80, 0.80, 0.80, 1.00, 0.66065, 0.36146
343, 119, -0.84548, 6.1801, 0.78258, 0.99614, -0.064, -0.03087, 0.80, 0.80, 0.80, 1.00, 0.7111, 0.3601
344, 109, -0.88108, 6.31489, 0.79641, 0.95279, -0.29587, 0.04786, 0.80, 0.80, 0.80, 1.00, 0.70581, 0.34132
345, 119, -0.84548, 6.1801, 0.78258, 0.99614, -0.064, -0.03087, 0.80, 0.80, 0.80, 1.00, 0.7111, 0.3601
346, 105, -1.18348, 6.47749, 0.38595, 0.23218, -0.03041, -0.97079, 0.80, 0.80, 0.80, 1.00, 0.80882, 0.34002
347, 109, -0.88108, 6.31489, 0.79641, 0.95279, -0.29587, 0.04786, 0.80, 0.80, 0.80, 1.00, 0.70581, 0.34132
348, 119, -0.84548, 6.1801, 0.78258, 0.99614, -0.064, -0.03087, 0.80, 0.80, 0.80, 1.00, 0.7111, 0.3601
349, 116, -1.25305, 6.22764, 0.35038, 0.14966, -0.16731, -0.97316, 0.80, 0.80, 0.80, 1.00, 0.80364, 0.35882
350, 105, -1.18348, 6.47749, 0.38595, 0.23218, -0.03041, -0.97079, 0.80, 0.80, 0.80, 1.00, 0.80882, 0.34002
351, 117, -1.54307, 6.34706, 0.48939, -0.72182, 0.11908, -0.67992, 0.80, 0.80, 0.80, 1.00, 0.85733, 0.35974
352, 110, -1.44806, 6.61823, 0.66148, -0.75073, 0.6466, 0.12959, 0.80, 0.80, 0.80, 1.00, 0.89202, 0.33907
353, 108, -1.38817, 6.57203, 0.50391, -0.59828, 0.44731, -0.66318, 0.80, 0.80, 0.80, 1.00, 0.85691, 0.34094
354, 117, -1.54307, 6.34706, 0.48939, -0.72182, 0.11908, -0.67992, 0.80, 0.80, 0.80, 1.00, 0.85733, 0.35974
355, 120, -1.61782, 6.4417, 0.73113, -0.83918, 0.53231, 0.10284, 0.80, 0.80, 0.80, 1.00, 0.9008, 0.35788
356, 110, -1.44806, 6.61823, 0.66148, -0.75073, 0.6466, 0.12959, 0.80, 0.80, 0.80, 1.00, 0.89202, 0.33907
357, 120, -1.61782, 6.4417, 0.73113, -0.83918, 0.53231, 0.10284, 0.80, 0.80, 0.80, 1.00, 0.9008, 0.35788
358, 111, -1.21007, 6.47997, 0.98985, -0.48592, 0.61844, 0.61632, 0.80, 0.80, 0.80, 1.00, 0.9901, 0.33906
359, 110, -1.44806, 6.61823, 0.66148, -0.75073, 0.6466, 0.12959, 0.80, 0.80, 0.80, 1.00, 0.89202, 0.33907
360, 120, -1.61782, 6.4417, 0.73113, -0.83918, 0.53231, 0.10284, 0.80, 0.80, 0.80, 1.00, 0.9008, 0.35788
361, 121, -1.29716, 6.39545, 1.07541, -0.53311, 0.61123, 0.58362, 0.80, 0.80, 0.80, 1.00, 0.98896, 0.35775
362, 111, -1.21007, 6.47997, 0.98985, -0.48592, 0.61844, 0.61632, 0.80, 0.80, 0.80, 1.00, 0.9901, 0.33906
363, 122, -1.41992, 6.08448, 1.21013, 0.19857, -0.03187, 0.97822, 0.80, 0.80, 0.80, 1.00, 0.61681, 0.40716
364, 115, -1.03345, 6.29096, 1.04958, 0.28479, 0.3556, 0.88897, 0.80, 0.80, 0.80, 1.00, 0.66085, 0.3621
365, 112, -1.29716, 6.39545, 1.07541, 0.29564, 0.45811, 0.83712, 0.80, 0.80, 0.80, 1.00, 0.61703, 0.36159
366, 122, -1.41992, 6.08448, 1.21013, 0.19857, -0.03187, 0.97822, 0.80, 0.80, 0.80, 1.00, 0.61681, 0.40716
367, 123, -1.18462, 5.99136, 1.14496, 0.12471, -0.33926, 0.93101, 0.80, 0.80, 0.80, 1.00, 0.65224, 0.40658
368, 115, -1.03345, 6.29096, 1.04958, 0.28479, 0.3556, 0.88897, 0.80, 0.80, 0.80, 1.00, 0.66085, 0.3621
369, 124, -1.31602, 5.88702, 0.57128, -0.04511, -0.67639, -0.73424, 0.80, 0.80, 0.80, 1.00, 0.79036, 0.40813
370, 117, -1.54307, 6.34706, 0.48939, -0.72182, 0.11908, -0.67992, 0.80, 0.80, 0.80, 1.00, 0.85733, 0.35974
371, 116, -1.25305, 6.22764, 0.35038, 0.14966, -0.16731, -0.97316, 0.80, 0.80, 0.80, 1.00, 0.80364, 0.35882
372, 124, -1.31602, 5.88702, 0.57128, -0.04511, -0.67639, -0.73424, 0.80, 0.80, 0.80, 1.00, 0.79036, 0.40813
373, 125, -1.58498, 6.00056, 0.73793, -0.80476, -0.34822, -0.47834, 0.80, 0.80, 0.80, 1.00, 0.87804, 0.40966
374, 117, -1.54307, 6.34706, 0.48939, -0.72182, 0.11908, -0.67992, 0.80, 0.80, 0.80, 1.00, 0.85733, 0.35974
375, 126, -1.18462, 5.99136, 1.14496, 0.63949, -0.3017, 0.70544, 0.80, 0.80, 0.80, 1.00, 0.65203, 0.40594
376, 119, -0.84548, 6.1801, 0.78258, 0.99614, -0.064, -0.03087, 0.80, 0.80, 0.80, 1.00, 0.7111, 0.3601
377, 118, -1.03345, 6.29096, 1.04958, 0.80687, 0.15324, 0.56833, 0.80, 0.80, 0.80, 1.00, 0.66065, 0.36146
378, 126, -1.18462, 5.99136, 1.14496, 0.63949, -0.3017, 0.70544, 0.80, 0.80, 0.80, 1.00, 0.65203, 0.40594
379, 127, -0.96123, 5.87622, 0.92105, 0.68571, -0.72385, 0.06733, 0.80, 0.80, 0.80, 1.00, 0.70178, 0.40485
380, 119, -0.84548, 6.1801, 0.78258, 0.99614, -0.064, -0.03087, 0.80, 0.80, 0.80, 1.00, 0.7111, 0.3601
381, 127, -0.96123, 5.87622, 0.92105, 0.68571, -0.72385, 0.06733, 0.80, 0.80, 0.80, 1.00, 0.70178, 0.40485
382, 116, -1.25305, 6.22764, 0.35038, 0.14966, -0.16731, -0.97316, 0.80, 0.80, 0.80, 1.00, 0.80364, 0.35882
383, 119, -0.84548, 6.1801, 0.78258, 0.99614, -0.064, -0.03087, 0.80, 0.80, 0.80, 1.00, 0.7111, 0.3601
384, 127, -0.96123, 5.87622, 0.92105, 0.68571, -0.72385, 0.06733, 0.80, 0.80, 0.80, 1.00, 0.70178, 0.40485
385, 124, -1.31602, 5.88702, 0.57128, -0.04511, -0.67639, -0.73424, 0.80, 0.80, 0.80, 1.00, 0.79036, 0.40813
386, 116, -1.25305, 6.22764, 0.35038, 0.14966, -0.16731, -0.97316, 0.80, 0.80, 0.80, 1.00, 0.80364, 0.35882
387, 125, -1.58498, 6.00056, 0.73793, -0.80476, -0.34822, -0.47834, 0.80, 0.80, 0.80, 1.00, 0.87804, 0.40966
388, 120, -1.61782, 6.4417, 0.73113, -0.83918, 0.53231, 0.10284, 0.80, 0.80, 0.80, 1.00, 0.9008, 0.35788
389, 117, -1.54307, 6.34706, 0.48939, -0.72182, 0.11908, -0.67992, 0.80, 0.80, 0.80, 1.00, 0.85733, 0.35974
390, 125, -1.58498, 6.00056, 0.73793, -0.80476, -0.34822, -0.47834, 0.80, 0.80, 0.80, 1.00, 0.87804, 0.40966
391, 128, -1.67718, 6.10525, 0.95367, -0.96778, -0.02554, 0.24493, 0.80, 0.80, 0.80, 1.00, 0.92605, 0.40659
392, 120, -1.61782, 6.4417, 0.73113, -0.83918, 0.53231, 0.10284, 0.80, 0.80, 0.80, 1.00, 0.9008, 0.35788
393, 128, -1.67718, 6.10525, 0.95367, -0.96778, -0.02554, 0.24493, 0.80, 0.80, 0.80, 1.00, 0.92605, 0.40659
394, 121, -1.29716, 6.39545, 1.07541, -0.53311, 0.61123, 0.58362, 0.80, 0.80, 0.80, 1.00, 0.98896, 0.35775
395, 120, -1.61782, 6.4417, 0.73113, -0.83918, 0.53231, 0.10284, 0.80, 0.80, 0.80, 1.00, 0.9008, 0.35788
396, 128, -1.67718, 6.10525, 0.95367, -0.96778, -0.02554, 0.24493, 0.80, 0.80, 0.80, 1.00, 0.92605, 0.40659
397, 129, -1.41992, 6.08448, 1.21013, -0.70468, -0.04244, 0.70623, 0.80, 0.80, 0.80, 1.00, 0.98879, 0.40333
398, 121, -1.29716, 6.39545, 1.07541, -0.53311, 0.61123, 0.58362, 0.80, 0.80, 0.80, 1.00, 0.98896, 0.35775
399, 130, -1.43268, 6.00194, 1.15693, 0.01736, -0.54565, 0.83647, 0.80, 0.80, 0.80, 1.00, 0.61683, 0.41609
400, 123, -1.18462, 5.99136, 1.14496, 0.12471, -0.33926, 0.93101, 0.80, 0.80, 0.80, 1.00, 0.65224, 0.40658
401, 122, -1.41992, 6.08448, 1.21013, 0.19857, -0.03187, 0.97822, 0.80, 0.80, 0.80, 1.00, 0.61681, 0.40716
402, 130, -1.43268, 6.00194, 1.15693, 0.01736, -0.54565, 0.83647, 0.80, 0.80, 0.80, 1.00, 0.61683, 0.41609
403, 131, -1.24402, 5.92699, 1.10406, 0.01722, -0.54754, 0.83524, 0.80, 0.80, 0.80, 1.00, 0.65123, 0.41554
404, 123, -1.18462, 5.99136, 1.14496, 0.12471, -0.33926, 0.93101, 0.80, 0.80, 0.80, 1.00, 0.65224, 0.40658
405, 132, -1.336, 5.83366, 0.63522, -0.28845, -0.69591, -0.65663, 0.80, 0.80, 0.80, 1.00, 0.78671, 0.41705
406, 125, -1.58498, 6.00056, 0.73793, -0.80476, -0.34822, -0.47834, 0.80, 0.80, 0.80, 1.00, 0.87804, 0.40966
407, 124, -1.31602, 5.88702, 0.57128, -0.04511, -0.67639, -0.73424, 0.80, 0.80, 0.80, 1.00, 0.79036, 0.40813
408, 132, -1.336, 5.83366, 0.63522, -0.28845, -0.69591, -0.65663, 0.80, 0.80, 0.80, 1.00, 0.78671, 0.41705
409, 133, -1.56584, 5.92993, 0.78141, -0.82711, -0.4462, -0.33852, 0.80, 0.80, 0.80, 1.00, 0.88177, 0.41855
410, 125, -1.58498, 6.00056, 0.73793, -0.80476, -0.34822, -0.47834, 0.80, 0.80, 0.80, 1.00, 0.87804, 0.40966
411, 134, -1.24402, 5.92699, 1.10406, 0.30031, -0.69205, 0.6551, 0.80, 0.80, 0.80, 1.00, 0.65102, 0.4149
412, 127, -0.96123, 5.87622, 0.92105, 0.68571, -0.72385, 0.06733, 0.80, 0.80, 0.80, 1.00, 0.70178, 0.40485
413, 126, -1.18462, 5.99136, 1.14496, 0.63949, -0.3017, 0.70544, 0.80, 0.80, 0.80, 1.00, 0.65203, 0.40594
414, 134, -1.24402, 5.92699, 1.10406, 0.30031, -0.69205, 0.6551, 0.80, 0.80, 0.80, 1.00, 0.65102, 0.4149
415, 135, -1.0506, 5.82882, 0.91224, 0.47682, -0.87037, -0.1198, 0.80, 0.80, 0.80, 1.00, 0.70282, 0.41383
416, 127, -0.96123, 5.87622, 0.92105, 0.68571, -0.72385, 0.06733, 0.80, 0.80, 0.80, 1.00, 0.70178, 0.40485
417, 135, -1.0506, 5.82882, 0.91224, 0.47682, -0.87037, -0.1198, 0.80, 0.80, 0.80, 1.00, 0.70282, 0.41383
418, 124, -1.31602, 5.88702, 0.57128, -0.04511, -0.67639, -0.73424, 0.80, 0.80, 0.80, 1.00, 0.79036, 0.40813
419, 127, -0.96123, 5.87622, 0.92105, 0.68571, -0.72385, 0.06733, 0.80, 0.80, 0.80, 1.00, 0.70178, 0.40485
420, 135, -1.0506, 5.82882, 0.91224, 0.47682, -0.87037, -0.1198, 0.80, 0.80, 0.80, 1.00, 0.70282, 0.41383
421, 132, -1.336, 5.83366, 0.63522, -0.28845, -0.69591, -0.65663, 0.80, 0.80, 0.80, 1.00, 0.78671, 0.41705
422, 124, -1.31602, 5.88702, 0.57128, -0.04511, -0.67639, -0.73424, 0.80, 0.80, 0.80, 1.00, 0.79036, 0.40813
423, 133, -1.56584, 5.92993, 0.78141, -0.82711, -0.4462, -0.33852, 0.80, 0.80, 0.80, 1.00, 0.88177, 0.41855
424, 128, -1.67718, 6.10525, 0.95367, -0.96778, -0.02554, 0.24493, 0.80, 0.80, 0.80, 1.00, 0.92605, 0.40659
425, 125, -1.58498, 6.00056, 0.73793, -0.80476, -0.34822, -0.47834, 0.80, 0.80, 0.80, 1.00, 0.87804, 0.40966
426, 133, -1.56584, 5.92993, 0.78141, -0.82711, -0.4462, -0.33852, 0.80, 0.80, 0.80, 1.00, 0.88177, 0.41855
427, 136, -1.63899, 6.01797, 0.95338, -0.82731, -0.37235, 0.4174, 0.80, 0.80, 0.80, 1.00, 0.9282, 0.41554
428, 128, -1.67718, 6.10525, 0.95367, -0.96778, -0.02554, 0.24493, 0.80, 0.80, 0.80, 1.00, 0.92605, 0.40659
429, 136, -1.63899, 6.01797, 0.95338, -0.82731, -0.37235, 0.4174, 0.80, 0.80, 0.80, 1.00, 0.9282, 0.41554
430, 129, -1.41992, 6.08448, 1.21013, -0.70468, -0.04244, 0.70623, 0.80, 0.80, 0.80, 1.00, 0.98879, 0.40333
431, 128, -1.67718, 6.10525, 0.95367, -0.96778, -0.02554, 0.24493, 0.80, 0.80, 0.80, 1.00, 0.92605, 0.40659
432, 136, -1.63899, 6.01797, 0.95338, -0.82731, -0.37235, 0.4174, 0.80, 0.80, 0.80, 1.00, 0.9282, 0.41554
433, 137, -1.43268, 6.00194, 1.15693, -0.6765, -0.32163, 0.66037, 0.80, 0.80, 0.80, 1.00, 0.9888, 0.41224
434, 129, -1.41992, 6.08448, 1.21013, -0.70468, -0.04244, 0.70623, 0.80, 0.80, 0.80, 1.00, 0.98879, 0.40333
435, 74, -1.07093, 7.22663, 0.73525, -0.7165, 0.36494, 0.59259, 0.80, 0.80, 0.80, 1.00, 0.90, 0.24736
436, 76, -1.0541, 7.54268, 0.58897, -0.84192, 0.5339, -0.06537, 0.80, 0.80, 0.80, 1.00, 0.87617, 0.20965
437, 84, -1.15485, 7.29195, 0.53641, -0.84206, 0.44315, -0.30409, 0.80, 0.80, 0.80, 1.00, 0.867, 0.24465
438, 84, -1.15485, 7.29195, 0.53641, -0.84206, 0.44315, -0.30409, 0.80, 0.80, 0.80, 1.00, 0.867, 0.24465
439, 102, -1.35844, 6.82235, 0.70242, -0.89306, 0.39194, 0.21594, 0.80, 0.80, 0.80, 1.00, 0.90049, 0.31033
440, 74, -1.07093, 7.22663, 0.73525, -0.7165, 0.36494, 0.59259, 0.80, 0.80, 0.80, 1.00, 0.90, 0.24736
441, 138, -0.22804, 4.90841, 0.86809, -0.18347, 0.44345, 0.87732, 0.80, 0.80, 0.80, 1.00, 0.33113, 0.13508
442, 139, -0.57316, 4.79371, 0.56779, -0.8796, 0.25217, 0.40338, 0.80, 0.80, 0.80, 1.00, 0.25092, 0.13517
443, 140, -0.53184, 3.29858, 1.51101, -0.62731, 0.11228, 0.77063, 0.80, 0.80, 0.80, 1.00, 0.29349, 0.44726
444, 141, -0.08367, 2.88201, 0.64577, 0.08444, -0.50829, -0.85703, 0.80, 0.80, 0.80, 1.00, 0.14472, 0.4727
445, 142, 0.11067, 4.65353, 0.01889, -0.16499, -0.98617, -0.01562, 0.80, 0.80, 0.80, 1.00, 0.14033, 0.15646
446, 143, 0.54373, 4.61183, 0.05989, 0.98505, -0.14482, 0.09326, 0.80, 0.80, 0.80, 1.00, 0.10614, 0.16404
447, 144, 0.30223, 2.87445, 0.78913, 0.88611, -0.3731, -0.27496, 0.80, 0.80, 0.80, 1.00, 0.10165, 0.48498
448, 141, -0.08367, 2.88201, 0.64577, 0.08444, -0.50829, -0.85703, 0.80, 0.80, 0.80, 1.00, 0.14472, 0.4727
449, 143, 0.54373, 4.61183, 0.05989, 0.98505, -0.14482, 0.09326, 0.80, 0.80, 0.80, 1.00, 0.10614, 0.16404
450, 144, 0.30223, 2.87445, 0.78913, 0.88611, -0.3731, -0.27496, 0.80, 0.80, 0.80, 1.00, 0.10165, 0.48498
451, 143, 0.54373, 4.61183, 0.05989, 0.98505, -0.14482, 0.09326, 0.80, 0.80, 0.80, 1.00, 0.10614, 0.16404
452, 145, 0.3428, 4.6598, 0.47203, 0.98521, 0.06615, 0.15806, 0.80, 0.80, 0.80, 1.00, 0.07378, 0.15933
453, 146, 0.32356, 3.07515, 1.2311, 0.98559, -0.093, 0.14127, 0.80, 0.80, 0.80, 1.00, 0.05031, 0.47586
454, 144, 0.30223, 2.87445, 0.78913, 0.88611, -0.3731, -0.27496, 0.80, 0.80, 0.80, 1.00, 0.10165, 0.48498
455, 145, 0.3428, 4.6598, 0.47203, 0.98521, 0.06615, 0.15806, 0.80, 0.80, 0.80, 1.00, 0.07378, 0.15933
456, 147, 0.17045, 3.30496, 1.58451, 0.06348, 0.18128, 0.98138, 0.80, 0.80, 0.80, 1.00, 0.36069, 0.45539
457, 148, 0.19503, 4.85691, 0.75929, 0.27343, 0.44822, 0.85108, 0.80, 0.80, 0.80, 1.00, 0.38772, 0.14075
458, 138, -0.22804, 4.90841, 0.86809, -0.18347, 0.44345, 0.87732, 0.80, 0.80, 0.80, 1.00, 0.33113, 0.13508
459, 140, -0.53184, 3.29858, 1.51101, -0.62731, 0.11228, 0.77063, 0.80, 0.80, 0.80, 1.00, 0.29349, 0.44726
460, 147, 0.17045, 3.30496, 1.58451, 0.06348, 0.18128, 0.98138, 0.80, 0.80, 0.80, 1.00, 0.36069, 0.45539
461, 138, -0.22804, 4.90841, 0.86809, -0.18347, 0.44345, 0.87732, 0.80, 0.80, 0.80, 1.00, 0.33113, 0.13508
462, 149, 0.17045, 3.30496, 1.58451, 0.92915, 0.15673, 0.33482, 0.80, 0.80, 0.80, 1.00, 0.00917, 0.45539
463, 145, 0.3428, 4.6598, 0.47203, 0.98521, 0.06615, 0.15806, 0.80, 0.80, 0.80, 1.00, 0.07378, 0.15933
464, 150, 0.19503, 4.85691, 0.75929, 0.91911, 0.17353, 0.35373, 0.80, 0.80, 0.80, 1.00, 0.03616, 0.14075
465, 149, 0.17045, 3.30496, 1.58451, 0.92915, 0.15673, 0.33482, 0.80, 0.80, 0.80, 1.00, 0.00917, 0.45539
466, 146, 0.32356, 3.07515, 1.2311, 0.98559, -0.093, 0.14127, 0.80, 0.80, 0.80, 1.00, 0.05031, 0.47586
467, 145, 0.3428, 4.6598, 0.47203, 0.98521, 0.06615, 0.15806, 0.80, 0.80, 0.80, 1.00, 0.07378, 0.15933
468, 151, -0.73846, 3.13363, 1.07729, -0.97595, -0.11837, 0.18303, 0.80, 0.80, 0.80, 1.00, 0.24336, 0.44936
469, 139, -0.57316, 4.79371, 0.56779, -0.8796, 0.25217, 0.40338, 0.80, 0.80, 0.80, 1.00, 0.25092, 0.13517
470, 152, -0.62951, 4.71389, 0.33642, -0.9978, 0.06583, -0.007, 0.80, 0.80, 0.80, 1.00, 0.21674, 0.13527
471, 151, -0.73846, 3.13363, 1.07729, -0.97595, -0.11837, 0.18303, 0.80, 0.80, 0.80, 1.00, 0.24336, 0.44936
472, 140, -0.53184, 3.29858, 1.51101, -0.62731, 0.11228, 0.77063, 0.80, 0.80, 0.80, 1.00, 0.29349, 0.44726
473, 139, -0.57316, 4.79371, 0.56779, -0.8796, 0.25217, 0.40338, 0.80, 0.80, 0.80, 1.00, 0.25092, 0.13517
474, 141, -0.08367, 2.88201, 0.64577, 0.08444, -0.50829, -0.85703, 0.80, 0.80, 0.80, 1.00, 0.14472, 0.4727
475, 153, -0.37761, 4.77149, -0.02733, -0.99554, -0.00437, -0.09425, 0.80, 0.80, 0.80, 1.00, 0.18641, 0.13501
476, 142, 0.11067, 4.65353, 0.01889, -0.16499, -0.98617, -0.01562, 0.80, 0.80, 0.80, 1.00, 0.14033, 0.15646
477, 141, -0.08367, 2.88201, 0.64577, 0.08444, -0.50829, -0.85703, 0.80, 0.80, 0.80, 1.00, 0.14472, 0.4727
478, 154, -0.70098, 3.00432, 0.6786, -0.7211, -0.44374, -0.53207, 0.80, 0.80, 0.80, 1.00, 0.2056, 0.44908
479, 153, -0.37761, 4.77149, -0.02733, -0.99554, -0.00437, -0.09425, 0.80, 0.80, 0.80, 1.00, 0.18641, 0.13501
480, 154, -0.70098, 3.00432, 0.6786, -0.7211, -0.44374, -0.53207, 0.80, 0.80, 0.80, 1.00, 0.2056, 0.44908
481, 152, -0.62951, 4.71389, 0.33642, -0.9978, 0.06583, -0.007, 0.80, 0.80, 0.80, 1.00, 0.21674, 0.13527
482, 153, -0.37761, 4.77149, -0.02733, -0.99554, -0.00437, -0.09425, 0.80, 0.80, 0.80, 1.00, 0.18641, 0.13501
483, 154, -0.70098, 3.00432, 0.6786, -0.7211, -0.44374, -0.53207, 0.80, 0.80, 0.80, 1.00, 0.2056, 0.44908
484, 151, -0.73846, 3.13363, 1.07729, -0.97595, -0.11837, 0.18303, 0.80, 0.80, 0.80, 1.00, 0.24336, 0.44936
485, 152, -0.62951, 4.71389, 0.33642, -0.9978, 0.06583, -0.007, 0.80, 0.80, 0.80, 1.00, 0.21674, 0.13527
486, 155, 0.25812, 2.58257, 1.19453, 0.75701, -0.63716, -0.13132, 0.80, 0.80, 0.80, 1.00, 0.10182, 0.55266
487, 141, -0.08367, 2.88201, 0.64577, 0.08444, -0.50829, -0.85703, 0.80, 0.80, 0.80, 1.00, 0.14472, 0.4727
488, 144, 0.30223, 2.87445, 0.78913, 0.88611, -0.3731, -0.27496, 0.80, 0.80, 0.80, 1.00, 0.10165, 0.48498
489, 155, 0.25812, 2.58257, 1.19453, 0.75701, -0.63716, -0.13132, 0.80, 0.80, 0.80, 1.00, 0.10182, 0.55266
490, 156, 0.06928, 2.62879, 0.9123, 0.44916, -0.56388, -0.68892, 0.80, 0.80, 0.80, 1.00, 0.16244, 0.5428
491, 141, -0.08367, 2.88201, 0.64577, 0.08444, -0.50829, -0.85703, 0.80, 0.80, 0.80, 1.00, 0.14472, 0.4727
492, 157, 0.09408, 2.66658, 1.41392, 0.62676, -0.44728, 0.63279, 0.80, 0.80, 0.80, 1.00, 0.05249, 0.54608
493, 144, 0.30223, 2.87445, 0.78913, 0.88611, -0.3731, -0.27496, 0.80, 0.80, 0.80, 1.00, 0.10165, 0.48498
494, 146, 0.32356, 3.07515, 1.2311, 0.98559, -0.093, 0.14127, 0.80, 0.80, 0.80, 1.00, 0.05031, 0.47586
495, 157, 0.09408, 2.66658, 1.41392, 0.62676, -0.44728, 0.63279, 0.80, 0.80, 0.80, 1.00, 0.05249, 0.54608
496, 155, 0.25812, 2.58257, 1.19453, 0.75701, -0.63716, -0.13132, 0.80, 0.80, 0.80, 1.00, 0.10182, 0.55266
497, 144, 0.30223, 2.87445, 0.78913, 0.88611, -0.3731, -0.27496, 0.80, 0.80, 0.80, 1.00, 0.10165, 0.48498
498, 158, -0.43283, 2.84164, 1.35777, -0.7802, -0.27946, 0.55074, 0.80, 0.80, 0.80, 1.00, 0.3103, 0.52581
499, 147, 0.17045, 3.30496, 1.58451, 0.06348, 0.18128, 0.98138, 0.80, 0.80, 0.80, 1.00, 0.36069, 0.45539
500, 140, -0.53184, 3.29858, 1.51101, -0.62731, 0.11228, 0.77063, 0.80, 0.80, 0.80, 1.00, 0.29349, 0.44726
501, 158, -0.43283, 2.84164, 1.35777, -0.7802, -0.27946, 0.55074, 0.80, 0.80, 0.80, 1.00, 0.3103, 0.52581
502, 159, -0.11636, 2.78972, 1.52695, -0.48133, -0.37068, 0.78839, 0.80, 0.80, 0.80, 1.00, 0.36257, 0.53132
503, 147, 0.17045, 3.30496, 1.58451, 0.06348, 0.18128, 0.98138, 0.80, 0.80, 0.80, 1.00, 0.36069, 0.45539
504, 160, -0.11636, 2.78972, 1.52695, 0.26033, -0.40013, 0.87414, 0.80, 0.80, 0.80, 1.00, 0.0111, 0.53132
505, 161, 0.32356, 3.07515, 1.2311, 0.79329, -0.27467, 0.54336, 0.80, 0.80, 0.80, 1.00, 0.05039, 0.47586
506, 162, 0.17045, 3.30496, 1.58451, 0.7956, -0.28886, 0.53252, 0.80, 0.80, 0.80, 1.00, 0.00918, 0.45539
507, 160, -0.11636, 2.78972, 1.52695, 0.26033, -0.40013, 0.87414, 0.80, 0.80, 0.80, 1.00, 0.0111, 0.53132
508, 163, 0.09408, 2.66658, 1.41392, 0.25074, -0.38745, 0.88254, 0.80, 0.80, 0.80, 1.00, 0.05258, 0.54608
509, 161, 0.32356, 3.07515, 1.2311, 0.79329, -0.27467, 0.54336, 0.80, 0.80, 0.80, 1.00, 0.05039, 0.47586
510, 164, -0.43578, 2.79595, 0.97573, -0.90255, -0.31687, -0.27413, 0.80, 0.80, 0.80, 1.00, 0.25611, 0.52596
511, 140, -0.53184, 3.29858, 1.51101, -0.62731, 0.11228, 0.77063, 0.80, 0.80, 0.80, 1.00, 0.29349, 0.44726
512, 151, -0.73846, 3.13363, 1.07729, -0.97595, -0.11837, 0.18303, 0.80, 0.80, 0.80, 1.00, 0.24336, 0.44936
513, 164, -0.43578, 2.79595, 0.97573, -0.90255, -0.31687, -0.27413, 0.80, 0.80, 0.80, 1.00, 0.25611, 0.52596
514, 158, -0.43283, 2.84164, 1.35777, -0.7802, -0.27946, 0.55074, 0.80, 0.80, 0.80, 1.00, 0.3103, 0.52581
515, 140, -0.53184, 3.29858, 1.51101, -0.62731, 0.11228, 0.77063, 0.80, 0.80, 0.80, 1.00, 0.29349, 0.44726
516, 156, 0.06928, 2.62879, 0.9123, 0.44916, -0.56388, -0.68892, 0.80, 0.80, 0.80, 1.00, 0.16244, 0.5428
517, 154, -0.70098, 3.00432, 0.6786, -0.7211, -0.44374, -0.53207, 0.80, 0.80, 0.80, 1.00, 0.2056, 0.44908
518, 141, -0.08367, 2.88201, 0.64577, 0.08444, -0.50829, -0.85703, 0.80, 0.80, 0.80, 1.00, 0.14472, 0.4727
519, 156, 0.06928, 2.62879, 0.9123, 0.44916, -0.56388, -0.68892, 0.80, 0.80, 0.80, 1.00, 0.16244, 0.5428
520, 165, -0.18962, 2.73586, 0.72885, -0.40855, -0.50509, -0.75475, 0.80, 0.80, 0.80, 1.00, 0.20809, 0.52575
521, 154, -0.70098, 3.00432, 0.6786, -0.7211, -0.44374, -0.53207, 0.80, 0.80, 0.80, 1.00, 0.2056, 0.44908
522, 165, -0.18962, 2.73586, 0.72885, -0.40855, -0.50509, -0.75475, 0.80, 0.80, 0.80, 1.00, 0.20809, 0.52575
523, 151, -0.73846, 3.13363, 1.07729, -0.97595, -0.11837, 0.18303, 0.80, 0.80, 0.80, 1.00, 0.24336, 0.44936
524, 154, -0.70098, 3.00432, 0.6786, -0.7211, -0.44374, -0.53207, 0.80, 0.80, 0.80, 1.00, 0.2056, 0.44908
525, 165, -0.18962, 2.73586, 0.72885, -0.40855, -0.50509, -0.75475, 0.80, 0.80, 0.80, 1.00, 0.20809, 0.52575
526, 164, -0.43578, 2.79595, 0.97573, -0.90255, -0.31687, -0.27413, 0.80, 0.80, 0.80, 1.00, 0.25611, 0.52596
527, 151, -0.73846, 3.13363, 1.07729, -0.97595, -0.11837, 0.18303, 0.80, 0.80, 0.80, 1.00, 0.24336, 0.44936
528, 166, 0.01992, 1.969, 1.1053, 0.78639, -0.25953, -0.5533, 0.80, 0.80, 0.80, 1.00, 0.91128, 0.48716
529, 167, 0.06928, 2.62879, 0.9123, 0.7299, -0.17281, -0.65464, 0.80, 0.80, 0.80, 1.00, 0.89725, 0.42902
530, 168, 0.25812, 2.58257, 1.19453, 0.78864, -0.22775, -0.56377, 0.80, 0.80, 0.80, 1.00, 0.92246, 0.43041
531, 166, 0.01992, 1.969, 1.1053, 0.78639, -0.25953, -0.5533, 0.80, 0.80, 0.80, 1.00, 0.91128, 0.48716
532, 169, -0.17002, 2.05937, 0.78878, 0.64588, -0.21961, -0.72524, 0.80, 0.80, 0.80, 1.00, 0.87231, 0.47948
533, 167, 0.06928, 2.62879, 0.9123, 0.7299, -0.17281, -0.65464, 0.80, 0.80, 0.80, 1.00, 0.89725, 0.42902
534, 170, -0.14606, 2.14167, 1.4028, 0.49547, -0.23648, 0.83051, 0.80, 0.80, 0.80, 1.00, 0.96337, 0.47594
535, 171, 0.25812, 2.58257, 1.19453, 0.69661, -0.34914, 0.62071, 0.80, 0.80, 0.80, 1.00, 0.92343, 0.43706
536, 172, 0.09408, 2.66658, 1.41392, 0.54399, -0.26887, 0.78946, 0.80, 0.80, 0.80, 1.00, 0.95569, 0.4343
537, 170, -0.14606, 2.14167, 1.4028, 0.49547, -0.23648, 0.83051, 0.80, 0.80, 0.80, 1.00, 0.96337, 0.47594
538, 173, 0.01992, 1.969, 1.1053, 0.75086, -0.28961, 0.58682, 0.80, 0.80, 0.80, 1.00, 0.92291, 0.48464
539, 171, 0.25812, 2.58257, 1.19453, 0.69661, -0.34914, 0.62071, 0.80, 0.80, 0.80, 1.00, 0.92343, 0.43706
540, 174, -0.47972, 2.18329, 1.50444, -0.53587, 0.12011, 0.83009, 0.80, 0.80, 0.80, 1.00, 0.73448, 0.47956
541, 175, -0.11636, 2.78972, 1.52695, -0.42865, 0.22728, 0.8693, 0.80, 0.80, 0.80, 1.00, 0.71594, 0.42934
542, 176, -0.43283, 2.84164, 1.35777, -0.77455, 0.38213, 0.49709, 0.80, 0.80, 0.80, 1.00, 0.74168, 0.42874
543, 177, -0.71301, 2.19646, 1.3482, -0.8827, 0.17435, 0.42645, 0.80, 0.80, 0.80, 1.00, 0.76451, 0.47946
544, 174, -0.47972, 2.18329, 1.50444, -0.53587, 0.12011, 0.83009, 0.80, 0.80, 0.80, 1.00, 0.73448, 0.47956
545, 176, -0.43283, 2.84164, 1.35777, -0.77455, 0.38213, 0.49709, 0.80, 0.80, 0.80, 1.00, 0.74168, 0.42874
546, 170, -0.14606, 2.14167, 1.4028, 0.49547, -0.23648, 0.83051, 0.80, 0.80, 0.80, 1.00, 0.96337, 0.47594
547, 172, 0.09408, 2.66658, 1.41392, 0.54399, -0.26887, 0.78946, 0.80, 0.80, 0.80, 1.00, 0.95569, 0.4343
548, 178, -0.11636, 2.78972, 1.52695, 0.31903, -0.19383, 0.92268, 0.80, 0.80, 0.80, 1.00, 0.98763, 0.43219
549, 179, -0.47972, 2.18329, 1.50444, 0.26828, -0.16189, 0.94462, 0.80, 0.80, 0.80, 1.00, 0.99852, 0.47698
550, 170, -0.14606, 2.14167, 1.4028, 0.49547, -0.23648, 0.83051, 0.80, 0.80, 0.80, 1.00, 0.96337, 0.47594
551, 178, -0.11636, 2.78972, 1.52695, 0.31903, -0.19383, 0.92268, 0.80, 0.80, 0.80, 1.00, 0.98763, 0.43219
552, 180, -0.79428, 2.15928, 0.86543, -0.86465, 0.24585, -0.42876, 0.80, 0.80, 0.80, 1.00, 0.81, 0.47876
553, 176, -0.43283, 2.84164, 1.35777, -0.77455, 0.38213, 0.49709, 0.80, 0.80, 0.80, 1.00, 0.74168, 0.42874
554, 181, -0.43578, 2.79595, 0.97573, -0.68874, 0.4325, -0.57609, 0.80, 0.80, 0.80, 1.00, 0.80834, 0.42881
555, 180, -0.79428, 2.15928, 0.86543, -0.86465, 0.24585, -0.42876, 0.80, 0.80, 0.80, 1.00, 0.81, 0.47876
556, 177, -0.71301, 2.19646, 1.3482, -0.8827, 0.17435, 0.42645, 0.80, 0.80, 0.80, 1.00, 0.76451, 0.47946
557, 176, -0.43283, 2.84164, 1.35777, -0.77455, 0.38213, 0.49709, 0.80, 0.80, 0.80, 1.00, 0.74168, 0.42874
558, 169, -0.17002, 2.05937, 0.78878, 0.64588, -0.21961, -0.72524, 0.80, 0.80, 0.80, 1.00, 0.87231, 0.47948
559, 182, -0.18962, 2.73586, 0.72885, 0.16027, 0.07793, -0.97892, 0.80, 0.80, 0.80, 1.00, 0.86247, 0.42872
560, 167, 0.06928, 2.62879, 0.9123, 0.7299, -0.17281, -0.65464, 0.80, 0.80, 0.80, 1.00, 0.89725, 0.42902
561, 169, -0.17002, 2.05937, 0.78878, 0.64588, -0.21961, -0.72524, 0.80, 0.80, 0.80, 1.00, 0.87231, 0.47948
562, 183, -0.42884, 2.07525, 0.65061, -0.03067, 0.00352, -0.99453, 0.80, 0.80, 0.80, 1.00, 0.84635, 0.47958
563, 182, -0.18962, 2.73586, 0.72885, 0.16027, 0.07793, -0.97892, 0.80, 0.80, 0.80, 1.00, 0.86247, 0.42872
564, 183, -0.42884, 2.07525, 0.65061, -0.03067, 0.00352, -0.99453, 0.80, 0.80, 0.80, 1.00, 0.84635, 0.47958
565, 181, -0.43578, 2.79595, 0.97573, -0.68874, 0.4325, -0.57609, 0.80, 0.80, 0.80, 1.00, 0.80834, 0.42881
566, 182, -0.18962, 2.73586, 0.72885, 0.16027, 0.07793, -0.97892, 0.80, 0.80, 0.80, 1.00, 0.86247, 0.42872
567, 183, -0.42884, 2.07525, 0.65061, -0.03067, 0.00352, -0.99453, 0.80, 0.80, 0.80, 1.00, 0.84635, 0.47958
568, 180, -0.79428, 2.15928, 0.86543, -0.86465, 0.24585, -0.42876, 0.80, 0.80, 0.80, 1.00, 0.81, 0.47876
569, 181, -0.43578, 2.79595, 0.97573, -0.68874, 0.4325, -0.57609, 0.80, 0.80, 0.80, 1.00, 0.80834, 0.42881
570, 184, -0.56335, 0.44647, 1.25856, 0.90352, -0.05651, -0.41087, 0.80, 0.80, 0.80, 1.00, 0.90361, 0.60723
571, 169, -0.17002, 2.05937, 0.78878, 0.64588, -0.21961, -0.72524, 0.80, 0.80, 0.80, 1.00, 0.87231, 0.47948
572, 166, 0.01992, 1.969, 1.1053, 0.78639, -0.25953, -0.5533, 0.80, 0.80, 0.80, 1.00, 0.91128, 0.48716
573, 184, -0.56335, 0.44647, 1.25856, 0.90352, -0.05651, -0.41087, 0.80, 0.80, 0.80, 1.00, 0.90361, 0.60723
574, 185, -0.64523, 0.52561, 1.07955, 0.76144, -0.01329, -0.63858, 0.80, 0.80, 0.80, 1.00, 0.86396, 0.60688
575, 169, -0.17002, 2.05937, 0.78878, 0.64588, -0.21961, -0.72524, 0.80, 0.80, 0.80, 1.00, 0.87231, 0.47948
576, 186, -0.65706, 0.44962, 1.34899, 0.4891, -0.28016, 0.82048, 0.80, 0.80, 0.80, 1.00, 0.95139, 0.60668
577, 173, 0.01992, 1.969, 1.1053, 0.75086, -0.28961, 0.58682, 0.80, 0.80, 0.80, 1.00, 0.92291, 0.48464
578, 170, -0.14606, 2.14167, 1.4028, 0.49547, -0.23648, 0.83051, 0.80, 0.80, 0.80, 1.00, 0.96337, 0.47594
579, 186, -0.65706, 0.44962, 1.34899, 0.4891, -0.28016, 0.82048, 0.80, 0.80, 0.80, 1.00, 0.95139, 0.60668
580, 187, -0.56335, 0.44647, 1.25856, 0.66561, -0.24909, 0.69712, 0.80, 0.80, 0.80, 1.00, 0.92935, 0.60822
581, 173, 0.01992, 1.969, 1.1053, 0.75086, -0.28961, 0.58682, 0.80, 0.80, 0.80, 1.00, 0.92291, 0.48464
582, 188, -0.89009, 0.49241, 1.23385, -0.8933, -0.22805, 0.37077, 0.80, 0.80, 0.80, 1.00, 0.76975, 0.60446
583, 174, -0.47972, 2.18329, 1.50444, -0.53587, 0.12011, 0.83009, 0.80, 0.80, 0.80, 1.00, 0.73448, 0.47956
584, 177, -0.71301, 2.19646, 1.3482, -0.8827, 0.17435, 0.42645, 0.80, 0.80, 0.80, 1.00, 0.76451, 0.47946
585, 188, -0.89009, 0.49241, 1.23385, -0.8933, -0.22805, 0.37077, 0.80, 0.80, 0.80, 1.00, 0.76975, 0.60446
586, 189, -0.78181, 0.48412, 1.36699, -0.75117, -0.26337, 0.59482, 0.80, 0.80, 0.80, 1.00, 0.74022, 0.60392
587, 174, -0.47972, 2.18329, 1.50444, -0.53587, 0.12011, 0.83009, 0.80, 0.80, 0.80, 1.00, 0.73448, 0.47956
588, 190, -0.78181, 0.48412, 1.36699, 0.0733, -0.30092, 0.94538, 0.80, 0.80, 0.80, 1.00, 0.97059, 0.60313
589, 170, -0.14606, 2.14167, 1.4028, 0.49547, -0.23648, 0.83051, 0.80, 0.80, 0.80, 1.00, 0.96337, 0.47594
590, 179, -0.47972, 2.18329, 1.50444, 0.26828, -0.16189, 0.94462, 0.80, 0.80, 0.80, 1.00, 0.99852, 0.47698
591, 190, -0.78181, 0.48412, 1.36699, 0.0733, -0.30092, 0.94538, 0.80, 0.80, 0.80, 1.00, 0.97059, 0.60313
592, 186, -0.65706, 0.44962, 1.34899, 0.4891, -0.28016, 0.82048, 0.80, 0.80, 0.80, 1.00, 0.95139, 0.60668
593, 170, -0.14606, 2.14167, 1.4028, 0.49547, -0.23648, 0.83051, 0.80, 0.80, 0.80, 1.00, 0.96337, 0.47594
594, 191, -0.84401, 0.523, 1.03709, -0.89377, -0.0718, -0.42993, 0.80, 0.80, 0.80, 1.00, 0.80086, 0.60553
595, 177, -0.71301, 2.19646, 1.3482, -0.8827, 0.17435, 0.42645, 0.80, 0.80, 0.80, 1.00, 0.76451, 0.47946
596, 180, -0.79428, 2.15928, 0.86543, -0.86465, 0.24585, -0.42876, 0.80, 0.80, 0.80, 1.00, 0.81, 0.47876
597, 191, -0.84401, 0.523, 1.03709, -0.89377, -0.0718, -0.42993, 0.80, 0.80, 0.80, 1.00, 0.80086, 0.60553
598, 188, -0.89009, 0.49241, 1.23385, -0.8933, -0.22805, 0.37077, 0.80, 0.80, 0.80, 1.00, 0.76975, 0.60446
599, 177, -0.71301, 2.19646, 1.3482, -0.8827, 0.17435, 0.42645, 0.80, 0.80, 0.80, 1.00, 0.76451, 0.47946
600, 185, -0.64523, 0.52561, 1.07955, 0.76144, -0.01329, -0.63858, 0.80, 0.80, 0.80, 1.00, 0.86396, 0.60688
601, 183, -0.42884, 2.07525, 0.65061, -0.03067, 0.00352, -0.99453, 0.80, 0.80, 0.80, 1.00, 0.84635, 0.47958
602, 169, -0.17002, 2.05937, 0.78878, 0.64588, -0.21961, -0.72524, 0.80, 0.80, 0.80, 1.00, 0.87231, 0.47948
603, 185, -0.64523, 0.52561, 1.07955, 0.76144, -0.01329, -0.63858, 0.80, 0.80, 0.80, 1.00, 0.86396, 0.60688
604, 192, -0.74612, 0.53646, 0.97978, -0.04099, 0.03396, -0.99267, 0.80, 0.80, 0.80, 1.00, 0.8338, 0.60579
605, 183, -0.42884, 2.07525, 0.65061, -0.03067, 0.00352, -0.99453, 0.80, 0.80, 0.80, 1.00, 0.84635, 0.47958
606, 192, -0.74612, 0.53646, 0.97978, -0.04099, 0.03396, -0.99267, 0.80, 0.80, 0.80, 1.00, 0.8338, 0.60579
607, 180, -0.79428, 2.15928, 0.86543, -0.86465, 0.24585, -0.42876, 0.80, 0.80, 0.80, 1.00, 0.81, 0.47876
608, 183, -0.42884, 2.07525, 0.65061, -0.03067, 0.00352, -0.99453, 0.80, 0.80, 0.80, 1.00, 0.84635, 0.47958
609, 192, -0.74612, 0.53646, 0.97978, -0.04099, 0.03396, -0.99267, 0.80, 0.80, 0.80, 1.00, 0.8338, 0.60579
610, 191, -0.84401, 0.523, 1.03709, -0.89377, -0.0718, -0.42993, 0.80, 0.80, 0.80, 1.00, 0.80086, 0.60553
611, 180, -0.79428, 2.15928, 0.86543, -0.86465, 0.24585, -0.42876, 0.80, 0.80, 0.80, 1.00, 0.81, 0.47876
612, 193, -0.09512, -0.02325, 1.7644, 0.11393, -0.9922, -0.03044, 0.80, 0.80, 0.80, 1.00, 0.47813, 0.44864
613, 194, -0.05757, -0.03125, 1.95889, 0.09005, -0.99343, -0.05638, 0.80, 0.80, 0.80, 1.00, 0.46676, 0.42347
614, 195, -0.42156, -0.06971, 2.06697, 0.10797, -0.99262, -0.03693, 0.80, 0.80, 0.80, 1.00, 0.40971, 0.43767
615, 193, -0.09512, -0.02325, 1.7644, 0.11393, -0.9922, -0.03044, 0.80, 0.80, 0.80, 1.00, 0.47813, 0.44864
616, 195, -0.42156, -0.06971, 2.06697, 0.10797, -0.99262, -0.03693, 0.80, 0.80, 0.80, 1.00, 0.40971, 0.43767
617, 196, -0.53169, -0.083, 2.04204, 0.12581, -0.99112, -0.01746, 0.80, 0.80, 0.80, 1.00, 0.3972, 0.44864
618, 193, -0.09512, -0.02325, 1.7644, 0.11393, -0.9922, -0.03044, 0.80, 0.80, 0.80, 1.00, 0.47813, 0.44864
619, 196, -0.53169, -0.083, 2.04204, 0.12581, -0.99112, -0.01746, 0.80, 0.80, 0.80, 1.00, 0.3972, 0.44864
620, 197, -0.20024, -0.03307, 1.58718, 0.12593, -0.99111, -0.01715, 0.80, 0.80, 0.80, 1.00, 0.47895, 0.49995
621, 196, -0.53169, -0.083, 2.04204, 0.12581, -0.99112, -0.01746, 0.80, 0.80, 0.80, 1.00, 0.3972, 0.44864
622, 198, -0.69301, -0.09835, 1.78525, 0.12612, -0.99109, -0.01685, 0.80, 0.80, 0.80, 1.00, 0.3972, 0.51328
623, 197, -0.20024, -0.03307, 1.58718, 0.12593, -0.99111, -0.01715, 0.80, 0.80, 0.80, 1.00, 0.47895, 0.49995
624, 198, -0.69301, -0.09835, 1.78525, 0.12612, -0.99109, -0.01685, 0.80, 0.80, 0.80, 1.00, 0.3972, 0.51328
625, 199, -0.65962, 0.00714, 0.90904, 0.06881, -0.99086, -0.10684, 0.80, 0.80, 0.80, 1.00, 0.47606, 0.58889
626, 197, -0.20024, -0.03307, 1.58718, 0.12593, -0.99111, -0.01715, 0.80, 0.80, 0.80, 1.00, 0.47895, 0.49995
627, 199, -0.65962, 0.00714, 0.90904, 0.06881, -0.99086, -0.10684, 0.80, 0.80, 0.80, 1.00, 0.47606, 0.58889
628, 198, -0.69301, -0.09835, 1.78525, 0.12612, -0.99109, -0.01685, 0.80, 0.80, 0.80, 1.00, 0.3972, 0.51328
629, 200, -1.00175, -0.03969, 1.12663, 0.06869, -0.99083, -0.10714, 0.80, 0.80, 0.80, 1.00, 0.41264, 0.58889
630, 200, -1.00175, -0.03969, 1.12663, 0.06869, -0.99083, -0.10714, 0.80, 0.80, 0.80, 1.00, 0.41264, 0.58889
631, 201, -0.82493, -0.00035, 0.87701, 0.06849, -0.99081, -0.10744, 0.80, 0.80, 0.80, 1.00, 0.45706, 0.60475
632, 199, -0.65962, 0.00714, 0.90904, 0.06881, -0.99086, -0.10684, 0.80, 0.80, 0.80, 1.00, 0.47606, 0.58889
633, 200, -1.00175, -0.03969, 1.12663, 0.06869, -0.99083, -0.10714, 0.80, 0.80, 0.80, 1.00, 0.41264, 0.58889
634, 202, -0.98608, -0.02241, 0.97949, 0.06849, -0.99081, -0.10744, 0.80, 0.80, 0.80, 1.00, 0.42718, 0.60475
635, 201, -0.82493, -0.00035, 0.87701, 0.06849, -0.99081, -0.10744, 0.80, 0.80, 0.80, 1.00, 0.45706, 0.60475
636, 203, -0.44931, 0.32585, 1.3402, 0.86067, 0.36862, -0.33319, 0.80, 0.80, 0.80, 1.00, 0.613, 0.50877
637, 204, -0.64523, 0.52561, 1.07955, 0.77475, 0.53319, -0.3225, 0.80, 0.80, 0.80, 1.00, 0.66336, 0.47671
638, 205, -0.56335, 0.44647, 1.25856, 0.73328, 0.67106, -0.04136, 0.80, 0.80, 0.80, 1.00, 0.63352, 0.488
639, 203, -0.44931, 0.32585, 1.3402, 0.86067, 0.36862, -0.33319, 0.80, 0.80, 0.80, 1.00, 0.613, 0.50877
640, 206, -0.57565, 0.40898, 1.08419, 0.77997, 0.27474, -0.551, 0.80, 0.80, 0.80, 1.00, 0.65619, 0.49774
641, 204, -0.64523, 0.52561, 1.07955, 0.77475, 0.53319, -0.3225, 0.80, 0.80, 0.80, 1.00, 0.66336, 0.47671
642, 207, -0.58186, 0.32215, 1.46856, 0.28311, 0.85214, 0.43245, 0.80, 0.80, 0.80, 1.00, 0.60121, 0.46273
643, 208, -0.56335, 0.44647, 1.25856, 0.46135, 0.7423, 0.47684, 0.80, 0.80, 0.80, 1.00, 0.6264, 0.43644
644, 209, -0.65706, 0.44962, 1.34899, 0.32383, 0.72278, 0.60342, 0.80, 0.80, 0.80, 1.00, 0.62276, 0.45986
645, 207, -0.58186, 0.32215, 1.46856, 0.28311, 0.85214, 0.43245, 0.80, 0.80, 0.80, 1.00, 0.60121, 0.46273
646, 210, -0.44931, 0.32585, 1.3402, 0.3339, 0.86252, 0.37129, 0.80, 0.80, 0.80, 1.00, 0.60648, 0.4294
647, 208, -0.56335, 0.44647, 1.25856, 0.46135, 0.7423, 0.47684, 0.80, 0.80, 0.80, 1.00, 0.6264, 0.43644
648, 211, -0.914, 0.36306, 1.2973, -0.89596, 0.31907, 0.29377, 0.80, 0.80, 0.80, 1.00, 0.65226, 0.50274
649, 212, -0.78181, 0.48412, 1.36699, -0.68925, 0.42187, 0.5813, 0.80, 0.80, 0.80, 1.00, 0.63415, 0.48306
650, 213, -0.89009, 0.49241, 1.23385, -0.96485, 0.2346, 0.06774, 0.80, 0.80, 0.80, 1.00, 0.65918, 0.48292
651, 211, -0.914, 0.36306, 1.2973, -0.89596, 0.31907, 0.29377, 0.80, 0.80, 0.80, 1.00, 0.65226, 0.50274
652, 214, -0.75835, 0.35128, 1.49068, -0.69776, 0.40764, 0.58118, 0.80, 0.80, 0.80, 1.00, 0.61603, 0.50288
653, 212, -0.78181, 0.48412, 1.36699, -0.68925, 0.42187, 0.5813, 0.80, 0.80, 0.80, 1.00, 0.63415, 0.48306
654, 215, -0.75835, 0.35128, 1.49068, 0.22782, 0.79025, 0.56229, 0.80, 0.80, 0.80, 1.00, 0.61265, 0.49168
655, 209, -0.65706, 0.44962, 1.34899, 0.32383, 0.72278, 0.60342, 0.80, 0.80, 0.80, 1.00, 0.62276, 0.45986
656, 216, -0.78181, 0.48412, 1.36699, 0.28192, 0.67975, 0.67042, 0.80, 0.80, 0.80, 1.00, 0.63066, 0.48026
657, 215, -0.75835, 0.35128, 1.49068, 0.22782, 0.79025, 0.56229, 0.80, 0.80, 0.80, 1.00, 0.61265, 0.49168
658, 207, -0.58186, 0.32215, 1.46856, 0.28311, 0.85214, 0.43245, 0.80, 0.80, 0.80, 1.00, 0.60121, 0.46273
659, 209, -0.65706, 0.44962, 1.34899, 0.32383, 0.72278, 0.60342, 0.80, 0.80, 0.80, 1.00, 0.62276, 0.45986
660, 217, -0.85523, 0.40364, 1.01742, -0.95389, 0.22288, -0.17684, 0.80, 0.80, 0.80, 1.00, 0.68234, 0.5018
661, 213, -0.89009, 0.49241, 1.23385, -0.96485, 0.2346, 0.06774, 0.80, 0.80, 0.80, 1.00, 0.65918, 0.48292
662, 218, -0.84401, 0.523, 1.03709, -0.96462, 0.12896, -0.20711, 0.80, 0.80, 0.80, 1.00, 0.67997, 0.48197
663, 217, -0.85523, 0.40364, 1.01742, -0.95389, 0.22288, -0.17684, 0.80, 0.80, 0.80, 1.00, 0.68234, 0.5018
664, 211, -0.914, 0.36306, 1.2973, -0.89596, 0.31907, 0.29377, 0.80, 0.80, 0.80, 1.00, 0.65226, 0.50274
665, 213, -0.89009, 0.49241, 1.23385, -0.96485, 0.2346, 0.06774, 0.80, 0.80, 0.80, 1.00, 0.65918, 0.48292
666, 206, -0.57565, 0.40898, 1.08419, 0.77997, 0.27474, -0.551, 0.80, 0.80, 0.80, 1.00, 0.65619, 0.49774
667, 219, -0.74612, 0.53646, 0.97978, 0.6675, 0.37913, -0.63136, 0.80, 0.80, 0.80, 1.00, 0.68422, 0.47557
668, 204, -0.64523, 0.52561, 1.07955, 0.77475, 0.53319, -0.3225, 0.80, 0.80, 0.80, 1.00, 0.66336, 0.47671
669, 206, -0.57565, 0.40898, 1.08419, 0.77997, 0.27474, -0.551, 0.80, 0.80, 0.80, 1.00, 0.65619, 0.49774
670, 220, -0.71981, 0.42199, 0.93843, 0.69356, 0.25689, -0.66366, 0.80, 0.80, 0.80, 1.00, 0.68637, 0.49661
671, 219, -0.74612, 0.53646, 0.97978, 0.6675, 0.37913, -0.63136, 0.80, 0.80, 0.80, 1.00, 0.68422, 0.47557
672, 221, -0.71981, 0.42199, 0.93843, -0.34375, 0.20208, -0.91148, 0.80, 0.80, 0.80, 1.00, 0.70022, 0.49868
673, 222, -0.84401, 0.523, 1.03709, -0.51256, 0.18791, -0.83194, 0.80, 0.80, 0.80, 1.00, 0.72368, 0.47984
674, 223, -0.74612, 0.53646, 0.97978, -0.51335, 0.1867, -0.83172, 0.80, 0.80, 0.80, 1.00, 0.70521, 0.47975
675, 221, -0.71981, 0.42199, 0.93843, -0.34375, 0.20208, -0.91148, 0.80, 0.80, 0.80, 1.00, 0.70022, 0.49868
676, 224, -0.85523, 0.40364, 1.01742, -0.51952, 0.2886, -0.79867, 0.80, 0.80, 0.80, 1.00, 0.72573, 0.49878
677, 222, -0.84401, 0.523, 1.03709, -0.51256, 0.18791, -0.83194, 0.80, 0.80, 0.80, 1.00, 0.72368, 0.47984
678, 225, -0.05757, -0.03125, 1.95889, 0.95604, 0.19476, -0.18897, 0.80, 0.80, 0.80, 1.00, 0.50024, 0.57157
679, 226, -0.11703, 0.07805, 1.77186, 0.86408, 0.3705, -0.3221, 0.80, 0.80, 0.80, 1.00, 0.52788, 0.55185
680, 227, -0.08012, 0.11283, 1.97464, 0.86543, 0.43076, -0.23099, 0.80, 0.80, 0.80, 1.00, 0.4989, 0.54593
681, 225, -0.05757, -0.03125, 1.95889, 0.95604, 0.19476, -0.18897, 0.80, 0.80, 0.80, 1.00, 0.50024, 0.57157
682, 228, -0.09512, -0.02325, 1.7644, 0.88423, 0.21713, -0.39804, 0.80, 0.80, 0.80, 1.00, 0.52788, 0.57
683, 226, -0.11703, 0.07805, 1.77186, 0.86408, 0.3705, -0.3221, 0.80, 0.80, 0.80, 1.00, 0.52788, 0.55185
684, 226, -0.11703, 0.07805, 1.77186, 0.86408, 0.3705, -0.3221, 0.80, 0.80, 0.80, 1.00, 0.52788, 0.55185
685, 228, -0.09512, -0.02325, 1.7644, 0.88423, 0.21713, -0.39804, 0.80, 0.80, 0.80, 1.00, 0.52788, 0.57
686, 229, -0.2184, 0.07648, 1.60232, 0.81241, 0.30696, -0.48295, 0.80, 0.80, 0.80, 1.00, 0.58286, 0.55047
687, 229, -0.2184, 0.07648, 1.60232, 0.81241, 0.30696, -0.48295, 0.80, 0.80, 0.80, 1.00, 0.58286, 0.55047
688, 228, -0.09512, -0.02325, 1.7644, 0.88423, 0.21713, -0.39804, 0.80, 0.80, 0.80, 1.00, 0.52788, 0.57
689, 230, -0.20024, -0.03307, 1.58718, 0.81658, 0.19764, -0.53057, 0.80, 0.80, 0.80, 1.00, 0.5842, 0.57
690, 229, -0.2184, 0.07648, 1.60232, 0.81241, 0.30696, -0.48295, 0.80, 0.80, 0.80, 1.00, 0.58286, 0.55047
691, 230, -0.20024, -0.03307, 1.58718, 0.81658, 0.19764, -0.53057, 0.80, 0.80, 0.80, 1.00, 0.5842, 0.57
692, 231, -0.66407, 0.12216, 0.94051, 0.81411, 0.13259, -0.55414, 0.80, 0.80, 0.80, 1.00, 0.67917, 0.54944
693, 231, -0.66407, 0.12216, 0.94051, 0.81411, 0.13259, -0.55414, 0.80, 0.80, 0.80, 1.00, 0.67917, 0.54944
694, 230, -0.20024, -0.03307, 1.58718, 0.81658, 0.19764, -0.53057, 0.80, 0.80, 0.80, 1.00, 0.5842, 0.57
695, 232, -0.65962, 0.00714, 0.90904, 0.81432, 0.17918, -0.54051, 0.80, 0.80, 0.80, 1.00, 0.68185, 0.57014
696, 233, -0.66407, 0.12216, 0.94051, 0.2529, 0.15314, -0.94897, 0.80, 0.80, 0.80, 1.00, 0.69902, 0.55084
697, 234, -0.65962, 0.00714, 0.90904, 0.21939, 0.20967, -0.94665, 0.80, 0.80, 0.80, 1.00, 0.69837, 0.57075
698, 235, -0.84087, 0.14214, 0.89639, -0.16416, 0.2168, -0.95677, 0.80, 0.80, 0.80, 1.00, 0.71007, 0.54633
699, 234, -0.65962, 0.00714, 0.90904, 0.21939, 0.20967, -0.94665, 0.80, 0.80, 0.80, 1.00, 0.69837, 0.57075
700, 236, -0.82493, -0.00035, 0.87701, -0.31956, 0.09448, -0.93702, 0.80, 0.80, 0.80, 1.00, 0.70942, 0.57075
701, 235, -0.84087, 0.14214, 0.89639, -0.16416, 0.2168, -0.95677, 0.80, 0.80, 0.80, 1.00, 0.71007, 0.54633
702, 237, -0.53581, 0.02073, 2.03819, -0.57305, 0.23905, 0.77665, 0.80, 0.80, 0.80, 1.00, 0.52674, 0.55375
703, 238, -0.42156, -0.06971, 2.06697, -0.2462, -0.00537, 0.96285, 0.80, 0.80, 0.80, 1.00, 0.51498, 0.57085
704, 239, -0.42632, 0.07682, 2.0714, -0.42023, 0.3245, 0.84094, 0.80, 0.80, 0.80, 1.00, 0.51367, 0.54669
705, 240, -0.53169, -0.083, 2.04204, -0.68, -0.0011, 0.72471, 0.80, 0.80, 0.80, 1.00, 0.52674, 0.57085
706, 238, -0.42156, -0.06971, 2.06697, -0.2462, -0.00537, 0.96285, 0.80, 0.80, 0.80, 1.00, 0.51498, 0.57085
707, 237, -0.53581, 0.02073, 2.03819, -0.57305, 0.23905, 0.77665, 0.80, 0.80, 0.80, 1.00, 0.52674, 0.55375
708, 240, -0.53169, -0.083, 2.04204, -0.68, -0.0011, 0.72471, 0.80, 0.80, 0.80, 1.00, 0.52674, 0.57085
709, 237, -0.53581, 0.02073, 2.03819, -0.57305, 0.23905, 0.77665, 0.80, 0.80, 0.80, 1.00, 0.52674, 0.55375
710, 241, -0.69338, 0.01363, 1.78908, -0.83802, 0.18528, 0.50244, 0.80, 0.80, 0.80, 1.00, 0.5947, 0.55245
711, 240, -0.53169, -0.083, 2.04204, -0.68, -0.0011, 0.72471, 0.80, 0.80, 0.80, 1.00, 0.52674, 0.57085
712, 241, -0.69338, 0.01363, 1.78908, -0.83802, 0.18528, 0.50244, 0.80, 0.80, 0.80, 1.00, 0.5947, 0.55245
713, 242, -0.69301, -0.09835, 1.78525, -0.88506, -0.02419, 0.45161, 0.80, 0.80, 0.80, 1.00, 0.59601, 0.57085
714, 242, -0.69301, -0.09835, 1.78525, -0.88506, -0.02419, 0.45161, 0.80, 0.80, 0.80, 1.00, 0.59601, 0.57085
715, 241, -0.69338, 0.01363, 1.78908, -0.83802, 0.18528, 0.50244, 0.80, 0.80, 0.80, 1.00, 0.5947, 0.55245
716, 243, -0.99413, 0.07698, 1.15042, -0.95529, 0.0682, 0.26736, 0.80, 0.80, 0.80, 1.00, 0.67443, 0.55148
717, 242, -0.69301, -0.09835, 1.78525, -0.88506, -0.02419, 0.45161, 0.80, 0.80, 0.80, 1.00, 0.59601, 0.57085
718, 243, -0.99413, 0.07698, 1.15042, -0.95529, 0.0682, 0.26736, 0.80, 0.80, 0.80, 1.00, 0.67443, 0.55148
719, 244, -1.00175, -0.03969, 1.12663, -0.98884, 0.01064, 0.10358, 0.80, 0.80, 0.80, 1.00, 0.67705, 0.57098
720, 244, -1.00175, -0.03969, 1.12663, -0.98884, 0.01064, 0.10358, 0.80, 0.80, 0.80, 1.00, 0.67705, 0.57098
721, 243, -0.99413, 0.07698, 1.15042, -0.95529, 0.0682, 0.26736, 0.80, 0.80, 0.80, 1.00, 0.67443, 0.55148
722, 245, -0.98995, 0.12174, 0.9912, -0.97545, 0.19061, -0.0502, 0.80, 0.80, 0.80, 1.00, 0.69404, 0.54707
723, 246, -0.98608, -0.02241, 0.97949, -0.98839, -0.01474, -0.10808, 0.80, 0.80, 0.80, 1.00, 0.69404, 0.57098
724, 244, -1.00175, -0.03969, 1.12663, -0.98884, 0.01064, 0.10358, 0.80, 0.80, 0.80, 1.00, 0.67705, 0.57098
725, 245, -0.98995, 0.12174, 0.9912, -0.97545, 0.19061, -0.0502, 0.80, 0.80, 0.80, 1.00, 0.69404, 0.54707
726, 235, -0.84087, 0.14214, 0.89639, -0.16416, 0.2168, -0.95677, 0.80, 0.80, 0.80, 1.00, 0.71007, 0.54633
727, 236, -0.82493, -0.00035, 0.87701, -0.31956, 0.09448, -0.93702, 0.80, 0.80, 0.80, 1.00, 0.70942, 0.57075
728, 247, -0.98995, 0.12174, 0.9912, -0.54279, 0.14964, -0.82031, 0.80, 0.80, 0.80, 1.00, 0.72613, 0.54633
729, 236, -0.82493, -0.00035, 0.87701, -0.31956, 0.09448, -0.93702, 0.80, 0.80, 0.80, 1.00, 0.70942, 0.57075
730, 248, -0.98608, -0.02241, 0.97949, -0.53873, 0.05619, -0.83421, 0.80, 0.80, 0.80, 1.00, 0.72678, 0.57075
731, 247, -0.98995, 0.12174, 0.9912, -0.54279, 0.14964, -0.82031, 0.80, 0.80, 0.80, 1.00, 0.72613, 0.54633
732, 249, -0.05757, -0.03125, 1.95889, 0.27994, -0.04263, 0.95316, 0.80, 0.80, 0.80, 1.00, 0.55825, 0.52848
733, 250, -0.08012, 0.11283, 1.97464, 0.27403, -0.06377, 0.95374, 0.80, 0.80, 0.80, 1.00, 0.55657, 0.50775
734, 251, -0.42632, 0.07682, 2.0714, 0.27994, -0.04263, 0.95316, 0.80, 0.80, 0.80, 1.00, 0.50171, 0.50648
735, 249, -0.05757, -0.03125, 1.95889, 0.27994, -0.04263, 0.95316, 0.80, 0.80, 0.80, 1.00, 0.55825, 0.52848
736, 251, -0.42632, 0.07682, 2.0714, 0.27994, -0.04263, 0.95316, 0.80, 0.80, 0.80, 1.00, 0.50171, 0.50648
737, 252, -0.42156, -0.06971, 2.06697, 0.28571, -0.02146, 0.95212, 0.80, 0.80, 0.80, 1.00, 0.50002, 0.5272
738, 253, -0.08012, 0.11283, 1.97464, 0.03169, 0.94892, 0.30786, 0.80, 0.80, 0.80, 1.00, 0.49574, 0.43934
739, 254, -0.24838, 0.18938, 1.68746, 0.09547, 0.96924, 0.21869, 0.80, 0.80, 0.80, 1.00, 0.55726, 0.43544
740, 255, -0.548, 0.16198, 1.87716, 0.06906, 0.95395, 0.28524, 0.80, 0.80, 0.80, 1.00, 0.55726, 0.50127
741, 253, -0.08012, 0.11283, 1.97464, 0.03169, 0.94892, 0.30786, 0.80, 0.80, 0.80, 1.00, 0.49574, 0.43934
742, 255, -0.548, 0.16198, 1.87716, 0.06906, 0.95395, 0.28524, 0.80, 0.80, 0.80, 1.00, 0.55726, 0.50127
743, 256, -0.42632, 0.07682, 2.0714, 0.01173, 0.9187, 0.38927, 0.80, 0.80, 0.80, 1.00, 0.51087, 0.5034
744, 255, -0.548, 0.16198, 1.87716, 0.06906, 0.95395, 0.28524, 0.80, 0.80, 0.80, 1.00, 0.55726, 0.50127
745, 207, -0.58186, 0.32215, 1.46856, 0.28311, 0.85214, 0.43245, 0.80, 0.80, 0.80, 1.00, 0.60121, 0.46273
746, 215, -0.75835, 0.35128, 1.49068, 0.22782, 0.79025, 0.56229, 0.80, 0.80, 0.80, 1.00, 0.61265, 0.49168
747, 207, -0.58186, 0.32215, 1.46856, 0.28311, 0.85214, 0.43245, 0.80, 0.80, 0.80, 1.00, 0.60121, 0.46273
748, 255, -0.548, 0.16198, 1.87716, 0.06906, 0.95395, 0.28524, 0.80, 0.80, 0.80, 1.00, 0.55726, 0.50127
749, 254, -0.24838, 0.18938, 1.68746, 0.09547, 0.96924, 0.21869, 0.80, 0.80, 0.80, 1.00, 0.55726, 0.43544
750, 207, -0.58186, 0.32215, 1.46856, 0.28311, 0.85214, 0.43245, 0.80, 0.80, 0.80, 1.00, 0.60121, 0.46273
751, 254, -0.24838, 0.18938, 1.68746, 0.09547, 0.96924, 0.21869, 0.80, 0.80, 0.80, 1.00, 0.55726, 0.43544
752, 210, -0.44931, 0.32585, 1.3402, 0.3339, 0.86252, 0.37129, 0.80, 0.80, 0.80, 1.00, 0.60648, 0.4294
753, 239, -0.42632, 0.07682, 2.0714, -0.42023, 0.3245, 0.84094, 0.80, 0.80, 0.80, 1.00, 0.51367, 0.54669
754, 257, -0.548, 0.16198, 1.87716, -0.67014, 0.50826, 0.53351, 0.80, 0.80, 0.80, 1.00, 0.56032, 0.53081
755, 237, -0.53581, 0.02073, 2.03819, -0.57305, 0.23905, 0.77665, 0.80, 0.80, 0.80, 1.00, 0.52674, 0.55375
756, 237, -0.53581, 0.02073, 2.03819, -0.57305, 0.23905, 0.77665, 0.80, 0.80, 0.80, 1.00, 0.52674, 0.55375
757, 257, -0.548, 0.16198, 1.87716, -0.67014, 0.50826, 0.53351, 0.80, 0.80, 0.80, 1.00, 0.56032, 0.53081
758, 241, -0.69338, 0.01363, 1.78908, -0.83802, 0.18528, 0.50244, 0.80, 0.80, 0.80, 1.00, 0.5947, 0.55245
759, 241, -0.69338, 0.01363, 1.78908, -0.83802, 0.18528, 0.50244, 0.80, 0.80, 0.80, 1.00, 0.5947, 0.55245
760, 257, -0.548, 0.16198, 1.87716, -0.67014, 0.50826, 0.53351, 0.80, 0.80, 0.80, 1.00, 0.56032, 0.53081
761, 214, -0.75835, 0.35128, 1.49068, -0.69776, 0.40764, 0.58118, 0.80, 0.80, 0.80, 1.00, 0.61603, 0.50288
762, 241, -0.69338, 0.01363, 1.78908, -0.83802, 0.18528, 0.50244, 0.80, 0.80, 0.80, 1.00, 0.5947, 0.55245
763, 214, -0.75835, 0.35128, 1.49068, -0.69776, 0.40764, 0.58118, 0.80, 0.80, 0.80, 1.00, 0.61603, 0.50288
764, 211, -0.914, 0.36306, 1.2973, -0.89596, 0.31907, 0.29377, 0.80, 0.80, 0.80, 1.00, 0.65226, 0.50274
765, 241, -0.69338, 0.01363, 1.78908, -0.83802, 0.18528, 0.50244, 0.80, 0.80, 0.80, 1.00, 0.5947, 0.55245
766, 211, -0.914, 0.36306, 1.2973, -0.89596, 0.31907, 0.29377, 0.80, 0.80, 0.80, 1.00, 0.65226, 0.50274
767, 243, -0.99413, 0.07698, 1.15042, -0.95529, 0.0682, 0.26736, 0.80, 0.80, 0.80, 1.00, 0.67443, 0.55148
768, 226, -0.11703, 0.07805, 1.77186, 0.86408, 0.3705, -0.3221, 0.80, 0.80, 0.80, 1.00, 0.52788, 0.55185
769, 258, -0.24838, 0.18938, 1.68746, 0.75103, 0.55544, -0.34086, 0.80, 0.80, 0.80, 1.00, 0.56228, 0.52987
770, 227, -0.08012, 0.11283, 1.97464, 0.86543, 0.43076, -0.23099, 0.80, 0.80, 0.80, 1.00, 0.4989, 0.54593
771, 226, -0.11703, 0.07805, 1.77186, 0.86408, 0.3705, -0.3221, 0.80, 0.80, 0.80, 1.00, 0.52788, 0.55185
772, 229, -0.2184, 0.07648, 1.60232, 0.81241, 0.30696, -0.48295, 0.80, 0.80, 0.80, 1.00, 0.58286, 0.55047
773, 258, -0.24838, 0.18938, 1.68746, 0.75103, 0.55544, -0.34086, 0.80, 0.80, 0.80, 1.00, 0.56228, 0.52987
774, 229, -0.2184, 0.07648, 1.60232, 0.81241, 0.30696, -0.48295, 0.80, 0.80, 0.80, 1.00, 0.58286, 0.55047
775, 203, -0.44931, 0.32585, 1.3402, 0.86067, 0.36862, -0.33319, 0.80, 0.80, 0.80, 1.00, 0.613, 0.50877
776, 258, -0.24838, 0.18938, 1.68746, 0.75103, 0.55544, -0.34086, 0.80, 0.80, 0.80, 1.00, 0.56228, 0.52987
777, 229, -0.2184, 0.07648, 1.60232, 0.81241, 0.30696, -0.48295, 0.80, 0.80, 0.80, 1.00, 0.58286, 0.55047
778, 231, -0.66407, 0.12216, 0.94051, 0.81411, 0.13259, -0.55414, 0.80, 0.80, 0.80, 1.00, 0.67917, 0.54944
779, 203, -0.44931, 0.32585, 1.3402, 0.86067, 0.36862, -0.33319, 0.80, 0.80, 0.80, 1.00, 0.613, 0.50877
780, 231, -0.66407, 0.12216, 0.94051, 0.81411, 0.13259, -0.55414, 0.80, 0.80, 0.80, 1.00, 0.67917, 0.54944
781, 206, -0.57565, 0.40898, 1.08419, 0.77997, 0.27474, -0.551, 0.80, 0.80, 0.80, 1.00, 0.65619, 0.49774
782, 203, -0.44931, 0.32585, 1.3402, 0.86067, 0.36862, -0.33319, 0.80, 0.80, 0.80, 1.00, 0.613, 0.50877
783, 231, -0.66407, 0.12216, 0.94051, 0.81411, 0.13259, -0.55414, 0.80, 0.80, 0.80, 1.00, 0.67917, 0.54944
784, 220, -0.71981, 0.42199, 0.93843, 0.69356, 0.25689, -0.66366, 0.80, 0.80, 0.80, 1.00, 0.68637, 0.49661
785, 206, -0.57565, 0.40898, 1.08419, 0.77997, 0.27474, -0.551, 0.80, 0.80, 0.80, 1.00, 0.65619, 0.49774
786, 233, -0.66407, 0.12216, 0.94051, 0.2529, 0.15314, -0.94897, 0.80, 0.80, 0.80, 1.00, 0.69902, 0.55084
787, 235, -0.84087, 0.14214, 0.89639, -0.16416, 0.2168, -0.95677, 0.80, 0.80, 0.80, 1.00, 0.71007, 0.54633
788, 221, -0.71981, 0.42199, 0.93843, -0.34375, 0.20208, -0.91148, 0.80, 0.80, 0.80, 1.00, 0.70022, 0.49868
789, 245, -0.98995, 0.12174, 0.9912, -0.97545, 0.19061, -0.0502, 0.80, 0.80, 0.80, 1.00, 0.69404, 0.54707
790, 243, -0.99413, 0.07698, 1.15042, -0.95529, 0.0682, 0.26736, 0.80, 0.80, 0.80, 1.00, 0.67443, 0.55148
791, 211, -0.914, 0.36306, 1.2973, -0.89596, 0.31907, 0.29377, 0.80, 0.80, 0.80, 1.00, 0.65226, 0.50274
792, 245, -0.98995, 0.12174, 0.9912, -0.97545, 0.19061, -0.0502, 0.80, 0.80, 0.80, 1.00, 0.69404, 0.54707
793, 211, -0.914, 0.36306, 1.2973, -0.89596, 0.31907, 0.29377, 0.80, 0.80, 0.80, 1.00, 0.65226, 0.50274
794, 217, -0.85523, 0.40364, 1.01742, -0.95389, 0.22288, -0.17684, 0.80, 0.80, 0.80, 1.00, 0.68234, 0.5018
795, 224, -0.85523, 0.40364, 1.01742, -0.51952, 0.2886, -0.79867, 0.80, 0.80, 0.80, 1.00, 0.72573, 0.49878
796, 235, -0.84087, 0.14214, 0.89639, -0.16416, 0.2168, -0.95677, 0.80, 0.80, 0.80, 1.00, 0.71007, 0.54633
797, 247, -0.98995, 0.12174, 0.9912, -0.54279, 0.14964, -0.82031, 0.80, 0.80, 0.80, 1.00, 0.72613, 0.54633
798, 235, -0.84087, 0.14214, 0.89639, -0.16416, 0.2168, -0.95677, 0.80, 0.80, 0.80, 1.00, 0.71007, 0.54633
799, 224, -0.85523, 0.40364, 1.01742, -0.51952, 0.2886, -0.79867, 0.80, 0.80, 0.80, 1.00, 0.72573, 0.49878
800, 221, -0.71981, 0.42199, 0.93843, -0.34375, 0.20208, -0.91148, 0.80, 0.80, 0.80, 1.00, 0.70022, 0.49868
801, 259, 0.5152, 7.86943, 0.79846, -0.65556, -0.17352, 0.73186, 0.80, 0.80, 0.80, 1.00, 0.33854, 0.04987
802, 260, 0.4693, 8.12148, 0.68537, -0.73813, 0.15975, 0.65254, 0.80, 0.80, 0.80, 1.00, 0.35388, 0.02254
803, 261, 0.39476, 8.05768, 0.61643, -0.75418, 0.13656, 0.63924, 0.80, 0.80, 0.80, 1.00, 0.36012, 0.04638
804, 262, 0.4693, 8.12148, 0.68537, -0.77795, 0.48563, 0.39504, 0.80, 0.80, 0.80, 1.00, 0.3538, 0.02288
805, 263, 0.49704, 8.33057, 0.48379, -0.72674, 0.67463, 0.11945, 0.80, 0.80, 0.80, 1.00, 0.40394, 0.00465
806, 264, 0.39476, 8.05768, 0.61643, -0.82178, 0.44851, 0.34691, 0.80, 0.80, 0.80, 1.00, 0.36004, 0.04671
807, 265, 0.75222, 7.5537, 0.60278, 0.41259, -0.57053, 0.70875, 0.80, 0.80, 0.80, 1.00, 0.32881, 0.12721
808, 266, 0.62169, 7.79895, 0.77311, -0.15186, -0.5683, 0.80603, 0.80, 0.80, 0.80, 1.00, 0.33048, 0.05465
809, 259, 0.5152, 7.86943, 0.79846, -0.65556, -0.17352, 0.73186, 0.80, 0.80, 0.80, 1.00, 0.33854, 0.04987
810, 265, 0.75222, 7.5537, 0.60278, 0.41259, -0.57053, 0.70875, 0.80, 0.80, 0.80, 1.00, 0.32881, 0.12721
811, 259, 0.5152, 7.86943, 0.79846, -0.65556, -0.17352, 0.73186, 0.80, 0.80, 0.80, 1.00, 0.33854, 0.04987
812, 267, 0.41856, 7.75987, 0.64868, -0.28234, -0.28098, 0.91591, 0.80, 0.80, 0.80, 1.00, 0.36494, 0.10422
813, 267, 0.41856, 7.75987, 0.64868, -0.28234, -0.28098, 0.91591, 0.80, 0.80, 0.80, 1.00, 0.36494, 0.10422
814, 259, 0.5152, 7.86943, 0.79846, -0.65556, -0.17352, 0.73186, 0.80, 0.80, 0.80, 1.00, 0.33854, 0.04987
815, 261, 0.39476, 8.05768, 0.61643, -0.75418, 0.13656, 0.63924, 0.80, 0.80, 0.80, 1.00, 0.36012, 0.04638
816, 264, 0.39476, 8.05768, 0.61643, -0.82178, 0.44851, 0.34691, 0.80, 0.80, 0.80, 1.00, 0.36004, 0.04671
817, 263, 0.49704, 8.33057, 0.48379, -0.72674, 0.67463, 0.11945, 0.80, 0.80, 0.80, 1.00, 0.40394, 0.00465
818, 268, 0.24843, 8.006, 0.44262, -0.84989, 0.45952, 0.25442, 0.80, 0.80, 0.80, 1.00, 0.40507, 0.07599
819, 264, 0.39476, 8.05768, 0.61643, -0.82178, 0.44851, 0.34691, 0.80, 0.80, 0.80, 1.00, 0.36004, 0.04671
820, 268, 0.24843, 8.006, 0.44262, -0.84989, 0.45952, 0.25442, 0.80, 0.80, 0.80, 1.00, 0.40507, 0.07599
821, 269, 0.41856, 7.75987, 0.64868, -0.68247, 0.12972, 0.71771, 0.80, 0.80, 0.80, 1.00, 0.36486, 0.10456
822, 268, 0.24843, 8.006, 0.44262, -0.84989, 0.45952, 0.25442, 0.80, 0.80, 0.80, 1.00, 0.40507, 0.07599
823, 263, 0.49704, 8.33057, 0.48379, -0.72674, 0.67463, 0.11945, 0.80, 0.80, 0.80, 1.00, 0.40394, 0.00465
824, 270, 0.64626, 8.33951, 0.37568, -0.16193, 0.7992, -0.57602, 0.80, 0.80, 0.80, 1.00, 0.42678, 0.00025
825, 268, 0.24843, 8.006, 0.44262, -0.84989, 0.45952, 0.25442, 0.80, 0.80, 0.80, 1.00, 0.40507, 0.07599
826, 270, 0.64626, 8.33951, 0.37568, -0.16193, 0.7992, -0.57602, 0.80, 0.80, 0.80, 1.00, 0.42678, 0.00025
827, 271, 0.49826, 8.0842, 0.13166, -0.39857, 0.59824, -0.69381, 0.80, 0.80, 0.80, 1.00, 0.43519, 0.06053
828, 271, 0.49826, 8.0842, 0.13166, -0.39857, 0.59824, -0.69381, 0.80, 0.80, 0.80, 1.00, 0.43519, 0.06053
829, 270, 0.64626, 8.33951, 0.37568, -0.16193, 0.7992, -0.57602, 0.80, 0.80, 0.80, 1.00, 0.42678, 0.00025
830, 272, 0.78825, 8.29382, 0.33445, 0.22802, 0.69895, -0.675, 0.80, 0.80, 0.80, 1.00, 0.439, -0.00075
831, 273, 0.62074, 7.74018, 0.96966, -0.31065, -0.82316, 0.47203, 0.80, 0.80, 0.80, 1.00, 0.39733, 0.41452
832, 274, 0.57036, 8.11456, 1.09121, -0.61472, -0.21462, 0.756, 0.80, 0.80, 0.80, 1.00, 0.4328, 0.34516
833, 275, 0.48776, 7.8583, 0.90802, -0.87952, -0.45309, 0.13011, 0.80, 0.80, 0.80, 1.00, 0.42681, 0.41326
834, 276, 0.73375, 7.93976, 1.14422, -0.19342, -0.64115, 0.73988, 0.80, 0.80, 0.80, 1.00, 0.39649, 0.35562
835, 274, 0.57036, 8.11456, 1.09121, -0.61472, -0.21462, 0.756, 0.80, 0.80, 0.80, 1.00, 0.4328, 0.34516
836, 273, 0.62074, 7.74018, 0.96966, -0.31065, -0.82316, 0.47203, 0.80, 0.80, 0.80, 1.00, 0.39733, 0.41452
837, 277, 0.76029, 7.98353, 1.19596, -0.1112, -0.49389, 0.85981, 0.80, 0.80, 0.80, 1.00, 0.39738, 0.33798
838, 274, 0.57036, 8.11456, 1.09121, -0.61472, -0.21462, 0.756, 0.80, 0.80, 0.80, 1.00, 0.4328, 0.34516
839, 276, 0.73375, 7.93976, 1.14422, -0.19342, -0.64115, 0.73988, 0.80, 0.80, 0.80, 1.00, 0.39649, 0.35562
840, 277, 0.76029, 7.98353, 1.19596, -0.1112, -0.49389, 0.85981, 0.80, 0.80, 0.80, 1.00, 0.39738, 0.33798
841, 278, 0.8026, 8.07058, 1.21861, -0.01175, -0.30035, 0.9514, 0.80, 0.80, 0.80, 1.00, 0.39649, 0.31324
842, 274, 0.57036, 8.11456, 1.09121, -0.61472, -0.21462, 0.756, 0.80, 0.80, 0.80, 1.00, 0.4328, 0.34516
843, 274, 0.57036, 8.11456, 1.09121, -0.61472, -0.21462, 0.756, 0.80, 0.80, 0.80, 1.00, 0.4328, 0.34516
844, 278, 0.8026, 8.07058, 1.21861, -0.01175, -0.30035, 0.9514, 0.80, 0.80, 0.80, 1.00, 0.39649, 0.31324
845, 279, 0.61988, 8.23626, 1.13146, -0.49049, -0.08529, 0.8648, 0.80, 0.80, 0.80, 1.00, 0.43423, 0.31062
846, 280, 0.97091, 8.41112, 1.32858, 0.00773, -0.26065, 0.96309, 0.80, 0.80, 0.80, 1.00, 0.39567, 0.21373
847, 281, 0.82425, 8.53805, 1.2398, -0.4988, 0.16837, 0.84813, 0.80, 0.80, 0.80, 1.00, 0.42726, 0.21528
848, 282, 0.71688, 8.33087, 1.21728, -0.49032, 0.07581, 0.86603, 0.80, 0.80, 0.80, 1.00, 0.42919, 0.25769
849, 282, 0.71688, 8.33087, 1.21728, -0.49032, 0.07581, 0.86603, 0.80, 0.80, 0.80, 1.00, 0.42919, 0.25769
850, 283, 0.8778, 8.2286, 1.24738, -0.05294, -0.38241, 0.92003, 0.80, 0.80, 0.80, 1.00, 0.39649, 0.25639
851, 280, 0.97091, 8.41112, 1.32858, 0.00773, -0.26065, 0.96309, 0.80, 0.80, 0.80, 1.00, 0.39567, 0.21373
852, 284, 0.97091, 8.41112, 1.32858, 0.14603, 0.03846, 0.98656, 0.80, 0.80, 0.80, 1.00, 0.39618, 0.21377
853, 285, 1.05369, 8.6009, 1.3053, 0.29633, 0.40658, 0.86272, 0.80, 0.80, 0.80, 1.00, 0.42794, 0.21506
854, 286, 0.8724, 8.67277, 1.22437, -0.41504, 0.41869, 0.80625, 0.80, 0.80, 0.80, 1.00, 0.44333, 0.18059
855, 284, 0.97091, 8.41112, 1.32858, 0.14603, 0.03846, 0.98656, 0.80, 0.80, 0.80, 1.00, 0.39618, 0.21377
856, 286, 0.8724, 8.67277, 1.22437, -0.41504, 0.41869, 0.80625, 0.80, 0.80, 0.80, 1.00, 0.44333, 0.18059
857, 287, 0.82425, 8.53805, 1.2398, -0.44146, 0.25814, 0.85752, 0.80, 0.80, 0.80, 1.00, 0.42484, 0.18234
858, 288, 0.62169, 7.79895, 0.77311, -0.42552, -0.86768, -0.25455, 0.80, 0.80, 0.80, 1.00, 0.39905, 0.42646
859, 273, 0.62074, 7.74018, 0.96966, -0.31065, -0.82316, 0.47203, 0.80, 0.80, 0.80, 1.00, 0.39733, 0.41452
860, 275, 0.48776, 7.8583, 0.90802, -0.87952, -0.45309, 0.13011, 0.80, 0.80, 0.80, 1.00, 0.42681, 0.41326
861, 288, 0.62169, 7.79895, 0.77311, -0.42552, -0.86768, -0.25455, 0.80, 0.80, 0.80, 1.00, 0.39905, 0.42646
862, 275, 0.48776, 7.8583, 0.90802, -0.87952, -0.45309, 0.13011, 0.80, 0.80, 0.80, 1.00, 0.42681, 0.41326
863, 289, 0.5152, 7.86943, 0.79846, -0.78386, -0.56361, -0.25428, 0.80, 0.80, 0.80, 1.00, 0.41852, 0.42068
864, 289, 0.5152, 7.86943, 0.79846, -0.78386, -0.56361, -0.25428, 0.80, 0.80, 0.80, 1.00, 0.41852, 0.42068
865, 275, 0.48776, 7.8583, 0.90802, -0.87952, -0.45309, 0.13011, 0.80, 0.80, 0.80, 1.00, 0.42681, 0.41326
866, 290, 0.4693, 8.12148, 0.68537, -0.98361, -0.14261, -0.08661, 0.80, 0.80, 0.80, 1.00, 0.48682, 0.40128
867, 282, 0.71688, 8.33087, 1.21728, -0.49032, 0.07581, 0.86603, 0.80, 0.80, 0.80, 1.00, 0.42919, 0.25769
868, 281, 0.82425, 8.53805, 1.2398, -0.4988, 0.16837, 0.84813, 0.80, 0.80, 0.80, 1.00, 0.42726, 0.21528
869, 291, 0.7111, 8.59363, 1.14549, -0.57938, 0.20406, 0.7869, 0.80, 0.80, 0.80, 1.00, 0.45139, 0.227
870, 282, 0.71688, 8.33087, 1.21728, -0.49032, 0.07581, 0.86603, 0.80, 0.80, 0.80, 1.00, 0.42919, 0.25769
871, 291, 0.7111, 8.59363, 1.14549, -0.57938, 0.20406, 0.7869, 0.80, 0.80, 0.80, 1.00, 0.45139, 0.227
872, 292, 0.61063, 8.36111, 1.12793, -0.59525, 0.20067, 0.77583, 0.80, 0.80, 0.80, 1.00, 0.44396, 0.28677
873, 293, 0.61988, 8.23626, 1.13146, -0.62465, -0.01415, 0.77809, 0.80, 0.80, 0.80, 1.00, 0.43445, 0.31062
874, 294, 0.61063, 8.36111, 1.12793, -0.76399, 0.27689, 0.57977, 0.80, 0.80, 0.80, 1.00, 0.44418, 0.28677
875, 295, 0.52891, 8.30689, 1.05977, -0.8351, 0.14553, 0.52667, 0.80, 0.80, 0.80, 1.00, 0.45208, 0.31432
876, 296, 0.57036, 8.11456, 1.09121, -0.70539, -0.03588, 0.70486, 0.80, 0.80, 0.80, 1.00, 0.43301, 0.34516
877, 293, 0.61988, 8.23626, 1.13146, -0.62465, -0.01415, 0.77809, 0.80, 0.80, 0.80, 1.00, 0.43445, 0.31062
878, 295, 0.52891, 8.30689, 1.05977, -0.8351, 0.14553, 0.52667, 0.80, 0.80, 0.80, 1.00, 0.45208, 0.31432
879, 296, 0.57036, 8.11456, 1.09121, -0.70539, -0.03588, 0.70486, 0.80, 0.80, 0.80, 1.00, 0.43301, 0.34516
880, 295, 0.52891, 8.30689, 1.05977, -0.8351, 0.14553, 0.52667, 0.80, 0.80, 0.80, 1.00, 0.45208, 0.31432
881, 297, 0.49939, 8.17974, 1.00861, -0.96168, 0.05962, 0.25899, 0.80, 0.80, 0.80, 1.00, 0.44661, 0.34908
882, 275, 0.48776, 7.8583, 0.90802, -0.87952, -0.45309, 0.13011, 0.80, 0.80, 0.80, 1.00, 0.42681, 0.41326
883, 274, 0.57036, 8.11456, 1.09121, -0.61472, -0.21462, 0.756, 0.80, 0.80, 0.80, 1.00, 0.4328, 0.34516
884, 298, 0.49939, 8.17974, 1.00861, -0.93333, -0.07363, 0.34471, 0.80, 0.80, 0.80, 1.00, 0.44639, 0.34908
885, 275, 0.48776, 7.8583, 0.90802, -0.87952, -0.45309, 0.13011, 0.80, 0.80, 0.80, 1.00, 0.42681, 0.41326
886, 298, 0.49939, 8.17974, 1.00861, -0.93333, -0.07363, 0.34471, 0.80, 0.80, 0.80, 1.00, 0.44639, 0.34908
887, 290, 0.4693, 8.12148, 0.68537, -0.98361, -0.14261, -0.08661, 0.80, 0.80, 0.80, 1.00, 0.48682, 0.40128
888, 297, 0.49939, 8.17974, 1.00861, -0.96168, 0.05962, 0.25899, 0.80, 0.80, 0.80, 1.00, 0.44661, 0.34908
889, 295, 0.52891, 8.30689, 1.05977, -0.8351, 0.14553, 0.52667, 0.80, 0.80, 0.80, 1.00, 0.45208, 0.31432
890, 299, 0.52299, 8.45447, 0.80415, -0.96681, 0.23044, 0.08857, 0.80, 0.80, 0.80, 1.00, 0.51159, 0.31455
891, 297, 0.49939, 8.17974, 1.00861, -0.96168, 0.05962, 0.25899, 0.80, 0.80, 0.80, 1.00, 0.44661, 0.34908
892, 300, 0.46072, 8.23519, 0.68755, -0.99072, 0.11773, 0.00095, 0.80, 0.80, 0.80, 1.00, 0.51356, 0.37896
893, 301, 0.4693, 8.12148, 0.68537, -0.99358, -0.07415, -0.05076, 0.80, 0.80, 0.80, 1.00, 0.48703, 0.40128
894, 300, 0.46072, 8.23519, 0.68755, -0.99072, 0.11773, 0.00095, 0.80, 0.80, 0.80, 1.00, 0.51356, 0.37896
895, 297, 0.49939, 8.17974, 1.00861, -0.96168, 0.05962, 0.25899, 0.80, 0.80, 0.80, 1.00, 0.44661, 0.34908
896, 299, 0.52299, 8.45447, 0.80415, -0.96681, 0.23044, 0.08857, 0.80, 0.80, 0.80, 1.00, 0.51159, 0.31455
897, 295, 0.52891, 8.30689, 1.05977, -0.8351, 0.14553, 0.52667, 0.80, 0.80, 0.80, 1.00, 0.45208, 0.31432
898, 294, 0.61063, 8.36111, 1.12793, -0.76399, 0.27689, 0.57977, 0.80, 0.80, 0.80, 1.00, 0.44418, 0.28677
899, 302, 0.55772, 8.54761, 0.8645, -0.87842, 0.37621, 0.28853, 0.80, 0.80, 0.80, 1.00, 0.50903, 0.28505
900, 295, 0.52891, 8.30689, 1.05977, -0.8351, 0.14553, 0.52667, 0.80, 0.80, 0.80, 1.00, 0.45208, 0.31432
901, 302, 0.55772, 8.54761, 0.8645, -0.87842, 0.37621, 0.28853, 0.80, 0.80, 0.80, 1.00, 0.50903, 0.28505
902, 299, 0.52299, 8.45447, 0.80415, -0.96681, 0.23044, 0.08857, 0.80, 0.80, 0.80, 1.00, 0.51159, 0.31455
903, 302, 0.55772, 8.54761, 0.8645, -0.87842, 0.37621, 0.28853, 0.80, 0.80, 0.80, 1.00, 0.50903, 0.28505
904, 294, 0.61063, 8.36111, 1.12793, -0.76399, 0.27689, 0.57977, 0.80, 0.80, 0.80, 1.00, 0.44418, 0.28677
905, 303, 0.7111, 8.59363, 1.14549, -0.85161, 0.31535, 0.41435, 0.80, 0.80, 0.80, 1.00, 0.45161, 0.227
906, 302, 0.55772, 8.54761, 0.8645, -0.87842, 0.37621, 0.28853, 0.80, 0.80, 0.80, 1.00, 0.50903, 0.28505
907, 303, 0.7111, 8.59363, 1.14549, -0.85161, 0.31535, 0.41435, 0.80, 0.80, 0.80, 1.00, 0.45161, 0.227
908, 304, 0.66313, 8.7165, 0.96222, -0.87585, 0.38229, 0.28838, 0.80, 0.80, 0.80, 1.00, 0.50946, 0.22644
909, 305, 0.7111, 8.59363, 1.14549, -0.59261, 0.46129, 0.65845, 0.80, 0.80, 0.80, 1.00, 0.44778, 0.16183
910, 287, 0.82425, 8.53805, 1.2398, -0.44146, 0.25814, 0.85752, 0.80, 0.80, 0.80, 1.00, 0.42484, 0.18234
911, 286, 0.8724, 8.67277, 1.22437, -0.41504, 0.41869, 0.80625, 0.80, 0.80, 0.80, 1.00, 0.44333, 0.18059
912, 305, 0.7111, 8.59363, 1.14549, -0.59261, 0.46129, 0.65845, 0.80, 0.80, 0.80, 1.00, 0.44778, 0.16183
913, 286, 0.8724, 8.67277, 1.22437, -0.41504, 0.41869, 0.80625, 0.80, 0.80, 0.80, 1.00, 0.44333, 0.18059
914, 306, 0.79535, 8.808, 1.03416, -0.48883, 0.71264, 0.50188, 0.80, 0.80, 0.80, 1.00, 0.49524, 0.16213
915, 305, 0.7111, 8.59363, 1.14549, -0.59261, 0.46129, 0.65845, 0.80, 0.80, 0.80, 1.00, 0.44778, 0.16183
916, 306, 0.79535, 8.808, 1.03416, -0.48883, 0.71264, 0.50188, 0.80, 0.80, 0.80, 1.00, 0.49524, 0.16213
917, 307, 0.66313, 8.7165, 0.96222, -0.65077, 0.65063, 0.38884, 0.80, 0.80, 0.80, 1.00, 0.49757, 0.14886
918, 285, 1.05369, 8.6009, 1.3053, 0.29633, 0.40658, 0.86272, 0.80, 0.80, 0.80, 1.00, 0.42794, 0.21506
919, 308, 1.09265, 8.73581, 1.13624, 0.40384, 0.73734, 0.54023, 0.80, 0.80, 0.80, 1.00, 0.45335, 0.2274
920, 309, 0.92836, 8.78172, 1.16568, -0.00433, 0.79247, 0.60942, 0.80, 0.80, 0.80, 1.00, 0.46816, 0.18293
921, 285, 1.05369, 8.6009, 1.3053, 0.29633, 0.40658, 0.86272, 0.80, 0.80, 0.80, 1.00, 0.42794, 0.21506
922, 309, 0.92836, 8.78172, 1.16568, -0.00433, 0.79247, 0.60942, 0.80, 0.80, 0.80, 1.00, 0.46816, 0.18293
923, 286, 0.8724, 8.67277, 1.22437, -0.41504, 0.41869, 0.80625, 0.80, 0.80, 0.80, 1.00, 0.44333, 0.18059
924, 286, 0.8724, 8.67277, 1.22437, -0.41504, 0.41869, 0.80625, 0.80, 0.80, 0.80, 1.00, 0.44333, 0.18059
925, 309, 0.92836, 8.78172, 1.16568, -0.00433, 0.79247, 0.60942, 0.80, 0.80, 0.80, 1.00, 0.46816, 0.18293
926, 306, 0.79535, 8.808, 1.03416, -0.48883, 0.71264, 0.50188, 0.80, 0.80, 0.80, 1.00, 0.49524, 0.16213
927, 309, 0.92836, 8.78172, 1.16568, -0.00433, 0.79247, 0.60942, 0.80, 0.80, 0.80, 1.00, 0.46816, 0.18293
928, 310, 1.1225, 8.88675, 0.84176, 0.42547, 0.86407, 0.26664, 0.80, 0.80, 0.80, 1.00, 0.55016, 0.22415
929, 311, 0.94306, 8.93545, 0.84842, 0.01782, 0.98761, 0.15449, 0.80, 0.80, 0.80, 1.00, 0.55016, 0.18074
930, 309, 0.92836, 8.78172, 1.16568, -0.00433, 0.79247, 0.60942, 0.80, 0.80, 0.80, 1.00, 0.46816, 0.18293
931, 308, 1.09265, 8.73581, 1.13624, 0.40384, 0.73734, 0.54023, 0.80, 0.80, 0.80, 1.00, 0.45335, 0.2274
932, 310, 1.1225, 8.88675, 0.84176, 0.42547, 0.86407, 0.26664, 0.80, 0.80, 0.80, 1.00, 0.55016, 0.22415
933, 306, 0.79535, 8.808, 1.03416, -0.48883, 0.71264, 0.50188, 0.80, 0.80, 0.80, 1.00, 0.49524, 0.16213
934, 309, 0.92836, 8.78172, 1.16568, -0.00433, 0.79247, 0.60942, 0.80, 0.80, 0.80, 1.00, 0.46816, 0.18293
935, 311, 0.94306, 8.93545, 0.84842, 0.01782, 0.98761, 0.15449, 0.80, 0.80, 0.80, 1.00, 0.55016, 0.18074
936, 306, 0.79535, 8.808, 1.03416, -0.48883, 0.71264, 0.50188, 0.80, 0.80, 0.80, 1.00, 0.49524, 0.16213
937, 311, 0.94306, 8.93545, 0.84842, 0.01782, 0.98761, 0.15449, 0.80, 0.80, 0.80, 1.00, 0.55016, 0.18074
938, 312, 0.80866, 8.91452, 0.81849, -0.42415, 0.90462, -0.01879, 0.80, 0.80, 0.80, 1.00, 0.55127, 0.16103
939, 306, 0.79535, 8.808, 1.03416, -0.48883, 0.71264, 0.50188, 0.80, 0.80, 0.80, 1.00, 0.49524, 0.16213
940, 312, 0.80866, 8.91452, 0.81849, -0.42415, 0.90462, -0.01879, 0.80, 0.80, 0.80, 1.00, 0.55127, 0.16103
941, 307, 0.66313, 8.7165, 0.96222, -0.65077, 0.65063, 0.38884, 0.80, 0.80, 0.80, 1.00, 0.49757, 0.14886
942, 307, 0.66313, 8.7165, 0.96222, -0.65077, 0.65063, 0.38884, 0.80, 0.80, 0.80, 1.00, 0.49757, 0.14886
943, 312, 0.80866, 8.91452, 0.81849, -0.42415, 0.90462, -0.01879, 0.80, 0.80, 0.80, 1.00, 0.55127, 0.16103
944, 313, 0.69044, 8.83231, 0.76405, -0.53709, 0.83728, -0.09221, 0.80, 0.80, 0.80, 1.00, 0.55127, 0.14899
945, 302, 0.55772, 8.54761, 0.8645, -0.87842, 0.37621, 0.28853, 0.80, 0.80, 0.80, 1.00, 0.50903, 0.28505
946, 304, 0.66313, 8.7165, 0.96222, -0.87585, 0.38229, 0.28838, 0.80, 0.80, 0.80, 1.00, 0.50946, 0.22644
947, 314, 0.69044, 8.83231, 0.76405, -0.79524, 0.59866, -0.0771, 0.80, 0.80, 0.80, 1.00, 0.55034, 0.22487
948, 302, 0.55772, 8.54761, 0.8645, -0.87842, 0.37621, 0.28853, 0.80, 0.80, 0.80, 1.00, 0.50903, 0.28505
949, 314, 0.69044, 8.83231, 0.76405, -0.79524, 0.59866, -0.0771, 0.80, 0.80, 0.80, 1.00, 0.55034, 0.22487
950, 315, 0.57136, 8.67081, 0.66873, -0.79862, 0.53457, -0.26951, 0.80, 0.80, 0.80, 1.00, 0.54659, 0.28123
951, 299, 0.52299, 8.45447, 0.80415, -0.96681, 0.23044, 0.08857, 0.80, 0.80, 0.80, 1.00, 0.51159, 0.31455
952, 302, 0.55772, 8.54761, 0.8645, -0.87842, 0.37621, 0.28853, 0.80, 0.80, 0.80, 1.00, 0.50903, 0.28505
953, 315, 0.57136, 8.67081, 0.66873, -0.79862, 0.53457, -0.26951, 0.80, 0.80, 0.80, 1.00, 0.54659, 0.28123
954, 299, 0.52299, 8.45447, 0.80415, -0.96681, 0.23044, 0.08857, 0.80, 0.80, 0.80, 1.00, 0.51159, 0.31455
955, 315, 0.57136, 8.67081, 0.66873, -0.79862, 0.53457, -0.26951, 0.80, 0.80, 0.80, 1.00, 0.54659, 0.28123
956, 316, 0.54862, 8.54991, 0.60418, -0.85295, 0.40513, -0.32259, 0.80, 0.80, 0.80, 1.00, 0.55114, 0.31553
957, 300, 0.46072, 8.23519, 0.68755, -0.99072, 0.11773, 0.00095, 0.80, 0.80, 0.80, 1.00, 0.51356, 0.37896
958, 299, 0.52299, 8.45447, 0.80415, -0.96681, 0.23044, 0.08857, 0.80, 0.80, 0.80, 1.00, 0.51159, 0.31455
959, 316, 0.54862, 8.54991, 0.60418, -0.85295, 0.40513, -0.32259, 0.80, 0.80, 0.80, 1.00, 0.55114, 0.31553
960, 300, 0.46072, 8.23519, 0.68755, -0.99072, 0.11773, 0.00095, 0.80, 0.80, 0.80, 1.00, 0.51356, 0.37896
961, 316, 0.54862, 8.54991, 0.60418, -0.85295, 0.40513, -0.32259, 0.80, 0.80, 0.80, 1.00, 0.55114, 0.31553
962, 317, 0.49704, 8.33057, 0.48379, -0.85915, 0.27718, -0.4248, 0.80, 0.80, 0.80, 1.00, 0.5597, 0.37925
963, 301, 0.4693, 8.12148, 0.68537, -0.99358, -0.07415, -0.05076, 0.80, 0.80, 0.80, 1.00, 0.48703, 0.40128
964, 300, 0.46072, 8.23519, 0.68755, -0.99072, 0.11773, 0.00095, 0.80, 0.80, 0.80, 1.00, 0.51356, 0.37896
965, 317, 0.49704, 8.33057, 0.48379, -0.85915, 0.27718, -0.4248, 0.80, 0.80, 0.80, 1.00, 0.5597, 0.37925
966, 312, 0.80866, 8.91452, 0.81849, -0.42415, 0.90462, -0.01879, 0.80, 0.80, 0.80, 1.00, 0.55127, 0.16103
967, 311, 0.94306, 8.93545, 0.84842, 0.01782, 0.98761, 0.15449, 0.80, 0.80, 0.80, 1.00, 0.55016, 0.18074
968, 318, 0.94897, 8.91412, 0.72396, -0.07649, 0.9141, -0.39525, 0.80, 0.80, 0.80, 1.00, 0.579, 0.18414
969, 313, 0.69044, 8.83231, 0.76405, -0.53709, 0.83728, -0.09221, 0.80, 0.80, 0.80, 1.00, 0.55127, 0.14899
970, 312, 0.80866, 8.91452, 0.81849, -0.42415, 0.90462, -0.01879, 0.80, 0.80, 0.80, 1.00, 0.55127, 0.16103
971, 319, 0.8608, 8.82078, 0.62922, -0.19245, 0.80084, -0.56427, 0.80, 0.80, 0.80, 1.00, 0.60997, 0.17511
972, 319, 0.8608, 8.82078, 0.62922, -0.19245, 0.80084, -0.56427, 0.80, 0.80, 0.80, 1.00, 0.60997, 0.17511
973, 312, 0.80866, 8.91452, 0.81849, -0.42415, 0.90462, -0.01879, 0.80, 0.80, 0.80, 1.00, 0.55127, 0.16103
974, 318, 0.94897, 8.91412, 0.72396, -0.07649, 0.9141, -0.39525, 0.80, 0.80, 0.80, 1.00, 0.579, 0.18414
975, 315, 0.57136, 8.67081, 0.66873, -0.79862, 0.53457, -0.26951, 0.80, 0.80, 0.80, 1.00, 0.54659, 0.28123
976, 314, 0.69044, 8.83231, 0.76405, -0.79524, 0.59866, -0.0771, 0.80, 0.80, 0.80, 1.00, 0.55034, 0.22487
977, 320, 0.8608, 8.82078, 0.62922, -0.2989, 0.68278, -0.66382, 0.80, 0.80, 0.80, 1.00, 0.58419, 0.22272
978, 315, 0.57136, 8.67081, 0.66873, -0.79862, 0.53457, -0.26951, 0.80, 0.80, 0.80, 1.00, 0.54659, 0.28123
979, 320, 0.8608, 8.82078, 0.62922, -0.2989, 0.68278, -0.66382, 0.80, 0.80, 0.80, 1.00, 0.58419, 0.22272
980, 321, 0.74389, 8.67015, 0.51281, -0.35967, 0.58447, -0.72448, 0.80, 0.80, 0.80, 1.00, 0.58059, 0.27908
981, 316, 0.54862, 8.54991, 0.60418, -0.85295, 0.40513, -0.32259, 0.80, 0.80, 0.80, 1.00, 0.55114, 0.31553
982, 315, 0.57136, 8.67081, 0.66873, -0.79862, 0.53457, -0.26951, 0.80, 0.80, 0.80, 1.00, 0.54659, 0.28123
983, 321, 0.74389, 8.67015, 0.51281, -0.35967, 0.58447, -0.72448, 0.80, 0.80, 0.80, 1.00, 0.58059, 0.27908
984, 316, 0.54862, 8.54991, 0.60418, -0.85295, 0.40513, -0.32259, 0.80, 0.80, 0.80, 1.00, 0.55114, 0.31553
985, 321, 0.74389, 8.67015, 0.51281, -0.35967, 0.58447, -0.72448, 0.80, 0.80, 0.80, 1.00, 0.58059, 0.27908
986, 322, 0.67187, 8.55515, 0.46238, -0.44922, 0.4793, -0.75105, 0.80, 0.80, 0.80, 1.00, 0.57904, 0.31584
987, 317, 0.49704, 8.33057, 0.48379, -0.85915, 0.27718, -0.4248, 0.80, 0.80, 0.80, 1.00, 0.5597, 0.37925
988, 316, 0.54862, 8.54991, 0.60418, -0.85295, 0.40513, -0.32259, 0.80, 0.80, 0.80, 1.00, 0.55114, 0.31553
989, 322, 0.67187, 8.55515, 0.46238, -0.44922, 0.4793, -0.75105, 0.80, 0.80, 0.80, 1.00, 0.57904, 0.31584
990, 317, 0.49704, 8.33057, 0.48379, -0.85915, 0.27718, -0.4248, 0.80, 0.80, 0.80, 1.00, 0.5597, 0.37925
991, 322, 0.67187, 8.55515, 0.46238, -0.44922, 0.4793, -0.75105, 0.80, 0.80, 0.80, 1.00, 0.57904, 0.31584
992, 323, 0.64626, 8.33951, 0.37568, -0.30237, 0.37477, -0.87384, 0.80, 0.80, 0.80, 1.00, 0.5884, 0.37215
993, 324, 0.87771, 8.47596, 0.38894, 0.02674, 0.33052, -0.94103, 0.80, 0.80, 0.80, 1.00, 0.60972, 0.31473
994, 323, 0.64626, 8.33951, 0.37568, -0.30237, 0.37477, -0.87384, 0.80, 0.80, 0.80, 1.00, 0.5884, 0.37215
995, 322, 0.67187, 8.55515, 0.46238, -0.44922, 0.4793, -0.75105, 0.80, 0.80, 0.80, 1.00, 0.57904, 0.31584
996, 323, 0.64626, 8.33951, 0.37568, -0.30237, 0.37477, -0.87384, 0.80, 0.80, 0.80, 1.00, 0.5884, 0.37215
997, 324, 0.87771, 8.47596, 0.38894, 0.02674, 0.33052, -0.94103, 0.80, 0.80, 0.80, 1.00, 0.60972, 0.31473
998, 325, 0.78825, 8.29382, 0.33445, 0.00367, 0.28396, -0.95649, 0.80, 0.80, 0.80, 1.00, 0.61158, 0.36739
999, 324, 0.87771, 8.47596, 0.38894, 0.02674, 0.33052, -0.94103, 0.80, 0.80, 0.80, 1.00, 0.60972, 0.31473
1000, 322, 0.67187, 8.55515, 0.46238, -0.44922, 0.4793, -0.75105, 0.80, 0.80, 0.80, 1.00, 0.57904, 0.31584
1001, 321, 0.74389, 8.67015, 0.51281, -0.35967, 0.58447, -0.72448, 0.80, 0.80, 0.80, 1.00, 0.58059, 0.27908
1002, 324, 0.87771, 8.47596, 0.38894, 0.02674, 0.33052, -0.94103, 0.80, 0.80, 0.80, 1.00, 0.60972, 0.31473
1003, 321, 0.74389, 8.67015, 0.51281, -0.35967, 0.58447, -0.72448, 0.80, 0.80, 0.80, 1.00, 0.58059, 0.27908
1004, 326, 0.95154, 8.62299, 0.44527, 0.10067, 0.47414, -0.87213, 0.80, 0.80, 0.80, 1.00, 0.60881, 0.27062
1005, 326, 0.95154, 8.62299, 0.44527, 0.10067, 0.47414, -0.87213, 0.80, 0.80, 0.80, 1.00, 0.60881, 0.27062
1006, 321, 0.74389, 8.67015, 0.51281, -0.35967, 0.58447, -0.72448, 0.80, 0.80, 0.80, 1.00, 0.58059, 0.27908
1007, 320, 0.8608, 8.82078, 0.62922, -0.2989, 0.68278, -0.66382, 0.80, 0.80, 0.80, 1.00, 0.58419, 0.22272
1008, 326, 0.95154, 8.62299, 0.44527, 0.10067, 0.47414, -0.87213, 0.80, 0.80, 0.80, 1.00, 0.60881, 0.27062
1009, 320, 0.8608, 8.82078, 0.62922, -0.2989, 0.68278, -0.66382, 0.80, 0.80, 0.80, 1.00, 0.58419, 0.22272
1010, 327, 1.03982, 8.78668, 0.55471, 0.11796, 0.50646, -0.85157, 0.80, 0.80, 0.80, 1.00, 0.60935, 0.21549
1011, 328, 1.03982, 8.78668, 0.55471, 0.24543, 0.72691, -0.63847, 0.80, 0.80, 0.80, 1.00, 0.6094, 0.21557
1012, 319, 0.8608, 8.82078, 0.62922, -0.19245, 0.80084, -0.56427, 0.80, 0.80, 0.80, 1.00, 0.60997, 0.17511
1013, 329, 1.09946, 8.88109, 0.68473, 0.32349, 0.84005, -0.43211, 0.80, 0.80, 0.80, 1.00, 0.58422, 0.22302
1014, 329, 1.09946, 8.88109, 0.68473, 0.32349, 0.84005, -0.43211, 0.80, 0.80, 0.80, 1.00, 0.58422, 0.22302
1015, 319, 0.8608, 8.82078, 0.62922, -0.19245, 0.80084, -0.56427, 0.80, 0.80, 0.80, 1.00, 0.60997, 0.17511
1016, 318, 0.94897, 8.91412, 0.72396, -0.07649, 0.9141, -0.39525, 0.80, 0.80, 0.80, 1.00, 0.579, 0.18414
1017, 329, 1.09946, 8.88109, 0.68473, 0.32349, 0.84005, -0.43211, 0.80, 0.80, 0.80, 1.00, 0.58422, 0.22302
1018, 311, 0.94306, 8.93545, 0.84842, 0.01782, 0.98761, 0.15449, 0.80, 0.80, 0.80, 1.00, 0.55016, 0.18074
1019, 310, 1.1225, 8.88675, 0.84176, 0.42547, 0.86407, 0.26664, 0.80, 0.80, 0.80, 1.00, 0.55016, 0.22415
1020, 311, 0.94306, 8.93545, 0.84842, 0.01782, 0.98761, 0.15449, 0.80, 0.80, 0.80, 1.00, 0.55016, 0.18074
1021, 329, 1.09946, 8.88109, 0.68473, 0.32349, 0.84005, -0.43211, 0.80, 0.80, 0.80, 1.00, 0.58422, 0.22302
1022, 318, 0.94897, 8.91412, 0.72396, -0.07649, 0.9141, -0.39525, 0.80, 0.80, 0.80, 1.00, 0.579, 0.18414
1023, 1, 0.8778, 8.2286, 1.24738, 0.03892, -0.19585, 0.97762, 0.80, 0.80, 0.80, 1.00, 0.44849, 0.00096
1024, 0, 0.8026, 8.07058, 1.21861, -0.02277, -0.32256, 0.94389, 0.80, 0.80, 0.80, 1.00, 0.44849, 0.14128
1025, 330, 1.04936, 8.17982, 1.17365, 0.42513, -0.50489, 0.74833, 0.80, 0.80, 0.80, 1.00, 0.64421, 0.00096
1026, 330, 1.04936, 8.17982, 1.17365, 0.42513, -0.50489, 0.74833, 0.80, 0.80, 0.80, 1.00, 0.64421, 0.00096
1027, 0, 0.8026, 8.07058, 1.21861, -0.02277, -0.32256, 0.94389, 0.80, 0.80, 0.80, 1.00, 0.44849, 0.14128
1028, 331, 1.02276, 8.05323, 1.07859, 0.47556, -0.5896, 0.64972, 0.80, 0.80, 0.80, 1.00, 0.68555, 0.13161
1029, 330, 1.04936, 8.17982, 1.17365, 0.42513, -0.50489, 0.74833, 0.80, 0.80, 0.80, 1.00, 0.64421, 0.00096
1030, 331, 1.02276, 8.05323, 1.07859, 0.47556, -0.5896, 0.64972, 0.80, 0.80, 0.80, 1.00, 0.68555, 0.13161
1031, 332, 1.12025, 8.1296, 1.06105, 0.5544, -0.57066, 0.60241, 0.80, 0.80, 0.80, 1.00, 0.74824, 0.07275
1032, 333, 2.26806, 4.38112, -0.07022, 0.37242, -0.81942, 0.43093, 0.80, 0.80, 0.80, 1.00, 0.08136, 0.13403
1033, 334, 2.64866, 4.59251, -0.00669, 0.40515, -0.81659, 0.40603, 0.80, 0.80, 0.80, 1.00, 0.17143, 0.09234
1034, 335, 2.50209, 4.58793, 0.12946, 0.37399, -0.82646, 0.41589, 0.80, 0.80, 0.80, 1.00, 0.12471, 0.08883
1035, 336, 2.42589, 4.39483, -0.17285, 0.41127, -0.81084, 0.41135, 0.80, 0.80, 0.80, 1.00, 0.12373, 0.13903
1036, 334, 2.64866, 4.59251, -0.00669, 0.40515, -0.81659, 0.40603, 0.80, 0.80, 0.80, 1.00, 0.17143, 0.09234
1037, 333, 2.26806, 4.38112, -0.07022, 0.37242, -0.81942, 0.43093, 0.80, 0.80, 0.80, 1.00, 0.08136, 0.13403
1038, 333, 2.26806, 4.38112, -0.07022, 0.37242, -0.81942, 0.43093, 0.80, 0.80, 0.80, 1.00, 0.08136, 0.13403
1039, 335, 2.50209, 4.58793, 0.12946, 0.37399, -0.82646, 0.41589, 0.80, 0.80, 0.80, 1.00, 0.12471, 0.08883
1040, 337, 2.32969, 4.54852, 0.19552, 0.35489, -0.82444, 0.43616, 0.80, 0.80, 0.80, 1.00, 0.07377, 0.08963
1041, 334, 2.64866, 4.59251, -0.00669, 0.40515, -0.81659, 0.40603, 0.80, 0.80, 0.80, 1.00, 0.17143, 0.09234
1042, 336, 2.42589, 4.39483, -0.17285, 0.41127, -0.81084, 0.41135, 0.80, 0.80, 0.80, 1.00, 0.12373, 0.13903
1043, 338, 2.60179, 4.47839, -0.20513, 0.45181, -0.81354, 0.3603, 0.80, 0.80, 0.80, 1.00, 0.16611, 0.12918
1044, 339, 2.36991, 5.06839, -0.15691, 0.4412, 0.73405, 0.51226, 0.80, 0.80, 0.80, 1.00, 0.13161, 0.00331
1045, 340, 2.55672, 4.86518, -0.08918, 0.61869, 0.61638, 0.48277, 0.80, 0.80, 0.80, 1.00, 0.17579, 0.04419
1046, 341, 2.4174, 5.05901, -0.22301, 0.62622, 0.6935, 0.35072, 0.80, 0.80, 0.80, 1.00, 0.17648, 0.0044
1047, 342, 2.40856, 4.87, 0.07118, 0.39292, 0.62513, 0.67109, 0.80, 0.80, 0.80, 1.00, 0.12673, 0.04318
1048, 340, 2.55672, 4.86518, -0.08918, 0.61869, 0.61638, 0.48277, 0.80, 0.80, 0.80, 1.00, 0.17579, 0.04419
1049, 339, 2.36991, 5.06839, -0.15691, 0.4412, 0.73405, 0.51226, 0.80, 0.80, 0.80, 1.00, 0.13161, 0.00331
1050, 343, 2.32595, 4.92046, -0.35075, -0.36919, -0.02322, -0.92627, 0.80, 0.80, 0.80, 1.00, 0.27177, 0.00674
1051, 344, 2.13311, 4.6045, -0.22214, -0.53557, -0.17781, -0.82242, 0.80, 0.80, 0.80, 1.00, 0.32124, 0.0475
1052, 345, 2.18334, 4.90895, -0.26768, -0.49855, -0.0469, -0.86256, 0.80, 0.80, 0.80, 1.00, 0.31673, 0.00658
1053, 346, 2.29649, 4.61385, -0.3381, -0.27457, -0.24759, -0.92644, 0.80, 0.80, 0.80, 1.00, 0.27484, 0.04949
1054, 344, 2.13311, 4.6045, -0.22214, -0.53557, -0.17781, -0.82242, 0.80, 0.80, 0.80, 1.00, 0.32124, 0.0475
1055, 343, 2.32595, 4.92046, -0.35075, -0.36919, -0.02322, -0.92627, 0.80, 0.80, 0.80, 1.00, 0.27177, 0.00674
1056, 347, 2.21864, 5.03746, -0.09738, 0.08075, 0.75022, 0.65306, 0.80, 0.80, 0.80, 1.00, 0.06758, 0.0022
1057, 342, 2.40856, 4.87, 0.07118, 0.39292, 0.62513, 0.67109, 0.80, 0.80, 0.80, 1.00, 0.12673, 0.04318
1058, 339, 2.36991, 5.06839, -0.15691, 0.4412, 0.73405, 0.51226, 0.80, 0.80, 0.80, 1.00, 0.13161, 0.00331
1059, 348, 2.22576, 4.82684, 0.13697, 0.16054, 0.55326, 0.81459, 0.80, 0.80, 0.80, 1.00, 0.06962, 0.04232
1060, 342, 2.40856, 4.87, 0.07118, 0.39292, 0.62513, 0.67109, 0.80, 0.80, 0.80, 1.00, 0.12673, 0.04318
1061, 347, 2.21864, 5.03746, -0.09738, 0.08075, 0.75022, 0.65306, 0.80, 0.80, 0.80, 1.00, 0.06758, 0.0022
1062, 349, 2.18334, 4.90895, -0.26768, -0.97881, 0.14294, 0.13241, 0.80, 0.80, 0.80, 1.00, 0.00909, 0.00308
1063, 350, 2.22576, 4.82684, 0.13697, -0.97428, 0.02303, 0.2156, 0.80, 0.80, 0.80, 1.00, 0.06953, 0.04232
1064, 351, 2.21864, 5.03746, -0.09738, -0.98454, 0.10497, 0.12533, 0.80, 0.80, 0.80, 1.00, 0.06744, 0.00219
1065, 352, 2.13311, 4.6045, -0.22214, -0.94867, -0.08486, 0.29878, 0.80, 0.80, 0.80, 1.00, 0.00573, 0.04991
1066, 350, 2.22576, 4.82684, 0.13697, -0.97428, 0.02303, 0.2156, 0.80, 0.80, 0.80, 1.00, 0.06953, 0.04232
1067, 349, 2.18334, 4.90895, -0.26768, -0.97881, 0.14294, 0.13241, 0.80, 0.80, 0.80, 1.00, 0.00909, 0.00308
1068, 353, 2.38807, 4.97589, -0.35242, -0.03694, -0.02975, -0.99649, 0.80, 0.80, 0.80, 1.00, 0.22293, 0.00477
1069, 346, 2.29649, 4.61385, -0.3381, -0.27457, -0.24759, -0.92644, 0.80, 0.80, 0.80, 1.00, 0.27484, 0.04949
1070, 343, 2.32595, 4.92046, -0.35075, -0.36919, -0.02322, -0.92627, 0.80, 0.80, 0.80, 1.00, 0.27177, 0.00674
1071, 354, 2.48686, 4.7118, -0.35634, 0.04887, -0.25864, -0.96234, 0.80, 0.80, 0.80, 1.00, 0.22844, 0.04552
1072, 346, 2.29649, 4.61385, -0.3381, -0.27457, -0.24759, -0.92644, 0.80, 0.80, 0.80, 1.00, 0.27484, 0.04949
1073, 353, 2.38807, 4.97589, -0.35242, -0.03694, -0.02975, -0.99649, 0.80, 0.80, 0.80, 1.00, 0.22293, 0.00477
1074, 355, 2.4174, 5.05901, -0.22301, 0.85135, 0.32674, -0.40647, 0.80, 0.80, 0.80, 1.00, 0.17658, 0.0044
1075, 356, 2.48686, 4.7118, -0.35634, 0.88529, 0.26231, -0.37967, 0.80, 0.80, 0.80, 1.00, 0.22837, 0.04551
1076, 357, 2.38807, 4.97589, -0.35242, 0.85353, 0.32572, -0.4027, 0.80, 0.80, 0.80, 1.00, 0.22281, 0.00477
1077, 358, 2.55672, 4.86518, -0.08918, 0.91256, 0.19734, -0.35342, 0.80, 0.80, 0.80, 1.00, 0.17578, 0.04431
1078, 356, 2.48686, 4.7118, -0.35634, 0.88529, 0.26231, -0.37967, 0.80, 0.80, 0.80, 1.00, 0.22837, 0.04551
1079, 355, 2.4174, 5.05901, -0.22301, 0.85135, 0.32674, -0.40647, 0.80, 0.80, 0.80, 1.00, 0.17658, 0.0044
1080, 342, 2.40856, 4.87, 0.07118, 0.39292, 0.62513, 0.67109, 0.80, 0.80, 0.80, 1.00, 0.12673, 0.04318
1081, 359, 2.60696, 4.69595, -0.01287, 0.67874, 0.42377, 0.59584, 0.80, 0.80, 0.80, 1.00, 0.172, 0.07336
1082, 340, 2.55672, 4.86518, -0.08918, 0.61869, 0.61638, 0.48277, 0.80, 0.80, 0.80, 1.00, 0.17579, 0.04419
1083, 360, 2.46748, 4.7027, 0.14334, 0.4911, 0.31619, 0.80859, 0.80, 0.80, 0.80, 1.00, 0.12388, 0.07229
1084, 359, 2.60696, 4.69595, -0.01287, 0.67874, 0.42377, 0.59584, 0.80, 0.80, 0.80, 1.00, 0.172, 0.07336
1085, 342, 2.40856, 4.87, 0.07118, 0.39292, 0.62513, 0.67109, 0.80, 0.80, 0.80, 1.00, 0.12673, 0.04318
1086, 346, 2.29649, 4.61385, -0.3381, -0.27457, -0.24759, -0.92644, 0.80, 0.80, 0.80, 1.00, 0.27484, 0.04949
1087, 361, 2.19935, 4.43937, -0.15378, -0.42463, -0.64033, -0.63659, 0.80, 0.80, 0.80, 1.00, 0.32207, 0.07652
1088, 344, 2.13311, 4.6045, -0.22214, -0.53557, -0.17781, -0.82242, 0.80, 0.80, 0.80, 1.00, 0.32124, 0.0475
1089, 362, 2.35409, 4.44697, -0.26571, -0.06711, -0.67922, -0.72791, 0.80, 0.80, 0.80, 1.00, 0.27439, 0.07848
1090, 361, 2.19935, 4.43937, -0.15378, -0.42463, -0.64033, -0.63659, 0.80, 0.80, 0.80, 1.00, 0.32207, 0.07652
1091, 346, 2.29649, 4.61385, -0.3381, -0.27457, -0.24759, -0.92644, 0.80, 0.80, 0.80, 1.00, 0.27484, 0.04949
1092, 348, 2.22576, 4.82684, 0.13697, 0.16054, 0.55326, 0.81459, 0.80, 0.80, 0.80, 1.00, 0.06962, 0.04232
1093, 360, 2.46748, 4.7027, 0.14334, 0.4911, 0.31619, 0.80859, 0.80, 0.80, 0.80, 1.00, 0.12388, 0.07229
1094, 342, 2.40856, 4.87, 0.07118, 0.39292, 0.62513, 0.67109, 0.80, 0.80, 0.80, 1.00, 0.12673, 0.04318
1095, 363, 2.29339, 4.66139, 0.205, 0.30322, 0.15838, 0.93696, 0.80, 0.80, 0.80, 1.00, 0.0705, 0.0715
1096, 360, 2.46748, 4.7027, 0.14334, 0.4911, 0.31619, 0.80859, 0.80, 0.80, 0.80, 1.00, 0.12388, 0.07229
1097, 348, 2.22576, 4.82684, 0.13697, 0.16054, 0.55326, 0.81459, 0.80, 0.80, 0.80, 1.00, 0.06962, 0.04232
1098, 352, 2.13311, 4.6045, -0.22214, -0.94867, -0.08486, 0.29878, 0.80, 0.80, 0.80, 1.00, 0.00573, 0.04991
1099, 364, 2.29339, 4.66139, 0.205, -0.88781, -0.24669, 0.38422, 0.80, 0.80, 0.80, 1.00, 0.0705, 0.0714
1100, 350, 2.22576, 4.82684, 0.13697, -0.97428, 0.02303, 0.2156, 0.80, 0.80, 0.80, 1.00, 0.06953, 0.04232
1101, 365, 2.19935, 4.43937, -0.15378, -0.86362, -0.29711, 0.40328, 0.80, 0.80, 0.80, 1.00, 0.0081, 0.07893
1102, 364, 2.29339, 4.66139, 0.205, -0.88781, -0.24669, 0.38422, 0.80, 0.80, 0.80, 1.00, 0.0705, 0.0714
1103, 352, 2.13311, 4.6045, -0.22214, -0.94867, -0.08486, 0.29878, 0.80, 0.80, 0.80, 1.00, 0.00573, 0.04991
1104, 354, 2.48686, 4.7118, -0.35634, 0.04887, -0.25864, -0.96234, 0.80, 0.80, 0.80, 1.00, 0.22844, 0.04552
1105, 362, 2.35409, 4.44697, -0.26571, -0.06711, -0.67922, -0.72791, 0.80, 0.80, 0.80, 1.00, 0.27439, 0.07848
1106, 346, 2.29649, 4.61385, -0.3381, -0.27457, -0.24759, -0.92644, 0.80, 0.80, 0.80, 1.00, 0.27484, 0.04949
1107, 366, 2.53607, 4.5426, -0.27968, 0.21345, -0.5907, -0.77545, 0.80, 0.80, 0.80, 1.00, 0.22639, 0.07458
1108, 362, 2.35409, 4.44697, -0.26571, -0.06711, -0.67922, -0.72791, 0.80, 0.80, 0.80, 1.00, 0.27439, 0.07848
1109, 354, 2.48686, 4.7118, -0.35634, 0.04887, -0.25864, -0.96234, 0.80, 0.80, 0.80, 1.00, 0.22844, 0.04552
1110, 358, 2.55672, 4.86518, -0.08918, 0.91256, 0.19734, -0.35342, 0.80, 0.80, 0.80, 1.00, 0.17578, 0.04431
1111, 367, 2.53607, 4.5426, -0.27968, 0.90805, 0.20738, -0.35925, 0.80, 0.80, 0.80, 1.00, 0.22633, 0.07458
1112, 356, 2.48686, 4.7118, -0.35634, 0.88529, 0.26231, -0.37967, 0.80, 0.80, 0.80, 1.00, 0.22837, 0.04551
1113, 368, 2.60696, 4.69595, -0.01287, 0.881, 0.27264, -0.38239, 0.80, 0.80, 0.80, 1.00, 0.17202, 0.07336
1114, 367, 2.53607, 4.5426, -0.27968, 0.90805, 0.20738, -0.35925, 0.80, 0.80, 0.80, 1.00, 0.22633, 0.07458
1115, 358, 2.55672, 4.86518, -0.08918, 0.91256, 0.19734, -0.35342, 0.80, 0.80, 0.80, 1.00, 0.17578, 0.04431
1116, 360, 2.46748, 4.7027, 0.14334, 0.4911, 0.31619, 0.80859, 0.80, 0.80, 0.80, 1.00, 0.12388, 0.07229
1117, 369, 2.64866, 4.59251, -0.00669, 0.69674, 0.22129, 0.67863, 0.80, 0.80, 0.80, 1.00, 0.17143, 0.0923
1118, 359, 2.60696, 4.69595, -0.01287, 0.67874, 0.42377, 0.59584, 0.80, 0.80, 0.80, 1.00, 0.172, 0.07336
1119, 370, 2.50209, 4.58793, 0.12946, 0.46097, 0.0465, 0.88324, 0.80, 0.80, 0.80, 1.00, 0.12403, 0.08898
1120, 369, 2.64866, 4.59251, -0.00669, 0.69674, 0.22129, 0.67863, 0.80, 0.80, 0.80, 1.00, 0.17143, 0.0923
1121, 360, 2.46748, 4.7027, 0.14334, 0.4911, 0.31619, 0.80859, 0.80, 0.80, 0.80, 1.00, 0.12388, 0.07229
1122, 362, 2.35409, 4.44697, -0.26571, -0.06711, -0.67922, -0.72791, 0.80, 0.80, 0.80, 1.00, 0.27439, 0.07848
1123, 371, 2.26806, 4.38112, -0.07022, -0.20934, -0.89359, -0.39236, 0.80, 0.80, 0.80, 1.00, 0.31885, 0.09196
1124, 361, 2.19935, 4.43937, -0.15378, -0.42463, -0.64033, -0.63659, 0.80, 0.80, 0.80, 1.00, 0.32207, 0.07652
1125, 372, 2.42589, 4.39483, -0.17285, 0.1146, -0.78582, -0.60444, 0.80, 0.80, 0.80, 1.00, 0.27475, 0.09369
1126, 371, 2.26806, 4.38112, -0.07022, -0.20934, -0.89359, -0.39236, 0.80, 0.80, 0.80, 1.00, 0.31885, 0.09196
1127, 362, 2.35409, 4.44697, -0.26571, -0.06711, -0.67922, -0.72791, 0.80, 0.80, 0.80, 1.00, 0.27439, 0.07848
1128, 363, 2.29339, 4.66139, 0.205, 0.30322, 0.15838, 0.93696, 0.80, 0.80, 0.80, 1.00, 0.0705, 0.0715
1129, 370, 2.50209, 4.58793, 0.12946, 0.46097, 0.0465, 0.88324, 0.80, 0.80, 0.80, 1.00, 0.12403, 0.08898
1130, 360, 2.46748, 4.7027, 0.14334, 0.4911, 0.31619, 0.80859, 0.80, 0.80, 0.80, 1.00, 0.12388, 0.07229
1131, 373, 2.32969, 4.54852, 0.19552, 0.34947, 0.03418, 0.93357, 0.80, 0.80, 0.80, 1.00, 0.07376, 0.08962
1132, 370, 2.50209, 4.58793, 0.12946, 0.46097, 0.0465, 0.88324, 0.80, 0.80, 0.80, 1.00, 0.12403, 0.08898
1133, 363, 2.29339, 4.66139, 0.205, 0.30322, 0.15838, 0.93696, 0.80, 0.80, 0.80, 1.00, 0.0705, 0.0715
1134, 365, 2.19935, 4.43937, -0.15378, -0.86362, -0.29711, 0.40328, 0.80, 0.80, 0.80, 1.00, 0.0081, 0.07893
1135, 374, 2.32969, 4.54852, 0.19552, -0.84014, -0.33902, 0.41955, 0.80, 0.80, 0.80, 1.00, 0.0737, 0.08961
1136, 364, 2.29339, 4.66139, 0.205, -0.88781, -0.24669, 0.38422, 0.80, 0.80, 0.80, 1.00, 0.0705, 0.0714
1137, 375, 2.26806, 4.38112, -0.07022, -0.82601, -0.36791, 0.42329, 0.80, 0.80, 0.80, 1.00, 0.00648, 0.09305
1138, 374, 2.32969, 4.54852, 0.19552, -0.84014, -0.33902, 0.41955, 0.80, 0.80, 0.80, 1.00, 0.0737, 0.08961
1139, 365, 2.19935, 4.43937, -0.15378, -0.86362, -0.29711, 0.40328, 0.80, 0.80, 0.80, 1.00, 0.0081, 0.07893
1140, 366, 2.53607, 4.5426, -0.27968, 0.21345, -0.5907, -0.77545, 0.80, 0.80, 0.80, 1.00, 0.22639, 0.07458
1141, 372, 2.42589, 4.39483, -0.17285, 0.1146, -0.78582, -0.60444, 0.80, 0.80, 0.80, 1.00, 0.27475, 0.09369
1142, 362, 2.35409, 4.44697, -0.26571, -0.06711, -0.67922, -0.72791, 0.80, 0.80, 0.80, 1.00, 0.27439, 0.07848
1143, 376, 2.60179, 4.47839, -0.20513, 0.18033, -0.65994, -0.72651, 0.80, 0.80, 0.80, 1.00, 0.22155, 0.09023
1144, 372, 2.42589, 4.39483, -0.17285, 0.1146, -0.78582, -0.60444, 0.80, 0.80, 0.80, 1.00, 0.27475, 0.09369
1145, 366, 2.53607, 4.5426, -0.27968, 0.21345, -0.5907, -0.77545, 0.80, 0.80, 0.80, 1.00, 0.22639, 0.07458
1146, 368, 2.60696, 4.69595, -0.01287, 0.881, 0.27264, -0.38239, 0.80, 0.80, 0.80, 1.00, 0.17202, 0.07336
1147, 377, 2.60179, 4.47839, -0.20513, 0.84546, 0.34033, -0.40763, 0.80, 0.80, 0.80, 1.00, 0.22148, 0.09023
1148, 367, 2.53607, 4.5426, -0.27968, 0.90805, 0.20738, -0.35925, 0.80, 0.80, 0.80, 1.00, 0.22633, 0.07458
1149, 378, 2.64866, 4.59251, -0.00669, 0.86023, 0.32401, -0.38959, 0.80, 0.80, 0.80, 1.00, 0.17145, 0.0923
1150, 377, 2.60179, 4.47839, -0.20513, 0.84546, 0.34033, -0.40763, 0.80, 0.80, 0.80, 1.00, 0.22148, 0.09023
1151, 368, 2.60696, 4.69595, -0.01287, 0.881, 0.27264, -0.38239, 0.80, 0.80, 0.80, 1.00, 0.17202, 0.07336
1152, 379, 1.89937, 5.76948, -0.58411, 0.6416, 0.63124, 0.43108, 0.80, 0.80, 0.80, 1.00, 0.81563, 0.00882
1153, 380, 2.16086, 5.52831, -0.62049, 0.87375, 0.48207, 0.02477, 0.80, 0.80, 0.80, 1.00, 0.84986, 0.04749
1154, 381, 2.04302, 5.76862, -0.73679, 0.90577, 0.41491, -0.06271, 0.80, 0.80, 0.80, 1.00, 0.85038, 0.00812
1155, 382, 2.03058, 5.57036, -0.4206, 0.67492, 0.65827, 0.32761, 0.80, 0.80, 0.80, 1.00, 0.81401, 0.04676
1156, 380, 2.16086, 5.52831, -0.62049, 0.87375, 0.48207, 0.02477, 0.80, 0.80, 0.80, 1.00, 0.84986, 0.04749
1157, 379, 1.89937, 5.76948, -0.58411, 0.6416, 0.63124, 0.43108, 0.80, 0.80, 0.80, 1.00, 0.81563, 0.00882
1158, 383, 1.8092, 5.52035, -0.95433, -0.27373, -0.49263, -0.82325, 0.80, 0.80, 0.80, 1.00, 0.89628, 0.0081
1159, 384, 1.6966, 5.22611, -0.67142, -0.73466, -0.66826, -0.10127, 0.80, 0.80, 0.80, 1.00, 0.92383, 0.04943
1160, 385, 1.56659, 5.48876, -0.80097, -0.89501, -0.44203, 0.0032, 0.80, 0.80, 0.80, 1.00, 0.92295, 0.00834
1161, 386, 1.93544, 5.24355, -0.83937, -0.02399, -0.59454, -0.801, 0.80, 0.80, 0.80, 1.00, 0.89729, 0.04995
1162, 384, 1.6966, 5.22611, -0.67142, -0.73466, -0.66826, -0.10127, 0.80, 0.80, 0.80, 1.00, 0.92383, 0.04943
1163, 383, 1.8092, 5.52035, -0.95433, -0.27373, -0.49263, -0.82325, 0.80, 0.80, 0.80, 1.00, 0.89628, 0.0081
1164, 387, 1.63912, 5.70466, -0.47535, -0.32024, 0.37729, 0.86658, 0.80, 0.80, 0.80, 1.00, 0.95474, 0.00771
1165, 388, 2.03058, 5.57036, -0.4206, 0.05782, 0.53568, 0.83979, 0.80, 0.80, 0.80, 1.00, 0.98858, 0.04646
1166, 389, 1.89937, 5.76948, -0.58411, 0.1317, 0.67877, 0.7195, 0.80, 0.80, 0.80, 1.00, 0.9902, 0.00882
1167, 390, 1.75438, 5.46872, -0.36203, -0.51575, 0.12454, 0.84538, 0.80, 0.80, 0.80, 1.00, 0.95589, 0.0481
1168, 388, 2.03058, 5.57036, -0.4206, 0.05782, 0.53568, 0.83979, 0.80, 0.80, 0.80, 1.00, 0.98858, 0.04646
1169, 387, 1.63912, 5.70466, -0.47535, -0.32024, 0.37729, 0.86658, 0.80, 0.80, 0.80, 1.00, 0.95474, 0.00771
1170, 385, 1.56659, 5.48876, -0.80097, -0.89501, -0.44203, 0.0032, 0.80, 0.80, 0.80, 1.00, 0.92295, 0.00834
1171, 390, 1.75438, 5.46872, -0.36203, -0.51575, 0.12454, 0.84538, 0.80, 0.80, 0.80, 1.00, 0.95589, 0.0481
1172, 387, 1.63912, 5.70466, -0.47535, -0.32024, 0.37729, 0.86658, 0.80, 0.80, 0.80, 1.00, 0.95474, 0.00771
1173, 384, 1.6966, 5.22611, -0.67142, -0.73466, -0.66826, -0.10127, 0.80, 0.80, 0.80, 1.00, 0.92383, 0.04943
1174, 390, 1.75438, 5.46872, -0.36203, -0.51575, 0.12454, 0.84538, 0.80, 0.80, 0.80, 1.00, 0.95589, 0.0481
1175, 385, 1.56659, 5.48876, -0.80097, -0.89501, -0.44203, 0.0032, 0.80, 0.80, 0.80, 1.00, 0.92295, 0.00834
1176, 391, 1.9871, 5.6218, -0.9805, 0.44661, -0.18118, -0.87394, 0.80, 0.80, 0.80, 1.00, 0.87489, 0.00678
1177, 386, 1.93544, 5.24355, -0.83937, -0.02399, -0.59454, -0.801, 0.80, 0.80, 0.80, 1.00, 0.89729, 0.04995
1178, 383, 1.8092, 5.52035, -0.95433, -0.27373, -0.49263, -0.82325, 0.80, 0.80, 0.80, 1.00, 0.89628, 0.0081
1179, 392, 2.11542, 5.36139, -0.85321, 0.73036, -0.15622, -0.66222, 0.80, 0.80, 0.80, 1.00, 0.87444, 0.04921
1180, 386, 1.93544, 5.24355, -0.83937, -0.02399, -0.59454, -0.801, 0.80, 0.80, 0.80, 1.00, 0.89729, 0.04995
1181, 391, 1.9871, 5.6218, -0.9805, 0.44661, -0.18118, -0.87394, 0.80, 0.80, 0.80, 1.00, 0.87489, 0.00678
1182, 381, 2.04302, 5.76862, -0.73679, 0.90577, 0.41491, -0.06271, 0.80, 0.80, 0.80, 1.00, 0.85038, 0.00812
1183, 392, 2.11542, 5.36139, -0.85321, 0.73036, -0.15622, -0.66222, 0.80, 0.80, 0.80, 1.00, 0.87444, 0.04921
1184, 391, 1.9871, 5.6218, -0.9805, 0.44661, -0.18118, -0.87394, 0.80, 0.80, 0.80, 1.00, 0.87489, 0.00678
1185, 380, 2.16086, 5.52831, -0.62049, 0.87375, 0.48207, 0.02477, 0.80, 0.80, 0.80, 1.00, 0.84986, 0.04749
1186, 392, 2.11542, 5.36139, -0.85321, 0.73036, -0.15622, -0.66222, 0.80, 0.80, 0.80, 1.00, 0.87444, 0.04921
1187, 381, 2.04302, 5.76862, -0.73679, 0.90577, 0.41491, -0.06271, 0.80, 0.80, 0.80, 1.00, 0.85038, 0.00812
1188, 382, 2.03058, 5.57036, -0.4206, 0.67492, 0.65827, 0.32761, 0.80, 0.80, 0.80, 1.00, 0.81401, 0.04676
1189, 393, 2.4174, 5.05901, -0.22301, 0.85862, 0.48068, 0.16692, 0.80, 0.80, 0.80, 1.00, 0.83237, 0.12965
1190, 380, 2.16086, 5.52831, -0.62049, 0.87375, 0.48207, 0.02477, 0.80, 0.80, 0.80, 1.00, 0.84986, 0.04749
1191, 394, 2.36991, 5.06839, -0.15691, 0.7031, 0.56727, 0.42386, 0.80, 0.80, 0.80, 1.00, 0.81382, 0.12904
1192, 393, 2.4174, 5.05901, -0.22301, 0.85862, 0.48068, 0.16692, 0.80, 0.80, 0.80, 1.00, 0.83237, 0.12965
1193, 382, 2.03058, 5.57036, -0.4206, 0.67492, 0.65827, 0.32761, 0.80, 0.80, 0.80, 1.00, 0.81401, 0.04676
1194, 386, 1.93544, 5.24355, -0.83937, -0.02399, -0.59454, -0.801, 0.80, 0.80, 0.80, 1.00, 0.89729, 0.04995
1195, 395, 2.18334, 4.90895, -0.26768, -0.50999, -0.83249, -0.20825, 0.80, 0.80, 0.80, 1.00, 0.92921, 0.13049
1196, 384, 1.6966, 5.22611, -0.67142, -0.73466, -0.66826, -0.10127, 0.80, 0.80, 0.80, 1.00, 0.92383, 0.04943
1197, 396, 2.32595, 4.92046, -0.35075, -0.2349, -0.82108, -0.5164, 0.80, 0.80, 0.80, 1.00, 0.89311, 0.13102
1198, 395, 2.18334, 4.90895, -0.26768, -0.50999, -0.83249, -0.20825, 0.80, 0.80, 0.80, 1.00, 0.92921, 0.13049
1199, 397, 1.93544, 5.24355, -0.83937, -0.17778, -0.87656, -0.44306, 0.80, 0.80, 0.80, 1.00, 0.89732, 0.04996
1200, 390, 1.75438, 5.46872, -0.36203, -0.51575, 0.12454, 0.84538, 0.80, 0.80, 0.80, 1.00, 0.95589, 0.0481
1201, 398, 2.36991, 5.06839, -0.15691, 0.12651, 0.47446, 0.86846, 0.80, 0.80, 0.80, 1.00, 0.99048, 0.13054
1202, 388, 2.03058, 5.57036, -0.4206, 0.05782, 0.53568, 0.83979, 0.80, 0.80, 0.80, 1.00, 0.98858, 0.04646
1203, 399, 2.21864, 5.03746, -0.09738, -0.58337, -0.1606, 0.79395, 0.80, 0.80, 0.80, 1.00, 0.95856, 0.1299
1204, 398, 2.36991, 5.06839, -0.15691, 0.12651, 0.47446, 0.86846, 0.80, 0.80, 0.80, 1.00, 0.99048, 0.13054
1205, 390, 1.75438, 5.46872, -0.36203, -0.51575, 0.12454, 0.84538, 0.80, 0.80, 0.80, 1.00, 0.95589, 0.0481
1206, 384, 1.6966, 5.22611, -0.67142, -0.73466, -0.66826, -0.10127, 0.80, 0.80, 0.80, 1.00, 0.92383, 0.04943
1207, 399, 2.21864, 5.03746, -0.09738, -0.58337, -0.1606, 0.79395, 0.80, 0.80, 0.80, 1.00, 0.95856, 0.1299
1208, 390, 1.75438, 5.46872, -0.36203, -0.51575, 0.12454, 0.84538, 0.80, 0.80, 0.80, 1.00, 0.95589, 0.0481
1209, 395, 2.18334, 4.90895, -0.26768, -0.50999, -0.83249, -0.20825, 0.80, 0.80, 0.80, 1.00, 0.92921, 0.13049
1210, 399, 2.21864, 5.03746, -0.09738, -0.58337, -0.1606, 0.79395, 0.80, 0.80, 0.80, 1.00, 0.95856, 0.1299
1211, 384, 1.6966, 5.22611, -0.67142, -0.73466, -0.66826, -0.10127, 0.80, 0.80, 0.80, 1.00, 0.92383, 0.04943
1212, 392, 2.11542, 5.36139, -0.85321, 0.73036, -0.15622, -0.66222, 0.80, 0.80, 0.80, 1.00, 0.87444, 0.04921
1213, 400, 2.32595, 4.92046, -0.35075, 0.37523, -0.54698, -0.74564, 0.80, 0.80, 0.80, 1.00, 0.89315, 0.131
1214, 386, 1.93544, 5.24355, -0.83937, -0.02399, -0.59454, -0.801, 0.80, 0.80, 0.80, 1.00, 0.89729, 0.04995
1215, 401, 2.38807, 4.97589, -0.35242, 0.85284, -0.05341, -0.51604, 0.80, 0.80, 0.80, 1.00, 0.86425, 0.13012
1216, 400, 2.32595, 4.92046, -0.35075, 0.37523, -0.54698, -0.74564, 0.80, 0.80, 0.80, 1.00, 0.89315, 0.131
1217, 392, 2.11542, 5.36139, -0.85321, 0.73036, -0.15622, -0.66222, 0.80, 0.80, 0.80, 1.00, 0.87444, 0.04921
1218, 380, 2.16086, 5.52831, -0.62049, 0.87375, 0.48207, 0.02477, 0.80, 0.80, 0.80, 1.00, 0.84986, 0.04749
1219, 401, 2.38807, 4.97589, -0.35242, 0.85284, -0.05341, -0.51604, 0.80, 0.80, 0.80, 1.00, 0.86425, 0.13012
1220, 392, 2.11542, 5.36139, -0.85321, 0.73036, -0.15622, -0.66222, 0.80, 0.80, 0.80, 1.00, 0.87444, 0.04921
1221, 393, 2.4174, 5.05901, -0.22301, 0.85862, 0.48068, 0.16692, 0.80, 0.80, 0.80, 1.00, 0.83237, 0.12965
1222, 401, 2.38807, 4.97589, -0.35242, 0.85284, -0.05341, -0.51604, 0.80, 0.80, 0.80, 1.00, 0.86425, 0.13012
1223, 380, 2.16086, 5.52831, -0.62049, 0.87375, 0.48207, 0.02477, 0.80, 0.80, 0.80, 1.00, 0.84986, 0.04749
1224, 402, 1.60696, 7.24228, -0.60878, 0.84891, 0.36333, -0.37972, 0.80, 0.80, 0.80, 1.00, 0.99013, 0.19746
1225, 403, 1.52913, 6.94, -0.95467, 0.85406, 0.25575, -0.44935, 0.80, 0.80, 0.80, 1.00, 0.90, 0.24736
1226, 404, 1.4066, 7.25342, -1.04573, 0.31691, 0.39717, -0.85983, 0.80, 0.80, 0.80, 1.00, 0.87617, 0.20965
1227, 405, 1.67485, 6.87148, -0.66995, 0.88308, 0.25166, -0.39184, 0.80, 0.80, 0.80, 1.00, 0.99122, 0.2465
1228, 403, 1.52913, 6.94, -0.95467, 0.85406, 0.25575, -0.44935, 0.80, 0.80, 0.80, 1.00, 0.90, 0.24736
1229, 402, 1.60696, 7.24228, -0.60878, 0.84891, 0.36333, -0.37972, 0.80, 0.80, 0.80, 1.00, 0.99013, 0.19746
1230, 402, 1.60696, 7.24228, -0.60878, 0.84891, 0.36333, -0.37972, 0.80, 0.80, 0.80, 1.00, 0.99013, 0.19746
1231, 404, 1.4066, 7.25342, -1.04573, 0.31691, 0.39717, -0.85983, 0.80, 0.80, 0.80, 1.00, 0.87617, 0.20965
1232, 406, 1.29265, 7.6157, -0.80031, 0.5617, 0.57773, -0.59011, 0.80, 0.80, 0.80, 1.00, 0.89775, 0.14833
1233, 402, 1.60696, 7.24228, -0.60878, 0.84891, 0.36333, -0.37972, 0.80, 0.80, 0.80, 1.00, 0.99013, 0.19746
1234, 406, 1.29265, 7.6157, -0.80031, 0.5617, 0.57773, -0.59011, 0.80, 0.80, 0.80, 1.00, 0.89775, 0.14833
1235, 407, 1.44389, 7.58523, -0.50068, 0.79547, 0.49028, -0.35204, 0.80, 0.80, 0.80, 1.00, 0.99046, 0.14853
1236, 408, 1.44389, 7.58523, -0.50068, 0.62112, 0.78215, 0.01972, 0.80, 0.80, 0.80, 1.00, 0.73217, 0.10346
1237, 409, 1.29265, 7.6157, -0.80031, 0.26714, 0.8321, -0.48434, 0.80, 0.80, 0.80, 1.00, 0.78808, 0.10212
1238, 410, 1.1995, 7.72256, -0.66847, 0.24211, 0.92975, -0.27496, 0.80, 0.80, 0.80, 1.00, 0.78005, 0.11705
1239, 408, 1.44389, 7.58523, -0.50068, 0.62112, 0.78215, 0.01972, 0.80, 0.80, 0.80, 1.00, 0.73217, 0.10346
1240, 410, 1.1995, 7.72256, -0.66847, 0.24211, 0.92975, -0.27496, 0.80, 0.80, 0.80, 1.00, 0.78005, 0.11705
1241, 411, 1.32129, 7.6773, -0.45607, 0.4935, 0.84135, 0.21649, 0.80, 0.80, 0.80, 1.00, 0.73853, 0.11711
1242, 412, 0.86264, 7.20948, -0.83829, -0.44405, 0.37646, -0.81165, 0.80, 0.80, 0.80, 1.00, 0.80945, 0.21055
1243, 413, 1.38656, 6.98974, -1.12209, 0.09497, 0.30527, -0.94622, 0.80, 0.80, 0.80, 1.00, 0.867, 0.24465
1244, 414, 1.01583, 6.8801, -0.94911, -0.92194, -0.06775, -0.37701, 0.80, 0.80, 0.80, 1.00, 0.80765, 0.24557
1245, 404, 1.4066, 7.25342, -1.04573, 0.31691, 0.39717, -0.85983, 0.80, 0.80, 0.80, 1.00, 0.87617, 0.20965
1246, 413, 1.38656, 6.98974, -1.12209, 0.09497, 0.30527, -0.94622, 0.80, 0.80, 0.80, 1.00, 0.867, 0.24465
1247, 412, 0.86264, 7.20948, -0.83829, -0.44405, 0.37646, -0.81165, 0.80, 0.80, 0.80, 1.00, 0.80945, 0.21055
1248, 415, 1.0294, 6.73932, -0.38927, 0.2031, -0.24678, 0.94625, 0.80, 0.80, 0.80, 1.00, 0.71846, 0.24832
1249, 416, 1.67485, 6.87148, -0.66995, 0.72223, -0.06597, 0.68635, 0.80, 0.80, 0.80, 1.00, 0.61898, 0.24905
1250, 417, 1.34747, 6.99551, -0.30739, 0.75818, -0.07835, 0.645, 0.80, 0.80, 0.80, 1.00, 0.70424, 0.21431
1251, 416, 1.67485, 6.87148, -0.66995, 0.72223, -0.06597, 0.68635, 0.80, 0.80, 0.80, 1.00, 0.61898, 0.24905
1252, 418, 1.60696, 7.24228, -0.60878, 0.72511, 0.07076, 0.68282, 0.80, 0.80, 0.80, 1.00, 0.61758, 0.20001
1253, 417, 1.34747, 6.99551, -0.30739, 0.75818, -0.07835, 0.645, 0.80, 0.80, 0.80, 1.00, 0.70424, 0.21431
1254, 419, 0.94065, 7.6147, -0.74942, -0.28438, 0.36091, -0.88683, 0.80, 0.80, 0.80, 1.00, 0.81012, 0.14623
1255, 404, 1.4066, 7.25342, -1.04573, 0.31691, 0.39717, -0.85983, 0.80, 0.80, 0.80, 1.00, 0.87617, 0.20965
1256, 412, 0.86264, 7.20948, -0.83829, -0.44405, 0.37646, -0.81165, 0.80, 0.80, 0.80, 1.00, 0.80945, 0.21055
1257, 406, 1.29265, 7.6157, -0.80031, 0.5617, 0.57773, -0.59011, 0.80, 0.80, 0.80, 1.00, 0.89775, 0.14833
1258, 404, 1.4066, 7.25342, -1.04573, 0.31691, 0.39717, -0.85983, 0.80, 0.80, 0.80, 1.00, 0.87617, 0.20965
1259, 419, 0.94065, 7.6147, -0.74942, -0.28438, 0.36091, -0.88683, 0.80, 0.80, 0.80, 1.00, 0.81012, 0.14623
1260, 417, 1.34747, 6.99551, -0.30739, 0.75818, -0.07835, 0.645, 0.80, 0.80, 0.80, 1.00, 0.70424, 0.21431
1261, 420, 1.44389, 7.58523, -0.50068, 0.80989, 0.05794, 0.58106, 0.80, 0.80, 0.80, 1.00, 0.61774, 0.14789
1262, 421, 1.27083, 7.53026, -0.15358, 0.8933, -0.00015, 0.44584, 0.80, 0.80, 0.80, 1.00, 0.69579, 0.14495
1263, 418, 1.60696, 7.24228, -0.60878, 0.72511, 0.07076, 0.68282, 0.80, 0.80, 0.80, 1.00, 0.61758, 0.20001
1264, 420, 1.44389, 7.58523, -0.50068, 0.80989, 0.05794, 0.58106, 0.80, 0.80, 0.80, 1.00, 0.61774, 0.14789
1265, 417, 1.34747, 6.99551, -0.30739, 0.75818, -0.07835, 0.645, 0.80, 0.80, 0.80, 1.00, 0.70424, 0.21431
1266, 422, 0.97928, 7.75627, -0.59657, 0.0441, 0.94947, -0.30882, 0.80, 0.80, 0.80, 1.00, 0.7888, 0.14547
1267, 410, 1.1995, 7.72256, -0.66847, 0.24211, 0.92975, -0.27496, 0.80, 0.80, 0.80, 1.00, 0.78005, 0.11705
1268, 423, 0.94065, 7.6147, -0.74942, -0.10041, 0.74008, -0.66367, 0.80, 0.80, 0.80, 1.00, 0.80958, 0.14557
1269, 410, 1.1995, 7.72256, -0.66847, 0.24211, 0.92975, -0.27496, 0.80, 0.80, 0.80, 1.00, 0.78005, 0.11705
1270, 409, 1.29265, 7.6157, -0.80031, 0.26714, 0.8321, -0.48434, 0.80, 0.80, 0.80, 1.00, 0.78808, 0.10212
1271, 423, 0.94065, 7.6147, -0.74942, -0.10041, 0.74008, -0.66367, 0.80, 0.80, 0.80, 1.00, 0.80958, 0.14557
1272, 424, 1.15173, 7.69275, -0.29509, 0.29455, 0.92863, 0.22269, 0.80, 0.80, 0.80, 1.00, 0.72992, 0.14557
1273, 410, 1.1995, 7.72256, -0.66847, 0.24211, 0.92975, -0.27496, 0.80, 0.80, 0.80, 1.00, 0.78005, 0.11705
1274, 422, 0.97928, 7.75627, -0.59657, 0.0441, 0.94947, -0.30882, 0.80, 0.80, 0.80, 1.00, 0.7888, 0.14547
1275, 411, 1.32129, 7.6773, -0.45607, 0.4935, 0.84135, 0.21649, 0.80, 0.80, 0.80, 1.00, 0.73853, 0.11711
1276, 410, 1.1995, 7.72256, -0.66847, 0.24211, 0.92975, -0.27496, 0.80, 0.80, 0.80, 1.00, 0.78005, 0.11705
1277, 424, 1.15173, 7.69275, -0.29509, 0.29455, 0.92863, 0.22269, 0.80, 0.80, 0.80, 1.00, 0.72992, 0.14557
1278, 425, 1.27083, 7.53026, -0.15358, 0.56544, 0.69977, 0.43418, 0.80, 0.80, 0.80, 1.00, 0.69529, 0.14565
1279, 411, 1.32129, 7.6773, -0.45607, 0.4935, 0.84135, 0.21649, 0.80, 0.80, 0.80, 1.00, 0.73853, 0.11711
1280, 424, 1.15173, 7.69275, -0.29509, 0.29455, 0.92863, 0.22269, 0.80, 0.80, 0.80, 1.00, 0.72992, 0.14557
1281, 408, 1.44389, 7.58523, -0.50068, 0.62112, 0.78215, 0.01972, 0.80, 0.80, 0.80, 1.00, 0.73217, 0.10346
1282, 411, 1.32129, 7.6773, -0.45607, 0.4935, 0.84135, 0.21649, 0.80, 0.80, 0.80, 1.00, 0.73853, 0.11711
1283, 425, 1.27083, 7.53026, -0.15358, 0.56544, 0.69977, 0.43418, 0.80, 0.80, 0.80, 1.00, 0.69529, 0.14565
1284, 415, 1.0294, 6.73932, -0.38927, 0.2031, -0.24678, 0.94625, 0.80, 0.80, 0.80, 1.00, 0.71846, 0.24832
1285, 426, 1.62937, 6.42839, -0.56044, 0.69516, -0.0775, 0.71262, 0.80, 0.80, 0.80, 1.00, 0.66835, 0.29778
1286, 416, 1.67485, 6.87148, -0.66995, 0.72223, -0.06597, 0.68635, 0.80, 0.80, 0.80, 1.00, 0.61898, 0.24905
1287, 427, 1.38617, 6.25013, -0.51804, -0.33626, -0.42665, 0.8381, 0.80, 0.80, 0.80, 1.00, 0.70995, 0.31396
1288, 426, 1.62937, 6.42839, -0.56044, 0.69516, -0.0775, 0.71262, 0.80, 0.80, 0.80, 1.00, 0.66835, 0.29778
1289, 415, 1.0294, 6.73932, -0.38927, 0.2031, -0.24678, 0.94625, 0.80, 0.80, 0.80, 1.00, 0.71846, 0.24832
1290, 414, 1.01583, 6.8801, -0.94911, -0.92194, -0.06775, -0.37701, 0.80, 0.80, 0.80, 1.00, 0.80765, 0.24557
1291, 427, 1.38617, 6.25013, -0.51804, -0.33626, -0.42665, 0.8381, 0.80, 0.80, 0.80, 1.00, 0.70995, 0.31396
1292, 415, 1.0294, 6.73932, -0.38927, 0.2031, -0.24678, 0.94625, 0.80, 0.80, 0.80, 1.00, 0.71846, 0.24832
1293, 428, 1.15421, 6.37262, -0.98222, -0.89692, -0.37631, 0.22519, 0.80, 0.80, 0.80, 1.00, 0.79836, 0.31124
1294, 427, 1.38617, 6.25013, -0.51804, -0.33626, -0.42665, 0.8381, 0.80, 0.80, 0.80, 1.00, 0.70995, 0.31396
1295, 414, 1.01583, 6.8801, -0.94911, -0.92194, -0.06775, -0.37701, 0.80, 0.80, 0.80, 1.00, 0.80765, 0.24557
1296, 413, 1.38656, 6.98974, -1.12209, 0.09497, 0.30527, -0.94622, 0.80, 0.80, 0.80, 1.00, 0.867, 0.24465
1297, 429, 1.35259, 6.56789, -1.23481, -0.25146, 0.09653, -0.96172, 0.80, 0.80, 0.80, 1.00, 0.85923, 0.2996
1298, 414, 1.01583, 6.8801, -0.94911, -0.92194, -0.06775, -0.37701, 0.80, 0.80, 0.80, 1.00, 0.80765, 0.24557
1299, 430, 1.59556, 6.49608, -1.16852, 0.58591, 0.25171, -0.76841, 0.80, 0.80, 0.80, 1.00, 0.90049, 0.31033
1300, 429, 1.35259, 6.56789, -1.23481, -0.25146, 0.09653, -0.96172, 0.80, 0.80, 0.80, 1.00, 0.85923, 0.2996
1301, 413, 1.38656, 6.98974, -1.12209, 0.09497, 0.30527, -0.94622, 0.80, 0.80, 0.80, 1.00, 0.867, 0.24465
1302, 403, 1.52913, 6.94, -0.95467, 0.85406, 0.25575, -0.44935, 0.80, 0.80, 0.80, 1.00, 0.90, 0.24736
1303, 405, 1.67485, 6.87148, -0.66995, 0.88308, 0.25166, -0.39184, 0.80, 0.80, 0.80, 1.00, 0.99122, 0.2465
1304, 431, 1.75202, 6.39314, -0.83461, 0.89768, 0.20503, -0.38574, 0.80, 0.80, 0.80, 1.00, 0.98934, 0.31183
1305, 431, 1.75202, 6.39314, -0.83461, 0.89768, 0.20503, -0.38574, 0.80, 0.80, 0.80, 1.00, 0.98934, 0.31183
1306, 430, 1.59556, 6.49608, -1.16852, 0.58591, 0.25171, -0.76841, 0.80, 0.80, 0.80, 1.00, 0.90049, 0.31033
1307, 403, 1.52913, 6.94, -0.95467, 0.85406, 0.25575, -0.44935, 0.80, 0.80, 0.80, 1.00, 0.90, 0.24736
1308, 416, 1.67485, 6.87148, -0.66995, 0.72223, -0.06597, 0.68635, 0.80, 0.80, 0.80, 1.00, 0.61898, 0.24905
1309, 426, 1.62937, 6.42839, -0.56044, 0.69516, -0.0775, 0.71262, 0.80, 0.80, 0.80, 1.00, 0.66835, 0.29778
1310, 432, 1.75202, 6.39314, -0.83461, 0.91212, 0.02687, 0.40501, 0.80, 0.80, 0.80, 1.00, 0.61655, 0.31439
1311, 414, 1.01583, 6.8801, -0.94911, -0.92194, -0.06775, -0.37701, 0.80, 0.80, 0.80, 1.00, 0.80765, 0.24557
1312, 429, 1.35259, 6.56789, -1.23481, -0.25146, 0.09653, -0.96172, 0.80, 0.80, 0.80, 1.00, 0.85923, 0.2996
1313, 433, 1.2168, 6.17939, -1.09355, -0.97987, -0.0034, -0.19084, 0.80, 0.80, 0.80, 1.00, 0.80882, 0.34002
1314, 426, 1.62937, 6.42839, -0.56044, 0.69516, -0.0775, 0.71262, 0.80, 0.80, 0.80, 1.00, 0.66835, 0.29778
1315, 434, 1.77689, 6.18341, -0.86664, 0.88512, -0.04158, 0.46002, 0.80, 0.80, 0.80, 1.00, 0.61687, 0.34162
1316, 432, 1.75202, 6.39314, -0.83461, 0.91212, 0.02687, 0.40501, 0.80, 0.80, 0.80, 1.00, 0.61655, 0.31439
1317, 435, 1.68418, 6.11934, -0.72923, 0.54723, -0.13077, 0.82505, 0.80, 0.80, 0.80, 1.00, 0.66031, 0.3427
1318, 434, 1.77689, 6.18341, -0.86664, 0.88512, -0.04158, 0.46002, 0.80, 0.80, 0.80, 1.00, 0.61687, 0.34162
1319, 426, 1.62937, 6.42839, -0.56044, 0.69516, -0.0775, 0.71262, 0.80, 0.80, 0.80, 1.00, 0.66835, 0.29778
1320, 414, 1.01583, 6.8801, -0.94911, -0.92194, -0.06775, -0.37701, 0.80, 0.80, 0.80, 1.00, 0.80765, 0.24557
1321, 433, 1.2168, 6.17939, -1.09355, -0.97987, -0.0034, -0.19084, 0.80, 0.80, 0.80, 1.00, 0.80882, 0.34002
1322, 428, 1.15421, 6.37262, -0.98222, -0.89692, -0.37631, 0.22519, 0.80, 0.80, 0.80, 1.00, 0.79836, 0.31124
1323, 436, 1.4136, 6.24237, -1.24187, -0.33171, 0.34353, -0.87722, 0.80, 0.80, 0.80, 1.00, 0.85691, 0.34094
1324, 433, 1.2168, 6.17939, -1.09355, -0.97987, -0.0034, -0.19084, 0.80, 0.80, 0.80, 1.00, 0.80882, 0.34002
1325, 429, 1.35259, 6.56789, -1.23481, -0.25146, 0.09653, -0.96172, 0.80, 0.80, 0.80, 1.00, 0.85923, 0.2996
1326, 427, 1.38617, 6.25013, -0.51804, -0.33626, -0.42665, 0.8381, 0.80, 0.80, 0.80, 1.00, 0.70995, 0.31396
1327, 435, 1.68418, 6.11934, -0.72923, 0.54723, -0.13077, 0.82505, 0.80, 0.80, 0.80, 1.00, 0.66031, 0.3427
1328, 426, 1.62937, 6.42839, -0.56044, 0.69516, -0.0775, 0.71262, 0.80, 0.80, 0.80, 1.00, 0.66835, 0.29778
1329, 437, 1.45637, 6.06917, -0.62797, -0.36544, -0.14514, 0.91798, 0.80, 0.80, 0.80, 1.00, 0.70581, 0.34132
1330, 435, 1.68418, 6.11934, -0.72923, 0.54723, -0.13077, 0.82505, 0.80, 0.80, 0.80, 1.00, 0.66031, 0.3427
1331, 427, 1.38617, 6.25013, -0.51804, -0.33626, -0.42665, 0.8381, 0.80, 0.80, 0.80, 1.00, 0.70995, 0.31396
1332, 428, 1.15421, 6.37262, -0.98222, -0.89692, -0.37631, 0.22519, 0.80, 0.80, 0.80, 1.00, 0.79836, 0.31124
1333, 437, 1.45637, 6.06917, -0.62797, -0.36544, -0.14514, 0.91798, 0.80, 0.80, 0.80, 1.00, 0.70581, 0.34132
1334, 427, 1.38617, 6.25013, -0.51804, -0.33626, -0.42665, 0.8381, 0.80, 0.80, 0.80, 1.00, 0.70995, 0.31396
1335, 433, 1.2168, 6.17939, -1.09355, -0.97987, -0.0034, -0.19084, 0.80, 0.80, 0.80, 1.00, 0.80882, 0.34002
1336, 437, 1.45637, 6.06917, -0.62797, -0.36544, -0.14514, 0.91798, 0.80, 0.80, 0.80, 1.00, 0.70581, 0.34132
1337, 428, 1.15421, 6.37262, -0.98222, -0.89692, -0.37631, 0.22519, 0.80, 0.80, 0.80, 1.00, 0.79836, 0.31124
1338, 430, 1.59556, 6.49608, -1.16852, 0.58591, 0.25171, -0.76841, 0.80, 0.80, 0.80, 1.00, 0.90049, 0.31033
1339, 436, 1.4136, 6.24237, -1.24187, -0.33171, 0.34353, -0.87722, 0.80, 0.80, 0.80, 1.00, 0.85691, 0.34094
1340, 429, 1.35259, 6.56789, -1.23481, -0.25146, 0.09653, -0.96172, 0.80, 0.80, 0.80, 1.00, 0.85923, 0.2996
1341, 438, 1.58406, 6.28027, -1.23675, 0.46276, 0.52437, -0.71303, 0.80, 0.80, 0.80, 1.00, 0.89202, 0.33907
1342, 436, 1.4136, 6.24237, -1.24187, -0.33171, 0.34353, -0.87722, 0.80, 0.80, 0.80, 1.00, 0.85691, 0.34094
1343, 430, 1.59556, 6.49608, -1.16852, 0.58591, 0.25171, -0.76841, 0.80, 0.80, 0.80, 1.00, 0.90049, 0.31033
1344, 431, 1.75202, 6.39314, -0.83461, 0.89768, 0.20503, -0.38574, 0.80, 0.80, 0.80, 1.00, 0.98934, 0.31183
1345, 438, 1.58406, 6.28027, -1.23675, 0.46276, 0.52437, -0.71303, 0.80, 0.80, 0.80, 1.00, 0.89202, 0.33907
1346, 430, 1.59556, 6.49608, -1.16852, 0.58591, 0.25171, -0.76841, 0.80, 0.80, 0.80, 1.00, 0.90049, 0.31033
1347, 439, 1.77689, 6.18341, -0.86664, 0.79453, 0.54188, -0.26878, 0.80, 0.80, 0.80, 1.00, 0.9901, 0.33906
1348, 438, 1.58406, 6.28027, -1.23675, 0.46276, 0.52437, -0.71303, 0.80, 0.80, 0.80, 1.00, 0.89202, 0.33907
1349, 431, 1.75202, 6.39314, -0.83461, 0.89768, 0.20503, -0.38574, 0.80, 0.80, 0.80, 1.00, 0.98934, 0.31183
1350, 440, 1.68418, 6.11934, -0.72923, 0.7084, 0.37441, 0.596, 0.80, 0.80, 0.80, 1.00, 0.66051, 0.34334
1351, 441, 1.87652, 6.12549, -0.89246, 0.50385, 0.80001, 0.32011, 0.80, 0.80, 0.80, 1.00, 0.61703, 0.36159
1352, 442, 1.77689, 6.18341, -0.86664, 0.71709, 0.303, 0.62541, 0.80, 0.80, 0.80, 1.00, 0.61691, 0.34226
1353, 443, 1.71562, 6.14368, -0.65839, 0.55912, 0.72829, 0.39131, 0.80, 0.80, 0.80, 1.00, 0.66085, 0.3621
1354, 441, 1.87652, 6.12549, -0.89246, 0.50385, 0.80001, 0.32011, 0.80, 0.80, 0.80, 1.00, 0.61703, 0.36159
1355, 440, 1.68418, 6.11934, -0.72923, 0.7084, 0.37441, 0.596, 0.80, 0.80, 0.80, 1.00, 0.66051, 0.34334
1356, 436, 1.4136, 6.24237, -1.24187, -0.33171, 0.34353, -0.87722, 0.80, 0.80, 0.80, 1.00, 0.85691, 0.34094
1357, 444, 1.26029, 5.75242, -1.08227, -0.88065, -0.41357, -0.22232, 0.80, 0.80, 0.80, 1.00, 0.80364, 0.35882
1358, 433, 1.2168, 6.17939, -1.09355, -0.97987, -0.0034, -0.19084, 0.80, 0.80, 0.80, 1.00, 0.80882, 0.34002
1359, 445, 1.52881, 5.77471, -1.29432, -0.17274, -0.45012, -0.87344, 0.80, 0.80, 0.80, 1.00, 0.85733, 0.35974
1360, 444, 1.26029, 5.75242, -1.08227, -0.88065, -0.41357, -0.22232, 0.80, 0.80, 0.80, 1.00, 0.80364, 0.35882
1361, 436, 1.4136, 6.24237, -1.24187, -0.33171, 0.34353, -0.87722, 0.80, 0.80, 0.80, 1.00, 0.85691, 0.34094
1362, 437, 1.45637, 6.06917, -0.62797, -0.36544, -0.14514, 0.91798, 0.80, 0.80, 0.80, 1.00, 0.70581, 0.34132
1363, 446, 1.71562, 6.14368, -0.65839, 0.01653, 0.67407, 0.73563, 0.80, 0.80, 0.80, 1.00, 0.66065, 0.36146
1364, 435, 1.68418, 6.11934, -0.72923, 0.54723, -0.13077, 0.82505, 0.80, 0.80, 0.80, 1.00, 0.66031, 0.3427
1365, 447, 1.39673, 6.03976, -0.57905, -0.57248, 0.36656, 0.73079, 0.80, 0.80, 0.80, 1.00, 0.7111, 0.3601
1366, 446, 1.71562, 6.14368, -0.65839, 0.01653, 0.67407, 0.73563, 0.80, 0.80, 0.80, 1.00, 0.66065, 0.36146
1367, 437, 1.45637, 6.06917, -0.62797, -0.36544, -0.14514, 0.91798, 0.80, 0.80, 0.80, 1.00, 0.70581, 0.34132
1368, 433, 1.2168, 6.17939, -1.09355, -0.97987, -0.0034, -0.19084, 0.80, 0.80, 0.80, 1.00, 0.80882, 0.34002
1369, 447, 1.39673, 6.03976, -0.57905, -0.57248, 0.36656, 0.73079, 0.80, 0.80, 0.80, 1.00, 0.7111, 0.3601
1370, 437, 1.45637, 6.06917, -0.62797, -0.36544, -0.14514, 0.91798, 0.80, 0.80, 0.80, 1.00, 0.70581, 0.34132
1371, 444, 1.26029, 5.75242, -1.08227, -0.88065, -0.41357, -0.22232, 0.80, 0.80, 0.80, 1.00, 0.80364, 0.35882
1372, 447, 1.39673, 6.03976, -0.57905, -0.57248, 0.36656, 0.73079, 0.80, 0.80, 0.80, 1.00, 0.7111, 0.3601
1373, 433, 1.2168, 6.17939, -1.09355, -0.97987, -0.0034, -0.19084, 0.80, 0.80, 0.80, 1.00, 0.80882, 0.34002
1374, 438, 1.58406, 6.28027, -1.23675, 0.46276, 0.52437, -0.71303, 0.80, 0.80, 0.80, 1.00, 0.89202, 0.33907
1375, 445, 1.52881, 5.77471, -1.29432, -0.17274, -0.45012, -0.87344, 0.80, 0.80, 0.80, 1.00, 0.85733, 0.35974
1376, 436, 1.4136, 6.24237, -1.24187, -0.33171, 0.34353, -0.87722, 0.80, 0.80, 0.80, 1.00, 0.85691, 0.34094
1377, 448, 1.76512, 5.90528, -1.29508, 0.51703, 0.11521, -0.84602, 0.80, 0.80, 0.80, 1.00, 0.9008, 0.35788
1378, 445, 1.52881, 5.77471, -1.29432, -0.17274, -0.45012, -0.87344, 0.80, 0.80, 0.80, 1.00, 0.85733, 0.35974
1379, 438, 1.58406, 6.28027, -1.23675, 0.46276, 0.52437, -0.71303, 0.80, 0.80, 0.80, 1.00, 0.89202, 0.33907
1380, 439, 1.77689, 6.18341, -0.86664, 0.79453, 0.54188, -0.26878, 0.80, 0.80, 0.80, 1.00, 0.9901, 0.33906
1381, 448, 1.76512, 5.90528, -1.29508, 0.51703, 0.11521, -0.84602, 0.80, 0.80, 0.80, 1.00, 0.9008, 0.35788
1382, 438, 1.58406, 6.28027, -1.23675, 0.46276, 0.52437, -0.71303, 0.80, 0.80, 0.80, 1.00, 0.89202, 0.33907
1383, 449, 1.87652, 6.12549, -0.89246, 0.74224, 0.48063, -0.4637, 0.80, 0.80, 0.80, 1.00, 0.98896, 0.35775
1384, 448, 1.76512, 5.90528, -1.29508, 0.51703, 0.11521, -0.84602, 0.80, 0.80, 0.80, 1.00, 0.9008, 0.35788
1385, 439, 1.77689, 6.18341, -0.86664, 0.79453, 0.54188, -0.26878, 0.80, 0.80, 0.80, 1.00, 0.9901, 0.33906
1386, 443, 1.71562, 6.14368, -0.65839, 0.55912, 0.72829, 0.39131, 0.80, 0.80, 0.80, 1.00, 0.66085, 0.3621
1387, 450, 2.07514, 5.86121, -0.75017, 0.70442, 0.40043, 0.58208, 0.80, 0.80, 0.80, 1.00, 0.61681, 0.40716
1388, 441, 1.87652, 6.12549, -0.89246, 0.50385, 0.80001, 0.32011, 0.80, 0.80, 0.80, 1.00, 0.61703, 0.36159
1389, 451, 1.89659, 5.86285, -0.55961, 0.72472, 0.09683, 0.67849, 0.80, 0.80, 0.80, 1.00, 0.65224, 0.40658
1390, 450, 2.07514, 5.86121, -0.75017, 0.70442, 0.40043, 0.58208, 0.80, 0.80, 0.80, 1.00, 0.61681, 0.40716
1391, 443, 1.71562, 6.14368, -0.65839, 0.55912, 0.72829, 0.39131, 0.80, 0.80, 0.80, 1.00, 0.66085, 0.3621
1392, 445, 1.52881, 5.77471, -1.29432, -0.17274, -0.45012, -0.87344, 0.80, 0.80, 0.80, 1.00, 0.85733, 0.35974
1393, 452, 1.49921, 5.51941, -0.84381, -0.54368, -0.83712, 0.02297, 0.80, 0.80, 0.80, 1.00, 0.79036, 0.40813
1394, 444, 1.26029, 5.75242, -1.08227, -0.88065, -0.41357, -0.22232, 0.80, 0.80, 0.80, 1.00, 0.80364, 0.35882
1395, 453, 1.77939, 5.55556, -1.02568, 0.06887, -0.80368, -0.58775, 0.80, 0.80, 0.80, 1.00, 0.87804, 0.40966
1396, 452, 1.49921, 5.51941, -0.84381, -0.54368, -0.83712, 0.02297, 0.80, 0.80, 0.80, 1.00, 0.79036, 0.40813
1397, 445, 1.52881, 5.77471, -1.29432, -0.17274, -0.45012, -0.87344, 0.80, 0.80, 0.80, 1.00, 0.85733, 0.35974
1398, 447, 1.39673, 6.03976, -0.57905, -0.57248, 0.36656, 0.73079, 0.80, 0.80, 0.80, 1.00, 0.7111, 0.3601
1399, 454, 1.89659, 5.86285, -0.55961, 0.25053, 0.27181, 0.92653, 0.80, 0.80, 0.80, 1.00, 0.65203, 0.40594
1400, 446, 1.71562, 6.14368, -0.65839, 0.01653, 0.67407, 0.73563, 0.80, 0.80, 0.80, 1.00, 0.66065, 0.36146
1401, 455, 1.59415, 5.78572, -0.43406, -0.27925, -0.28123, 0.91598, 0.80, 0.80, 0.80, 1.00, 0.70178, 0.40485
1402, 454, 1.89659, 5.86285, -0.55961, 0.25053, 0.27181, 0.92653, 0.80, 0.80, 0.80, 1.00, 0.65203, 0.40594
1403, 447, 1.39673, 6.03976, -0.57905, -0.57248, 0.36656, 0.73079, 0.80, 0.80, 0.80, 1.00, 0.7111, 0.3601
1404, 444, 1.26029, 5.75242, -1.08227, -0.88065, -0.41357, -0.22232, 0.80, 0.80, 0.80, 1.00, 0.80364, 0.35882
1405, 455, 1.59415, 5.78572, -0.43406, -0.27925, -0.28123, 0.91598, 0.80, 0.80, 0.80, 1.00, 0.70178, 0.40485
1406, 447, 1.39673, 6.03976, -0.57905, -0.57248, 0.36656, 0.73079, 0.80, 0.80, 0.80, 1.00, 0.7111, 0.3601
1407, 452, 1.49921, 5.51941, -0.84381, -0.54368, -0.83712, 0.02297, 0.80, 0.80, 0.80, 1.00, 0.79036, 0.40813
1408, 455, 1.59415, 5.78572, -0.43406, -0.27925, -0.28123, 0.91598, 0.80, 0.80, 0.80, 1.00, 0.70178, 0.40485
1409, 444, 1.26029, 5.75242, -1.08227, -0.88065, -0.41357, -0.22232, 0.80, 0.80, 0.80, 1.00, 0.80364, 0.35882
1410, 448, 1.76512, 5.90528, -1.29508, 0.51703, 0.11521, -0.84602, 0.80, 0.80, 0.80, 1.00, 0.9008, 0.35788
1411, 453, 1.77939, 5.55556, -1.02568, 0.06887, -0.80368, -0.58775, 0.80, 0.80, 0.80, 1.00, 0.87804, 0.40966
1412, 445, 1.52881, 5.77471, -1.29432, -0.17274, -0.45012, -0.87344, 0.80, 0.80, 0.80, 1.00, 0.85733, 0.35974
1413, 456, 2.00315, 5.67787, -1.05565, 0.73997, -0.35401, -0.56866, 0.80, 0.80, 0.80, 1.00, 0.92605, 0.40659
1414, 453, 1.77939, 5.55556, -1.02568, 0.06887, -0.80368, -0.58775, 0.80, 0.80, 0.80, 1.00, 0.87804, 0.40966
1415, 448, 1.76512, 5.90528, -1.29508, 0.51703, 0.11521, -0.84602, 0.80, 0.80, 0.80, 1.00, 0.9008, 0.35788
1416, 449, 1.87652, 6.12549, -0.89246, 0.74224, 0.48063, -0.4637, 0.80, 0.80, 0.80, 1.00, 0.98896, 0.35775
1417, 456, 2.00315, 5.67787, -1.05565, 0.73997, -0.35401, -0.56866, 0.80, 0.80, 0.80, 1.00, 0.92605, 0.40659
1418, 448, 1.76512, 5.90528, -1.29508, 0.51703, 0.11521, -0.84602, 0.80, 0.80, 0.80, 1.00, 0.9008, 0.35788
1419, 457, 2.07514, 5.86121, -0.75017, 0.97859, -0.09351, -0.17254, 0.80, 0.80, 0.80, 1.00, 0.98879, 0.40333
1420, 456, 2.00315, 5.67787, -1.05565, 0.73997, -0.35401, -0.56866, 0.80, 0.80, 0.80, 1.00, 0.92605, 0.40659
1421, 449, 1.87652, 6.12549, -0.89246, 0.74224, 0.48063, -0.4637, 0.80, 0.80, 0.80, 1.00, 0.98896, 0.35775
1422, 451, 1.89659, 5.86285, -0.55961, 0.72472, 0.09683, 0.67849, 0.80, 0.80, 0.80, 1.00, 0.65224, 0.40658
1423, 458, 2.04302, 5.76862, -0.73679, 0.7181, -0.15389, 0.67492, 0.80, 0.80, 0.80, 1.00, 0.61683, 0.41609
1424, 450, 2.07514, 5.86121, -0.75017, 0.70442, 0.40043, 0.58208, 0.80, 0.80, 0.80, 1.00, 0.61681, 0.40716
1425, 459, 1.89937, 5.76948, -0.58411, 0.71726, -0.15596, 0.67533, 0.80, 0.80, 0.80, 1.00, 0.65123, 0.41554
1426, 458, 2.04302, 5.76862, -0.73679, 0.7181, -0.15389, 0.67492, 0.80, 0.80, 0.80, 1.00, 0.61683, 0.41609
1427, 451, 1.89659, 5.86285, -0.55961, 0.72472, 0.09683, 0.67849, 0.80, 0.80, 0.80, 1.00, 0.65224, 0.40658
1428, 453, 1.77939, 5.55556, -1.02568, 0.06887, -0.80368, -0.58775, 0.80, 0.80, 0.80, 1.00, 0.87804, 0.40966
1429, 460, 1.56659, 5.48876, -0.80097, -0.34351, -0.93142, -0.10586, 0.80, 0.80, 0.80, 1.00, 0.78671, 0.41705
1430, 452, 1.49921, 5.51941, -0.84381, -0.54368, -0.83712, 0.02297, 0.80, 0.80, 0.80, 1.00, 0.79036, 0.40813
1431, 461, 1.8092, 5.52035, -0.95433, 0.20327, -0.84594, -0.48917, 0.80, 0.80, 0.80, 1.00, 0.88177, 0.41855
1432, 460, 1.56659, 5.48876, -0.80097, -0.34351, -0.93142, -0.10586, 0.80, 0.80, 0.80, 1.00, 0.78671, 0.41705
1433, 453, 1.77939, 5.55556, -1.02568, 0.06887, -0.80368, -0.58775, 0.80, 0.80, 0.80, 1.00, 0.87804, 0.40966
1434, 455, 1.59415, 5.78572, -0.43406, -0.27925, -0.28123, 0.91598, 0.80, 0.80, 0.80, 1.00, 0.70178, 0.40485
1435, 462, 1.89937, 5.76948, -0.58411, 0.41995, -0.21642, 0.87848, 0.80, 0.80, 0.80, 1.00, 0.65102, 0.4149
1436, 454, 1.89659, 5.86285, -0.55961, 0.25053, 0.27181, 0.92653, 0.80, 0.80, 0.80, 1.00, 0.65203, 0.40594
1437, 463, 1.63912, 5.70466, -0.47535, -0.31025, -0.5584, 0.76711, 0.80, 0.80, 0.80, 1.00, 0.70282, 0.41383
1438, 462, 1.89937, 5.76948, -0.58411, 0.41995, -0.21642, 0.87848, 0.80, 0.80, 0.80, 1.00, 0.65102, 0.4149
1439, 455, 1.59415, 5.78572, -0.43406, -0.27925, -0.28123, 0.91598, 0.80, 0.80, 0.80, 1.00, 0.70178, 0.40485
1440, 452, 1.49921, 5.51941, -0.84381, -0.54368, -0.83712, 0.02297, 0.80, 0.80, 0.80, 1.00, 0.79036, 0.40813
1441, 463, 1.63912, 5.70466, -0.47535, -0.31025, -0.5584, 0.76711, 0.80, 0.80, 0.80, 1.00, 0.70282, 0.41383
1442, 455, 1.59415, 5.78572, -0.43406, -0.27925, -0.28123, 0.91598, 0.80, 0.80, 0.80, 1.00, 0.70178, 0.40485
1443, 460, 1.56659, 5.48876, -0.80097, -0.34351, -0.93142, -0.10586, 0.80, 0.80, 0.80, 1.00, 0.78671, 0.41705
1444, 463, 1.63912, 5.70466, -0.47535, -0.31025, -0.5584, 0.76711, 0.80, 0.80, 0.80, 1.00, 0.70282, 0.41383
1445, 452, 1.49921, 5.51941, -0.84381, -0.54368, -0.83712, 0.02297, 0.80, 0.80, 0.80, 1.00, 0.79036, 0.40813
1446, 456, 2.00315, 5.67787, -1.05565, 0.73997, -0.35401, -0.56866, 0.80, 0.80, 0.80, 1.00, 0.92605, 0.40659
1447, 461, 1.8092, 5.52035, -0.95433, 0.20327, -0.84594, -0.48917, 0.80, 0.80, 0.80, 1.00, 0.88177, 0.41855
1448, 453, 1.77939, 5.55556, -1.02568, 0.06887, -0.80368, -0.58775, 0.80, 0.80, 0.80, 1.00, 0.87804, 0.40966
1449, 464, 1.9871, 5.6218, -0.9805, 0.82658, -0.52113, -0.20297, 0.80, 0.80, 0.80, 1.00, 0.9282, 0.41554
1450, 461, 1.8092, 5.52035, -0.95433, 0.20327, -0.84594, -0.48917, 0.80, 0.80, 0.80, 1.00, 0.88177, 0.41855
1451, 456, 2.00315, 5.67787, -1.05565, 0.73997, -0.35401, -0.56866, 0.80, 0.80, 0.80, 1.00, 0.92605, 0.40659
1452, 457, 2.07514, 5.86121, -0.75017, 0.97859, -0.09351, -0.17254, 0.80, 0.80, 0.80, 1.00, 0.98879, 0.40333
1453, 464, 1.9871, 5.6218, -0.9805, 0.82658, -0.52113, -0.20297, 0.80, 0.80, 0.80, 1.00, 0.9282, 0.41554
1454, 456, 2.00315, 5.67787, -1.05565, 0.73997, -0.35401, -0.56866, 0.80, 0.80, 0.80, 1.00, 0.92605, 0.40659
1455, 465, 2.04302, 5.76862, -0.73679, 0.94188, -0.32913, -0.01848, 0.80, 0.80, 0.80, 1.00, 0.9888, 0.41224
1456, 464, 1.9871, 5.6218, -0.9805, 0.82658, -0.52113, -0.20297, 0.80, 0.80, 0.80, 1.00, 0.9282, 0.41554
1457, 457, 2.07514, 5.86121, -0.75017, 0.97859, -0.09351, -0.17254, 0.80, 0.80, 0.80, 1.00, 0.98879, 0.40333
1458, 404, 1.4066, 7.25342, -1.04573, 0.31691, 0.39717, -0.85983, 0.80, 0.80, 0.80, 1.00, 0.87617, 0.20965
1459, 403, 1.52913, 6.94, -0.95467, 0.85406, 0.25575, -0.44935, 0.80, 0.80, 0.80, 1.00, 0.90, 0.24736
1460, 413, 1.38656, 6.98974, -1.12209, 0.09497, 0.30527, -0.94622, 0.80, 0.80, 0.80, 1.00, 0.867, 0.24465
1461, 430, 1.59556, 6.49608, -1.16852, 0.58591, 0.25171, -0.76841, 0.80, 0.80, 0.80, 1.00, 0.90049, 0.31033
1462, 413, 1.38656, 6.98974, -1.12209, 0.09497, 0.30527, -0.94622, 0.80, 0.80, 0.80, 1.00, 0.867, 0.24465
1463, 403, 1.52913, 6.94, -0.95467, 0.85406, 0.25575, -0.44935, 0.80, 0.80, 0.80, 1.00, 0.90, 0.24736
1464, 466, 0.22537, 4.4378, -0.5701, -0.55684, -0.60663, -0.55615, 0.80, 0.80, 0.80, 1.00, 0.25092, 0.13517
1465, 467, 0.42506, 4.75547, -0.85091, -0.16477, 0.02325, -0.98567, 0.80, 0.80, 0.80, 1.00, 0.33113, 0.13508
1466, 468, 1.67272, 3.54646, -0.99866, -0.19568, -0.51338, -0.83245, 0.80, 0.80, 0.80, 1.00, 0.29349, 0.44726
1467, 142, 0.11067, 4.65353, 0.01889, -0.16499, -0.98617, -0.01562, 0.80, 0.80, 0.80, 1.00, 0.14033, 0.15646
1468, 469, 1.9689, 3.7518, -0.00332, 0.16476, -0.14179, 0.9754, 0.80, 0.80, 0.80, 1.00, 0.14472, 0.4727
1469, 143, 0.54373, 4.61183, 0.05989, 0.98505, -0.14482, 0.09326, 0.80, 0.80, 0.80, 1.00, 0.10614, 0.16404
1470, 469, 1.9689, 3.7518, -0.00332, 0.16476, -0.14179, 0.9754, 0.80, 0.80, 0.80, 1.00, 0.14472, 0.4727
1471, 470, 2.23498, 4.04761, -0.09374, 0.69191, 0.53249, 0.47256, 0.80, 0.80, 0.80, 1.00, 0.10165, 0.48498
1472, 143, 0.54373, 4.61183, 0.05989, 0.98505, -0.14482, 0.09326, 0.80, 0.80, 0.80, 1.00, 0.10614, 0.16404
1473, 143, 0.54373, 4.61183, 0.05989, 0.98505, -0.14482, 0.09326, 0.80, 0.80, 0.80, 1.00, 0.10614, 0.16404
1474, 470, 2.23498, 4.04761, -0.09374, 0.69191, 0.53249, 0.47256, 0.80, 0.80, 0.80, 1.00, 0.10165, 0.48498
1475, 471, 0.80888, 5.11324, -0.33699, 0.54996, 0.82169, -0.0605, 0.80, 0.80, 0.80, 1.00, 0.07378, 0.15933
1476, 470, 2.23498, 4.04761, -0.09374, 0.69191, 0.53249, 0.47256, 0.80, 0.80, 0.80, 1.00, 0.10165, 0.48498
1477, 472, 2.23274, 4.13874, -0.57072, 0.66529, 0.73392, 0.00423, 0.80, 0.80, 0.80, 1.00, 0.05031, 0.47586
1478, 471, 0.80888, 5.11324, -0.33699, 0.54996, 0.82169, -0.0605, 0.80, 0.80, 0.80, 1.00, 0.07378, 0.15933
1479, 473, 0.66665, 5.07899, -0.68536, 0.07889, 0.39854, -0.91168, 0.80, 0.80, 0.80, 1.00, 0.38772, 0.14075
1480, 474, 2.08339, 4.11272, -0.99225, 0.20393, 0.06665, -0.97627, 0.80, 0.80, 0.80, 1.00, 0.36069, 0.45539
1481, 467, 0.42506, 4.75547, -0.85091, -0.16477, 0.02325, -0.98567, 0.80, 0.80, 0.80, 1.00, 0.33113, 0.13508
1482, 474, 2.08339, 4.11272, -0.99225, 0.20393, 0.06665, -0.97627, 0.80, 0.80, 0.80, 1.00, 0.36069, 0.45539
1483, 468, 1.67272, 3.54646, -0.99866, -0.19568, -0.51338, -0.83245, 0.80, 0.80, 0.80, 1.00, 0.29349, 0.44726
1484, 467, 0.42506, 4.75547, -0.85091, -0.16477, 0.02325, -0.98567, 0.80, 0.80, 0.80, 1.00, 0.33113, 0.13508
1485, 471, 0.80888, 5.11324, -0.33699, 0.54996, 0.82169, -0.0605, 0.80, 0.80, 0.80, 1.00, 0.07378, 0.15933
1486, 475, 2.08339, 4.11272, -0.99225, 0.50515, 0.8116, -0.26158, 0.80, 0.80, 0.80, 1.00, 0.00917, 0.45539
1487, 476, 0.66665, 5.07899, -0.68536, 0.49272, 0.81124, -0.28572, 0.80, 0.80, 0.80, 1.00, 0.03616, 0.14075
1488, 472, 2.23274, 4.13874, -0.57072, 0.66529, 0.73392, 0.00423, 0.80, 0.80, 0.80, 1.00, 0.05031, 0.47586
1489, 475, 2.08339, 4.11272, -0.99225, 0.50515, 0.8116, -0.26158, 0.80, 0.80, 0.80, 1.00, 0.00917, 0.45539
1490, 471, 0.80888, 5.11324, -0.33699, 0.54996, 0.82169, -0.0605, 0.80, 0.80, 0.80, 1.00, 0.07378, 0.15933
1491, 466, 0.22537, 4.4378, -0.5701, -0.55684, -0.60663, -0.55615, 0.80, 0.80, 0.80, 1.00, 0.25092, 0.13517
1492, 477, 1.54692, 3.32456, -0.56098, -0.39911, -0.87375, -0.24491, 0.80, 0.80, 0.80, 1.00, 0.24336, 0.44936
1493, 478, 0.1822, 4.36768, -0.33316, -0.60977, -0.77099, -0.12417, 0.80, 0.80, 0.80, 1.00, 0.21674, 0.13527
1494, 468, 1.67272, 3.54646, -0.99866, -0.19568, -0.51338, -0.83245, 0.80, 0.80, 0.80, 1.00, 0.29349, 0.44726
1495, 477, 1.54692, 3.32456, -0.56098, -0.39911, -0.87375, -0.24491, 0.80, 0.80, 0.80, 1.00, 0.24336, 0.44936
1496, 466, 0.22537, 4.4378, -0.5701, -0.55684, -0.60663, -0.55615, 0.80, 0.80, 0.80, 1.00, 0.25092, 0.13517
1497, 153, -0.37761, 4.77149, -0.02733, -0.99554, -0.00437, -0.09425, 0.80, 0.80, 0.80, 1.00, 0.18641, 0.13501
1498, 469, 1.9689, 3.7518, -0.00332, 0.16476, -0.14179, 0.9754, 0.80, 0.80, 0.80, 1.00, 0.14472, 0.4727
1499, 142, 0.11067, 4.65353, 0.01889, -0.16499, -0.98617, -0.01562, 0.80, 0.80, 0.80, 1.00, 0.14033, 0.15646
1500, 479, 1.54153, 3.31744, -0.14028, -0.23323, -0.78705, 0.55912, 0.80, 0.80, 0.80, 1.00, 0.2056, 0.44908
1501, 469, 1.9689, 3.7518, -0.00332, 0.16476, -0.14179, 0.9754, 0.80, 0.80, 0.80, 1.00, 0.14472, 0.4727
1502, 153, -0.37761, 4.77149, -0.02733, -0.99554, -0.00437, -0.09425, 0.80, 0.80, 0.80, 1.00, 0.18641, 0.13501
1503, 478, 0.1822, 4.36768, -0.33316, -0.60977, -0.77099, -0.12417, 0.80, 0.80, 0.80, 1.00, 0.21674, 0.13527
1504, 479, 1.54153, 3.31744, -0.14028, -0.23323, -0.78705, 0.55912, 0.80, 0.80, 0.80, 1.00, 0.2056, 0.44908
1505, 153, -0.37761, 4.77149, -0.02733, -0.99554, -0.00437, -0.09425, 0.80, 0.80, 0.80, 1.00, 0.18641, 0.13501
1506, 477, 1.54692, 3.32456, -0.56098, -0.39911, -0.87375, -0.24491, 0.80, 0.80, 0.80, 1.00, 0.24336, 0.44936
1507, 479, 1.54153, 3.31744, -0.14028, -0.23323, -0.78705, 0.55912, 0.80, 0.80, 0.80, 1.00, 0.2056, 0.44908
1508, 478, 0.1822, 4.36768, -0.33316, -0.60977, -0.77099, -0.12417, 0.80, 0.80, 0.80, 1.00, 0.21674, 0.13527
1509, 469, 1.9689, 3.7518, -0.00332, 0.16476, -0.14179, 0.9754, 0.80, 0.80, 0.80, 1.00, 0.14472, 0.4727
1510, 480, 2.46059, 3.5546, -0.24395, 0.33649, -0.48419, 0.80295, 0.80, 0.80, 0.80, 1.00, 0.10182, 0.55266
1511, 470, 2.23498, 4.04761, -0.09374, 0.69191, 0.53249, 0.47256, 0.80, 0.80, 0.80, 1.00, 0.10165, 0.48498
1512, 481, 2.17167, 3.72611, -0.18435, -0.18859, -0.16029, 0.96819, 0.80, 0.80, 0.80, 1.00, 0.16244, 0.5428
1513, 480, 2.46059, 3.5546, -0.24395, 0.33649, -0.48419, 0.80295, 0.80, 0.80, 0.80, 1.00, 0.10182, 0.55266
1514, 469, 1.9689, 3.7518, -0.00332, 0.16476, -0.14179, 0.9754, 0.80, 0.80, 0.80, 1.00, 0.14472, 0.4727
1515, 470, 2.23498, 4.04761, -0.09374, 0.69191, 0.53249, 0.47256, 0.80, 0.80, 0.80, 1.00, 0.10165, 0.48498
1516, 482, 2.47696, 3.52209, -0.52934, 0.70827, -0.68166, 0.12276, 0.80, 0.80, 0.80, 1.00, 0.05249, 0.54608
1517, 472, 2.23274, 4.13874, -0.57072, 0.66529, 0.73392, 0.00423, 0.80, 0.80, 0.80, 1.00, 0.05031, 0.47586
1518, 480, 2.46059, 3.5546, -0.24395, 0.33649, -0.48419, 0.80295, 0.80, 0.80, 0.80, 1.00, 0.10182, 0.55266
1519, 482, 2.47696, 3.52209, -0.52934, 0.70827, -0.68166, 0.12276, 0.80, 0.80, 0.80, 1.00, 0.05249, 0.54608
1520, 470, 2.23498, 4.04761, -0.09374, 0.69191, 0.53249, 0.47256, 0.80, 0.80, 0.80, 1.00, 0.10165, 0.48498
1521, 474, 2.08339, 4.11272, -0.99225, 0.20393, 0.06665, -0.97627, 0.80, 0.80, 0.80, 1.00, 0.36069, 0.45539
1522, 483, 2.08513, 3.69486, -0.88515, -0.38636, -0.51364, -0.7612, 0.80, 0.80, 0.80, 1.00, 0.3103, 0.52581
1523, 468, 1.67272, 3.54646, -0.99866, -0.19568, -0.51338, -0.83245, 0.80, 0.80, 0.80, 1.00, 0.29349, 0.44726
1524, 484, 2.40998, 3.57341, -0.785, -0.04891, -0.70195, -0.70446, 0.80, 0.80, 0.80, 1.00, 0.36257, 0.53132
1525, 483, 2.08513, 3.69486, -0.88515, -0.38636, -0.51364, -0.7612, 0.80, 0.80, 0.80, 1.00, 0.3103, 0.52581
1526, 474, 2.08339, 4.11272, -0.99225, 0.20393, 0.06665, -0.97627, 0.80, 0.80, 0.80, 1.00, 0.36069, 0.45539
1527, 485, 2.23274, 4.13874, -0.57072, 0.82035, 0.44027, -0.34148, 0.80, 0.80, 0.80, 1.00, 0.05039, 0.47586
1528, 486, 2.40998, 3.57341, -0.785, 0.56828, -0.75917, -0.29007, 0.80, 0.80, 0.80, 1.00, 0.0111, 0.53132
1529, 487, 2.08339, 4.11272, -0.99225, 0.82899, 0.43511, -0.32662, 0.80, 0.80, 0.80, 1.00, 0.00918, 0.45539
1530, 488, 2.47696, 3.52209, -0.52934, 0.56902, -0.75221, -0.30663, 0.80, 0.80, 0.80, 1.00, 0.05258, 0.54608
1531, 486, 2.40998, 3.57341, -0.785, 0.56828, -0.75917, -0.29007, 0.80, 0.80, 0.80, 1.00, 0.0111, 0.53132
1532, 485, 2.23274, 4.13874, -0.57072, 0.82035, 0.44027, -0.34148, 0.80, 0.80, 0.80, 1.00, 0.05039, 0.47586
1533, 468, 1.67272, 3.54646, -0.99866, -0.19568, -0.51338, -0.83245, 0.80, 0.80, 0.80, 1.00, 0.29349, 0.44726
1534, 489, 1.86022, 3.8357, -0.60609, -0.94496, -0.15757, -0.25409, 0.80, 0.80, 0.80, 1.00, 0.25611, 0.52596
1535, 477, 1.54692, 3.32456, -0.56098, -0.39911, -0.87375, -0.24491, 0.80, 0.80, 0.80, 1.00, 0.24336, 0.44936
1536, 483, 2.08513, 3.69486, -0.88515, -0.38636, -0.51364, -0.7612, 0.80, 0.80, 0.80, 1.00, 0.3103, 0.52581
1537, 489, 1.86022, 3.8357, -0.60609, -0.94496, -0.15757, -0.25409, 0.80, 0.80, 0.80, 1.00, 0.25611, 0.52596
1538, 468, 1.67272, 3.54646, -0.99866, -0.19568, -0.51338, -0.83245, 0.80, 0.80, 0.80, 1.00, 0.29349, 0.44726
1539, 479, 1.54153, 3.31744, -0.14028, -0.23323, -0.78705, 0.55912, 0.80, 0.80, 0.80, 1.00, 0.2056, 0.44908
1540, 481, 2.17167, 3.72611, -0.18435, -0.18859, -0.16029, 0.96819, 0.80, 0.80, 0.80, 1.00, 0.16244, 0.5428
1541, 469, 1.9689, 3.7518, -0.00332, 0.16476, -0.14179, 0.9754, 0.80, 0.80, 0.80, 1.00, 0.14472, 0.4727
1542, 490, 1.89966, 3.90308, -0.25955, -0.87699, -0.08833, 0.45664, 0.80, 0.80, 0.80, 1.00, 0.20809, 0.52575
1543, 481, 2.17167, 3.72611, -0.18435, -0.18859, -0.16029, 0.96819, 0.80, 0.80, 0.80, 1.00, 0.16244, 0.5428
1544, 479, 1.54153, 3.31744, -0.14028, -0.23323, -0.78705, 0.55912, 0.80, 0.80, 0.80, 1.00, 0.2056, 0.44908
1545, 477, 1.54692, 3.32456, -0.56098, -0.39911, -0.87375, -0.24491, 0.80, 0.80, 0.80, 1.00, 0.24336, 0.44936
1546, 490, 1.89966, 3.90308, -0.25955, -0.87699, -0.08833, 0.45664, 0.80, 0.80, 0.80, 1.00, 0.20809, 0.52575
1547, 479, 1.54153, 3.31744, -0.14028, -0.23323, -0.78705, 0.55912, 0.80, 0.80, 0.80, 1.00, 0.2056, 0.44908
1548, 489, 1.86022, 3.8357, -0.60609, -0.94496, -0.15757, -0.25409, 0.80, 0.80, 0.80, 1.00, 0.25611, 0.52596
1549, 490, 1.89966, 3.90308, -0.25955, -0.87699, -0.08833, 0.45664, 0.80, 0.80, 0.80, 1.00, 0.20809, 0.52575
1550, 477, 1.54692, 3.32456, -0.56098, -0.39911, -0.87375, -0.24491, 0.80, 0.80, 0.80, 1.00, 0.24336, 0.44936
1551, 491, 2.17167, 3.72611, -0.18435, 0.16093, 0.16787, 0.97211, 0.80, 0.80, 0.80, 1.00, 0.89725, 0.42902
1552, 492, 2.05056, 3.05897, -0.0995, 0.23582, 0.04501, 0.9701, 0.80, 0.80, 0.80, 1.00, 0.91128, 0.48716
1553, 493, 2.46059, 3.5546, -0.24395, 0.2409, 0.0777, 0.96674, 0.80, 0.80, 0.80, 1.00, 0.92246, 0.43041
1554, 494, 1.75458, 3.28516, -0.03357, 0.04329, 0.15944, 0.98609, 0.80, 0.80, 0.80, 1.00, 0.87231, 0.47948
1555, 492, 2.05056, 3.05897, -0.0995, 0.23582, 0.04501, 0.9701, 0.80, 0.80, 0.80, 1.00, 0.91128, 0.48716
1556, 491, 2.17167, 3.72611, -0.18435, 0.16093, 0.16787, 0.97211, 0.80, 0.80, 0.80, 1.00, 0.89725, 0.42902
1557, 495, 2.46059, 3.5546, -0.24395, 0.78417, -0.58954, 0.13764, 0.80, 0.80, 0.80, 1.00, 0.92343, 0.43706
1558, 496, 2.13359, 3.06677, -0.47345, 0.77452, -0.59299, -0.17506, 0.80, 0.80, 0.80, 1.00, 0.96337, 0.47594
1559, 497, 2.47696, 3.52209, -0.52934, 0.7806, -0.60123, -0.10426, 0.80, 0.80, 0.80, 1.00, 0.95569, 0.4343
1560, 498, 2.05056, 3.05897, -0.0995, 0.82491, -0.52094, 0.17241, 0.80, 0.80, 0.80, 1.00, 0.92291, 0.48464
1561, 496, 2.13359, 3.06677, -0.47345, 0.77452, -0.59299, -0.17506, 0.80, 0.80, 0.80, 1.00, 0.96337, 0.47594
1562, 495, 2.46059, 3.5546, -0.24395, 0.78417, -0.58954, 0.13764, 0.80, 0.80, 0.80, 1.00, 0.92343, 0.43706
1563, 499, 2.40998, 3.57341, -0.785, 0.20738, -0.21825, -0.95296, 0.80, 0.80, 0.80, 1.00, 0.71594, 0.42934
1564, 500, 1.94095, 3.05093, -0.76734, 0.07162, -0.29445, -0.95233, 0.80, 0.80, 0.80, 1.00, 0.73448, 0.47956
1565, 501, 2.08513, 3.69486, -0.88515, -0.22239, 0.08861, -0.97015, 0.80, 0.80, 0.80, 1.00, 0.74168, 0.42874
1566, 500, 1.94095, 3.05093, -0.76734, 0.07162, -0.29445, -0.95233, 0.80, 0.80, 0.80, 1.00, 0.73448, 0.47956
1567, 502, 1.67702, 3.13347, -0.80994, -0.40485, -0.06045, -0.91048, 0.80, 0.80, 0.80, 1.00, 0.76451, 0.47946
1568, 501, 2.08513, 3.69486, -0.88515, -0.22239, 0.08861, -0.97015, 0.80, 0.80, 0.80, 1.00, 0.74168, 0.42874
1569, 497, 2.47696, 3.52209, -0.52934, 0.7806, -0.60123, -0.10426, 0.80, 0.80, 0.80, 1.00, 0.95569, 0.4343
1570, 496, 2.13359, 3.06677, -0.47345, 0.77452, -0.59299, -0.17506, 0.80, 0.80, 0.80, 1.00, 0.96337, 0.47594
1571, 503, 2.40998, 3.57341, -0.785, 0.69962, -0.60155, -0.36478, 0.80, 0.80, 0.80, 1.00, 0.98763, 0.43219
1572, 496, 2.13359, 3.06677, -0.47345, 0.77452, -0.59299, -0.17506, 0.80, 0.80, 0.80, 1.00, 0.96337, 0.47594
1573, 504, 1.94095, 3.05093, -0.76734, 0.68119, -0.5847, -0.42361, 0.80, 0.80, 0.80, 1.00, 0.99852, 0.47698
1574, 503, 2.40998, 3.57341, -0.785, 0.69962, -0.60155, -0.36478, 0.80, 0.80, 0.80, 1.00, 0.98763, 0.43219
1575, 501, 2.08513, 3.69486, -0.88515, -0.22239, 0.08861, -0.97015, 0.80, 0.80, 0.80, 1.00, 0.74168, 0.42874
1576, 505, 1.33819, 3.32843, -0.5134, -0.83946, 0.40664, -0.33595, 0.80, 0.80, 0.80, 1.00, 0.81, 0.47876
1577, 506, 1.86022, 3.8357, -0.60609, -0.72974, 0.6412, -0.19497, 0.80, 0.80, 0.80, 1.00, 0.80834, 0.42881
1578, 502, 1.67702, 3.13347, -0.80994, -0.40485, -0.06045, -0.91048, 0.80, 0.80, 0.80, 1.00, 0.76451, 0.47946
1579, 505, 1.33819, 3.32843, -0.5134, -0.83946, 0.40664, -0.33595, 0.80, 0.80, 0.80, 1.00, 0.81, 0.47876
1580, 501, 2.08513, 3.69486, -0.88515, -0.22239, 0.08861, -0.97015, 0.80, 0.80, 0.80, 1.00, 0.74168, 0.42874
1581, 507, 1.89966, 3.90308, -0.25955, -0.38968, 0.53294, 0.74616, 0.80, 0.80, 0.80, 1.00, 0.86247, 0.42872
1582, 494, 1.75458, 3.28516, -0.03357, 0.04329, 0.15944, 0.98609, 0.80, 0.80, 0.80, 1.00, 0.87231, 0.47948
1583, 491, 2.17167, 3.72611, -0.18435, 0.16093, 0.16787, 0.97211, 0.80, 0.80, 0.80, 1.00, 0.89725, 0.42902
1584, 508, 1.48142, 3.36123, -0.10558, -0.56846, 0.47313, 0.66593, 0.80, 0.80, 0.80, 1.00, 0.84635, 0.47958
1585, 494, 1.75458, 3.28516, -0.03357, 0.04329, 0.15944, 0.98609, 0.80, 0.80, 0.80, 1.00, 0.87231, 0.47948
1586, 507, 1.89966, 3.90308, -0.25955, -0.38968, 0.53294, 0.74616, 0.80, 0.80, 0.80, 1.00, 0.86247, 0.42872
1587, 506, 1.86022, 3.8357, -0.60609, -0.72974, 0.6412, -0.19497, 0.80, 0.80, 0.80, 1.00, 0.80834, 0.42881
1588, 508, 1.48142, 3.36123, -0.10558, -0.56846, 0.47313, 0.66593, 0.80, 0.80, 0.80, 1.00, 0.84635, 0.47958
1589, 507, 1.89966, 3.90308, -0.25955, -0.38968, 0.53294, 0.74616, 0.80, 0.80, 0.80, 1.00, 0.86247, 0.42872
1590, 505, 1.33819, 3.32843, -0.5134, -0.83946, 0.40664, -0.33595, 0.80, 0.80, 0.80, 1.00, 0.81, 0.47876
1591, 508, 1.48142, 3.36123, -0.10558, -0.56846, 0.47313, 0.66593, 0.80, 0.80, 0.80, 1.00, 0.84635, 0.47958
1592, 506, 1.86022, 3.8357, -0.60609, -0.72974, 0.6412, -0.19497, 0.80, 0.80, 0.80, 1.00, 0.80834, 0.42881
1593, 494, 1.75458, 3.28516, -0.03357, 0.04329, 0.15944, 0.98609, 0.80, 0.80, 0.80, 1.00, 0.87231, 0.47948
1594, 509, 1.1814, 1.62392, 0.10185, -0.02734, 0.04612, 0.99828, 0.80, 0.80, 0.80, 1.00, 0.90361, 0.60723
1595, 492, 2.05056, 3.05897, -0.0995, 0.23582, 0.04501, 0.9701, 0.80, 0.80, 0.80, 1.00, 0.91128, 0.48716
1596, 510, 0.99519, 1.72208, 0.08763, -0.28526, 0.11276, 0.95073, 0.80, 0.80, 0.80, 1.00, 0.86396, 0.60688
1597, 509, 1.1814, 1.62392, 0.10185, -0.02734, 0.04612, 0.99828, 0.80, 0.80, 0.80, 1.00, 0.90361, 0.60723
1598, 494, 1.75458, 3.28516, -0.03357, 0.04329, 0.15944, 0.98609, 0.80, 0.80, 0.80, 1.00, 0.87231, 0.47948
1599, 498, 2.05056, 3.05897, -0.0995, 0.82491, -0.52094, 0.17241, 0.80, 0.80, 0.80, 1.00, 0.92291, 0.48464
1600, 511, 1.22744, 1.6099, -0.01987, 0.90684, -0.36328, 0.16228, 0.80, 0.80, 0.80, 1.00, 0.95139, 0.60668
1601, 496, 2.13359, 3.06677, -0.47345, 0.77452, -0.59299, -0.17506, 0.80, 0.80, 0.80, 1.00, 0.96337, 0.47594
1602, 512, 1.1814, 1.62392, 0.10185, 0.86688, -0.30704, 0.36985, 0.80, 0.80, 0.80, 1.00, 0.92935, 0.60822
1603, 511, 1.22744, 1.6099, -0.01987, 0.90684, -0.36328, 0.16228, 0.80, 0.80, 0.80, 1.00, 0.95139, 0.60668
1604, 498, 2.05056, 3.05897, -0.0995, 0.82491, -0.52094, 0.17241, 0.80, 0.80, 0.80, 1.00, 0.92291, 0.48464
1605, 500, 1.94095, 3.05093, -0.76734, 0.07162, -0.29445, -0.95233, 0.80, 0.80, 0.80, 1.00, 0.73448, 0.47956
1606, 513, 1.03641, 1.65609, -0.19478, -0.03611, -0.31918, -0.94579, 0.80, 0.80, 0.80, 1.00, 0.76975, 0.60446
1607, 502, 1.67702, 3.13347, -0.80994, -0.40485, -0.06045, -0.91048, 0.80, 0.80, 0.80, 1.00, 0.76451, 0.47946
1608, 514, 1.19889, 1.63504, -0.14535, 0.21935, -0.37757, -0.89756, 0.80, 0.80, 0.80, 1.00, 0.74022, 0.60392
1609, 513, 1.03641, 1.65609, -0.19478, -0.03611, -0.31918, -0.94579, 0.80, 0.80, 0.80, 1.00, 0.76975, 0.60446
1610, 500, 1.94095, 3.05093, -0.76734, 0.07162, -0.29445, -0.95233, 0.80, 0.80, 0.80, 1.00, 0.73448, 0.47956
1611, 496, 2.13359, 3.06677, -0.47345, 0.77452, -0.59299, -0.17506, 0.80, 0.80, 0.80, 1.00, 0.96337, 0.47594
1612, 515, 1.19889, 1.63504, -0.14535, 0.85596, -0.42154, -0.26784, 0.80, 0.80, 0.80, 1.00, 0.97059, 0.60313
1613, 504, 1.94095, 3.05093, -0.76734, 0.68119, -0.5847, -0.42361, 0.80, 0.80, 0.80, 1.00, 0.99852, 0.47698
1614, 511, 1.22744, 1.6099, -0.01987, 0.90684, -0.36328, 0.16228, 0.80, 0.80, 0.80, 1.00, 0.95139, 0.60668
1615, 515, 1.19889, 1.63504, -0.14535, 0.85596, -0.42154, -0.26784, 0.80, 0.80, 0.80, 1.00, 0.97059, 0.60313
1616, 496, 2.13359, 3.06677, -0.47345, 0.77452, -0.59299, -0.17506, 0.80, 0.80, 0.80, 1.00, 0.96337, 0.47594
1617, 502, 1.67702, 3.13347, -0.80994, -0.40485, -0.06045, -0.91048, 0.80, 0.80, 0.80, 1.00, 0.76451, 0.47946
1618, 516, 0.87871, 1.71546, -0.0793, -0.74775, -0.0558, -0.6525, 0.80, 0.80, 0.80, 1.00, 0.80086, 0.60553
1619, 505, 1.33819, 3.32843, -0.5134, -0.83946, 0.40664, -0.33595, 0.80, 0.80, 0.80, 1.00, 0.81, 0.47876
1620, 513, 1.03641, 1.65609, -0.19478, -0.03611, -0.31918, -0.94579, 0.80, 0.80, 0.80, 1.00, 0.76975, 0.60446
1621, 516, 0.87871, 1.71546, -0.0793, -0.74775, -0.0558, -0.6525, 0.80, 0.80, 0.80, 1.00, 0.80086, 0.60553
1622, 502, 1.67702, 3.13347, -0.80994, -0.40485, -0.06045, -0.91048, 0.80, 0.80, 0.80, 1.00, 0.76451, 0.47946
1623, 508, 1.48142, 3.36123, -0.10558, -0.56846, 0.47313, 0.66593, 0.80, 0.80, 0.80, 1.00, 0.84635, 0.47958
1624, 510, 0.99519, 1.72208, 0.08763, -0.28526, 0.11276, 0.95073, 0.80, 0.80, 0.80, 1.00, 0.86396, 0.60688
1625, 494, 1.75458, 3.28516, -0.03357, 0.04329, 0.15944, 0.98609, 0.80, 0.80, 0.80, 1.00, 0.87231, 0.47948
1626, 517, 0.86623, 1.74142, 0.0319, -0.91541, 0.16783, 0.34179, 0.80, 0.80, 0.80, 1.00, 0.8338, 0.60579
1627, 510, 0.99519, 1.72208, 0.08763, -0.28526, 0.11276, 0.95073, 0.80, 0.80, 0.80, 1.00, 0.86396, 0.60688
1628, 508, 1.48142, 3.36123, -0.10558, -0.56846, 0.47313, 0.66593, 0.80, 0.80, 0.80, 1.00, 0.84635, 0.47958
1629, 505, 1.33819, 3.32843, -0.5134, -0.83946, 0.40664, -0.33595, 0.80, 0.80, 0.80, 1.00, 0.81, 0.47876
1630, 517, 0.86623, 1.74142, 0.0319, -0.91541, 0.16783, 0.34179, 0.80, 0.80, 0.80, 1.00, 0.8338, 0.60579
1631, 508, 1.48142, 3.36123, -0.10558, -0.56846, 0.47313, 0.66593, 0.80, 0.80, 0.80, 1.00, 0.84635, 0.47958
1632, 516, 0.87871, 1.71546, -0.0793, -0.74775, -0.0558, -0.6525, 0.80, 0.80, 0.80, 1.00, 0.80086, 0.60553
1633, 517, 0.86623, 1.74142, 0.0319, -0.91541, 0.16783, 0.34179, 0.80, 0.80, 0.80, 1.00, 0.8338, 0.60579
1634, 505, 1.33819, 3.32843, -0.5134, -0.83946, 0.40664, -0.33595, 0.80, 0.80, 0.80, 1.00, 0.81, 0.47876
1635, 518, 1.96956, 1.18651, 0.32142, 0.12142, -0.95292, 0.23646, 0.80, 0.80, 0.80, 1.00, 0.46676, 0.42347
1636, 519, 1.77915, 1.17449, 0.37175, 0.1543, -0.94567, 0.24634, 0.80, 0.80, 0.80, 1.00, 0.47813, 0.44864
1637, 520, 1.92087, 1.09046, -0.04671, 0.14609, -0.9476, 0.2439, 0.80, 0.80, 0.80, 1.00, 0.40971, 0.43767
1638, 520, 1.92087, 1.09046, -0.04671, 0.14609, -0.9476, 0.2439, 0.80, 0.80, 0.80, 1.00, 0.40971, 0.43767
1639, 519, 1.77915, 1.17449, 0.37175, 0.1543, -0.94567, 0.24634, 0.80, 0.80, 0.80, 1.00, 0.47813, 0.44864
1640, 521, 1.85487, 1.05593, -0.13268, 0.17067, -0.9416, 0.25116, 0.80, 0.80, 0.80, 1.00, 0.3972, 0.44864
1641, 521, 1.85487, 1.05593, -0.13268, 0.17067, -0.9416, 0.25116, 0.80, 0.80, 0.80, 1.00, 0.3972, 0.44864
1642, 519, 1.77915, 1.17449, 0.37175, 0.1543, -0.94567, 0.24634, 0.80, 0.80, 0.80, 1.00, 0.47813, 0.44864
1643, 522, 1.57865, 1.13406, 0.35638, 0.17099, -0.94154, 0.25114, 0.80, 0.80, 0.80, 1.00, 0.47895, 0.49995
1644, 523, 1.56078, 0.99462, -0.16288, 0.17134, -0.94147, 0.25117, 0.80, 0.80, 0.80, 1.00, 0.3972, 0.51328
1645, 521, 1.85487, 1.05593, -0.13268, 0.17067, -0.9416, 0.25116, 0.80, 0.80, 0.80, 1.00, 0.3972, 0.44864
1646, 522, 1.57865, 1.13406, 0.35638, 0.17099, -0.94154, 0.25114, 0.80, 0.80, 0.80, 1.00, 0.47895, 0.49995
1647, 524, 0.77805, 1.23633, 0.19036, -0.17815, -0.95365, 0.20078, 0.80, 0.80, 0.80, 1.00, 0.47606, 0.58889
1648, 523, 1.56078, 0.99462, -0.16288, 0.17134, -0.94147, 0.25117, 0.80, 0.80, 0.80, 1.00, 0.3972, 0.51328
1649, 522, 1.57865, 1.13406, 0.35638, 0.17099, -0.94154, 0.25114, 0.80, 0.80, 0.80, 1.00, 0.47895, 0.49995
1650, 523, 1.56078, 0.99462, -0.16288, 0.17134, -0.94147, 0.25117, 0.80, 0.80, 0.80, 1.00, 0.3972, 0.51328
1651, 524, 0.77805, 1.23633, 0.19036, -0.17815, -0.95365, 0.20078, 0.80, 0.80, 0.80, 1.00, 0.47606, 0.58889
1652, 525, 0.83739, 1.14342, -0.20496, -0.17847, -0.95359, 0.20078, 0.80, 0.80, 0.80, 1.00, 0.41264, 0.58889
1653, 526, 0.68358, 1.22516, 0.05079, -0.17882, -0.95354, 0.20071, 0.80, 0.80, 0.80, 1.00, 0.45706, 0.60475
1654, 525, 0.83739, 1.14342, -0.20496, -0.17847, -0.95359, 0.20078, 0.80, 0.80, 0.80, 1.00, 0.41264, 0.58889
1655, 524, 0.77805, 1.23633, 0.19036, -0.17815, -0.95365, 0.20078, 0.80, 0.80, 0.80, 1.00, 0.47606, 0.58889
1656, 527, 0.71153, 1.1814, -0.13541, -0.17882, -0.95354, 0.20071, 0.80, 0.80, 0.80, 1.00, 0.42718, 0.60475
1657, 525, 0.83739, 1.14342, -0.20496, -0.17847, -0.95359, 0.20078, 0.80, 0.80, 0.80, 1.00, 0.41264, 0.58889
1658, 526, 0.68358, 1.22516, 0.05079, -0.17882, -0.95354, 0.20071, 0.80, 0.80, 0.80, 1.00, 0.45706, 0.60475
1659, 528, 0.99519, 1.72208, 0.08763, 0.06696, 0.60589, 0.78814, 0.80, 0.80, 0.80, 1.00, 0.66336, 0.47671
1660, 529, 1.28705, 1.50007, 0.18735, 0.07285, 0.45024, 0.88754, 0.80, 0.80, 0.80, 1.00, 0.613, 0.50877
1661, 530, 1.1814, 1.62392, 0.10185, 0.32155, 0.70037, 0.62803, 0.80, 0.80, 0.80, 1.00, 0.63352, 0.488
1662, 531, 1.01388, 1.61053, 0.16139, -0.16701, 0.38411, 0.90615, 0.80, 0.80, 0.80, 1.00, 0.65619, 0.49774
1663, 529, 1.28705, 1.50007, 0.18735, 0.07285, 0.45024, 0.88754, 0.80, 0.80, 0.80, 1.00, 0.613, 0.50877
1664, 528, 0.99519, 1.72208, 0.08763, 0.06696, 0.60589, 0.78814, 0.80, 0.80, 0.80, 1.00, 0.66336, 0.47671
1665, 532, 1.1814, 1.62392, 0.10185, 0.69462, 0.68539, 0.17013, 0.80, 0.80, 0.80, 1.00, 0.6264, 0.43644
1666, 533, 1.3517, 1.47218, 0.01579, 0.59663, 0.79035, 0.01203, 0.80, 0.80, 0.80, 1.00, 0.60121, 0.46273
1667, 534, 1.22744, 1.6099, -0.01987, 0.75398, 0.64198, -0.00379, 0.80, 0.80, 0.80, 1.00, 0.62276, 0.45986
1668, 535, 1.28705, 1.50007, 0.18735, 0.56194, 0.81147, 0.08151, 0.80, 0.80, 0.80, 1.00, 0.60648, 0.4294
1669, 533, 1.3517, 1.47218, 0.01579, 0.59663, 0.79035, 0.01203, 0.80, 0.80, 0.80, 1.00, 0.60121, 0.46273
1670, 532, 1.1814, 1.62392, 0.10185, 0.69462, 0.68539, 0.17013, 0.80, 0.80, 0.80, 1.00, 0.6264, 0.43644
1671, 536, 1.19889, 1.63504, -0.14535, 0.30577, 0.29943, -0.90157, 0.80, 0.80, 0.80, 1.00, 0.63415, 0.48306
1672, 537, 1.07073, 1.51931, -0.2288, -0.04767, 0.22787, -0.97157, 0.80, 0.80, 0.80, 1.00, 0.65226, 0.50274
1673, 538, 1.03641, 1.65609, -0.19478, -0.28938, 0.17269, -0.9398, 0.80, 0.80, 0.80, 1.00, 0.65918, 0.48292
1674, 539, 1.30611, 1.48891, -0.15853, 0.30079, 0.28506, -0.908, 0.80, 0.80, 0.80, 1.00, 0.61603, 0.50288
1675, 537, 1.07073, 1.51931, -0.2288, -0.04767, 0.22787, -0.97157, 0.80, 0.80, 0.80, 1.00, 0.65226, 0.50274
1676, 536, 1.19889, 1.63504, -0.14535, 0.30577, 0.29943, -0.90157, 0.80, 0.80, 0.80, 1.00, 0.63415, 0.48306
1677, 534, 1.22744, 1.6099, -0.01987, 0.75398, 0.64198, -0.00379, 0.80, 0.80, 0.80, 1.00, 0.62276, 0.45986
1678, 540, 1.30611, 1.48891, -0.15853, 0.68644, 0.70903, -0.08312, 0.80, 0.80, 0.80, 1.00, 0.61265, 0.49168
1679, 541, 1.19889, 1.63504, -0.14535, 0.79391, 0.58847, -0.06417, 0.80, 0.80, 0.80, 1.00, 0.63066, 0.48026
1680, 533, 1.3517, 1.47218, 0.01579, 0.59663, 0.79035, 0.01203, 0.80, 0.80, 0.80, 1.00, 0.60121, 0.46273
1681, 540, 1.30611, 1.48891, -0.15853, 0.68644, 0.70903, -0.08312, 0.80, 0.80, 0.80, 1.00, 0.61265, 0.49168
1682, 534, 1.22744, 1.6099, -0.01987, 0.75398, 0.64198, -0.00379, 0.80, 0.80, 0.80, 1.00, 0.62276, 0.45986
1683, 538, 1.03641, 1.65609, -0.19478, -0.28938, 0.17269, -0.9398, 0.80, 0.80, 0.80, 1.00, 0.65918, 0.48292
1684, 542, 0.84345, 1.60054, -0.07049, -0.5089, 0.19539, -0.8342, 0.80, 0.80, 0.80, 1.00, 0.68234, 0.5018
1685, 543, 0.87871, 1.71546, -0.0793, -0.55085, 0.10692, -0.82333, 0.80, 0.80, 0.80, 1.00, 0.67997, 0.48197
1686, 537, 1.07073, 1.51931, -0.2288, -0.04767, 0.22787, -0.97157, 0.80, 0.80, 0.80, 1.00, 0.65226, 0.50274
1687, 542, 0.84345, 1.60054, -0.07049, -0.5089, 0.19539, -0.8342, 0.80, 0.80, 0.80, 1.00, 0.68234, 0.5018
1688, 538, 1.03641, 1.65609, -0.19478, -0.28938, 0.17269, -0.9398, 0.80, 0.80, 0.80, 1.00, 0.65918, 0.48292
1689, 544, 0.86623, 1.74142, 0.0319, -0.27265, 0.49195, 0.82317, 0.80, 0.80, 0.80, 1.00, 0.68422, 0.47557
1690, 531, 1.01388, 1.61053, 0.16139, -0.16701, 0.38411, 0.90615, 0.80, 0.80, 0.80, 1.00, 0.65619, 0.49774
1691, 528, 0.99519, 1.72208, 0.08763, 0.06696, 0.60589, 0.78814, 0.80, 0.80, 0.80, 1.00, 0.66336, 0.47671
1692, 545, 0.82643, 1.63615, 0.08324, -0.30517, 0.37781, 0.87155, 0.80, 0.80, 0.80, 1.00, 0.68637, 0.49661
1693, 531, 1.01388, 1.61053, 0.16139, -0.16701, 0.38411, 0.90615, 0.80, 0.80, 0.80, 1.00, 0.65619, 0.49774
1694, 544, 0.86623, 1.74142, 0.0319, -0.27265, 0.49195, 0.82317, 0.80, 0.80, 0.80, 1.00, 0.68422, 0.47557
1695, 546, 0.87871, 1.71546, -0.0793, -0.93646, 0.27321, -0.17058, 0.80, 0.80, 0.80, 1.00, 0.72368, 0.47984
1696, 547, 0.82643, 1.63615, 0.08324, -0.94141, 0.30646, 0.0146, 0.80, 0.80, 0.80, 1.00, 0.70022, 0.49868
1697, 548, 0.86623, 1.74142, 0.0319, -0.9367, 0.27196, -0.17128, 0.80, 0.80, 0.80, 1.00, 0.70521, 0.47975
1698, 549, 0.84345, 1.60054, -0.07049, -0.89796, 0.36704, -0.19959, 0.80, 0.80, 0.80, 1.00, 0.72573, 0.49878
1699, 547, 0.82643, 1.63615, 0.08324, -0.94141, 0.30646, 0.0146, 0.80, 0.80, 0.80, 1.00, 0.70022, 0.49868
1700, 546, 0.87871, 1.71546, -0.0793, -0.93646, 0.27321, -0.17058, 0.80, 0.80, 0.80, 1.00, 0.72368, 0.47984
1701, 550, 1.76304, 1.26946, 0.3355, 0.0192, 0.495, 0.86569, 0.80, 0.80, 0.80, 1.00, 0.52788, 0.55185
1702, 551, 1.96956, 1.18651, 0.32142, 0.19999, 0.34976, 0.91306, 0.80, 0.80, 0.80, 1.00, 0.50024, 0.57157
1703, 552, 1.9548, 1.32352, 0.27532, 0.09302, 0.5599, 0.81912, 0.80, 0.80, 0.80, 1.00, 0.4989, 0.54593
1704, 553, 1.77915, 1.17449, 0.37175, -0.01955, 0.34452, 0.93718, 0.80, 0.80, 0.80, 1.00, 0.52788, 0.57
1705, 551, 1.96956, 1.18651, 0.32142, 0.19999, 0.34976, 0.91306, 0.80, 0.80, 0.80, 1.00, 0.50024, 0.57157
1706, 550, 1.76304, 1.26946, 0.3355, 0.0192, 0.495, 0.86569, 0.80, 0.80, 0.80, 1.00, 0.52788, 0.55185
1707, 553, 1.77915, 1.17449, 0.37175, -0.01955, 0.34452, 0.93718, 0.80, 0.80, 0.80, 1.00, 0.52788, 0.57
1708, 550, 1.76304, 1.26946, 0.3355, 0.0192, 0.495, 0.86569, 0.80, 0.80, 0.80, 1.00, 0.52788, 0.55185
1709, 554, 1.56983, 1.23824, 0.31903, -0.1373, 0.41313, 0.89812, 0.80, 0.80, 0.80, 1.00, 0.58286, 0.55047
1710, 553, 1.77915, 1.17449, 0.37175, -0.01955, 0.34452, 0.93718, 0.80, 0.80, 0.80, 1.00, 0.52788, 0.57
1711, 554, 1.56983, 1.23824, 0.31903, -0.1373, 0.41313, 0.89812, 0.80, 0.80, 0.80, 1.00, 0.58286, 0.55047
1712, 555, 1.57865, 1.13406, 0.35638, -0.16331, 0.30446, 0.9371, 0.80, 0.80, 0.80, 1.00, 0.5842, 0.57
1713, 555, 1.57865, 1.13406, 0.35638, -0.16331, 0.30446, 0.9371, 0.80, 0.80, 0.80, 1.00, 0.5842, 0.57
1714, 554, 1.56983, 1.23824, 0.31903, -0.1373, 0.41313, 0.89812, 0.80, 0.80, 0.80, 1.00, 0.58286, 0.55047
1715, 556, 0.81745, 1.34459, 0.16296, -0.17201, 0.24684, 0.95265, 0.80, 0.80, 0.80, 1.00, 0.67917, 0.54944
1716, 555, 1.57865, 1.13406, 0.35638, -0.16331, 0.30446, 0.9371, 0.80, 0.80, 0.80, 1.00, 0.5842, 0.57
1717, 556, 0.81745, 1.34459, 0.16296, -0.17201, 0.24684, 0.95265, 0.80, 0.80, 0.80, 1.00, 0.67917, 0.54944
1718, 557, 0.77805, 1.23633, 0.19036, -0.15445, 0.29066, 0.94308, 0.80, 0.80, 0.80, 1.00, 0.68185, 0.57014
1719, 558, 0.77805, 1.23633, 0.19036, -0.75281, 0.34681, 0.54744, 0.80, 0.80, 0.80, 1.00, 0.69837, 0.57075
1720, 559, 0.81745, 1.34459, 0.16296, -0.74799, 0.29335, 0.58476, 0.80, 0.80, 0.80, 1.00, 0.69902, 0.55084
1721, 560, 0.71049, 1.36145, 0.01479, -0.91093, 0.33608, 0.19648, 0.80, 0.80, 0.80, 1.00, 0.71007, 0.54633
1722, 561, 0.68358, 1.22516, 0.05079, -0.96691, 0.20566, 0.05722, 0.80, 0.80, 0.80, 1.00, 0.70942, 0.57075
1723, 558, 0.77805, 1.23633, 0.19036, -0.75281, 0.34681, 0.54744, 0.80, 0.80, 0.80, 1.00, 0.69837, 0.57075
1724, 560, 0.71049, 1.36145, 0.01479, -0.91093, 0.33608, 0.19648, 0.80, 0.80, 0.80, 1.00, 0.71007, 0.54633
1725, 562, 1.92087, 1.09046, -0.04671, 0.75938, 0.01461, -0.64065, 0.80, 0.80, 0.80, 1.00, 0.51498, 0.57085
1726, 563, 1.83567, 1.15574, -0.14838, 0.42474, 0.18051, -0.88423, 0.80, 0.80, 0.80, 1.00, 0.52674, 0.55375
1727, 564, 1.90302, 1.23229, -0.07225, 0.5338, 0.29552, -0.78676, 0.80, 0.80, 0.80, 1.00, 0.51367, 0.54669
1728, 562, 1.92087, 1.09046, -0.04671, 0.75938, 0.01461, -0.64065, 0.80, 0.80, 0.80, 1.00, 0.51498, 0.57085
1729, 565, 1.85487, 1.05593, -0.13268, 0.36665, -0.07572, -0.9256, 0.80, 0.80, 0.80, 1.00, 0.52674, 0.57085
1730, 563, 1.83567, 1.15574, -0.14838, 0.42474, 0.18051, -0.88423, 0.80, 0.80, 0.80, 1.00, 0.52674, 0.55375
1731, 563, 1.83567, 1.15574, -0.14838, 0.42474, 0.18051, -0.88423, 0.80, 0.80, 0.80, 1.00, 0.52674, 0.55375
1732, 565, 1.85487, 1.05593, -0.13268, 0.36665, -0.07572, -0.9256, 0.80, 0.80, 0.80, 1.00, 0.52674, 0.57085
1733, 566, 1.54887, 1.10364, -0.17967, 0.07744, 0.06192, -0.99457, 0.80, 0.80, 0.80, 1.00, 0.5947, 0.55245
1734, 566, 1.54887, 1.10364, -0.17967, 0.07744, 0.06192, -0.99457, 0.80, 0.80, 0.80, 1.00, 0.5947, 0.55245
1735, 565, 1.85487, 1.05593, -0.13268, 0.36665, -0.07572, -0.9256, 0.80, 0.80, 0.80, 1.00, 0.52674, 0.57085
1736, 567, 1.56078, 0.99462, -0.16288, 0.04095, -0.15356, -0.98682, 0.80, 0.80, 0.80, 1.00, 0.59601, 0.57085
1737, 566, 1.54887, 1.10364, -0.17967, 0.07744, 0.06192, -0.99457, 0.80, 0.80, 0.80, 1.00, 0.5947, 0.55245
1738, 567, 1.56078, 0.99462, -0.16288, 0.04095, -0.15356, -0.98682, 0.80, 0.80, 0.80, 1.00, 0.59601, 0.57085
1739, 568, 0.8747, 1.25496, -0.21841, -0.12215, -0.01749, -0.99186, 0.80, 0.80, 0.80, 1.00, 0.67443, 0.55148
1740, 568, 0.8747, 1.25496, -0.21841, -0.12215, -0.01749, -0.99186, 0.80, 0.80, 0.80, 1.00, 0.67443, 0.55148
1741, 567, 1.56078, 0.99462, -0.16288, 0.04095, -0.15356, -0.98682, 0.80, 0.80, 0.80, 1.00, 0.59601, 0.57085
1742, 569, 0.83739, 1.14342, -0.20496, -0.2905, -0.05308, -0.95408, 0.80, 0.80, 0.80, 1.00, 0.67705, 0.57098
1743, 568, 0.8747, 1.25496, -0.21841, -0.12215, -0.01749, -0.99186, 0.80, 0.80, 0.80, 1.00, 0.67443, 0.55148
1744, 569, 0.83739, 1.14342, -0.20496, -0.2905, -0.05308, -0.95408, 0.80, 0.80, 0.80, 1.00, 0.67705, 0.57098
1745, 570, 0.73635, 1.32096, -0.15746, -0.4056, 0.14525, -0.89983, 0.80, 0.80, 0.80, 1.00, 0.69404, 0.54707
1746, 569, 0.83739, 1.14342, -0.20496, -0.2905, -0.05308, -0.95408, 0.80, 0.80, 0.80, 1.00, 0.67705, 0.57098
1747, 571, 0.71153, 1.1814, -0.13541, -0.48565, -0.04883, -0.86956, 0.80, 0.80, 0.80, 1.00, 0.69404, 0.57098
1748, 570, 0.73635, 1.32096, -0.15746, -0.4056, 0.14525, -0.89983, 0.80, 0.80, 0.80, 1.00, 0.69404, 0.54707
1749, 561, 0.68358, 1.22516, 0.05079, -0.96691, 0.20566, 0.05722, 0.80, 0.80, 0.80, 1.00, 0.70942, 0.57075
1750, 560, 0.71049, 1.36145, 0.01479, -0.91093, 0.33608, 0.19648, 0.80, 0.80, 0.80, 1.00, 0.71007, 0.54633
1751, 572, 0.73635, 1.32096, -0.15746, -0.94185, 0.23257, -0.19927, 0.80, 0.80, 0.80, 1.00, 0.72613, 0.54633
1752, 573, 0.71153, 1.1814, -0.13541, -0.96307, 0.14304, -0.1811, 0.80, 0.80, 0.80, 1.00, 0.72678, 0.57075
1753, 561, 0.68358, 1.22516, 0.05079, -0.96691, 0.20566, 0.05722, 0.80, 0.80, 0.80, 1.00, 0.70942, 0.57075
1754, 572, 0.73635, 1.32096, -0.15746, -0.94185, 0.23257, -0.19927, 0.80, 0.80, 0.80, 1.00, 0.72613, 0.54633
1755, 574, 1.9548, 1.32352, 0.27532, 0.97422, 0.05144, -0.16306, 0.80, 0.80, 0.80, 1.00, 0.55657, 0.50775
1756, 575, 1.96956, 1.18651, 0.32142, 0.97328, 0.07302, -0.16031, 0.80, 0.80, 0.80, 1.00, 0.55825, 0.52848
1757, 576, 1.90302, 1.23229, -0.07225, 0.97328, 0.07302, -0.16031, 0.80, 0.80, 0.80, 1.00, 0.50171, 0.50648
1758, 576, 1.90302, 1.23229, -0.07225, 0.97328, 0.07302, -0.16031, 0.80, 0.80, 0.80, 1.00, 0.50171, 0.50648
1759, 575, 1.96956, 1.18651, 0.32142, 0.97328, 0.07302, -0.16031, 0.80, 0.80, 0.80, 1.00, 0.55825, 0.52848
1760, 577, 1.92087, 1.09046, -0.04671, 0.97187, 0.09457, -0.15748, 0.80, 0.80, 0.80, 1.00, 0.50002, 0.5272
1761, 578, 1.61822, 1.34823, 0.24006, 0.1036, 0.97387, -0.13807, 0.80, 0.80, 0.80, 1.00, 0.55726, 0.43544
1762, 579, 1.9548, 1.32352, 0.27532, 0.15968, 0.94853, -0.23148, 0.80, 0.80, 0.80, 1.00, 0.49574, 0.43934
1763, 580, 1.66759, 1.28003, -0.10756, 0.15423, 0.95867, -0.18879, 0.80, 0.80, 0.80, 1.00, 0.55726, 0.50127
1764, 580, 1.66759, 1.28003, -0.10756, 0.15423, 0.95867, -0.18879, 0.80, 0.80, 0.80, 1.00, 0.55726, 0.50127
1765, 579, 1.9548, 1.32352, 0.27532, 0.15968, 0.94853, -0.23148, 0.80, 0.80, 0.80, 1.00, 0.49574, 0.43934
1766, 581, 1.90302, 1.23229, -0.07225, 0.22827, 0.92099, -0.28095, 0.80, 0.80, 0.80, 1.00, 0.51087, 0.5034
1767, 533, 1.3517, 1.47218, 0.01579, 0.59663, 0.79035, 0.01203, 0.80, 0.80, 0.80, 1.00, 0.60121, 0.46273
1768, 580, 1.66759, 1.28003, -0.10756, 0.15423, 0.95867, -0.18879, 0.80, 0.80, 0.80, 1.00, 0.55726, 0.50127
1769, 540, 1.30611, 1.48891, -0.15853, 0.68644, 0.70903, -0.08312, 0.80, 0.80, 0.80, 1.00, 0.61265, 0.49168
1770, 580, 1.66759, 1.28003, -0.10756, 0.15423, 0.95867, -0.18879, 0.80, 0.80, 0.80, 1.00, 0.55726, 0.50127
1771, 533, 1.3517, 1.47218, 0.01579, 0.59663, 0.79035, 0.01203, 0.80, 0.80, 0.80, 1.00, 0.60121, 0.46273
1772, 578, 1.61822, 1.34823, 0.24006, 0.1036, 0.97387, -0.13807, 0.80, 0.80, 0.80, 1.00, 0.55726, 0.43544
1773, 578, 1.61822, 1.34823, 0.24006, 0.1036, 0.97387, -0.13807, 0.80, 0.80, 0.80, 1.00, 0.55726, 0.43544
1774, 533, 1.3517, 1.47218, 0.01579, 0.59663, 0.79035, 0.01203, 0.80, 0.80, 0.80, 1.00, 0.60121, 0.46273
1775, 535, 1.28705, 1.50007, 0.18735, 0.56194, 0.81147, 0.08151, 0.80, 0.80, 0.80, 1.00, 0.60648, 0.4294
1776, 582, 1.66759, 1.28003, -0.10756, 0.13086, 0.40829, -0.90045, 0.80, 0.80, 0.80, 1.00, 0.56032, 0.53081
1777, 564, 1.90302, 1.23229, -0.07225, 0.5338, 0.29552, -0.78676, 0.80, 0.80, 0.80, 1.00, 0.51367, 0.54669
1778, 563, 1.83567, 1.15574, -0.14838, 0.42474, 0.18051, -0.88423, 0.80, 0.80, 0.80, 1.00, 0.52674, 0.55375
1779, 582, 1.66759, 1.28003, -0.10756, 0.13086, 0.40829, -0.90045, 0.80, 0.80, 0.80, 1.00, 0.56032, 0.53081
1780, 563, 1.83567, 1.15574, -0.14838, 0.42474, 0.18051, -0.88423, 0.80, 0.80, 0.80, 1.00, 0.52674, 0.55375
1781, 566, 1.54887, 1.10364, -0.17967, 0.07744, 0.06192, -0.99457, 0.80, 0.80, 0.80, 1.00, 0.5947, 0.55245
1782, 582, 1.66759, 1.28003, -0.10756, 0.13086, 0.40829, -0.90045, 0.80, 0.80, 0.80, 1.00, 0.56032, 0.53081
1783, 566, 1.54887, 1.10364, -0.17967, 0.07744, 0.06192, -0.99457, 0.80, 0.80, 0.80, 1.00, 0.5947, 0.55245
1784, 539, 1.30611, 1.48891, -0.15853, 0.30079, 0.28506, -0.908, 0.80, 0.80, 0.80, 1.00, 0.61603, 0.50288
1785, 539, 1.30611, 1.48891, -0.15853, 0.30079, 0.28506, -0.908, 0.80, 0.80, 0.80, 1.00, 0.61603, 0.50288
1786, 566, 1.54887, 1.10364, -0.17967, 0.07744, 0.06192, -0.99457, 0.80, 0.80, 0.80, 1.00, 0.5947, 0.55245
1787, 537, 1.07073, 1.51931, -0.2288, -0.04767, 0.22787, -0.97157, 0.80, 0.80, 0.80, 1.00, 0.65226, 0.50274
1788, 537, 1.07073, 1.51931, -0.2288, -0.04767, 0.22787, -0.97157, 0.80, 0.80, 0.80, 1.00, 0.65226, 0.50274
1789, 566, 1.54887, 1.10364, -0.17967, 0.07744, 0.06192, -0.99457, 0.80, 0.80, 0.80, 1.00, 0.5947, 0.55245
1790, 568, 0.8747, 1.25496, -0.21841, -0.12215, -0.01749, -0.99186, 0.80, 0.80, 0.80, 1.00, 0.67443, 0.55148
1791, 583, 1.61822, 1.34823, 0.24006, -0.06935, 0.65299, 0.74823, 0.80, 0.80, 0.80, 1.00, 0.56228, 0.52987
1792, 550, 1.76304, 1.26946, 0.3355, 0.0192, 0.495, 0.86569, 0.80, 0.80, 0.80, 1.00, 0.52788, 0.55185
1793, 552, 1.9548, 1.32352, 0.27532, 0.09302, 0.5599, 0.81912, 0.80, 0.80, 0.80, 1.00, 0.4989, 0.54593
1794, 554, 1.56983, 1.23824, 0.31903, -0.1373, 0.41313, 0.89812, 0.80, 0.80, 0.80, 1.00, 0.58286, 0.55047
1795, 550, 1.76304, 1.26946, 0.3355, 0.0192, 0.495, 0.86569, 0.80, 0.80, 0.80, 1.00, 0.52788, 0.55185
1796, 583, 1.61822, 1.34823, 0.24006, -0.06935, 0.65299, 0.74823, 0.80, 0.80, 0.80, 1.00, 0.56228, 0.52987
1797, 529, 1.28705, 1.50007, 0.18735, 0.07285, 0.45024, 0.88754, 0.80, 0.80, 0.80, 1.00, 0.613, 0.50877
1798, 554, 1.56983, 1.23824, 0.31903, -0.1373, 0.41313, 0.89812, 0.80, 0.80, 0.80, 1.00, 0.58286, 0.55047
1799, 583, 1.61822, 1.34823, 0.24006, -0.06935, 0.65299, 0.74823, 0.80, 0.80, 0.80, 1.00, 0.56228, 0.52987
1800, 556, 0.81745, 1.34459, 0.16296, -0.17201, 0.24684, 0.95265, 0.80, 0.80, 0.80, 1.00, 0.67917, 0.54944
1801, 554, 1.56983, 1.23824, 0.31903, -0.1373, 0.41313, 0.89812, 0.80, 0.80, 0.80, 1.00, 0.58286, 0.55047
1802, 529, 1.28705, 1.50007, 0.18735, 0.07285, 0.45024, 0.88754, 0.80, 0.80, 0.80, 1.00, 0.613, 0.50877
1803, 531, 1.01388, 1.61053, 0.16139, -0.16701, 0.38411, 0.90615, 0.80, 0.80, 0.80, 1.00, 0.65619, 0.49774
1804, 556, 0.81745, 1.34459, 0.16296, -0.17201, 0.24684, 0.95265, 0.80, 0.80, 0.80, 1.00, 0.67917, 0.54944
1805, 529, 1.28705, 1.50007, 0.18735, 0.07285, 0.45024, 0.88754, 0.80, 0.80, 0.80, 1.00, 0.613, 0.50877
1806, 545, 0.82643, 1.63615, 0.08324, -0.30517, 0.37781, 0.87155, 0.80, 0.80, 0.80, 1.00, 0.68637, 0.49661
1807, 556, 0.81745, 1.34459, 0.16296, -0.17201, 0.24684, 0.95265, 0.80, 0.80, 0.80, 1.00, 0.67917, 0.54944
1808, 531, 1.01388, 1.61053, 0.16139, -0.16701, 0.38411, 0.90615, 0.80, 0.80, 0.80, 1.00, 0.65619, 0.49774
1809, 560, 0.71049, 1.36145, 0.01479, -0.91093, 0.33608, 0.19648, 0.80, 0.80, 0.80, 1.00, 0.71007, 0.54633
1810, 559, 0.81745, 1.34459, 0.16296, -0.74799, 0.29335, 0.58476, 0.80, 0.80, 0.80, 1.00, 0.69902, 0.55084
1811, 547, 0.82643, 1.63615, 0.08324, -0.94141, 0.30646, 0.0146, 0.80, 0.80, 0.80, 1.00, 0.70022, 0.49868
1812, 568, 0.8747, 1.25496, -0.21841, -0.12215, -0.01749, -0.99186, 0.80, 0.80, 0.80, 1.00, 0.67443, 0.55148
1813, 570, 0.73635, 1.32096, -0.15746, -0.4056, 0.14525, -0.89983, 0.80, 0.80, 0.80, 1.00, 0.69404, 0.54707
1814, 537, 1.07073, 1.51931, -0.2288, -0.04767, 0.22787, -0.97157, 0.80, 0.80, 0.80, 1.00, 0.65226, 0.50274
1815, 537, 1.07073, 1.51931, -0.2288, -0.04767, 0.22787, -0.97157, 0.80, 0.80, 0.80, 1.00, 0.65226, 0.50274
1816, 570, 0.73635, 1.32096, -0.15746, -0.4056, 0.14525, -0.89983, 0.80, 0.80, 0.80, 1.00, 0.69404, 0.54707
1817, 542, 0.84345, 1.60054, -0.07049, -0.5089, 0.19539, -0.8342, 0.80, 0.80, 0.80, 1.00, 0.68234, 0.5018
1818, 560, 0.71049, 1.36145, 0.01479, -0.91093, 0.33608, 0.19648, 0.80, 0.80, 0.80, 1.00, 0.71007, 0.54633
1819, 549, 0.84345, 1.60054, -0.07049, -0.89796, 0.36704, -0.19959, 0.80, 0.80, 0.80, 1.00, 0.72573, 0.49878
1820, 572, 0.73635, 1.32096, -0.15746, -0.94185, 0.23257, -0.19927, 0.80, 0.80, 0.80, 1.00, 0.72613, 0.54633
1821, 549, 0.84345, 1.60054, -0.07049, -0.89796, 0.36704, -0.19959, 0.80, 0.80, 0.80, 1.00, 0.72573, 0.49878
1822, 560, 0.71049, 1.36145, 0.01479, -0.91093, 0.33608, 0.19648, 0.80, 0.80, 0.80, 1.00, 0.71007, 0.54633
1823, 547, 0.82643, 1.63615, 0.08324, -0.94141, 0.30646, 0.0146, 0.80, 0.80, 0.80, 1.00, 0.70022, 0.49868
1824, 584, 0.93846, 7.90834, 0.6238, 0.72679, -0.50576, 0.46028, 0.80, 0.80, 0.80, 1.00, 0.35388, 0.02254
1825, 585, 0.74695, 7.76415, 0.76805, 0.44467, -0.67335, 0.58747, 0.80, 0.80, 0.80, 1.00, 0.33854, 0.04987
1826, 586, 0.92396, 7.81726, 0.54698, 0.717, -0.53179, 0.44617, 0.80, 0.80, 0.80, 1.00, 0.36012, 0.04638
1827, 587, 1.03249, 8.08732, 0.41351, 0.98668, -0.10377, -0.10542, 0.80, 0.80, 0.80, 1.00, 0.40394, 0.00465
1828, 588, 0.93846, 7.90834, 0.6238, 0.93824, -0.29403, 0.16981, 0.80, 0.80, 0.80, 1.00, 0.3538, 0.02288
1829, 589, 0.92396, 7.81726, 0.54698, 0.92839, -0.34658, 0.11721, 0.80, 0.80, 0.80, 1.00, 0.36004, 0.04671
1830, 266, 0.62169, 7.79895, 0.77311, -0.15186, -0.5683, 0.80603, 0.80, 0.80, 0.80, 1.00, 0.33048, 0.05465
1831, 265, 0.75222, 7.5537, 0.60278, 0.41259, -0.57053, 0.70875, 0.80, 0.80, 0.80, 1.00, 0.32881, 0.12721
1832, 585, 0.74695, 7.76415, 0.76805, 0.44467, -0.67335, 0.58747, 0.80, 0.80, 0.80, 1.00, 0.33854, 0.04987
1833, 585, 0.74695, 7.76415, 0.76805, 0.44467, -0.67335, 0.58747, 0.80, 0.80, 0.80, 1.00, 0.33854, 0.04987
1834, 265, 0.75222, 7.5537, 0.60278, 0.41259, -0.57053, 0.70875, 0.80, 0.80, 0.80, 1.00, 0.32881, 0.12721
1835, 590, 0.9445, 7.68893, 0.28564, 0.89098, -0.43925, 0.106, 0.80, 0.80, 0.80, 1.00, 0.36494, 0.10422
1836, 585, 0.74695, 7.76415, 0.76805, 0.44467, -0.67335, 0.58747, 0.80, 0.80, 0.80, 1.00, 0.33854, 0.04987
1837, 590, 0.9445, 7.68893, 0.28564, 0.89098, -0.43925, 0.106, 0.80, 0.80, 0.80, 1.00, 0.36494, 0.10422
1838, 586, 0.92396, 7.81726, 0.54698, 0.717, -0.53179, 0.44617, 0.80, 0.80, 0.80, 1.00, 0.36012, 0.04638
1839, 587, 1.03249, 8.08732, 0.41351, 0.98668, -0.10377, -0.10542, 0.80, 0.80, 0.80, 1.00, 0.40394, 0.00465
1840, 589, 0.92396, 7.81726, 0.54698, 0.92839, -0.34658, 0.11721, 0.80, 0.80, 0.80, 1.00, 0.36004, 0.04671
1841, 591, 0.85592, 7.92406, 0.02329, 0.60498, 0.26328, -0.74983, 0.80, 0.80, 0.80, 1.00, 0.40507, 0.07599
1842, 591, 0.85592, 7.92406, 0.02329, 0.60498, 0.26328, -0.74983, 0.80, 0.80, 0.80, 1.00, 0.40507, 0.07599
1843, 589, 0.92396, 7.81726, 0.54698, 0.92839, -0.34658, 0.11721, 0.80, 0.80, 0.80, 1.00, 0.36004, 0.04671
1844, 592, 0.9445, 7.68893, 0.28564, 0.91702, -0.08603, -0.38637, 0.80, 0.80, 0.80, 1.00, 0.36486, 0.10456
1845, 587, 1.03249, 8.08732, 0.41351, 0.98668, -0.10377, -0.10542, 0.80, 0.80, 0.80, 1.00, 0.40394, 0.00465
1846, 591, 0.85592, 7.92406, 0.02329, 0.60498, 0.26328, -0.74983, 0.80, 0.80, 0.80, 1.00, 0.40507, 0.07599
1847, 593, 0.92114, 8.21463, 0.33961, 0.57128, 0.46611, -0.67225, 0.80, 0.80, 0.80, 1.00, 0.42678, 0.00025
1848, 593, 0.92114, 8.21463, 0.33961, 0.57128, 0.46611, -0.67225, 0.80, 0.80, 0.80, 1.00, 0.42678, 0.00025
1849, 591, 0.85592, 7.92406, 0.02329, 0.60498, 0.26328, -0.74983, 0.80, 0.80, 0.80, 1.00, 0.40507, 0.07599
1850, 271, 0.49826, 8.0842, 0.13166, -0.39857, 0.59824, -0.69381, 0.80, 0.80, 0.80, 1.00, 0.43519, 0.06053
1851, 593, 0.92114, 8.21463, 0.33961, 0.57128, 0.46611, -0.67225, 0.80, 0.80, 0.80, 1.00, 0.42678, 0.00025
1852, 271, 0.49826, 8.0842, 0.13166, -0.39857, 0.59824, -0.69381, 0.80, 0.80, 0.80, 1.00, 0.43519, 0.06053
1853, 272, 0.78825, 8.29382, 0.33445, 0.22802, 0.69895, -0.675, 0.80, 0.80, 0.80, 1.00, 0.439, -0.00075
1854, 594, 0.95565, 7.93953, 1.04065, 0.39345, -0.67262, 0.62368, 0.80, 0.80, 0.80, 1.00, 0.4328, 0.34516
1855, 273, 0.62074, 7.74018, 0.96966, -0.31065, -0.82316, 0.47203, 0.80, 0.80, 0.80, 1.00, 0.39733, 0.41452
1856, 595, 0.77954, 7.72575, 0.86972, 0.25194, -0.96711, -0.01838, 0.80, 0.80, 0.80, 1.00, 0.42681, 0.41326
1857, 594, 0.95565, 7.93953, 1.04065, 0.39345, -0.67262, 0.62368, 0.80, 0.80, 0.80, 1.00, 0.4328, 0.34516
1858, 276, 0.73375, 7.93976, 1.14422, -0.19342, -0.64115, 0.73988, 0.80, 0.80, 0.80, 1.00, 0.39649, 0.35562
1859, 273, 0.62074, 7.74018, 0.96966, -0.31065, -0.82316, 0.47203, 0.80, 0.80, 0.80, 1.00, 0.39733, 0.41452
1860, 594, 0.95565, 7.93953, 1.04065, 0.39345, -0.67262, 0.62368, 0.80, 0.80, 0.80, 1.00, 0.4328, 0.34516
1861, 277, 0.76029, 7.98353, 1.19596, -0.1112, -0.49389, 0.85981, 0.80, 0.80, 0.80, 1.00, 0.39738, 0.33798
1862, 276, 0.73375, 7.93976, 1.14422, -0.19342, -0.64115, 0.73988, 0.80, 0.80, 0.80, 1.00, 0.39649, 0.35562
1863, 278, 0.8026, 8.07058, 1.21861, -0.01175, -0.30035, 0.9514, 0.80, 0.80, 0.80, 1.00, 0.39649, 0.31324
1864, 277, 0.76029, 7.98353, 1.19596, -0.1112, -0.49389, 0.85981, 0.80, 0.80, 0.80, 1.00, 0.39738, 0.33798
1865, 594, 0.95565, 7.93953, 1.04065, 0.39345, -0.67262, 0.62368, 0.80, 0.80, 0.80, 1.00, 0.4328, 0.34516
1866, 278, 0.8026, 8.07058, 1.21861, -0.01175, -0.30035, 0.9514, 0.80, 0.80, 0.80, 1.00, 0.39649, 0.31324
1867, 594, 0.95565, 7.93953, 1.04065, 0.39345, -0.67262, 0.62368, 0.80, 0.80, 0.80, 1.00, 0.4328, 0.34516
1868, 596, 1.02276, 8.05323, 1.07859, 0.43332, -0.50497, 0.74356, 0.80, 0.80, 0.80, 1.00, 0.43423, 0.31062
1869, 597, 1.13914, 8.395, 1.19847, 0.62269, -0.34112, 0.70095, 0.80, 0.80, 0.80, 1.00, 0.42726, 0.21528
1870, 280, 0.97091, 8.41112, 1.32858, 0.00773, -0.26065, 0.96309, 0.80, 0.80, 0.80, 1.00, 0.39567, 0.21373
1871, 598, 1.04936, 8.17982, 1.17365, 0.55265, -0.398, 0.72915, 0.80, 0.80, 0.80, 1.00, 0.42919, 0.25769
1872, 283, 0.8778, 8.2286, 1.24738, -0.05294, -0.38241, 0.92003, 0.80, 0.80, 0.80, 1.00, 0.39649, 0.25639
1873, 598, 1.04936, 8.17982, 1.17365, 0.55265, -0.398, 0.72915, 0.80, 0.80, 0.80, 1.00, 0.42919, 0.25769
1874, 280, 0.97091, 8.41112, 1.32858, 0.00773, -0.26065, 0.96309, 0.80, 0.80, 0.80, 1.00, 0.39567, 0.21373
1875, 285, 1.05369, 8.6009, 1.3053, 0.29633, 0.40658, 0.86272, 0.80, 0.80, 0.80, 1.00, 0.42794, 0.21506
1876, 284, 0.97091, 8.41112, 1.32858, 0.14603, 0.03846, 0.98656, 0.80, 0.80, 0.80, 1.00, 0.39618, 0.21377
1877, 599, 1.20489, 8.52173, 1.18073, 0.74564, -0.1086, 0.65392, 0.80, 0.80, 0.80, 1.00, 0.44333, 0.18059
1878, 599, 1.20489, 8.52173, 1.18073, 0.74564, -0.1086, 0.65392, 0.80, 0.80, 0.80, 1.00, 0.44333, 0.18059
1879, 284, 0.97091, 8.41112, 1.32858, 0.14603, 0.03846, 0.98656, 0.80, 0.80, 0.80, 1.00, 0.39618, 0.21377
1880, 600, 1.13914, 8.395, 1.19847, 0.65463, -0.2398, 0.71367, 0.80, 0.80, 0.80, 1.00, 0.42484, 0.18234
1881, 273, 0.62074, 7.74018, 0.96966, -0.31065, -0.82316, 0.47203, 0.80, 0.80, 0.80, 1.00, 0.39733, 0.41452
1882, 288, 0.62169, 7.79895, 0.77311, -0.42552, -0.86768, -0.25455, 0.80, 0.80, 0.80, 1.00, 0.39905, 0.42646
1883, 595, 0.77954, 7.72575, 0.86972, 0.25194, -0.96711, -0.01838, 0.80, 0.80, 0.80, 1.00, 0.42681, 0.41326
1884, 595, 0.77954, 7.72575, 0.86972, 0.25194, -0.96711, -0.01838, 0.80, 0.80, 0.80, 1.00, 0.42681, 0.41326
1885, 288, 0.62169, 7.79895, 0.77311, -0.42552, -0.86768, -0.25455, 0.80, 0.80, 0.80, 1.00, 0.39905, 0.42646
1886, 601, 0.74695, 7.76415, 0.76805, 0.02735, -0.93214, -0.36074, 0.80, 0.80, 0.80, 1.00, 0.41852, 0.42068
1887, 595, 0.77954, 7.72575, 0.86972, 0.25194, -0.96711, -0.01838, 0.80, 0.80, 0.80, 1.00, 0.42681, 0.41326
1888, 601, 0.74695, 7.76415, 0.76805, 0.02735, -0.93214, -0.36074, 0.80, 0.80, 0.80, 1.00, 0.41852, 0.42068
1889, 602, 0.93846, 7.90834, 0.6238, 0.50157, -0.81731, -0.28153, 0.80, 0.80, 0.80, 1.00, 0.48682, 0.40128
1890, 597, 1.13914, 8.395, 1.19847, 0.62269, -0.34112, 0.70095, 0.80, 0.80, 0.80, 1.00, 0.42726, 0.21528
1891, 598, 1.04936, 8.17982, 1.17365, 0.55265, -0.398, 0.72915, 0.80, 0.80, 0.80, 1.00, 0.42919, 0.25769
1892, 603, 1.23209, 8.35695, 1.07712, 0.68727, -0.37137, 0.62066, 0.80, 0.80, 0.80, 1.00, 0.45139, 0.227
1893, 603, 1.23209, 8.35695, 1.07712, 0.68727, -0.37137, 0.62066, 0.80, 0.80, 0.80, 1.00, 0.45139, 0.227
1894, 598, 1.04936, 8.17982, 1.17365, 0.55265, -0.398, 0.72915, 0.80, 0.80, 0.80, 1.00, 0.42919, 0.25769
1895, 604, 1.12025, 8.1296, 1.06105, 0.69249, -0.38434, 0.60683, 0.80, 0.80, 0.80, 1.00, 0.44396, 0.28677
1896, 605, 1.12025, 8.1296, 1.06105, 0.81436, -0.44015, 0.37263, 0.80, 0.80, 0.80, 1.00, 0.44418, 0.28677
1897, 606, 1.02276, 8.05323, 1.07859, 0.55277, -0.54905, 0.62356, 0.80, 0.80, 0.80, 1.00, 0.43445, 0.31062
1898, 607, 1.11757, 8.03946, 0.98252, 0.75108, -0.57506, 0.3185, 0.80, 0.80, 0.80, 1.00, 0.45208, 0.31432
1899, 606, 1.02276, 8.05323, 1.07859, 0.55277, -0.54905, 0.62356, 0.80, 0.80, 0.80, 1.00, 0.43445, 0.31062
1900, 608, 0.95565, 7.93953, 1.04065, 0.57241, -0.61638, 0.53716, 0.80, 0.80, 0.80, 1.00, 0.43301, 0.34516
1901, 607, 1.11757, 8.03946, 0.98252, 0.75108, -0.57506, 0.3185, 0.80, 0.80, 0.80, 1.00, 0.45208, 0.31432
1902, 607, 1.11757, 8.03946, 0.98252, 0.75108, -0.57506, 0.3185, 0.80, 0.80, 0.80, 1.00, 0.45208, 0.31432
1903, 608, 0.95565, 7.93953, 1.04065, 0.57241, -0.61638, 0.53716, 0.80, 0.80, 0.80, 1.00, 0.43301, 0.34516
1904, 609, 1.03138, 7.93807, 0.9388, 0.71094, -0.70024, 0.03947, 0.80, 0.80, 0.80, 1.00, 0.44661, 0.34908
1905, 594, 0.95565, 7.93953, 1.04065, 0.39345, -0.67262, 0.62368, 0.80, 0.80, 0.80, 1.00, 0.4328, 0.34516
1906, 595, 0.77954, 7.72575, 0.86972, 0.25194, -0.96711, -0.01838, 0.80, 0.80, 0.80, 1.00, 0.42681, 0.41326
1907, 610, 1.03138, 7.93807, 0.9388, 0.61263, -0.77595, 0.14182, 0.80, 0.80, 0.80, 1.00, 0.44639, 0.34908
1908, 610, 1.03138, 7.93807, 0.9388, 0.61263, -0.77595, 0.14182, 0.80, 0.80, 0.80, 1.00, 0.44639, 0.34908
1909, 595, 0.77954, 7.72575, 0.86972, 0.25194, -0.96711, -0.01838, 0.80, 0.80, 0.80, 1.00, 0.42681, 0.41326
1910, 602, 0.93846, 7.90834, 0.6238, 0.50157, -0.81731, -0.28153, 0.80, 0.80, 0.80, 1.00, 0.48682, 0.40128
1911, 607, 1.11757, 8.03946, 0.98252, 0.75108, -0.57506, 0.3185, 0.80, 0.80, 0.80, 1.00, 0.45208, 0.31432
1912, 609, 1.03138, 7.93807, 0.9388, 0.71094, -0.70024, 0.03947, 0.80, 0.80, 0.80, 1.00, 0.44661, 0.34908
1913, 611, 1.17597, 8.15783, 0.71845, 0.8042, -0.57412, -0.14386, 0.80, 0.80, 0.80, 1.00, 0.51159, 0.31455
1914, 612, 1.02849, 7.97725, 0.61304, 0.71734, -0.65823, -0.22322, 0.80, 0.80, 0.80, 1.00, 0.51356, 0.37896
1915, 609, 1.03138, 7.93807, 0.9388, 0.71094, -0.70024, 0.03947, 0.80, 0.80, 0.80, 1.00, 0.44661, 0.34908
1916, 613, 0.93846, 7.90834, 0.6238, 0.56619, -0.78275, -0.25547, 0.80, 0.80, 0.80, 1.00, 0.48703, 0.40128
1917, 609, 1.03138, 7.93807, 0.9388, 0.71094, -0.70024, 0.03947, 0.80, 0.80, 0.80, 1.00, 0.44661, 0.34908
1918, 612, 1.02849, 7.97725, 0.61304, 0.71734, -0.65823, -0.22322, 0.80, 0.80, 0.80, 1.00, 0.51356, 0.37896
1919, 611, 1.17597, 8.15783, 0.71845, 0.8042, -0.57412, -0.14386, 0.80, 0.80, 0.80, 1.00, 0.51159, 0.31455
1920, 605, 1.12025, 8.1296, 1.06105, 0.81436, -0.44015, 0.37263, 0.80, 0.80, 0.80, 1.00, 0.44418, 0.28677
1921, 607, 1.11757, 8.03946, 0.98252, 0.75108, -0.57506, 0.3185, 0.80, 0.80, 0.80, 1.00, 0.45208, 0.31432
1922, 614, 1.23566, 8.23963, 0.77553, 0.89848, -0.43102, 0.05533, 0.80, 0.80, 0.80, 1.00, 0.50903, 0.28505
1923, 614, 1.23566, 8.23963, 0.77553, 0.89848, -0.43102, 0.05533, 0.80, 0.80, 0.80, 1.00, 0.50903, 0.28505
1924, 607, 1.11757, 8.03946, 0.98252, 0.75108, -0.57506, 0.3185, 0.80, 0.80, 0.80, 1.00, 0.45208, 0.31432
1925, 611, 1.17597, 8.15783, 0.71845, 0.8042, -0.57412, -0.14386, 0.80, 0.80, 0.80, 1.00, 0.51159, 0.31455
1926, 605, 1.12025, 8.1296, 1.06105, 0.81436, -0.44015, 0.37263, 0.80, 0.80, 0.80, 1.00, 0.44418, 0.28677
1927, 614, 1.23566, 8.23963, 0.77553, 0.89848, -0.43102, 0.05533, 0.80, 0.80, 0.80, 1.00, 0.50903, 0.28505
1928, 615, 1.23209, 8.35695, 1.07712, 0.86325, -0.46369, 0.1893, 0.80, 0.80, 0.80, 1.00, 0.45161, 0.227
1929, 615, 1.23209, 8.35695, 1.07712, 0.86325, -0.46369, 0.1893, 0.80, 0.80, 0.80, 1.00, 0.45161, 0.227
1930, 614, 1.23566, 8.23963, 0.77553, 0.89848, -0.43102, 0.05533, 0.80, 0.80, 0.80, 1.00, 0.50903, 0.28505
1931, 616, 1.3144, 8.42063, 0.87675, 0.90131, -0.42506, 0.05515, 0.80, 0.80, 0.80, 1.00, 0.50946, 0.22644
1932, 600, 1.13914, 8.395, 1.19847, 0.65463, -0.2398, 0.71367, 0.80, 0.80, 0.80, 1.00, 0.42484, 0.18234
1933, 617, 1.23209, 8.35695, 1.07712, 0.85856, -0.19797, 0.46799, 0.80, 0.80, 0.80, 1.00, 0.44778, 0.16183
1934, 599, 1.20489, 8.52173, 1.18073, 0.74564, -0.1086, 0.65392, 0.80, 0.80, 0.80, 1.00, 0.44333, 0.18059
1935, 599, 1.20489, 8.52173, 1.18073, 0.74564, -0.1086, 0.65392, 0.80, 0.80, 0.80, 1.00, 0.44333, 0.18059
1936, 617, 1.23209, 8.35695, 1.07712, 0.85856, -0.19797, 0.46799, 0.80, 0.80, 0.80, 1.00, 0.44778, 0.16183
1937, 618, 1.31334, 8.57268, 0.96618, 0.94509, 0.06123, 0.31369, 0.80, 0.80, 0.80, 1.00, 0.49524, 0.16213
1938, 618, 1.31334, 8.57268, 0.96618, 0.94509, 0.06123, 0.31369, 0.80, 0.80, 0.80, 1.00, 0.49524, 0.16213
1939, 617, 1.23209, 8.35695, 1.07712, 0.85856, -0.19797, 0.46799, 0.80, 0.80, 0.80, 1.00, 0.44778, 0.16183
1940, 619, 1.3144, 8.42063, 0.87675, 0.97809, -0.08935, 0.17507, 0.80, 0.80, 0.80, 1.00, 0.49757, 0.14886
1941, 308, 1.09265, 8.73581, 1.13624, 0.40384, 0.73734, 0.54023, 0.80, 0.80, 0.80, 1.00, 0.45335, 0.2274
1942, 285, 1.05369, 8.6009, 1.3053, 0.29633, 0.40658, 0.86272, 0.80, 0.80, 0.80, 1.00, 0.42794, 0.21506
1943, 620, 1.23736, 8.64134, 1.12512, 0.71895, 0.46389, 0.5145, 0.80, 0.80, 0.80, 1.00, 0.46816, 0.18293
1944, 620, 1.23736, 8.64134, 1.12512, 0.71895, 0.46389, 0.5145, 0.80, 0.80, 0.80, 1.00, 0.46816, 0.18293
1945, 285, 1.05369, 8.6009, 1.3053, 0.29633, 0.40658, 0.86272, 0.80, 0.80, 0.80, 1.00, 0.42794, 0.21506
1946, 599, 1.20489, 8.52173, 1.18073, 0.74564, -0.1086, 0.65392, 0.80, 0.80, 0.80, 1.00, 0.44333, 0.18059
1947, 620, 1.23736, 8.64134, 1.12512, 0.71895, 0.46389, 0.5145, 0.80, 0.80, 0.80, 1.00, 0.46816, 0.18293
1948, 599, 1.20489, 8.52173, 1.18073, 0.74564, -0.1086, 0.65392, 0.80, 0.80, 0.80, 1.00, 0.44333, 0.18059
1949, 618, 1.31334, 8.57268, 0.96618, 0.94509, 0.06123, 0.31369, 0.80, 0.80, 0.80, 1.00, 0.49524, 0.16213
1950, 310, 1.1225, 8.88675, 0.84176, 0.42547, 0.86407, 0.26664, 0.80, 0.80, 0.80, 1.00, 0.55016, 0.22415
1951, 620, 1.23736, 8.64134, 1.12512, 0.71895, 0.46389, 0.5145, 0.80, 0.80, 0.80, 1.00, 0.46816, 0.18293
1952, 621, 1.27406, 8.78508, 0.80498, 0.75216, 0.654, 0.05812, 0.80, 0.80, 0.80, 1.00, 0.55016, 0.18074
1953, 308, 1.09265, 8.73581, 1.13624, 0.40384, 0.73734, 0.54023, 0.80, 0.80, 0.80, 1.00, 0.45335, 0.2274
1954, 620, 1.23736, 8.64134, 1.12512, 0.71895, 0.46389, 0.5145, 0.80, 0.80, 0.80, 1.00, 0.46816, 0.18293
1955, 310, 1.1225, 8.88675, 0.84176, 0.42547, 0.86407, 0.26664, 0.80, 0.80, 0.80, 1.00, 0.55016, 0.22415
1956, 620, 1.23736, 8.64134, 1.12512, 0.71895, 0.46389, 0.5145, 0.80, 0.80, 0.80, 1.00, 0.46816, 0.18293
1957, 618, 1.31334, 8.57268, 0.96618, 0.94509, 0.06123, 0.31369, 0.80, 0.80, 0.80, 1.00, 0.49524, 0.16213
1958, 621, 1.27406, 8.78508, 0.80498, 0.75216, 0.654, 0.05812, 0.80, 0.80, 0.80, 1.00, 0.55016, 0.18074
1959, 621, 1.27406, 8.78508, 0.80498, 0.75216, 0.654, 0.05812, 0.80, 0.80, 0.80, 1.00, 0.55016, 0.18074
1960, 618, 1.31334, 8.57268, 0.96618, 0.94509, 0.06123, 0.31369, 0.80, 0.80, 0.80, 1.00, 0.49524, 0.16213
1961, 622, 1.33766, 8.6742, 0.74906, 0.9349, 0.28722, -0.19715, 0.80, 0.80, 0.80, 1.00, 0.55127, 0.16103
1962, 622, 1.33766, 8.6742, 0.74906, 0.9349, 0.28722, -0.19715, 0.80, 0.80, 0.80, 1.00, 0.55127, 0.16103
1963, 618, 1.31334, 8.57268, 0.96618, 0.94509, 0.06123, 0.31369, 0.80, 0.80, 0.80, 1.00, 0.49524, 0.16213
1964, 619, 1.3144, 8.42063, 0.87675, 0.97809, -0.08935, 0.17507, 0.80, 0.80, 0.80, 1.00, 0.49757, 0.14886
1965, 622, 1.33766, 8.6742, 0.74906, 0.9349, 0.28722, -0.19715, 0.80, 0.80, 0.80, 1.00, 0.55127, 0.16103
1966, 619, 1.3144, 8.42063, 0.87675, 0.97809, -0.08935, 0.17507, 0.80, 0.80, 0.80, 1.00, 0.49757, 0.14886
1967, 623, 1.34042, 8.53702, 0.67875, 0.94124, 0.16568, -0.28622, 0.80, 0.80, 0.80, 1.00, 0.55127, 0.14899
1968, 616, 1.3144, 8.42063, 0.87675, 0.90131, -0.42506, 0.05515, 0.80, 0.80, 0.80, 1.00, 0.50946, 0.22644
1969, 614, 1.23566, 8.23963, 0.77553, 0.89848, -0.43102, 0.05533, 0.80, 0.80, 0.80, 1.00, 0.50903, 0.28505
1970, 624, 1.34042, 8.53702, 0.67875, 0.93213, -0.18607, -0.3038, 0.80, 0.80, 0.80, 1.00, 0.55034, 0.22487
1971, 624, 1.34042, 8.53702, 0.67875, 0.93213, -0.18607, -0.3038, 0.80, 0.80, 0.80, 1.00, 0.55034, 0.22487
1972, 614, 1.23566, 8.23963, 0.77553, 0.89848, -0.43102, 0.05533, 0.80, 0.80, 0.80, 1.00, 0.50903, 0.28505
1973, 625, 1.27635, 8.35054, 0.57621, 0.84582, -0.21249, -0.48532, 0.80, 0.80, 0.80, 1.00, 0.54659, 0.28123
1974, 614, 1.23566, 8.23963, 0.77553, 0.89848, -0.43102, 0.05533, 0.80, 0.80, 0.80, 1.00, 0.50903, 0.28505
1975, 611, 1.17597, 8.15783, 0.71845, 0.8042, -0.57412, -0.14386, 0.80, 0.80, 0.80, 1.00, 0.51159, 0.31455
1976, 625, 1.27635, 8.35054, 0.57621, 0.84582, -0.21249, -0.48532, 0.80, 0.80, 0.80, 1.00, 0.54659, 0.28123
1977, 625, 1.27635, 8.35054, 0.57621, 0.84582, -0.21249, -0.48532, 0.80, 0.80, 0.80, 1.00, 0.54659, 0.28123
1978, 611, 1.17597, 8.15783, 0.71845, 0.8042, -0.57412, -0.14386, 0.80, 0.80, 0.80, 1.00, 0.51159, 0.31455
1979, 626, 1.18761, 8.25962, 0.52032, 0.77331, -0.33366, -0.53602, 0.80, 0.80, 0.80, 1.00, 0.55114, 0.31553
1980, 611, 1.17597, 8.15783, 0.71845, 0.8042, -0.57412, -0.14386, 0.80, 0.80, 0.80, 1.00, 0.51159, 0.31455
1981, 612, 1.02849, 7.97725, 0.61304, 0.71734, -0.65823, -0.22322, 0.80, 0.80, 0.80, 1.00, 0.51356, 0.37896
1982, 626, 1.18761, 8.25962, 0.52032, 0.77331, -0.33366, -0.53602, 0.80, 0.80, 0.80, 1.00, 0.55114, 0.31553
1983, 626, 1.18761, 8.25962, 0.52032, 0.77331, -0.33366, -0.53602, 0.80, 0.80, 0.80, 1.00, 0.55114, 0.31553
1984, 612, 1.02849, 7.97725, 0.61304, 0.71734, -0.65823, -0.22322, 0.80, 0.80, 0.80, 1.00, 0.51356, 0.37896
1985, 627, 1.03249, 8.08732, 0.41351, 0.66079, -0.41332, -0.62427, 0.80, 0.80, 0.80, 1.00, 0.5597, 0.37925
1986, 612, 1.02849, 7.97725, 0.61304, 0.71734, -0.65823, -0.22322, 0.80, 0.80, 0.80, 1.00, 0.51356, 0.37896
1987, 613, 0.93846, 7.90834, 0.6238, 0.56619, -0.78275, -0.25547, 0.80, 0.80, 0.80, 1.00, 0.48703, 0.40128
1988, 627, 1.03249, 8.08732, 0.41351, 0.66079, -0.41332, -0.62427, 0.80, 0.80, 0.80, 1.00, 0.5597, 0.37925
1989, 621, 1.27406, 8.78508, 0.80498, 0.75216, 0.654, 0.05812, 0.80, 0.80, 0.80, 1.00, 0.55016, 0.18074
1990, 622, 1.33766, 8.6742, 0.74906, 0.9349, 0.28722, -0.19715, 0.80, 0.80, 0.80, 1.00, 0.55127, 0.16103
1991, 628, 1.22797, 8.78737, 0.68735, 0.6405, 0.58838, -0.48935, 0.80, 0.80, 0.80, 1.00, 0.579, 0.18414
1992, 622, 1.33766, 8.6742, 0.74906, 0.9349, 0.28722, -0.19715, 0.80, 0.80, 0.80, 1.00, 0.55127, 0.16103
1993, 623, 1.34042, 8.53702, 0.67875, 0.94124, 0.16568, -0.28622, 0.80, 0.80, 0.80, 1.00, 0.55127, 0.14899
1994, 629, 1.19479, 8.66905, 0.58539, 0.59441, 0.44337, -0.66754, 0.80, 0.80, 0.80, 1.00, 0.60997, 0.17511
1995, 622, 1.33766, 8.6742, 0.74906, 0.9349, 0.28722, -0.19715, 0.80, 0.80, 0.80, 1.00, 0.55127, 0.16103
1996, 629, 1.19479, 8.66905, 0.58539, 0.59441, 0.44337, -0.66754, 0.80, 0.80, 0.80, 1.00, 0.60997, 0.17511
1997, 628, 1.22797, 8.78737, 0.68735, 0.6405, 0.58838, -0.48935, 0.80, 0.80, 0.80, 1.00, 0.579, 0.18414
1998, 624, 1.34042, 8.53702, 0.67875, 0.93213, -0.18607, -0.3038, 0.80, 0.80, 0.80, 1.00, 0.55034, 0.22487
1999, 625, 1.27635, 8.35054, 0.57621, 0.84582, -0.21249, -0.48532, 0.80, 0.80, 0.80, 1.00, 0.54659, 0.28123
2000, 630, 1.19479, 8.66905, 0.58539, 0.55354, 0.29552, -0.77569, 0.80, 0.80, 0.80, 1.00, 0.58419, 0.22272
2001, 630, 1.19479, 8.66905, 0.58539, 0.55354, 0.29552, -0.77569, 0.80, 0.80, 0.80, 1.00, 0.58419, 0.22272
2002, 625, 1.27635, 8.35054, 0.57621, 0.84582, -0.21249, -0.48532, 0.80, 0.80, 0.80, 1.00, 0.54659, 0.28123
2003, 631, 1.13288, 8.49343, 0.46176, 0.50653, 0.19096, -0.83816, 0.80, 0.80, 0.80, 1.00, 0.58059, 0.27908
2004, 625, 1.27635, 8.35054, 0.57621, 0.84582, -0.21249, -0.48532, 0.80, 0.80, 0.80, 1.00, 0.54659, 0.28123
2005, 626, 1.18761, 8.25962, 0.52032, 0.77331, -0.33366, -0.53602, 0.80, 0.80, 0.80, 1.00, 0.55114, 0.31553
2006, 631, 1.13288, 8.49343, 0.46176, 0.50653, 0.19096, -0.83816, 0.80, 0.80, 0.80, 1.00, 0.58059, 0.27908
2007, 631, 1.13288, 8.49343, 0.46176, 0.50653, 0.19096, -0.83816, 0.80, 0.80, 0.80, 1.00, 0.58059, 0.27908
2008, 626, 1.18761, 8.25962, 0.52032, 0.77331, -0.33366, -0.53602, 0.80, 0.80, 0.80, 1.00, 0.55114, 0.31553
2009, 632, 1.08286, 8.36844, 0.40845, 0.48002, 0.05715, -0.873, 0.80, 0.80, 0.80, 1.00, 0.57904, 0.31584
2010, 626, 1.18761, 8.25962, 0.52032, 0.77331, -0.33366, -0.53602, 0.80, 0.80, 0.80, 1.00, 0.55114, 0.31553
2011, 627, 1.03249, 8.08732, 0.41351, 0.66079, -0.41332, -0.62427, 0.80, 0.80, 0.80, 1.00, 0.5597, 0.37925
2012, 632, 1.08286, 8.36844, 0.40845, 0.48002, 0.05715, -0.873, 0.80, 0.80, 0.80, 1.00, 0.57904, 0.31584
2013, 632, 1.08286, 8.36844, 0.40845, 0.48002, 0.05715, -0.873, 0.80, 0.80, 0.80, 1.00, 0.57904, 0.31584
2014, 627, 1.03249, 8.08732, 0.41351, 0.66079, -0.41332, -0.62427, 0.80, 0.80, 0.80, 1.00, 0.5597, 0.37925
2015, 633, 0.92114, 8.21463, 0.33961, 0.28311, 0.1088, -0.95067, 0.80, 0.80, 0.80, 1.00, 0.5884, 0.37215
2016, 633, 0.92114, 8.21463, 0.33961, 0.28311, 0.1088, -0.95067, 0.80, 0.80, 0.80, 1.00, 0.5884, 0.37215
2017, 324, 0.87771, 8.47596, 0.38894, 0.02674, 0.33052, -0.94103, 0.80, 0.80, 0.80, 1.00, 0.60972, 0.31473
2018, 632, 1.08286, 8.36844, 0.40845, 0.48002, 0.05715, -0.873, 0.80, 0.80, 0.80, 1.00, 0.57904, 0.31584
2019, 324, 0.87771, 8.47596, 0.38894, 0.02674, 0.33052, -0.94103, 0.80, 0.80, 0.80, 1.00, 0.60972, 0.31473
2020, 633, 0.92114, 8.21463, 0.33961, 0.28311, 0.1088, -0.95067, 0.80, 0.80, 0.80, 1.00, 0.5884, 0.37215
2021, 325, 0.78825, 8.29382, 0.33445, 0.00367, 0.28396, -0.95649, 0.80, 0.80, 0.80, 1.00, 0.61158, 0.36739
2022, 632, 1.08286, 8.36844, 0.40845, 0.48002, 0.05715, -0.873, 0.80, 0.80, 0.80, 1.00, 0.57904, 0.31584
2023, 324, 0.87771, 8.47596, 0.38894, 0.02674, 0.33052, -0.94103, 0.80, 0.80, 0.80, 1.00, 0.60972, 0.31473
2024, 631, 1.13288, 8.49343, 0.46176, 0.50653, 0.19096, -0.83816, 0.80, 0.80, 0.80, 1.00, 0.58059, 0.27908
2025, 631, 1.13288, 8.49343, 0.46176, 0.50653, 0.19096, -0.83816, 0.80, 0.80, 0.80, 1.00, 0.58059, 0.27908
2026, 324, 0.87771, 8.47596, 0.38894, 0.02674, 0.33052, -0.94103, 0.80, 0.80, 0.80, 1.00, 0.60972, 0.31473
2027, 326, 0.95154, 8.62299, 0.44527, 0.10067, 0.47414, -0.87213, 0.80, 0.80, 0.80, 1.00, 0.60881, 0.27062
2028, 631, 1.13288, 8.49343, 0.46176, 0.50653, 0.19096, -0.83816, 0.80, 0.80, 0.80, 1.00, 0.58059, 0.27908
2029, 326, 0.95154, 8.62299, 0.44527, 0.10067, 0.47414, -0.87213, 0.80, 0.80, 0.80, 1.00, 0.60881, 0.27062
2030, 630, 1.19479, 8.66905, 0.58539, 0.55354, 0.29552, -0.77569, 0.80, 0.80, 0.80, 1.00, 0.58419, 0.22272
2031, 630, 1.19479, 8.66905, 0.58539, 0.55354, 0.29552, -0.77569, 0.80, 0.80, 0.80, 1.00, 0.58419, 0.22272
2032, 326, 0.95154, 8.62299, 0.44527, 0.10067, 0.47414, -0.87213, 0.80, 0.80, 0.80, 1.00, 0.60881, 0.27062
2033, 327, 1.03982, 8.78668, 0.55471, 0.11796, 0.50646, -0.85157, 0.80, 0.80, 0.80, 1.00, 0.60935, 0.21549
2034, 629, 1.19479, 8.66905, 0.58539, 0.59441, 0.44337, -0.66754, 0.80, 0.80, 0.80, 1.00, 0.60997, 0.17511
2035, 328, 1.03982, 8.78668, 0.55471, 0.24543, 0.72691, -0.63847, 0.80, 0.80, 0.80, 1.00, 0.6094, 0.21557
2036, 329, 1.09946, 8.88109, 0.68473, 0.32349, 0.84005, -0.43211, 0.80, 0.80, 0.80, 1.00, 0.58422, 0.22302
2037, 629, 1.19479, 8.66905, 0.58539, 0.59441, 0.44337, -0.66754, 0.80, 0.80, 0.80, 1.00, 0.60997, 0.17511
2038, 329, 1.09946, 8.88109, 0.68473, 0.32349, 0.84005, -0.43211, 0.80, 0.80, 0.80, 1.00, 0.58422, 0.22302
2039, 628, 1.22797, 8.78737, 0.68735, 0.6405, 0.58838, -0.48935, 0.80, 0.80, 0.80, 1.00, 0.579, 0.18414
2040, 621, 1.27406, 8.78508, 0.80498, 0.75216, 0.654, 0.05812, 0.80, 0.80, 0.80, 1.00, 0.55016, 0.18074
2041, 329, 1.09946, 8.88109, 0.68473, 0.32349, 0.84005, -0.43211, 0.80, 0.80, 0.80, 1.00, 0.58422, 0.22302
2042, 310, 1.1225, 8.88675, 0.84176, 0.42547, 0.86407, 0.26664, 0.80, 0.80, 0.80, 1.00, 0.55016, 0.22415
2043, 329, 1.09946, 8.88109, 0.68473, 0.32349, 0.84005, -0.43211, 0.80, 0.80, 0.80, 1.00, 0.58422, 0.22302
2044, 621, 1.27406, 8.78508, 0.80498, 0.75216, 0.654, 0.05812, 0.80, 0.80, 0.80, 1.00, 0.55016, 0.18074
2045, 628, 1.22797, 8.78737, 0.68735, 0.6405, 0.58838, -0.48935, 0.80, 0.80, 0.80, 1.00, 0.579, 0.18414
2046, 634, -0.20754, 7.8547, 0.67354, 0.19495, 0.96047, 0.19735, 0.80, 0.80, 0.80, 1.00, 0.00704, 0.58912
2047, 635, 0.24843, 8.006, 0.44262, -0.11814, 0.99276, 0.02021, 0.80, 0.80, 0.80, 1.00, 0.1167, 0.56472
2048, 636, -0.39742, 7.95127, 0.39192, 0.01373, 0.9748, -0.22112, 0.80, 0.80, 0.80, 1.00, 0.00688, 0.58894
2049, 637, -0.31091, 5.79815, 0.55732, -0.89735, 0.30966, 0.31445, 0.80, 0.80, 0.80, 1.00, 0.05065, 0.87207
2050, 638, -0.52566, 5.99512, 0.19173, -0.97921, -0.00114, -0.19662, 0.80, 0.80, 0.80, 1.00, 0.05235, 0.84249
2051, 639, -0.42401, 5.85394, 0.17964, -0.95911, 0.25278, 0.12732, 0.80, 0.80, 0.80, 1.00, 0.10315, 0.8678
2052, 639, -0.42401, 5.85394, 0.17964, -0.95911, 0.25278, 0.12732, 0.80, 0.80, 0.80, 1.00, 0.10315, 0.8678
2053, 638, -0.52566, 5.99512, 0.19173, -0.97921, -0.00114, -0.19662, 0.80, 0.80, 0.80, 1.00, 0.05235, 0.84249
2054, 640, -0.47209, 6.06899, -0.13748, -0.94922, -0.04803, -0.30692, 0.80, 0.80, 0.80, 1.00, 0.0913, 0.83742
2055, 640, -0.47209, 6.06899, -0.13748, -0.94922, -0.04803, -0.30692, 0.80, 0.80, 0.80, 1.00, 0.0913, 0.83742
2056, 638, -0.52566, 5.99512, 0.19173, -0.97921, -0.00114, -0.19662, 0.80, 0.80, 0.80, 1.00, 0.05235, 0.84249
2057, 641, -0.57413, 6.20069, 0.26391, -0.98915, -0.1347, -0.03149, 0.80, 0.80, 0.80, 1.00, 0.03203, 0.8169
2058, 640, -0.47209, 6.06899, -0.13748, -0.94922, -0.04803, -0.30692, 0.80, 0.80, 0.80, 1.00, 0.0913, 0.83742
2059, 641, -0.57413, 6.20069, 0.26391, -0.98915, -0.1347, -0.03149, 0.80, 0.80, 0.80, 1.00, 0.03203, 0.8169
2060, 642, -0.50155, 6.22018, -0.08746, -0.90124, -0.05858, -0.42647, 0.80, 0.80, 0.80, 1.00, 0.07775, 0.8185
2061, 642, -0.50155, 6.22018, -0.08746, -0.90124, -0.05858, -0.42647, 0.80, 0.80, 0.80, 1.00, 0.07775, 0.8185
2062, 641, -0.57413, 6.20069, 0.26391, -0.98915, -0.1347, -0.03149, 0.80, 0.80, 0.80, 1.00, 0.03203, 0.8169
2063, 643, -0.86344, 7.13807, 0.27002, -0.94182, 0.18599, -0.27551, 0.80, 0.80, 0.80, 1.00, 0.01288, 0.70971
2064, 641, -0.57413, 6.20069, 0.26391, -0.98915, -0.1347, -0.03149, 0.80, 0.80, 0.80, 1.00, 0.03203, 0.8169
2065, 644, -0.39643, 6.92831, 0.61076, -0.81146, -0.01864, 0.58201, 0.80, 0.80, 0.80, 1.00, 0.01965, 0.71244
2066, 643, -0.86344, 7.13807, 0.27002, -0.94182, 0.18599, -0.27551, 0.80, 0.80, 0.80, 1.00, 0.01288, 0.70971
2067, 639, -0.42401, 5.85394, 0.17964, -0.95911, 0.25278, 0.12732, 0.80, 0.80, 0.80, 1.00, 0.10315, 0.8678
2068, 645, -0.37117, 6.07277, -0.32362, -0.64096, 0.06944, -0.76281, 0.80, 0.80, 0.80, 1.00, 0.12686, 0.83751
2069, 646, -0.40411, 5.84389, 0.03599, -0.87368, 0.29031, -0.39039, 0.80, 0.80, 0.80, 1.00, 0.13025, 0.86896
2070, 645, -0.37117, 6.07277, -0.32362, -0.64096, 0.06944, -0.76281, 0.80, 0.80, 0.80, 1.00, 0.12686, 0.83751
2071, 639, -0.42401, 5.85394, 0.17964, -0.95911, 0.25278, 0.12732, 0.80, 0.80, 0.80, 1.00, 0.10315, 0.8678
2072, 640, -0.47209, 6.06899, -0.13748, -0.94922, -0.04803, -0.30692, 0.80, 0.80, 0.80, 1.00, 0.0913, 0.83742
2073, 645, -0.37117, 6.07277, -0.32362, -0.64096, 0.06944, -0.76281, 0.80, 0.80, 0.80, 1.00, 0.12686, 0.83751
2074, 640, -0.47209, 6.06899, -0.13748, -0.94922, -0.04803, -0.30692, 0.80, 0.80, 0.80, 1.00, 0.0913, 0.83742
2075, 642, -0.50155, 6.22018, -0.08746, -0.90124, -0.05858, -0.42647, 0.80, 0.80, 0.80, 1.00, 0.07775, 0.8185
2076, 645, -0.37117, 6.07277, -0.32362, -0.64096, 0.06944, -0.76281, 0.80, 0.80, 0.80, 1.00, 0.12686, 0.83751
2077, 642, -0.50155, 6.22018, -0.08746, -0.90124, -0.05858, -0.42647, 0.80, 0.80, 0.80, 1.00, 0.07775, 0.8185
2078, 647, -0.34382, 6.24553, -0.29677, -0.46244, 0.06913, -0.88255, 0.80, 0.80, 0.80, 1.00, 0.12517, 0.81486
2079, 647, -0.34382, 6.24553, -0.29677, -0.46244, 0.06913, -0.88255, 0.80, 0.80, 0.80, 1.00, 0.12517, 0.81486
2080, 642, -0.50155, 6.22018, -0.08746, -0.90124, -0.05858, -0.42647, 0.80, 0.80, 0.80, 1.00, 0.07775, 0.8185
2081, 643, -0.86344, 7.13807, 0.27002, -0.94182, 0.18599, -0.27551, 0.80, 0.80, 0.80, 1.00, 0.01288, 0.70971
2082, 647, -0.34382, 6.24553, -0.29677, -0.46244, 0.06913, -0.88255, 0.80, 0.80, 0.80, 1.00, 0.12517, 0.81486
2083, 643, -0.86344, 7.13807, 0.27002, -0.94182, 0.18599, -0.27551, 0.80, 0.80, 0.80, 1.00, 0.01288, 0.70971
2084, 648, -0.3171, 7.33854, -0.18814, -0.52874, 0.2878, -0.79699, 0.80, 0.80, 0.80, 1.00, 0.10993, 0.6832
2085, 648, -0.3171, 7.33854, -0.18814, -0.52874, 0.2878, -0.79699, 0.80, 0.80, 0.80, 1.00, 0.10993, 0.6832
2086, 643, -0.86344, 7.13807, 0.27002, -0.94182, 0.18599, -0.27551, 0.80, 0.80, 0.80, 1.00, 0.01288, 0.70971
2087, 649, -0.67794, 7.41729, 0.22512, -0.6652, 0.36438, -0.64997, 0.80, 0.80, 0.80, 1.00, 0.00667, 0.67494
2088, 648, -0.3171, 7.33854, -0.18814, -0.52874, 0.2878, -0.79699, 0.80, 0.80, 0.80, 1.00, 0.10993, 0.6832
2089, 649, -0.67794, 7.41729, 0.22512, -0.6652, 0.36438, -0.64997, 0.80, 0.80, 0.80, 1.00, 0.00667, 0.67494
2090, 650, -0.54046, 7.83119, 0.29183, -0.52777, 0.57363, -0.62489, 0.80, 0.80, 0.80, 1.00, 0.00704, 0.61106
2091, 648, -0.3171, 7.33854, -0.18814, -0.52874, 0.2878, -0.79699, 0.80, 0.80, 0.80, 1.00, 0.10993, 0.6832
2092, 650, -0.54046, 7.83119, 0.29183, -0.52777, 0.57363, -0.62489, 0.80, 0.80, 0.80, 1.00, 0.00704, 0.61106
2093, 651, -0.19107, 7.82176, -0.08478, -0.41755, 0.58279, -0.69577, 0.80, 0.80, 0.80, 1.00, 0.10823, 0.6179
2094, 651, -0.19107, 7.82176, -0.08478, -0.41755, 0.58279, -0.69577, 0.80, 0.80, 0.80, 1.00, 0.10823, 0.6179
2095, 650, -0.54046, 7.83119, 0.29183, -0.52777, 0.57363, -0.62489, 0.80, 0.80, 0.80, 1.00, 0.00704, 0.61106
2096, 652, -0.05926, 7.97629, 0.07616, -0.20288, 0.90316, -0.37737, 0.80, 0.80, 0.80, 1.00, 0.10823, 0.59
2097, 652, -0.05926, 7.97629, 0.07616, -0.20288, 0.90316, -0.37737, 0.80, 0.80, 0.80, 1.00, 0.10823, 0.59
2098, 650, -0.54046, 7.83119, 0.29183, -0.52777, 0.57363, -0.62489, 0.80, 0.80, 0.80, 1.00, 0.00704, 0.61106
2099, 636, -0.39742, 7.95127, 0.39192, 0.01373, 0.9748, -0.22112, 0.80, 0.80, 0.80, 1.00, 0.00688, 0.58894
2100, 636, -0.39742, 7.95127, 0.39192, 0.01373, 0.9748, -0.22112, 0.80, 0.80, 0.80, 1.00, 0.00688, 0.58894
2101, 635, 0.24843, 8.006, 0.44262, -0.11814, 0.99276, 0.02021, 0.80, 0.80, 0.80, 1.00, 0.1167, 0.56472
2102, 652, -0.05926, 7.97629, 0.07616, -0.20288, 0.90316, -0.37737, 0.80, 0.80, 0.80, 1.00, 0.10823, 0.59
2103, 653, -0.23048, 5.82048, -0.21451, -0.82735, 0.19832, -0.52551, 0.80, 0.80, 0.80, 1.00, 0.19239, 0.8691
2104, 645, -0.37117, 6.07277, -0.32362, -0.64096, 0.06944, -0.76281, 0.80, 0.80, 0.80, 1.00, 0.12686, 0.83751
2105, 654, -0.05253, 6.02177, -0.40055, -0.43598, 0.19914, -0.87624, 0.80, 0.80, 0.80, 1.00, 0.19239, 0.83712
2106, 653, -0.23048, 5.82048, -0.21451, -0.82735, 0.19832, -0.52551, 0.80, 0.80, 0.80, 1.00, 0.19239, 0.8691
2107, 646, -0.40411, 5.84389, 0.03599, -0.87368, 0.29031, -0.39039, 0.80, 0.80, 0.80, 1.00, 0.13025, 0.86896
2108, 645, -0.37117, 6.07277, -0.32362, -0.64096, 0.06944, -0.76281, 0.80, 0.80, 0.80, 1.00, 0.12686, 0.83751
2109, 654, -0.05253, 6.02177, -0.40055, -0.43598, 0.19914, -0.87624, 0.80, 0.80, 0.80, 1.00, 0.19239, 0.83712
2110, 647, -0.34382, 6.24553, -0.29677, -0.46244, 0.06913, -0.88255, 0.80, 0.80, 0.80, 1.00, 0.12517, 0.81486
2111, 655, -0.0214, 6.17611, -0.37988, -0.45055, 0.11753, -0.88358, 0.80, 0.80, 0.80, 1.00, 0.19239, 0.81677
2112, 647, -0.34382, 6.24553, -0.29677, -0.46244, 0.06913, -0.88255, 0.80, 0.80, 0.80, 1.00, 0.12517, 0.81486
2113, 654, -0.05253, 6.02177, -0.40055, -0.43598, 0.19914, -0.87624, 0.80, 0.80, 0.80, 1.00, 0.19239, 0.83712
2114, 645, -0.37117, 6.07277, -0.32362, -0.64096, 0.06944, -0.76281, 0.80, 0.80, 0.80, 1.00, 0.12686, 0.83751
2115, 647, -0.34382, 6.24553, -0.29677, -0.46244, 0.06913, -0.88255, 0.80, 0.80, 0.80, 1.00, 0.12517, 0.81486
2116, 656, 0.06582, 7.2949, -0.34143, -0.52915, 0.238, -0.81297, 0.80, 0.80, 0.80, 1.00, 0.19239, 0.67902
2117, 655, -0.0214, 6.17611, -0.37988, -0.45055, 0.11753, -0.88358, 0.80, 0.80, 0.80, 1.00, 0.19239, 0.81677
2118, 647, -0.34382, 6.24553, -0.29677, -0.46244, 0.06913, -0.88255, 0.80, 0.80, 0.80, 1.00, 0.12517, 0.81486
2119, 648, -0.3171, 7.33854, -0.18814, -0.52874, 0.2878, -0.79699, 0.80, 0.80, 0.80, 1.00, 0.10993, 0.6832
2120, 656, 0.06582, 7.2949, -0.34143, -0.52915, 0.238, -0.81297, 0.80, 0.80, 0.80, 1.00, 0.19239, 0.67902
2121, 648, -0.3171, 7.33854, -0.18814, -0.52874, 0.2878, -0.79699, 0.80, 0.80, 0.80, 1.00, 0.10993, 0.6832
2122, 657, 0.2421, 7.85738, -0.19539, -0.39934, 0.59675, -0.69465, 0.80, 0.80, 0.80, 1.00, 0.19239, 0.6012
2123, 656, 0.06582, 7.2949, -0.34143, -0.52915, 0.238, -0.81297, 0.80, 0.80, 0.80, 1.00, 0.19239, 0.67902
2124, 648, -0.3171, 7.33854, -0.18814, -0.52874, 0.2878, -0.79699, 0.80, 0.80, 0.80, 1.00, 0.10993, 0.6832
2125, 651, -0.19107, 7.82176, -0.08478, -0.41755, 0.58279, -0.69577, 0.80, 0.80, 0.80, 1.00, 0.10823, 0.6179
2126, 657, 0.2421, 7.85738, -0.19539, -0.39934, 0.59675, -0.69465, 0.80, 0.80, 0.80, 1.00, 0.19239, 0.6012
2127, 651, -0.19107, 7.82176, -0.08478, -0.41755, 0.58279, -0.69577, 0.80, 0.80, 0.80, 1.00, 0.10823, 0.6179
2128, 652, -0.05926, 7.97629, 0.07616, -0.20288, 0.90316, -0.37737, 0.80, 0.80, 0.80, 1.00, 0.10823, 0.59
2129, 657, 0.2421, 7.85738, -0.19539, -0.39934, 0.59675, -0.69465, 0.80, 0.80, 0.80, 1.00, 0.19239, 0.6012
2130, 652, -0.05926, 7.97629, 0.07616, -0.20288, 0.90316, -0.37737, 0.80, 0.80, 0.80, 1.00, 0.10823, 0.59
2131, 658, 0.32398, 7.951, -0.09496, -0.1253, 0.92369, -0.36116, 0.80, 0.80, 0.80, 1.00, 0.19239, 0.58414
2132, 657, 0.2421, 7.85738, -0.19539, -0.39934, 0.59675, -0.69465, 0.80, 0.80, 0.80, 1.00, 0.19239, 0.6012
2133, 652, -0.05926, 7.97629, 0.07616, -0.20288, 0.90316, -0.37737, 0.80, 0.80, 0.80, 1.00, 0.10823, 0.59
2134, 635, 0.24843, 8.006, 0.44262, -0.11814, 0.99276, 0.02021, 0.80, 0.80, 0.80, 1.00, 0.1167, 0.56472
2135, 658, 0.32398, 7.951, -0.09496, -0.1253, 0.92369, -0.36116, 0.80, 0.80, 0.80, 1.00, 0.19239, 0.58414
2136, 635, 0.24843, 8.006, 0.44262, -0.11814, 0.99276, 0.02021, 0.80, 0.80, 0.80, 1.00, 0.1167, 0.56472
2137, 659, 0.49826, 8.0842, 0.13166, -0.1589, 0.89987, -0.40522, 0.80, 0.80, 0.80, 1.00, 0.19239, 0.55536
2138, 658, 0.32398, 7.951, -0.09496, -0.1253, 0.92369, -0.36116, 0.80, 0.80, 0.80, 1.00, 0.19239, 0.58414
2139, 660, -0.37618, 5.6791, 0.59221, -0.7926, 0.52063, 0.31738, 0.80, 0.80, 0.80, 1.00, 0.03926, 0.88833
2140, 637, -0.31091, 5.79815, 0.55732, -0.89735, 0.30966, 0.31445, 0.80, 0.80, 0.80, 1.00, 0.05065, 0.87207
2141, 639, -0.42401, 5.85394, 0.17964, -0.95911, 0.25278, 0.12732, 0.80, 0.80, 0.80, 1.00, 0.10315, 0.8678
2142, 660, -0.37618, 5.6791, 0.59221, -0.7926, 0.52063, 0.31738, 0.80, 0.80, 0.80, 1.00, 0.03926, 0.88833
2143, 639, -0.42401, 5.85394, 0.17964, -0.95911, 0.25278, 0.12732, 0.80, 0.80, 0.80, 1.00, 0.10315, 0.8678
2144, 661, -0.51201, 5.70465, 0.21266, -0.87928, 0.46217, 0.11516, 0.80, 0.80, 0.80, 1.00, 0.09007, 0.88833
2145, 662, -0.48677, 5.70369, 0.01461, -0.80577, 0.51305, -0.29583, 0.80, 0.80, 0.80, 1.00, 0.12702, 0.88833
2146, 639, -0.42401, 5.85394, 0.17964, -0.95911, 0.25278, 0.12732, 0.80, 0.80, 0.80, 1.00, 0.10315, 0.8678
2147, 646, -0.40411, 5.84389, 0.03599, -0.87368, 0.29031, -0.39039, 0.80, 0.80, 0.80, 1.00, 0.13025, 0.86896
2148, 662, -0.48677, 5.70369, 0.01461, -0.80577, 0.51305, -0.29583, 0.80, 0.80, 0.80, 1.00, 0.12702, 0.88833
2149, 661, -0.51201, 5.70465, 0.21266, -0.87928, 0.46217, 0.11516, 0.80, 0.80, 0.80, 1.00, 0.09007, 0.88833
2150, 639, -0.42401, 5.85394, 0.17964, -0.95911, 0.25278, 0.12732, 0.80, 0.80, 0.80, 1.00, 0.10315, 0.8678
2151, 663, -0.32495, 5.68351, -0.26212, -0.6921, 0.5484, -0.46931, 0.80, 0.80, 0.80, 1.00, 0.19239, 0.88833
2152, 646, -0.40411, 5.84389, 0.03599, -0.87368, 0.29031, -0.39039, 0.80, 0.80, 0.80, 1.00, 0.13025, 0.86896
2153, 653, -0.23048, 5.82048, -0.21451, -0.82735, 0.19832, -0.52551, 0.80, 0.80, 0.80, 1.00, 0.19239, 0.8691
2154, 663, -0.32495, 5.68351, -0.26212, -0.6921, 0.5484, -0.46931, 0.80, 0.80, 0.80, 1.00, 0.19239, 0.88833
2155, 662, -0.48677, 5.70369, 0.01461, -0.80577, 0.51305, -0.29583, 0.80, 0.80, 0.80, 1.00, 0.12702, 0.88833
2156, 646, -0.40411, 5.84389, 0.03599, -0.87368, 0.29031, -0.39039, 0.80, 0.80, 0.80, 1.00, 0.13025, 0.86896
2157, 664, -0.43518, 5.56618, 0.6219, -0.89041, 0.32562, 0.31803, 0.80, 0.80, 0.80, 1.00, 0.02936, 0.9037
2158, 660, -0.37618, 5.6791, 0.59221, -0.7926, 0.52063, 0.31738, 0.80, 0.80, 0.80, 1.00, 0.03926, 0.88833
2159, 661, -0.51201, 5.70465, 0.21266, -0.87928, 0.46217, 0.11516, 0.80, 0.80, 0.80, 1.00, 0.09007, 0.88833
2160, 664, -0.43518, 5.56618, 0.6219, -0.89041, 0.32562, 0.31803, 0.80, 0.80, 0.80, 1.00, 0.02936, 0.9037
2161, 661, -0.51201, 5.70465, 0.21266, -0.87928, 0.46217, 0.11516, 0.80, 0.80, 0.80, 1.00, 0.09007, 0.88833
2162, 665, -0.55275, 5.5921, 0.22833, -0.94177, 0.30847, 0.13386, 0.80, 0.80, 0.80, 1.00, 0.08452, 0.90333
2163, 666, -0.03078, 5.10114, 0.86934, -0.6755, 0.06863, 0.73415, 0.80, 0.80, 0.80, 1.00, 0.01731, 0.95368
2164, 664, -0.43518, 5.56618, 0.6219, -0.89041, 0.32562, 0.31803, 0.80, 0.80, 0.80, 1.00, 0.02936, 0.9037
2165, 667, -0.40424, 5.08286, 0.52742, -0.85027, 0.03377, 0.52526, 0.80, 0.80, 0.80, 1.00, 0.07944, 0.95603
2166, 664, -0.43518, 5.56618, 0.6219, -0.89041, 0.32562, 0.31803, 0.80, 0.80, 0.80, 1.00, 0.02936, 0.9037
2167, 665, -0.55275, 5.5921, 0.22833, -0.94177, 0.30847, 0.13386, 0.80, 0.80, 0.80, 1.00, 0.08452, 0.90333
2168, 667, -0.40424, 5.08286, 0.52742, -0.85027, 0.03377, 0.52526, 0.80, 0.80, 0.80, 1.00, 0.07944, 0.95603
2169, 667, -0.40424, 5.08286, 0.52742, -0.85027, 0.03377, 0.52526, 0.80, 0.80, 0.80, 1.00, 0.07944, 0.95603
2170, 665, -0.55275, 5.5921, 0.22833, -0.94177, 0.30847, 0.13386, 0.80, 0.80, 0.80, 1.00, 0.08452, 0.90333
2171, 668, -0.54641, 5.59095, -0.01252, -0.91214, 0.31122, -0.26671, 0.80, 0.80, 0.80, 1.00, 0.12686, 0.90379
2172, 669, -0.47693, 5.09237, 0.28658, -0.99432, -0.09064, 0.05577, 0.80, 0.80, 0.80, 1.00, 0.12686, 0.95481
2173, 667, -0.40424, 5.08286, 0.52742, -0.85027, 0.03377, 0.52526, 0.80, 0.80, 0.80, 1.00, 0.07944, 0.95603
2174, 668, -0.54641, 5.59095, -0.01252, -0.91214, 0.31122, -0.26671, 0.80, 0.80, 0.80, 1.00, 0.12686, 0.90379
2175, 668, -0.54641, 5.59095, -0.01252, -0.91214, 0.31122, -0.26671, 0.80, 0.80, 0.80, 1.00, 0.12686, 0.90379
2176, 661, -0.51201, 5.70465, 0.21266, -0.87928, 0.46217, 0.11516, 0.80, 0.80, 0.80, 1.00, 0.09007, 0.88833
2177, 662, -0.48677, 5.70369, 0.01461, -0.80577, 0.51305, -0.29583, 0.80, 0.80, 0.80, 1.00, 0.12702, 0.88833
2178, 665, -0.55275, 5.5921, 0.22833, -0.94177, 0.30847, 0.13386, 0.80, 0.80, 0.80, 1.00, 0.08452, 0.90333
2179, 661, -0.51201, 5.70465, 0.21266, -0.87928, 0.46217, 0.11516, 0.80, 0.80, 0.80, 1.00, 0.09007, 0.88833
2180, 668, -0.54641, 5.59095, -0.01252, -0.91214, 0.31122, -0.26671, 0.80, 0.80, 0.80, 1.00, 0.12686, 0.90379
2181, 670, -0.44662, 5.08476, -0.03387, -0.99416, -0.05266, -0.09412, 0.80, 0.80, 0.80, 1.00, 0.19239, 0.95578
2182, 668, -0.54641, 5.59095, -0.01252, -0.91214, 0.31122, -0.26671, 0.80, 0.80, 0.80, 1.00, 0.12686, 0.90379
2183, 671, -0.38722, 5.57553, -0.29213, -0.76588, 0.40017, -0.50328, 0.80, 0.80, 0.80, 1.00, 0.19239, 0.90324
2184, 668, -0.54641, 5.59095, -0.01252, -0.91214, 0.31122, -0.26671, 0.80, 0.80, 0.80, 1.00, 0.12686, 0.90379
2185, 670, -0.44662, 5.08476, -0.03387, -0.99416, -0.05266, -0.09412, 0.80, 0.80, 0.80, 1.00, 0.19239, 0.95578
2186, 669, -0.47693, 5.09237, 0.28658, -0.99432, -0.09064, 0.05577, 0.80, 0.80, 0.80, 1.00, 0.12686, 0.95481
2187, 671, -0.38722, 5.57553, -0.29213, -0.76588, 0.40017, -0.50328, 0.80, 0.80, 0.80, 1.00, 0.19239, 0.90324
2188, 662, -0.48677, 5.70369, 0.01461, -0.80577, 0.51305, -0.29583, 0.80, 0.80, 0.80, 1.00, 0.12702, 0.88833
2189, 663, -0.32495, 5.68351, -0.26212, -0.6921, 0.5484, -0.46931, 0.80, 0.80, 0.80, 1.00, 0.19239, 0.88833
2190, 668, -0.54641, 5.59095, -0.01252, -0.91214, 0.31122, -0.26671, 0.80, 0.80, 0.80, 1.00, 0.12686, 0.90379
2191, 662, -0.48677, 5.70369, 0.01461, -0.80577, 0.51305, -0.29583, 0.80, 0.80, 0.80, 1.00, 0.12702, 0.88833
2192, 671, -0.38722, 5.57553, -0.29213, -0.76588, 0.40017, -0.50328, 0.80, 0.80, 0.80, 1.00, 0.19239, 0.90324
2193, 672, -0.22804, 4.90841, 0.86809, -0.67006, 0.27263, 0.69043, 0.80, 0.80, 0.80, 1.00, 0.00937, 0.99597
2194, 666, -0.03078, 5.10114, 0.86934, -0.6755, 0.06863, 0.73415, 0.80, 0.80, 0.80, 1.00, 0.01731, 0.95368
2195, 667, -0.40424, 5.08286, 0.52742, -0.85027, 0.03377, 0.52526, 0.80, 0.80, 0.80, 1.00, 0.07944, 0.95603
2196, 672, -0.22804, 4.90841, 0.86809, -0.67006, 0.27263, 0.69043, 0.80, 0.80, 0.80, 1.00, 0.00937, 0.99597
2197, 667, -0.40424, 5.08286, 0.52742, -0.85027, 0.03377, 0.52526, 0.80, 0.80, 0.80, 1.00, 0.07944, 0.95603
2198, 673, -0.57316, 4.79371, 0.56779, -0.86415, 0.11018, 0.49102, 0.80, 0.80, 0.80, 1.00, 0.06986, 0.99604
2199, 674, -0.62951, 4.71389, 0.33642, -0.97436, -0.11297, 0.19459, 0.80, 0.80, 0.80, 1.00, 0.1188, 0.99611
2200, 667, -0.40424, 5.08286, 0.52742, -0.85027, 0.03377, 0.52526, 0.80, 0.80, 0.80, 1.00, 0.07944, 0.95603
2201, 669, -0.47693, 5.09237, 0.28658, -0.99432, -0.09064, 0.05577, 0.80, 0.80, 0.80, 1.00, 0.12686, 0.95481
2202, 674, -0.62951, 4.71389, 0.33642, -0.97436, -0.11297, 0.19459, 0.80, 0.80, 0.80, 1.00, 0.1188, 0.99611
2203, 673, -0.57316, 4.79371, 0.56779, -0.86415, 0.11018, 0.49102, 0.80, 0.80, 0.80, 1.00, 0.06986, 0.99604
2204, 667, -0.40424, 5.08286, 0.52742, -0.85027, 0.03377, 0.52526, 0.80, 0.80, 0.80, 1.00, 0.07944, 0.95603
2205, 675, -0.37761, 4.77149, -0.02733, -0.97519, -0.20118, -0.09232, 0.80, 0.80, 0.80, 1.00, 0.19239, 0.99593
2206, 669, -0.47693, 5.09237, 0.28658, -0.99432, -0.09064, 0.05577, 0.80, 0.80, 0.80, 1.00, 0.12686, 0.95481
2207, 670, -0.44662, 5.08476, -0.03387, -0.99416, -0.05266, -0.09412, 0.80, 0.80, 0.80, 1.00, 0.19239, 0.95578
2208, 669, -0.47693, 5.09237, 0.28658, -0.99432, -0.09064, 0.05577, 0.80, 0.80, 0.80, 1.00, 0.12686, 0.95481
2209, 675, -0.37761, 4.77149, -0.02733, -0.97519, -0.20118, -0.09232, 0.80, 0.80, 0.80, 1.00, 0.19239, 0.99593
2210, 674, -0.62951, 4.71389, 0.33642, -0.97436, -0.11297, 0.19459, 0.80, 0.80, 0.80, 1.00, 0.1188, 0.99611
2211, 676, 0.85592, 7.92406, 0.02329, 0.23692, 0.94486, -0.22488, 0.80, 0.80, 0.80, 1.00, 0.26807, 0.56472
2212, 677, 1.15173, 7.69275, -0.29509, 0.15185, 0.98062, 0.11936, 0.80, 0.80, 0.80, 1.00, 0.37774, 0.58912
2213, 678, 0.97928, 7.75627, -0.59657, -0.15309, 0.96296, -0.21946, 0.80, 0.80, 0.80, 1.00, 0.3779, 0.58894
2214, 679, 0.68164, 5.83612, -0.44505, 0.37229, -0.17914, -0.90946, 0.80, 0.80, 0.80, 1.00, 0.33243, 0.84249
2215, 680, 0.41827, 5.70632, -0.62535, -0.10405, 0.20976, -0.9722, 0.80, 0.80, 0.80, 1.00, 0.33412, 0.87207
2216, 681, 0.03509, 5.79612, -0.56496, -0.30233, 0.17007, -0.93791, 0.80, 0.80, 0.80, 1.00, 0.28162, 0.8678
2217, 679, 0.68164, 5.83612, -0.44505, 0.37229, -0.17914, -0.90946, 0.80, 0.80, 0.80, 1.00, 0.33243, 0.84249
2218, 681, 0.03509, 5.79612, -0.56496, -0.30233, 0.17007, -0.93791, 0.80, 0.80, 0.80, 1.00, 0.28162, 0.8678
2219, 682, 0.39942, 5.95421, -0.59714, 0.25669, -0.20685, -0.94296, 0.80, 0.80, 0.80, 1.00, 0.29348, 0.83742
2220, 679, 0.68164, 5.83612, -0.44505, 0.37229, -0.17914, -0.90946, 0.80, 0.80, 0.80, 1.00, 0.33243, 0.84249
2221, 682, 0.39942, 5.95421, -0.59714, 0.25669, -0.20685, -0.94296, 0.80, 0.80, 0.80, 1.00, 0.29348, 0.83742
2222, 683, 0.80838, 6.01861, -0.46527, 0.48511, -0.32886, -0.80907, 0.80, 0.80, 0.80, 1.00, 0.35275, 0.8169
2223, 683, 0.80838, 6.01861, -0.46527, 0.48511, -0.32886, -0.80907, 0.80, 0.80, 0.80, 1.00, 0.35275, 0.8169
2224, 682, 0.39942, 5.95421, -0.59714, 0.25669, -0.20685, -0.94296, 0.80, 0.80, 0.80, 1.00, 0.29348, 0.83742
2225, 684, 0.48676, 6.09002, -0.60873, 0.13113, -0.19454, -0.97098, 0.80, 0.80, 0.80, 1.00, 0.30702, 0.8185
2226, 683, 0.80838, 6.01861, -0.46527, 0.48511, -0.32886, -0.80907, 0.80, 0.80, 0.80, 1.00, 0.35275, 0.8169
2227, 684, 0.48676, 6.09002, -0.60873, 0.13113, -0.19454, -0.97098, 0.80, 0.80, 0.80, 1.00, 0.30702, 0.8185
2228, 685, 1.01583, 6.8801, -0.94911, 0.14793, 0.03615, -0.98703, 0.80, 0.80, 0.80, 1.00, 0.3719, 0.70971
2229, 686, 1.0294, 6.73932, -0.38927, 0.80137, -0.23242, -0.54918, 0.80, 0.80, 0.80, 1.00, 0.36512, 0.71244
2230, 683, 0.80838, 6.01861, -0.46527, 0.48511, -0.32886, -0.80907, 0.80, 0.80, 0.80, 1.00, 0.35275, 0.8169
2231, 685, 1.01583, 6.8801, -0.94911, 0.14793, 0.03615, -0.98703, 0.80, 0.80, 0.80, 1.00, 0.3719, 0.70971
2232, 687, 0.19374, 5.99837, -0.62157, -0.25838, 0.01905, -0.96459, 0.80, 0.80, 0.80, 1.00, 0.25791, 0.83751
2233, 681, 0.03509, 5.79612, -0.56496, -0.30233, 0.17007, -0.93791, 0.80, 0.80, 0.80, 1.00, 0.28162, 0.8678
2234, 688, -0.08442, 5.80363, -0.48252, -0.72171, 0.27117, -0.63687, 0.80, 0.80, 0.80, 1.00, 0.25453, 0.86896
2235, 681, 0.03509, 5.79612, -0.56496, -0.30233, 0.17007, -0.93791, 0.80, 0.80, 0.80, 1.00, 0.28162, 0.8678
2236, 687, 0.19374, 5.99837, -0.62157, -0.25838, 0.01905, -0.96459, 0.80, 0.80, 0.80, 1.00, 0.25791, 0.83751
2237, 682, 0.39942, 5.95421, -0.59714, 0.25669, -0.20685, -0.94296, 0.80, 0.80, 0.80, 1.00, 0.29348, 0.83742
2238, 682, 0.39942, 5.95421, -0.59714, 0.25669, -0.20685, -0.94296, 0.80, 0.80, 0.80, 1.00, 0.29348, 0.83742
2239, 687, 0.19374, 5.99837, -0.62157, -0.25838, 0.01905, -0.96459, 0.80, 0.80, 0.80, 1.00, 0.25791, 0.83751
2240, 684, 0.48676, 6.09002, -0.60873, 0.13113, -0.19454, -0.97098, 0.80, 0.80, 0.80, 1.00, 0.30702, 0.8185
2241, 684, 0.48676, 6.09002, -0.60873, 0.13113, -0.19454, -0.97098, 0.80, 0.80, 0.80, 1.00, 0.30702, 0.8185
2242, 687, 0.19374, 5.99837, -0.62157, -0.25838, 0.01905, -0.96459, 0.80, 0.80, 0.80, 1.00, 0.25791, 0.83751
2243, 689, 0.23569, 6.16921, -0.60242, -0.45304, 0.06789, -0.88751, 0.80, 0.80, 0.80, 1.00, 0.25961, 0.81486
2244, 684, 0.48676, 6.09002, -0.60873, 0.13113, -0.19454, -0.97098, 0.80, 0.80, 0.80, 1.00, 0.30702, 0.8185
2245, 689, 0.23569, 6.16921, -0.60242, -0.45304, 0.06789, -0.88751, 0.80, 0.80, 0.80, 1.00, 0.25961, 0.81486
2246, 685, 1.01583, 6.8801, -0.94911, 0.14793, 0.03615, -0.98703, 0.80, 0.80, 0.80, 1.00, 0.3719, 0.70971
2247, 685, 1.01583, 6.8801, -0.94911, 0.14793, 0.03615, -0.98703, 0.80, 0.80, 0.80, 1.00, 0.3719, 0.70971
2248, 689, 0.23569, 6.16921, -0.60242, -0.45304, 0.06789, -0.88751, 0.80, 0.80, 0.80, 1.00, 0.25961, 0.81486
2249, 690, 0.34476, 7.24927, -0.645, -0.50558, 0.28468, -0.81298, 0.80, 0.80, 0.80, 1.00, 0.27485, 0.6832
2250, 685, 1.01583, 6.8801, -0.94911, 0.14793, 0.03615, -0.98703, 0.80, 0.80, 0.80, 1.00, 0.3719, 0.70971
2251, 690, 0.34476, 7.24927, -0.645, -0.50558, 0.28468, -0.81298, 0.80, 0.80, 0.80, 1.00, 0.27485, 0.6832
2252, 691, 0.86264, 7.20948, -0.83829, -0.30988, 0.31645, -0.89523, 0.80, 0.80, 0.80, 1.00, 0.37811, 0.67494
2253, 691, 0.86264, 7.20948, -0.83829, -0.30988, 0.31645, -0.89523, 0.80, 0.80, 0.80, 1.00, 0.37811, 0.67494
2254, 690, 0.34476, 7.24927, -0.645, -0.50558, 0.28468, -0.81298, 0.80, 0.80, 0.80, 1.00, 0.27485, 0.6832
2255, 692, 0.94065, 7.6147, -0.74942, -0.31901, 0.47953, -0.8161, 0.80, 0.80, 0.80, 1.00, 0.37774, 0.61106
2256, 692, 0.94065, 7.6147, -0.74942, -0.31901, 0.47953, -0.8161, 0.80, 0.80, 0.80, 1.00, 0.37774, 0.61106
2257, 690, 0.34476, 7.24927, -0.645, -0.50558, 0.28468, -0.81298, 0.80, 0.80, 0.80, 1.00, 0.27485, 0.6832
2258, 693, 0.48438, 7.73065, -0.55102, -0.39673, 0.57998, -0.71014, 0.80, 0.80, 0.80, 1.00, 0.27654, 0.6179
2259, 692, 0.94065, 7.6147, -0.74942, -0.31901, 0.47953, -0.8161, 0.80, 0.80, 0.80, 1.00, 0.37774, 0.61106
2260, 693, 0.48438, 7.73065, -0.55102, -0.39673, 0.57998, -0.71014, 0.80, 0.80, 0.80, 1.00, 0.27654, 0.6179
2261, 694, 0.6162, 7.88518, -0.39008, -0.11771, 0.89167, -0.43616, 0.80, 0.80, 0.80, 1.00, 0.27654, 0.59
2262, 692, 0.94065, 7.6147, -0.74942, -0.31901, 0.47953, -0.8161, 0.80, 0.80, 0.80, 1.00, 0.37774, 0.61106
2263, 694, 0.6162, 7.88518, -0.39008, -0.11771, 0.89167, -0.43616, 0.80, 0.80, 0.80, 1.00, 0.27654, 0.59
2264, 678, 0.97928, 7.75627, -0.59657, -0.15309, 0.96296, -0.21946, 0.80, 0.80, 0.80, 1.00, 0.3779, 0.58894
2265, 676, 0.85592, 7.92406, 0.02329, 0.23692, 0.94486, -0.22488, 0.80, 0.80, 0.80, 1.00, 0.26807, 0.56472
2266, 678, 0.97928, 7.75627, -0.59657, -0.15309, 0.96296, -0.21946, 0.80, 0.80, 0.80, 1.00, 0.3779, 0.58894
2267, 694, 0.6162, 7.88518, -0.39008, -0.11771, 0.89167, -0.43616, 0.80, 0.80, 0.80, 1.00, 0.27654, 0.59
2268, 687, 0.19374, 5.99837, -0.62157, -0.25838, 0.01905, -0.96459, 0.80, 0.80, 0.80, 1.00, 0.25791, 0.83751
2269, 653, -0.23048, 5.82048, -0.21451, -0.82735, 0.19832, -0.52551, 0.80, 0.80, 0.80, 1.00, 0.19239, 0.8691
2270, 654, -0.05253, 6.02177, -0.40055, -0.43598, 0.19914, -0.87624, 0.80, 0.80, 0.80, 1.00, 0.19239, 0.83712
2271, 688, -0.08442, 5.80363, -0.48252, -0.72171, 0.27117, -0.63687, 0.80, 0.80, 0.80, 1.00, 0.25453, 0.86896
2272, 653, -0.23048, 5.82048, -0.21451, -0.82735, 0.19832, -0.52551, 0.80, 0.80, 0.80, 1.00, 0.19239, 0.8691
2273, 687, 0.19374, 5.99837, -0.62157, -0.25838, 0.01905, -0.96459, 0.80, 0.80, 0.80, 1.00, 0.25791, 0.83751
2274, 689, 0.23569, 6.16921, -0.60242, -0.45304, 0.06789, -0.88751, 0.80, 0.80, 0.80, 1.00, 0.25961, 0.81486
2275, 654, -0.05253, 6.02177, -0.40055, -0.43598, 0.19914, -0.87624, 0.80, 0.80, 0.80, 1.00, 0.19239, 0.83712
2276, 655, -0.0214, 6.17611, -0.37988, -0.45055, 0.11753, -0.88358, 0.80, 0.80, 0.80, 1.00, 0.19239, 0.81677
2277, 654, -0.05253, 6.02177, -0.40055, -0.43598, 0.19914, -0.87624, 0.80, 0.80, 0.80, 1.00, 0.19239, 0.83712
2278, 689, 0.23569, 6.16921, -0.60242, -0.45304, 0.06789, -0.88751, 0.80, 0.80, 0.80, 1.00, 0.25961, 0.81486
2279, 687, 0.19374, 5.99837, -0.62157, -0.25838, 0.01905, -0.96459, 0.80, 0.80, 0.80, 1.00, 0.25791, 0.83751
2280, 656, 0.06582, 7.2949, -0.34143, -0.52915, 0.238, -0.81297, 0.80, 0.80, 0.80, 1.00, 0.19239, 0.67902
2281, 689, 0.23569, 6.16921, -0.60242, -0.45304, 0.06789, -0.88751, 0.80, 0.80, 0.80, 1.00, 0.25961, 0.81486
2282, 655, -0.0214, 6.17611, -0.37988, -0.45055, 0.11753, -0.88358, 0.80, 0.80, 0.80, 1.00, 0.19239, 0.81677
2283, 690, 0.34476, 7.24927, -0.645, -0.50558, 0.28468, -0.81298, 0.80, 0.80, 0.80, 1.00, 0.27485, 0.6832
2284, 689, 0.23569, 6.16921, -0.60242, -0.45304, 0.06789, -0.88751, 0.80, 0.80, 0.80, 1.00, 0.25961, 0.81486
2285, 656, 0.06582, 7.2949, -0.34143, -0.52915, 0.238, -0.81297, 0.80, 0.80, 0.80, 1.00, 0.19239, 0.67902
2286, 657, 0.2421, 7.85738, -0.19539, -0.39934, 0.59675, -0.69465, 0.80, 0.80, 0.80, 1.00, 0.19239, 0.6012
2287, 690, 0.34476, 7.24927, -0.645, -0.50558, 0.28468, -0.81298, 0.80, 0.80, 0.80, 1.00, 0.27485, 0.6832
2288, 656, 0.06582, 7.2949, -0.34143, -0.52915, 0.238, -0.81297, 0.80, 0.80, 0.80, 1.00, 0.19239, 0.67902
2289, 693, 0.48438, 7.73065, -0.55102, -0.39673, 0.57998, -0.71014, 0.80, 0.80, 0.80, 1.00, 0.27654, 0.6179
2290, 690, 0.34476, 7.24927, -0.645, -0.50558, 0.28468, -0.81298, 0.80, 0.80, 0.80, 1.00, 0.27485, 0.6832
2291, 657, 0.2421, 7.85738, -0.19539, -0.39934, 0.59675, -0.69465, 0.80, 0.80, 0.80, 1.00, 0.19239, 0.6012
2292, 694, 0.6162, 7.88518, -0.39008, -0.11771, 0.89167, -0.43616, 0.80, 0.80, 0.80, 1.00, 0.27654, 0.59
2293, 693, 0.48438, 7.73065, -0.55102, -0.39673, 0.57998, -0.71014, 0.80, 0.80, 0.80, 1.00, 0.27654, 0.6179
2294, 657, 0.2421, 7.85738, -0.19539, -0.39934, 0.59675, -0.69465, 0.80, 0.80, 0.80, 1.00, 0.19239, 0.6012
2295, 658, 0.32398, 7.951, -0.09496, -0.1253, 0.92369, -0.36116, 0.80, 0.80, 0.80, 1.00, 0.19239, 0.58414
2296, 694, 0.6162, 7.88518, -0.39008, -0.11771, 0.89167, -0.43616, 0.80, 0.80, 0.80, 1.00, 0.27654, 0.59
2297, 657, 0.2421, 7.85738, -0.19539, -0.39934, 0.59675, -0.69465, 0.80, 0.80, 0.80, 1.00, 0.19239, 0.6012
2298, 676, 0.85592, 7.92406, 0.02329, 0.23692, 0.94486, -0.22488, 0.80, 0.80, 0.80, 1.00, 0.26807, 0.56472
2299, 694, 0.6162, 7.88518, -0.39008, -0.11771, 0.89167, -0.43616, 0.80, 0.80, 0.80, 1.00, 0.27654, 0.59
2300, 658, 0.32398, 7.951, -0.09496, -0.1253, 0.92369, -0.36116, 0.80, 0.80, 0.80, 1.00, 0.19239, 0.58414
2301, 659, 0.49826, 8.0842, 0.13166, -0.1589, 0.89987, -0.40522, 0.80, 0.80, 0.80, 1.00, 0.19239, 0.55536
2302, 676, 0.85592, 7.92406, 0.02329, 0.23692, 0.94486, -0.22488, 0.80, 0.80, 0.80, 1.00, 0.26807, 0.56472
2303, 658, 0.32398, 7.951, -0.09496, -0.1253, 0.92369, -0.36116, 0.80, 0.80, 0.80, 1.00, 0.19239, 0.58414
2304, 680, 0.41827, 5.70632, -0.62535, -0.10405, 0.20976, -0.9722, 0.80, 0.80, 0.80, 1.00, 0.33412, 0.87207
2305, 695, 0.41162, 5.57988, -0.68552, -0.03957, 0.42579, -0.90395, 0.80, 0.80, 0.80, 1.00, 0.34551, 0.88833
2306, 681, 0.03509, 5.79612, -0.56496, -0.30233, 0.17007, -0.93791, 0.80, 0.80, 0.80, 1.00, 0.28162, 0.8678
2307, 681, 0.03509, 5.79612, -0.56496, -0.30233, 0.17007, -0.93791, 0.80, 0.80, 0.80, 1.00, 0.28162, 0.8678
2308, 695, 0.41162, 5.57988, -0.68552, -0.03957, 0.42579, -0.90395, 0.80, 0.80, 0.80, 1.00, 0.34551, 0.88833
2309, 696, 0.01441, 5.63836, -0.64114, -0.26264, 0.38451, -0.88497, 0.80, 0.80, 0.80, 1.00, 0.29471, 0.88833
2310, 681, 0.03509, 5.79612, -0.56496, -0.30233, 0.17007, -0.93791, 0.80, 0.80, 0.80, 1.00, 0.28162, 0.8678
2311, 697, -0.15044, 5.66133, -0.53088, -0.59154, 0.48607, -0.64328, 0.80, 0.80, 0.80, 1.00, 0.25776, 0.88833
2312, 688, -0.08442, 5.80363, -0.48252, -0.72171, 0.27117, -0.63687, 0.80, 0.80, 0.80, 1.00, 0.25453, 0.86896
2313, 696, 0.01441, 5.63836, -0.64114, -0.26264, 0.38451, -0.88497, 0.80, 0.80, 0.80, 1.00, 0.29471, 0.88833
2314, 697, -0.15044, 5.66133, -0.53088, -0.59154, 0.48607, -0.64328, 0.80, 0.80, 0.80, 1.00, 0.25776, 0.88833
2315, 681, 0.03509, 5.79612, -0.56496, -0.30233, 0.17007, -0.93791, 0.80, 0.80, 0.80, 1.00, 0.28162, 0.8678
2316, 688, -0.08442, 5.80363, -0.48252, -0.72171, 0.27117, -0.63687, 0.80, 0.80, 0.80, 1.00, 0.25453, 0.86896
2317, 663, -0.32495, 5.68351, -0.26212, -0.6921, 0.5484, -0.46931, 0.80, 0.80, 0.80, 1.00, 0.19239, 0.88833
2318, 653, -0.23048, 5.82048, -0.21451, -0.82735, 0.19832, -0.52551, 0.80, 0.80, 0.80, 1.00, 0.19239, 0.8691
2319, 697, -0.15044, 5.66133, -0.53088, -0.59154, 0.48607, -0.64328, 0.80, 0.80, 0.80, 1.00, 0.25776, 0.88833
2320, 663, -0.32495, 5.68351, -0.26212, -0.6921, 0.5484, -0.46931, 0.80, 0.80, 0.80, 1.00, 0.19239, 0.88833
2321, 688, -0.08442, 5.80363, -0.48252, -0.72171, 0.27117, -0.63687, 0.80, 0.80, 0.80, 1.00, 0.25453, 0.86896
2322, 695, 0.41162, 5.57988, -0.68552, -0.03957, 0.42579, -0.90395, 0.80, 0.80, 0.80, 1.00, 0.34551, 0.88833
2323, 698, 0.40359, 5.46055, -0.7385, -0.09663, 0.22566, -0.9694, 0.80, 0.80, 0.80, 1.00, 0.35542, 0.9037
2324, 696, 0.01441, 5.63836, -0.64114, -0.26264, 0.38451, -0.88497, 0.80, 0.80, 0.80, 1.00, 0.29471, 0.88833
2325, 696, 0.01441, 5.63836, -0.64114, -0.26264, 0.38451, -0.88497, 0.80, 0.80, 0.80, 1.00, 0.29471, 0.88833
2326, 698, 0.40359, 5.46055, -0.7385, -0.09663, 0.22566, -0.9694, 0.80, 0.80, 0.80, 1.00, 0.35542, 0.9037
2327, 699, 0.00218, 5.52222, -0.67171, -0.28483, 0.22574, -0.93162, 0.80, 0.80, 0.80, 1.00, 0.30025, 0.90333
2328, 698, 0.40359, 5.46055, -0.7385, -0.09663, 0.22566, -0.9694, 0.80, 0.80, 0.80, 1.00, 0.35542, 0.9037
2329, 700, 0.13133, 5.10114, -0.84299, -0.52573, 0.06863, -0.84788, 0.80, 0.80, 0.80, 1.00, 0.36746, 0.95368
2330, 701, -0.29966, 5.08286, -0.57723, -0.73659, 0.03377, -0.67549, 0.80, 0.80, 0.80, 1.00, 0.30533, 0.95603
2331, 699, 0.00218, 5.52222, -0.67171, -0.28483, 0.22574, -0.93162, 0.80, 0.80, 0.80, 1.00, 0.30025, 0.90333
2332, 698, 0.40359, 5.46055, -0.7385, -0.09663, 0.22566, -0.9694, 0.80, 0.80, 0.80, 1.00, 0.35542, 0.9037
2333, 701, -0.29966, 5.08286, -0.57723, -0.73659, 0.03377, -0.67549, 0.80, 0.80, 0.80, 1.00, 0.30533, 0.95603
2334, 699, 0.00218, 5.52222, -0.67171, -0.28483, 0.22574, -0.93162, 0.80, 0.80, 0.80, 1.00, 0.30025, 0.90333
2335, 701, -0.29966, 5.08286, -0.57723, -0.73659, 0.03377, -0.67549, 0.80, 0.80, 0.80, 1.00, 0.30533, 0.95603
2336, 702, -0.2093, 5.54849, -0.55929, -0.62761, 0.27539, -0.7282, 0.80, 0.80, 0.80, 1.00, 0.25791, 0.90379
2337, 701, -0.29966, 5.08286, -0.57723, -0.73659, 0.03377, -0.67549, 0.80, 0.80, 0.80, 1.00, 0.30533, 0.95603
2338, 703, -0.41626, 5.09237, -0.3543, -0.96619, -0.09064, -0.24138, 0.80, 0.80, 0.80, 1.00, 0.25791, 0.95481
2339, 702, -0.2093, 5.54849, -0.55929, -0.62761, 0.27539, -0.7282, 0.80, 0.80, 0.80, 1.00, 0.25791, 0.90379
2340, 696, 0.01441, 5.63836, -0.64114, -0.26264, 0.38451, -0.88497, 0.80, 0.80, 0.80, 1.00, 0.29471, 0.88833
2341, 702, -0.2093, 5.54849, -0.55929, -0.62761, 0.27539, -0.7282, 0.80, 0.80, 0.80, 1.00, 0.25791, 0.90379
2342, 697, -0.15044, 5.66133, -0.53088, -0.59154, 0.48607, -0.64328, 0.80, 0.80, 0.80, 1.00, 0.25776, 0.88833
2343, 696, 0.01441, 5.63836, -0.64114, -0.26264, 0.38451, -0.88497, 0.80, 0.80, 0.80, 1.00, 0.29471, 0.88833
2344, 699, 0.00218, 5.52222, -0.67171, -0.28483, 0.22574, -0.93162, 0.80, 0.80, 0.80, 1.00, 0.30025, 0.90333
2345, 702, -0.2093, 5.54849, -0.55929, -0.62761, 0.27539, -0.7282, 0.80, 0.80, 0.80, 1.00, 0.25791, 0.90379
2346, 702, -0.2093, 5.54849, -0.55929, -0.62761, 0.27539, -0.7282, 0.80, 0.80, 0.80, 1.00, 0.25791, 0.90379
2347, 670, -0.44662, 5.08476, -0.03387, -0.99416, -0.05266, -0.09412, 0.80, 0.80, 0.80, 1.00, 0.19239, 0.95578
2348, 671, -0.38722, 5.57553, -0.29213, -0.76588, 0.40017, -0.50328, 0.80, 0.80, 0.80, 1.00, 0.19239, 0.90324
2349, 670, -0.44662, 5.08476, -0.03387, -0.99416, -0.05266, -0.09412, 0.80, 0.80, 0.80, 1.00, 0.19239, 0.95578
2350, 702, -0.2093, 5.54849, -0.55929, -0.62761, 0.27539, -0.7282, 0.80, 0.80, 0.80, 1.00, 0.25791, 0.90379
2351, 703, -0.41626, 5.09237, -0.3543, -0.96619, -0.09064, -0.24138, 0.80, 0.80, 0.80, 1.00, 0.25791, 0.95481
2352, 697, -0.15044, 5.66133, -0.53088, -0.59154, 0.48607, -0.64328, 0.80, 0.80, 0.80, 1.00, 0.25776, 0.88833
2353, 671, -0.38722, 5.57553, -0.29213, -0.76588, 0.40017, -0.50328, 0.80, 0.80, 0.80, 1.00, 0.19239, 0.90324
2354, 663, -0.32495, 5.68351, -0.26212, -0.6921, 0.5484, -0.46931, 0.80, 0.80, 0.80, 1.00, 0.19239, 0.88833
2355, 697, -0.15044, 5.66133, -0.53088, -0.59154, 0.48607, -0.64328, 0.80, 0.80, 0.80, 1.00, 0.25776, 0.88833
2356, 702, -0.2093, 5.54849, -0.55929, -0.62761, 0.27539, -0.7282, 0.80, 0.80, 0.80, 1.00, 0.25791, 0.90379
2357, 671, -0.38722, 5.57553, -0.29213, -0.76588, 0.40017, -0.50328, 0.80, 0.80, 0.80, 1.00, 0.19239, 0.90324
2358, 700, 0.13133, 5.10114, -0.84299, -0.52573, 0.06863, -0.84788, 0.80, 0.80, 0.80, 1.00, 0.36746, 0.95368
2359, 704, 0.42506, 4.75547, -0.85091, -0.3658, -0.45069, -0.81055, 0.80, 0.80, 0.80, 1.00, 0.3754, 0.99597
2360, 701, -0.29966, 5.08286, -0.57723, -0.73659, 0.03377, -0.67549, 0.80, 0.80, 0.80, 1.00, 0.30533, 0.95603
2361, 701, -0.29966, 5.08286, -0.57723, -0.73659, 0.03377, -0.67549, 0.80, 0.80, 0.80, 1.00, 0.30533, 0.95603
2362, 704, 0.42506, 4.75547, -0.85091, -0.3658, -0.45069, -0.81055, 0.80, 0.80, 0.80, 1.00, 0.3754, 0.99597
2363, 705, 0.22537, 4.4378, -0.5701, -0.41355, -0.68177, -0.59374, 0.80, 0.80, 0.80, 1.00, 0.31491, 0.99604
2364, 701, -0.29966, 5.08286, -0.57723, -0.73659, 0.03377, -0.67549, 0.80, 0.80, 0.80, 1.00, 0.30533, 0.95603
2365, 706, 0.1822, 4.36768, -0.33316, -0.3987, -0.87044, -0.25731, 0.80, 0.80, 0.80, 1.00, 0.26598, 0.99611
2366, 703, -0.41626, 5.09237, -0.3543, -0.96619, -0.09064, -0.24138, 0.80, 0.80, 0.80, 1.00, 0.25791, 0.95481
2367, 705, 0.22537, 4.4378, -0.5701, -0.41355, -0.68177, -0.59374, 0.80, 0.80, 0.80, 1.00, 0.31491, 0.99604
2368, 706, 0.1822, 4.36768, -0.33316, -0.3987, -0.87044, -0.25731, 0.80, 0.80, 0.80, 1.00, 0.26598, 0.99611
2369, 701, -0.29966, 5.08286, -0.57723, -0.73659, 0.03377, -0.67549, 0.80, 0.80, 0.80, 1.00, 0.30533, 0.95603
2370, 703, -0.41626, 5.09237, -0.3543, -0.96619, -0.09064, -0.24138, 0.80, 0.80, 0.80, 1.00, 0.25791, 0.95481
2371, 675, -0.37761, 4.77149, -0.02733, -0.97519, -0.20118, -0.09232, 0.80, 0.80, 0.80, 1.00, 0.19239, 0.99593
2372, 670, -0.44662, 5.08476, -0.03387, -0.99416, -0.05266, -0.09412, 0.80, 0.80, 0.80, 1.00, 0.19239, 0.95578
2373, 675, -0.37761, 4.77149, -0.02733, -0.97519, -0.20118, -0.09232, 0.80, 0.80, 0.80, 1.00, 0.19239, 0.99593
2374, 703, -0.41626, 5.09237, -0.3543, -0.96619, -0.09064, -0.24138, 0.80, 0.80, 0.80, 1.00, 0.25791, 0.95481
2375, 706, 0.1822, 4.36768, -0.33316, -0.3987, -0.87044, -0.25731, 0.80, 0.80, 0.80, 1.00, 0.26598, 0.99611
2376, 707, -0.06671, 5.81909, 0.62163, -0.30439, -0.34124, 0.88798, 0.80, 0.80, 0.80, 1.00, 0.73749, 0.84695
2377, 708, 0.63349, 5.62785, 0.33313, 0.84368, -0.09814, 0.5278, 0.80, 0.80, 0.80, 1.00, 0.63385, 0.87519
2378, 709, 0.39131, 5.77521, 0.50238, 0.33701, -0.53644, 0.77241, 0.80, 0.80, 0.80, 1.00, 0.63385, 0.84348
2379, 708, 0.63349, 5.62785, 0.33313, 0.84368, -0.09814, 0.5278, 0.80, 0.80, 0.80, 1.00, 0.63385, 0.87519
2380, 707, -0.06671, 5.81909, 0.62163, -0.30439, -0.34124, 0.88798, 0.80, 0.80, 0.80, 1.00, 0.73749, 0.84695
2381, 710, 0.26928, 5.71056, 0.69658, 0.23406, 0.11562, 0.96532, 0.80, 0.80, 0.80, 1.00, 0.74539, 0.87156
2382, 709, 0.39131, 5.77521, 0.50238, 0.33701, -0.53644, 0.77241, 0.80, 0.80, 0.80, 1.00, 0.63385, 0.84348
2383, 711, 0.4794, 5.91738, 0.63408, 0.35613, -0.48675, 0.79631, 0.80, 0.80, 0.80, 1.00, 0.63385, 0.82468
2384, 712, -0.12277, 6.03144, 0.79851, -0.20005, -0.39034, 0.89737, 0.80, 0.80, 0.80, 1.00, 0.73768, 0.82474
2385, 709, 0.39131, 5.77521, 0.50238, 0.33701, -0.53644, 0.77241, 0.80, 0.80, 0.80, 1.00, 0.63385, 0.84348
2386, 712, -0.12277, 6.03144, 0.79851, -0.20005, -0.39034, 0.89737, 0.80, 0.80, 0.80, 1.00, 0.73768, 0.82474
2387, 707, -0.06671, 5.81909, 0.62163, -0.30439, -0.34124, 0.88798, 0.80, 0.80, 0.80, 1.00, 0.73749, 0.84695
2388, 712, -0.12277, 6.03144, 0.79851, -0.20005, -0.39034, 0.89737, 0.80, 0.80, 0.80, 1.00, 0.73768, 0.82474
2389, 713, 0.0923, 6.62655, 0.90657, 0.09562, -0.30262, 0.94702, 0.80, 0.80, 0.80, 1.00, 0.747, 0.74537
2390, 714, -0.13495, 6.71599, 0.86213, -0.54107, -0.16585, 0.82296, 0.80, 0.80, 0.80, 1.00, 0.80067, 0.74405
2391, 712, -0.12277, 6.03144, 0.79851, -0.20005, -0.39034, 0.89737, 0.80, 0.80, 0.80, 1.00, 0.73768, 0.82474
2392, 711, 0.4794, 5.91738, 0.63408, 0.35613, -0.48675, 0.79631, 0.80, 0.80, 0.80, 1.00, 0.63385, 0.82468
2393, 715, 0.65842, 6.52382, 0.65663, 0.5051, -0.35216, 0.78647, 0.80, 0.80, 0.80, 1.00, 0.63385, 0.74442
2394, 713, 0.0923, 6.62655, 0.90657, 0.09562, -0.30262, 0.94702, 0.80, 0.80, 0.80, 1.00, 0.747, 0.74537
2395, 716, 0.17051, 6.88012, 0.97937, 0.07306, -0.07095, 0.99356, 0.80, 0.80, 0.80, 1.00, 0.747, 0.72113
2396, 714, -0.13495, 6.71599, 0.86213, -0.54107, -0.16585, 0.82296, 0.80, 0.80, 0.80, 1.00, 0.80067, 0.74405
2397, 714, -0.13495, 6.71599, 0.86213, -0.54107, -0.16585, 0.82296, 0.80, 0.80, 0.80, 1.00, 0.80067, 0.74405
2398, 716, 0.17051, 6.88012, 0.97937, 0.07306, -0.07095, 0.99356, 0.80, 0.80, 0.80, 1.00, 0.747, 0.72113
2399, 717, -0.05104, 6.97638, 0.93936, -0.36507, -0.01022, 0.92962, 0.80, 0.80, 0.80, 1.00, 0.80067, 0.71913
2400, 716, 0.17051, 6.88012, 0.97937, 0.07306, -0.07095, 0.99356, 0.80, 0.80, 0.80, 1.00, 0.747, 0.72113
2401, 718, 0.75222, 7.5537, 0.60278, 0.57286, 0.23025, 0.78525, 0.80, 0.80, 0.80, 1.00, 0.63385, 0.63694
2402, 719, 0.03969, 7.65193, 0.79245, 0.25067, 0.455, 0.85333, 0.80, 0.80, 0.80, 1.00, 0.7742, 0.6389
2403, 720, 0.73397, 6.77185, 0.72837, 0.52415, -0.25895, 0.8098, 0.80, 0.80, 0.80, 1.00, 0.63385, 0.72087
2404, 718, 0.75222, 7.5537, 0.60278, 0.57286, 0.23025, 0.78525, 0.80, 0.80, 0.80, 1.00, 0.63385, 0.63694
2405, 716, 0.17051, 6.88012, 0.97937, 0.07306, -0.07095, 0.99356, 0.80, 0.80, 0.80, 1.00, 0.747, 0.72113
2406, 710, 0.26928, 5.71056, 0.69658, 0.23406, 0.11562, 0.96532, 0.80, 0.80, 0.80, 1.00, 0.74539, 0.87156
2407, 707, -0.06671, 5.81909, 0.62163, -0.30439, -0.34124, 0.88798, 0.80, 0.80, 0.80, 1.00, 0.73749, 0.84695
2408, 721, -0.39564, 5.9743, 0.30001, -0.68723, -0.07865, 0.72046, 0.80, 0.80, 0.80, 1.00, 0.80909, 0.84596
2409, 710, 0.26928, 5.71056, 0.69658, 0.23406, 0.11562, 0.96532, 0.80, 0.80, 0.80, 1.00, 0.74539, 0.87156
2410, 721, -0.39564, 5.9743, 0.30001, -0.68723, -0.07865, 0.72046, 0.80, 0.80, 0.80, 1.00, 0.80909, 0.84596
2411, 722, -0.14083, 5.75617, 0.59689, -0.17685, 0.29947, 0.93757, 0.80, 0.80, 0.80, 1.00, 0.79666, 0.87338
2412, 721, -0.39564, 5.9743, 0.30001, -0.68723, -0.07865, 0.72046, 0.80, 0.80, 0.80, 1.00, 0.80909, 0.84596
2413, 707, -0.06671, 5.81909, 0.62163, -0.30439, -0.34124, 0.88798, 0.80, 0.80, 0.80, 1.00, 0.73749, 0.84695
2414, 723, -0.45467, 6.16467, 0.37387, -0.74204, -0.29848, 0.59823, 0.80, 0.80, 0.80, 1.00, 0.81059, 0.82602
2415, 707, -0.06671, 5.81909, 0.62163, -0.30439, -0.34124, 0.88798, 0.80, 0.80, 0.80, 1.00, 0.73749, 0.84695
2416, 712, -0.12277, 6.03144, 0.79851, -0.20005, -0.39034, 0.89737, 0.80, 0.80, 0.80, 1.00, 0.73768, 0.82474
2417, 723, -0.45467, 6.16467, 0.37387, -0.74204, -0.29848, 0.59823, 0.80, 0.80, 0.80, 1.00, 0.81059, 0.82602
2418, 723, -0.45467, 6.16467, 0.37387, -0.74204, -0.29848, 0.59823, 0.80, 0.80, 0.80, 1.00, 0.81059, 0.82602
2419, 712, -0.12277, 6.03144, 0.79851, -0.20005, -0.39034, 0.89737, 0.80, 0.80, 0.80, 1.00, 0.73768, 0.82474
2420, 714, -0.13495, 6.71599, 0.86213, -0.54107, -0.16585, 0.82296, 0.80, 0.80, 0.80, 1.00, 0.80067, 0.74405
2421, 723, -0.45467, 6.16467, 0.37387, -0.74204, -0.29848, 0.59823, 0.80, 0.80, 0.80, 1.00, 0.81059, 0.82602
2422, 714, -0.13495, 6.71599, 0.86213, -0.54107, -0.16585, 0.82296, 0.80, 0.80, 0.80, 1.00, 0.80067, 0.74405
2423, 724, -0.35436, 6.91513, 0.6281, -0.62867, -0.23563, 0.73945, 0.80, 0.80, 0.80, 1.00, 0.83713, 0.73723
2424, 724, -0.35436, 6.91513, 0.6281, -0.62867, -0.23563, 0.73945, 0.80, 0.80, 0.80, 1.00, 0.83713, 0.73723
2425, 714, -0.13495, 6.71599, 0.86213, -0.54107, -0.16585, 0.82296, 0.80, 0.80, 0.80, 1.00, 0.80067, 0.74405
2426, 725, -0.40624, 7.17824, 0.83969, -0.38335, 0.06062, 0.92012, 0.80, 0.80, 0.80, 1.00, 0.83816, 0.70727
2427, 725, -0.40624, 7.17824, 0.83969, -0.38335, 0.06062, 0.92012, 0.80, 0.80, 0.80, 1.00, 0.83816, 0.70727
2428, 714, -0.13495, 6.71599, 0.86213, -0.54107, -0.16585, 0.82296, 0.80, 0.80, 0.80, 1.00, 0.80067, 0.74405
2429, 717, -0.05104, 6.97638, 0.93936, -0.36507, -0.01022, 0.92962, 0.80, 0.80, 0.80, 1.00, 0.80067, 0.71913
2430, 725, -0.40624, 7.17824, 0.83969, -0.38335, 0.06062, 0.92012, 0.80, 0.80, 0.80, 1.00, 0.83816, 0.70727
2431, 717, -0.05104, 6.97638, 0.93936, -0.36507, -0.01022, 0.92962, 0.80, 0.80, 0.80, 1.00, 0.80067, 0.71913
2432, 719, 0.03969, 7.65193, 0.79245, 0.25067, 0.455, 0.85333, 0.80, 0.80, 0.80, 1.00, 0.7742, 0.6389
2433, 725, -0.40624, 7.17824, 0.83969, -0.38335, 0.06062, 0.92012, 0.80, 0.80, 0.80, 1.00, 0.83816, 0.70727
2434, 719, 0.03969, 7.65193, 0.79245, 0.25067, 0.455, 0.85333, 0.80, 0.80, 0.80, 1.00, 0.7742, 0.6389
2435, 726, -0.1545, 7.68037, 0.83914, 0.26587, 0.33219, 0.90374, 0.80, 0.80, 0.80, 1.00, 0.83797, 0.64565
2436, 718, 0.75222, 7.5537, 0.60278, 0.57286, 0.23025, 0.78525, 0.80, 0.80, 0.80, 1.00, 0.63385, 0.63694
2437, 727, 0.41856, 7.75987, 0.64868, 0.27051, 0.61796, 0.73739, 0.80, 0.80, 0.80, 1.00, 0.69503, 0.62512
2438, 719, 0.03969, 7.65193, 0.79245, 0.25067, 0.455, 0.85333, 0.80, 0.80, 0.80, 1.00, 0.7742, 0.6389
2439, 719, 0.03969, 7.65193, 0.79245, 0.25067, 0.455, 0.85333, 0.80, 0.80, 0.80, 1.00, 0.7742, 0.6389
2440, 727, 0.41856, 7.75987, 0.64868, 0.27051, 0.61796, 0.73739, 0.80, 0.80, 0.80, 1.00, 0.69503, 0.62512
2441, 728, -0.20754, 7.8547, 0.67354, 0.36038, 0.75798, 0.54259, 0.80, 0.80, 0.80, 1.00, 0.83807, 0.63116
2442, 719, 0.03969, 7.65193, 0.79245, 0.25067, 0.455, 0.85333, 0.80, 0.80, 0.80, 1.00, 0.7742, 0.6389
2443, 728, -0.20754, 7.8547, 0.67354, 0.36038, 0.75798, 0.54259, 0.80, 0.80, 0.80, 1.00, 0.83807, 0.63116
2444, 726, -0.1545, 7.68037, 0.83914, 0.26587, 0.33219, 0.90374, 0.80, 0.80, 0.80, 1.00, 0.83797, 0.64565
2445, 728, -0.20754, 7.8547, 0.67354, 0.36038, 0.75798, 0.54259, 0.80, 0.80, 0.80, 1.00, 0.83807, 0.63116
2446, 727, 0.41856, 7.75987, 0.64868, 0.27051, 0.61796, 0.73739, 0.80, 0.80, 0.80, 1.00, 0.69503, 0.62512
2447, 729, 0.24843, 8.006, 0.44262, 0.21869, 0.71146, 0.66716, 0.80, 0.80, 0.80, 1.00, 0.70451, 0.61042
2448, 722, -0.14083, 5.75617, 0.59689, -0.17685, 0.29947, 0.93757, 0.80, 0.80, 0.80, 1.00, 0.79666, 0.87338
2449, 721, -0.39564, 5.9743, 0.30001, -0.68723, -0.07865, 0.72046, 0.80, 0.80, 0.80, 1.00, 0.80909, 0.84596
2450, 730, -0.52566, 5.99512, 0.19173, -0.67283, -0.14608, 0.72352, 0.80, 0.80, 0.80, 1.00, 0.83039, 0.84807
2451, 722, -0.14083, 5.75617, 0.59689, -0.17685, 0.29947, 0.93757, 0.80, 0.80, 0.80, 1.00, 0.79666, 0.87338
2452, 730, -0.52566, 5.99512, 0.19173, -0.67283, -0.14608, 0.72352, 0.80, 0.80, 0.80, 1.00, 0.83039, 0.84807
2453, 731, -0.31091, 5.79815, 0.55732, -0.16858, 0.22211, 0.96034, 0.80, 0.80, 0.80, 1.00, 0.81639, 0.87164
2454, 730, -0.52566, 5.99512, 0.19173, -0.67283, -0.14608, 0.72352, 0.80, 0.80, 0.80, 1.00, 0.83039, 0.84807
2455, 721, -0.39564, 5.9743, 0.30001, -0.68723, -0.07865, 0.72046, 0.80, 0.80, 0.80, 1.00, 0.80909, 0.84596
2456, 723, -0.45467, 6.16467, 0.37387, -0.74204, -0.29848, 0.59823, 0.80, 0.80, 0.80, 1.00, 0.81059, 0.82602
2457, 730, -0.52566, 5.99512, 0.19173, -0.67283, -0.14608, 0.72352, 0.80, 0.80, 0.80, 1.00, 0.83039, 0.84807
2458, 723, -0.45467, 6.16467, 0.37387, -0.74204, -0.29848, 0.59823, 0.80, 0.80, 0.80, 1.00, 0.81059, 0.82602
2459, 732, -0.57413, 6.20069, 0.26391, -0.63914, -0.22238, 0.73456, 0.80, 0.80, 0.80, 1.00, 0.84244, 0.82475
2460, 732, -0.57413, 6.20069, 0.26391, -0.63914, -0.22238, 0.73456, 0.80, 0.80, 0.80, 1.00, 0.84244, 0.82475
2461, 724, -0.35436, 6.91513, 0.6281, -0.62867, -0.23563, 0.73945, 0.80, 0.80, 0.80, 1.00, 0.83713, 0.73723
2462, 733, -0.39643, 6.92831, 0.61076, -0.44648, -0.33734, 0.82732, 0.80, 0.80, 0.80, 1.00, 0.83841, 0.73597
2463, 732, -0.57413, 6.20069, 0.26391, -0.63914, -0.22238, 0.73456, 0.80, 0.80, 0.80, 1.00, 0.84244, 0.82475
2464, 723, -0.45467, 6.16467, 0.37387, -0.74204, -0.29848, 0.59823, 0.80, 0.80, 0.80, 1.00, 0.81059, 0.82602
2465, 724, -0.35436, 6.91513, 0.6281, -0.62867, -0.23563, 0.73945, 0.80, 0.80, 0.80, 1.00, 0.83713, 0.73723
2466, 733, -0.39643, 6.92831, 0.61076, -0.44648, -0.33734, 0.82732, 0.80, 0.80, 0.80, 1.00, 0.83841, 0.73597
2467, 724, -0.35436, 6.91513, 0.6281, -0.62867, -0.23563, 0.73945, 0.80, 0.80, 0.80, 1.00, 0.83713, 0.73723
2468, 725, -0.40624, 7.17824, 0.83969, -0.38335, 0.06062, 0.92012, 0.80, 0.80, 0.80, 1.00, 0.83816, 0.70727
2469, 734, 0.6248, 5.53379, 0.33508, 0.83596, -0.15224, 0.52724, 0.80, 0.80, 0.80, 1.00, 0.63385, 0.88546
2470, 708, 0.63349, 5.62785, 0.33313, 0.84368, -0.09814, 0.5278, 0.80, 0.80, 0.80, 1.00, 0.63385, 0.87519
2471, 710, 0.26928, 5.71056, 0.69658, 0.23406, 0.11562, 0.96532, 0.80, 0.80, 0.80, 1.00, 0.74539, 0.87156
2472, 734, 0.6248, 5.53379, 0.33508, 0.83596, -0.15224, 0.52724, 0.80, 0.80, 0.80, 1.00, 0.63385, 0.88546
2473, 710, 0.26928, 5.71056, 0.69658, 0.23406, 0.11562, 0.96532, 0.80, 0.80, 0.80, 1.00, 0.74539, 0.87156
2474, 735, 0.24579, 5.58494, 0.70699, 0.35716, -0.02864, 0.9336, 0.80, 0.80, 0.80, 1.00, 0.73225, 0.88546
2475, 735, 0.24579, 5.58494, 0.70699, 0.35716, -0.02864, 0.9336, 0.80, 0.80, 0.80, 1.00, 0.73225, 0.88546
2476, 710, 0.26928, 5.71056, 0.69658, 0.23406, 0.11562, 0.96532, 0.80, 0.80, 0.80, 1.00, 0.74539, 0.87156
2477, 736, -0.19462, 5.65123, 0.6529, -0.1674, 0.36046, 0.91763, 0.80, 0.80, 0.80, 1.00, 0.80282, 0.88546
2478, 736, -0.19462, 5.65123, 0.6529, -0.1674, 0.36046, 0.91763, 0.80, 0.80, 0.80, 1.00, 0.80282, 0.88546
2479, 710, 0.26928, 5.71056, 0.69658, 0.23406, 0.11562, 0.96532, 0.80, 0.80, 0.80, 1.00, 0.74539, 0.87156
2480, 722, -0.14083, 5.75617, 0.59689, -0.17685, 0.29947, 0.93757, 0.80, 0.80, 0.80, 1.00, 0.79666, 0.87338
2481, 736, -0.19462, 5.65123, 0.6529, -0.1674, 0.36046, 0.91763, 0.80, 0.80, 0.80, 1.00, 0.80282, 0.88546
2482, 722, -0.14083, 5.75617, 0.59689, -0.17685, 0.29947, 0.93757, 0.80, 0.80, 0.80, 1.00, 0.79666, 0.87338
2483, 737, -0.37618, 5.6791, 0.59221, -0.19214, 0.53693, 0.82145, 0.80, 0.80, 0.80, 1.00, 0.8201, 0.88546
2484, 738, -0.37618, 5.6791, 0.59221, -0.18821, 0.35483, 0.91579, 0.80, 0.80, 0.80, 1.00, 0.81144, 0.88546
2485, 722, -0.14083, 5.75617, 0.59689, -0.17685, 0.29947, 0.93757, 0.80, 0.80, 0.80, 1.00, 0.79666, 0.87338
2486, 731, -0.31091, 5.79815, 0.55732, -0.16858, 0.22211, 0.96034, 0.80, 0.80, 0.80, 1.00, 0.81639, 0.87164
2487, 739, 0.65484, 5.11546, 0.07041, 0.98793, -0.12349, 0.09353, 0.80, 0.80, 0.80, 1.00, 0.63385, 0.93945
2488, 734, 0.6248, 5.53379, 0.33508, 0.83596, -0.15224, 0.52724, 0.80, 0.80, 0.80, 1.00, 0.63385, 0.88546
2489, 735, 0.24579, 5.58494, 0.70699, 0.35716, -0.02864, 0.9336, 0.80, 0.80, 0.80, 1.00, 0.73225, 0.88546
2490, 739, 0.65484, 5.11546, 0.07041, 0.98793, -0.12349, 0.09353, 0.80, 0.80, 0.80, 1.00, 0.63385, 0.93945
2491, 735, 0.24579, 5.58494, 0.70699, 0.35716, -0.02864, 0.9336, 0.80, 0.80, 0.80, 1.00, 0.73225, 0.88546
2492, 740, 0.48149, 5.10168, 0.58621, 0.90105, -0.01881, 0.43331, 0.80, 0.80, 0.80, 1.00, 0.73455, 0.94095
2493, 740, 0.48149, 5.10168, 0.58621, 0.90105, -0.01881, 0.43331, 0.80, 0.80, 0.80, 1.00, 0.73455, 0.94095
2494, 735, 0.24579, 5.58494, 0.70699, 0.35716, -0.02864, 0.9336, 0.80, 0.80, 0.80, 1.00, 0.73225, 0.88546
2495, 741, 0.33961, 5.09332, 0.8008, 0.51057, 0.09134, 0.85497, 0.80, 0.80, 0.80, 1.00, 0.7777, 0.94186
2496, 742, -0.21246, 5.52655, 0.69026, -0.17322, 0.24903, 0.95288, 0.80, 0.80, 0.80, 1.00, 0.80041, 0.89912
2497, 735, 0.24579, 5.58494, 0.70699, 0.35716, -0.02864, 0.9336, 0.80, 0.80, 0.80, 1.00, 0.73225, 0.88546
2498, 736, -0.19462, 5.65123, 0.6529, -0.1674, 0.36046, 0.91763, 0.80, 0.80, 0.80, 1.00, 0.80282, 0.88546
2499, 742, -0.21246, 5.52655, 0.69026, -0.17322, 0.24903, 0.95288, 0.80, 0.80, 0.80, 1.00, 0.80041, 0.89912
2500, 743, -0.03078, 5.10114, 0.86934, 0.19693, 0.12069, 0.97296, 0.80, 0.80, 0.80, 1.00, 0.82847, 0.941
2501, 741, 0.33961, 5.09332, 0.8008, 0.51057, 0.09134, 0.85497, 0.80, 0.80, 0.80, 1.00, 0.7777, 0.94186
2502, 742, -0.21246, 5.52655, 0.69026, -0.17322, 0.24903, 0.95288, 0.80, 0.80, 0.80, 1.00, 0.80041, 0.89912
2503, 736, -0.19462, 5.65123, 0.6529, -0.1674, 0.36046, 0.91763, 0.80, 0.80, 0.80, 1.00, 0.80282, 0.88546
2504, 744, -0.43518, 5.56618, 0.6219, -0.24288, 0.29303, 0.92474, 0.80, 0.80, 0.80, 1.00, 0.82069, 0.89852
2505, 744, -0.43518, 5.56618, 0.6219, -0.24288, 0.29303, 0.92474, 0.80, 0.80, 0.80, 1.00, 0.82069, 0.89852
2506, 736, -0.19462, 5.65123, 0.6529, -0.1674, 0.36046, 0.91763, 0.80, 0.80, 0.80, 1.00, 0.80282, 0.88546
2507, 738, -0.37618, 5.6791, 0.59221, -0.18821, 0.35483, 0.91579, 0.80, 0.80, 0.80, 1.00, 0.81144, 0.88546
2508, 742, -0.21246, 5.52655, 0.69026, -0.17322, 0.24903, 0.95288, 0.80, 0.80, 0.80, 1.00, 0.80041, 0.89912
2509, 741, 0.33961, 5.09332, 0.8008, 0.51057, 0.09134, 0.85497, 0.80, 0.80, 0.80, 1.00, 0.7777, 0.94186
2510, 735, 0.24579, 5.58494, 0.70699, 0.35716, -0.02864, 0.9336, 0.80, 0.80, 0.80, 1.00, 0.73225, 0.88546
2511, 742, -0.21246, 5.52655, 0.69026, -0.17322, 0.24903, 0.95288, 0.80, 0.80, 0.80, 1.00, 0.80041, 0.89912
2512, 744, -0.43518, 5.56618, 0.6219, -0.24288, 0.29303, 0.92474, 0.80, 0.80, 0.80, 1.00, 0.82069, 0.89852
2513, 743, -0.03078, 5.10114, 0.86934, 0.19693, 0.12069, 0.97296, 0.80, 0.80, 0.80, 1.00, 0.82847, 0.941
2514, 716, 0.17051, 6.88012, 0.97937, 0.07306, -0.07095, 0.99356, 0.80, 0.80, 0.80, 1.00, 0.747, 0.72113
2515, 713, 0.0923, 6.62655, 0.90657, 0.09562, -0.30262, 0.94702, 0.80, 0.80, 0.80, 1.00, 0.747, 0.74537
2516, 720, 0.73397, 6.77185, 0.72837, 0.52415, -0.25895, 0.8098, 0.80, 0.80, 0.80, 1.00, 0.63385, 0.72087
2517, 716, 0.17051, 6.88012, 0.97937, 0.07306, -0.07095, 0.99356, 0.80, 0.80, 0.80, 1.00, 0.747, 0.72113
2518, 719, 0.03969, 7.65193, 0.79245, 0.25067, 0.455, 0.85333, 0.80, 0.80, 0.80, 1.00, 0.7742, 0.6389
2519, 717, -0.05104, 6.97638, 0.93936, -0.36507, -0.01022, 0.92962, 0.80, 0.80, 0.80, 1.00, 0.80067, 0.71913
2520, 713, 0.0923, 6.62655, 0.90657, 0.09562, -0.30262, 0.94702, 0.80, 0.80, 0.80, 1.00, 0.747, 0.74537
2521, 712, -0.12277, 6.03144, 0.79851, -0.20005, -0.39034, 0.89737, 0.80, 0.80, 0.80, 1.00, 0.73768, 0.82474
2522, 715, 0.65842, 6.52382, 0.65663, 0.5051, -0.35216, 0.78647, 0.80, 0.80, 0.80, 1.00, 0.63385, 0.74442
2523, 715, 0.65842, 6.52382, 0.65663, 0.5051, -0.35216, 0.78647, 0.80, 0.80, 0.80, 1.00, 0.63385, 0.74442
2524, 720, 0.73397, 6.77185, 0.72837, 0.52415, -0.25895, 0.8098, 0.80, 0.80, 0.80, 1.00, 0.63385, 0.72087
2525, 713, 0.0923, 6.62655, 0.90657, 0.09562, -0.30262, 0.94702, 0.80, 0.80, 0.80, 1.00, 0.747, 0.74537
2526, 745, 0.54373, 4.61183, 0.05989, 0.97196, -0.21636, 0.09202, 0.80, 0.80, 0.80, 1.00, 0.63385, 0.9943
2527, 739, 0.65484, 5.11546, 0.07041, 0.98793, -0.12349, 0.09353, 0.80, 0.80, 0.80, 1.00, 0.63385, 0.93945
2528, 746, 0.3428, 4.6598, 0.47203, 0.97334, 0.05935, 0.22153, 0.80, 0.80, 0.80, 1.00, 0.71133, 0.99147
2529, 740, 0.48149, 5.10168, 0.58621, 0.90105, -0.01881, 0.43331, 0.80, 0.80, 0.80, 1.00, 0.73455, 0.94095
2530, 747, 0.19503, 4.85691, 0.75929, 0.61416, 0.34055, 0.71192, 0.80, 0.80, 0.80, 1.00, 0.77665, 0.98035
2531, 746, 0.3428, 4.6598, 0.47203, 0.97334, 0.05935, 0.22153, 0.80, 0.80, 0.80, 1.00, 0.71133, 0.99147
2532, 743, -0.03078, 5.10114, 0.86934, 0.19693, 0.12069, 0.97296, 0.80, 0.80, 0.80, 1.00, 0.82847, 0.941
2533, 747, 0.19503, 4.85691, 0.75929, 0.61416, 0.34055, 0.71192, 0.80, 0.80, 0.80, 1.00, 0.77665, 0.98035
2534, 741, 0.33961, 5.09332, 0.8008, 0.51057, 0.09134, 0.85497, 0.80, 0.80, 0.80, 1.00, 0.7777, 0.94186
2535, 747, 0.19503, 4.85691, 0.75929, 0.61416, 0.34055, 0.71192, 0.80, 0.80, 0.80, 1.00, 0.77665, 0.98035
2536, 740, 0.48149, 5.10168, 0.58621, 0.90105, -0.01881, 0.43331, 0.80, 0.80, 0.80, 1.00, 0.73455, 0.94095
2537, 741, 0.33961, 5.09332, 0.8008, 0.51057, 0.09134, 0.85497, 0.80, 0.80, 0.80, 1.00, 0.7777, 0.94186
2538, 747, 0.19503, 4.85691, 0.75929, 0.61416, 0.34055, 0.71192, 0.80, 0.80, 0.80, 1.00, 0.77665, 0.98035
2539, 743, -0.03078, 5.10114, 0.86934, 0.19693, 0.12069, 0.97296, 0.80, 0.80, 0.80, 1.00, 0.82847, 0.941
2540, 748, -0.22804, 4.90841, 0.86809, 0.27366, 0.41598, 0.86722, 0.80, 0.80, 0.80, 1.00, 0.83589, 0.97695
2541, 739, 0.65484, 5.11546, 0.07041, 0.98793, -0.12349, 0.09353, 0.80, 0.80, 0.80, 1.00, 0.63385, 0.93945
2542, 740, 0.48149, 5.10168, 0.58621, 0.90105, -0.01881, 0.43331, 0.80, 0.80, 0.80, 1.00, 0.73455, 0.94095
2543, 746, 0.3428, 4.6598, 0.47203, 0.97334, 0.05935, 0.22153, 0.80, 0.80, 0.80, 1.00, 0.71133, 0.99147
2544, 708, 0.63349, 5.62785, 0.33313, 0.84368, -0.09814, 0.5278, 0.80, 0.80, 0.80, 1.00, 0.63385, 0.87519
2545, 749, 0.7464, 5.712, 0.19277, 0.81948, -0.48925, 0.29521, 0.80, 0.80, 0.80, 1.00, 0.54579, 0.84695
2546, 709, 0.39131, 5.77521, 0.50238, 0.33701, -0.53644, 0.77241, 0.80, 0.80, 0.80, 1.00, 0.63385, 0.84348
2547, 749, 0.7464, 5.712, 0.19277, 0.81948, -0.48925, 0.29521, 0.80, 0.80, 0.80, 1.00, 0.54579, 0.84695
2548, 708, 0.63349, 5.62785, 0.33313, 0.84368, -0.09814, 0.5278, 0.80, 0.80, 0.80, 1.00, 0.63385, 0.87519
2549, 750, 0.79808, 5.64397, -0.16107, 0.9724, 0.02263, -0.2322, 0.80, 0.80, 0.80, 1.00, 0.53788, 0.87156
2550, 711, 0.4794, 5.91738, 0.63408, 0.35613, -0.48675, 0.79631, 0.80, 0.80, 0.80, 1.00, 0.63385, 0.82468
2551, 709, 0.39131, 5.77521, 0.50238, 0.33701, -0.53644, 0.77241, 0.80, 0.80, 0.80, 1.00, 0.63385, 0.84348
2552, 751, 0.96388, 5.88833, 0.22537, 0.76043, -0.51684, 0.39077, 0.80, 0.80, 0.80, 1.00, 0.51617, 0.82316
2553, 751, 0.96388, 5.88833, 0.22537, 0.76043, -0.51684, 0.39077, 0.80, 0.80, 0.80, 1.00, 0.51617, 0.82316
2554, 709, 0.39131, 5.77521, 0.50238, 0.33701, -0.53644, 0.77241, 0.80, 0.80, 0.80, 1.00, 0.63385, 0.84348
2555, 749, 0.7464, 5.712, 0.19277, 0.81948, -0.48925, 0.29521, 0.80, 0.80, 0.80, 1.00, 0.54579, 0.84695
2556, 752, 1.09267, 6.49395, 0.20494, 0.79607, -0.39546, 0.45575, 0.80, 0.80, 0.80, 1.00, 0.52069, 0.74537
2557, 751, 0.96388, 5.88833, 0.22537, 0.76043, -0.51684, 0.39077, 0.80, 0.80, 0.80, 1.00, 0.51617, 0.82316
2558, 753, 1.14087, 6.54688, -0.0327, 0.91165, -0.3584, -0.19595, 0.80, 0.80, 0.80, 1.00, 0.48954, 0.74405
2559, 711, 0.4794, 5.91738, 0.63408, 0.35613, -0.48675, 0.79631, 0.80, 0.80, 0.80, 1.00, 0.63385, 0.82468
2560, 751, 0.96388, 5.88833, 0.22537, 0.76043, -0.51684, 0.39077, 0.80, 0.80, 0.80, 1.00, 0.51617, 0.82316
2561, 715, 0.65842, 6.52382, 0.65663, 0.5051, -0.35216, 0.78647, 0.80, 0.80, 0.80, 1.00, 0.63385, 0.74442
2562, 754, 1.17583, 6.74451, 0.28543, 0.88021, -0.17983, 0.43641, 0.80, 0.80, 0.80, 1.00, 0.52069, 0.72113
2563, 752, 1.09267, 6.49395, 0.20494, 0.79607, -0.39546, 0.45575, 0.80, 0.80, 0.80, 1.00, 0.52069, 0.74537
2564, 753, 1.14087, 6.54688, -0.0327, 0.91165, -0.3584, -0.19595, 0.80, 0.80, 0.80, 1.00, 0.48954, 0.74405
2565, 754, 1.17583, 6.74451, 0.28543, 0.88021, -0.17983, 0.43641, 0.80, 0.80, 0.80, 1.00, 0.52069, 0.72113
2566, 753, 1.14087, 6.54688, -0.0327, 0.91165, -0.3584, -0.19595, 0.80, 0.80, 0.80, 1.00, 0.48954, 0.74405
2567, 755, 1.23109, 6.80343, 0.05434, 0.98026, -0.19169, 0.00099, 0.80, 0.80, 0.80, 1.00, 0.48261, 0.71756
2568, 718, 0.75222, 7.5537, 0.60278, 0.57286, 0.23025, 0.78525, 0.80, 0.80, 0.80, 1.00, 0.63385, 0.63694
2569, 754, 1.17583, 6.74451, 0.28543, 0.88021, -0.17983, 0.43641, 0.80, 0.80, 0.80, 1.00, 0.52069, 0.72113
2570, 756, 1.14678, 7.53163, 0.00547, 0.69743, 0.49605, 0.5147, 0.80, 0.80, 0.80, 1.00, 0.49349, 0.6389
2571, 718, 0.75222, 7.5537, 0.60278, 0.57286, 0.23025, 0.78525, 0.80, 0.80, 0.80, 1.00, 0.63385, 0.63694
2572, 720, 0.73397, 6.77185, 0.72837, 0.52415, -0.25895, 0.8098, 0.80, 0.80, 0.80, 1.00, 0.63385, 0.72087
2573, 754, 1.17583, 6.74451, 0.28543, 0.88021, -0.17983, 0.43641, 0.80, 0.80, 0.80, 1.00, 0.52069, 0.72113
2574, 749, 0.7464, 5.712, 0.19277, 0.81948, -0.48925, 0.29521, 0.80, 0.80, 0.80, 1.00, 0.54579, 0.84695
2575, 750, 0.79808, 5.64397, -0.16107, 0.9724, 0.02263, -0.2322, 0.80, 0.80, 0.80, 1.00, 0.53788, 0.87156
2576, 757, 0.69487, 5.83069, -0.27517, 0.94446, -0.29354, -0.14015, 0.80, 0.80, 0.80, 1.00, 0.48631, 0.84596
2577, 757, 0.69487, 5.83069, -0.27517, 0.94446, -0.29354, -0.14015, 0.80, 0.80, 0.80, 1.00, 0.48631, 0.84596
2578, 750, 0.79808, 5.64397, -0.16107, 0.9724, 0.02263, -0.2322, 0.80, 0.80, 0.80, 1.00, 0.53788, 0.87156
2579, 758, 0.52737, 5.67201, -0.48686, 0.77488, 0.17961, -0.60605, 0.80, 0.80, 0.80, 1.00, 0.48315, 0.87495
2580, 749, 0.7464, 5.712, 0.19277, 0.81948, -0.48925, 0.29521, 0.80, 0.80, 0.80, 1.00, 0.54579, 0.84695
2581, 757, 0.69487, 5.83069, -0.27517, 0.94446, -0.29354, -0.14015, 0.80, 0.80, 0.80, 1.00, 0.48631, 0.84596
2582, 759, 0.82564, 5.99605, -0.30141, 0.83027, -0.50555, -0.23106, 0.80, 0.80, 0.80, 1.00, 0.46403, 0.8276
2583, 751, 0.96388, 5.88833, 0.22537, 0.76043, -0.51684, 0.39077, 0.80, 0.80, 0.80, 1.00, 0.51617, 0.82316
2584, 749, 0.7464, 5.712, 0.19277, 0.81948, -0.48925, 0.29521, 0.80, 0.80, 0.80, 1.00, 0.54579, 0.84695
2585, 759, 0.82564, 5.99605, -0.30141, 0.83027, -0.50555, -0.23106, 0.80, 0.80, 0.80, 1.00, 0.46403, 0.8276
2586, 751, 0.96388, 5.88833, 0.22537, 0.76043, -0.51684, 0.39077, 0.80, 0.80, 0.80, 1.00, 0.51617, 0.82316
2587, 759, 0.82564, 5.99605, -0.30141, 0.83027, -0.50555, -0.23106, 0.80, 0.80, 0.80, 1.00, 0.46403, 0.8276
2588, 753, 1.14087, 6.54688, -0.0327, 0.91165, -0.3584, -0.19595, 0.80, 0.80, 0.80, 1.00, 0.48954, 0.74405
2589, 753, 1.14087, 6.54688, -0.0327, 0.91165, -0.3584, -0.19595, 0.80, 0.80, 0.80, 1.00, 0.48954, 0.74405
2590, 759, 0.82564, 5.99605, -0.30141, 0.83027, -0.50555, -0.23106, 0.80, 0.80, 0.80, 1.00, 0.46403, 0.8276
2591, 760, 1.02953, 6.7317, -0.34252, 0.85034, -0.43167, -0.29789, 0.80, 0.80, 0.80, 1.00, 0.41844, 0.74352
2592, 753, 1.14087, 6.54688, -0.0327, 0.91165, -0.3584, -0.19595, 0.80, 0.80, 0.80, 1.00, 0.48954, 0.74405
2593, 760, 1.02953, 6.7317, -0.34252, 0.85034, -0.43167, -0.29789, 0.80, 0.80, 0.80, 1.00, 0.41844, 0.74352
2594, 761, 1.34747, 6.99551, -0.30739, 0.99777, 0.0095, 0.02969, 0.80, 0.80, 0.80, 1.00, 0.40702, 0.71198
2595, 753, 1.14087, 6.54688, -0.0327, 0.91165, -0.3584, -0.19595, 0.80, 0.80, 0.80, 1.00, 0.48954, 0.74405
2596, 761, 1.34747, 6.99551, -0.30739, 0.99777, 0.0095, 0.02969, 0.80, 0.80, 0.80, 1.00, 0.40702, 0.71198
2597, 755, 1.23109, 6.80343, 0.05434, 0.98026, -0.19169, 0.00099, 0.80, 0.80, 0.80, 1.00, 0.48261, 0.71756
2598, 755, 1.23109, 6.80343, 0.05434, 0.98026, -0.19169, 0.00099, 0.80, 0.80, 0.80, 1.00, 0.48261, 0.71756
2599, 761, 1.34747, 6.99551, -0.30739, 0.99777, 0.0095, 0.02969, 0.80, 0.80, 0.80, 1.00, 0.40702, 0.71198
2600, 756, 1.14678, 7.53163, 0.00547, 0.69743, 0.49605, 0.5147, 0.80, 0.80, 0.80, 1.00, 0.49349, 0.6389
2601, 756, 1.14678, 7.53163, 0.00547, 0.69743, 0.49605, 0.5147, 0.80, 0.80, 0.80, 1.00, 0.49349, 0.6389
2602, 761, 1.34747, 6.99551, -0.30739, 0.99777, 0.0095, 0.02969, 0.80, 0.80, 0.80, 1.00, 0.40702, 0.71198
2603, 762, 1.27083, 7.53026, -0.15358, 0.73024, 0.37755, 0.56693, 0.80, 0.80, 0.80, 1.00, 0.40722, 0.65037
2604, 763, 0.9445, 7.68893, 0.28564, 0.70056, 0.55995, 0.44055, 0.80, 0.80, 0.80, 1.00, 0.57267, 0.62512
2605, 718, 0.75222, 7.5537, 0.60278, 0.57286, 0.23025, 0.78525, 0.80, 0.80, 0.80, 1.00, 0.63385, 0.63694
2606, 756, 1.14678, 7.53163, 0.00547, 0.69743, 0.49605, 0.5147, 0.80, 0.80, 0.80, 1.00, 0.49349, 0.6389
2607, 763, 0.9445, 7.68893, 0.28564, 0.70056, 0.55995, 0.44055, 0.80, 0.80, 0.80, 1.00, 0.57267, 0.62512
2608, 756, 1.14678, 7.53163, 0.00547, 0.69743, 0.49605, 0.5147, 0.80, 0.80, 0.80, 1.00, 0.49349, 0.6389
2609, 764, 1.15173, 7.69275, -0.29509, 0.38639, 0.8093, 0.44054, 0.80, 0.80, 0.80, 1.00, 0.40712, 0.63588
2610, 764, 1.15173, 7.69275, -0.29509, 0.38639, 0.8093, 0.44054, 0.80, 0.80, 0.80, 1.00, 0.40712, 0.63588
2611, 756, 1.14678, 7.53163, 0.00547, 0.69743, 0.49605, 0.5147, 0.80, 0.80, 0.80, 1.00, 0.49349, 0.6389
2612, 762, 1.27083, 7.53026, -0.15358, 0.73024, 0.37755, 0.56693, 0.80, 0.80, 0.80, 1.00, 0.40722, 0.65037
2613, 763, 0.9445, 7.68893, 0.28564, 0.70056, 0.55995, 0.44055, 0.80, 0.80, 0.80, 1.00, 0.57267, 0.62512
2614, 764, 1.15173, 7.69275, -0.29509, 0.38639, 0.8093, 0.44054, 0.80, 0.80, 0.80, 1.00, 0.40712, 0.63588
2615, 765, 0.85592, 7.92406, 0.02329, 0.67001, 0.65058, 0.35563, 0.80, 0.80, 0.80, 1.00, 0.56318, 0.61042
2616, 757, 0.69487, 5.83069, -0.27517, 0.94446, -0.29354, -0.14015, 0.80, 0.80, 0.80, 1.00, 0.48631, 0.84596
2617, 758, 0.52737, 5.67201, -0.48686, 0.77488, 0.17961, -0.60605, 0.80, 0.80, 0.80, 1.00, 0.48315, 0.87495
2618, 766, 0.68164, 5.83612, -0.44505, 0.92548, -0.35658, -0.11949, 0.80, 0.80, 0.80, 1.00, 0.44942, 0.85122
2619, 766, 0.68164, 5.83612, -0.44505, 0.92548, -0.35658, -0.11949, 0.80, 0.80, 0.80, 1.00, 0.44942, 0.85122
2620, 758, 0.52737, 5.67201, -0.48686, 0.77488, 0.17961, -0.60605, 0.80, 0.80, 0.80, 1.00, 0.48315, 0.87495
2621, 767, 0.41827, 5.70632, -0.62535, 0.79353, 0.10095, -0.6001, 0.80, 0.80, 0.80, 1.00, 0.44784, 0.87636
2622, 757, 0.69487, 5.83069, -0.27517, 0.94446, -0.29354, -0.14015, 0.80, 0.80, 0.80, 1.00, 0.48631, 0.84596
2623, 766, 0.68164, 5.83612, -0.44505, 0.92548, -0.35658, -0.11949, 0.80, 0.80, 0.80, 1.00, 0.44942, 0.85122
2624, 759, 0.82564, 5.99605, -0.30141, 0.83027, -0.50555, -0.23106, 0.80, 0.80, 0.80, 1.00, 0.46403, 0.8276
2625, 759, 0.82564, 5.99605, -0.30141, 0.83027, -0.50555, -0.23106, 0.80, 0.80, 0.80, 1.00, 0.46403, 0.8276
2626, 766, 0.68164, 5.83612, -0.44505, 0.92548, -0.35658, -0.11949, 0.80, 0.80, 0.80, 1.00, 0.44942, 0.85122
2627, 768, 0.80838, 6.01861, -0.46527, 0.9007, -0.42518, -0.07761, 0.80, 0.80, 0.80, 1.00, 0.43045, 0.82947
2628, 760, 1.02953, 6.7317, -0.34252, 0.85034, -0.43167, -0.29789, 0.80, 0.80, 0.80, 1.00, 0.41844, 0.74352
2629, 768, 0.80838, 6.01861, -0.46527, 0.9007, -0.42518, -0.07761, 0.80, 0.80, 0.80, 1.00, 0.43045, 0.82947
2630, 769, 1.0294, 6.73932, -0.38927, 0.85499, -0.50985, -0.0855, 0.80, 0.80, 0.80, 1.00, 0.41889, 0.74069
2631, 759, 0.82564, 5.99605, -0.30141, 0.83027, -0.50555, -0.23106, 0.80, 0.80, 0.80, 1.00, 0.46403, 0.8276
2632, 768, 0.80838, 6.01861, -0.46527, 0.9007, -0.42518, -0.07761, 0.80, 0.80, 0.80, 1.00, 0.43045, 0.82947
2633, 760, 1.02953, 6.7317, -0.34252, 0.85034, -0.43167, -0.29789, 0.80, 0.80, 0.80, 1.00, 0.41844, 0.74352
2634, 760, 1.02953, 6.7317, -0.34252, 0.85034, -0.43167, -0.29789, 0.80, 0.80, 0.80, 1.00, 0.41844, 0.74352
2635, 769, 1.0294, 6.73932, -0.38927, 0.85499, -0.50985, -0.0855, 0.80, 0.80, 0.80, 1.00, 0.41889, 0.74069
2636, 761, 1.34747, 6.99551, -0.30739, 0.99777, 0.0095, 0.02969, 0.80, 0.80, 0.80, 1.00, 0.40702, 0.71198
2637, 708, 0.63349, 5.62785, 0.33313, 0.84368, -0.09814, 0.5278, 0.80, 0.80, 0.80, 1.00, 0.63385, 0.87519
2638, 734, 0.6248, 5.53379, 0.33508, 0.83596, -0.15224, 0.52724, 0.80, 0.80, 0.80, 1.00, 0.63385, 0.88546
2639, 750, 0.79808, 5.64397, -0.16107, 0.9724, 0.02263, -0.2322, 0.80, 0.80, 0.80, 1.00, 0.53788, 0.87156
2640, 750, 0.79808, 5.64397, -0.16107, 0.9724, 0.02263, -0.2322, 0.80, 0.80, 0.80, 1.00, 0.53788, 0.87156
2641, 734, 0.6248, 5.53379, 0.33508, 0.83596, -0.15224, 0.52724, 0.80, 0.80, 0.80, 1.00, 0.63385, 0.88546
2642, 770, 0.78805, 5.51665, -0.1725, 0.9898, -0.10832, -0.09248, 0.80, 0.80, 0.80, 1.00, 0.53544, 0.88546
2643, 750, 0.79808, 5.64397, -0.16107, 0.9724, 0.02263, -0.2322, 0.80, 0.80, 0.80, 1.00, 0.53788, 0.87156
2644, 770, 0.78805, 5.51665, -0.1725, 0.9898, -0.10832, -0.09248, 0.80, 0.80, 0.80, 1.00, 0.53544, 0.88546
2645, 771, 0.54566, 5.558, -0.54776, 0.76563, 0.24296, -0.59564, 0.80, 0.80, 0.80, 1.00, 0.47007, 0.88703
2646, 750, 0.79808, 5.64397, -0.16107, 0.9724, 0.02263, -0.2322, 0.80, 0.80, 0.80, 1.00, 0.53788, 0.87156
2647, 771, 0.54566, 5.558, -0.54776, 0.76563, 0.24296, -0.59564, 0.80, 0.80, 0.80, 1.00, 0.47007, 0.88703
2648, 758, 0.52737, 5.67201, -0.48686, 0.77488, 0.17961, -0.60605, 0.80, 0.80, 0.80, 1.00, 0.48315, 0.87495
2649, 758, 0.52737, 5.67201, -0.48686, 0.77488, 0.17961, -0.60605, 0.80, 0.80, 0.80, 1.00, 0.48315, 0.87495
2650, 771, 0.54566, 5.558, -0.54776, 0.76563, 0.24296, -0.59564, 0.80, 0.80, 0.80, 1.00, 0.47007, 0.88703
2651, 772, 0.41162, 5.57988, -0.68552, 0.73324, 0.30124, -0.6096, 0.80, 0.80, 0.80, 1.00, 0.4372, 0.89018
2652, 758, 0.52737, 5.67201, -0.48686, 0.77488, 0.17961, -0.60605, 0.80, 0.80, 0.80, 1.00, 0.48315, 0.87495
2653, 772, 0.41162, 5.57988, -0.68552, 0.73324, 0.30124, -0.6096, 0.80, 0.80, 0.80, 1.00, 0.4372, 0.89018
2654, 767, 0.41827, 5.70632, -0.62535, 0.79353, 0.10095, -0.6001, 0.80, 0.80, 0.80, 1.00, 0.44784, 0.87636
2655, 734, 0.6248, 5.53379, 0.33508, 0.83596, -0.15224, 0.52724, 0.80, 0.80, 0.80, 1.00, 0.63385, 0.88546
2656, 739, 0.65484, 5.11546, 0.07041, 0.98793, -0.12349, 0.09353, 0.80, 0.80, 0.80, 1.00, 0.63385, 0.93945
2657, 770, 0.78805, 5.51665, -0.1725, 0.9898, -0.10832, -0.09248, 0.80, 0.80, 0.80, 1.00, 0.53544, 0.88546
2658, 770, 0.78805, 5.51665, -0.1725, 0.9898, -0.10832, -0.09248, 0.80, 0.80, 0.80, 1.00, 0.53544, 0.88546
2659, 739, 0.65484, 5.11546, 0.07041, 0.98793, -0.12349, 0.09353, 0.80, 0.80, 0.80, 1.00, 0.63385, 0.93945
2660, 773, 0.58137, 5.10168, -0.46875, 0.96636, -0.01881, -0.25651, 0.80, 0.80, 0.80, 1.00, 0.53314, 0.94095
2661, 770, 0.78805, 5.51665, -0.1725, 0.9898, -0.10832, -0.09248, 0.80, 0.80, 0.80, 1.00, 0.53544, 0.88546
2662, 773, 0.58137, 5.10168, -0.46875, 0.96636, -0.01881, -0.25651, 0.80, 0.80, 0.80, 1.00, 0.53314, 0.94095
2663, 774, 0.48228, 5.09332, -0.70615, 0.66195, 0.09134, -0.74396, 0.80, 0.80, 0.80, 1.00, 0.48999, 0.94186
2664, 770, 0.78805, 5.51665, -0.1725, 0.9898, -0.10832, -0.09248, 0.80, 0.80, 0.80, 1.00, 0.53544, 0.88546
2665, 775, 0.56223, 5.42899, -0.5662, 0.78666, 0.12814, -0.60394, 0.80, 0.80, 0.80, 1.00, 0.46382, 0.90069
2666, 771, 0.54566, 5.558, -0.54776, 0.76563, 0.24296, -0.59564, 0.80, 0.80, 0.80, 1.00, 0.47007, 0.88703
2667, 776, 0.13133, 5.10114, -0.84299, 0.37602, 0.12069, -0.91872, 0.80, 0.80, 0.80, 1.00, 0.41671, 0.94573
2668, 775, 0.56223, 5.42899, -0.5662, 0.78666, 0.12814, -0.60394, 0.80, 0.80, 0.80, 1.00, 0.46382, 0.90069
2669, 774, 0.48228, 5.09332, -0.70615, 0.66195, 0.09134, -0.74396, 0.80, 0.80, 0.80, 1.00, 0.48999, 0.94186
2670, 771, 0.54566, 5.558, -0.54776, 0.76563, 0.24296, -0.59564, 0.80, 0.80, 0.80, 1.00, 0.47007, 0.88703
2671, 775, 0.56223, 5.42899, -0.5662, 0.78666, 0.12814, -0.60394, 0.80, 0.80, 0.80, 1.00, 0.46382, 0.90069
2672, 777, 0.40359, 5.46055, -0.7385, 0.73321, 0.1701, -0.65838, 0.80, 0.80, 0.80, 1.00, 0.42796, 0.90324
2673, 771, 0.54566, 5.558, -0.54776, 0.76563, 0.24296, -0.59564, 0.80, 0.80, 0.80, 1.00, 0.47007, 0.88703
2674, 777, 0.40359, 5.46055, -0.7385, 0.73321, 0.1701, -0.65838, 0.80, 0.80, 0.80, 1.00, 0.42796, 0.90324
2675, 772, 0.41162, 5.57988, -0.68552, 0.73324, 0.30124, -0.6096, 0.80, 0.80, 0.80, 1.00, 0.4372, 0.89018
2676, 774, 0.48228, 5.09332, -0.70615, 0.66195, 0.09134, -0.74396, 0.80, 0.80, 0.80, 1.00, 0.48999, 0.94186
2677, 775, 0.56223, 5.42899, -0.5662, 0.78666, 0.12814, -0.60394, 0.80, 0.80, 0.80, 1.00, 0.46382, 0.90069
2678, 770, 0.78805, 5.51665, -0.1725, 0.9898, -0.10832, -0.09248, 0.80, 0.80, 0.80, 1.00, 0.53544, 0.88546
2679, 777, 0.40359, 5.46055, -0.7385, 0.73321, 0.1701, -0.65838, 0.80, 0.80, 0.80, 1.00, 0.42796, 0.90324
2680, 775, 0.56223, 5.42899, -0.5662, 0.78666, 0.12814, -0.60394, 0.80, 0.80, 0.80, 1.00, 0.46382, 0.90069
2681, 776, 0.13133, 5.10114, -0.84299, 0.37602, 0.12069, -0.91872, 0.80, 0.80, 0.80, 1.00, 0.41671, 0.94573
2682, 752, 1.09267, 6.49395, 0.20494, 0.79607, -0.39546, 0.45575, 0.80, 0.80, 0.80, 1.00, 0.52069, 0.74537
2683, 754, 1.17583, 6.74451, 0.28543, 0.88021, -0.17983, 0.43641, 0.80, 0.80, 0.80, 1.00, 0.52069, 0.72113
2684, 720, 0.73397, 6.77185, 0.72837, 0.52415, -0.25895, 0.8098, 0.80, 0.80, 0.80, 1.00, 0.63385, 0.72087
2685, 756, 1.14678, 7.53163, 0.00547, 0.69743, 0.49605, 0.5147, 0.80, 0.80, 0.80, 1.00, 0.49349, 0.6389
2686, 754, 1.17583, 6.74451, 0.28543, 0.88021, -0.17983, 0.43641, 0.80, 0.80, 0.80, 1.00, 0.52069, 0.72113
2687, 755, 1.23109, 6.80343, 0.05434, 0.98026, -0.19169, 0.00099, 0.80, 0.80, 0.80, 1.00, 0.48261, 0.71756
2688, 751, 0.96388, 5.88833, 0.22537, 0.76043, -0.51684, 0.39077, 0.80, 0.80, 0.80, 1.00, 0.51617, 0.82316
2689, 752, 1.09267, 6.49395, 0.20494, 0.79607, -0.39546, 0.45575, 0.80, 0.80, 0.80, 1.00, 0.52069, 0.74537
2690, 715, 0.65842, 6.52382, 0.65663, 0.5051, -0.35216, 0.78647, 0.80, 0.80, 0.80, 1.00, 0.63385, 0.74442
2691, 720, 0.73397, 6.77185, 0.72837, 0.52415, -0.25895, 0.8098, 0.80, 0.80, 0.80, 1.00, 0.63385, 0.72087
2692, 715, 0.65842, 6.52382, 0.65663, 0.5051, -0.35216, 0.78647, 0.80, 0.80, 0.80, 1.00, 0.63385, 0.74442
2693, 752, 1.09267, 6.49395, 0.20494, 0.79607, -0.39546, 0.45575, 0.80, 0.80, 0.80, 1.00, 0.52069, 0.74537
2694, 739, 0.65484, 5.11546, 0.07041, 0.98793, -0.12349, 0.09353, 0.80, 0.80, 0.80, 1.00, 0.63385, 0.93945
2695, 745, 0.54373, 4.61183, 0.05989, 0.97196, -0.21636, 0.09202, 0.80, 0.80, 0.80, 1.00, 0.63385, 0.9943
2696, 778, 0.80888, 5.11324, -0.33699, 0.56823, 0.80263, -0.11973, 0.80, 0.80, 0.80, 1.00, 0.55637, 0.99147
2697, 779, 0.66665, 5.07899, -0.68536, 0.30746, 0.6264, -0.70935, 0.80, 0.80, 0.80, 1.00, 0.49104, 0.98035
2698, 773, 0.58137, 5.10168, -0.46875, 0.96636, -0.01881, -0.25651, 0.80, 0.80, 0.80, 1.00, 0.53314, 0.94095
2699, 778, 0.80888, 5.11324, -0.33699, 0.56823, 0.80263, -0.11973, 0.80, 0.80, 0.80, 1.00, 0.55637, 0.99147
2700, 779, 0.66665, 5.07899, -0.68536, 0.30746, 0.6264, -0.70935, 0.80, 0.80, 0.80, 1.00, 0.49104, 0.98035
2701, 776, 0.13133, 5.10114, -0.84299, 0.37602, 0.12069, -0.91872, 0.80, 0.80, 0.80, 1.00, 0.41671, 0.94573
2702, 774, 0.48228, 5.09332, -0.70615, 0.66195, 0.09134, -0.74396, 0.80, 0.80, 0.80, 1.00, 0.48999, 0.94186
2703, 773, 0.58137, 5.10168, -0.46875, 0.96636, -0.01881, -0.25651, 0.80, 0.80, 0.80, 1.00, 0.53314, 0.94095
2704, 779, 0.66665, 5.07899, -0.68536, 0.30746, 0.6264, -0.70935, 0.80, 0.80, 0.80, 1.00, 0.49104, 0.98035
2705, 774, 0.48228, 5.09332, -0.70615, 0.66195, 0.09134, -0.74396, 0.80, 0.80, 0.80, 1.00, 0.48999, 0.94186
2706, 776, 0.13133, 5.10114, -0.84299, 0.37602, 0.12069, -0.91872, 0.80, 0.80, 0.80, 1.00, 0.41671, 0.94573
2707, 779, 0.66665, 5.07899, -0.68536, 0.30746, 0.6264, -0.70935, 0.80, 0.80, 0.80, 1.00, 0.49104, 0.98035
2708, 780, 0.42506, 4.75547, -0.85091, 0.10842, 0.37916, -0.91702, 0.80, 0.80, 0.80, 1.00, 0.4093, 0.98167
2709, 773, 0.58137, 5.10168, -0.46875, 0.96636, -0.01881, -0.25651, 0.80, 0.80, 0.80, 1.00, 0.53314, 0.94095
2710, 739, 0.65484, 5.11546, 0.07041, 0.98793, -0.12349, 0.09353, 0.80, 0.80, 0.80, 1.00, 0.63385, 0.93945
2711, 778, 0.80888, 5.11324, -0.33699, 0.56823, 0.80263, -0.11973, 0.80, 0.80, 0.80, 1.00, 0.55637, 0.99147
