VTX, IDX, POSITION.x, POSITION.y, POSITION.z, NORMAL.x, NORMAL.y, NORMAL.z, COLOR.x, COLOR.y, COLOR.z, COLOR.w, TEXCOORD.x, TEXCOORD.y
0, 0, 0.81203, 7.72829, 1.33618, 0.50947, -0.29435, 0.8085, 0.80, 0.80, 0.80, 1.00, 0.44849, 0.14128
1, 1, 0.85943, 7.89931, 1.33682, 0.55392, -0.15664, 0.81761, 0.80, 0.80, 0.80, 1.00, 0.44849, 0.00096
2, 2, 0.68786, 7.96502, 1.39711, 0.03461, -0.16676, 0.98533, 0.80, 0.80, 0.80, 1.00, 0.64421, 0.00096
3, 0, 0.81203, 7.72829, 1.33618, 0.50947, -0.29435, 0.8085, 0.80, 0.80, 0.80, 1.00, 0.44849, 0.14128
4, 2, 0.68786, 7.96502, 1.39711, 0.03461, -0.16676, 0.98533, 0.80, 0.80, 0.80, 1.00, 0.64421, 0.00096
5, 3, 0.58141, 7.84992, 1.36234, -0.09994, -0.20197, 0.97422, 0.80, 0.80, 0.80, 1.00, 0.68555, 0.13161
6, 3, 0.58141, 7.84992, 1.36234, -0.09994, -0.20197, 0.97422, 0.80, 0.80, 0.80, 1.00, 0.68555, 0.13161
7, 2, 0.68786, 7.96502, 1.39711, 0.03461, -0.16676, 0.98533, 0.80, 0.80, 0.80, 1.00, 0.64421, 0.00096
8, 4, 0.54752, 7.97003, 1.37349, -0.16924, -0.13834, 0.97576, 0.80, 0.80, 0.80, 1.00, 0.74824, 0.07275
9, 5, -0.67044, 5.32079, 2.74299, 0.41792, 0.02249, 0.90777, 0.80, 0.80, 0.80, 1.00, 0.17143, 0.09234
10, 6, -0.36563, 5.03577, 2.60112, 0.45436, 0.02999, 0.88987, 0.80, 0.80, 0.80, 1.00, 0.08136, 0.13403
11, 7, -0.49669, 5.37806, 2.66113, 0.44804, 0.01494, 0.89345, 0.80, 0.80, 0.80, 1.00, 0.12471, 0.08883
12, 5, -0.67044, 5.32079, 2.74299, 0.41792, 0.02249, 0.90777, 0.80, 0.80, 0.80, 1.00, 0.17143, 0.09234
13, 8, -0.53095, 5.01339, 2.69011, 0.41437, 0.0317, 0.90912, 0.80, 0.80, 0.80, 1.00, 0.12373, 0.13903
14, 6, -0.36563, 5.03577, 2.60112, 0.45436, 0.02999, 0.88987, 0.80, 0.80, 0.80, 1.00, 0.08136, 0.13403
15, 7, -0.49669, 5.37806, 2.66113, 0.44804, 0.01494, 0.89345, 0.80, 0.80, 0.80, 1.00, 0.12471, 0.08883
16, 6, -0.36563, 5.03577, 2.60112, 0.45436, 0.02999, 0.88987, 0.80, 0.80, 0.80, 1.00, 0.08136, 0.13403
17, 9, -0.33102, 5.35336, 2.57334, 0.47084, 0.02578, 0.88139, 0.80, 0.80, 0.80, 1.00, 0.07377, 0.08963
18, 8, -0.53095, 5.01339, 2.69011, 0.41437, 0.0317, 0.90912, 0.80, 0.80, 0.80, 1.00, 0.12373, 0.13903
19, 5, -0.67044, 5.32079, 2.74299, 0.41792, 0.02249, 0.90777, 0.80, 0.80, 0.80, 1.00, 0.17143, 0.09234
20, 10, -0.7014, 5.08909, 2.75575, 0.36036, 0.00322, 0.93239, 0.80, 0.80, 0.80, 1.00, 0.16611, 0.12918
21, 11, -0.80476, 5.36923, 2.47938, -0.40956, 0.90594, 0.10456, 0.80, 0.80, 0.80, 1.00, 0.17579, 0.04419
22, 12, -0.8361, 5.36194, 2.19646, -0.34407, 0.93335, -0.09879, 0.80, 0.80, 0.80, 1.00, 0.13161, 0.00331
23, 13, -0.89994, 5.32033, 2.22695, -0.53321, 0.84483, 0.03749, 0.80, 0.80, 0.80, 1.00, 0.17648, 0.0044
24, 11, -0.80476, 5.36923, 2.47938, -0.40956, 0.90594, 0.10456, 0.80, 0.80, 0.80, 1.00, 0.17579, 0.04419
25, 14, -0.62041, 5.45002, 2.39374, -0.16293, 0.9856, -0.03554, 0.80, 0.80, 0.80, 1.00, 0.12673, 0.04318
26, 12, -0.8361, 5.36194, 2.19646, -0.34407, 0.93335, -0.09879, 0.80, 0.80, 0.80, 1.00, 0.13161, 0.00331
27, 15, -0.48963, 4.98958, 2.32908, -0.07203, -0.91609, -0.39347, 0.80, 0.80, 0.80, 1.00, 0.32124, 0.0475
28, 16, -0.84858, 5.11702, 2.2349, -0.31632, -0.86258, -0.39379, 0.80, 0.80, 0.80, 1.00, 0.27177, 0.00674
29, 17, -0.70545, 5.13009, 2.15241, -0.1866, -0.86686, -0.46145, 0.80, 0.80, 0.80, 1.00, 0.31673, 0.00658
30, 15, -0.48963, 4.98958, 2.32908, -0.07203, -0.91609, -0.39347, 0.80, 0.80, 0.80, 1.00, 0.32124, 0.0475
31, 18, -0.66406, 4.95619, 2.42297, -0.25816, -0.94993, -0.17364, 0.80, 0.80, 0.80, 1.00, 0.27484, 0.04949
32, 16, -0.84858, 5.11702, 2.2349, -0.31632, -0.86258, -0.39379, 0.80, 0.80, 0.80, 1.00, 0.27177, 0.00674
33, 14, -0.62041, 5.45002, 2.39374, -0.16293, 0.9856, -0.03554, 0.80, 0.80, 0.80, 1.00, 0.12673, 0.04318
34, 19, -0.6917, 5.34341, 2.11722, -0.04719, 0.93565, -0.34857, 0.80, 0.80, 0.80, 1.00, 0.06758, 0.0022
35, 12, -0.8361, 5.36194, 2.19646, -0.34407, 0.93335, -0.09879, 0.80, 0.80, 0.80, 1.00, 0.13161, 0.00331
36, 14, -0.62041, 5.45002, 2.39374, -0.16293, 0.9856, -0.03554, 0.80, 0.80, 0.80, 1.00, 0.12673, 0.04318
37, 20, -0.4466, 5.41975, 2.30094, 0.10269, 0.98538, -0.13278, 0.80, 0.80, 0.80, 1.00, 0.06962, 0.04232
38, 19, -0.6917, 5.34341, 2.11722, -0.04719, 0.93565, -0.34857, 0.80, 0.80, 0.80, 1.00, 0.06758, 0.0022
39, 21, -0.4466, 5.41975, 2.30094, 0.71441, -0.13474, -0.68656, 0.80, 0.80, 0.80, 1.00, 0.06953, 0.04232
40, 22, -0.70545, 5.13009, 2.15241, 0.60523, -0.13875, -0.78376, 0.80, 0.80, 0.80, 1.00, 0.00909, 0.00308
41, 23, -0.6917, 5.34341, 2.11722, 0.62418, -0.16616, -0.76331, 0.80, 0.80, 0.80, 1.00, 0.06744, 0.00219
42, 21, -0.4466, 5.41975, 2.30094, 0.71441, -0.13474, -0.68656, 0.80, 0.80, 0.80, 1.00, 0.06953, 0.04232
43, 24, -0.48963, 4.98958, 2.32908, 0.80442, -0.11755, -0.58225, 0.80, 0.80, 0.80, 1.00, 0.00573, 0.04991
44, 22, -0.70545, 5.13009, 2.15241, 0.60523, -0.13875, -0.78376, 0.80, 0.80, 0.80, 1.00, 0.00909, 0.00308
45, 18, -0.66406, 4.95619, 2.42297, -0.25816, -0.94993, -0.17364, 0.80, 0.80, 0.80, 1.00, 0.27484, 0.04949
46, 25, -0.91638, 5.16505, 2.24204, -0.55865, -0.81333, -0.16005, 0.80, 0.80, 0.80, 1.00, 0.22293, 0.00477
47, 16, -0.84858, 5.11702, 2.2349, -0.31632, -0.86258, -0.39379, 0.80, 0.80, 0.80, 1.00, 0.27177, 0.00674
48, 18, -0.66406, 4.95619, 2.42297, -0.25816, -0.94993, -0.17364, 0.80, 0.80, 0.80, 1.00, 0.27484, 0.04949
49, 26, -0.84244, 5.05522, 2.4915, -0.4722, -0.87886, 0.06208, 0.80, 0.80, 0.80, 1.00, 0.22844, 0.04552
50, 25, -0.91638, 5.16505, 2.24204, -0.55865, -0.81333, -0.16005, 0.80, 0.80, 0.80, 1.00, 0.22293, 0.00477
51, 27, -0.84244, 5.05522, 2.4915, -0.90596, 0.12648, 0.40394, 0.80, 0.80, 0.80, 1.00, 0.22837, 0.04551
52, 28, -0.89994, 5.32033, 2.22695, -0.93459, 0.12819, 0.3317, 0.80, 0.80, 0.80, 1.00, 0.17658, 0.0044
53, 29, -0.91638, 5.16505, 2.24204, -0.93314, 0.13133, 0.33454, 0.80, 0.80, 0.80, 1.00, 0.22281, 0.00477
54, 27, -0.84244, 5.05522, 2.4915, -0.90596, 0.12648, 0.40394, 0.80, 0.80, 0.80, 1.00, 0.22837, 0.04551
55, 30, -0.80476, 5.36923, 2.47938, -0.87329, 0.12187, 0.47165, 0.80, 0.80, 0.80, 1.00, 0.17578, 0.04431
56, 28, -0.89994, 5.32033, 2.22695, -0.93459, 0.12819, 0.3317, 0.80, 0.80, 0.80, 1.00, 0.17658, 0.0044
57, 31, -0.70218, 5.35675, 2.64193, -0.27886, 0.91335, 0.29567, 0.80, 0.80, 0.80, 1.00, 0.172, 0.07336
58, 14, -0.62041, 5.45002, 2.39374, -0.16293, 0.9856, -0.03554, 0.80, 0.80, 0.80, 1.00, 0.12673, 0.04318
59, 11, -0.80476, 5.36923, 2.47938, -0.40956, 0.90594, 0.10456, 0.80, 0.80, 0.80, 1.00, 0.17579, 0.04419
60, 31, -0.70218, 5.35675, 2.64193, -0.27886, 0.91335, 0.29567, 0.80, 0.80, 0.80, 1.00, 0.172, 0.07336
61, 32, -0.52663, 5.4381, 2.56061, 0.01931, 0.96349, 0.26559, 0.80, 0.80, 0.80, 1.00, 0.12388, 0.07229
62, 14, -0.62041, 5.45002, 2.39374, -0.16293, 0.9856, -0.03554, 0.80, 0.80, 0.80, 1.00, 0.12673, 0.04318
63, 33, -0.40373, 4.97818, 2.49918, 0.2109, -0.97671, 0.02822, 0.80, 0.80, 0.80, 1.00, 0.32207, 0.07652
64, 18, -0.66406, 4.95619, 2.42297, -0.25816, -0.94993, -0.17364, 0.80, 0.80, 0.80, 1.00, 0.27484, 0.04949
65, 15, -0.48963, 4.98958, 2.32908, -0.07203, -0.91609, -0.39347, 0.80, 0.80, 0.80, 1.00, 0.32124, 0.0475
66, 33, -0.40373, 4.97818, 2.49918, 0.2109, -0.97671, 0.02822, 0.80, 0.80, 0.80, 1.00, 0.32207, 0.07652
67, 34, -0.56956, 4.94425, 2.58865, -0.04279, -0.95289, 0.29887, 0.80, 0.80, 0.80, 1.00, 0.27439, 0.07848
68, 18, -0.66406, 4.95619, 2.42297, -0.25816, -0.94993, -0.17364, 0.80, 0.80, 0.80, 1.00, 0.27484, 0.04949
69, 32, -0.52663, 5.4381, 2.56061, 0.01931, 0.96349, 0.26559, 0.80, 0.80, 0.80, 1.00, 0.12388, 0.07229
70, 20, -0.4466, 5.41975, 2.30094, 0.10269, 0.98538, -0.13278, 0.80, 0.80, 0.80, 1.00, 0.06962, 0.04232
71, 14, -0.62041, 5.45002, 2.39374, -0.16293, 0.9856, -0.03554, 0.80, 0.80, 0.80, 1.00, 0.12673, 0.04318
72, 32, -0.52663, 5.4381, 2.56061, 0.01931, 0.96349, 0.26559, 0.80, 0.80, 0.80, 1.00, 0.12388, 0.07229
73, 35, -0.36158, 5.40838, 2.47221, 0.29312, 0.92062, 0.25632, 0.80, 0.80, 0.80, 1.00, 0.0705, 0.0715
74, 20, -0.4466, 5.41975, 2.30094, 0.10269, 0.98538, -0.13278, 0.80, 0.80, 0.80, 1.00, 0.06962, 0.04232
75, 36, -0.36158, 5.40838, 2.47221, 0.90213, -0.1155, -0.41564, 0.80, 0.80, 0.80, 1.00, 0.0705, 0.0714
76, 24, -0.48963, 4.98958, 2.32908, 0.80442, -0.11755, -0.58225, 0.80, 0.80, 0.80, 1.00, 0.00573, 0.04991
77, 21, -0.4466, 5.41975, 2.30094, 0.71441, -0.13474, -0.68656, 0.80, 0.80, 0.80, 1.00, 0.06953, 0.04232
78, 36, -0.36158, 5.40838, 2.47221, 0.90213, -0.1155, -0.41564, 0.80, 0.80, 0.80, 1.00, 0.0705, 0.0714
79, 37, -0.40373, 4.97818, 2.49918, 0.92484, -0.11912, -0.3611, 0.80, 0.80, 0.80, 1.00, 0.0081, 0.07893
80, 24, -0.48963, 4.98958, 2.32908, 0.80442, -0.11755, -0.58225, 0.80, 0.80, 0.80, 1.00, 0.00573, 0.04991
81, 34, -0.56956, 4.94425, 2.58865, -0.04279, -0.95289, 0.29887, 0.80, 0.80, 0.80, 1.00, 0.27439, 0.07848
82, 26, -0.84244, 5.05522, 2.4915, -0.4722, -0.87886, 0.06208, 0.80, 0.80, 0.80, 1.00, 0.22844, 0.04552
83, 18, -0.66406, 4.95619, 2.42297, -0.25816, -0.94993, -0.17364, 0.80, 0.80, 0.80, 1.00, 0.27484, 0.04949
84, 34, -0.56956, 4.94425, 2.58865, -0.04279, -0.95289, 0.29887, 0.80, 0.80, 0.80, 1.00, 0.27439, 0.07848
85, 38, -0.73903, 5.0427, 2.65334, -0.28911, -0.85259, 0.43444, 0.80, 0.80, 0.80, 1.00, 0.22639, 0.07458
86, 26, -0.84244, 5.05522, 2.4915, -0.4722, -0.87886, 0.06208, 0.80, 0.80, 0.80, 1.00, 0.22844, 0.04552
87, 39, -0.73903, 5.0427, 2.65334, -0.87922, 0.12109, 0.4607, 0.80, 0.80, 0.80, 1.00, 0.22633, 0.07458
88, 30, -0.80476, 5.36923, 2.47938, -0.87329, 0.12187, 0.47165, 0.80, 0.80, 0.80, 1.00, 0.17578, 0.04431
89, 27, -0.84244, 5.05522, 2.4915, -0.90596, 0.12648, 0.40394, 0.80, 0.80, 0.80, 1.00, 0.22837, 0.04551
90, 39, -0.73903, 5.0427, 2.65334, -0.87922, 0.12109, 0.4607, 0.80, 0.80, 0.80, 1.00, 0.22633, 0.07458
91, 40, -0.70218, 5.35675, 2.64193, -0.91031, 0.12837, 0.39343, 0.80, 0.80, 0.80, 1.00, 0.17202, 0.07336
92, 30, -0.80476, 5.36923, 2.47938, -0.87329, 0.12187, 0.47165, 0.80, 0.80, 0.80, 1.00, 0.17578, 0.04431
93, 41, -0.67044, 5.32079, 2.74299, -0.13539, 0.878, 0.4584, 0.80, 0.80, 0.80, 1.00, 0.17143, 0.0923
94, 32, -0.52663, 5.4381, 2.56061, 0.01931, 0.96349, 0.26559, 0.80, 0.80, 0.80, 1.00, 0.12388, 0.07229
95, 31, -0.70218, 5.35675, 2.64193, -0.27886, 0.91335, 0.29567, 0.80, 0.80, 0.80, 1.00, 0.172, 0.07336
96, 41, -0.67044, 5.32079, 2.74299, -0.13539, 0.878, 0.4584, 0.80, 0.80, 0.80, 1.00, 0.17143, 0.0923
97, 42, -0.49669, 5.37806, 2.66113, 0.22222, 0.87074, 0.43775, 0.80, 0.80, 0.80, 1.00, 0.12403, 0.08898
98, 32, -0.52663, 5.4381, 2.56061, 0.01931, 0.96349, 0.26559, 0.80, 0.80, 0.80, 1.00, 0.12388, 0.07229
99, 43, -0.36563, 5.03577, 2.60112, 0.35642, -0.8473, 0.39276, 0.80, 0.80, 0.80, 1.00, 0.31885, 0.09196
100, 34, -0.56956, 4.94425, 2.58865, -0.04279, -0.95289, 0.29887, 0.80, 0.80, 0.80, 1.00, 0.27439, 0.07848
101, 33, -0.40373, 4.97818, 2.49918, 0.2109, -0.97671, 0.02822, 0.80, 0.80, 0.80, 1.00, 0.32207, 0.07652
102, 43, -0.36563, 5.03577, 2.60112, 0.35642, -0.8473, 0.39276, 0.80, 0.80, 0.80, 1.00, 0.31885, 0.09196
103, 44, -0.53095, 5.01339, 2.69011, -0.02501, -0.8525, 0.52133, 0.80, 0.80, 0.80, 1.00, 0.27475, 0.09369
104, 34, -0.56956, 4.94425, 2.58865, -0.04279, -0.95289, 0.29887, 0.80, 0.80, 0.80, 1.00, 0.27439, 0.07848
105, 42, -0.49669, 5.37806, 2.66113, 0.22222, 0.87074, 0.43775, 0.80, 0.80, 0.80, 1.00, 0.12403, 0.08898
106, 35, -0.36158, 5.40838, 2.47221, 0.29312, 0.92062, 0.25632, 0.80, 0.80, 0.80, 1.00, 0.0705, 0.0715
107, 32, -0.52663, 5.4381, 2.56061, 0.01931, 0.96349, 0.26559, 0.80, 0.80, 0.80, 1.00, 0.12388, 0.07229
108, 42, -0.49669, 5.37806, 2.66113, 0.22222, 0.87074, 0.43775, 0.80, 0.80, 0.80, 1.00, 0.12403, 0.08898
109, 45, -0.33102, 5.35336, 2.57334, 0.3271, 0.86768, 0.37324, 0.80, 0.80, 0.80, 1.00, 0.07376, 0.08962
110, 35, -0.36158, 5.40838, 2.47221, 0.29312, 0.92062, 0.25632, 0.80, 0.80, 0.80, 1.00, 0.0705, 0.0715
111, 46, -0.33102, 5.35336, 2.57334, 0.94192, -0.12069, -0.31327, 0.80, 0.80, 0.80, 1.00, 0.0737, 0.08961
112, 37, -0.40373, 4.97818, 2.49918, 0.92484, -0.11912, -0.3611, 0.80, 0.80, 0.80, 1.00, 0.0081, 0.07893
113, 36, -0.36158, 5.40838, 2.47221, 0.90213, -0.1155, -0.41564, 0.80, 0.80, 0.80, 1.00, 0.0705, 0.0714
114, 46, -0.33102, 5.35336, 2.57334, 0.94192, -0.12069, -0.31327, 0.80, 0.80, 0.80, 1.00, 0.0737, 0.08961
115, 47, -0.36563, 5.03577, 2.60112, 0.95046, -0.12834, -0.28294, 0.80, 0.80, 0.80, 1.00, 0.00648, 0.09305
116, 37, -0.40373, 4.97818, 2.49918, 0.92484, -0.11912, -0.3611, 0.80, 0.80, 0.80, 1.00, 0.0081, 0.07893
117, 44, -0.53095, 5.01339, 2.69011, -0.02501, -0.8525, 0.52133, 0.80, 0.80, 0.80, 1.00, 0.27475, 0.09369
118, 38, -0.73903, 5.0427, 2.65334, -0.28911, -0.85259, 0.43444, 0.80, 0.80, 0.80, 1.00, 0.22639, 0.07458
119, 34, -0.56956, 4.94425, 2.58865, -0.04279, -0.95289, 0.29887, 0.80, 0.80, 0.80, 1.00, 0.27439, 0.07848
120, 44, -0.53095, 5.01339, 2.69011, -0.02501, -0.8525, 0.52133, 0.80, 0.80, 0.80, 1.00, 0.27475, 0.09369
121, 48, -0.7014, 5.08909, 2.75575, -0.20362, -0.86118, 0.46489, 0.80, 0.80, 0.80, 1.00, 0.22155, 0.09023
122, 38, -0.73903, 5.0427, 2.65334, -0.28911, -0.85259, 0.43444, 0.80, 0.80, 0.80, 1.00, 0.22639, 0.07458
123, 49, -0.7014, 5.08909, 2.75575, -0.93872, 0.13251, 0.31806, 0.80, 0.80, 0.80, 1.00, 0.22148, 0.09023
124, 40, -0.70218, 5.35675, 2.64193, -0.91031, 0.12837, 0.39343, 0.80, 0.80, 0.80, 1.00, 0.17202, 0.07336
125, 39, -0.73903, 5.0427, 2.65334, -0.87922, 0.12109, 0.4607, 0.80, 0.80, 0.80, 1.00, 0.22633, 0.07458
126, 49, -0.7014, 5.08909, 2.75575, -0.93872, 0.13251, 0.31806, 0.80, 0.80, 0.80, 1.00, 0.22148, 0.09023
127, 50, -0.67044, 5.32079, 2.74299, -0.92851, 0.14295, 0.34256, 0.80, 0.80, 0.80, 1.00, 0.17145, 0.0923
128, 40, -0.70218, 5.35675, 2.64193, -0.91031, 0.12837, 0.39343, 0.80, 0.80, 0.80, 1.00, 0.17202, 0.07336
129, 51, -1.18389, 5.55159, 1.73053, -0.64273, 0.50273, 0.57792, 0.80, 0.80, 0.80, 1.00, 0.84986, 0.04749
130, 52, -1.08884, 5.76376, 1.45805, -0.25565, 0.80364, 0.53691, 0.80, 0.80, 0.80, 1.00, 0.81563, 0.00882
131, 53, -1.28512, 5.70382, 1.50246, -0.70398, 0.4055, 0.58298, 0.80, 0.80, 0.80, 1.00, 0.85038, 0.00812
132, 51, -1.18389, 5.55159, 1.73053, -0.64273, 0.50273, 0.57792, 0.80, 0.80, 0.80, 1.00, 0.84986, 0.04749
133, 54, -0.97371, 5.67062, 1.70698, -0.36146, 0.78296, 0.50582, 0.80, 0.80, 0.80, 1.00, 0.81401, 0.04676
134, 52, -1.08884, 5.76376, 1.45805, -0.25565, 0.80364, 0.53691, 0.80, 0.80, 0.80, 1.00, 0.81563, 0.00882
135, 55, -0.85518, 5.22633, 1.41964, 0.56883, -0.69309, -0.44243, 0.80, 0.80, 0.80, 1.00, 0.92383, 0.04943
136, 56, -1.23117, 5.36722, 1.28332, -0.29544, -0.83249, -0.46782, 0.80, 0.80, 0.80, 1.00, 0.89628, 0.0081
137, 57, -0.96696, 5.39151, 1.16819, 0.66233, -0.45593, -0.59439, 0.80, 0.80, 0.80, 1.00, 0.92295, 0.00834
138, 55, -0.85518, 5.22633, 1.41964, 0.56883, -0.69309, -0.44243, 0.80, 0.80, 0.80, 1.00, 0.92383, 0.04943
139, 58, -1.12341, 5.18255, 1.52906, -0.3868, -0.89501, -0.22027, 0.80, 0.80, 0.80, 1.00, 0.89729, 0.04995
140, 56, -1.23117, 5.36722, 1.28332, -0.29544, -0.83249, -0.46782, 0.80, 0.80, 0.80, 1.00, 0.89628, 0.0081
141, 59, -0.97371, 5.67062, 1.70698, 0.4165, 0.86277, 0.28518, 0.80, 0.80, 0.80, 1.00, 0.98858, 0.04646
142, 60, -0.83683, 5.73693, 1.31732, 0.7058, 0.70695, 0.03752, 0.80, 0.80, 0.80, 1.00, 0.95474, 0.00771
143, 61, -1.08884, 5.76376, 1.45805, 0.23572, 0.94053, 0.24292, 0.80, 0.80, 0.80, 1.00, 0.9902, 0.00882
144, 59, -0.97371, 5.67062, 1.70698, 0.4165, 0.86277, 0.28518, 0.80, 0.80, 0.80, 1.00, 0.98858, 0.04646
145, 62, -0.73783, 5.58705, 1.54047, 0.88679, 0.45852, -0.05399, 0.80, 0.80, 0.80, 1.00, 0.95589, 0.0481
146, 60, -0.83683, 5.73693, 1.31732, 0.7058, 0.70695, 0.03752, 0.80, 0.80, 0.80, 1.00, 0.95474, 0.00771
147, 62, -0.73783, 5.58705, 1.54047, 0.88679, 0.45852, -0.05399, 0.80, 0.80, 0.80, 1.00, 0.95589, 0.0481
148, 57, -0.96696, 5.39151, 1.16819, 0.66233, -0.45593, -0.59439, 0.80, 0.80, 0.80, 1.00, 0.92295, 0.00834
149, 60, -0.83683, 5.73693, 1.31732, 0.7058, 0.70695, 0.03752, 0.80, 0.80, 0.80, 1.00, 0.95474, 0.00771
150, 62, -0.73783, 5.58705, 1.54047, 0.88679, 0.45852, -0.05399, 0.80, 0.80, 0.80, 1.00, 0.95589, 0.0481
151, 55, -0.85518, 5.22633, 1.41964, 0.56883, -0.69309, -0.44243, 0.80, 0.80, 0.80, 1.00, 0.92383, 0.04943
152, 57, -0.96696, 5.39151, 1.16819, 0.66233, -0.45593, -0.59439, 0.80, 0.80, 0.80, 1.00, 0.92295, 0.00834
153, 58, -1.12341, 5.18255, 1.52906, -0.3868, -0.89501, -0.22027, 0.80, 0.80, 0.80, 1.00, 0.89729, 0.04995
154, 63, -1.38658, 5.45831, 1.38488, -0.84965, -0.52685, 0.00121, 0.80, 0.80, 0.80, 1.00, 0.87489, 0.00678
155, 56, -1.23117, 5.36722, 1.28332, -0.29544, -0.83249, -0.46782, 0.80, 0.80, 0.80, 1.00, 0.89628, 0.0081
156, 58, -1.12341, 5.18255, 1.52906, -0.3868, -0.89501, -0.22027, 0.80, 0.80, 0.80, 1.00, 0.89729, 0.04995
157, 64, -1.27629, 5.29396, 1.63315, -0.86105, -0.38786, 0.32843, 0.80, 0.80, 0.80, 1.00, 0.87444, 0.04921
158, 63, -1.38658, 5.45831, 1.38488, -0.84965, -0.52685, 0.00121, 0.80, 0.80, 0.80, 1.00, 0.87489, 0.00678
159, 64, -1.27629, 5.29396, 1.63315, -0.86105, -0.38786, 0.32843, 0.80, 0.80, 0.80, 1.00, 0.87444, 0.04921
160, 53, -1.28512, 5.70382, 1.50246, -0.70398, 0.4055, 0.58298, 0.80, 0.80, 0.80, 1.00, 0.85038, 0.00812
161, 63, -1.38658, 5.45831, 1.38488, -0.84965, -0.52685, 0.00121, 0.80, 0.80, 0.80, 1.00, 0.87489, 0.00678
162, 64, -1.27629, 5.29396, 1.63315, -0.86105, -0.38786, 0.32843, 0.80, 0.80, 0.80, 1.00, 0.87444, 0.04921
163, 51, -1.18389, 5.55159, 1.73053, -0.64273, 0.50273, 0.57792, 0.80, 0.80, 0.80, 1.00, 0.84986, 0.04749
164, 53, -1.28512, 5.70382, 1.50246, -0.70398, 0.4055, 0.58298, 0.80, 0.80, 0.80, 1.00, 0.85038, 0.00812
165, 65, -0.89994, 5.32033, 2.22695, -0.67546, 0.66359, 0.32113, 0.80, 0.80, 0.80, 1.00, 0.83237, 0.12965
166, 54, -0.97371, 5.67062, 1.70698, -0.36146, 0.78296, 0.50582, 0.80, 0.80, 0.80, 1.00, 0.81401, 0.04676
167, 51, -1.18389, 5.55159, 1.73053, -0.64273, 0.50273, 0.57792, 0.80, 0.80, 0.80, 1.00, 0.84986, 0.04749
168, 65, -0.89994, 5.32033, 2.22695, -0.67546, 0.66359, 0.32113, 0.80, 0.80, 0.80, 1.00, 0.83237, 0.12965
169, 66, -0.8361, 5.36194, 2.19646, -0.47113, 0.86112, 0.18971, 0.80, 0.80, 0.80, 1.00, 0.81382, 0.12904
170, 54, -0.97371, 5.67062, 1.70698, -0.36146, 0.78296, 0.50582, 0.80, 0.80, 0.80, 1.00, 0.81401, 0.04676
171, 67, -0.70545, 5.13009, 2.15241, 0.61929, -0.76779, 0.16249, 0.80, 0.80, 0.80, 1.00, 0.92921, 0.13049
172, 58, -1.12341, 5.18255, 1.52906, -0.3868, -0.89501, -0.22027, 0.80, 0.80, 0.80, 1.00, 0.89729, 0.04995
173, 55, -0.85518, 5.22633, 1.41964, 0.56883, -0.69309, -0.44243, 0.80, 0.80, 0.80, 1.00, 0.92383, 0.04943
174, 67, -0.70545, 5.13009, 2.15241, 0.61929, -0.76779, 0.16249, 0.80, 0.80, 0.80, 1.00, 0.92921, 0.13049
175, 68, -0.84858, 5.11702, 2.2349, 0.26023, -0.91529, 0.30613, 0.80, 0.80, 0.80, 1.00, 0.89311, 0.13102
176, 69, -1.12341, 5.18255, 1.52906, 0.06489, -0.99384, -0.08533, 0.80, 0.80, 0.80, 1.00, 0.89732, 0.04996
177, 70, -0.8361, 5.36194, 2.19646, 0.19664, 0.97536, -0.09577, 0.80, 0.80, 0.80, 1.00, 0.99048, 0.13054
178, 62, -0.73783, 5.58705, 1.54047, 0.88679, 0.45852, -0.05399, 0.80, 0.80, 0.80, 1.00, 0.95589, 0.0481
179, 59, -0.97371, 5.67062, 1.70698, 0.4165, 0.86277, 0.28518, 0.80, 0.80, 0.80, 1.00, 0.98858, 0.04646
180, 70, -0.8361, 5.36194, 2.19646, 0.19664, 0.97536, -0.09577, 0.80, 0.80, 0.80, 1.00, 0.99048, 0.13054
181, 71, -0.6917, 5.34341, 2.11722, 0.91626, 0.35182, -0.19072, 0.80, 0.80, 0.80, 1.00, 0.95856, 0.1299
182, 62, -0.73783, 5.58705, 1.54047, 0.88679, 0.45852, -0.05399, 0.80, 0.80, 0.80, 1.00, 0.95589, 0.0481
183, 71, -0.6917, 5.34341, 2.11722, 0.91626, 0.35182, -0.19072, 0.80, 0.80, 0.80, 1.00, 0.95856, 0.1299
184, 55, -0.85518, 5.22633, 1.41964, 0.56883, -0.69309, -0.44243, 0.80, 0.80, 0.80, 1.00, 0.92383, 0.04943
185, 62, -0.73783, 5.58705, 1.54047, 0.88679, 0.45852, -0.05399, 0.80, 0.80, 0.80, 1.00, 0.95589, 0.0481
186, 71, -0.6917, 5.34341, 2.11722, 0.91626, 0.35182, -0.19072, 0.80, 0.80, 0.80, 1.00, 0.95856, 0.1299
187, 67, -0.70545, 5.13009, 2.15241, 0.61929, -0.76779, 0.16249, 0.80, 0.80, 0.80, 1.00, 0.92921, 0.13049
188, 55, -0.85518, 5.22633, 1.41964, 0.56883, -0.69309, -0.44243, 0.80, 0.80, 0.80, 1.00, 0.92383, 0.04943
189, 72, -0.84858, 5.11702, 2.2349, -0.39308, -0.75348, 0.52639, 0.80, 0.80, 0.80, 1.00, 0.89315, 0.131
190, 64, -1.27629, 5.29396, 1.63315, -0.86105, -0.38786, 0.32843, 0.80, 0.80, 0.80, 1.00, 0.87444, 0.04921
191, 58, -1.12341, 5.18255, 1.52906, -0.3868, -0.89501, -0.22027, 0.80, 0.80, 0.80, 1.00, 0.89729, 0.04995
192, 72, -0.84858, 5.11702, 2.2349, -0.39308, -0.75348, 0.52639, 0.80, 0.80, 0.80, 1.00, 0.89315, 0.131
193, 73, -0.91638, 5.16505, 2.24204, -0.80412, -0.1576, 0.57306, 0.80, 0.80, 0.80, 1.00, 0.86425, 0.13012
194, 64, -1.27629, 5.29396, 1.63315, -0.86105, -0.38786, 0.32843, 0.80, 0.80, 0.80, 1.00, 0.87444, 0.04921
195, 73, -0.91638, 5.16505, 2.24204, -0.80412, -0.1576, 0.57306, 0.80, 0.80, 0.80, 1.00, 0.86425, 0.13012
196, 51, -1.18389, 5.55159, 1.73053, -0.64273, 0.50273, 0.57792, 0.80, 0.80, 0.80, 1.00, 0.84986, 0.04749
197, 64, -1.27629, 5.29396, 1.63315, -0.86105, -0.38786, 0.32843, 0.80, 0.80, 0.80, 1.00, 0.87444, 0.04921
198, 73, -0.91638, 5.16505, 2.24204, -0.80412, -0.1576, 0.57306, 0.80, 0.80, 0.80, 1.00, 0.86425, 0.13012
199, 65, -0.89994, 5.32033, 2.22695, -0.67546, 0.66359, 0.32113, 0.80, 0.80, 0.80, 1.00, 0.83237, 0.12965
200, 51, -1.18389, 5.55159, 1.73053, -0.64273, 0.50273, 0.57792, 0.80, 0.80, 0.80, 1.00, 0.84986, 0.04749
201, 74, -1.31286, 6.71191, 0.75529, -0.87686, 0.26895, 0.39841, 0.80, 0.80, 0.80, 1.00, 0.90, 0.24736
202, 75, -1.0904, 7.04963, 0.98746, -0.82147, 0.38201, 0.42332, 0.80, 0.80, 0.80, 1.00, 0.99013, 0.19746
203, 76, -1.32541, 7.00685, 0.56945, -0.89624, 0.33583, -0.28972, 0.80, 0.80, 0.80, 1.00, 0.87617, 0.20965
204, 74, -1.31286, 6.71191, 0.75529, -0.87686, 0.26895, 0.39841, 0.80, 0.80, 0.80, 1.00, 0.90, 0.24736
205, 77, -1.16646, 6.67991, 1.04651, -0.8474, 0.27215, 0.45585, 0.80, 0.80, 0.80, 1.00, 0.99122, 0.2465
206, 75, -1.0904, 7.04963, 0.98746, -0.82147, 0.38201, 0.42332, 0.80, 0.80, 0.80, 1.00, 0.99013, 0.19746
207, 76, -1.32541, 7.00685, 0.56945, -0.89624, 0.33583, -0.28972, 0.80, 0.80, 0.80, 1.00, 0.87617, 0.20965
208, 75, -1.0904, 7.04963, 0.98746, -0.82147, 0.38201, 0.42332, 0.80, 0.80, 0.80, 1.00, 0.99013, 0.19746
209, 78, -1.07299, 7.38218, 0.58183, -0.82954, 0.55654, 0.0457, 0.80, 0.80, 0.80, 1.00, 0.89775, 0.14833
210, 78, -1.07299, 7.38218, 0.58183, -0.82954, 0.55654, 0.0457, 0.80, 0.80, 0.80, 1.00, 0.89775, 0.14833
211, 75, -1.0904, 7.04963, 0.98746, -0.82147, 0.38201, 0.42332, 0.80, 0.80, 0.80, 1.00, 0.99013, 0.19746
212, 79, -0.91919, 7.38974, 0.88209, -0.77216, 0.50721, 0.38269, 0.80, 0.80, 0.80, 1.00, 0.99046, 0.14853
213, 80, -1.07299, 7.38218, 0.58183, -0.5793, 0.7997, -0.15746, 0.80, 0.80, 0.80, 1.00, 0.78808, 0.10212
214, 81, -0.91919, 7.38974, 0.88209, -0.37944, 0.82031, 0.42778, 0.80, 0.80, 0.80, 1.00, 0.73217, 0.10346
215, 82, -0.91533, 7.49447, 0.57221, -0.39892, 0.91455, -0.06587, 0.80, 0.80, 0.80, 1.00, 0.78005, 0.11705
216, 82, -0.91533, 7.49447, 0.57221, -0.39892, 0.91455, -0.06587, 0.80, 0.80, 0.80, 1.00, 0.78005, 0.11705
217, 81, -0.91919, 7.38974, 0.88209, -0.37944, 0.82031, 0.42778, 0.80, 0.80, 0.80, 1.00, 0.73217, 0.10346
218, 83, -0.81406, 7.47729, 0.79937, -0.14723, 0.88898, 0.43345, 0.80, 0.80, 0.80, 1.00, 0.73853, 0.11711
219, 84, -1.36568, 6.73636, 0.53717, -0.83156, 0.22177, -0.50919, 0.80, 0.80, 0.80, 1.00, 0.867, 0.24465
220, 85, -0.92212, 6.97674, 0.24684, -0.40211, 0.40066, -0.82325, 0.80, 0.80, 0.80, 1.00, 0.80945, 0.21055
221, 86, -1.00293, 6.61893, 0.35119, 0.24259, -0.16336, -0.9562, 0.80, 0.80, 0.80, 1.00, 0.80765, 0.24557
222, 84, -1.36568, 6.73636, 0.53717, -0.83156, 0.22177, -0.50919, 0.80, 0.80, 0.80, 1.00, 0.867, 0.24465
223, 76, -1.32541, 7.00685, 0.56945, -0.89624, 0.33583, -0.28972, 0.80, 0.80, 0.80, 1.00, 0.87617, 0.20965
224, 85, -0.92212, 6.97674, 0.24684, -0.40211, 0.40066, -0.82325, 0.80, 0.80, 0.80, 1.00, 0.80945, 0.21055
225, 87, -1.16646, 6.67991, 1.04651, 0.13014, 0.04599, 0.99035, 0.80, 0.80, 0.80, 1.00, 0.61898, 0.24905
226, 88, -0.77335, 6.55744, 0.49047, 0.61943, -0.49985, 0.60533, 0.80, 0.80, 0.80, 1.00, 0.71846, 0.24832
227, 89, -0.68467, 6.8152, 0.98098, 0.07594, 0.03222, 0.99652, 0.80, 0.80, 0.80, 1.00, 0.70424, 0.21431
228, 90, -1.0904, 7.04963, 0.98746, 0.12062, 0.18175, 0.97584, 0.80, 0.80, 0.80, 1.00, 0.61758, 0.20001
229, 87, -1.16646, 6.67991, 1.04651, 0.13014, 0.04599, 0.99035, 0.80, 0.80, 0.80, 1.00, 0.61898, 0.24905
230, 89, -0.68467, 6.8152, 0.98098, 0.07594, 0.03222, 0.99652, 0.80, 0.80, 0.80, 1.00, 0.70424, 0.21431
231, 76, -1.32541, 7.00685, 0.56945, -0.89624, 0.33583, -0.28972, 0.80, 0.80, 0.80, 1.00, 0.87617, 0.20965
232, 91, -0.82388, 7.36262, 0.32788, -0.56149, 0.2575, -0.78634, 0.80, 0.80, 0.80, 1.00, 0.81012, 0.14623
233, 85, -0.92212, 6.97674, 0.24684, -0.40211, 0.40066, -0.82325, 0.80, 0.80, 0.80, 1.00, 0.80945, 0.21055
234, 76, -1.32541, 7.00685, 0.56945, -0.89624, 0.33583, -0.28972, 0.80, 0.80, 0.80, 1.00, 0.87617, 0.20965
235, 78, -1.07299, 7.38218, 0.58183, -0.82954, 0.55654, 0.0457, 0.80, 0.80, 0.80, 1.00, 0.89775, 0.14833
236, 91, -0.82388, 7.36262, 0.32788, -0.56149, 0.2575, -0.78634, 0.80, 0.80, 0.80, 1.00, 0.81012, 0.14623
237, 92, -0.91919, 7.38974, 0.88209, -0.0112, 0.16516, 0.98613, 0.80, 0.80, 0.80, 1.00, 0.61774, 0.14789
238, 89, -0.68467, 6.8152, 0.98098, 0.07594, 0.03222, 0.99652, 0.80, 0.80, 0.80, 1.00, 0.70424, 0.21431
239, 93, -0.53455, 7.35591, 0.95128, -0.16761, 0.10038, 0.98065, 0.80, 0.80, 0.80, 1.00, 0.69579, 0.14495
240, 92, -0.91919, 7.38974, 0.88209, -0.0112, 0.16516, 0.98613, 0.80, 0.80, 0.80, 1.00, 0.61774, 0.14789
241, 90, -1.0904, 7.04963, 0.98746, 0.12062, 0.18175, 0.97584, 0.80, 0.80, 0.80, 1.00, 0.61758, 0.20001
242, 89, -0.68467, 6.8152, 0.98098, 0.07594, 0.03222, 0.99652, 0.80, 0.80, 0.80, 1.00, 0.70424, 0.21431
243, 82, -0.91533, 7.49447, 0.57221, -0.39892, 0.91455, -0.06587, 0.80, 0.80, 0.80, 1.00, 0.78005, 0.11705
244, 94, -0.72837, 7.52009, 0.43303, -0.31001, 0.9179, -0.24742, 0.80, 0.80, 0.80, 1.00, 0.7888, 0.14547
245, 95, -0.82388, 7.36262, 0.32788, -0.50368, 0.66726, -0.5486, 0.80, 0.80, 0.80, 1.00, 0.80958, 0.14557
246, 80, -1.07299, 7.38218, 0.58183, -0.5793, 0.7997, -0.15746, 0.80, 0.80, 0.80, 1.00, 0.78808, 0.10212
247, 82, -0.91533, 7.49447, 0.57221, -0.39892, 0.91455, -0.06587, 0.80, 0.80, 0.80, 1.00, 0.78005, 0.11705
248, 95, -0.82388, 7.36262, 0.32788, -0.50368, 0.66726, -0.5486, 0.80, 0.80, 0.80, 1.00, 0.80958, 0.14557
249, 82, -0.91533, 7.49447, 0.57221, -0.39892, 0.91455, -0.06587, 0.80, 0.80, 0.80, 1.00, 0.78005, 0.11705
250, 96, -0.58441, 7.49638, 0.75504, -0.02785, 0.96314, 0.26725, 0.80, 0.80, 0.80, 1.00, 0.72992, 0.14557
251, 94, -0.72837, 7.52009, 0.43303, -0.31001, 0.9179, -0.24742, 0.80, 0.80, 0.80, 1.00, 0.7888, 0.14547
252, 82, -0.91533, 7.49447, 0.57221, -0.39892, 0.91455, -0.06587, 0.80, 0.80, 0.80, 1.00, 0.78005, 0.11705
253, 83, -0.81406, 7.47729, 0.79937, -0.14723, 0.88898, 0.43345, 0.80, 0.80, 0.80, 1.00, 0.73853, 0.11711
254, 96, -0.58441, 7.49638, 0.75504, -0.02785, 0.96314, 0.26725, 0.80, 0.80, 0.80, 1.00, 0.72992, 0.14557
255, 83, -0.81406, 7.47729, 0.79937, -0.14723, 0.88898, 0.43345, 0.80, 0.80, 0.80, 1.00, 0.73853, 0.11711
256, 97, -0.53455, 7.35591, 0.95128, -0.00874, 0.77326, 0.63391, 0.80, 0.80, 0.80, 1.00, 0.69529, 0.14565
257, 96, -0.58441, 7.49638, 0.75504, -0.02785, 0.96314, 0.26725, 0.80, 0.80, 0.80, 1.00, 0.72992, 0.14557
258, 83, -0.81406, 7.47729, 0.79937, -0.14723, 0.88898, 0.43345, 0.80, 0.80, 0.80, 1.00, 0.73853, 0.11711
259, 81, -0.91919, 7.38974, 0.88209, -0.37944, 0.82031, 0.42778, 0.80, 0.80, 0.80, 1.00, 0.73217, 0.10346
260, 97, -0.53455, 7.35591, 0.95128, -0.00874, 0.77326, 0.63391, 0.80, 0.80, 0.80, 1.00, 0.69529, 0.14565
261, 98, -1.03503, 6.24668, 1.12168, 0.16778, 0.03518, 0.98512, 0.80, 0.80, 0.80, 1.00, 0.66835, 0.29778
262, 88, -0.77335, 6.55744, 0.49047, 0.61943, -0.49985, 0.60533, 0.80, 0.80, 0.80, 1.00, 0.71846, 0.24832
263, 87, -1.16646, 6.67991, 1.04651, 0.13014, 0.04599, 0.99035, 0.80, 0.80, 0.80, 1.00, 0.61898, 0.24905
264, 98, -1.03503, 6.24668, 1.12168, 0.16778, 0.03518, 0.98512, 0.80, 0.80, 0.80, 1.00, 0.66835, 0.29778
265, 99, -0.85063, 6.05735, 0.96963, 0.89118, -0.36843, 0.26461, 0.80, 0.80, 0.80, 1.00, 0.70995, 0.31396
266, 88, -0.77335, 6.55744, 0.49047, 0.61943, -0.49985, 0.60533, 0.80, 0.80, 0.80, 1.00, 0.71846, 0.24832
267, 99, -0.85063, 6.05735, 0.96963, 0.89118, -0.36843, 0.26461, 0.80, 0.80, 0.80, 1.00, 0.70995, 0.31396
268, 86, -1.00293, 6.61893, 0.35119, 0.24259, -0.16336, -0.9562, 0.80, 0.80, 0.80, 1.00, 0.80765, 0.24557
269, 88, -0.77335, 6.55744, 0.49047, 0.61943, -0.49985, 0.60533, 0.80, 0.80, 0.80, 1.00, 0.71846, 0.24832
270, 99, -0.85063, 6.05735, 0.96963, 0.89118, -0.36843, 0.26461, 0.80, 0.80, 0.80, 1.00, 0.70995, 0.31396
271, 100, -1.093, 6.12062, 0.49823, 0.72549, -0.41244, -0.5509, 0.80, 0.80, 0.80, 1.00, 0.79836, 0.31124
272, 86, -1.00293, 6.61893, 0.35119, 0.24259, -0.16336, -0.9562, 0.80, 0.80, 0.80, 1.00, 0.80765, 0.24557
273, 101, -1.42134, 6.30436, 0.4895, -0.63183, -0.01006, -0.77498, 0.80, 0.80, 0.80, 1.00, 0.85923, 0.2996
274, 84, -1.36568, 6.73636, 0.53717, -0.83156, 0.22177, -0.50919, 0.80, 0.80, 0.80, 1.00, 0.867, 0.24465
275, 86, -1.00293, 6.61893, 0.35119, 0.24259, -0.16336, -0.9562, 0.80, 0.80, 0.80, 1.00, 0.80765, 0.24557
276, 101, -1.42134, 6.30436, 0.4895, -0.63183, -0.01006, -0.77498, 0.80, 0.80, 0.80, 1.00, 0.85923, 0.2996
277, 102, -1.50874, 6.25523, 0.73187, -0.97603, 0.21755, -0.00373, 0.80, 0.80, 0.80, 1.00, 0.90049, 0.31033
278, 84, -1.36568, 6.73636, 0.53717, -0.83156, 0.22177, -0.50919, 0.80, 0.80, 0.80, 1.00, 0.867, 0.24465
279, 77, -1.16646, 6.67991, 1.04651, -0.8474, 0.27215, 0.45585, 0.80, 0.80, 0.80, 1.00, 0.99122, 0.2465
280, 74, -1.31286, 6.71191, 0.75529, -0.87686, 0.26895, 0.39841, 0.80, 0.80, 0.80, 1.00, 0.90, 0.24736
281, 103, -1.3277, 6.19429, 1.0642, -0.84941, 0.22733, 0.47621, 0.80, 0.80, 0.80, 1.00, 0.98934, 0.31183
282, 102, -1.50874, 6.25523, 0.73187, -0.97603, 0.21755, -0.00373, 0.80, 0.80, 0.80, 1.00, 0.90049, 0.31033
283, 103, -1.3277, 6.19429, 1.0642, -0.84941, 0.22733, 0.47621, 0.80, 0.80, 0.80, 1.00, 0.98934, 0.31183
284, 74, -1.31286, 6.71191, 0.75529, -0.87686, 0.26895, 0.39841, 0.80, 0.80, 0.80, 1.00, 0.90, 0.24736
285, 98, -1.03503, 6.24668, 1.12168, 0.16778, 0.03518, 0.98512, 0.80, 0.80, 0.80, 1.00, 0.66835, 0.29778
286, 87, -1.16646, 6.67991, 1.04651, 0.13014, 0.04599, 0.99035, 0.80, 0.80, 0.80, 1.00, 0.61898, 0.24905
287, 104, -1.3277, 6.19429, 1.0642, -0.21269, 0.12469, 0.96906, 0.80, 0.80, 0.80, 1.00, 0.61655, 0.31439
288, 101, -1.42134, 6.30436, 0.4895, -0.63183, -0.01006, -0.77498, 0.80, 0.80, 0.80, 1.00, 0.85923, 0.2996
289, 86, -1.00293, 6.61893, 0.35119, 0.24259, -0.16336, -0.9562, 0.80, 0.80, 0.80, 1.00, 0.80765, 0.24557
290, 105, -1.21289, 5.92237, 0.50453, 0.42487, -0.08595, -0.90109, 0.80, 0.80, 0.80, 1.00, 0.80882, 0.34002
291, 106, -1.36064, 5.98451, 1.08819, -0.14982, 0.05998, 0.98682, 0.80, 0.80, 0.80, 1.00, 0.61687, 0.34162
292, 98, -1.03503, 6.24668, 1.12168, 0.16778, 0.03518, 0.98512, 0.80, 0.80, 0.80, 1.00, 0.66835, 0.29778
293, 104, -1.3277, 6.19429, 1.0642, -0.21269, 0.12469, 0.96906, 0.80, 0.80, 0.80, 1.00, 0.61655, 0.31439
294, 106, -1.36064, 5.98451, 1.08819, -0.14982, 0.05998, 0.98682, 0.80, 0.80, 0.80, 1.00, 0.61687, 0.34162
295, 107, -1.19254, 5.92746, 1.10064, 0.34793, -0.0171, 0.93729, 0.80, 0.80, 0.80, 1.00, 0.66031, 0.3427
296, 98, -1.03503, 6.24668, 1.12168, 0.16778, 0.03518, 0.98512, 0.80, 0.80, 0.80, 1.00, 0.66835, 0.29778
297, 105, -1.21289, 5.92237, 0.50453, 0.42487, -0.08595, -0.90109, 0.80, 0.80, 0.80, 1.00, 0.80882, 0.34002
298, 86, -1.00293, 6.61893, 0.35119, 0.24259, -0.16336, -0.9562, 0.80, 0.80, 0.80, 1.00, 0.80765, 0.24557
299, 100, -1.093, 6.12062, 0.49823, 0.72549, -0.41244, -0.5509, 0.80, 0.80, 0.80, 1.00, 0.79836, 0.31124
300, 105, -1.21289, 5.92237, 0.50453, 0.42487, -0.08595, -0.90109, 0.80, 0.80, 0.80, 1.00, 0.80882, 0.34002
301, 108, -1.45127, 5.98421, 0.56973, -0.52513, 0.23799, -0.817, 0.80, 0.80, 0.80, 1.00, 0.85691, 0.34094
302, 101, -1.42134, 6.30436, 0.4895, -0.63183, -0.01006, -0.77498, 0.80, 0.80, 0.80, 1.00, 0.85923, 0.2996
303, 107, -1.19254, 5.92746, 1.10064, 0.34793, -0.0171, 0.93729, 0.80, 0.80, 0.80, 1.00, 0.66031, 0.3427
304, 99, -0.85063, 6.05735, 0.96963, 0.89118, -0.36843, 0.26461, 0.80, 0.80, 0.80, 1.00, 0.70995, 0.31396
305, 98, -1.03503, 6.24668, 1.12168, 0.16778, 0.03518, 0.98512, 0.80, 0.80, 0.80, 1.00, 0.66835, 0.29778
306, 107, -1.19254, 5.92746, 1.10064, 0.34793, -0.0171, 0.93729, 0.80, 0.80, 0.80, 1.00, 0.66031, 0.3427
307, 109, -0.97433, 5.87193, 0.98156, 0.96273, -0.08314, 0.25734, 0.80, 0.80, 0.80, 1.00, 0.70581, 0.34132
308, 99, -0.85063, 6.05735, 0.96963, 0.89118, -0.36843, 0.26461, 0.80, 0.80, 0.80, 1.00, 0.70995, 0.31396
309, 109, -0.97433, 5.87193, 0.98156, 0.96273, -0.08314, 0.25734, 0.80, 0.80, 0.80, 1.00, 0.70581, 0.34132
310, 100, -1.093, 6.12062, 0.49823, 0.72549, -0.41244, -0.5509, 0.80, 0.80, 0.80, 1.00, 0.79836, 0.31124
311, 99, -0.85063, 6.05735, 0.96963, 0.89118, -0.36843, 0.26461, 0.80, 0.80, 0.80, 1.00, 0.70995, 0.31396
312, 109, -0.97433, 5.87193, 0.98156, 0.96273, -0.08314, 0.25734, 0.80, 0.80, 0.80, 1.00, 0.70581, 0.34132
313, 105, -1.21289, 5.92237, 0.50453, 0.42487, -0.08595, -0.90109, 0.80, 0.80, 0.80, 1.00, 0.80882, 0.34002
314, 100, -1.093, 6.12062, 0.49823, 0.72549, -0.41244, -0.5509, 0.80, 0.80, 0.80, 1.00, 0.79836, 0.31124
315, 108, -1.45127, 5.98421, 0.56973, -0.52513, 0.23799, -0.817, 0.80, 0.80, 0.80, 1.00, 0.85691, 0.34094
316, 102, -1.50874, 6.25523, 0.73187, -0.97603, 0.21755, -0.00373, 0.80, 0.80, 0.80, 1.00, 0.90049, 0.31033
317, 101, -1.42134, 6.30436, 0.4895, -0.63183, -0.01006, -0.77498, 0.80, 0.80, 0.80, 1.00, 0.85923, 0.2996
318, 108, -1.45127, 5.98421, 0.56973, -0.52513, 0.23799, -0.817, 0.80, 0.80, 0.80, 1.00, 0.85691, 0.34094
319, 110, -1.54922, 6.03362, 0.70605, -0.86844, 0.48554, -0.10012, 0.80, 0.80, 0.80, 1.00, 0.89202, 0.33907
320, 102, -1.50874, 6.25523, 0.73187, -0.97603, 0.21755, -0.00373, 0.80, 0.80, 0.80, 1.00, 0.90049, 0.31033
321, 110, -1.54922, 6.03362, 0.70605, -0.86844, 0.48554, -0.10012, 0.80, 0.80, 0.80, 1.00, 0.89202, 0.33907
322, 103, -1.3277, 6.19429, 1.0642, -0.84941, 0.22733, 0.47621, 0.80, 0.80, 0.80, 1.00, 0.98934, 0.31183
323, 102, -1.50874, 6.25523, 0.73187, -0.97603, 0.21755, -0.00373, 0.80, 0.80, 0.80, 1.00, 0.90049, 0.31033
324, 110, -1.54922, 6.03362, 0.70605, -0.86844, 0.48554, -0.10012, 0.80, 0.80, 0.80, 1.00, 0.89202, 0.33907
325, 111, -1.36064, 5.98451, 1.08819, -0.70622, 0.56618, 0.425, 0.80, 0.80, 0.80, 1.00, 0.9901, 0.33906
326, 103, -1.3277, 6.19429, 1.0642, -0.84941, 0.22733, 0.47621, 0.80, 0.80, 0.80, 1.00, 0.98934, 0.31183
327, 112, -1.42753, 5.93825, 1.17895, -0.31737, 0.89326, 0.31746, 0.80, 0.80, 0.80, 1.00, 0.61703, 0.36159
328, 113, -1.19254, 5.92746, 1.10064, 0.04933, 0.47438, 0.87885, 0.80, 0.80, 0.80, 1.00, 0.66051, 0.34334
329, 114, -1.36064, 5.98451, 1.08819, 0.07055, 0.40671, 0.91074, 0.80, 0.80, 0.80, 1.00, 0.61691, 0.34226
330, 112, -1.42753, 5.93825, 1.17895, -0.31737, 0.89326, 0.31746, 0.80, 0.80, 0.80, 1.00, 0.61703, 0.36159
331, 115, -1.16616, 6.04941, 1.15426, -0.27123, 0.86589, 0.41964, 0.80, 0.80, 0.80, 1.00, 0.66085, 0.3621
332, 113, -1.19254, 5.92746, 1.10064, 0.04933, 0.47438, 0.87885, 0.80, 0.80, 0.80, 1.00, 0.66051, 0.34334
333, 116, -1.09243, 5.47581, 0.69852, 0.47523, -0.53227, -0.7004, 0.80, 0.80, 0.80, 1.00, 0.80364, 0.35882
334, 108, -1.45127, 5.98421, 0.56973, -0.52513, 0.23799, -0.817, 0.80, 0.80, 0.80, 1.00, 0.85691, 0.34094
335, 105, -1.21289, 5.92237, 0.50453, 0.42487, -0.08595, -0.90109, 0.80, 0.80, 0.80, 1.00, 0.80882, 0.34002
336, 116, -1.09243, 5.47581, 0.69852, 0.47523, -0.53227, -0.7004, 0.80, 0.80, 0.80, 1.00, 0.80364, 0.35882
337, 117, -1.41234, 5.4184, 0.80947, -0.4051, -0.81029, -0.4225, 0.80, 0.80, 0.80, 1.00, 0.85733, 0.35974
338, 108, -1.45127, 5.98421, 0.56973, -0.52513, 0.23799, -0.817, 0.80, 0.80, 0.80, 1.00, 0.85691, 0.34094
339, 118, -1.16616, 6.04941, 1.15426, 0.31512, 0.93541, 0.15768, 0.80, 0.80, 0.80, 1.00, 0.66065, 0.36146
340, 109, -0.97433, 5.87193, 0.98156, 0.96273, -0.08314, 0.25734, 0.80, 0.80, 0.80, 1.00, 0.70581, 0.34132
341, 107, -1.19254, 5.92746, 1.10064, 0.34793, -0.0171, 0.93729, 0.80, 0.80, 0.80, 1.00, 0.66031, 0.3427
342, 118, -1.16616, 6.04941, 1.15426, 0.31512, 0.93541, 0.15768, 0.80, 0.80, 0.80, 1.00, 0.66065, 0.36146
343, 119, -0.88956, 5.97021, 0.96346, 0.7514, 0.61744, -0.23163, 0.80, 0.80, 0.80, 1.00, 0.7111, 0.3601
344, 109, -0.97433, 5.87193, 0.98156, 0.96273, -0.08314, 0.25734, 0.80, 0.80, 0.80, 1.00, 0.70581, 0.34132
345, 119, -0.88956, 5.97021, 0.96346, 0.7514, 0.61744, -0.23163, 0.80, 0.80, 0.80, 1.00, 0.7111, 0.3601
346, 105, -1.21289, 5.92237, 0.50453, 0.42487, -0.08595, -0.90109, 0.80, 0.80, 0.80, 1.00, 0.80882, 0.34002
347, 109, -0.97433, 5.87193, 0.98156, 0.96273, -0.08314, 0.25734, 0.80, 0.80, 0.80, 1.00, 0.70581, 0.34132
348, 119, -0.88956, 5.97021, 0.96346, 0.7514, 0.61744, -0.23163, 0.80, 0.80, 0.80, 1.00, 0.7111, 0.3601
349, 116, -1.09243, 5.47581, 0.69852, 0.47523, -0.53227, -0.7004, 0.80, 0.80, 0.80, 1.00, 0.80364, 0.35882
350, 105, -1.21289, 5.92237, 0.50453, 0.42487, -0.08595, -0.90109, 0.80, 0.80, 0.80, 1.00, 0.80882, 0.34002
351, 117, -1.41234, 5.4184, 0.80947, -0.4051, -0.81029, -0.4225, 0.80, 0.80, 0.80, 1.00, 0.85733, 0.35974
352, 110, -1.54922, 6.03362, 0.70605, -0.86844, 0.48554, -0.10012, 0.80, 0.80, 0.80, 1.00, 0.89202, 0.33907
353, 108, -1.45127, 5.98421, 0.56973, -0.52513, 0.23799, -0.817, 0.80, 0.80, 0.80, 1.00, 0.85691, 0.34094
354, 117, -1.41234, 5.4184, 0.80947, -0.4051, -0.81029, -0.4225, 0.80, 0.80, 0.80, 1.00, 0.85733, 0.35974
355, 120, -1.59183, 5.55114, 0.96211, -0.96898, -0.24557, -0.02034, 0.80, 0.80, 0.80, 1.00, 0.9008, 0.35788
356, 110, -1.54922, 6.03362, 0.70605, -0.86844, 0.48554, -0.10012, 0.80, 0.80, 0.80, 1.00, 0.89202, 0.33907
357, 120, -1.59183, 5.55114, 0.96211, -0.96898, -0.24557, -0.02034, 0.80, 0.80, 0.80, 1.00, 0.9008, 0.35788
358, 111, -1.36064, 5.98451, 1.08819, -0.70622, 0.56618, 0.425, 0.80, 0.80, 0.80, 1.00, 0.9901, 0.33906
359, 110, -1.54922, 6.03362, 0.70605, -0.86844, 0.48554, -0.10012, 0.80, 0.80, 0.80, 1.00, 0.89202, 0.33907
360, 120, -1.59183, 5.55114, 0.96211, -0.96898, -0.24557, -0.02034, 0.80, 0.80, 0.80, 1.00, 0.9008, 0.35788
361, 121, -1.42753, 5.93825, 1.17895, -0.93389, 0.26959, 0.23462, 0.80, 0.80, 0.80, 1.00, 0.98896, 0.35775
362, 111, -1.36064, 5.98451, 1.08819, -0.70622, 0.56618, 0.425, 0.80, 0.80, 0.80, 1.00, 0.9901, 0.33906
363, 122, -1.34477, 5.78236, 1.49336, -0.10019, 0.67171, 0.73362, 0.80, 0.80, 0.80, 1.00, 0.61681, 0.40716
364, 115, -1.16616, 6.04941, 1.15426, -0.27123, 0.86589, 0.41964, 0.80, 0.80, 0.80, 1.00, 0.66085, 0.3621
365, 112, -1.42753, 5.93825, 1.17895, -0.31737, 0.89326, 0.31746, 0.80, 0.80, 0.80, 1.00, 0.61703, 0.36159
366, 122, -1.34477, 5.78236, 1.49336, -0.10019, 0.67171, 0.73362, 0.80, 0.80, 0.80, 1.00, 0.61681, 0.40716
367, 123, -1.1004, 5.85773, 1.43836, 0.06315, 0.44713, 0.89188, 0.80, 0.80, 0.80, 1.00, 0.65224, 0.40658
368, 115, -1.16616, 6.04941, 1.15426, -0.27123, 0.86589, 0.41964, 0.80, 0.80, 0.80, 1.00, 0.66085, 0.3621
369, 124, -0.97104, 5.3944, 1.08263, 0.61016, -0.77291, -0.17288, 0.80, 0.80, 0.80, 1.00, 0.79036, 0.40813
370, 117, -1.41234, 5.4184, 0.80947, -0.4051, -0.81029, -0.4225, 0.80, 0.80, 0.80, 1.00, 0.85733, 0.35974
371, 116, -1.09243, 5.47581, 0.69852, 0.47523, -0.53227, -0.7004, 0.80, 0.80, 0.80, 1.00, 0.80364, 0.35882
372, 124, -0.97104, 5.3944, 1.08263, 0.61016, -0.77291, -0.17288, 0.80, 0.80, 0.80, 1.00, 0.79036, 0.40813
373, 125, -1.27962, 5.3639, 1.21338, -0.20906, -0.97717, 0.02436, 0.80, 0.80, 0.80, 1.00, 0.87804, 0.40966
374, 117, -1.41234, 5.4184, 0.80947, -0.4051, -0.81029, -0.4225, 0.80, 0.80, 0.80, 1.00, 0.85733, 0.35974
375, 126, -1.1004, 5.85773, 1.43836, 0.46078, 0.68153, 0.56779, 0.80, 0.80, 0.80, 1.00, 0.65203, 0.40594
376, 119, -0.88956, 5.97021, 0.96346, 0.7514, 0.61744, -0.23163, 0.80, 0.80, 0.80, 1.00, 0.7111, 0.3601
377, 118, -1.16616, 6.04941, 1.15426, 0.31512, 0.93541, 0.15768, 0.80, 0.80, 0.80, 1.00, 0.66065, 0.36146
378, 126, -1.1004, 5.85773, 1.43836, 0.46078, 0.68153, 0.56779, 0.80, 0.80, 0.80, 1.00, 0.65203, 0.40594
379, 127, -0.80755, 5.82456, 1.27498, 0.94191, 0.14692, 0.30119, 0.80, 0.80, 0.80, 1.00, 0.70178, 0.40485
380, 119, -0.88956, 5.97021, 0.96346, 0.7514, 0.61744, -0.23163, 0.80, 0.80, 0.80, 1.00, 0.7111, 0.3601
381, 127, -0.80755, 5.82456, 1.27498, 0.94191, 0.14692, 0.30119, 0.80, 0.80, 0.80, 1.00, 0.70178, 0.40485
382, 116, -1.09243, 5.47581, 0.69852, 0.47523, -0.53227, -0.7004, 0.80, 0.80, 0.80, 1.00, 0.80364, 0.35882
383, 119, -0.88956, 5.97021, 0.96346, 0.7514, 0.61744, -0.23163, 0.80, 0.80, 0.80, 1.00, 0.7111, 0.3601
384, 127, -0.80755, 5.82456, 1.27498, 0.94191, 0.14692, 0.30119, 0.80, 0.80, 0.80, 1.00, 0.70178, 0.40485
385, 124, -0.97104, 5.3944, 1.08263, 0.61016, -0.77291, -0.17288, 0.80, 0.80, 0.80, 1.00, 0.79036, 0.40813
386, 116, -1.09243, 5.47581, 0.69852, 0.47523, -0.53227, -0.7004, 0.80, 0.80, 0.80, 1.00, 0.80364, 0.35882
387, 125, -1.27962, 5.3639, 1.21338, -0.20906, -0.97717, 0.02436, 0.80, 0.80, 0.80, 1.00, 0.87804, 0.40966
388, 120, -1.59183, 5.55114, 0.96211, -0.96898, -0.24557, -0.02034, 0.80, 0.80, 0.80, 1.00, 0.9008, 0.35788
389, 117, -1.41234, 5.4184, 0.80947, -0.4051, -0.81029, -0.4225, 0.80, 0.80, 0.80, 1.00, 0.85733, 0.35974
390, 125, -1.27962, 5.3639, 1.21338, -0.20906, -0.97717, 0.02436, 0.80, 0.80, 0.80, 1.00, 0.87804, 0.40966
391, 128, -1.47109, 5.4751, 1.34421, -0.72949, -0.52042, 0.44341, 0.80, 0.80, 0.80, 1.00, 0.92605, 0.40659
392, 120, -1.59183, 5.55114, 0.96211, -0.96898, -0.24557, -0.02034, 0.80, 0.80, 0.80, 1.00, 0.9008, 0.35788
393, 128, -1.47109, 5.4751, 1.34421, -0.72949, -0.52042, 0.44341, 0.80, 0.80, 0.80, 1.00, 0.92605, 0.40659
394, 121, -1.42753, 5.93825, 1.17895, -0.93389, 0.26959, 0.23462, 0.80, 0.80, 0.80, 1.00, 0.98896, 0.35775
395, 120, -1.59183, 5.55114, 0.96211, -0.96898, -0.24557, -0.02034, 0.80, 0.80, 0.80, 1.00, 0.9008, 0.35788
396, 128, -1.47109, 5.4751, 1.34421, -0.72949, -0.52042, 0.44341, 0.80, 0.80, 0.80, 1.00, 0.92605, 0.40659
397, 129, -1.34477, 5.78236, 1.49336, -0.65626, -0.09129, 0.74887, 0.80, 0.80, 0.80, 1.00, 0.98879, 0.40333
398, 121, -1.42753, 5.93825, 1.17895, -0.93389, 0.26959, 0.23462, 0.80, 0.80, 0.80, 1.00, 0.98896, 0.35775
399, 130, -1.28512, 5.70382, 1.50246, 0.14893, 0.22213, 0.96322, 0.80, 0.80, 0.80, 1.00, 0.61683, 0.41609
400, 123, -1.1004, 5.85773, 1.43836, 0.06315, 0.44713, 0.89188, 0.80, 0.80, 0.80, 1.00, 0.65224, 0.40658
401, 122, -1.34477, 5.78236, 1.49336, -0.10019, 0.67171, 0.73362, 0.80, 0.80, 0.80, 1.00, 0.61681, 0.40716
402, 130, -1.28512, 5.70382, 1.50246, 0.14893, 0.22213, 0.96322, 0.80, 0.80, 0.80, 1.00, 0.61683, 0.41609
403, 131, -1.08884, 5.76376, 1.45805, 0.15041, 0.22042, 0.96338, 0.80, 0.80, 0.80, 1.00, 0.65123, 0.41554
404, 123, -1.1004, 5.85773, 1.43836, 0.06315, 0.44713, 0.89188, 0.80, 0.80, 0.80, 1.00, 0.65224, 0.40658
405, 132, -0.96696, 5.39151, 1.16819, 0.4311, -0.90101, -0.04133, 0.80, 0.80, 0.80, 1.00, 0.78671, 0.41705
406, 125, -1.27962, 5.3639, 1.21338, -0.20906, -0.97717, 0.02436, 0.80, 0.80, 0.80, 1.00, 0.87804, 0.40966
407, 124, -0.97104, 5.3944, 1.08263, 0.61016, -0.77291, -0.17288, 0.80, 0.80, 0.80, 1.00, 0.79036, 0.40813
408, 132, -0.96696, 5.39151, 1.16819, 0.4311, -0.90101, -0.04133, 0.80, 0.80, 0.80, 1.00, 0.78671, 0.41705
409, 133, -1.23117, 5.36722, 1.28332, -0.19747, -0.96019, 0.19546, 0.80, 0.80, 0.80, 1.00, 0.88177, 0.41855
410, 125, -1.27962, 5.3639, 1.21338, -0.20906, -0.97717, 0.02436, 0.80, 0.80, 0.80, 1.00, 0.87804, 0.40966
411, 134, -1.08884, 5.76376, 1.45805, 0.49296, 0.23776, 0.83646, 0.80, 0.80, 0.80, 1.00, 0.65102, 0.4149
412, 127, -0.80755, 5.82456, 1.27498, 0.94191, 0.14692, 0.30119, 0.80, 0.80, 0.80, 1.00, 0.70178, 0.40485
413, 126, -1.1004, 5.85773, 1.43836, 0.46078, 0.68153, 0.56779, 0.80, 0.80, 0.80, 1.00, 0.65203, 0.40594
414, 134, -1.08884, 5.76376, 1.45805, 0.49296, 0.23776, 0.83646, 0.80, 0.80, 0.80, 1.00, 0.65102, 0.4149
415, 135, -0.83683, 5.73693, 1.31732, 0.94146, -0.16952, 0.29065, 0.80, 0.80, 0.80, 1.00, 0.70282, 0.41383
416, 127, -0.80755, 5.82456, 1.27498, 0.94191, 0.14692, 0.30119, 0.80, 0.80, 0.80, 1.00, 0.70178, 0.40485
417, 135, -0.83683, 5.73693, 1.31732, 0.94146, -0.16952, 0.29065, 0.80, 0.80, 0.80, 1.00, 0.70282, 0.41383
418, 124, -0.97104, 5.3944, 1.08263, 0.61016, -0.77291, -0.17288, 0.80, 0.80, 0.80, 1.00, 0.79036, 0.40813
419, 127, -0.80755, 5.82456, 1.27498, 0.94191, 0.14692, 0.30119, 0.80, 0.80, 0.80, 1.00, 0.70178, 0.40485
420, 135, -0.83683, 5.73693, 1.31732, 0.94146, -0.16952, 0.29065, 0.80, 0.80, 0.80, 1.00, 0.70282, 0.41383
421, 132, -0.96696, 5.39151, 1.16819, 0.4311, -0.90101, -0.04133, 0.80, 0.80, 0.80, 1.00, 0.78671, 0.41705
422, 124, -0.97104, 5.3944, 1.08263, 0.61016, -0.77291, -0.17288, 0.80, 0.80, 0.80, 1.00, 0.79036, 0.40813
423, 133, -1.23117, 5.36722, 1.28332, -0.19747, -0.96019, 0.19546, 0.80, 0.80, 0.80, 1.00, 0.88177, 0.41855
424, 128, -1.47109, 5.4751, 1.34421, -0.72949, -0.52042, 0.44341, 0.80, 0.80, 0.80, 1.00, 0.92605, 0.40659
425, 125, -1.27962, 5.3639, 1.21338, -0.20906, -0.97717, 0.02436, 0.80, 0.80, 0.80, 1.00, 0.87804, 0.40966
426, 133, -1.23117, 5.36722, 1.28332, -0.19747, -0.96019, 0.19546, 0.80, 0.80, 0.80, 1.00, 0.88177, 0.41855
427, 136, -1.38658, 5.45831, 1.38488, -0.44794, -0.49627, 0.74335, 0.80, 0.80, 0.80, 1.00, 0.9282, 0.41554
428, 128, -1.47109, 5.4751, 1.34421, -0.72949, -0.52042, 0.44341, 0.80, 0.80, 0.80, 1.00, 0.92605, 0.40659
429, 136, -1.38658, 5.45831, 1.38488, -0.44794, -0.49627, 0.74335, 0.80, 0.80, 0.80, 1.00, 0.9282, 0.41554
430, 129, -1.34477, 5.78236, 1.49336, -0.65626, -0.09129, 0.74887, 0.80, 0.80, 0.80, 1.00, 0.98879, 0.40333
431, 128, -1.47109, 5.4751, 1.34421, -0.72949, -0.52042, 0.44341, 0.80, 0.80, 0.80, 1.00, 0.92605, 0.40659
432, 136, -1.38658, 5.45831, 1.38488, -0.44794, -0.49627, 0.74335, 0.80, 0.80, 0.80, 1.00, 0.9282, 0.41554
433, 137, -1.28512, 5.70382, 1.50246, -0.44008, -0.23328, 0.86692, 0.80, 0.80, 0.80, 1.00, 0.9888, 0.41224
434, 129, -1.34477, 5.78236, 1.49336, -0.65626, -0.09129, 0.74887, 0.80, 0.80, 0.80, 1.00, 0.98879, 0.40333
435, 74, -1.31286, 6.71191, 0.75529, -0.87686, 0.26895, 0.39841, 0.80, 0.80, 0.80, 1.00, 0.90, 0.24736
436, 76, -1.32541, 7.00685, 0.56945, -0.89624, 0.33583, -0.28972, 0.80, 0.80, 0.80, 1.00, 0.87617, 0.20965
437, 84, -1.36568, 6.73636, 0.53717, -0.83156, 0.22177, -0.50919, 0.80, 0.80, 0.80, 1.00, 0.867, 0.24465
438, 84, -1.36568, 6.73636, 0.53717, -0.83156, 0.22177, -0.50919, 0.80, 0.80, 0.80, 1.00, 0.867, 0.24465
439, 102, -1.50874, 6.25523, 0.73187, -0.97603, 0.21755, -0.00373, 0.80, 0.80, 0.80, 1.00, 0.90049, 0.31033
440, 74, -1.31286, 6.71191, 0.75529, -0.87686, 0.26895, 0.39841, 0.80, 0.80, 0.80, 1.00, 0.90, 0.24736
441, 138, -0.82435, 4.26177, 0.41855, -0.97222, 0.19922, 0.12291, 0.80, 0.80, 0.80, 1.00, 0.33113, 0.13508
442, 139, -0.67115, 3.94014, 0.10947, -0.78799, -0.41993, -0.45025, 0.80, 0.80, 0.80, 1.00, 0.25092, 0.13517
443, 140, -0.87083, 2.88607, 1.51512, -0.93784, -0.34678, -0.01402, 0.80, 0.80, 0.80, 1.00, 0.29349, 0.44726
444, 141, 0.18853, 2.88836, 1.54299, 0.93979, -0.31431, -0.13415, 0.80, 0.80, 0.80, 1.00, 0.14472, 0.4727
445, 142, 0.0114, 4.16588, 0.1043, -0.07425, -0.98617, -0.14816, 0.80, 0.80, 0.80, 1.00, 0.14033, 0.15646
446, 143, 0.20629, 4.12417, 0.4932, 0.4433, -0.14482, 0.8846, 0.80, 0.80, 0.80, 1.00, 0.10614, 0.16404
447, 144, 0.22879, 3.14864, 1.85946, 0.72979, 0.33705, 0.59481, 0.80, 0.80, 0.80, 1.00, 0.10165, 0.48498
448, 141, 0.18853, 2.88836, 1.54299, 0.93979, -0.31431, -0.13415, 0.80, 0.80, 0.80, 1.00, 0.14472, 0.4727
449, 143, 0.20629, 4.12417, 0.4932, 0.4433, -0.14482, 0.8846, 0.80, 0.80, 0.80, 1.00, 0.10614, 0.16404
450, 144, 0.22879, 3.14864, 1.85946, 0.72979, 0.33705, 0.59481, 0.80, 0.80, 0.80, 1.00, 0.10165, 0.48498
451, 143, 0.20629, 4.12417, 0.4932, 0.4433, -0.14482, 0.8846, 0.80, 0.80, 0.80, 1.00, 0.10614, 0.16404
452, 145, -0.16906, 4.4721, 0.68481, 0.24319, 0.72581, 0.64348, 0.80, 0.80, 0.80, 1.00, 0.07378, 0.15933
453, 146, -0.20621, 3.31071, 2.00293, 0.31775, 0.61041, 0.72556, 0.80, 0.80, 0.80, 1.00, 0.05031, 0.47586
454, 144, 0.22879, 3.14864, 1.85946, 0.72979, 0.33705, 0.59481, 0.80, 0.80, 0.80, 1.00, 0.10165, 0.48498
455, 145, -0.16906, 4.4721, 0.68481, 0.24319, 0.72581, 0.64348, 0.80, 0.80, 0.80, 1.00, 0.07378, 0.15933
456, 147, -0.64942, 3.37369, 1.9754, -0.85898, 0.17893, 0.47972, 0.80, 0.80, 0.80, 1.00, 0.36069, 0.45539
457, 148, -0.54268, 4.51476, 0.64248, -0.76683, 0.51663, 0.38086, 0.80, 0.80, 0.80, 1.00, 0.38772, 0.14075
458, 138, -0.82435, 4.26177, 0.41855, -0.97222, 0.19922, 0.12291, 0.80, 0.80, 0.80, 1.00, 0.33113, 0.13508
459, 140, -0.87083, 2.88607, 1.51512, -0.93784, -0.34678, -0.01402, 0.80, 0.80, 0.80, 1.00, 0.29349, 0.44726
460, 147, -0.64942, 3.37369, 1.9754, -0.85898, 0.17893, 0.47972, 0.80, 0.80, 0.80, 1.00, 0.36069, 0.45539
461, 138, -0.82435, 4.26177, 0.41855, -0.97222, 0.19922, 0.12291, 0.80, 0.80, 0.80, 1.00, 0.33113, 0.13508
462, 149, -0.64942, 3.37369, 1.9754, 0.0391, 0.75372, 0.65603, 0.80, 0.80, 0.80, 1.00, 0.00917, 0.45539
463, 145, -0.16906, 4.4721, 0.68481, 0.24319, 0.72581, 0.64348, 0.80, 0.80, 0.80, 1.00, 0.07378, 0.15933
464, 150, -0.54268, 4.51476, 0.64248, 0.01293, 0.75909, 0.65086, 0.80, 0.80, 0.80, 1.00, 0.03616, 0.14075
465, 149, -0.64942, 3.37369, 1.9754, 0.0391, 0.75372, 0.65603, 0.80, 0.80, 0.80, 1.00, 0.00917, 0.45539
466, 146, -0.20621, 3.31071, 2.00293, 0.31775, 0.61041, 0.72556, 0.80, 0.80, 0.80, 1.00, 0.05031, 0.47586
467, 145, -0.16906, 4.4721, 0.68481, 0.24319, 0.72581, 0.64348, 0.80, 0.80, 0.80, 1.00, 0.07378, 0.15933
468, 151, -0.53143, 2.62264, 1.24413, -0.50319, -0.75611, -0.41844, 0.80, 0.80, 0.80, 1.00, 0.24336, 0.44936
469, 139, -0.67115, 3.94014, 0.10947, -0.78799, -0.41993, -0.45025, 0.80, 0.80, 0.80, 1.00, 0.25092, 0.13517
470, 152, -0.47135, 3.84258, -0.00732, -0.42401, -0.63804, -0.64274, 0.80, 0.80, 0.80, 1.00, 0.21674, 0.13527
471, 151, -0.53143, 2.62264, 1.24413, -0.50319, -0.75611, -0.41844, 0.80, 0.80, 0.80, 1.00, 0.24336, 0.44936
472, 140, -0.87083, 2.88607, 1.51512, -0.93784, -0.34678, -0.01402, 0.80, 0.80, 0.80, 1.00, 0.29349, 0.44726
473, 139, -0.67115, 3.94014, 0.10947, -0.78799, -0.41993, -0.45025, 0.80, 0.80, 0.80, 1.00, 0.25092, 0.13517
474, 141, 0.18853, 2.88836, 1.54299, 0.93979, -0.31431, -0.13415, 0.80, 0.80, 0.80, 1.00, 0.14472, 0.4727
475, 153, -0.20834, 4.28384, -0.33418, -0.44802, -0.00437, -0.89401, 0.80, 0.80, 0.80, 1.00, 0.18641, 0.13501
476, 142, 0.0114, 4.16588, 0.1043, -0.07425, -0.98617, -0.14816, 0.80, 0.80, 0.80, 1.00, 0.14033, 0.15646
477, 141, 0.18853, 2.88836, 1.54299, 0.93979, -0.31431, -0.13415, 0.80, 0.80, 0.80, 1.00, 0.14472, 0.4727
478, 154, -0.13566, 2.55301, 1.11925, 0.31828, -0.81991, -0.47587, 0.80, 0.80, 0.80, 1.00, 0.2056, 0.44908
479, 153, -0.20834, 4.28384, -0.33418, -0.44802, -0.00437, -0.89401, 0.80, 0.80, 0.80, 1.00, 0.18641, 0.13501
480, 154, -0.13566, 2.55301, 1.11925, 0.31828, -0.81991, -0.47587, 0.80, 0.80, 0.80, 1.00, 0.2056, 0.44908
481, 152, -0.47135, 3.84258, -0.00732, -0.42401, -0.63804, -0.64274, 0.80, 0.80, 0.80, 1.00, 0.21674, 0.13527
482, 153, -0.20834, 4.28384, -0.33418, -0.44802, -0.00437, -0.89401, 0.80, 0.80, 0.80, 1.00, 0.18641, 0.13501
483, 154, -0.13566, 2.55301, 1.11925, 0.31828, -0.81991, -0.47587, 0.80, 0.80, 0.80, 1.00, 0.2056, 0.44908
484, 151, -0.53143, 2.62264, 1.24413, -0.50319, -0.75611, -0.41844, 0.80, 0.80, 0.80, 1.00, 0.24336, 0.44936
485, 152, -0.47135, 3.84258, -0.00732, -0.42401, -0.63804, -0.64274, 0.80, 0.80, 0.80, 1.00, 0.21674, 0.13527
486, 155, 0.06394, 2.7177, 2.0921, 0.81082, -0.41566, 0.41206, 0.80, 0.80, 0.80, 1.00, 0.10182, 0.55266
487, 141, 0.18853, 2.88836, 1.54299, 0.93979, -0.31431, -0.13415, 0.80, 0.80, 0.80, 1.00, 0.14472, 0.4727
488, 144, 0.22879, 3.14864, 1.85946, 0.72979, 0.33705, 0.59481, 0.80, 0.80, 0.80, 1.00, 0.10165, 0.48498
489, 155, 0.06394, 2.7177, 2.0921, 0.81082, -0.41566, 0.41206, 0.80, 0.80, 0.80, 1.00, 0.10182, 0.55266
490, 156, 0.00808, 2.61494, 1.76826, 0.7614, -0.61738, -0.19775, 0.80, 0.80, 0.80, 1.00, 0.16244, 0.5428
491, 141, 0.18853, 2.88836, 1.54299, 0.93979, -0.31431, -0.13415, 0.80, 0.80, 0.80, 1.00, 0.14472, 0.4727
492, 157, -0.18684, 2.82209, 2.18694, 0.34734, -0.02575, 0.93739, 0.80, 0.80, 0.80, 1.00, 0.05249, 0.54608
493, 144, 0.22879, 3.14864, 1.85946, 0.72979, 0.33705, 0.59481, 0.80, 0.80, 0.80, 1.00, 0.10165, 0.48498
494, 146, -0.20621, 3.31071, 2.00293, 0.31775, 0.61041, 0.72556, 0.80, 0.80, 0.80, 1.00, 0.05031, 0.47586
495, 157, -0.18684, 2.82209, 2.18694, 0.34734, -0.02575, 0.93739, 0.80, 0.80, 0.80, 1.00, 0.05249, 0.54608
496, 155, 0.06394, 2.7177, 2.0921, 0.81082, -0.41566, 0.41206, 0.80, 0.80, 0.80, 1.00, 0.10182, 0.55266
497, 144, 0.22879, 3.14864, 1.85946, 0.72979, 0.33705, 0.59481, 0.80, 0.80, 0.80, 1.00, 0.10165, 0.48498
498, 158, -0.65854, 2.81941, 1.88493, -0.90759, -0.28176, 0.31128, 0.80, 0.80, 0.80, 1.00, 0.3103, 0.52581
499, 147, -0.64942, 3.37369, 1.9754, -0.85898, 0.17893, 0.47972, 0.80, 0.80, 0.80, 1.00, 0.36069, 0.45539
500, 140, -0.87083, 2.88607, 1.51512, -0.93784, -0.34678, -0.01402, 0.80, 0.80, 0.80, 1.00, 0.29349, 0.44726
501, 158, -0.65854, 2.81941, 1.88493, -0.90759, -0.28176, 0.31128, 0.80, 0.80, 0.80, 1.00, 0.3103, 0.52581
502, 159, -0.43871, 2.9141, 2.15944, -0.72836, -0.20474, 0.65389, 0.80, 0.80, 0.80, 1.00, 0.36257, 0.53132
503, 147, -0.64942, 3.37369, 1.9754, -0.85898, 0.17893, 0.47972, 0.80, 0.80, 0.80, 1.00, 0.36069, 0.45539
504, 160, -0.43871, 2.9141, 2.15944, -0.09148, -0.00226, 0.9958, 0.80, 0.80, 0.80, 1.00, 0.0111, 0.53132
505, 161, -0.20621, 3.31071, 2.00293, -0.02558, 0.34777, 0.93723, 0.80, 0.80, 0.80, 1.00, 0.05039, 0.47586
506, 162, -0.64942, 3.37369, 1.9754, -0.01024, 0.339, 0.94073, 0.80, 0.80, 0.80, 1.00, 0.00918, 0.45539
507, 160, -0.43871, 2.9141, 2.15944, -0.09148, -0.00226, 0.9958, 0.80, 0.80, 0.80, 1.00, 0.0111, 0.53132
508, 163, -0.18684, 2.82209, 2.18694, -0.10513, 0.00941, 0.99441, 0.80, 0.80, 0.80, 1.00, 0.05258, 0.54608
509, 161, -0.20621, 3.31071, 2.00293, -0.02558, 0.34777, 0.93723, 0.80, 0.80, 0.80, 1.00, 0.05039, 0.47586
510, 164, -0.4938, 2.65065, 1.5785, -0.66352, -0.62208, -0.41563, 0.80, 0.80, 0.80, 1.00, 0.25611, 0.52596
511, 140, -0.87083, 2.88607, 1.51512, -0.93784, -0.34678, -0.01402, 0.80, 0.80, 0.80, 1.00, 0.29349, 0.44726
512, 151, -0.53143, 2.62264, 1.24413, -0.50319, -0.75611, -0.41844, 0.80, 0.80, 0.80, 1.00, 0.24336, 0.44936
513, 164, -0.4938, 2.65065, 1.5785, -0.66352, -0.62208, -0.41563, 0.80, 0.80, 0.80, 1.00, 0.25611, 0.52596
514, 158, -0.65854, 2.81941, 1.88493, -0.90759, -0.28176, 0.31128, 0.80, 0.80, 0.80, 1.00, 0.3103, 0.52581
515, 140, -0.87083, 2.88607, 1.51512, -0.93784, -0.34678, -0.01402, 0.80, 0.80, 0.80, 1.00, 0.29349, 0.44726
516, 156, 0.00808, 2.61494, 1.76826, 0.7614, -0.61738, -0.19775, 0.80, 0.80, 0.80, 1.00, 0.16244, 0.5428
517, 154, -0.13566, 2.55301, 1.11925, 0.31828, -0.81991, -0.47587, 0.80, 0.80, 0.80, 1.00, 0.2056, 0.44908
518, 141, 0.18853, 2.88836, 1.54299, 0.93979, -0.31431, -0.13415, 0.80, 0.80, 0.80, 1.00, 0.14472, 0.4727
519, 156, 0.00808, 2.61494, 1.76826, 0.7614, -0.61738, -0.19775, 0.80, 0.80, 0.80, 1.00, 0.16244, 0.5428
520, 165, -0.15984, 2.58104, 1.479, 0.00795, -0.8181, -0.57502, 0.80, 0.80, 0.80, 1.00, 0.20809, 0.52575
521, 154, -0.13566, 2.55301, 1.11925, 0.31828, -0.81991, -0.47587, 0.80, 0.80, 0.80, 1.00, 0.2056, 0.44908
522, 165, -0.15984, 2.58104, 1.479, 0.00795, -0.8181, -0.57502, 0.80, 0.80, 0.80, 1.00, 0.20809, 0.52575
523, 151, -0.53143, 2.62264, 1.24413, -0.50319, -0.75611, -0.41844, 0.80, 0.80, 0.80, 1.00, 0.24336, 0.44936
524, 154, -0.13566, 2.55301, 1.11925, 0.31828, -0.81991, -0.47587, 0.80, 0.80, 0.80, 1.00, 0.2056, 0.44908
525, 165, -0.15984, 2.58104, 1.479, 0.00795, -0.8181, -0.57502, 0.80, 0.80, 0.80, 1.00, 0.20809, 0.52575
526, 164, -0.4938, 2.65065, 1.5785, -0.66352, -0.62208, -0.41563, 0.80, 0.80, 0.80, 1.00, 0.25611, 0.52596
527, 151, -0.53143, 2.62264, 1.24413, -0.50319, -0.75611, -0.41844, 0.80, 0.80, 0.80, 1.00, 0.24336, 0.44936
528, 166, -0.04482, 2.068, 2.1852, 0.97446, -0.20554, -0.09048, 0.80, 0.80, 0.80, 1.00, 0.91128, 0.48716
529, 167, 0.00808, 2.61494, 1.76826, 0.95679, -0.17587, -0.23158, 0.80, 0.80, 0.80, 1.00, 0.89725, 0.42902
530, 168, 0.06394, 2.7177, 2.0921, 0.97738, -0.17962, -0.11161, 0.80, 0.80, 0.80, 1.00, 0.92246, 0.43041
531, 166, -0.04482, 2.068, 2.1852, 0.97446, -0.20554, -0.09048, 0.80, 0.80, 0.80, 1.00, 0.91128, 0.48716
532, 169, -0.09204, 1.99355, 1.8138, 0.9161, -0.26439, -0.30143, 0.80, 0.80, 0.80, 1.00, 0.87231, 0.47948
533, 167, 0.00808, 2.61494, 1.76826, 0.95679, -0.17587, -0.23158, 0.80, 0.80, 0.80, 1.00, 0.89725, 0.42902
534, 170, -0.34044, 2.27803, 2.30933, 0.1212, 0.19513, 0.97326, 0.80, 0.80, 0.80, 1.00, 0.96337, 0.47594
535, 171, 0.06394, 2.7177, 2.0921, 0.40462, 0.07802, 0.91115, 0.80, 0.80, 0.80, 1.00, 0.92343, 0.43706
536, 172, -0.18684, 2.82209, 2.18694, 0.18609, 0.16533, 0.96852, 0.80, 0.80, 0.80, 1.00, 0.95569, 0.4343
537, 170, -0.34044, 2.27803, 2.30933, 0.1212, 0.19513, 0.97326, 0.80, 0.80, 0.80, 1.00, 0.96337, 0.47594
538, 173, -0.04482, 2.068, 2.1852, 0.46138, 0.1354, 0.87681, 0.80, 0.80, 0.80, 1.00, 0.92291, 0.48464
539, 171, 0.06394, 2.7177, 2.0921, 0.40462, 0.07802, 0.91115, 0.80, 0.80, 0.80, 1.00, 0.92343, 0.43706
540, 174, -0.68969, 2.2591, 2.26284, -0.85015, 0.2388, 0.46928, 0.80, 0.80, 0.80, 1.00, 0.73448, 0.47956
541, 175, -0.43871, 2.9141, 2.15944, -0.78191, 0.37787, 0.49581, 0.80, 0.80, 0.80, 1.00, 0.71594, 0.42934
542, 176, -0.65854, 2.81941, 1.88493, -0.95357, 0.30115, -0.00333, 0.80, 0.80, 0.80, 1.00, 0.74168, 0.42874
543, 177, -0.83554, 2.1561, 2.04402, -0.99806, 0.0603, -0.01562, 0.80, 0.80, 0.80, 1.00, 0.76451, 0.47946
544, 174, -0.68969, 2.2591, 2.26284, -0.85015, 0.2388, 0.46928, 0.80, 0.80, 0.80, 1.00, 0.73448, 0.47956
545, 176, -0.65854, 2.81941, 1.88493, -0.95357, 0.30115, -0.00333, 0.80, 0.80, 0.80, 1.00, 0.74168, 0.42874
546, 170, -0.34044, 2.27803, 2.30933, 0.1212, 0.19513, 0.97326, 0.80, 0.80, 0.80, 1.00, 0.96337, 0.47594
547, 172, -0.18684, 2.82209, 2.18694, 0.18609, 0.16533, 0.96852, 0.80, 0.80, 0.80, 1.00, 0.95569, 0.4343
548, 178, -0.43871, 2.9141, 2.15944, -0.08211, 0.21655, 0.97281, 0.80, 0.80, 0.80, 1.00, 0.98763, 0.43219
549, 179, -0.68969, 2.2591, 2.26284, -0.14085, 0.23901, 0.96075, 0.80, 0.80, 0.80, 1.00, 0.99852, 0.47698
550, 170, -0.34044, 2.27803, 2.30933, 0.1212, 0.19513, 0.97326, 0.80, 0.80, 0.80, 1.00, 0.96337, 0.47594
551, 178, -0.43871, 2.9141, 2.15944, -0.08211, 0.21655, 0.97281, 0.80, 0.80, 0.80, 1.00, 0.98763, 0.43219
552, 180, -0.69972, 1.94047, 1.62149, -0.62643, -0.15344, -0.76422, 0.80, 0.80, 0.80, 1.00, 0.81, 0.47876
553, 176, -0.65854, 2.81941, 1.88493, -0.95357, 0.30115, -0.00333, 0.80, 0.80, 0.80, 1.00, 0.74168, 0.42874
554, 181, -0.4938, 2.65065, 1.5785, -0.42577, 0.01438, -0.90471, 0.80, 0.80, 0.80, 1.00, 0.80834, 0.42881
555, 180, -0.69972, 1.94047, 1.62149, -0.62643, -0.15344, -0.76422, 0.80, 0.80, 0.80, 1.00, 0.81, 0.47876
556, 177, -0.83554, 2.1561, 2.04402, -0.99806, 0.0603, -0.01562, 0.80, 0.80, 0.80, 1.00, 0.76451, 0.47946
557, 176, -0.65854, 2.81941, 1.88493, -0.95357, 0.30115, -0.00333, 0.80, 0.80, 0.80, 1.00, 0.74168, 0.42874
558, 169, -0.09204, 1.99355, 1.8138, 0.9161, -0.26439, -0.30143, 0.80, 0.80, 0.80, 1.00, 0.87231, 0.47948
559, 182, -0.15984, 2.58104, 1.479, 0.55195, -0.21042, -0.8069, 0.80, 0.80, 0.80, 1.00, 0.86247, 0.42872
560, 167, 0.00808, 2.61494, 1.76826, 0.95679, -0.17587, -0.23158, 0.80, 0.80, 0.80, 1.00, 0.89725, 0.42902
561, 169, -0.09204, 1.99355, 1.8138, 0.9161, -0.26439, -0.30143, 0.80, 0.80, 0.80, 1.00, 0.87231, 0.47948
562, 183, -0.26894, 1.8921, 1.60034, 0.39439, -0.33466, -0.85584, 0.80, 0.80, 0.80, 1.00, 0.84635, 0.47958
563, 182, -0.15984, 2.58104, 1.479, 0.55195, -0.21042, -0.8069, 0.80, 0.80, 0.80, 1.00, 0.86247, 0.42872
564, 183, -0.26894, 1.8921, 1.60034, 0.39439, -0.33466, -0.85584, 0.80, 0.80, 0.80, 1.00, 0.84635, 0.47958
565, 181, -0.4938, 2.65065, 1.5785, -0.42577, 0.01438, -0.90471, 0.80, 0.80, 0.80, 1.00, 0.80834, 0.42881
566, 182, -0.15984, 2.58104, 1.479, 0.55195, -0.21042, -0.8069, 0.80, 0.80, 0.80, 1.00, 0.86247, 0.42872
567, 183, -0.26894, 1.8921, 1.60034, 0.39439, -0.33466, -0.85584, 0.80, 0.80, 0.80, 1.00, 0.84635, 0.47958
568, 180, -0.69972, 1.94047, 1.62149, -0.62643, -0.15344, -0.76422, 0.80, 0.80, 0.80, 1.00, 0.81, 0.47876
569, 181, -0.4938, 2.65065, 1.5785, -0.42577, 0.01438, -0.90471, 0.80, 0.80, 0.80, 1.00, 0.80834, 0.42881
570, 184, -0.45323, 0.46278, 2.72351, 0.9254, -0.35542, -0.13155, 0.80, 0.80, 0.80, 1.00, 0.90361, 0.60723
571, 169, -0.09204, 1.99355, 1.8138, 0.9161, -0.26439, -0.30143, 0.80, 0.80, 0.80, 1.00, 0.87231, 0.47948
572, 166, -0.04482, 2.068, 2.1852, 0.97446, -0.20554, -0.09048, 0.80, 0.80, 0.80, 1.00, 0.91128, 0.48716
573, 184, -0.45323, 0.46278, 2.72351, 0.9254, -0.35542, -0.13155, 0.80, 0.80, 0.80, 1.00, 0.90361, 0.60723
574, 185, -0.46734, 0.51509, 2.51744, 0.85563, -0.33457, -0.39491, 0.80, 0.80, 0.80, 1.00, 0.86396, 0.60688
575, 169, -0.09204, 1.99355, 1.8138, 0.9161, -0.26439, -0.30143, 0.80, 0.80, 0.80, 1.00, 0.87231, 0.47948
576, 186, -0.56079, 0.50813, 2.78315, 0.19483, -0.18767, 0.96272, 0.80, 0.80, 0.80, 1.00, 0.95139, 0.60668
577, 173, -0.04482, 2.068, 2.1852, 0.46138, 0.1354, 0.87681, 0.80, 0.80, 0.80, 1.00, 0.92291, 0.48464
578, 170, -0.34044, 2.27803, 2.30933, 0.1212, 0.19513, 0.97326, 0.80, 0.80, 0.80, 1.00, 0.96337, 0.47594
579, 186, -0.56079, 0.50813, 2.78315, 0.19483, -0.18767, 0.96272, 0.80, 0.80, 0.80, 1.00, 0.95139, 0.60668
580, 187, -0.45323, 0.46278, 2.72351, 0.39724, -0.2272, 0.88915, 0.80, 0.80, 0.80, 1.00, 0.92935, 0.60822
581, 173, -0.04482, 2.068, 2.1852, 0.46138, 0.1354, 0.87681, 0.80, 0.80, 0.80, 1.00, 0.92291, 0.48464
582, 188, -0.74153, 0.57541, 2.60186, -0.98703, 0.0744, 0.14224, 0.80, 0.80, 0.80, 1.00, 0.76975, 0.60446
583, 174, -0.68969, 2.2591, 2.26284, -0.85015, 0.2388, 0.46928, 0.80, 0.80, 0.80, 1.00, 0.73448, 0.47956
584, 177, -0.83554, 2.1561, 2.04402, -0.99806, 0.0603, -0.01562, 0.80, 0.80, 0.80, 1.00, 0.76451, 0.47946
585, 188, -0.74153, 0.57541, 2.60186, -0.98703, 0.0744, 0.14224, 0.80, 0.80, 0.80, 1.00, 0.76975, 0.60446
586, 189, -0.67227, 0.57353, 2.76009, -0.91417, 0.06017, 0.40084, 0.80, 0.80, 0.80, 1.00, 0.74022, 0.60392
587, 174, -0.68969, 2.2591, 2.26284, -0.85015, 0.2388, 0.46928, 0.80, 0.80, 0.80, 1.00, 0.73448, 0.47956
588, 190, -0.67227, 0.57353, 2.76009, -0.22974, -0.08322, 0.96969, 0.80, 0.80, 0.80, 1.00, 0.97059, 0.60313
589, 170, -0.34044, 2.27803, 2.30933, 0.1212, 0.19513, 0.97326, 0.80, 0.80, 0.80, 1.00, 0.96337, 0.47594
590, 179, -0.68969, 2.2591, 2.26284, -0.14085, 0.23901, 0.96075, 0.80, 0.80, 0.80, 1.00, 0.99852, 0.47698
591, 190, -0.67227, 0.57353, 2.76009, -0.22974, -0.08322, 0.96969, 0.80, 0.80, 0.80, 1.00, 0.97059, 0.60313
592, 186, -0.56079, 0.50813, 2.78315, 0.19483, -0.18767, 0.96272, 0.80, 0.80, 0.80, 1.00, 0.95139, 0.60668
593, 170, -0.34044, 2.27803, 2.30933, 0.1212, 0.19513, 0.97326, 0.80, 0.80, 0.80, 1.00, 0.96337, 0.47594
594, 191, -0.64516, 0.54835, 2.42225, -0.76243, 0.0374, -0.64599, 0.80, 0.80, 0.80, 1.00, 0.80086, 0.60553
595, 177, -0.83554, 2.1561, 2.04402, -0.99806, 0.0603, -0.01562, 0.80, 0.80, 0.80, 1.00, 0.76451, 0.47946
596, 180, -0.69972, 1.94047, 1.62149, -0.62643, -0.15344, -0.76422, 0.80, 0.80, 0.80, 1.00, 0.81, 0.47876
597, 191, -0.64516, 0.54835, 2.42225, -0.76243, 0.0374, -0.64599, 0.80, 0.80, 0.80, 1.00, 0.80086, 0.60553
598, 188, -0.74153, 0.57541, 2.60186, -0.98703, 0.0744, 0.14224, 0.80, 0.80, 0.80, 1.00, 0.76975, 0.60446
599, 177, -0.83554, 2.1561, 2.04402, -0.99806, 0.0603, -0.01562, 0.80, 0.80, 0.80, 1.00, 0.76451, 0.47946
600, 185, -0.46734, 0.51509, 2.51744, 0.85563, -0.33457, -0.39491, 0.80, 0.80, 0.80, 1.00, 0.86396, 0.60688
601, 183, -0.26894, 1.8921, 1.60034, 0.39439, -0.33466, -0.85584, 0.80, 0.80, 0.80, 1.00, 0.84635, 0.47958
602, 169, -0.09204, 1.99355, 1.8138, 0.9161, -0.26439, -0.30143, 0.80, 0.80, 0.80, 1.00, 0.87231, 0.47948
603, 185, -0.46734, 0.51509, 2.51744, 0.85563, -0.33457, -0.39491, 0.80, 0.80, 0.80, 1.00, 0.86396, 0.60688
604, 192, -0.53648, 0.52542, 2.39264, 0.19544, -0.18786, -0.96255, 0.80, 0.80, 0.80, 1.00, 0.8338, 0.60579
605, 183, -0.26894, 1.8921, 1.60034, 0.39439, -0.33466, -0.85584, 0.80, 0.80, 0.80, 1.00, 0.84635, 0.47958
606, 192, -0.53648, 0.52542, 2.39264, 0.19544, -0.18786, -0.96255, 0.80, 0.80, 0.80, 1.00, 0.8338, 0.60579
607, 180, -0.69972, 1.94047, 1.62149, -0.62643, -0.15344, -0.76422, 0.80, 0.80, 0.80, 1.00, 0.81, 0.47876
608, 183, -0.26894, 1.8921, 1.60034, 0.39439, -0.33466, -0.85584, 0.80, 0.80, 0.80, 1.00, 0.84635, 0.47958
609, 192, -0.53648, 0.52542, 2.39264, 0.19544, -0.18786, -0.96255, 0.80, 0.80, 0.80, 1.00, 0.8338, 0.60579
610, 191, -0.64516, 0.54835, 2.42225, -0.76243, 0.0374, -0.64599, 0.80, 0.80, 0.80, 1.00, 0.80086, 0.60553
611, 180, -0.69972, 1.94047, 1.62149, -0.62643, -0.15344, -0.76422, 0.80, 0.80, 0.80, 1.00, 0.81, 0.47876
612, 193, -0.26507, 0.00283, 3.41388, -0.19917, -0.97805, 0.06129, 0.80, 0.80, 0.80, 1.00, 0.47813, 0.44864
613, 194, -0.27979, 0.01215, 3.61251, -0.21538, -0.97608, 0.02981, 0.80, 0.80, 0.80, 1.00, 0.46676, 0.42347
614, 195, -0.65463, 0.09509, 3.62017, -0.20325, -0.97767, 0.05343, 0.80, 0.80, 0.80, 1.00, 0.40971, 0.43767
615, 193, -0.26507, 0.00283, 3.41388, -0.19917, -0.97805, 0.06129, 0.80, 0.80, 0.80, 1.00, 0.47813, 0.44864
616, 195, -0.65463, 0.09509, 3.62017, -0.20325, -0.97767, 0.05343, 0.80, 0.80, 0.80, 1.00, 0.40971, 0.43767
617, 196, -0.75466, 0.11042, 3.5669, -0.19097, -0.97857, 0.07701, 0.80, 0.80, 0.80, 1.00, 0.3972, 0.44864
618, 193, -0.26507, 0.00283, 3.41388, -0.19917, -0.97805, 0.06129, 0.80, 0.80, 0.80, 1.00, 0.47813, 0.44864
619, 196, -0.75466, 0.11042, 3.5669, -0.19097, -0.97857, 0.07701, 0.80, 0.80, 0.80, 1.00, 0.3972, 0.44864
620, 197, -0.32262, -0.00162, 3.21461, -0.19093, -0.97855, 0.07734, 0.80, 0.80, 0.80, 1.00, 0.47895, 0.49995
621, 196, -0.75466, 0.11042, 3.5669, -0.19097, -0.97857, 0.07701, 0.80, 0.80, 0.80, 1.00, 0.3972, 0.44864
622, 198, -0.84673, 0.10548, 3.27579, -0.19082, -0.97855, 0.07768, 0.80, 0.80, 0.80, 1.00, 0.3972, 0.51328
623, 197, -0.32262, -0.00162, 3.21461, -0.19093, -0.97855, 0.07734, 0.80, 0.80, 0.80, 1.00, 0.47895, 0.49995
624, 198, -0.84673, 0.10548, 3.27579, -0.19082, -0.97855, 0.07768, 0.80, 0.80, 0.80, 1.00, 0.3972, 0.51328
625, 199, -0.58861, -0.01188, 2.43492, -0.19082, -0.97855, 0.07768, 0.80, 0.80, 0.80, 1.00, 0.47606, 0.58889
626, 197, -0.32262, -0.00162, 3.21461, -0.19093, -0.97855, 0.07734, 0.80, 0.80, 0.80, 1.00, 0.47895, 0.49995
627, 199, -0.58861, -0.01188, 2.43492, -0.19082, -0.97855, 0.07768, 0.80, 0.80, 0.80, 1.00, 0.47606, 0.58889
628, 198, -0.84673, 0.10548, 3.27579, -0.19082, -0.97855, 0.07768, 0.80, 0.80, 0.80, 1.00, 0.3972, 0.51328
629, 200, -0.9723, 0.07244, 2.55485, -0.19086, -0.97856, 0.07736, 0.80, 0.80, 0.80, 1.00, 0.41264, 0.58889
630, 200, -0.9723, 0.07244, 2.55485, -0.19086, -0.97856, 0.07736, 0.80, 0.80, 0.80, 1.00, 0.41264, 0.58889
631, 201, -0.73873, 0.0115, 2.35975, -0.19097, -0.97857, 0.07701, 0.80, 0.80, 0.80, 1.00, 0.45706, 0.60475
632, 199, -0.58861, -0.01188, 2.43492, -0.19082, -0.97855, 0.07768, 0.80, 0.80, 0.80, 1.00, 0.47606, 0.58889
633, 200, -0.9723, 0.07244, 2.55485, -0.19086, -0.97856, 0.07736, 0.80, 0.80, 0.80, 1.00, 0.41264, 0.58889
634, 202, -0.91945, 0.05121, 2.41623, -0.19097, -0.97857, 0.07701, 0.80, 0.80, 0.80, 1.00, 0.42718, 0.60475
635, 201, -0.73873, 0.0115, 2.35975, -0.19097, -0.97857, 0.07701, 0.80, 0.80, 0.80, 1.00, 0.45706, 0.60475
636, 203, -0.39863, 0.34133, 2.85245, 0.98757, 0.07484, -0.13825, 0.80, 0.80, 0.80, 1.00, 0.613, 0.50877
637, 204, -0.46734, 0.51509, 2.51744, 0.9509, 0.2528, -0.17854, 0.80, 0.80, 0.80, 1.00, 0.66336, 0.47671
638, 205, -0.45323, 0.46278, 2.72351, 0.88732, 0.4578, 0.05547, 0.80, 0.80, 0.80, 1.00, 0.63352, 0.488
639, 203, -0.39863, 0.34133, 2.85245, 0.98757, 0.07484, -0.13825, 0.80, 0.80, 0.80, 1.00, 0.613, 0.50877
640, 206, -0.43596, 0.38981, 2.56004, 0.93452, -0.04589, -0.35294, 0.80, 0.80, 0.80, 1.00, 0.65619, 0.49774
641, 204, -0.46734, 0.51509, 2.51744, 0.9509, 0.2528, -0.17854, 0.80, 0.80, 0.80, 1.00, 0.66336, 0.47671
642, 207, -0.55316, 0.39785, 2.93855, 0.40859, 0.84185, 0.35262, 0.80, 0.80, 0.80, 1.00, 0.60121, 0.46273
643, 208, -0.45323, 0.46278, 2.72351, 0.53494, 0.70728, 0.46216, 0.80, 0.80, 0.80, 1.00, 0.6264, 0.43644
644, 209, -0.56079, 0.50813, 2.78315, 0.37168, 0.74956, 0.54774, 0.80, 0.80, 0.80, 1.00, 0.62276, 0.45986
645, 207, -0.55316, 0.39785, 2.93855, 0.40859, 0.84185, 0.35262, 0.80, 0.80, 0.80, 1.00, 0.60121, 0.46273
646, 210, -0.39863, 0.34133, 2.85245, 0.47303, 0.82591, 0.30678, 0.80, 0.80, 0.80, 1.00, 0.60648, 0.4294
647, 208, -0.45323, 0.46278, 2.72351, 0.53494, 0.70728, 0.46216, 0.80, 0.80, 0.80, 1.00, 0.6264, 0.43644
648, 211, -0.81482, 0.47309, 2.67661, -0.81776, 0.5752, -0.02041, 0.80, 0.80, 0.80, 1.00, 0.65226, 0.50274
649, 212, -0.67227, 0.57353, 2.76009, -0.65961, 0.69162, 0.29424, 0.80, 0.80, 0.80, 1.00, 0.63415, 0.48306
650, 213, -0.74153, 0.57541, 2.60186, -0.85519, 0.45877, -0.24118, 0.80, 0.80, 0.80, 1.00, 0.65918, 0.48292
651, 211, -0.81482, 0.47309, 2.67661, -0.81776, 0.5752, -0.02041, 0.80, 0.80, 0.80, 1.00, 0.65226, 0.50274
652, 214, -0.71568, 0.47097, 2.90593, -0.67159, 0.68007, 0.29407, 0.80, 0.80, 0.80, 1.00, 0.61603, 0.50288
653, 212, -0.67227, 0.57353, 2.76009, -0.65961, 0.69162, 0.29424, 0.80, 0.80, 0.80, 1.00, 0.63415, 0.48306
654, 215, -0.71568, 0.47097, 2.90593, 0.30985, 0.82593, 0.471, 0.80, 0.80, 0.80, 1.00, 0.61265, 0.49168
655, 209, -0.56079, 0.50813, 2.78315, 0.37168, 0.74956, 0.54774, 0.80, 0.80, 0.80, 1.00, 0.62276, 0.45986
656, 216, -0.67227, 0.57353, 2.76009, 0.30504, 0.7339, 0.60691, 0.80, 0.80, 0.80, 1.00, 0.63066, 0.48026
657, 215, -0.71568, 0.47097, 2.90593, 0.30985, 0.82593, 0.471, 0.80, 0.80, 0.80, 1.00, 0.61265, 0.49168
658, 207, -0.55316, 0.39785, 2.93855, 0.40859, 0.84185, 0.35262, 0.80, 0.80, 0.80, 1.00, 0.60121, 0.46273
659, 209, -0.56079, 0.50813, 2.78315, 0.37168, 0.74956, 0.54774, 0.80, 0.80, 0.80, 1.00, 0.62276, 0.45986
660, 217, -0.68492, 0.43336, 2.41972, -0.79294, 0.38865, -0.46925, 0.80, 0.80, 0.80, 1.00, 0.68234, 0.5018
661, 213, -0.74153, 0.57541, 2.60186, -0.85519, 0.45877, -0.24118, 0.80, 0.80, 0.80, 1.00, 0.65918, 0.48292
662, 218, -0.64516, 0.54835, 2.42225, -0.82267, 0.29519, -0.48587, 0.80, 0.80, 0.80, 1.00, 0.67997, 0.48197
663, 217, -0.68492, 0.43336, 2.41972, -0.79294, 0.38865, -0.46925, 0.80, 0.80, 0.80, 1.00, 0.68234, 0.5018
664, 211, -0.81482, 0.47309, 2.67661, -0.81776, 0.5752, -0.02041, 0.80, 0.80, 0.80, 1.00, 0.65226, 0.50274
665, 213, -0.74153, 0.57541, 2.60186, -0.85519, 0.45877, -0.24118, 0.80, 0.80, 0.80, 1.00, 0.65918, 0.48292
666, 206, -0.43596, 0.38981, 2.56004, 0.93452, -0.04589, -0.35294, 0.80, 0.80, 0.80, 1.00, 0.65619, 0.49774
667, 219, -0.53648, 0.52542, 2.39264, 0.87651, 0.06014, -0.4776, 0.80, 0.80, 0.80, 1.00, 0.68422, 0.47557
668, 204, -0.46734, 0.51509, 2.51744, 0.9509, 0.2528, -0.17854, 0.80, 0.80, 0.80, 1.00, 0.66336, 0.47671
669, 206, -0.43596, 0.38981, 2.56004, 0.93452, -0.04589, -0.35294, 0.80, 0.80, 0.80, 1.00, 0.65619, 0.49774
670, 220, -0.53473, 0.40146, 2.37908, 0.8738, -0.06903, -0.48137, 0.80, 0.80, 0.80, 1.00, 0.68637, 0.49661
671, 219, -0.53648, 0.52542, 2.39264, 0.87651, 0.06014, -0.4776, 0.80, 0.80, 0.80, 1.00, 0.68422, 0.47557
672, 221, -0.53473, 0.40146, 2.37908, -0.05979, 0.05943, -0.99644, 0.80, 0.80, 0.80, 1.00, 0.70022, 0.49868
673, 222, -0.64516, 0.54835, 2.42225, -0.24029, 0.10306, -0.96521, 0.80, 0.80, 0.80, 1.00, 0.72368, 0.47984
674, 223, -0.53648, 0.52542, 2.39264, -0.24143, 0.10215, -0.96503, 0.80, 0.80, 0.80, 1.00, 0.70521, 0.47975
675, 221, -0.53473, 0.40146, 2.37908, -0.05979, 0.05943, -0.99644, 0.80, 0.80, 0.80, 1.00, 0.70022, 0.49868
676, 224, -0.68492, 0.43336, 2.41972, -0.22594, 0.20767, -0.95175, 0.80, 0.80, 0.80, 1.00, 0.72573, 0.49878
677, 222, -0.64516, 0.54835, 2.42225, -0.24029, 0.10306, -0.96521, 0.80, 0.80, 0.80, 1.00, 0.72368, 0.47984
678, 225, -0.27979, 0.01215, 3.61251, 0.99112, -0.11544, 0.06594, 0.80, 0.80, 0.80, 1.00, 0.50024, 0.57157
679, 226, -0.25529, 0.10624, 3.40903, 0.99343, 0.05863, -0.0983, 0.80, 0.80, 0.80, 1.00, 0.52788, 0.55185
680, 227, -0.25915, 0.1575, 3.61292, 0.99164, 0.12835, -0.01352, 0.80, 0.80, 0.80, 1.00, 0.4989, 0.54593
681, 225, -0.27979, 0.01215, 3.61251, 0.99112, -0.11544, 0.06594, 0.80, 0.80, 0.80, 1.00, 0.50024, 0.57157
682, 228, -0.26507, 0.00283, 3.41388, 0.98218, -0.1034, -0.15696, 0.80, 0.80, 0.80, 1.00, 0.52788, 0.57
683, 226, -0.25529, 0.10624, 3.40903, 0.99343, 0.05863, -0.0983, 0.80, 0.80, 0.80, 1.00, 0.52788, 0.55185
684, 226, -0.25529, 0.10624, 3.40903, 0.99343, 0.05863, -0.0983, 0.80, 0.80, 0.80, 1.00, 0.52788, 0.55185
685, 228, -0.26507, 0.00283, 3.41388, 0.98218, -0.1034, -0.15696, 0.80, 0.80, 0.80, 1.00, 0.52788, 0.57
686, 229, -0.30863, 0.10963, 3.21771, 0.96448, -0.00974, -0.26397, 0.80, 0.80, 0.80, 1.00, 0.58286, 0.55047
687, 229, -0.30863, 0.10963, 3.21771, 0.96448, -0.00974, -0.26397, 0.80, 0.80, 0.80, 1.00, 0.58286, 0.55047
688, 228, -0.26507, 0.00283, 3.41388, 0.98218, -0.1034, -0.15696, 0.80, 0.80, 0.80, 1.00, 0.52788, 0.57
689, 230, -0.32262, -0.00162, 3.21461, 0.94546, -0.12139, -0.30226, 0.80, 0.80, 0.80, 1.00, 0.5842, 0.57
690, 229, -0.30863, 0.10963, 3.21771, 0.96448, -0.00974, -0.26397, 0.80, 0.80, 0.80, 1.00, 0.58286, 0.55047
691, 230, -0.32262, -0.00162, 3.21461, 0.94546, -0.12139, -0.30226, 0.80, 0.80, 0.80, 1.00, 0.5842, 0.57
692, 231, -0.56745, 0.10531, 2.44505, 0.92717, -0.18901, -0.32346, 0.80, 0.80, 0.80, 1.00, 0.67917, 0.54944
693, 231, -0.56745, 0.10531, 2.44505, 0.92717, -0.18901, -0.32346, 0.80, 0.80, 0.80, 1.00, 0.67917, 0.54944
694, 230, -0.32262, -0.00162, 3.21461, 0.94546, -0.12139, -0.30226, 0.80, 0.80, 0.80, 1.00, 0.5842, 0.57
695, 232, -0.58861, -0.01188, 2.43492, 0.93744, -0.1418, -0.31795, 0.80, 0.80, 0.80, 1.00, 0.68185, 0.57014
696, 233, -0.56745, 0.10531, 2.44505, 0.49518, -0.13225, -0.85866, 0.80, 0.80, 0.80, 1.00, 0.69902, 0.55084
697, 234, -0.58861, -0.01188, 2.43492, 0.47914, -0.07051, -0.8749, 0.80, 0.80, 0.80, 1.00, 0.69837, 0.57075
698, 235, -0.71788, 0.15453, 2.35072, 0.12325, 0.02176, -0.99214, 0.80, 0.80, 0.80, 1.00, 0.71007, 0.54633
699, 234, -0.58861, -0.01188, 2.43492, 0.47914, -0.07051, -0.8749, 0.80, 0.80, 0.80, 1.00, 0.69837, 0.57075
700, 236, -0.73873, 0.0115, 2.35975, -0.06166, -0.05388, -0.99664, 0.80, 0.80, 0.80, 1.00, 0.70942, 0.57075
701, 235, -0.71788, 0.15453, 2.35072, 0.12325, 0.02176, -0.99214, 0.80, 0.80, 0.80, 1.00, 0.71007, 0.54633
702, 237, -0.72493, 0.20944, 3.55582, -0.64231, 0.50096, 0.58006, 0.80, 0.80, 0.80, 1.00, 0.52674, 0.55375
703, 238, -0.65463, 0.09509, 3.62017, -0.46176, 0.20214, 0.86366, 0.80, 0.80, 0.80, 1.00, 0.51498, 0.57085
704, 239, -0.61404, 0.23606, 3.61434, -0.48962, 0.54746, 0.67865, 0.80, 0.80, 0.80, 1.00, 0.51367, 0.54669
705, 240, -0.75466, 0.11042, 3.5669, -0.8042, 0.29636, 0.51521, 0.80, 0.80, 0.80, 1.00, 0.52674, 0.57085
706, 238, -0.65463, 0.09509, 3.62017, -0.46176, 0.20214, 0.86366, 0.80, 0.80, 0.80, 1.00, 0.51498, 0.57085
707, 237, -0.72493, 0.20944, 3.55582, -0.64231, 0.50096, 0.58006, 0.80, 0.80, 0.80, 1.00, 0.52674, 0.55375
708, 240, -0.75466, 0.11042, 3.5669, -0.8042, 0.29636, 0.51521, 0.80, 0.80, 0.80, 1.00, 0.52674, 0.57085
709, 237, -0.72493, 0.20944, 3.55582, -0.64231, 0.50096, 0.58006, 0.80, 0.80, 0.80, 1.00, 0.52674, 0.55375
710, 241, -0.8128, 0.21235, 3.27264, -0.83814, 0.48673, 0.2462, 0.80, 0.80, 0.80, 1.00, 0.5947, 0.55245
711, 240, -0.75466, 0.11042, 3.5669, -0.8042, 0.29636, 0.51521, 0.80, 0.80, 0.80, 1.00, 0.52674, 0.57085
712, 241, -0.8128, 0.21235, 3.27264, -0.83814, 0.48673, 0.2462, 0.80, 0.80, 0.80, 1.00, 0.5947, 0.55245
713, 242, -0.84673, 0.10548, 3.27579, -0.93522, 0.29427, 0.19689, 0.80, 0.80, 0.80, 1.00, 0.59601, 0.57085
714, 242, -0.84673, 0.10548, 3.27579, -0.93522, 0.29427, 0.19689, 0.80, 0.80, 0.80, 1.00, 0.59601, 0.57085
715, 241, -0.8128, 0.21235, 3.27264, -0.83814, 0.48673, 0.2462, 0.80, 0.80, 0.80, 1.00, 0.5947, 0.55245
716, 243, -0.9376, 0.18666, 2.56074, -0.93829, 0.34518, -0.02143, 0.80, 0.80, 0.80, 1.00, 0.67443, 0.55148
717, 242, -0.84673, 0.10548, 3.27579, -0.93522, 0.29427, 0.19689, 0.80, 0.80, 0.80, 1.00, 0.59601, 0.57085
718, 243, -0.9376, 0.18666, 2.56074, -0.93829, 0.34518, -0.02143, 0.80, 0.80, 0.80, 1.00, 0.67443, 0.55148
719, 244, -0.9723, 0.07244, 2.55485, -0.94902, 0.26052, -0.17745, 0.80, 0.80, 0.80, 1.00, 0.67705, 0.57098
720, 244, -0.9723, 0.07244, 2.55485, -0.94902, 0.26052, -0.17745, 0.80, 0.80, 0.80, 1.00, 0.67705, 0.57098
721, 243, -0.9376, 0.18666, 2.56074, -0.93829, 0.34518, -0.02143, 0.80, 0.80, 0.80, 1.00, 0.67443, 0.55148
722, 245, -0.88506, 0.19127, 2.40298, -0.85091, 0.3923, -0.34936, 0.80, 0.80, 0.80, 1.00, 0.69404, 0.54707
723, 246, -0.91945, 0.05121, 2.41623, -0.90793, 0.18747, -0.37486, 0.80, 0.80, 0.80, 1.00, 0.69404, 0.57098
724, 244, -0.9723, 0.07244, 2.55485, -0.94902, 0.26052, -0.17745, 0.80, 0.80, 0.80, 1.00, 0.67705, 0.57098
725, 245, -0.88506, 0.19127, 2.40298, -0.85091, 0.3923, -0.34936, 0.80, 0.80, 0.80, 1.00, 0.69404, 0.54707
726, 235, -0.71788, 0.15453, 2.35072, 0.12325, 0.02176, -0.99214, 0.80, 0.80, 0.80, 1.00, 0.71007, 0.54633
727, 236, -0.73873, 0.0115, 2.35975, -0.06166, -0.05388, -0.99664, 0.80, 0.80, 0.80, 1.00, 0.70942, 0.57075
728, 247, -0.88506, 0.19127, 2.40298, -0.28211, 0.07644, -0.95633, 0.80, 0.80, 0.80, 1.00, 0.72613, 0.54633
729, 236, -0.73873, 0.0115, 2.35975, -0.06166, -0.05388, -0.99664, 0.80, 0.80, 0.80, 1.00, 0.70942, 0.57075
730, 248, -0.91945, 0.05121, 2.41623, -0.30152, -0.01618, -0.95332, 0.80, 0.80, 0.80, 1.00, 0.72678, 0.57075
731, 247, -0.88506, 0.19127, 2.40298, -0.28211, 0.07644, -0.95633, 0.80, 0.80, 0.80, 1.00, 0.72613, 0.54633
732, 249, -0.27979, 0.01215, 3.61251, 0.01552, 0.01501, 0.99977, 0.80, 0.80, 0.80, 1.00, 0.55825, 0.52848
733, 250, -0.25915, 0.1575, 3.61292, 0.00327, -0.00328, 0.99999, 0.80, 0.80, 0.80, 1.00, 0.55657, 0.50775
734, 251, -0.61404, 0.23606, 3.61434, 0.01552, 0.01501, 0.99977, 0.80, 0.80, 0.80, 1.00, 0.50171, 0.50648
735, 249, -0.27979, 0.01215, 3.61251, 0.01552, 0.01501, 0.99977, 0.80, 0.80, 0.80, 1.00, 0.55825, 0.52848
736, 251, -0.61404, 0.23606, 3.61434, 0.01552, 0.01501, 0.99977, 0.80, 0.80, 0.80, 1.00, 0.50171, 0.50648
737, 252, -0.65463, 0.09509, 3.62017, 0.02776, 0.03329, 0.99906, 0.80, 0.80, 0.80, 1.00, 0.50002, 0.5272
738, 253, -0.25915, 0.1575, 3.61292, 0.25331, 0.93479, 0.24901, 0.80, 0.80, 0.80, 1.00, 0.49574, 0.43934
739, 254, -0.32142, 0.2374, 3.28502, 0.34021, 0.92316, 0.17898, 0.80, 0.80, 0.80, 1.00, 0.55726, 0.43544
740, 255, -0.65295, 0.32402, 3.38841, 0.29491, 0.92566, 0.23702, 0.80, 0.80, 0.80, 1.00, 0.55726, 0.50127
741, 253, -0.25915, 0.1575, 3.61292, 0.25331, 0.93479, 0.24901, 0.80, 0.80, 0.80, 1.00, 0.49574, 0.43934
742, 255, -0.65295, 0.32402, 3.38841, 0.29491, 0.92566, 0.23702, 0.80, 0.80, 0.80, 1.00, 0.55726, 0.50127
743, 256, -0.61404, 0.23606, 3.61434, 0.20571, 0.9234, 0.32406, 0.80, 0.80, 0.80, 1.00, 0.51087, 0.5034
744, 255, -0.65295, 0.32402, 3.38841, 0.29491, 0.92566, 0.23702, 0.80, 0.80, 0.80, 1.00, 0.55726, 0.50127
745, 207, -0.55316, 0.39785, 2.93855, 0.40859, 0.84185, 0.35262, 0.80, 0.80, 0.80, 1.00, 0.60121, 0.46273
746, 215, -0.71568, 0.47097, 2.90593, 0.30985, 0.82593, 0.471, 0.80, 0.80, 0.80, 1.00, 0.61265, 0.49168
747, 207, -0.55316, 0.39785, 2.93855, 0.40859, 0.84185, 0.35262, 0.80, 0.80, 0.80, 1.00, 0.60121, 0.46273
748, 255, -0.65295, 0.32402, 3.38841, 0.29491, 0.92566, 0.23702, 0.80, 0.80, 0.80, 1.00, 0.55726, 0.50127
749, 254, -0.32142, 0.2374, 3.28502, 0.34021, 0.92316, 0.17898, 0.80, 0.80, 0.80, 1.00, 0.55726, 0.43544
750, 207, -0.55316, 0.39785, 2.93855, 0.40859, 0.84185, 0.35262, 0.80, 0.80, 0.80, 1.00, 0.60121, 0.46273
751, 254, -0.32142, 0.2374, 3.28502, 0.34021, 0.92316, 0.17898, 0.80, 0.80, 0.80, 1.00, 0.55726, 0.43544
752, 210, -0.39863, 0.34133, 2.85245, 0.47303, 0.82591, 0.30678, 0.80, 0.80, 0.80, 1.00, 0.60648, 0.4294
753, 239, -0.61404, 0.23606, 3.61434, -0.48962, 0.54746, 0.67865, 0.80, 0.80, 0.80, 1.00, 0.51367, 0.54669
754, 257, -0.65295, 0.32402, 3.38841, -0.58882, 0.74952, 0.3025, 0.80, 0.80, 0.80, 1.00, 0.56032, 0.53081
755, 237, -0.72493, 0.20944, 3.55582, -0.64231, 0.50096, 0.58006, 0.80, 0.80, 0.80, 1.00, 0.52674, 0.55375
756, 237, -0.72493, 0.20944, 3.55582, -0.64231, 0.50096, 0.58006, 0.80, 0.80, 0.80, 1.00, 0.52674, 0.55375
757, 257, -0.65295, 0.32402, 3.38841, -0.58882, 0.74952, 0.3025, 0.80, 0.80, 0.80, 1.00, 0.56032, 0.53081
758, 241, -0.8128, 0.21235, 3.27264, -0.83814, 0.48673, 0.2462, 0.80, 0.80, 0.80, 1.00, 0.5947, 0.55245
759, 241, -0.8128, 0.21235, 3.27264, -0.83814, 0.48673, 0.2462, 0.80, 0.80, 0.80, 1.00, 0.5947, 0.55245
760, 257, -0.65295, 0.32402, 3.38841, -0.58882, 0.74952, 0.3025, 0.80, 0.80, 0.80, 1.00, 0.56032, 0.53081
761, 214, -0.71568, 0.47097, 2.90593, -0.67159, 0.68007, 0.29407, 0.80, 0.80, 0.80, 1.00, 0.61603, 0.50288
762, 241, -0.8128, 0.21235, 3.27264, -0.83814, 0.48673, 0.2462, 0.80, 0.80, 0.80, 1.00, 0.5947, 0.55245
763, 214, -0.71568, 0.47097, 2.90593, -0.67159, 0.68007, 0.29407, 0.80, 0.80, 0.80, 1.00, 0.61603, 0.50288
764, 211, -0.81482, 0.47309, 2.67661, -0.81776, 0.5752, -0.02041, 0.80, 0.80, 0.80, 1.00, 0.65226, 0.50274
765, 241, -0.8128, 0.21235, 3.27264, -0.83814, 0.48673, 0.2462, 0.80, 0.80, 0.80, 1.00, 0.5947, 0.55245
766, 211, -0.81482, 0.47309, 2.67661, -0.81776, 0.5752, -0.02041, 0.80, 0.80, 0.80, 1.00, 0.65226, 0.50274
767, 243, -0.9376, 0.18666, 2.56074, -0.93829, 0.34518, -0.02143, 0.80, 0.80, 0.80, 1.00, 0.67443, 0.55148
768, 226, -0.25529, 0.10624, 3.40903, 0.99343, 0.05863, -0.0983, 0.80, 0.80, 0.80, 1.00, 0.52788, 0.55185
769, 258, -0.32142, 0.2374, 3.28502, 0.95152, 0.2637, -0.15833, 0.80, 0.80, 0.80, 1.00, 0.56228, 0.52987
770, 227, -0.25915, 0.1575, 3.61292, 0.99164, 0.12835, -0.01352, 0.80, 0.80, 0.80, 1.00, 0.4989, 0.54593
771, 226, -0.25529, 0.10624, 3.40903, 0.99343, 0.05863, -0.0983, 0.80, 0.80, 0.80, 1.00, 0.52788, 0.55185
772, 229, -0.30863, 0.10963, 3.21771, 0.96448, -0.00974, -0.26397, 0.80, 0.80, 0.80, 1.00, 0.58286, 0.55047
773, 258, -0.32142, 0.2374, 3.28502, 0.95152, 0.2637, -0.15833, 0.80, 0.80, 0.80, 1.00, 0.56228, 0.52987
774, 229, -0.30863, 0.10963, 3.21771, 0.96448, -0.00974, -0.26397, 0.80, 0.80, 0.80, 1.00, 0.58286, 0.55047
775, 203, -0.39863, 0.34133, 2.85245, 0.98757, 0.07484, -0.13825, 0.80, 0.80, 0.80, 1.00, 0.613, 0.50877
776, 258, -0.32142, 0.2374, 3.28502, 0.95152, 0.2637, -0.15833, 0.80, 0.80, 0.80, 1.00, 0.56228, 0.52987
777, 229, -0.30863, 0.10963, 3.21771, 0.96448, -0.00974, -0.26397, 0.80, 0.80, 0.80, 1.00, 0.58286, 0.55047
778, 231, -0.56745, 0.10531, 2.44505, 0.92717, -0.18901, -0.32346, 0.80, 0.80, 0.80, 1.00, 0.67917, 0.54944
779, 203, -0.39863, 0.34133, 2.85245, 0.98757, 0.07484, -0.13825, 0.80, 0.80, 0.80, 1.00, 0.613, 0.50877
780, 231, -0.56745, 0.10531, 2.44505, 0.92717, -0.18901, -0.32346, 0.80, 0.80, 0.80, 1.00, 0.67917, 0.54944
781, 206, -0.43596, 0.38981, 2.56004, 0.93452, -0.04589, -0.35294, 0.80, 0.80, 0.80, 1.00, 0.65619, 0.49774
782, 203, -0.39863, 0.34133, 2.85245, 0.98757, 0.07484, -0.13825, 0.80, 0.80, 0.80, 1.00, 0.613, 0.50877
783, 231, -0.56745, 0.10531, 2.44505, 0.92717, -0.18901, -0.32346, 0.80, 0.80, 0.80, 1.00, 0.67917, 0.54944
784, 220, -0.53473, 0.40146, 2.37908, 0.8738, -0.06903, -0.48137, 0.80, 0.80, 0.80, 1.00, 0.68637, 0.49661
785, 206, -0.43596, 0.38981, 2.56004, 0.93452, -0.04589, -0.35294, 0.80, 0.80, 0.80, 1.00, 0.65619, 0.49774
786, 233, -0.56745, 0.10531, 2.44505, 0.49518, -0.13225, -0.85866, 0.80, 0.80, 0.80, 1.00, 0.69902, 0.55084
787, 235, -0.71788, 0.15453, 2.35072, 0.12325, 0.02176, -0.99214, 0.80, 0.80, 0.80, 1.00, 0.71007, 0.54633
788, 221, -0.53473, 0.40146, 2.37908, -0.05979, 0.05943, -0.99644, 0.80, 0.80, 0.80, 1.00, 0.70022, 0.49868
789, 245, -0.88506, 0.19127, 2.40298, -0.85091, 0.3923, -0.34936, 0.80, 0.80, 0.80, 1.00, 0.69404, 0.54707
790, 243, -0.9376, 0.18666, 2.56074, -0.93829, 0.34518, -0.02143, 0.80, 0.80, 0.80, 1.00, 0.67443, 0.55148
791, 211, -0.81482, 0.47309, 2.67661, -0.81776, 0.5752, -0.02041, 0.80, 0.80, 0.80, 1.00, 0.65226, 0.50274
792, 245, -0.88506, 0.19127, 2.40298, -0.85091, 0.3923, -0.34936, 0.80, 0.80, 0.80, 1.00, 0.69404, 0.54707
793, 211, -0.81482, 0.47309, 2.67661, -0.81776, 0.5752, -0.02041, 0.80, 0.80, 0.80, 1.00, 0.65226, 0.50274
794, 217, -0.68492, 0.43336, 2.41972, -0.79294, 0.38865, -0.46925, 0.80, 0.80, 0.80, 1.00, 0.68234, 0.5018
795, 224, -0.68492, 0.43336, 2.41972, -0.22594, 0.20767, -0.95175, 0.80, 0.80, 0.80, 1.00, 0.72573, 0.49878
796, 235, -0.71788, 0.15453, 2.35072, 0.12325, 0.02176, -0.99214, 0.80, 0.80, 0.80, 1.00, 0.71007, 0.54633
797, 247, -0.88506, 0.19127, 2.40298, -0.28211, 0.07644, -0.95633, 0.80, 0.80, 0.80, 1.00, 0.72613, 0.54633
798, 235, -0.71788, 0.15453, 2.35072, 0.12325, 0.02176, -0.99214, 0.80, 0.80, 0.80, 1.00, 0.71007, 0.54633
799, 224, -0.68492, 0.43336, 2.41972, -0.22594, 0.20767, -0.95175, 0.80, 0.80, 0.80, 1.00, 0.72573, 0.49878
800, 221, -0.53473, 0.40146, 2.37908, -0.05979, 0.05943, -0.99644, 0.80, 0.80, 0.80, 1.00, 0.70022, 0.49868
801, 259, 0.39935, 7.46017, 1.09479, -0.16224, -0.28611, 0.94431, 0.80, 0.80, 0.80, 1.00, 0.33854, 0.04987
802, 260, 0.25544, 7.69406, 1.03825, -0.33645, 0.02052, 0.94141, 0.80, 0.80, 0.80, 1.00, 0.35388, 0.02254
803, 261, 0.17045, 7.61424, 1.00962, -0.35214, -0.00587, 0.93586, 0.80, 0.80, 0.80, 1.00, 0.36012, 0.04638
804, 262, 0.25544, 7.69406, 1.03825, -0.56085, 0.32394, 0.76182, 0.80, 0.80, 0.80, 1.00, 0.3538, 0.02288
805, 263, 0.13881, 7.89883, 0.86531, -0.69016, 0.5119, 0.51136, 0.80, 0.80, 0.80, 1.00, 0.40394, 0.00465
806, 264, 0.17045, 7.61424, 1.00962, -0.61466, 0.27718, 0.73839, 0.80, 0.80, 0.80, 1.00, 0.36004, 0.04671
807, 265, 0.41769, 7.12978, 0.8741, 0.29651, -0.58383, 0.75577, 0.80, 0.80, 0.80, 1.00, 0.32881, 0.12721
808, 266, 0.49108, 7.4127, 1.01523, 0.37945, -0.56539, 0.7323, 0.80, 0.80, 0.80, 1.00, 0.33048, 0.05465
809, 259, 0.39935, 7.46017, 1.09479, -0.16224, -0.28611, 0.94431, 0.80, 0.80, 0.80, 1.00, 0.33854, 0.04987
810, 265, 0.41769, 7.12978, 0.8741, 0.29651, -0.58383, 0.75577, 0.80, 0.80, 0.80, 1.00, 0.32881, 0.12721
811, 259, 0.39935, 7.46017, 1.09479, -0.16224, -0.28611, 0.94431, 0.80, 0.80, 0.80, 1.00, 0.33854, 0.04987
812, 267, 0.07574, 7.32779, 0.8661, -0.43179, -0.31464, 0.8453, 0.80, 0.80, 0.80, 1.00, 0.36494, 0.10422
813, 267, 0.07574, 7.32779, 0.8661, -0.43179, -0.31464, 0.8453, 0.80, 0.80, 0.80, 1.00, 0.36494, 0.10422
814, 259, 0.39935, 7.46017, 1.09479, -0.16224, -0.28611, 0.94431, 0.80, 0.80, 0.80, 1.00, 0.33854, 0.04987
815, 261, 0.17045, 7.61424, 1.00962, -0.35214, -0.00587, 0.93586, 0.80, 0.80, 0.80, 1.00, 0.36012, 0.04638
816, 264, 0.17045, 7.61424, 1.00962, -0.61466, 0.27718, 0.73839, 0.80, 0.80, 0.80, 1.00, 0.36004, 0.04671
817, 263, 0.13881, 7.89883, 0.86531, -0.69016, 0.5119, 0.51136, 0.80, 0.80, 0.80, 1.00, 0.40394, 0.00465
818, 268, -0.06189, 7.57674, 0.63966, -0.89349, 0.43453, 0.11334, 0.80, 0.80, 0.80, 1.00, 0.40507, 0.07599
819, 264, 0.17045, 7.61424, 1.00962, -0.61466, 0.27718, 0.73839, 0.80, 0.80, 0.80, 1.00, 0.36004, 0.04671
820, 268, -0.06189, 7.57674, 0.63966, -0.89349, 0.43453, 0.11334, 0.80, 0.80, 0.80, 1.00, 0.40507, 0.07599
821, 269, 0.07574, 7.32779, 0.8661, -0.80153, 0.09397, 0.59052, 0.80, 0.80, 0.80, 1.00, 0.36486, 0.10456
822, 268, -0.06189, 7.57674, 0.63966, -0.89349, 0.43453, 0.11334, 0.80, 0.80, 0.80, 1.00, 0.40507, 0.07599
823, 263, 0.13881, 7.89883, 0.86531, -0.69016, 0.5119, 0.51136, 0.80, 0.80, 0.80, 1.00, 0.40394, 0.00465
824, 270, 0.21057, 7.93566, 0.69895, -0.57759, 0.73224, -0.36073, 0.80, 0.80, 0.80, 1.00, 0.42678, 0.00025
825, 268, -0.06189, 7.57674, 0.63966, -0.89349, 0.43453, 0.11334, 0.80, 0.80, 0.80, 1.00, 0.40507, 0.07599
826, 270, 0.21057, 7.93566, 0.69895, -0.57759, 0.73224, -0.36073, 0.80, 0.80, 0.80, 1.00, 0.42678, 0.00025
827, 271, 0.23686, 7.66943, 0.37931, -0.28599, 0.61135, -0.73785, 0.80, 0.80, 0.80, 1.00, 0.43519, 0.06053
828, 271, 0.23686, 7.66943, 0.37931, -0.28599, 0.61135, -0.73785, 0.80, 0.80, 0.80, 1.00, 0.43519, 0.06053
829, 270, 0.21057, 7.93566, 0.69895, -0.57759, 0.73224, -0.36073, 0.80, 0.80, 0.80, 1.00, 0.42678, 0.00025
830, 272, 0.31982, 7.9194, 0.59014, -0.27541, 0.71263, -0.64517, 0.80, 0.80, 0.80, 1.00, 0.439, -0.00075
831, 273, 0.59876, 7.3604, 1.18238, 0.1291, -0.8569, 0.499, 0.80, 0.80, 0.80, 1.00, 0.39733, 0.41452
832, 274, 0.54311, 7.71947, 1.34199, -0.1076, -0.31714, 0.9422, 0.80, 0.80, 0.80, 1.00, 0.4328, 0.34516
833, 275, 0.43228, 7.44658, 1.20278, -0.5954, -0.62272, 0.5076, 0.80, 0.80, 0.80, 1.00, 0.42681, 0.41326
834, 276, 0.74221, 7.58395, 1.29482, 0.32562, -0.64711, 0.6893, 0.80, 0.80, 0.80, 1.00, 0.39649, 0.35562
835, 274, 0.54311, 7.71947, 1.34199, -0.1076, -0.31714, 0.9422, 0.80, 0.80, 0.80, 1.00, 0.4328, 0.34516
836, 273, 0.59876, 7.3604, 1.18238, 0.1291, -0.8569, 0.499, 0.80, 0.80, 0.80, 1.00, 0.39733, 0.41452
837, 277, 0.7818, 7.63371, 1.33034, 0.4261, -0.48266, 0.7651, 0.80, 0.80, 0.80, 1.00, 0.39738, 0.33798
838, 274, 0.54311, 7.71947, 1.34199, -0.1076, -0.31714, 0.9422, 0.80, 0.80, 0.80, 1.00, 0.4328, 0.34516
839, 276, 0.74221, 7.58395, 1.29482, 0.32562, -0.64711, 0.6893, 0.80, 0.80, 0.80, 1.00, 0.39649, 0.35562
840, 277, 0.7818, 7.63371, 1.33034, 0.4261, -0.48266, 0.7651, 0.80, 0.80, 0.80, 1.00, 0.39738, 0.33798
841, 278, 0.81203, 7.72829, 1.33618, 0.51823, -0.27012, 0.81139, 0.80, 0.80, 0.80, 1.00, 0.39649, 0.31324
842, 274, 0.54311, 7.71947, 1.34199, -0.1076, -0.31714, 0.9422, 0.80, 0.80, 0.80, 1.00, 0.4328, 0.34516
843, 274, 0.54311, 7.71947, 1.34199, -0.1076, -0.31714, 0.9422, 0.80, 0.80, 0.80, 1.00, 0.4328, 0.34516
844, 278, 0.81203, 7.72829, 1.33618, 0.51823, -0.27012, 0.81139, 0.80, 0.80, 0.80, 1.00, 0.39649, 0.31324
845, 279, 0.58141, 7.84992, 1.36234, 0.02659, -0.16178, 0.9864, 0.80, 0.80, 0.80, 1.00, 0.43423, 0.31062
846, 280, 0.94319, 8.09945, 1.37629, 0.53283, -0.22691, 0.81515, 0.80, 0.80, 0.80, 1.00, 0.39567, 0.21373
847, 281, 0.74996, 8.19065, 1.38041, -0.03806, 0.08415, 0.99565, 0.80, 0.80, 0.80, 1.00, 0.42726, 0.21528
848, 282, 0.68786, 7.96502, 1.39711, -0.00401, -0.00413, 0.99991, 0.80, 0.80, 0.80, 1.00, 0.42919, 0.25769
849, 282, 0.68786, 7.96502, 1.39711, -0.00401, -0.00413, 0.99991, 0.80, 0.80, 0.80, 1.00, 0.42919, 0.25769
850, 283, 0.85943, 7.89931, 1.33682, 0.48367, -0.35982, 0.79779, 0.80, 0.80, 0.80, 1.00, 0.39649, 0.25639
851, 280, 0.94319, 8.09945, 1.37629, 0.53283, -0.22691, 0.81515, 0.80, 0.80, 0.80, 1.00, 0.39567, 0.21373
852, 284, 0.94319, 8.09945, 1.37629, 0.60382, 0.09511, 0.79132, 0.80, 0.80, 0.80, 1.00, 0.39618, 0.21377
853, 285, 0.96515, 8.30169, 1.33034, 0.59884, 0.48309, 0.63863, 0.80, 0.80, 0.80, 1.00, 0.42794, 0.21506
854, 286, 0.75707, 8.33203, 1.35393, -0.03622, 0.34529, 0.93771, 0.80, 0.80, 0.80, 1.00, 0.44333, 0.18059
855, 284, 0.94319, 8.09945, 1.37629, 0.60382, 0.09511, 0.79132, 0.80, 0.80, 0.80, 1.00, 0.39618, 0.21377
856, 286, 0.75707, 8.33203, 1.35393, -0.03622, 0.34529, 0.93771, 0.80, 0.80, 0.80, 1.00, 0.44333, 0.18059
857, 287, 0.74996, 8.19065, 1.38041, -0.00214, 0.18416, 0.98281, 0.80, 0.80, 0.80, 1.00, 0.42484, 0.18234
858, 288, 0.49108, 7.4127, 1.01523, -0.31867, -0.94432, -0.08147, 0.80, 0.80, 0.80, 1.00, 0.39905, 0.42646
859, 273, 0.59876, 7.3604, 1.18238, 0.1291, -0.8569, 0.499, 0.80, 0.80, 0.80, 1.00, 0.39733, 0.41452
860, 275, 0.43228, 7.44658, 1.20278, -0.5954, -0.62272, 0.5076, 0.80, 0.80, 0.80, 1.00, 0.42681, 0.41326
861, 288, 0.49108, 7.4127, 1.01523, -0.31867, -0.94432, -0.08147, 0.80, 0.80, 0.80, 1.00, 0.39905, 0.42646
862, 275, 0.43228, 7.44658, 1.20278, -0.5954, -0.62272, 0.5076, 0.80, 0.80, 0.80, 1.00, 0.42681, 0.41326
863, 289, 0.39935, 7.46017, 1.09479, -0.68237, -0.72147, 0.11737, 0.80, 0.80, 0.80, 1.00, 0.41852, 0.42068
864, 289, 0.39935, 7.46017, 1.09479, -0.68237, -0.72147, 0.11737, 0.80, 0.80, 0.80, 1.00, 0.41852, 0.42068
865, 275, 0.43228, 7.44658, 1.20278, -0.5954, -0.62272, 0.5076, 0.80, 0.80, 0.80, 1.00, 0.42681, 0.41326
866, 290, 0.25544, 7.69406, 1.03825, -0.85131, -0.34663, 0.39371, 0.80, 0.80, 0.80, 1.00, 0.48682, 0.40128
867, 282, 0.68786, 7.96502, 1.39711, -0.00401, -0.00413, 0.99991, 0.80, 0.80, 0.80, 1.00, 0.42919, 0.25769
868, 281, 0.74996, 8.19065, 1.38041, -0.03806, 0.08415, 0.99565, 0.80, 0.80, 0.80, 1.00, 0.42726, 0.21528
869, 291, 0.59638, 8.21887, 1.3578, -0.14375, 0.1006, 0.98441, 0.80, 0.80, 0.80, 1.00, 0.45139, 0.227
870, 282, 0.68786, 7.96502, 1.39711, -0.00401, -0.00413, 0.99991, 0.80, 0.80, 0.80, 1.00, 0.42919, 0.25769
871, 291, 0.59638, 8.21887, 1.3578, -0.14375, 0.1006, 0.98441, 0.80, 0.80, 0.80, 1.00, 0.45139, 0.227
872, 292, 0.54752, 7.97003, 1.37349, -0.16204, 0.09368, 0.98225, 0.80, 0.80, 0.80, 1.00, 0.44396, 0.28677
873, 293, 0.58141, 7.84992, 1.36234, -0.14414, -0.12251, 0.98188, 0.80, 0.80, 0.80, 1.00, 0.43445, 0.31062
874, 294, 0.54752, 7.97003, 1.37349, -0.41716, 0.12773, 0.89974, 0.80, 0.80, 0.80, 1.00, 0.44418, 0.28677
875, 295, 0.45493, 7.89811, 1.34979, -0.47828, -0.01703, 0.87797, 0.80, 0.80, 0.80, 1.00, 0.45208, 0.31432
876, 296, 0.54311, 7.71947, 1.34199, -0.24472, -0.16258, 0.95581, 0.80, 0.80, 0.80, 1.00, 0.43301, 0.34516
877, 293, 0.58141, 7.84992, 1.36234, -0.14414, -0.12251, 0.98188, 0.80, 0.80, 0.80, 1.00, 0.43445, 0.31062
878, 295, 0.45493, 7.89811, 1.34979, -0.47828, -0.01703, 0.87797, 0.80, 0.80, 0.80, 1.00, 0.45208, 0.31432
879, 296, 0.54311, 7.71947, 1.34199, -0.24472, -0.16258, 0.95581, 0.80, 0.80, 0.80, 1.00, 0.43301, 0.34516
880, 295, 0.45493, 7.89811, 1.34979, -0.47828, -0.01703, 0.87797, 0.80, 0.80, 0.80, 1.00, 0.45208, 0.31432
881, 297, 0.42931, 7.76619, 1.30974, -0.70137, -0.13476, 0.69986, 0.80, 0.80, 0.80, 1.00, 0.44661, 0.34908
882, 275, 0.43228, 7.44658, 1.20278, -0.5954, -0.62272, 0.5076, 0.80, 0.80, 0.80, 1.00, 0.42681, 0.41326
883, 274, 0.54311, 7.71947, 1.34199, -0.1076, -0.31714, 0.9422, 0.80, 0.80, 0.80, 1.00, 0.4328, 0.34516
884, 298, 0.42931, 7.76619, 1.30974, -0.60901, -0.25684, 0.75036, 0.80, 0.80, 0.80, 1.00, 0.44639, 0.34908
885, 275, 0.43228, 7.44658, 1.20278, -0.5954, -0.62272, 0.5076, 0.80, 0.80, 0.80, 1.00, 0.42681, 0.41326
886, 298, 0.42931, 7.76619, 1.30974, -0.60901, -0.25684, 0.75036, 0.80, 0.80, 0.80, 1.00, 0.44639, 0.34908
887, 290, 0.25544, 7.69406, 1.03825, -0.85131, -0.34663, 0.39371, 0.80, 0.80, 0.80, 1.00, 0.48682, 0.40128
888, 297, 0.42931, 7.76619, 1.30974, -0.70137, -0.13476, 0.69986, 0.80, 0.80, 0.80, 1.00, 0.44661, 0.34908
889, 295, 0.45493, 7.89811, 1.34979, -0.47828, -0.01703, 0.87797, 0.80, 0.80, 0.80, 1.00, 0.45208, 0.31432
890, 299, 0.29496, 8.03422, 1.14141, -0.82311, 0.02658, 0.56715, 0.80, 0.80, 0.80, 1.00, 0.51159, 0.31455
891, 297, 0.42931, 7.76619, 1.30974, -0.70137, -0.13476, 0.69986, 0.80, 0.80, 0.80, 1.00, 0.44661, 0.34908
892, 300, 0.22711, 7.80356, 1.05318, -0.86477, -0.09105, 0.49372, 0.80, 0.80, 0.80, 1.00, 0.51356, 0.37896
893, 301, 0.25544, 7.69406, 1.03825, -0.8554, -0.28076, 0.43514, 0.80, 0.80, 0.80, 1.00, 0.48703, 0.40128
894, 300, 0.22711, 7.80356, 1.05318, -0.86477, -0.09105, 0.49372, 0.80, 0.80, 0.80, 1.00, 0.51356, 0.37896
895, 297, 0.42931, 7.76619, 1.30974, -0.70137, -0.13476, 0.69986, 0.80, 0.80, 0.80, 1.00, 0.44661, 0.34908
896, 299, 0.29496, 8.03422, 1.14141, -0.82311, 0.02658, 0.56715, 0.80, 0.80, 0.80, 1.00, 0.51159, 0.31455
897, 295, 0.45493, 7.89811, 1.34979, -0.47828, -0.01703, 0.87797, 0.80, 0.80, 0.80, 1.00, 0.45208, 0.31432
898, 294, 0.54752, 7.97003, 1.37349, -0.41716, 0.12773, 0.89974, 0.80, 0.80, 0.80, 1.00, 0.44418, 0.28677
899, 302, 0.33617, 8.13421, 1.18428, -0.67758, 0.19306, 0.70956, 0.80, 0.80, 0.80, 1.00, 0.50903, 0.28505
900, 295, 0.45493, 7.89811, 1.34979, -0.47828, -0.01703, 0.87797, 0.80, 0.80, 0.80, 1.00, 0.45208, 0.31432
901, 302, 0.33617, 8.13421, 1.18428, -0.67758, 0.19306, 0.70956, 0.80, 0.80, 0.80, 1.00, 0.50903, 0.28505
902, 299, 0.29496, 8.03422, 1.14141, -0.82311, 0.02658, 0.56715, 0.80, 0.80, 0.80, 1.00, 0.51159, 0.31455
903, 302, 0.33617, 8.13421, 1.18428, -0.67758, 0.19306, 0.70956, 0.80, 0.80, 0.80, 1.00, 0.50903, 0.28505
904, 294, 0.54752, 7.97003, 1.37349, -0.41716, 0.12773, 0.89974, 0.80, 0.80, 0.80, 1.00, 0.44418, 0.28677
905, 303, 0.59638, 8.21887, 1.3578, -0.58081, 0.14257, 0.80137, 0.80, 0.80, 0.80, 1.00, 0.45161, 0.227
906, 302, 0.33617, 8.13421, 1.18428, -0.67758, 0.19306, 0.70956, 0.80, 0.80, 0.80, 1.00, 0.50903, 0.28505
907, 303, 0.59638, 8.21887, 1.3578, -0.58081, 0.14257, 0.80137, 0.80, 0.80, 0.80, 1.00, 0.45161, 0.227
908, 304, 0.44118, 8.32405, 1.23109, -0.67665, 0.19954, 0.70865, 0.80, 0.80, 0.80, 1.00, 0.50946, 0.22644
909, 305, 0.59638, 8.21887, 1.3578, -0.26847, 0.34594, 0.89894, 0.80, 0.80, 0.80, 1.00, 0.44778, 0.16183
910, 287, 0.74996, 8.19065, 1.38041, -0.00214, 0.18416, 0.98281, 0.80, 0.80, 0.80, 1.00, 0.42484, 0.18234
911, 286, 0.75707, 8.33203, 1.35393, -0.03622, 0.34529, 0.93771, 0.80, 0.80, 0.80, 1.00, 0.44333, 0.18059
912, 305, 0.59638, 8.21887, 1.3578, -0.26847, 0.34594, 0.89894, 0.80, 0.80, 0.80, 1.00, 0.44778, 0.16183
913, 286, 0.75707, 8.33203, 1.35393, -0.03622, 0.34529, 0.93771, 0.80, 0.80, 0.80, 1.00, 0.44333, 0.18059
914, 306, 0.57133, 8.44305, 1.23632, -0.30644, 0.60912, 0.73138, 0.80, 0.80, 0.80, 1.00, 0.49524, 0.16213
915, 305, 0.59638, 8.21887, 1.3578, -0.26847, 0.34594, 0.89894, 0.80, 0.80, 0.80, 1.00, 0.44778, 0.16183
916, 306, 0.57133, 8.44305, 1.23632, -0.30644, 0.60912, 0.73138, 0.80, 0.80, 0.80, 1.00, 0.49524, 0.16213
917, 307, 0.44118, 8.32405, 1.23109, -0.48788, 0.51164, 0.70714, 0.80, 0.80, 0.80, 1.00, 0.49757, 0.14886
918, 285, 0.96515, 8.30169, 1.33034, 0.59884, 0.48309, 0.63863, 0.80, 0.80, 0.80, 1.00, 0.42794, 0.21506
919, 308, 0.88855, 8.43712, 1.1745, 0.46666, 0.82016, 0.33085, 0.80, 0.80, 0.80, 1.00, 0.45335, 0.2274
920, 309, 0.75447, 8.44864, 1.28393, 0.14307, 0.79101, 0.59472, 0.80, 0.80, 0.80, 1.00, 0.46816, 0.18293
921, 285, 0.96515, 8.30169, 1.33034, 0.59884, 0.48309, 0.63863, 0.80, 0.80, 0.80, 1.00, 0.42794, 0.21506
922, 309, 0.75447, 8.44864, 1.28393, 0.14307, 0.79101, 0.59472, 0.80, 0.80, 0.80, 1.00, 0.46816, 0.18293
923, 286, 0.75707, 8.33203, 1.35393, -0.03622, 0.34529, 0.93771, 0.80, 0.80, 0.80, 1.00, 0.44333, 0.18059
924, 286, 0.75707, 8.33203, 1.35393, -0.03622, 0.34529, 0.93771, 0.80, 0.80, 0.80, 1.00, 0.44333, 0.18059
925, 309, 0.75447, 8.44864, 1.28393, 0.14307, 0.79101, 0.59472, 0.80, 0.80, 0.80, 1.00, 0.46816, 0.18293
926, 306, 0.57133, 8.44305, 1.23632, -0.30644, 0.60912, 0.73138, 0.80, 0.80, 0.80, 1.00, 0.49524, 0.16213
927, 309, 0.75447, 8.44864, 1.28393, 0.14307, 0.79101, 0.59472, 0.80, 0.80, 0.80, 1.00, 0.46816, 0.18293
928, 310, 0.73915, 8.5829, 0.91506, 0.3253, 0.94111, 0.09175, 0.80, 0.80, 0.80, 1.00, 0.55016, 0.22415
929, 311, 0.5804, 8.59337, 1.01226, -0.1007, 0.97401, 0.20267, 0.80, 0.80, 0.80, 1.00, 0.55016, 0.18074
930, 309, 0.75447, 8.44864, 1.28393, 0.14307, 0.79101, 0.59472, 0.80, 0.80, 0.80, 1.00, 0.46816, 0.18293
931, 308, 0.88855, 8.43712, 1.1745, 0.46666, 0.82016, 0.33085, 0.80, 0.80, 0.80, 1.00, 0.45335, 0.2274
932, 310, 0.73915, 8.5829, 0.91506, 0.3253, 0.94111, 0.09175, 0.80, 0.80, 0.80, 1.00, 0.55016, 0.22415
933, 306, 0.57133, 8.44305, 1.23632, -0.30644, 0.60912, 0.73138, 0.80, 0.80, 0.80, 1.00, 0.49524, 0.16213
934, 309, 0.75447, 8.44864, 1.28393, 0.14307, 0.79101, 0.59472, 0.80, 0.80, 0.80, 1.00, 0.46816, 0.18293
935, 311, 0.5804, 8.59337, 1.01226, -0.1007, 0.97401, 0.20267, 0.80, 0.80, 0.80, 1.00, 0.55016, 0.18074
936, 306, 0.57133, 8.44305, 1.23632, -0.30644, 0.60912, 0.73138, 0.80, 0.80, 0.80, 1.00, 0.49524, 0.16213
937, 311, 0.5804, 8.59337, 1.01226, -0.1007, 0.97401, 0.20267, 0.80, 0.80, 0.80, 1.00, 0.55016, 0.18074
938, 312, 0.45543, 8.54409, 1.05017, -0.54589, 0.79608, 0.26104, 0.80, 0.80, 0.80, 1.00, 0.55127, 0.16103
939, 306, 0.57133, 8.44305, 1.23632, -0.30644, 0.60912, 0.73138, 0.80, 0.80, 0.80, 1.00, 0.49524, 0.16213
940, 312, 0.45543, 8.54409, 1.05017, -0.54589, 0.79608, 0.26104, 0.80, 0.80, 0.80, 1.00, 0.55127, 0.16103
941, 307, 0.44118, 8.32405, 1.23109, -0.48788, 0.51164, 0.70714, 0.80, 0.80, 0.80, 1.00, 0.49757, 0.14886
942, 307, 0.44118, 8.32405, 1.23109, -0.48788, 0.51164, 0.70714, 0.80, 0.80, 0.80, 1.00, 0.49757, 0.14886
943, 312, 0.45543, 8.54409, 1.05017, -0.54589, 0.79608, 0.26104, 0.80, 0.80, 0.80, 1.00, 0.55127, 0.16103
944, 313, 0.34402, 8.43757, 1.05408, -0.66507, 0.70467, 0.24698, 0.80, 0.80, 0.80, 1.00, 0.55127, 0.14899
945, 302, 0.33617, 8.13421, 1.18428, -0.67758, 0.19306, 0.70956, 0.80, 0.80, 0.80, 1.00, 0.50903, 0.28505
946, 304, 0.44118, 8.32405, 1.23109, -0.67665, 0.19954, 0.70865, 0.80, 0.80, 0.80, 1.00, 0.50946, 0.22644
947, 314, 0.34402, 8.43757, 1.05408, -0.83067, 0.41794, 0.36764, 0.80, 0.80, 0.80, 1.00, 0.55034, 0.22487
948, 302, 0.33617, 8.13421, 1.18428, -0.67758, 0.19306, 0.70956, 0.80, 0.80, 0.80, 1.00, 0.50903, 0.28505
949, 314, 0.34402, 8.43757, 1.05408, -0.83067, 0.41794, 0.36764, 0.80, 0.80, 0.80, 1.00, 0.55034, 0.22487
950, 315, 0.22713, 8.25219, 1.01661, -0.91608, 0.34926, 0.19666, 0.80, 0.80, 0.80, 1.00, 0.54659, 0.28123
951, 299, 0.29496, 8.03422, 1.14141, -0.82311, 0.02658, 0.56715, 0.80, 0.80, 0.80, 1.00, 0.51159, 0.31455
952, 302, 0.33617, 8.13421, 1.18428, -0.67758, 0.19306, 0.70956, 0.80, 0.80, 0.80, 1.00, 0.50903, 0.28505
953, 315, 0.22713, 8.25219, 1.01661, -0.91608, 0.34926, 0.19666, 0.80, 0.80, 0.80, 1.00, 0.54659, 0.28123
954, 299, 0.29496, 8.03422, 1.14141, -0.82311, 0.02658, 0.56715, 0.80, 0.80, 0.80, 1.00, 0.51159, 0.31455
955, 315, 0.22713, 8.25219, 1.01661, -0.91608, 0.34926, 0.19666, 0.80, 0.80, 0.80, 1.00, 0.54659, 0.28123
956, 316, 0.19944, 8.12742, 0.96207, -0.96331, 0.20988, 0.16687, 0.80, 0.80, 0.80, 1.00, 0.55114, 0.31553
957, 300, 0.22711, 7.80356, 1.05318, -0.86477, -0.09105, 0.49372, 0.80, 0.80, 0.80, 1.00, 0.51356, 0.37896
958, 299, 0.29496, 8.03422, 1.14141, -0.82311, 0.02658, 0.56715, 0.80, 0.80, 0.80, 1.00, 0.51159, 0.31455
959, 316, 0.19944, 8.12742, 0.96207, -0.96331, 0.20988, 0.16687, 0.80, 0.80, 0.80, 1.00, 0.55114, 0.31553
960, 300, 0.22711, 7.80356, 1.05318, -0.86477, -0.09105, 0.49372, 0.80, 0.80, 0.80, 1.00, 0.51356, 0.37896
961, 316, 0.19944, 8.12742, 0.96207, -0.96331, 0.20988, 0.16687, 0.80, 0.80, 0.80, 1.00, 0.55114, 0.31553
962, 317, 0.13881, 7.89883, 0.86531, -0.99415, 0.08062, 0.0709, 0.80, 0.80, 0.80, 1.00, 0.5597, 0.37925
963, 301, 0.25544, 7.69406, 1.03825, -0.8554, -0.28076, 0.43514, 0.80, 0.80, 0.80, 1.00, 0.48703, 0.40128
964, 300, 0.22711, 7.80356, 1.05318, -0.86477, -0.09105, 0.49372, 0.80, 0.80, 0.80, 1.00, 0.51356, 0.37896
965, 317, 0.13881, 7.89883, 0.86531, -0.99415, 0.08062, 0.0709, 0.80, 0.80, 0.80, 1.00, 0.5597, 0.37925
966, 312, 0.45543, 8.54409, 1.05017, -0.54589, 0.79608, 0.26104, 0.80, 0.80, 0.80, 1.00, 0.55127, 0.16103
967, 311, 0.5804, 8.59337, 1.01226, -0.1007, 0.97401, 0.20267, 0.80, 0.80, 0.80, 1.00, 0.55016, 0.18074
968, 318, 0.52812, 8.57031, 0.89927, -0.43804, 0.86738, -0.236, 0.80, 0.80, 0.80, 1.00, 0.579, 0.18414
969, 313, 0.34402, 8.43757, 1.05408, -0.66507, 0.70467, 0.24698, 0.80, 0.80, 0.80, 1.00, 0.55127, 0.14899
970, 312, 0.45543, 8.54409, 1.05017, -0.54589, 0.79608, 0.26104, 0.80, 0.80, 0.80, 1.00, 0.55127, 0.16103
971, 319, 0.42453, 8.45805, 0.85252, -0.59805, 0.72781, -0.33546, 0.80, 0.80, 0.80, 1.00, 0.60997, 0.17511
972, 319, 0.42453, 8.45805, 0.85252, -0.59805, 0.72781, -0.33546, 0.80, 0.80, 0.80, 1.00, 0.60997, 0.17511
973, 312, 0.45543, 8.54409, 1.05017, -0.54589, 0.79608, 0.26104, 0.80, 0.80, 0.80, 1.00, 0.55127, 0.16103
974, 318, 0.52812, 8.57031, 0.89927, -0.43804, 0.86738, -0.236, 0.80, 0.80, 0.80, 1.00, 0.579, 0.18414
975, 315, 0.22713, 8.25219, 1.01661, -0.91608, 0.34926, 0.19666, 0.80, 0.80, 0.80, 1.00, 0.54659, 0.28123
976, 314, 0.34402, 8.43757, 1.05408, -0.83067, 0.41794, 0.36764, 0.80, 0.80, 0.80, 1.00, 0.55034, 0.22487
977, 320, 0.42453, 8.45805, 0.85252, -0.71475, 0.58744, -0.3794, 0.80, 0.80, 0.80, 1.00, 0.58419, 0.22272
978, 315, 0.22713, 8.25219, 1.01661, -0.91608, 0.34926, 0.19666, 0.80, 0.80, 0.80, 1.00, 0.54659, 0.28123
979, 320, 0.42453, 8.45805, 0.85252, -0.71475, 0.58744, -0.3794, 0.80, 0.80, 0.80, 1.00, 0.58419, 0.22272
980, 321, 0.29696, 8.28317, 0.79646, -0.77724, 0.47695, -0.41022, 0.80, 0.80, 0.80, 1.00, 0.58059, 0.27908
981, 316, 0.19944, 8.12742, 0.96207, -0.96331, 0.20988, 0.16687, 0.80, 0.80, 0.80, 1.00, 0.55114, 0.31553
982, 315, 0.22713, 8.25219, 1.01661, -0.91608, 0.34926, 0.19666, 0.80, 0.80, 0.80, 1.00, 0.54659, 0.28123
983, 321, 0.29696, 8.28317, 0.79646, -0.77724, 0.47695, -0.41022, 0.80, 0.80, 0.80, 1.00, 0.58059, 0.27908
984, 316, 0.19944, 8.12742, 0.96207, -0.96331, 0.20988, 0.16687, 0.80, 0.80, 0.80, 1.00, 0.55114, 0.31553
985, 321, 0.29696, 8.28317, 0.79646, -0.77724, 0.47695, -0.41022, 0.80, 0.80, 0.80, 1.00, 0.58059, 0.27908
986, 322, 0.2332, 8.15431, 0.77875, -0.84604, 0.35471, -0.39782, 0.80, 0.80, 0.80, 1.00, 0.57904, 0.31584
987, 317, 0.13881, 7.89883, 0.86531, -0.99415, 0.08062, 0.0709, 0.80, 0.80, 0.80, 1.00, 0.5597, 0.37925
988, 316, 0.19944, 8.12742, 0.96207, -0.96331, 0.20988, 0.16687, 0.80, 0.80, 0.80, 1.00, 0.55114, 0.31553
989, 322, 0.2332, 8.15431, 0.77875, -0.84604, 0.35471, -0.39782, 0.80, 0.80, 0.80, 1.00, 0.57904, 0.31584
990, 317, 0.13881, 7.89883, 0.86531, -0.99415, 0.08062, 0.0709, 0.80, 0.80, 0.80, 1.00, 0.5597, 0.37925
991, 322, 0.2332, 8.15431, 0.77875, -0.84604, 0.35471, -0.39782, 0.80, 0.80, 0.80, 1.00, 0.57904, 0.31584
992, 323, 0.21057, 7.93566, 0.69895, -0.76147, 0.27966, -0.58464, 0.80, 0.80, 0.80, 1.00, 0.5884, 0.37215
993, 324, 0.38735, 8.11768, 0.60809, -0.50623, 0.30304, -0.80733, 0.80, 0.80, 0.80, 1.00, 0.60972, 0.31473
994, 323, 0.21057, 7.93566, 0.69895, -0.76147, 0.27966, -0.58464, 0.80, 0.80, 0.80, 1.00, 0.5884, 0.37215
995, 322, 0.2332, 8.15431, 0.77875, -0.84604, 0.35471, -0.39782, 0.80, 0.80, 0.80, 1.00, 0.57904, 0.31584
996, 323, 0.21057, 7.93566, 0.69895, -0.76147, 0.27966, -0.58464, 0.80, 0.80, 0.80, 1.00, 0.5884, 0.37215
997, 324, 0.38735, 8.11768, 0.60809, -0.50623, 0.30304, -0.80733, 0.80, 0.80, 0.80, 1.00, 0.60972, 0.31473
998, 325, 0.31982, 7.9194, 0.59014, -0.52442, 0.25226, -0.81315, 0.80, 0.80, 0.80, 1.00, 0.61158, 0.36739
999, 324, 0.38735, 8.11768, 0.60809, -0.50623, 0.30304, -0.80733, 0.80, 0.80, 0.80, 1.00, 0.60972, 0.31473
1000, 322, 0.2332, 8.15431, 0.77875, -0.84604, 0.35471, -0.39782, 0.80, 0.80, 0.80, 1.00, 0.57904, 0.31584
1001, 321, 0.29696, 8.28317, 0.79646, -0.77724, 0.47695, -0.41022, 0.80, 0.80, 0.80, 1.00, 0.58059, 0.27908
1002, 324, 0.38735, 8.11768, 0.60809, -0.50623, 0.30304, -0.80733, 0.80, 0.80, 0.80, 1.00, 0.60972, 0.31473
1003, 321, 0.29696, 8.28317, 0.79646, -0.77724, 0.47695, -0.41022, 0.80, 0.80, 0.80, 1.00, 0.58059, 0.27908
1004, 326, 0.44933, 8.27842, 0.63256, -0.43729, 0.46081, -0.77222, 0.80, 0.80, 0.80, 1.00, 0.60881, 0.27062
1005, 326, 0.44933, 8.27842, 0.63256, -0.43729, 0.46081, -0.77222, 0.80, 0.80, 0.80, 1.00, 0.60881, 0.27062
1006, 321, 0.29696, 8.28317, 0.79646, -0.77724, 0.47695, -0.41022, 0.80, 0.80, 0.80, 1.00, 0.58059, 0.27908
1007, 320, 0.42453, 8.45805, 0.85252, -0.71475, 0.58744, -0.3794, 0.80, 0.80, 0.80, 1.00, 0.58419, 0.22272
1008, 326, 0.44933, 8.27842, 0.63256, -0.43729, 0.46081, -0.77222, 0.80, 0.80, 0.80, 1.00, 0.60881, 0.27062
1009, 320, 0.42453, 8.45805, 0.85252, -0.71475, 0.58744, -0.3794, 0.80, 0.80, 0.80, 1.00, 0.58419, 0.22272
1010, 327, 0.54658, 8.45992, 0.69753, -0.41873, 0.49658, -0.76024, 0.80, 0.80, 0.80, 1.00, 0.60935, 0.21549
1011, 328, 0.54658, 8.45992, 0.69753, -0.24802, 0.74461, -0.61967, 0.80, 0.80, 0.80, 1.00, 0.6094, 0.21557
1012, 319, 0.42453, 8.45805, 0.85252, -0.59805, 0.72781, -0.33546, 0.80, 0.80, 0.80, 1.00, 0.60997, 0.17511
1013, 329, 0.64313, 8.56825, 0.78904, -0.10176, 0.8772, -0.46917, 0.80, 0.80, 0.80, 1.00, 0.58422, 0.22302
1014, 329, 0.64313, 8.56825, 0.78904, -0.10176, 0.8772, -0.46917, 0.80, 0.80, 0.80, 1.00, 0.58422, 0.22302
1015, 319, 0.42453, 8.45805, 0.85252, -0.59805, 0.72781, -0.33546, 0.80, 0.80, 0.80, 1.00, 0.60997, 0.17511
1016, 318, 0.52812, 8.57031, 0.89927, -0.43804, 0.86738, -0.236, 0.80, 0.80, 0.80, 1.00, 0.579, 0.18414
1017, 329, 0.64313, 8.56825, 0.78904, -0.10176, 0.8772, -0.46917, 0.80, 0.80, 0.80, 1.00, 0.58422, 0.22302
1018, 311, 0.5804, 8.59337, 1.01226, -0.1007, 0.97401, 0.20267, 0.80, 0.80, 0.80, 1.00, 0.55016, 0.18074
1019, 310, 0.73915, 8.5829, 0.91506, 0.3253, 0.94111, 0.09175, 0.80, 0.80, 0.80, 1.00, 0.55016, 0.22415
1020, 311, 0.5804, 8.59337, 1.01226, -0.1007, 0.97401, 0.20267, 0.80, 0.80, 0.80, 1.00, 0.55016, 0.18074
1021, 329, 0.64313, 8.56825, 0.78904, -0.10176, 0.8772, -0.46917, 0.80, 0.80, 0.80, 1.00, 0.58422, 0.22302
1022, 318, 0.52812, 8.57031, 0.89927, -0.43804, 0.86738, -0.236, 0.80, 0.80, 0.80, 1.00, 0.579, 0.18414
1023, 1, 0.85943, 7.89931, 1.33682, 0.55392, -0.15664, 0.81761, 0.80, 0.80, 0.80, 1.00, 0.44849, 0.00096
1024, 0, 0.81203, 7.72829, 1.33618, 0.50947, -0.29435, 0.8085, 0.80, 0.80, 0.80, 1.00, 0.44849, 0.14128
1025, 330, 0.97838, 7.88528, 1.18501, 0.82919, -0.38483, 0.40523, 0.80, 0.80, 0.80, 1.00, 0.64421, 0.00096
1026, 330, 0.97838, 7.88528, 1.18501, 0.82919, -0.38483, 0.40523, 0.80, 0.80, 0.80, 1.00, 0.64421, 0.00096
1027, 0, 0.81203, 7.72829, 1.33618, 0.50947, -0.29435, 0.8085, 0.80, 0.80, 0.80, 1.00, 0.44849, 0.14128
1028, 331, 0.93345, 7.7533, 1.10533, 0.83986, -0.4599, 0.2881, 0.80, 0.80, 0.80, 1.00, 0.68555, 0.13161
1029, 330, 0.97838, 7.88528, 1.18501, 0.82919, -0.38483, 0.40523, 0.80, 0.80, 0.80, 1.00, 0.64421, 0.00096
1030, 331, 0.93345, 7.7533, 1.10533, 0.83986, -0.4599, 0.2881, 0.80, 0.80, 0.80, 1.00, 0.68555, 0.13161
1031, 332, 0.99282, 7.84782, 1.04839, 0.87984, -0.42626, 0.20985, 0.80, 0.80, 0.80, 1.00, 0.74824, 0.07275
1032, 333, 2.8472, 4.44637, -0.04258, 0.48152, -0.69834, 0.52916, 0.80, 0.80, 0.80, 1.00, 0.08136, 0.13403
1033, 334, 2.99447, 4.75978, 0.23004, 0.51579, -0.67547, 0.52655, 0.80, 0.80, 0.80, 1.00, 0.17143, 0.09234
1034, 335, 2.82561, 4.65686, 0.26267, 0.4931, -0.69925, 0.51715, 0.80, 0.80, 0.80, 1.00, 0.12471, 0.08883
1035, 336, 3.0044, 4.55141, -0.04058, 0.51501, -0.66969, 0.53463, 0.80, 0.80, 0.80, 1.00, 0.12373, 0.13903
1036, 334, 2.99447, 4.75978, 0.23004, 0.51579, -0.67547, 0.52655, 0.80, 0.80, 0.80, 1.00, 0.17143, 0.09234
1037, 333, 2.8472, 4.44637, -0.04258, 0.48152, -0.69834, 0.52916, 0.80, 0.80, 0.80, 1.00, 0.08136, 0.13403
1038, 333, 2.8472, 4.44637, -0.04258, 0.48152, -0.69834, 0.52916, 0.80, 0.80, 0.80, 1.00, 0.08136, 0.13403
1039, 335, 2.82561, 4.65686, 0.26267, 0.4931, -0.69925, 0.51715, 0.80, 0.80, 0.80, 1.00, 0.12471, 0.08883
1040, 337, 2.68723, 4.53495, 0.22092, 0.46863, -0.71116, 0.52362, 0.80, 0.80, 0.80, 1.00, 0.07377, 0.08963
1041, 334, 2.99447, 4.75978, 0.23004, 0.51579, -0.67547, 0.52655, 0.80, 0.80, 0.80, 1.00, 0.17143, 0.09234
1042, 336, 3.0044, 4.55141, -0.04058, 0.51501, -0.66969, 0.53463, 0.80, 0.80, 0.80, 1.00, 0.12373, 0.13903
1043, 338, 3.10791, 4.70277, 0.03329, 0.56986, -0.64059, 0.51424, 0.80, 0.80, 0.80, 1.00, 0.16611, 0.12918
1044, 339, 2.62249, 5.11035, -0.02818, -0.27367, 0.65464, 0.70425, 0.80, 0.80, 0.80, 1.00, 0.13161, 0.00331
1045, 340, 2.82976, 4.98608, 0.1225, -0.07072, 0.63079, 0.77236, 0.80, 0.80, 0.80, 1.00, 0.17579, 0.04419
1046, 341, 2.69274, 5.14096, -0.0576, -0.04234, 0.74111, 0.66963, 0.80, 0.80, 0.80, 1.00, 0.17648, 0.0044
1047, 342, 2.64389, 4.88333, 0.1749, -0.32878, 0.49254, 0.80545, 0.80, 0.80, 0.80, 1.00, 0.12673, 0.04318
1048, 340, 2.82976, 4.98608, 0.1225, -0.07072, 0.63079, 0.77236, 0.80, 0.80, 0.80, 1.00, 0.17579, 0.04419
1049, 339, 2.62249, 5.11035, -0.02818, -0.27367, 0.65464, 0.70425, 0.80, 0.80, 0.80, 1.00, 0.13161, 0.00331
1050, 343, 2.75269, 5.02367, -0.22098, 0.16638, 0.11805, -0.97875, 0.80, 0.80, 0.80, 1.00, 0.27177, 0.00674
1051, 344, 2.70715, 4.63418, -0.23406, 0.07199, -0.1132, -0.99072, 0.80, 0.80, 0.80, 1.00, 0.32124, 0.0475
1052, 345, 2.61468, 4.93248, -0.23082, 0.05312, 0.02739, -0.99799, 0.80, 0.80, 0.80, 1.00, 0.31673, 0.00658
1053, 346, 2.87675, 4.74165, -0.24033, 0.34735, -0.03997, -0.93665, 0.80, 0.80, 0.80, 1.00, 0.27484, 0.04949
1054, 344, 2.70715, 4.63418, -0.23406, 0.07199, -0.1132, -0.99072, 0.80, 0.80, 0.80, 1.00, 0.32124, 0.0475
1055, 343, 2.75269, 5.02367, -0.22098, 0.16638, 0.11805, -0.97875, 0.80, 0.80, 0.80, 1.00, 0.27177, 0.00674
1056, 347, 2.49857, 5.00607, -0.06333, -0.61295, 0.48464, 0.62361, 0.80, 0.80, 0.80, 1.00, 0.06758, 0.0022
1057, 342, 2.64389, 4.88333, 0.1749, -0.32878, 0.49254, 0.80545, 0.80, 0.80, 0.80, 1.00, 0.12673, 0.04318
1058, 339, 2.62249, 5.11035, -0.02818, -0.27367, 0.65464, 0.70425, 0.80, 0.80, 0.80, 1.00, 0.13161, 0.00331
1059, 348, 2.49982, 4.75416, 0.12702, -0.53116, 0.29529, 0.79385, 0.80, 0.80, 0.80, 1.00, 0.06962, 0.04232
1060, 342, 2.64389, 4.88333, 0.1749, -0.32878, 0.49254, 0.80545, 0.80, 0.80, 0.80, 1.00, 0.12673, 0.04318
1061, 347, 2.49857, 5.00607, -0.06333, -0.61295, 0.48464, 0.62361, 0.80, 0.80, 0.80, 1.00, 0.06758, 0.0022
1062, 349, 2.61468, 4.93248, -0.23082, -0.85493, -0.29924, -0.4234, 0.80, 0.80, 0.80, 1.00, 0.00909, 0.00308
1063, 350, 2.49982, 4.75416, 0.12702, -0.83068, -0.42714, -0.35674, 0.80, 0.80, 0.80, 1.00, 0.06953, 0.04232
1064, 351, 2.49857, 5.00607, -0.06333, -0.83712, -0.33234, -0.43418, 0.80, 0.80, 0.80, 1.00, 0.06744, 0.00219
1065, 352, 2.70715, 4.63418, -0.23406, -0.7968, -0.53632, -0.2779, 0.80, 0.80, 0.80, 1.00, 0.00573, 0.04991
1066, 350, 2.49982, 4.75416, 0.12702, -0.83068, -0.42714, -0.35674, 0.80, 0.80, 0.80, 1.00, 0.06953, 0.04232
1067, 349, 2.61468, 4.93248, -0.23082, -0.85493, -0.29924, -0.4234, 0.80, 0.80, 0.80, 1.00, 0.00909, 0.00308
1068, 353, 2.77193, 5.0967, -0.18562, 0.44748, 0.26386, -0.85428, 0.80, 0.80, 0.80, 1.00, 0.22293, 0.00477
1069, 346, 2.87675, 4.74165, -0.24033, 0.34735, -0.03997, -0.93665, 0.80, 0.80, 0.80, 1.00, 0.27484, 0.04949
1070, 343, 2.75269, 5.02367, -0.22098, 0.16638, 0.11805, -0.97875, 0.80, 0.80, 0.80, 1.00, 0.27177, 0.00674
1071, 354, 2.97736, 4.90691, -0.14611, 0.60834, 0.08798, -0.78856, 0.80, 0.80, 0.80, 1.00, 0.22844, 0.04552
1072, 346, 2.87675, 4.74165, -0.24033, 0.34735, -0.03997, -0.93665, 0.80, 0.80, 0.80, 1.00, 0.27484, 0.04949
1073, 353, 2.77193, 5.0967, -0.18562, 0.44748, 0.26386, -0.85428, 0.80, 0.80, 0.80, 1.00, 0.22293, 0.00477
1074, 355, 2.69274, 5.14096, -0.0576, 0.65497, 0.74144, 0.14497, 0.80, 0.80, 0.80, 1.00, 0.17658, 0.0044
1075, 356, 2.97736, 4.90691, -0.14611, 0.69954, 0.69052, 0.18323, 0.80, 0.80, 0.80, 1.00, 0.22837, 0.04551
1076, 357, 2.77193, 5.0967, -0.18562, 0.65534, 0.74026, 0.14927, 0.80, 0.80, 0.80, 1.00, 0.22281, 0.00477
1077, 358, 2.82976, 4.98608, 0.1225, 0.73971, 0.63668, 0.21732, 0.80, 0.80, 0.80, 1.00, 0.17578, 0.04431
1078, 356, 2.97736, 4.90691, -0.14611, 0.69954, 0.69052, 0.18323, 0.80, 0.80, 0.80, 1.00, 0.22837, 0.04551
1079, 355, 2.69274, 5.14096, -0.0576, 0.65497, 0.74144, 0.14497, 0.80, 0.80, 0.80, 1.00, 0.17658, 0.0044
1080, 342, 2.64389, 4.88333, 0.1749, -0.32878, 0.49254, 0.80545, 0.80, 0.80, 0.80, 1.00, 0.12673, 0.04318
1081, 359, 2.91535, 4.83529, 0.20646, 0.01671, 0.45229, 0.89142, 0.80, 0.80, 0.80, 1.00, 0.172, 0.07336
1082, 340, 2.82976, 4.98608, 0.1225, -0.07072, 0.63079, 0.77236, 0.80, 0.80, 0.80, 1.00, 0.17579, 0.04419
1083, 360, 2.73686, 4.73889, 0.26026, -0.16692, 0.22035, 0.96078, 0.80, 0.80, 0.80, 1.00, 0.12388, 0.07229
1084, 359, 2.91535, 4.83529, 0.20646, 0.01671, 0.45229, 0.89142, 0.80, 0.80, 0.80, 1.00, 0.172, 0.07336
1085, 342, 2.64389, 4.88333, 0.1749, -0.32878, 0.49254, 0.80545, 0.80, 0.80, 0.80, 1.00, 0.12673, 0.04318
1086, 346, 2.87675, 4.74165, -0.24033, 0.34735, -0.03997, -0.93665, 0.80, 0.80, 0.80, 1.00, 0.27484, 0.04949
1087, 361, 2.8062, 4.49564, -0.14774, 0.29696, -0.52871, -0.79481, 0.80, 0.80, 0.80, 1.00, 0.32207, 0.07652
1088, 344, 2.70715, 4.63418, -0.23406, 0.07199, -0.1132, -0.99072, 0.80, 0.80, 0.80, 1.00, 0.32124, 0.0475
1089, 362, 2.96844, 4.59699, -0.15548, 0.62247, -0.39471, -0.67545, 0.80, 0.80, 0.80, 1.00, 0.27439, 0.07848
1090, 361, 2.8062, 4.49564, -0.14774, 0.29696, -0.52871, -0.79481, 0.80, 0.80, 0.80, 1.00, 0.32207, 0.07652
1091, 346, 2.87675, 4.74165, -0.24033, 0.34735, -0.03997, -0.93665, 0.80, 0.80, 0.80, 1.00, 0.27484, 0.04949
1092, 348, 2.49982, 4.75416, 0.12702, -0.53116, 0.29529, 0.79385, 0.80, 0.80, 0.80, 1.00, 0.06962, 0.04232
1093, 360, 2.73686, 4.73889, 0.26026, -0.16692, 0.22035, 0.96078, 0.80, 0.80, 0.80, 1.00, 0.12388, 0.07229
1094, 342, 2.64389, 4.88333, 0.1749, -0.32878, 0.49254, 0.80545, 0.80, 0.80, 0.80, 1.00, 0.12673, 0.04318
1095, 363, 2.60021, 4.61599, 0.21382, -0.28691, -0.02961, 0.95727, 0.80, 0.80, 0.80, 1.00, 0.0705, 0.0715
1096, 360, 2.73686, 4.73889, 0.26026, -0.16692, 0.22035, 0.96078, 0.80, 0.80, 0.80, 1.00, 0.12388, 0.07229
1097, 348, 2.49982, 4.75416, 0.12702, -0.53116, 0.29529, 0.79385, 0.80, 0.80, 0.80, 1.00, 0.06962, 0.04232
1098, 352, 2.70715, 4.63418, -0.23406, -0.7968, -0.53632, -0.2779, 0.80, 0.80, 0.80, 1.00, 0.00573, 0.04991
1099, 364, 2.60021, 4.61599, 0.21382, -0.71123, -0.6793, -0.18013, 0.80, 0.80, 0.80, 1.00, 0.0705, 0.0714
1100, 350, 2.49982, 4.75416, 0.12702, -0.83068, -0.42714, -0.35674, 0.80, 0.80, 0.80, 1.00, 0.06953, 0.04232
1101, 365, 2.8062, 4.49564, -0.14774, -0.67721, -0.7195, -0.1531, 0.80, 0.80, 0.80, 1.00, 0.0081, 0.07893
1102, 364, 2.60021, 4.61599, 0.21382, -0.71123, -0.6793, -0.18013, 0.80, 0.80, 0.80, 1.00, 0.0705, 0.0714
1103, 352, 2.70715, 4.63418, -0.23406, -0.7968, -0.53632, -0.2779, 0.80, 0.80, 0.80, 1.00, 0.00573, 0.04991
1104, 354, 2.97736, 4.90691, -0.14611, 0.60834, 0.08798, -0.78856, 0.80, 0.80, 0.80, 1.00, 0.22844, 0.04552
1105, 362, 2.96844, 4.59699, -0.15548, 0.62247, -0.39471, -0.67545, 0.80, 0.80, 0.80, 1.00, 0.27439, 0.07848
1106, 346, 2.87675, 4.74165, -0.24033, 0.34735, -0.03997, -0.93665, 0.80, 0.80, 0.80, 1.00, 0.27484, 0.04949
1107, 366, 3.06202, 4.75564, -0.06242, 0.80789, -0.1934, -0.55634, 0.80, 0.80, 0.80, 1.00, 0.22639, 0.07458
1108, 362, 2.96844, 4.59699, -0.15548, 0.62247, -0.39471, -0.67545, 0.80, 0.80, 0.80, 1.00, 0.27439, 0.07848
1109, 354, 2.97736, 4.90691, -0.14611, 0.60834, 0.08798, -0.78856, 0.80, 0.80, 0.80, 1.00, 0.22844, 0.04552
1110, 358, 2.82976, 4.98608, 0.1225, 0.73971, 0.63668, 0.21732, 0.80, 0.80, 0.80, 1.00, 0.17578, 0.04431
1111, 367, 3.06202, 4.75564, -0.06242, 0.7341, 0.64543, 0.21041, 0.80, 0.80, 0.80, 1.00, 0.22633, 0.07458
1112, 356, 2.97736, 4.90691, -0.14611, 0.69954, 0.69052, 0.18323, 0.80, 0.80, 0.80, 1.00, 0.22837, 0.04551
1113, 368, 2.91535, 4.83529, 0.20646, 0.69251, 0.69865, 0.17905, 0.80, 0.80, 0.80, 1.00, 0.17202, 0.07336
1114, 367, 3.06202, 4.75564, -0.06242, 0.7341, 0.64543, 0.21041, 0.80, 0.80, 0.80, 1.00, 0.22633, 0.07458
1115, 358, 2.82976, 4.98608, 0.1225, 0.73971, 0.63668, 0.21732, 0.80, 0.80, 0.80, 1.00, 0.17578, 0.04431
1116, 360, 2.73686, 4.73889, 0.26026, -0.16692, 0.22035, 0.96078, 0.80, 0.80, 0.80, 1.00, 0.12388, 0.07229
1117, 369, 2.99447, 4.75978, 0.23004, 0.09194, 0.25798, 0.96151, 0.80, 0.80, 0.80, 1.00, 0.17143, 0.0923
1118, 359, 2.91535, 4.83529, 0.20646, 0.01671, 0.45229, 0.89142, 0.80, 0.80, 0.80, 1.00, 0.172, 0.07336
1119, 370, 2.82561, 4.65686, 0.26267, -0.09022, -0.04875, 0.9945, 0.80, 0.80, 0.80, 1.00, 0.12403, 0.08898
1120, 369, 2.99447, 4.75978, 0.23004, 0.09194, 0.25798, 0.96151, 0.80, 0.80, 0.80, 1.00, 0.17143, 0.0923
1121, 360, 2.73686, 4.73889, 0.26026, -0.16692, 0.22035, 0.96078, 0.80, 0.80, 0.80, 1.00, 0.12388, 0.07229
1122, 362, 2.96844, 4.59699, -0.15548, 0.62247, -0.39471, -0.67545, 0.80, 0.80, 0.80, 1.00, 0.27439, 0.07848
1123, 371, 2.8472, 4.44637, -0.04258, 0.46852, -0.73923, -0.48317, 0.80, 0.80, 0.80, 1.00, 0.31885, 0.09196
1124, 361, 2.8062, 4.49564, -0.14774, 0.29696, -0.52871, -0.79481, 0.80, 0.80, 0.80, 1.00, 0.32207, 0.07652
1125, 372, 3.0044, 4.55141, -0.04058, 0.75244, -0.45397, -0.47672, 0.80, 0.80, 0.80, 1.00, 0.27475, 0.09369
1126, 371, 2.8472, 4.44637, -0.04258, 0.46852, -0.73923, -0.48317, 0.80, 0.80, 0.80, 1.00, 0.31885, 0.09196
1127, 362, 2.96844, 4.59699, -0.15548, 0.62247, -0.39471, -0.67545, 0.80, 0.80, 0.80, 1.00, 0.27439, 0.07848
1128, 363, 2.60021, 4.61599, 0.21382, -0.28691, -0.02961, 0.95727, 0.80, 0.80, 0.80, 1.00, 0.0705, 0.0715
1129, 370, 2.82561, 4.65686, 0.26267, -0.09022, -0.04875, 0.9945, 0.80, 0.80, 0.80, 1.00, 0.12403, 0.08898
1130, 360, 2.73686, 4.73889, 0.26026, -0.16692, 0.22035, 0.96078, 0.80, 0.80, 0.80, 1.00, 0.12388, 0.07229
1131, 373, 2.68723, 4.53495, 0.22092, -0.18975, -0.11847, 0.97444, 0.80, 0.80, 0.80, 1.00, 0.07376, 0.08962
1132, 370, 2.82561, 4.65686, 0.26267, -0.09022, -0.04875, 0.9945, 0.80, 0.80, 0.80, 1.00, 0.12403, 0.08898
1133, 363, 2.60021, 4.61599, 0.21382, -0.28691, -0.02961, 0.95727, 0.80, 0.80, 0.80, 1.00, 0.0705, 0.0715
1134, 365, 2.8062, 4.49564, -0.14774, -0.67721, -0.7195, -0.1531, 0.80, 0.80, 0.80, 1.00, 0.0081, 0.07893
1135, 374, 2.68723, 4.53495, 0.22092, -0.64665, -0.75173, -0.1284, 0.80, 0.80, 0.80, 1.00, 0.0737, 0.08961
1136, 364, 2.60021, 4.61599, 0.21382, -0.71123, -0.6793, -0.18013, 0.80, 0.80, 0.80, 1.00, 0.0705, 0.0714
1137, 375, 2.8472, 4.44637, -0.04258, -0.62364, -0.77246, -0.11876, 0.80, 0.80, 0.80, 1.00, 0.00648, 0.09305
1138, 374, 2.68723, 4.53495, 0.22092, -0.64665, -0.75173, -0.1284, 0.80, 0.80, 0.80, 1.00, 0.0737, 0.08961
1139, 365, 2.8062, 4.49564, -0.14774, -0.67721, -0.7195, -0.1531, 0.80, 0.80, 0.80, 1.00, 0.0081, 0.07893
1140, 366, 3.06202, 4.75564, -0.06242, 0.80789, -0.1934, -0.55634, 0.80, 0.80, 0.80, 1.00, 0.22639, 0.07458
1141, 372, 3.0044, 4.55141, -0.04058, 0.75244, -0.45397, -0.47672, 0.80, 0.80, 0.80, 1.00, 0.27475, 0.09369
1142, 362, 2.96844, 4.59699, -0.15548, 0.62247, -0.39471, -0.67545, 0.80, 0.80, 0.80, 1.00, 0.27439, 0.07848
1143, 376, 3.10791, 4.70277, 0.03329, 0.79508, -0.28152, -0.53681, 0.80, 0.80, 0.80, 1.00, 0.22155, 0.09023
1144, 372, 3.0044, 4.55141, -0.04058, 0.75244, -0.45397, -0.47672, 0.80, 0.80, 0.80, 1.00, 0.27475, 0.09369
1145, 366, 3.06202, 4.75564, -0.06242, 0.80789, -0.1934, -0.55634, 0.80, 0.80, 0.80, 1.00, 0.22639, 0.07458
1146, 368, 2.91535, 4.83529, 0.20646, 0.69251, 0.69865, 0.17905, 0.80, 0.80, 0.80, 1.00, 0.17202, 0.07336
1147, 377, 3.10791, 4.70277, 0.03329, 0.64442, 0.75131, 0.14135, 0.80, 0.80, 0.80, 1.00, 0.22148, 0.09023
1148, 367, 3.06202, 4.75564, -0.06242, 0.7341, 0.64543, 0.21041, 0.80, 0.80, 0.80, 1.00, 0.22633, 0.07458
1149, 378, 2.99447, 4.75978, 0.23004, 0.65508, 0.73739, 0.16386, 0.80, 0.80, 0.80, 1.00, 0.17145, 0.0923
1150, 377, 3.10791, 4.70277, 0.03329, 0.64442, 0.75131, 0.14135, 0.80, 0.80, 0.80, 1.00, 0.22148, 0.09023
1151, 368, 2.91535, 4.83529, 0.20646, 0.69251, 0.69865, 0.17905, 0.80, 0.80, 0.80, 1.00, 0.17202, 0.07336
1152, 379, 2.1048, 5.70959, -0.51927, 0.25688, 0.70604, 0.65958, 0.80, 0.80, 0.80, 1.00, 0.81563, 0.00882
1153, 380, 2.43428, 5.57051, -0.49862, 0.61993, 0.71281, 0.32754, 0.80, 0.80, 0.80, 1.00, 0.84986, 0.04749
1154, 381, 2.27334, 5.78097, -0.62219, 0.6939, 0.67601, 0.24748, 0.80, 0.80, 0.80, 1.00, 0.85038, 0.00812
1155, 382, 2.25191, 5.53297, -0.34294, 0.30348, 0.76071, 0.57338, 0.80, 0.80, 0.80, 1.00, 0.81401, 0.04676
1156, 380, 2.43428, 5.57051, -0.49862, 0.61993, 0.71281, 0.32754, 0.80, 0.80, 0.80, 1.00, 0.84986, 0.04749
1157, 379, 2.1048, 5.70959, -0.51927, 0.25688, 0.70604, 0.65958, 0.80, 0.80, 0.80, 1.00, 0.81563, 0.00882
1158, 383, 2.20104, 5.51786, -0.92184, 0.12641, -0.3913, -0.91125, 0.80, 0.80, 0.80, 1.00, 0.89628, 0.0081
1159, 384, 2.13017, 5.1557, -0.71291, -0.41048, -0.83034, -0.37637, 0.80, 0.80, 0.80, 1.00, 0.92383, 0.04943
1160, 385, 1.95377, 5.38582, -0.85065, -0.65999, -0.68704, -0.3035, 0.80, 0.80, 0.80, 1.00, 0.92295, 0.00834
1161, 386, 2.38252, 5.27606, -0.80043, 0.38259, -0.41461, -0.82535, 0.80, 0.80, 0.80, 1.00, 0.89729, 0.04995
1162, 384, 2.13017, 5.1557, -0.71291, -0.41048, -0.83034, -0.37637, 0.80, 0.80, 0.80, 1.00, 0.92383, 0.04943
1163, 383, 2.20104, 5.51786, -0.92184, 0.12641, -0.3913, -0.91125, 0.80, 0.80, 0.80, 1.00, 0.89628, 0.0081
1164, 387, 1.86409, 5.54938, -0.49888, -0.63611, 0.09422, 0.76556, 0.80, 0.80, 0.80, 1.00, 0.95474, 0.00771
1165, 388, 2.25191, 5.53297, -0.34294, -0.34122, 0.36266, 0.86691, 0.80, 0.80, 0.80, 1.00, 0.98858, 0.04646
1166, 389, 2.1048, 5.70959, -0.51927, -0.29371, 0.54139, 0.78745, 0.80, 0.80, 0.80, 1.00, 0.9902, 0.00882
1167, 390, 2.02192, 5.34277, -0.37852, -0.72091, -0.19789, 0.66395, 0.80, 0.80, 0.80, 1.00, 0.95589, 0.0481
1168, 388, 2.25191, 5.53297, -0.34294, -0.34122, 0.36266, 0.86691, 0.80, 0.80, 0.80, 1.00, 0.98858, 0.04646
1169, 387, 1.86409, 5.54938, -0.49888, -0.63611, 0.09422, 0.76556, 0.80, 0.80, 0.80, 1.00, 0.95474, 0.00771
1170, 385, 1.95377, 5.38582, -0.85065, -0.65999, -0.68704, -0.3035, 0.80, 0.80, 0.80, 1.00, 0.92295, 0.00834
1171, 390, 2.02192, 5.34277, -0.37852, -0.72091, -0.19789, 0.66395, 0.80, 0.80, 0.80, 1.00, 0.95589, 0.0481
1172, 387, 1.86409, 5.54938, -0.49888, -0.63611, 0.09422, 0.76556, 0.80, 0.80, 0.80, 1.00, 0.95474, 0.00771
1173, 384, 2.13017, 5.1557, -0.71291, -0.41048, -0.83034, -0.37637, 0.80, 0.80, 0.80, 1.00, 0.92383, 0.04943
1174, 390, 2.02192, 5.34277, -0.37852, -0.72091, -0.19789, 0.66395, 0.80, 0.80, 0.80, 1.00, 0.95589, 0.0481
1175, 385, 1.95377, 5.38582, -0.85065, -0.65999, -0.68704, -0.3035, 0.80, 0.80, 0.80, 1.00, 0.92295, 0.00834
1176, 391, 2.33387, 5.67188, -0.88459, 0.68485, 0.12913, -0.71693, 0.80, 0.80, 0.80, 1.00, 0.87489, 0.00678
1177, 386, 2.38252, 5.27606, -0.80043, 0.38259, -0.41461, -0.82535, 0.80, 0.80, 0.80, 1.00, 0.89729, 0.04995
1178, 383, 2.20104, 5.51786, -0.92184, 0.12641, -0.3913, -0.91125, 0.80, 0.80, 0.80, 1.00, 0.89628, 0.0081
1179, 392, 2.50853, 5.44376, -0.7493, 0.88099, 0.19967, -0.42866, 0.80, 0.80, 0.80, 1.00, 0.87444, 0.04921
1180, 386, 2.38252, 5.27606, -0.80043, 0.38259, -0.41461, -0.82535, 0.80, 0.80, 0.80, 1.00, 0.89729, 0.04995
1181, 391, 2.33387, 5.67188, -0.88459, 0.68485, 0.12913, -0.71693, 0.80, 0.80, 0.80, 1.00, 0.87489, 0.00678
1182, 381, 2.27334, 5.78097, -0.62219, 0.6939, 0.67601, 0.24748, 0.80, 0.80, 0.80, 1.00, 0.85038, 0.00812
1183, 392, 2.50853, 5.44376, -0.7493, 0.88099, 0.19967, -0.42866, 0.80, 0.80, 0.80, 1.00, 0.87444, 0.04921
1184, 391, 2.33387, 5.67188, -0.88459, 0.68485, 0.12913, -0.71693, 0.80, 0.80, 0.80, 1.00, 0.87489, 0.00678
1185, 380, 2.43428, 5.57051, -0.49862, 0.61993, 0.71281, 0.32754, 0.80, 0.80, 0.80, 1.00, 0.84986, 0.04749
1186, 392, 2.50853, 5.44376, -0.7493, 0.88099, 0.19967, -0.42866, 0.80, 0.80, 0.80, 1.00, 0.87444, 0.04921
1187, 381, 2.27334, 5.78097, -0.62219, 0.6939, 0.67601, 0.24748, 0.80, 0.80, 0.80, 1.00, 0.85038, 0.00812
1188, 382, 2.25191, 5.53297, -0.34294, 0.30348, 0.76071, 0.57338, 0.80, 0.80, 0.80, 1.00, 0.81401, 0.04676
1189, 393, 2.69274, 5.14096, -0.0576, 0.31947, 0.70312, 0.63491, 0.80, 0.80, 0.80, 1.00, 0.83237, 0.12965
1190, 380, 2.43428, 5.57051, -0.49862, 0.61993, 0.71281, 0.32754, 0.80, 0.80, 0.80, 1.00, 0.84986, 0.04749
1191, 394, 2.62249, 5.11035, -0.02818, 0.04312, 0.63911, 0.76756, 0.80, 0.80, 0.80, 1.00, 0.81382, 0.12904
1192, 393, 2.69274, 5.14096, -0.0576, 0.31947, 0.70312, 0.63491, 0.80, 0.80, 0.80, 1.00, 0.83237, 0.12965
1193, 382, 2.25191, 5.53297, -0.34294, 0.30348, 0.76071, 0.57338, 0.80, 0.80, 0.80, 1.00, 0.81401, 0.04676
1194, 386, 2.38252, 5.27606, -0.80043, 0.38259, -0.41461, -0.82535, 0.80, 0.80, 0.80, 1.00, 0.89729, 0.04995
1195, 395, 2.61468, 4.93248, -0.23082, 0.1312, -0.85997, -0.49262, 0.80, 0.80, 0.80, 1.00, 0.92921, 0.13049
1196, 384, 2.13017, 5.1557, -0.71291, -0.41048, -0.83034, -0.37637, 0.80, 0.80, 0.80, 1.00, 0.92383, 0.04943
1197, 396, 2.75269, 5.02367, -0.22098, 0.47104, -0.64831, -0.5977, 0.80, 0.80, 0.80, 1.00, 0.89311, 0.13102
1198, 395, 2.61468, 4.93248, -0.23082, 0.1312, -0.85997, -0.49262, 0.80, 0.80, 0.80, 1.00, 0.92921, 0.13049
1199, 397, 2.38252, 5.27606, -0.80043, 0.25149, -0.79185, -0.55601, 0.80, 0.80, 0.80, 1.00, 0.89732, 0.04996
1200, 390, 2.02192, 5.34277, -0.37852, -0.72091, -0.19789, 0.66395, 0.80, 0.80, 0.80, 1.00, 0.95589, 0.0481
1201, 398, 2.62249, 5.11035, -0.02818, -0.54218, 0.197, 0.81656, 0.80, 0.80, 0.80, 1.00, 0.99048, 0.13054
1202, 388, 2.25191, 5.53297, -0.34294, -0.34122, 0.36266, 0.86691, 0.80, 0.80, 0.80, 1.00, 0.98858, 0.04646
1203, 399, 2.49857, 5.00607, -0.06333, -0.71807, -0.61036, 0.33411, 0.80, 0.80, 0.80, 1.00, 0.95856, 0.1299
1204, 398, 2.62249, 5.11035, -0.02818, -0.54218, 0.197, 0.81656, 0.80, 0.80, 0.80, 1.00, 0.99048, 0.13054
1205, 390, 2.02192, 5.34277, -0.37852, -0.72091, -0.19789, 0.66395, 0.80, 0.80, 0.80, 1.00, 0.95589, 0.0481
1206, 384, 2.13017, 5.1557, -0.71291, -0.41048, -0.83034, -0.37637, 0.80, 0.80, 0.80, 1.00, 0.92383, 0.04943
1207, 399, 2.49857, 5.00607, -0.06333, -0.71807, -0.61036, 0.33411, 0.80, 0.80, 0.80, 1.00, 0.95856, 0.1299
1208, 390, 2.02192, 5.34277, -0.37852, -0.72091, -0.19789, 0.66395, 0.80, 0.80, 0.80, 1.00, 0.95589, 0.0481
1209, 395, 2.61468, 4.93248, -0.23082, 0.1312, -0.85997, -0.49262, 0.80, 0.80, 0.80, 1.00, 0.92921, 0.13049
1210, 399, 2.49857, 5.00607, -0.06333, -0.71807, -0.61036, 0.33411, 0.80, 0.80, 0.80, 1.00, 0.95856, 0.1299
1211, 384, 2.13017, 5.1557, -0.71291, -0.41048, -0.83034, -0.37637, 0.80, 0.80, 0.80, 1.00, 0.92383, 0.04943
1212, 392, 2.50853, 5.44376, -0.7493, 0.88099, 0.19967, -0.42866, 0.80, 0.80, 0.80, 1.00, 0.87444, 0.04921
1213, 400, 2.75269, 5.02367, -0.22098, 0.89201, -0.10116, -0.44016, 0.80, 0.80, 0.80, 1.00, 0.89315, 0.131
1214, 386, 2.38252, 5.27606, -0.80043, 0.38259, -0.41461, -0.82535, 0.80, 0.80, 0.80, 1.00, 0.89729, 0.04995
1215, 401, 2.77193, 5.0967, -0.18562, 0.89469, 0.44489, 0.03733, 0.80, 0.80, 0.80, 1.00, 0.86425, 0.13012
1216, 400, 2.75269, 5.02367, -0.22098, 0.89201, -0.10116, -0.44016, 0.80, 0.80, 0.80, 1.00, 0.89315, 0.131
1217, 392, 2.50853, 5.44376, -0.7493, 0.88099, 0.19967, -0.42866, 0.80, 0.80, 0.80, 1.00, 0.87444, 0.04921
1218, 380, 2.43428, 5.57051, -0.49862, 0.61993, 0.71281, 0.32754, 0.80, 0.80, 0.80, 1.00, 0.84986, 0.04749
1219, 401, 2.77193, 5.0967, -0.18562, 0.89469, 0.44489, 0.03733, 0.80, 0.80, 0.80, 1.00, 0.86425, 0.13012
1220, 392, 2.50853, 5.44376, -0.7493, 0.88099, 0.19967, -0.42866, 0.80, 0.80, 0.80, 1.00, 0.87444, 0.04921
1221, 393, 2.69274, 5.14096, -0.0576, 0.31947, 0.70312, 0.63491, 0.80, 0.80, 0.80, 1.00, 0.83237, 0.12965
1222, 401, 2.77193, 5.0967, -0.18562, 0.89469, 0.44489, 0.03733, 0.80, 0.80, 0.80, 1.00, 0.86425, 0.13012
1223, 380, 2.43428, 5.57051, -0.49862, 0.61993, 0.71281, 0.32754, 0.80, 0.80, 0.80, 1.00, 0.84986, 0.04749
1224, 402, 1.51466, 6.9365, -0.22507, 0.8041, 0.59341, -0.03313, 0.80, 0.80, 0.80, 1.00, 0.99013, 0.19746
1225, 403, 1.56129, 6.77396, -0.65965, 0.84354, 0.52062, -0.13118, 0.80, 0.80, 0.80, 1.00, 0.90, 0.24736
1226, 404, 1.39131, 7.07845, -0.66829, 0.36317, 0.72519, -0.58486, 0.80, 0.80, 0.80, 1.00, 0.87617, 0.20965
1227, 405, 1.66936, 6.62723, -0.3875, 0.86289, 0.4999, -0.07311, 0.80, 0.80, 0.80, 1.00, 0.99122, 0.2465
1228, 403, 1.56129, 6.77396, -0.65965, 0.84354, 0.52062, -0.13118, 0.80, 0.80, 0.80, 1.00, 0.90, 0.24736
1229, 402, 1.51466, 6.9365, -0.22507, 0.8041, 0.59341, -0.03313, 0.80, 0.80, 0.80, 1.00, 0.99013, 0.19746
1230, 402, 1.51466, 6.9365, -0.22507, 0.8041, 0.59341, -0.03313, 0.80, 0.80, 0.80, 1.00, 0.99013, 0.19746
1231, 404, 1.39131, 7.07845, -0.66829, 0.36317, 0.72519, -0.58486, 0.80, 0.80, 0.80, 1.00, 0.87617, 0.20965
1232, 406, 1.16353, 7.3059, -0.35031, 0.51615, 0.82719, -0.22172, 0.80, 0.80, 0.80, 1.00, 0.89775, 0.14833
1233, 402, 1.51466, 6.9365, -0.22507, 0.8041, 0.59341, -0.03313, 0.80, 0.80, 0.80, 1.00, 0.99013, 0.19746
1234, 406, 1.16353, 7.3059, -0.35031, 0.51615, 0.82719, -0.22172, 0.80, 0.80, 0.80, 1.00, 0.89775, 0.14833
1235, 407, 1.26634, 7.18951, -0.05071, 0.7209, 0.69256, 0.0217, 0.80, 0.80, 0.80, 1.00, 0.99046, 0.14853
1236, 408, 1.26634, 7.18951, -0.05071, 0.42899, 0.80041, 0.41846, 0.80, 0.80, 0.80, 1.00, 0.73217, 0.10346
1237, 409, 1.16353, 7.3059, -0.35031, 0.16028, 0.98095, -0.10891, 0.80, 0.80, 0.80, 1.00, 0.78808, 0.10212
1238, 410, 1.02908, 7.34281, -0.21571, 0.08068, 0.99061, 0.10946, 0.80, 0.80, 0.80, 1.00, 0.78005, 0.11705
1239, 408, 1.26634, 7.18951, -0.05071, 0.42899, 0.80041, 0.41846, 0.80, 0.80, 0.80, 1.00, 0.73217, 0.10346
1240, 410, 1.02908, 7.34281, -0.21571, 0.08068, 0.99061, 0.10946, 0.80, 0.80, 0.80, 1.00, 0.78005, 0.11705
1241, 411, 1.12107, 7.24059, -0.00775, 0.26072, 0.76481, 0.58899, 0.80, 0.80, 0.80, 1.00, 0.73853, 0.11711
1242, 412, 0.78756, 6.83241, -0.53541, -0.30468, 0.39244, -0.86783, 0.80, 0.80, 0.80, 1.00, 0.80945, 0.21055
1243, 413, 1.44085, 6.8609, -0.82966, 0.18299, 0.64088, -0.74545, 0.80, 0.80, 0.80, 1.00, 0.867, 0.24465
1244, 414, 1.07805, 6.64425, -0.7925, -0.81242, -0.05457, -0.58043, 0.80, 0.80, 0.80, 1.00, 0.80765, 0.24557
1245, 404, 1.39131, 7.07845, -0.66829, 0.36317, 0.72519, -0.58486, 0.80, 0.80, 0.80, 1.00, 0.87617, 0.20965
1246, 413, 1.44085, 6.8609, -0.82966, 0.18299, 0.64088, -0.74545, 0.80, 0.80, 0.80, 1.00, 0.867, 0.24465
1247, 412, 0.78756, 6.83241, -0.53541, -0.30468, 0.39244, -0.86783, 0.80, 0.80, 0.80, 1.00, 0.80945, 0.21055
1248, 415, 0.81681, 6.4232, -0.23709, -0.013, -0.44646, 0.89469, 0.80, 0.80, 0.80, 1.00, 0.71846, 0.24832
1249, 416, 1.66936, 6.62723, -0.3875, 0.59716, -0.20999, 0.77412, 0.80, 0.80, 0.80, 1.00, 0.61898, 0.24905
1250, 417, 1.26716, 6.56235, -0.08965, 0.64131, -0.20117, 0.74041, 0.80, 0.80, 0.80, 1.00, 0.70424, 0.21431
1251, 416, 1.66936, 6.62723, -0.3875, 0.59716, -0.20999, 0.77412, 0.80, 0.80, 0.80, 1.00, 0.61898, 0.24905
1252, 418, 1.51466, 6.9365, -0.22507, 0.57135, -0.08245, 0.81652, 0.80, 0.80, 0.80, 1.00, 0.61758, 0.20001
1253, 417, 1.26716, 6.56235, -0.08965, 0.64131, -0.20117, 0.74041, 0.80, 0.80, 0.80, 1.00, 0.70424, 0.21431
1254, 419, 0.81581, 7.2366, -0.38506, -0.20459, 0.61674, -0.76008, 0.80, 0.80, 0.80, 1.00, 0.81012, 0.14623
1255, 404, 1.39131, 7.07845, -0.66829, 0.36317, 0.72519, -0.58486, 0.80, 0.80, 0.80, 1.00, 0.87617, 0.20965
1256, 412, 0.78756, 6.83241, -0.53541, -0.30468, 0.39244, -0.86783, 0.80, 0.80, 0.80, 1.00, 0.80945, 0.21055
1257, 406, 1.16353, 7.3059, -0.35031, 0.51615, 0.82719, -0.22172, 0.80, 0.80, 0.80, 1.00, 0.89775, 0.14833
1258, 404, 1.39131, 7.07845, -0.66829, 0.36317, 0.72519, -0.58486, 0.80, 0.80, 0.80, 1.00, 0.87617, 0.20965
1259, 419, 0.81581, 7.2366, -0.38506, -0.20459, 0.61674, -0.76008, 0.80, 0.80, 0.80, 1.00, 0.81012, 0.14623
1260, 417, 1.26716, 6.56235, -0.08965, 0.64131, -0.20117, 0.74041, 0.80, 0.80, 0.80, 1.00, 0.70424, 0.21431
1261, 420, 1.26634, 7.18951, -0.05071, 0.67269, -0.04501, 0.73851, 0.80, 0.80, 0.80, 1.00, 0.61774, 0.14789
1262, 421, 1.05373, 6.98735, 0.20965, 0.7879, -0.03717, 0.61462, 0.80, 0.80, 0.80, 1.00, 0.69579, 0.14495
1263, 418, 1.51466, 6.9365, -0.22507, 0.57135, -0.08245, 0.81652, 0.80, 0.80, 0.80, 1.00, 0.61758, 0.20001
1264, 420, 1.26634, 7.18951, -0.05071, 0.67269, -0.04501, 0.73851, 0.80, 0.80, 0.80, 1.00, 0.61774, 0.14789
1265, 417, 1.26716, 6.56235, -0.08965, 0.64131, -0.20117, 0.74041, 0.80, 0.80, 0.80, 1.00, 0.70424, 0.21431
1266, 422, 0.79759, 7.31639, -0.18942, -0.10891, 0.99318, 0.03927, 0.80, 0.80, 0.80, 1.00, 0.7888, 0.14547
1267, 410, 1.02908, 7.34281, -0.21571, 0.08068, 0.99061, 0.10946, 0.80, 0.80, 0.80, 1.00, 0.78005, 0.11705
1268, 423, 0.81581, 7.2366, -0.38506, -0.14493, 0.90999, -0.38832, 0.80, 0.80, 0.80, 1.00, 0.80958, 0.14557
1269, 410, 1.02908, 7.34281, -0.21571, 0.08068, 0.99061, 0.10946, 0.80, 0.80, 0.80, 1.00, 0.78005, 0.11705
1270, 409, 1.16353, 7.3059, -0.35031, 0.16028, 0.98095, -0.10891, 0.80, 0.80, 0.80, 1.00, 0.78808, 0.10212
1271, 423, 0.81581, 7.2366, -0.38506, -0.14493, 0.90999, -0.38832, 0.80, 0.80, 0.80, 1.00, 0.80958, 0.14557
1272, 424, 0.92761, 7.1719, 0.10589, 0.04919, 0.81475, 0.57755, 0.80, 0.80, 0.80, 1.00, 0.72992, 0.14557
1273, 410, 1.02908, 7.34281, -0.21571, 0.08068, 0.99061, 0.10946, 0.80, 0.80, 0.80, 1.00, 0.78005, 0.11705
1274, 422, 0.79759, 7.31639, -0.18942, -0.10891, 0.99318, 0.03927, 0.80, 0.80, 0.80, 1.00, 0.7888, 0.14547
1275, 411, 1.12107, 7.24059, -0.00775, 0.26072, 0.76481, 0.58899, 0.80, 0.80, 0.80, 1.00, 0.73853, 0.11711
1276, 410, 1.02908, 7.34281, -0.21571, 0.08068, 0.99061, 0.10946, 0.80, 0.80, 0.80, 1.00, 0.78005, 0.11705
1277, 424, 0.92761, 7.1719, 0.10589, 0.04919, 0.81475, 0.57755, 0.80, 0.80, 0.80, 1.00, 0.72992, 0.14557
1278, 425, 1.05373, 6.98735, 0.20965, 0.3243, 0.56495, 0.75862, 0.80, 0.80, 0.80, 1.00, 0.69529, 0.14565
1279, 411, 1.12107, 7.24059, -0.00775, 0.26072, 0.76481, 0.58899, 0.80, 0.80, 0.80, 1.00, 0.73853, 0.11711
1280, 424, 0.92761, 7.1719, 0.10589, 0.04919, 0.81475, 0.57755, 0.80, 0.80, 0.80, 1.00, 0.72992, 0.14557
1281, 408, 1.26634, 7.18951, -0.05071, 0.42899, 0.80041, 0.41846, 0.80, 0.80, 0.80, 1.00, 0.73217, 0.10346
1282, 411, 1.12107, 7.24059, -0.00775, 0.26072, 0.76481, 0.58899, 0.80, 0.80, 0.80, 1.00, 0.73853, 0.11711
1283, 425, 1.05373, 6.98735, 0.20965, 0.3243, 0.56495, 0.75862, 0.80, 0.80, 0.80, 1.00, 0.69529, 0.14565
1284, 415, 0.81681, 6.4232, -0.23709, -0.013, -0.44646, 0.89469, 0.80, 0.80, 0.80, 1.00, 0.71846, 0.24832
1285, 426, 1.70189, 6.17289, -0.4433, 0.56916, -0.23405, 0.78818, 0.80, 0.80, 0.80, 1.00, 0.66835, 0.29778
1286, 416, 1.66936, 6.62723, -0.3875, 0.59716, -0.20999, 0.77412, 0.80, 0.80, 0.80, 1.00, 0.61898, 0.24905
1287, 427, 1.49833, 5.95893, -0.51909, -0.37195, -0.7471, 0.55077, 0.80, 0.80, 0.80, 1.00, 0.70995, 0.31396
1288, 426, 1.70189, 6.17289, -0.4433, 0.56916, -0.23405, 0.78818, 0.80, 0.80, 0.80, 1.00, 0.66835, 0.29778
1289, 415, 0.81681, 6.4232, -0.23709, -0.013, -0.44646, 0.89469, 0.80, 0.80, 0.80, 1.00, 0.71846, 0.24832
1290, 414, 1.07805, 6.64425, -0.7925, -0.81242, -0.05457, -0.58043, 0.80, 0.80, 0.80, 1.00, 0.80765, 0.24557
1291, 427, 1.49833, 5.95893, -0.51909, -0.37195, -0.7471, 0.55077, 0.80, 0.80, 0.80, 1.00, 0.70995, 0.31396
1292, 415, 0.81681, 6.4232, -0.23709, -0.013, -0.44646, 0.89469, 0.80, 0.80, 0.80, 1.00, 0.71846, 0.24832
1293, 428, 1.32525, 6.20887, -0.95792, -0.82208, -0.55555, -0.12392, 0.80, 0.80, 0.80, 1.00, 0.79836, 0.31124
1294, 427, 1.49833, 5.95893, -0.51909, -0.37195, -0.7471, 0.55077, 0.80, 0.80, 0.80, 1.00, 0.70995, 0.31396
1295, 414, 1.07805, 6.64425, -0.7925, -0.81242, -0.05457, -0.58043, 0.80, 0.80, 0.80, 1.00, 0.80765, 0.24557
1296, 413, 1.44085, 6.8609, -0.82966, 0.18299, 0.64088, -0.74545, 0.80, 0.80, 0.80, 1.00, 0.867, 0.24465
1297, 429, 1.51672, 6.50912, -1.07963, -0.10405, 0.40548, -0.90813, 0.80, 0.80, 0.80, 1.00, 0.85923, 0.2996
1298, 414, 1.07805, 6.64425, -0.7925, -0.81242, -0.05457, -0.58043, 0.80, 0.80, 0.80, 1.00, 0.80765, 0.24557
1299, 430, 1.75542, 6.45309, -0.98648, 0.63853, 0.59585, -0.48689, 0.80, 0.80, 0.80, 1.00, 0.90049, 0.31033
1300, 429, 1.51672, 6.50912, -1.07963, -0.10405, 0.40548, -0.90813, 0.80, 0.80, 0.80, 1.00, 0.85923, 0.2996
1301, 413, 1.44085, 6.8609, -0.82966, 0.18299, 0.64088, -0.74545, 0.80, 0.80, 0.80, 1.00, 0.867, 0.24465
1302, 403, 1.56129, 6.77396, -0.65965, 0.84354, 0.52062, -0.13118, 0.80, 0.80, 0.80, 1.00, 0.90, 0.24736
1303, 405, 1.66936, 6.62723, -0.3875, 0.86289, 0.4999, -0.07311, 0.80, 0.80, 0.80, 1.00, 0.99122, 0.2465
1304, 431, 1.87306, 6.25818, -0.67807, 0.8859, 0.45681, -0.07949, 0.80, 0.80, 0.80, 1.00, 0.98934, 0.31183
1305, 431, 1.87306, 6.25818, -0.67807, 0.8859, 0.45681, -0.07949, 0.80, 0.80, 0.80, 1.00, 0.98934, 0.31183
1306, 430, 1.75542, 6.45309, -0.98648, 0.63853, 0.59585, -0.48689, 0.80, 0.80, 0.80, 1.00, 0.90049, 0.31033
1307, 403, 1.56129, 6.77396, -0.65965, 0.84354, 0.52062, -0.13118, 0.80, 0.80, 0.80, 1.00, 0.90, 0.24736
1308, 416, 1.66936, 6.62723, -0.3875, 0.59716, -0.20999, 0.77412, 0.80, 0.80, 0.80, 1.00, 0.61898, 0.24905
1309, 426, 1.70189, 6.17289, -0.4433, 0.56916, -0.23405, 0.78818, 0.80, 0.80, 0.80, 1.00, 0.66835, 0.29778
1310, 432, 1.87306, 6.25818, -0.67807, 0.80704, 0.00531, 0.5904, 0.80, 0.80, 0.80, 1.00, 0.61655, 0.31439
1311, 414, 1.07805, 6.64425, -0.7925, -0.81242, -0.05457, -0.58043, 0.80, 0.80, 0.80, 1.00, 0.80765, 0.24557
1312, 429, 1.51672, 6.50912, -1.07963, -0.10405, 0.40548, -0.90813, 0.80, 0.80, 0.80, 1.00, 0.85923, 0.2996
1313, 433, 1.44525, 6.08063, -1.10915, -0.91282, -0.07172, -0.40189, 0.80, 0.80, 0.80, 1.00, 0.80882, 0.34002
1314, 426, 1.70189, 6.17289, -0.4433, 0.56916, -0.23405, 0.78818, 0.80, 0.80, 0.80, 1.00, 0.66835, 0.29778
1315, 434, 1.94708, 6.0804, -0.77071, 0.7865, -0.08165, 0.61211, 0.80, 0.80, 0.80, 1.00, 0.61687, 0.34162
1316, 432, 1.87306, 6.25818, -0.67807, 0.80704, 0.00531, 0.5904, 0.80, 0.80, 0.80, 1.00, 0.61655, 0.31439
1317, 435, 1.84859, 5.95801, -0.68712, 0.41924, -0.34515, 0.83968, 0.80, 0.80, 0.80, 1.00, 0.66031, 0.3427
1318, 434, 1.94708, 6.0804, -0.77071, 0.7865, -0.08165, 0.61211, 0.80, 0.80, 0.80, 1.00, 0.61687, 0.34162
1319, 426, 1.70189, 6.17289, -0.4433, 0.56916, -0.23405, 0.78818, 0.80, 0.80, 0.80, 1.00, 0.66835, 0.29778
1320, 414, 1.07805, 6.64425, -0.7925, -0.81242, -0.05457, -0.58043, 0.80, 0.80, 0.80, 1.00, 0.80765, 0.24557
1321, 433, 1.44525, 6.08063, -1.10915, -0.91282, -0.07172, -0.40189, 0.80, 0.80, 0.80, 1.00, 0.80882, 0.34002
1322, 428, 1.32525, 6.20887, -0.95792, -0.82208, -0.55555, -0.12392, 0.80, 0.80, 0.80, 1.00, 0.79836, 0.31124
1323, 436, 1.64616, 6.22073, -1.17912, -0.24812, 0.59054, -0.76789, 0.80, 0.80, 0.80, 1.00, 0.85691, 0.34094
1324, 433, 1.44525, 6.08063, -1.10915, -0.91282, -0.07172, -0.40189, 0.80, 0.80, 0.80, 1.00, 0.80882, 0.34002
1325, 429, 1.51672, 6.50912, -1.07963, -0.10405, 0.40548, -0.90813, 0.80, 0.80, 0.80, 1.00, 0.85923, 0.2996
1326, 427, 1.49833, 5.95893, -0.51909, -0.37195, -0.7471, 0.55077, 0.80, 0.80, 0.80, 1.00, 0.70995, 0.31396
1327, 435, 1.84859, 5.95801, -0.68712, 0.41924, -0.34515, 0.83968, 0.80, 0.80, 0.80, 1.00, 0.66031, 0.3427
1328, 426, 1.70189, 6.17289, -0.4433, 0.56916, -0.23405, 0.78818, 0.80, 0.80, 0.80, 1.00, 0.66835, 0.29778
1329, 437, 1.62282, 5.84256, -0.66325, -0.47335, -0.52138, 0.7099, 0.80, 0.80, 0.80, 1.00, 0.70581, 0.34132
1330, 435, 1.84859, 5.95801, -0.68712, 0.41924, -0.34515, 0.83968, 0.80, 0.80, 0.80, 1.00, 0.66031, 0.3427
1331, 427, 1.49833, 5.95893, -0.51909, -0.37195, -0.7471, 0.55077, 0.80, 0.80, 0.80, 1.00, 0.70995, 0.31396
1332, 428, 1.32525, 6.20887, -0.95792, -0.82208, -0.55555, -0.12392, 0.80, 0.80, 0.80, 1.00, 0.79836, 0.31124
1333, 437, 1.62282, 5.84256, -0.66325, -0.47335, -0.52138, 0.7099, 0.80, 0.80, 0.80, 1.00, 0.70581, 0.34132
1334, 427, 1.49833, 5.95893, -0.51909, -0.37195, -0.7471, 0.55077, 0.80, 0.80, 0.80, 1.00, 0.70995, 0.31396
1335, 433, 1.44525, 6.08063, -1.10915, -0.91282, -0.07172, -0.40189, 0.80, 0.80, 0.80, 1.00, 0.80882, 0.34002
1336, 437, 1.62282, 5.84256, -0.66325, -0.47335, -0.52138, 0.7099, 0.80, 0.80, 0.80, 1.00, 0.70581, 0.34132
1337, 428, 1.32525, 6.20887, -0.95792, -0.82208, -0.55555, -0.12392, 0.80, 0.80, 0.80, 1.00, 0.79836, 0.31124
1338, 430, 1.75542, 6.45309, -0.98648, 0.63853, 0.59585, -0.48689, 0.80, 0.80, 0.80, 1.00, 0.90049, 0.31033
1339, 436, 1.64616, 6.22073, -1.17912, -0.24812, 0.59054, -0.76789, 0.80, 0.80, 0.80, 1.00, 0.85691, 0.34094
1340, 429, 1.51672, 6.50912, -1.07963, -0.10405, 0.40548, -0.90813, 0.80, 0.80, 0.80, 1.00, 0.85923, 0.2996
1341, 438, 1.80165, 6.27782, -1.12269, 0.45243, 0.80911, -0.37479, 0.80, 0.80, 0.80, 1.00, 0.89202, 0.33907
1342, 436, 1.64616, 6.22073, -1.17912, -0.24812, 0.59054, -0.76789, 0.80, 0.80, 0.80, 1.00, 0.85691, 0.34094
1343, 430, 1.75542, 6.45309, -0.98648, 0.63853, 0.59585, -0.48689, 0.80, 0.80, 0.80, 1.00, 0.90049, 0.31033
1344, 431, 1.87306, 6.25818, -0.67807, 0.8859, 0.45681, -0.07949, 0.80, 0.80, 0.80, 1.00, 0.98934, 0.31183
1345, 438, 1.80165, 6.27782, -1.12269, 0.45243, 0.80911, -0.37479, 0.80, 0.80, 0.80, 1.00, 0.89202, 0.33907
1346, 430, 1.75542, 6.45309, -0.98648, 0.63853, 0.59585, -0.48689, 0.80, 0.80, 0.80, 1.00, 0.90049, 0.31033
1347, 439, 1.94708, 6.0804, -0.77071, 0.69522, 0.70943, 0.11481, 0.80, 0.80, 0.80, 1.00, 0.9901, 0.33906
1348, 438, 1.80165, 6.27782, -1.12269, 0.45243, 0.80911, -0.37479, 0.80, 0.80, 0.80, 1.00, 0.89202, 0.33907
1349, 431, 1.87306, 6.25818, -0.67807, 0.8859, 0.45681, -0.07949, 0.80, 0.80, 0.80, 1.00, 0.98934, 0.31183
1350, 440, 1.84859, 5.95801, -0.68712, 0.50483, 0.22645, 0.83293, 0.80, 0.80, 0.80, 1.00, 0.66051, 0.34334
1351, 441, 2.03781, 6.09296, -0.78694, 0.10125, 0.84253, 0.52856, 0.80, 0.80, 0.80, 1.00, 0.61703, 0.36159
1352, 442, 1.94708, 6.0804, -0.77071, 0.52357, 0.15119, 0.83841, 0.80, 0.80, 0.80, 1.00, 0.61691, 0.34226
1353, 443, 1.82741, 6.0174, -0.60998, 0.15845, 0.77906, 0.60618, 0.80, 0.80, 0.80, 1.00, 0.66085, 0.3621
1354, 441, 2.03781, 6.09296, -0.78694, 0.10125, 0.84253, 0.52856, 0.80, 0.80, 0.80, 1.00, 0.61703, 0.36159
1355, 440, 1.84859, 5.95801, -0.68712, 0.50483, 0.22645, 0.83293, 0.80, 0.80, 0.80, 1.00, 0.66051, 0.34334
1356, 436, 1.64616, 6.22073, -1.17912, -0.24812, 0.59054, -0.76789, 0.80, 0.80, 0.80, 1.00, 0.85691, 0.34094
1357, 444, 1.65484, 5.59132, -1.18522, -0.60074, -0.61412, -0.51149, 0.80, 0.80, 0.80, 1.00, 0.80364, 0.35882
1358, 433, 1.44525, 6.08063, -1.10915, -0.91282, -0.07172, -0.40189, 0.80, 0.80, 0.80, 1.00, 0.80882, 0.34002
1359, 445, 1.94341, 5.73347, -1.30551, 0.21581, -0.31141, -0.92517, 0.80, 0.80, 0.80, 1.00, 0.85733, 0.35974
1360, 444, 1.65484, 5.59132, -1.18522, -0.60074, -0.61412, -0.51149, 0.80, 0.80, 0.80, 1.00, 0.80364, 0.35882
1361, 436, 1.64616, 6.22073, -1.17912, -0.24812, 0.59054, -0.76789, 0.80, 0.80, 0.80, 1.00, 0.85691, 0.34094
1362, 437, 1.62282, 5.84256, -0.66325, -0.47335, -0.52138, 0.7099, 0.80, 0.80, 0.80, 1.00, 0.70581, 0.34132
1363, 446, 1.82741, 6.0174, -0.60998, -0.40056, 0.49888, 0.76819, 0.80, 0.80, 0.80, 1.00, 0.66065, 0.36146
1364, 435, 1.84859, 5.95801, -0.68712, 0.41924, -0.34515, 0.83968, 0.80, 0.80, 0.80, 1.00, 0.66031, 0.3427
1365, 447, 1.55432, 5.8082, -0.63865, -0.82744, 0.03249, 0.56032, 0.80, 0.80, 0.80, 1.00, 0.7111, 0.3601
1366, 446, 1.82741, 6.0174, -0.60998, -0.40056, 0.49888, 0.76819, 0.80, 0.80, 0.80, 1.00, 0.66065, 0.36146
1367, 437, 1.62282, 5.84256, -0.66325, -0.47335, -0.52138, 0.7099, 0.80, 0.80, 0.80, 1.00, 0.70581, 0.34132
1368, 433, 1.44525, 6.08063, -1.10915, -0.91282, -0.07172, -0.40189, 0.80, 0.80, 0.80, 1.00, 0.80882, 0.34002
1369, 447, 1.55432, 5.8082, -0.63865, -0.82744, 0.03249, 0.56032, 0.80, 0.80, 0.80, 1.00, 0.7111, 0.3601
1370, 437, 1.62282, 5.84256, -0.66325, -0.47335, -0.52138, 0.7099, 0.80, 0.80, 0.80, 1.00, 0.70581, 0.34132
1371, 444, 1.65484, 5.59132, -1.18522, -0.60074, -0.61412, -0.51149, 0.80, 0.80, 0.80, 1.00, 0.80364, 0.35882
1372, 447, 1.55432, 5.8082, -0.63865, -0.82744, 0.03249, 0.56032, 0.80, 0.80, 0.80, 1.00, 0.7111, 0.3601
1373, 433, 1.44525, 6.08063, -1.10915, -0.91282, -0.07172, -0.40189, 0.80, 0.80, 0.80, 1.00, 0.80882, 0.34002
1374, 438, 1.80165, 6.27782, -1.12269, 0.45243, 0.80911, -0.37479, 0.80, 0.80, 0.80, 1.00, 0.89202, 0.33907
1375, 445, 1.94341, 5.73347, -1.30551, 0.21581, -0.31141, -0.92517, 0.80, 0.80, 0.80, 1.00, 0.85733, 0.35974
1376, 436, 1.64616, 6.22073, -1.17912, -0.24812, 0.59054, -0.76789, 0.80, 0.80, 0.80, 1.00, 0.85691, 0.34094
1377, 448, 2.11286, 5.92782, -1.22401, 0.63946, 0.42267, -0.64201, 0.80, 0.80, 0.80, 1.00, 0.9008, 0.35788
1378, 445, 1.94341, 5.73347, -1.30551, 0.21581, -0.31141, -0.92517, 0.80, 0.80, 0.80, 1.00, 0.85733, 0.35974
1379, 438, 1.80165, 6.27782, -1.12269, 0.45243, 0.80911, -0.37479, 0.80, 0.80, 0.80, 1.00, 0.89202, 0.33907
1380, 439, 1.94708, 6.0804, -0.77071, 0.69522, 0.70943, 0.11481, 0.80, 0.80, 0.80, 1.00, 0.9901, 0.33906
1381, 448, 2.11286, 5.92782, -1.22401, 0.63946, 0.42267, -0.64201, 0.80, 0.80, 0.80, 1.00, 0.9008, 0.35788
1382, 438, 1.80165, 6.27782, -1.12269, 0.45243, 0.80911, -0.37479, 0.80, 0.80, 0.80, 1.00, 0.89202, 0.33907
1383, 449, 2.03781, 6.09296, -0.78694, 0.62255, 0.76213, -0.17707, 0.80, 0.80, 0.80, 1.00, 0.98896, 0.35775
1384, 448, 2.11286, 5.92782, -1.22401, 0.63946, 0.42267, -0.64201, 0.80, 0.80, 0.80, 1.00, 0.9008, 0.35788
1385, 439, 1.94708, 6.0804, -0.77071, 0.69522, 0.70943, 0.11481, 0.80, 0.80, 0.80, 1.00, 0.9901, 0.33906
1386, 443, 1.82741, 6.0174, -0.60998, 0.15845, 0.77906, 0.60618, 0.80, 0.80, 0.80, 1.00, 0.66085, 0.3621
1387, 450, 2.27383, 5.87987, -0.61685, 0.35601, 0.48123, 0.80076, 0.80, 0.80, 0.80, 1.00, 0.61681, 0.40716
1388, 441, 2.03781, 6.09296, -0.78694, 0.10125, 0.84253, 0.52856, 0.80, 0.80, 0.80, 1.00, 0.61703, 0.36159
1389, 451, 2.06395, 5.79154, -0.48812, 0.45527, 0.1855, 0.87057, 0.80, 0.80, 0.80, 1.00, 0.65224, 0.40658
1390, 450, 2.27383, 5.87987, -0.61685, 0.35601, 0.48123, 0.80076, 0.80, 0.80, 0.80, 1.00, 0.61681, 0.40716
1391, 443, 1.82741, 6.0174, -0.60998, 0.15845, 0.77906, 0.60618, 0.80, 0.80, 0.80, 1.00, 0.66085, 0.3621
1392, 445, 1.94341, 5.73347, -1.30551, 0.21581, -0.31141, -0.92517, 0.80, 0.80, 0.80, 1.00, 0.85733, 0.35974
1393, 452, 1.89272, 5.4019, -0.90864, -0.20983, -0.95314, -0.21692, 0.80, 0.80, 0.80, 1.00, 0.79036, 0.40813
1394, 444, 1.65484, 5.59132, -1.18522, -0.60074, -0.61412, -0.51149, 0.80, 0.80, 0.80, 1.00, 0.80364, 0.35882
1395, 453, 2.17957, 5.55496, -0.99542, 0.486, -0.62155, -0.61392, 0.80, 0.80, 0.80, 1.00, 0.87804, 0.40966
1396, 452, 1.89272, 5.4019, -0.90864, -0.20983, -0.95314, -0.21692, 0.80, 0.80, 0.80, 1.00, 0.79036, 0.40813
1397, 445, 1.94341, 5.73347, -1.30551, 0.21581, -0.31141, -0.92517, 0.80, 0.80, 0.80, 1.00, 0.85733, 0.35974
1398, 447, 1.55432, 5.8082, -0.63865, -0.82744, 0.03249, 0.56032, 0.80, 0.80, 0.80, 1.00, 0.7111, 0.3601
1399, 454, 2.06395, 5.79154, -0.48812, -0.09689, 0.15848, 0.98235, 0.80, 0.80, 0.80, 1.00, 0.65203, 0.40594
1400, 446, 1.82741, 6.0174, -0.60998, -0.40056, 0.49888, 0.76819, 0.80, 0.80, 0.80, 1.00, 0.66065, 0.36146
1401, 455, 1.78505, 5.60382, -0.46539, -0.38386, -0.51846, 0.7639, 0.80, 0.80, 0.80, 1.00, 0.70178, 0.40485
1402, 454, 2.06395, 5.79154, -0.48812, -0.09689, 0.15848, 0.98235, 0.80, 0.80, 0.80, 1.00, 0.65203, 0.40594
1403, 447, 1.55432, 5.8082, -0.63865, -0.82744, 0.03249, 0.56032, 0.80, 0.80, 0.80, 1.00, 0.7111, 0.3601
1404, 444, 1.65484, 5.59132, -1.18522, -0.60074, -0.61412, -0.51149, 0.80, 0.80, 0.80, 1.00, 0.80364, 0.35882
1405, 455, 1.78505, 5.60382, -0.46539, -0.38386, -0.51846, 0.7639, 0.80, 0.80, 0.80, 1.00, 0.70178, 0.40485
1406, 447, 1.55432, 5.8082, -0.63865, -0.82744, 0.03249, 0.56032, 0.80, 0.80, 0.80, 1.00, 0.7111, 0.3601
1407, 452, 1.89272, 5.4019, -0.90864, -0.20983, -0.95314, -0.21692, 0.80, 0.80, 0.80, 1.00, 0.79036, 0.40813
1408, 455, 1.78505, 5.60382, -0.46539, -0.38386, -0.51846, 0.7639, 0.80, 0.80, 0.80, 1.00, 0.70178, 0.40485
1409, 444, 1.65484, 5.59132, -1.18522, -0.60074, -0.61412, -0.51149, 0.80, 0.80, 0.80, 1.00, 0.80364, 0.35882
1410, 448, 2.11286, 5.92782, -1.22401, 0.63946, 0.42267, -0.64201, 0.80, 0.80, 0.80, 1.00, 0.9008, 0.35788
1411, 453, 2.17957, 5.55496, -0.99542, 0.486, -0.62155, -0.61392, 0.80, 0.80, 0.80, 1.00, 0.87804, 0.40966
1412, 445, 1.94341, 5.73347, -1.30551, 0.21581, -0.31141, -0.92517, 0.80, 0.80, 0.80, 1.00, 0.85733, 0.35974
1413, 456, 2.34775, 5.74319, -0.94625, 0.93473, 0.00019, -0.35495, 0.80, 0.80, 0.80, 1.00, 0.92605, 0.40659
1414, 453, 2.17957, 5.55496, -0.99542, 0.486, -0.62155, -0.61392, 0.80, 0.80, 0.80, 1.00, 0.87804, 0.40966
1415, 448, 2.11286, 5.92782, -1.22401, 0.63946, 0.42267, -0.64201, 0.80, 0.80, 0.80, 1.00, 0.9008, 0.35788
1416, 449, 2.03781, 6.09296, -0.78694, 0.62255, 0.76213, -0.17707, 0.80, 0.80, 0.80, 1.00, 0.98896, 0.35775
1417, 456, 2.34775, 5.74319, -0.94625, 0.93473, 0.00019, -0.35495, 0.80, 0.80, 0.80, 1.00, 0.92605, 0.40659
1418, 448, 2.11286, 5.92782, -1.22401, 0.63946, 0.42267, -0.64201, 0.80, 0.80, 0.80, 1.00, 0.9008, 0.35788
1419, 457, 2.27383, 5.87987, -0.61685, 0.96277, 0.24304, 0.11741, 0.80, 0.80, 0.80, 1.00, 0.98879, 0.40333
1420, 456, 2.34775, 5.74319, -0.94625, 0.93473, 0.00019, -0.35495, 0.80, 0.80, 0.80, 1.00, 0.92605, 0.40659
1421, 449, 2.03781, 6.09296, -0.78694, 0.62255, 0.76213, -0.17707, 0.80, 0.80, 0.80, 1.00, 0.98896, 0.35775
1422, 451, 2.06395, 5.79154, -0.48812, 0.45527, 0.1855, 0.87057, 0.80, 0.80, 0.80, 1.00, 0.65224, 0.40658
1423, 458, 2.27334, 5.78097, -0.62219, 0.53671, -0.05039, 0.84202, 0.80, 0.80, 0.80, 1.00, 0.61683, 0.41609
1424, 450, 2.27383, 5.87987, -0.61685, 0.35601, 0.48123, 0.80076, 0.80, 0.80, 0.80, 1.00, 0.61681, 0.40716
1425, 459, 2.1048, 5.70959, -0.51927, 0.53657, -0.05265, 0.84197, 0.80, 0.80, 0.80, 1.00, 0.65123, 0.41554
1426, 458, 2.27334, 5.78097, -0.62219, 0.53671, -0.05039, 0.84202, 0.80, 0.80, 0.80, 1.00, 0.61683, 0.41609
1427, 451, 2.06395, 5.79154, -0.48812, 0.45527, 0.1855, 0.87057, 0.80, 0.80, 0.80, 1.00, 0.65224, 0.40658
1428, 453, 2.17957, 5.55496, -0.99542, 0.486, -0.62155, -0.61392, 0.80, 0.80, 0.80, 1.00, 0.87804, 0.40966
1429, 460, 1.95377, 5.38582, -0.85065, 0.0363, -0.95637, -0.28898, 0.80, 0.80, 0.80, 1.00, 0.78671, 0.41705
1430, 452, 1.89272, 5.4019, -0.90864, -0.20983, -0.95314, -0.21692, 0.80, 0.80, 0.80, 1.00, 0.79036, 0.40813
1431, 461, 2.20104, 5.51786, -0.92184, 0.598, -0.63842, -0.48401, 0.80, 0.80, 0.80, 1.00, 0.88177, 0.41855
1432, 460, 1.95377, 5.38582, -0.85065, 0.0363, -0.95637, -0.28898, 0.80, 0.80, 0.80, 1.00, 0.78671, 0.41705
1433, 453, 2.17957, 5.55496, -0.99542, 0.486, -0.62155, -0.61392, 0.80, 0.80, 0.80, 1.00, 0.87804, 0.40966
1434, 455, 1.78505, 5.60382, -0.46539, -0.38386, -0.51846, 0.7639, 0.80, 0.80, 0.80, 1.00, 0.70178, 0.40485
1435, 462, 2.1048, 5.70959, -0.51927, 0.23728, -0.23764, 0.9417, 0.80, 0.80, 0.80, 1.00, 0.65102, 0.4149
1436, 454, 2.06395, 5.79154, -0.48812, -0.09689, 0.15848, 0.98235, 0.80, 0.80, 0.80, 1.00, 0.65203, 0.40594
1437, 463, 1.86409, 5.54938, -0.49888, -0.27929, -0.75952, 0.5872, 0.80, 0.80, 0.80, 1.00, 0.70282, 0.41383
1438, 462, 2.1048, 5.70959, -0.51927, 0.23728, -0.23764, 0.9417, 0.80, 0.80, 0.80, 1.00, 0.65102, 0.4149
1439, 455, 1.78505, 5.60382, -0.46539, -0.38386, -0.51846, 0.7639, 0.80, 0.80, 0.80, 1.00, 0.70178, 0.40485
1440, 452, 1.89272, 5.4019, -0.90864, -0.20983, -0.95314, -0.21692, 0.80, 0.80, 0.80, 1.00, 0.79036, 0.40813
1441, 463, 1.86409, 5.54938, -0.49888, -0.27929, -0.75952, 0.5872, 0.80, 0.80, 0.80, 1.00, 0.70282, 0.41383
1442, 455, 1.78505, 5.60382, -0.46539, -0.38386, -0.51846, 0.7639, 0.80, 0.80, 0.80, 1.00, 0.70178, 0.40485
1443, 460, 1.95377, 5.38582, -0.85065, 0.0363, -0.95637, -0.28898, 0.80, 0.80, 0.80, 1.00, 0.78671, 0.41705
1444, 463, 1.86409, 5.54938, -0.49888, -0.27929, -0.75952, 0.5872, 0.80, 0.80, 0.80, 1.00, 0.70282, 0.41383
1445, 452, 1.89272, 5.4019, -0.90864, -0.20983, -0.95314, -0.21692, 0.80, 0.80, 0.80, 1.00, 0.79036, 0.40813
1446, 456, 2.34775, 5.74319, -0.94625, 0.93473, 0.00019, -0.35495, 0.80, 0.80, 0.80, 1.00, 0.92605, 0.40659
1447, 461, 2.20104, 5.51786, -0.92184, 0.598, -0.63842, -0.48401, 0.80, 0.80, 0.80, 1.00, 0.88177, 0.41855
1448, 453, 2.17957, 5.55496, -0.99542, 0.486, -0.62155, -0.61392, 0.80, 0.80, 0.80, 1.00, 0.87804, 0.40966
1449, 464, 2.33387, 5.67188, -0.88459, 0.98009, -0.19768, 0.00375, 0.80, 0.80, 0.80, 1.00, 0.9282, 0.41554
1450, 461, 2.20104, 5.51786, -0.92184, 0.598, -0.63842, -0.48401, 0.80, 0.80, 0.80, 1.00, 0.88177, 0.41855
1451, 456, 2.34775, 5.74319, -0.94625, 0.93473, 0.00019, -0.35495, 0.80, 0.80, 0.80, 1.00, 0.92605, 0.40659
1452, 457, 2.27383, 5.87987, -0.61685, 0.96277, 0.24304, 0.11741, 0.80, 0.80, 0.80, 1.00, 0.98879, 0.40333
1453, 464, 2.33387, 5.67188, -0.88459, 0.98009, -0.19768, 0.00375, 0.80, 0.80, 0.80, 1.00, 0.9282, 0.41554
1454, 456, 2.34775, 5.74319, -0.94625, 0.93473, 0.00019, -0.35495, 0.80, 0.80, 0.80, 1.00, 0.92605, 0.40659
1455, 465, 2.27334, 5.78097, -0.62219, 0.97253, -0.0172, 0.23152, 0.80, 0.80, 0.80, 1.00, 0.9888, 0.41224
1456, 464, 2.33387, 5.67188, -0.88459, 0.98009, -0.19768, 0.00375, 0.80, 0.80, 0.80, 1.00, 0.9282, 0.41554
1457, 457, 2.27383, 5.87987, -0.61685, 0.96277, 0.24304, 0.11741, 0.80, 0.80, 0.80, 1.00, 0.98879, 0.40333
1458, 404, 1.39131, 7.07845, -0.66829, 0.36317, 0.72519, -0.58486, 0.80, 0.80, 0.80, 1.00, 0.87617, 0.20965
1459, 403, 1.56129, 6.77396, -0.65965, 0.84354, 0.52062, -0.13118, 0.80, 0.80, 0.80, 1.00, 0.90, 0.24736
1460, 413, 1.44085, 6.8609, -0.82966, 0.18299, 0.64088, -0.74545, 0.80, 0.80, 0.80, 1.00, 0.867, 0.24465
1461, 430, 1.75542, 6.45309, -0.98648, 0.63853, 0.59585, -0.48689, 0.80, 0.80, 0.80, 1.00, 0.90049, 0.31033
1462, 413, 1.44085, 6.8609, -0.82966, 0.18299, 0.64088, -0.74545, 0.80, 0.80, 0.80, 1.00, 0.867, 0.24465
1463, 403, 1.56129, 6.77396, -0.65965, 0.84354, 0.52062, -0.13118, 0.80, 0.80, 0.80, 1.00, 0.90, 0.24736
1464, 466, 0.23763, 4.36629, -0.48834, -0.21325, 0.42457, -0.87992, 0.80, 0.80, 0.80, 1.00, 0.25092, 0.13517
1465, 467, 0.68139, 4.47334, -0.36978, 0.57772, 0.58278, -0.5715, 0.80, 0.80, 0.80, 1.00, 0.33113, 0.13508
1466, 468, 1.06088, 3.02644, -1.29696, 0.23589, 0.3041, -0.92297, 0.80, 0.80, 0.80, 1.00, 0.29349, 0.44726
1467, 142, 0.0114, 4.16588, 0.1043, -0.07425, -0.98617, -0.14816, 0.80, 0.80, 0.80, 1.00, 0.14033, 0.15646
1468, 469, 0.65093, 2.43535, -0.51878, -0.61903, -0.62991, 0.46905, 0.80, 0.80, 0.80, 1.00, 0.14472, 0.4727
1469, 143, 0.20629, 4.12417, 0.4932, 0.4433, -0.14482, 0.8846, 0.80, 0.80, 0.80, 1.00, 0.10614, 0.16404
1470, 469, 0.65093, 2.43535, -0.51878, -0.61903, -0.62991, 0.46905, 0.80, 0.80, 0.80, 1.00, 0.14472, 0.4727
1471, 470, 0.9974, 2.39496, -0.30003, 0.3234, -0.52609, 0.78654, 0.80, 0.80, 0.80, 1.00, 0.10165, 0.48498
1472, 143, 0.20629, 4.12417, 0.4932, 0.4433, -0.14482, 0.8846, 0.80, 0.80, 0.80, 1.00, 0.10614, 0.16404
1473, 143, 0.20629, 4.12417, 0.4932, 0.4433, -0.14482, 0.8846, 0.80, 0.80, 0.80, 1.00, 0.10614, 0.16404
1474, 470, 0.9974, 2.39496, -0.30003, 0.3234, -0.52609, 0.78654, 0.80, 0.80, 0.80, 1.00, 0.10165, 0.48498
1475, 471, 0.71502, 4.09571, 0.26331, 0.71583, -0.0484, 0.69659, 0.80, 0.80, 0.80, 1.00, 0.07378, 0.15933
1476, 470, 0.9974, 2.39496, -0.30003, 0.3234, -0.52609, 0.78654, 0.80, 0.80, 0.80, 1.00, 0.10165, 0.48498
1477, 472, 1.35742, 2.65065, -0.50271, 0.7074, -0.20687, 0.67587, 0.80, 0.80, 0.80, 1.00, 0.05031, 0.47586
1478, 471, 0.71502, 4.09571, 0.26331, 0.71583, -0.0484, 0.69659, 0.80, 0.80, 0.80, 1.00, 0.07378, 0.15933
1479, 473, 0.84998, 4.34948, 0.01716, 0.83093, 0.52099, -0.19527, 0.80, 0.80, 0.80, 1.00, 0.38772, 0.14075
1480, 474, 1.54107, 2.94648, -0.78541, 0.81698, 0.30632, -0.48858, 0.80, 0.80, 0.80, 1.00, 0.36069, 0.45539
1481, 467, 0.68139, 4.47334, -0.36978, 0.57772, 0.58278, -0.5715, 0.80, 0.80, 0.80, 1.00, 0.33113, 0.13508
1482, 474, 1.54107, 2.94648, -0.78541, 0.81698, 0.30632, -0.48858, 0.80, 0.80, 0.80, 1.00, 0.36069, 0.45539
1483, 468, 1.06088, 3.02644, -1.29696, 0.23589, 0.3041, -0.92297, 0.80, 0.80, 0.80, 1.00, 0.29349, 0.44726
1484, 467, 0.68139, 4.47334, -0.36978, 0.57772, 0.58278, -0.5715, 0.80, 0.80, 0.80, 1.00, 0.33113, 0.13508
1485, 471, 0.71502, 4.09571, 0.26331, 0.71583, -0.0484, 0.69659, 0.80, 0.80, 0.80, 1.00, 0.07378, 0.15933
1486, 475, 1.54107, 2.94648, -0.78541, 0.82074, 0.07285, 0.56665, 0.80, 0.80, 0.80, 1.00, 0.00917, 0.45539
1487, 476, 0.84998, 4.34948, 0.01716, 0.82931, 0.09334, 0.55094, 0.80, 0.80, 0.80, 1.00, 0.03616, 0.14075
1488, 472, 1.35742, 2.65065, -0.50271, 0.7074, -0.20687, 0.67587, 0.80, 0.80, 0.80, 1.00, 0.05031, 0.47586
1489, 475, 1.54107, 2.94648, -0.78541, 0.82074, 0.07285, 0.56665, 0.80, 0.80, 0.80, 1.00, 0.00917, 0.45539
1490, 471, 0.71502, 4.09571, 0.26331, 0.71583, -0.0484, 0.69659, 0.80, 0.80, 0.80, 1.00, 0.07378, 0.15933
1491, 466, 0.23763, 4.36629, -0.48834, -0.21325, 0.42457, -0.87992, 0.80, 0.80, 0.80, 1.00, 0.25092, 0.13517
1492, 477, 0.59514, 2.83242, -1.23815, -0.43613, 0.04365, -0.89883, 0.80, 0.80, 0.80, 1.00, 0.24336, 0.44936
1493, 478, 0.02128, 4.2634, -0.41295, -0.60661, 0.20069, -0.76925, 0.80, 0.80, 0.80, 1.00, 0.21674, 0.13527
1494, 468, 1.06088, 3.02644, -1.29696, 0.23589, 0.3041, -0.92297, 0.80, 0.80, 0.80, 1.00, 0.29349, 0.44726
1495, 477, 0.59514, 2.83242, -1.23815, -0.43613, 0.04365, -0.89883, 0.80, 0.80, 0.80, 1.00, 0.24336, 0.44936
1496, 466, 0.23763, 4.36629, -0.48834, -0.21325, 0.42457, -0.87992, 0.80, 0.80, 0.80, 1.00, 0.25092, 0.13517
1497, 153, -0.20834, 4.28384, -0.33418, -0.44802, -0.00437, -0.89401, 0.80, 0.80, 0.80, 1.00, 0.18641, 0.13501
1498, 469, 0.65093, 2.43535, -0.51878, -0.61903, -0.62991, 0.46905, 0.80, 0.80, 0.80, 1.00, 0.14472, 0.4727
1499, 142, 0.0114, 4.16588, 0.1043, -0.07425, -0.98617, -0.14816, 0.80, 0.80, 0.80, 1.00, 0.14033, 0.15646
1500, 479, 0.30289, 2.6447, -1.0006, -0.84489, -0.41046, -0.34305, 0.80, 0.80, 0.80, 1.00, 0.2056, 0.44908
1501, 469, 0.65093, 2.43535, -0.51878, -0.61903, -0.62991, 0.46905, 0.80, 0.80, 0.80, 1.00, 0.14472, 0.4727
1502, 153, -0.20834, 4.28384, -0.33418, -0.44802, -0.00437, -0.89401, 0.80, 0.80, 0.80, 1.00, 0.18641, 0.13501
1503, 478, 0.02128, 4.2634, -0.41295, -0.60661, 0.20069, -0.76925, 0.80, 0.80, 0.80, 1.00, 0.21674, 0.13527
1504, 479, 0.30289, 2.6447, -1.0006, -0.84489, -0.41046, -0.34305, 0.80, 0.80, 0.80, 1.00, 0.2056, 0.44908
1505, 153, -0.20834, 4.28384, -0.33418, -0.44802, -0.00437, -0.89401, 0.80, 0.80, 0.80, 1.00, 0.18641, 0.13501
1506, 477, 0.59514, 2.83242, -1.23815, -0.43613, 0.04365, -0.89883, 0.80, 0.80, 0.80, 1.00, 0.24336, 0.44936
1507, 479, 0.30289, 2.6447, -1.0006, -0.84489, -0.41046, -0.34305, 0.80, 0.80, 0.80, 1.00, 0.2056, 0.44908
1508, 478, 0.02128, 4.2634, -0.41295, -0.60661, 0.20069, -0.76925, 0.80, 0.80, 0.80, 1.00, 0.21674, 0.13527
1509, 469, 0.65093, 2.43535, -0.51878, -0.61903, -0.62991, 0.46905, 0.80, 0.80, 0.80, 1.00, 0.14472, 0.4727
1510, 480, 1.23074, 2.09851, -0.65425, 0.05266, -0.90894, 0.41359, 0.80, 0.80, 0.80, 1.00, 0.10182, 0.55266
1511, 470, 0.9974, 2.39496, -0.30003, 0.3234, -0.52609, 0.78654, 0.80, 0.80, 0.80, 1.00, 0.10165, 0.48498
1512, 481, 0.92103, 2.24528, -0.62114, -0.53393, -0.6655, 0.52156, 0.80, 0.80, 0.80, 1.00, 0.16244, 0.5428
1513, 480, 1.23074, 2.09851, -0.65425, 0.05266, -0.90894, 0.41359, 0.80, 0.80, 0.80, 1.00, 0.10182, 0.55266
1514, 469, 0.65093, 2.43535, -0.51878, -0.61903, -0.62991, 0.46905, 0.80, 0.80, 0.80, 1.00, 0.14472, 0.4727
1515, 470, 0.9974, 2.39496, -0.30003, 0.3234, -0.52609, 0.78654, 0.80, 0.80, 0.80, 1.00, 0.10165, 0.48498
1516, 482, 1.36141, 2.23612, -0.87051, 0.68476, -0.72738, -0.04499, 0.80, 0.80, 0.80, 1.00, 0.05249, 0.54608
1517, 472, 1.35742, 2.65065, -0.50271, 0.7074, -0.20687, 0.67587, 0.80, 0.80, 0.80, 1.00, 0.05031, 0.47586
1518, 480, 1.23074, 2.09851, -0.65425, 0.05266, -0.90894, 0.41359, 0.80, 0.80, 0.80, 1.00, 0.10182, 0.55266
1519, 482, 1.36141, 2.23612, -0.87051, 0.68476, -0.72738, -0.04499, 0.80, 0.80, 0.80, 1.00, 0.05249, 0.54608
1520, 470, 0.9974, 2.39496, -0.30003, 0.3234, -0.52609, 0.78654, 0.80, 0.80, 0.80, 1.00, 0.10165, 0.48498
1521, 474, 1.54107, 2.94648, -0.78541, 0.81698, 0.30632, -0.48858, 0.80, 0.80, 0.80, 1.00, 0.36069, 0.45539
1522, 483, 1.11942, 2.64133, -1.17213, 0.00277, 0.08649, -0.99625, 0.80, 0.80, 0.80, 1.00, 0.3103, 0.52581
1523, 468, 1.06088, 3.02644, -1.29696, 0.23589, 0.3041, -0.92297, 0.80, 0.80, 0.80, 1.00, 0.29349, 0.44726
1524, 484, 1.39376, 2.43652, -1.04787, 0.31361, -0.14889, -0.93781, 0.80, 0.80, 0.80, 1.00, 0.36257, 0.53132
1525, 483, 1.11942, 2.64133, -1.17213, 0.00277, 0.08649, -0.99625, 0.80, 0.80, 0.80, 1.00, 0.3103, 0.52581
1526, 474, 1.54107, 2.94648, -0.78541, 0.81698, 0.30632, -0.48858, 0.80, 0.80, 0.80, 1.00, 0.36069, 0.45539
1527, 485, 1.35742, 2.65065, -0.50271, 0.91871, -0.30234, 0.25409, 0.80, 0.80, 0.80, 1.00, 0.05039, 0.47586
1528, 486, 1.39376, 2.43652, -1.04787, 0.72661, -0.52852, -0.43898, 0.80, 0.80, 0.80, 1.00, 0.0111, 0.53132
1529, 487, 1.54107, 2.94648, -0.78541, 0.91185, -0.31809, 0.2595, 0.80, 0.80, 0.80, 1.00, 0.00918, 0.45539
1530, 488, 1.36141, 2.23612, -0.87051, 0.73296, -0.51336, -0.44635, 0.80, 0.80, 0.80, 1.00, 0.05258, 0.54608
1531, 486, 1.39376, 2.43652, -1.04787, 0.72661, -0.52852, -0.43898, 0.80, 0.80, 0.80, 1.00, 0.0111, 0.53132
1532, 485, 1.35742, 2.65065, -0.50271, 0.91871, -0.30234, 0.25409, 0.80, 0.80, 0.80, 1.00, 0.05039, 0.47586
1533, 468, 1.06088, 3.02644, -1.29696, 0.23589, 0.3041, -0.92297, 0.80, 0.80, 0.80, 1.00, 0.29349, 0.44726
1534, 489, 0.78636, 2.62593, -0.9763, -0.75236, 0.16166, -0.63861, 0.80, 0.80, 0.80, 1.00, 0.25611, 0.52596
1535, 477, 0.59514, 2.83242, -1.23815, -0.43613, 0.04365, -0.89883, 0.80, 0.80, 0.80, 1.00, 0.24336, 0.44936
1536, 483, 1.11942, 2.64133, -1.17213, 0.00277, 0.08649, -0.99625, 0.80, 0.80, 0.80, 1.00, 0.3103, 0.52581
1537, 489, 0.78636, 2.62593, -0.9763, -0.75236, 0.16166, -0.63861, 0.80, 0.80, 0.80, 1.00, 0.25611, 0.52596
1538, 468, 1.06088, 3.02644, -1.29696, 0.23589, 0.3041, -0.92297, 0.80, 0.80, 0.80, 1.00, 0.29349, 0.44726
1539, 479, 0.30289, 2.6447, -1.0006, -0.84489, -0.41046, -0.34305, 0.80, 0.80, 0.80, 1.00, 0.2056, 0.44908
1540, 481, 0.92103, 2.24528, -0.62114, -0.53393, -0.6655, 0.52156, 0.80, 0.80, 0.80, 1.00, 0.16244, 0.5428
1541, 469, 0.65093, 2.43535, -0.51878, -0.61903, -0.62991, 0.46905, 0.80, 0.80, 0.80, 1.00, 0.14472, 0.4727
1542, 490, 0.67904, 2.47251, -0.67427, -0.97623, -0.20673, -0.06512, 0.80, 0.80, 0.80, 1.00, 0.20809, 0.52575
1543, 481, 0.92103, 2.24528, -0.62114, -0.53393, -0.6655, 0.52156, 0.80, 0.80, 0.80, 1.00, 0.16244, 0.5428
1544, 479, 0.30289, 2.6447, -1.0006, -0.84489, -0.41046, -0.34305, 0.80, 0.80, 0.80, 1.00, 0.2056, 0.44908
1545, 477, 0.59514, 2.83242, -1.23815, -0.43613, 0.04365, -0.89883, 0.80, 0.80, 0.80, 1.00, 0.24336, 0.44936
1546, 490, 0.67904, 2.47251, -0.67427, -0.97623, -0.20673, -0.06512, 0.80, 0.80, 0.80, 1.00, 0.20809, 0.52575
1547, 479, 0.30289, 2.6447, -1.0006, -0.84489, -0.41046, -0.34305, 0.80, 0.80, 0.80, 1.00, 0.2056, 0.44908
1548, 489, 0.78636, 2.62593, -0.9763, -0.75236, 0.16166, -0.63861, 0.80, 0.80, 0.80, 1.00, 0.25611, 0.52596
1549, 490, 0.67904, 2.47251, -0.67427, -0.97623, -0.20673, -0.06512, 0.80, 0.80, 0.80, 1.00, 0.20809, 0.52575
1550, 477, 0.59514, 2.83242, -1.23815, -0.43613, 0.04365, -0.89883, 0.80, 0.80, 0.80, 1.00, 0.24336, 0.44936
1551, 491, 0.92103, 2.24528, -0.62114, -0.25221, -0.45494, 0.85406, 0.80, 0.80, 0.80, 1.00, 0.89725, 0.42902
1552, 492, 0.85494, 1.67531, -1.00396, -0.16795, -0.56411, 0.80844, 0.80, 0.80, 0.80, 1.00, 0.91128, 0.48716
1553, 493, 1.23074, 2.09851, -0.65425, -0.16581, -0.53652, 0.82744, 0.80, 0.80, 0.80, 1.00, 0.92246, 0.43041
1554, 494, 0.52981, 1.86359, -0.93655, -0.36506, -0.45236, 0.81369, 0.80, 0.80, 0.80, 1.00, 0.87231, 0.47948
1555, 492, 0.85494, 1.67531, -1.00396, -0.16795, -0.56411, 0.80844, 0.80, 0.80, 0.80, 1.00, 0.91128, 0.48716
1556, 491, 0.92103, 2.24528, -0.62114, -0.25221, -0.45494, 0.85406, 0.80, 0.80, 0.80, 1.00, 0.89725, 0.42902
1557, 495, 1.23074, 2.09851, -0.65425, 0.73799, -0.67299, 0.04961, 0.80, 0.80, 0.80, 1.00, 0.92343, 0.43706
1558, 496, 1.07694, 1.88714, -1.23364, 0.85196, -0.49212, -0.17885, 0.80, 0.80, 0.80, 1.00, 0.96337, 0.47594
1559, 497, 1.36141, 2.23612, -0.87051, 0.8308, -0.54093, -0.13098, 0.80, 0.80, 0.80, 1.00, 0.95569, 0.4343
1560, 498, 0.85494, 1.67531, -1.00396, 0.75381, -0.64394, 0.13084, 0.80, 0.80, 0.80, 1.00, 0.92291, 0.48464
1561, 496, 1.07694, 1.88714, -1.23364, 0.85196, -0.49212, -0.17885, 0.80, 0.80, 0.80, 1.00, 0.96337, 0.47594
1562, 495, 1.23074, 2.09851, -0.65425, 0.73799, -0.67299, 0.04961, 0.80, 0.80, 0.80, 1.00, 0.92343, 0.43706
1563, 499, 1.39376, 2.43652, -1.04787, 0.58993, 0.34823, -0.72851, 0.80, 0.80, 0.80, 1.00, 0.71594, 0.42934
1564, 500, 1.01643, 2.07432, -1.52656, 0.47362, 0.30658, -0.82565, 0.80, 0.80, 0.80, 1.00, 0.73448, 0.47956
1565, 501, 1.11942, 2.64133, -1.17213, 0.16458, 0.67001, -0.72387, 0.80, 0.80, 0.80, 1.00, 0.74168, 0.42874
1566, 500, 1.01643, 2.07432, -1.52656, 0.47362, 0.30658, -0.82565, 0.80, 0.80, 0.80, 1.00, 0.73448, 0.47956
1567, 502, 0.78026, 2.20511, -1.60949, -0.00928, 0.54209, -0.84027, 0.80, 0.80, 0.80, 1.00, 0.76451, 0.47946
1568, 501, 1.11942, 2.64133, -1.17213, 0.16458, 0.67001, -0.72387, 0.80, 0.80, 0.80, 1.00, 0.74168, 0.42874
1569, 497, 1.36141, 2.23612, -0.87051, 0.8308, -0.54093, -0.13098, 0.80, 0.80, 0.80, 1.00, 0.95569, 0.4343
1570, 496, 1.07694, 1.88714, -1.23364, 0.85196, -0.49212, -0.17885, 0.80, 0.80, 0.80, 1.00, 0.96337, 0.47594
1571, 503, 1.39376, 2.43652, -1.04787, 0.85826, -0.37731, -0.34789, 0.80, 0.80, 0.80, 1.00, 0.98763, 0.43219
1572, 496, 1.07694, 1.88714, -1.23364, 0.85196, -0.49212, -0.17885, 0.80, 0.80, 0.80, 1.00, 0.96337, 0.47594
1573, 504, 1.01643, 2.07432, -1.52656, 0.86233, -0.32668, -0.38687, 0.80, 0.80, 0.80, 1.00, 0.99852, 0.47698
1574, 503, 1.39376, 2.43652, -1.04787, 0.85826, -0.37731, -0.34789, 0.80, 0.80, 0.80, 1.00, 0.98763, 0.43219
1575, 501, 1.11942, 2.64133, -1.17213, 0.16458, 0.67001, -0.72387, 0.80, 0.80, 0.80, 1.00, 0.74168, 0.42874
1576, 505, 0.32903, 2.24019, -1.41293, -0.68969, 0.64913, -0.32086, 0.80, 0.80, 0.80, 1.00, 0.81, 0.47876
1577, 506, 0.78636, 2.62593, -0.9763, -0.6715, 0.73999, -0.03876, 0.80, 0.80, 0.80, 1.00, 0.80834, 0.42881
1578, 502, 0.78026, 2.20511, -1.60949, -0.00928, 0.54209, -0.84027, 0.80, 0.80, 0.80, 1.00, 0.76451, 0.47946
1579, 505, 0.32903, 2.24019, -1.41293, -0.68969, 0.64913, -0.32086, 0.80, 0.80, 0.80, 1.00, 0.81, 0.47876
1580, 501, 1.11942, 2.64133, -1.17213, 0.16458, 0.67001, -0.72387, 0.80, 0.80, 0.80, 1.00, 0.74168, 0.42874
1581, 507, 0.67904, 2.47251, -0.67427, -0.71401, 0.0535, 0.69809, 0.80, 0.80, 0.80, 1.00, 0.86247, 0.42872
1582, 494, 0.52981, 1.86359, -0.93655, -0.36506, -0.45236, 0.81369, 0.80, 0.80, 0.80, 1.00, 0.87231, 0.47948
1583, 491, 0.92103, 2.24528, -0.62114, -0.25221, -0.45494, 0.85406, 0.80, 0.80, 0.80, 1.00, 0.89725, 0.42902
1584, 508, 0.29741, 2.00767, -1.04784, -0.84021, 0.0786, 0.53654, 0.80, 0.80, 0.80, 1.00, 0.84635, 0.47958
1585, 494, 0.52981, 1.86359, -0.93655, -0.36506, -0.45236, 0.81369, 0.80, 0.80, 0.80, 1.00, 0.87231, 0.47948
1586, 507, 0.67904, 2.47251, -0.67427, -0.71401, 0.0535, 0.69809, 0.80, 0.80, 0.80, 1.00, 0.86247, 0.42872
1587, 506, 0.78636, 2.62593, -0.9763, -0.6715, 0.73999, -0.03876, 0.80, 0.80, 0.80, 1.00, 0.80834, 0.42881
1588, 508, 0.29741, 2.00767, -1.04784, -0.84021, 0.0786, 0.53654, 0.80, 0.80, 0.80, 1.00, 0.84635, 0.47958
1589, 507, 0.67904, 2.47251, -0.67427, -0.71401, 0.0535, 0.69809, 0.80, 0.80, 0.80, 1.00, 0.86247, 0.42872
1590, 505, 0.32903, 2.24019, -1.41293, -0.68969, 0.64913, -0.32086, 0.80, 0.80, 0.80, 1.00, 0.81, 0.47876
1591, 508, 0.29741, 2.00767, -1.04784, -0.84021, 0.0786, 0.53654, 0.80, 0.80, 0.80, 1.00, 0.84635, 0.47958
1592, 506, 0.78636, 2.62593, -0.9763, -0.6715, 0.73999, -0.03876, 0.80, 0.80, 0.80, 1.00, 0.80834, 0.42881
1593, 494, 0.52981, 1.86359, -0.93655, -0.36506, -0.45236, 0.81369, 0.80, 0.80, 0.80, 1.00, 0.87231, 0.47948
1594, 509, 0.19943, 0.63879, -2.00771, -0.19853, -0.22847, 0.95309, 0.80, 0.80, 0.80, 1.00, 0.90361, 0.60723
1595, 492, 0.85494, 1.67531, -1.00396, -0.16795, -0.56411, 0.80844, 0.80, 0.80, 0.80, 1.00, 0.91128, 0.48716
1596, 510, 0.01283, 0.73981, -2.02712, -0.44955, -0.14825, 0.88087, 0.80, 0.80, 0.80, 1.00, 0.86396, 0.60688
1597, 509, 0.19943, 0.63879, -2.00771, -0.19853, -0.22847, 0.95309, 0.80, 0.80, 0.80, 1.00, 0.90361, 0.60723
1598, 494, 0.52981, 1.86359, -0.93655, -0.36506, -0.45236, 0.81369, 0.80, 0.80, 0.80, 1.00, 0.87231, 0.47948
1599, 498, 0.85494, 1.67531, -1.00396, 0.75381, -0.64394, 0.13084, 0.80, 0.80, 0.80, 1.00, 0.92291, 0.48464
1600, 511, 0.26644, 0.65808, -2.11869, 0.88847, -0.40597, 0.21403, 0.80, 0.80, 0.80, 1.00, 0.95139, 0.60668
1601, 496, 1.07694, 1.88714, -1.23364, 0.85196, -0.49212, -0.17885, 0.80, 0.80, 0.80, 1.00, 0.96337, 0.47594
1602, 512, 0.19943, 0.63879, -2.00771, 0.81128, -0.40784, 0.41893, 0.80, 0.80, 0.80, 1.00, 0.92935, 0.60822
1603, 511, 0.26644, 0.65808, -2.11869, 0.88847, -0.40597, 0.21403, 0.80, 0.80, 0.80, 1.00, 0.95139, 0.60668
1604, 498, 0.85494, 1.67531, -1.00396, 0.75381, -0.64394, 0.13084, 0.80, 0.80, 0.80, 1.00, 0.92291, 0.48464
1605, 500, 1.01643, 2.07432, -1.52656, 0.47362, 0.30658, -0.82565, 0.80, 0.80, 0.80, 1.00, 0.73448, 0.47956
1606, 513, 0.10436, 0.7527, -2.30533, 0.13721, -0.05048, -0.98925, 0.80, 0.80, 0.80, 1.00, 0.76975, 0.60446
1607, 502, 0.78026, 2.20511, -1.60949, -0.00928, 0.54209, -0.84027, 0.80, 0.80, 0.80, 1.00, 0.76451, 0.47946
1608, 514, 0.25837, 0.71716, -2.23566, 0.38535, -0.12286, -0.91456, 0.80, 0.80, 0.80, 1.00, 0.74022, 0.60392
1609, 513, 0.10436, 0.7527, -2.30533, 0.13721, -0.05048, -0.98925, 0.80, 0.80, 0.80, 1.00, 0.76975, 0.60446
1610, 500, 1.01643, 2.07432, -1.52656, 0.47362, 0.30658, -0.82565, 0.80, 0.80, 0.80, 1.00, 0.73448, 0.47956
1611, 496, 1.07694, 1.88714, -1.23364, 0.85196, -0.49212, -0.17885, 0.80, 0.80, 0.80, 1.00, 0.96337, 0.47594
1612, 515, 0.25837, 0.71716, -2.23566, 0.91319, -0.34421, -0.21816, 0.80, 0.80, 0.80, 1.00, 0.97059, 0.60313
1613, 504, 1.01643, 2.07432, -1.52656, 0.86233, -0.32668, -0.38687, 0.80, 0.80, 0.80, 1.00, 0.99852, 0.47698
1614, 511, 0.26644, 0.65808, -2.11869, 0.88847, -0.40597, 0.21403, 0.80, 0.80, 0.80, 1.00, 0.95139, 0.60668
1615, 515, 0.25837, 0.71716, -2.23566, 0.91319, -0.34421, -0.21816, 0.80, 0.80, 0.80, 1.00, 0.97059, 0.60313
1616, 496, 1.07694, 1.88714, -1.23364, 0.85196, -0.49212, -0.17885, 0.80, 0.80, 0.80, 1.00, 0.96337, 0.47594
1617, 502, 0.78026, 2.20511, -1.60949, -0.00928, 0.54209, -0.84027, 0.80, 0.80, 0.80, 1.00, 0.76451, 0.47946
1618, 516, -0.0744, 0.78023, -2.20752, -0.6306, 0.13176, -0.76484, 0.80, 0.80, 0.80, 1.00, 0.80086, 0.60553
1619, 505, 0.32903, 2.24019, -1.41293, -0.68969, 0.64913, -0.32086, 0.80, 0.80, 0.80, 1.00, 0.81, 0.47876
1620, 513, 0.10436, 0.7527, -2.30533, 0.13721, -0.05048, -0.98925, 0.80, 0.80, 0.80, 1.00, 0.76975, 0.60446
1621, 516, -0.0744, 0.78023, -2.20752, -0.6306, 0.13176, -0.76484, 0.80, 0.80, 0.80, 1.00, 0.80086, 0.60553
1622, 502, 0.78026, 2.20511, -1.60949, -0.00928, 0.54209, -0.84027, 0.80, 0.80, 0.80, 1.00, 0.76451, 0.47946
1623, 508, 0.29741, 2.00767, -1.04784, -0.84021, 0.0786, 0.53654, 0.80, 0.80, 0.80, 1.00, 0.84635, 0.47958
1624, 510, 0.01283, 0.73981, -2.02712, -0.44955, -0.14825, 0.88087, 0.80, 0.80, 0.80, 1.00, 0.86396, 0.60688
1625, 494, 0.52981, 1.86359, -0.93655, -0.36506, -0.45236, 0.81369, 0.80, 0.80, 0.80, 1.00, 0.87231, 0.47948
1626, 517, -0.10671, 0.7751, -2.09732, -0.97494, 0.07812, 0.20831, 0.80, 0.80, 0.80, 1.00, 0.8338, 0.60579
1627, 510, 0.01283, 0.73981, -2.02712, -0.44955, -0.14825, 0.88087, 0.80, 0.80, 0.80, 1.00, 0.86396, 0.60688
1628, 508, 0.29741, 2.00767, -1.04784, -0.84021, 0.0786, 0.53654, 0.80, 0.80, 0.80, 1.00, 0.84635, 0.47958
1629, 505, 0.32903, 2.24019, -1.41293, -0.68969, 0.64913, -0.32086, 0.80, 0.80, 0.80, 1.00, 0.81, 0.47876
1630, 517, -0.10671, 0.7751, -2.09732, -0.97494, 0.07812, 0.20831, 0.80, 0.80, 0.80, 1.00, 0.8338, 0.60579
1631, 508, 0.29741, 2.00767, -1.04784, -0.84021, 0.0786, 0.53654, 0.80, 0.80, 0.80, 1.00, 0.84635, 0.47958
1632, 516, -0.0744, 0.78023, -2.20752, -0.6306, 0.13176, -0.76484, 0.80, 0.80, 0.80, 1.00, 0.80086, 0.60553
1633, 517, -0.10671, 0.7751, -2.09732, -0.97494, 0.07812, 0.20831, 0.80, 0.80, 0.80, 1.00, 0.8338, 0.60579
1634, 505, 0.32903, 2.24019, -1.41293, -0.68969, 0.64913, -0.32086, 0.80, 0.80, 0.80, 1.00, 0.81, 0.47876
1635, 518, 0.9502, -0.00398, -1.79165, -0.2201, -0.96718, -0.12695, 0.80, 0.80, 0.80, 1.00, 0.46676, 0.42347
1636, 519, 0.7559, 0.03829, -1.77681, -0.18981, -0.97558, -0.11052, 0.80, 0.80, 0.80, 1.00, 0.47813, 0.44864
1637, 520, 0.97115, 0.04123, -2.17239, -0.19741, -0.9736, -0.11464, 0.80, 0.80, 0.80, 1.00, 0.40971, 0.43767
1638, 520, 0.97115, 0.04123, -2.17239, -0.19741, -0.9736, -0.11464, 0.80, 0.80, 0.80, 1.00, 0.40971, 0.43767
1639, 519, 0.7559, 0.03829, -1.77681, -0.18981, -0.97558, -0.11052, 0.80, 0.80, 0.80, 1.00, 0.47813, 0.44864
1640, 521, 0.92151, 0.06064, -2.27356, -0.17457, -0.97932, -0.10226, 0.80, 0.80, 0.80, 1.00, 0.3972, 0.44864
1641, 521, 0.92151, 0.06064, -2.27356, -0.17457, -0.97932, -0.10226, 0.80, 0.80, 0.80, 1.00, 0.3972, 0.44864
1642, 519, 0.7559, 0.03829, -1.77681, -0.18981, -0.97558, -0.11052, 0.80, 0.80, 0.80, 1.00, 0.47813, 0.44864
1643, 522, 0.56081, 0.07908, -1.83438, -0.17425, -0.97938, -0.10222, 0.80, 0.80, 0.80, 1.00, 0.47895, 0.49995
1644, 523, 0.63673, 0.12104, -2.36578, -0.17391, -0.97945, -0.10211, 0.80, 0.80, 0.80, 1.00, 0.3972, 0.51328
1645, 521, 0.92151, 0.06064, -2.27356, -0.17457, -0.97932, -0.10226, 0.80, 0.80, 0.80, 1.00, 0.3972, 0.44864
1646, 522, 0.56081, 0.07908, -1.83438, -0.17425, -0.97938, -0.10222, 0.80, 0.80, 0.80, 1.00, 0.47895, 0.49995
1647, 524, -0.20154, 0.242, -2.10096, -0.17391, -0.97945, -0.10211, 0.80, 0.80, 0.80, 1.00, 0.47606, 0.58889
1648, 523, 0.63673, 0.12104, -2.36578, -0.17391, -0.97945, -0.10211, 0.80, 0.80, 0.80, 1.00, 0.3972, 0.51328
1649, 522, 0.56081, 0.07908, -1.83438, -0.17425, -0.97938, -0.10222, 0.80, 0.80, 0.80, 1.00, 0.47895, 0.49995
1650, 523, 0.63673, 0.12104, -2.36578, -0.17391, -0.97945, -0.10211, 0.80, 0.80, 0.80, 1.00, 0.3972, 0.51328
1651, 524, -0.20154, 0.242, -2.10096, -0.17391, -0.97945, -0.10211, 0.80, 0.80, 0.80, 1.00, 0.47606, 0.58889
1652, 525, -0.07175, 0.25951, -2.49026, -0.17423, -0.97939, -0.10215, 0.80, 0.80, 0.80, 1.00, 0.41264, 0.58889
1653, 526, -0.27134, 0.2703, -2.25281, -0.17457, -0.97932, -0.10226, 0.80, 0.80, 0.80, 1.00, 0.45706, 0.60475
1654, 525, -0.07175, 0.25951, -2.49026, -0.17423, -0.97939, -0.10215, 0.80, 0.80, 0.80, 1.00, 0.41264, 0.58889
1655, 524, -0.20154, 0.242, -2.10096, -0.17391, -0.97945, -0.10211, 0.80, 0.80, 0.80, 1.00, 0.47606, 0.58889
1656, 527, -0.21021, 0.27855, -2.43618, -0.17457, -0.97932, -0.10226, 0.80, 0.80, 0.80, 1.00, 0.42718, 0.60475
1657, 525, -0.07175, 0.25951, -2.49026, -0.17423, -0.97939, -0.10215, 0.80, 0.80, 0.80, 1.00, 0.41264, 0.58889
1658, 526, -0.27134, 0.2703, -2.25281, -0.17457, -0.97932, -0.10226, 0.80, 0.80, 0.80, 1.00, 0.45706, 0.60475
1659, 528, 0.01283, 0.73981, -2.02712, -0.09099, 0.37183, 0.92383, 0.80, 0.80, 0.80, 1.00, 0.66336, 0.47671
1660, 529, 0.29482, 0.49407, -1.94201, -0.09591, 0.19338, 0.97642, 0.80, 0.80, 0.80, 1.00, 0.613, 0.50877
1661, 530, 0.19943, 0.63879, -2.00771, 0.18568, 0.50501, 0.84291, 0.80, 0.80, 0.80, 1.00, 0.63352, 0.488
1662, 531, 0.02325, 0.61108, -1.9845, -0.33501, 0.12636, 0.9337, 0.80, 0.80, 0.80, 1.00, 0.65619, 0.49774
1663, 529, 0.29482, 0.49407, -1.94201, -0.09591, 0.19338, 0.97642, 0.80, 0.80, 0.80, 1.00, 0.613, 0.50877
1664, 528, 0.01283, 0.73981, -2.02712, -0.09099, 0.37183, 0.92383, 0.80, 0.80, 0.80, 1.00, 0.66336, 0.47671
1665, 532, 0.19943, 0.63879, -2.00771, 0.63503, 0.61235, 0.47093, 0.80, 0.80, 0.80, 1.00, 0.6264, 0.43644
1666, 533, 0.38934, 0.51337, -2.1007, 0.56032, 0.75854, 0.33266, 0.80, 0.80, 0.80, 1.00, 0.60121, 0.46273
1667, 534, 0.26644, 0.65808, -2.11869, 0.7253, 0.61728, 0.30481, 0.80, 0.80, 0.80, 1.00, 0.62276, 0.45986
1668, 535, 0.29482, 0.49407, -1.94201, 0.51319, 0.76035, 0.39813, 0.80, 0.80, 0.80, 1.00, 0.60648, 0.4294
1669, 533, 0.38934, 0.51337, -2.1007, 0.56032, 0.75854, 0.33266, 0.80, 0.80, 0.80, 1.00, 0.60121, 0.46273
1670, 532, 0.19943, 0.63879, -2.00771, 0.63503, 0.61235, 0.47093, 0.80, 0.80, 0.80, 1.00, 0.6264, 0.43644
1671, 536, 0.25837, 0.71716, -2.23566, 0.44546, 0.53488, -0.71796, 0.80, 0.80, 0.80, 1.00, 0.63415, 0.48306
1672, 537, 0.14962, 0.62886, -2.36892, 0.10867, 0.48796, -0.86608, 0.80, 0.80, 0.80, 1.00, 0.65226, 0.50274
1673, 538, 0.10436, 0.7527, -2.30533, -0.13493, 0.42798, -0.89366, 0.80, 0.80, 0.80, 1.00, 0.65918, 0.48292
1674, 539, 0.37296, 0.57782, -2.26923, 0.44216, 0.52274, -0.72886, 0.80, 0.80, 0.80, 1.00, 0.61603, 0.50288
1675, 537, 0.14962, 0.62886, -2.36892, 0.10867, 0.48796, -0.86608, 0.80, 0.80, 0.80, 1.00, 0.65226, 0.50274
1676, 536, 0.25837, 0.71716, -2.23566, 0.44546, 0.53488, -0.71796, 0.80, 0.80, 0.80, 1.00, 0.63415, 0.48306
1677, 534, 0.26644, 0.65808, -2.11869, 0.7253, 0.61728, 0.30481, 0.80, 0.80, 0.80, 1.00, 0.62276, 0.45986
1678, 540, 0.37296, 0.57782, -2.26923, 0.66898, 0.70477, 0.23614, 0.80, 0.80, 0.80, 1.00, 0.61265, 0.49168
1679, 541, 0.25837, 0.71716, -2.23566, 0.77735, 0.58147, 0.24004, 0.80, 0.80, 0.80, 1.00, 0.63066, 0.48026
1680, 533, 0.38934, 0.51337, -2.1007, 0.56032, 0.75854, 0.33266, 0.80, 0.80, 0.80, 1.00, 0.60121, 0.46273
1681, 540, 0.37296, 0.57782, -2.26923, 0.66898, 0.70477, 0.23614, 0.80, 0.80, 0.80, 1.00, 0.61265, 0.49168
1682, 534, 0.26644, 0.65808, -2.11869, 0.7253, 0.61728, 0.30481, 0.80, 0.80, 0.80, 1.00, 0.62276, 0.45986
1683, 538, 0.10436, 0.7527, -2.30533, -0.13493, 0.42798, -0.89366, 0.80, 0.80, 0.80, 1.00, 0.65918, 0.48292
1684, 542, -0.10646, 0.66655, -2.23683, -0.37205, 0.42321, -0.82612, 0.80, 0.80, 0.80, 1.00, 0.68234, 0.5018
1685, 543, -0.0744, 0.78023, -2.20752, -0.41215, 0.3347, -0.84741, 0.80, 0.80, 0.80, 1.00, 0.67997, 0.48197
1686, 537, 0.14962, 0.62886, -2.36892, 0.10867, 0.48796, -0.86608, 0.80, 0.80, 0.80, 1.00, 0.65226, 0.50274
1687, 542, -0.10646, 0.66655, -2.23683, -0.37205, 0.42321, -0.82612, 0.80, 0.80, 0.80, 1.00, 0.68234, 0.5018
1688, 538, 0.10436, 0.7527, -2.30533, -0.13493, 0.42798, -0.89366, 0.80, 0.80, 0.80, 1.00, 0.65918, 0.48292
1689, 544, -0.10671, 0.7751, -2.09732, -0.4302, 0.25483, 0.86602, 0.80, 0.80, 0.80, 1.00, 0.68422, 0.47557
1690, 531, 0.02325, 0.61108, -1.9845, -0.33501, 0.12636, 0.9337, 0.80, 0.80, 0.80, 1.00, 0.65619, 0.49774
1691, 528, 0.01283, 0.73981, -2.02712, -0.09099, 0.37183, 0.92383, 0.80, 0.80, 0.80, 1.00, 0.66336, 0.47671
1692, 545, -0.15088, 0.65918, -2.08451, -0.46628, 0.13104, 0.87488, 0.80, 0.80, 0.80, 1.00, 0.68637, 0.49661
1693, 531, 0.02325, 0.61108, -1.9845, -0.33501, 0.12636, 0.9337, 0.80, 0.80, 0.80, 1.00, 0.65619, 0.49774
1694, 544, -0.10671, 0.7751, -2.09732, -0.4302, 0.25483, 0.86602, 0.80, 0.80, 0.80, 1.00, 0.68422, 0.47557
1695, 546, -0.0744, 0.78023, -2.20752, -0.91299, 0.32105, -0.25174, 0.80, 0.80, 0.80, 1.00, 0.72368, 0.47984
1696, 547, -0.15088, 0.65918, -2.08451, -0.95066, 0.30266, -0.06817, 0.80, 0.80, 0.80, 1.00, 0.70022, 0.49868
1697, 548, -0.10671, 0.7751, -2.09732, -0.91306, 0.32003, -0.25279, 0.80, 0.80, 0.80, 1.00, 0.70521, 0.47975
1698, 549, -0.10646, 0.66655, -2.23683, -0.87345, 0.41975, -0.24677, 0.80, 0.80, 0.80, 1.00, 0.72573, 0.49878
1699, 547, -0.15088, 0.65918, -2.08451, -0.95066, 0.30266, -0.06817, 0.80, 0.80, 0.80, 1.00, 0.70022, 0.49868
1700, 546, -0.0744, 0.78023, -2.20752, -0.91299, 0.32105, -0.25174, 0.80, 0.80, 0.80, 1.00, 0.72368, 0.47984
1701, 550, 0.77733, 0.14004, -1.77635, -0.06121, 0.16822, 0.98385, 0.80, 0.80, 0.80, 1.00, 0.52788, 0.55185
1702, 551, 0.9502, -0.00398, -1.79165, 0.05406, -0.04107, 0.99769, 0.80, 0.80, 0.80, 1.00, 0.50024, 0.57157
1703, 552, 0.98745, 0.13784, -1.78412, 0.0383, 0.21395, 0.97609, 0.80, 0.80, 0.80, 1.00, 0.4989, 0.54593
1704, 553, 0.7559, 0.03829, -1.77681, -0.15883, 0.02581, 0.98697, 0.80, 0.80, 0.80, 1.00, 0.52788, 0.57
1705, 551, 0.9502, -0.00398, -1.79165, 0.05406, -0.04107, 0.99769, 0.80, 0.80, 0.80, 1.00, 0.50024, 0.57157
1706, 550, 0.77733, 0.14004, -1.77635, -0.06121, 0.16822, 0.98385, 0.80, 0.80, 0.80, 1.00, 0.52788, 0.55185
1707, 553, 0.7559, 0.03829, -1.77681, -0.15883, 0.02581, 0.98697, 0.80, 0.80, 0.80, 1.00, 0.52788, 0.57
1708, 550, 0.77733, 0.14004, -1.77635, -0.06121, 0.16822, 0.98385, 0.80, 0.80, 0.80, 1.00, 0.52788, 0.55185
1709, 554, 0.59197, 0.18676, -1.83041, -0.23925, 0.14146, 0.9606, 0.80, 0.80, 0.80, 1.00, 0.58286, 0.55047
1710, 553, 0.7559, 0.03829, -1.77681, -0.15883, 0.02581, 0.98697, 0.80, 0.80, 0.80, 1.00, 0.52788, 0.57
1711, 554, 0.59197, 0.18676, -1.83041, -0.23925, 0.14146, 0.9606, 0.80, 0.80, 0.80, 1.00, 0.58286, 0.55047
1712, 555, 0.56081, 0.07908, -1.83438, -0.30468, 0.0418, 0.95154, 0.80, 0.80, 0.80, 1.00, 0.5842, 0.57
1713, 555, 0.56081, 0.07908, -1.83438, -0.30468, 0.0418, 0.95154, 0.80, 0.80, 0.80, 1.00, 0.5842, 0.57
1714, 554, 0.59197, 0.18676, -1.83041, -0.23925, 0.14146, 0.9606, 0.80, 0.80, 0.80, 1.00, 0.58286, 0.55047
1715, 556, -0.16193, 0.35427, -2.09035, -0.34251, -0.01965, 0.93931, 0.80, 0.80, 0.80, 1.00, 0.67917, 0.54944
1716, 555, 0.56081, 0.07908, -1.83438, -0.30468, 0.0418, 0.95154, 0.80, 0.80, 0.80, 1.00, 0.5842, 0.57
1717, 556, -0.16193, 0.35427, -2.09035, -0.34251, -0.01965, 0.93931, 0.80, 0.80, 0.80, 1.00, 0.67917, 0.54944
1718, 557, -0.20154, 0.242, -2.10096, -0.32514, 0.02536, 0.94533, 0.80, 0.80, 0.80, 1.00, 0.68185, 0.57014
1719, 558, -0.20154, 0.242, -2.10096, -0.85518, 0.19403, 0.48064, 0.80, 0.80, 0.80, 1.00, 0.69837, 0.57075
1720, 559, -0.16193, 0.35427, -2.09035, -0.85464, 0.13184, 0.50221, 0.80, 0.80, 0.80, 1.00, 0.69902, 0.55084
1721, 560, -0.2438, 0.41226, -2.24489, -0.9524, 0.28129, 0.11753, 0.80, 0.80, 0.80, 1.00, 0.71007, 0.54633
1722, 561, -0.27134, 0.2703, -2.25281, -0.97931, 0.19332, -0.05987, 0.80, 0.80, 0.80, 1.00, 0.70942, 0.57075
1723, 558, -0.20154, 0.242, -2.10096, -0.85518, 0.19403, 0.48064, 0.80, 0.80, 0.80, 1.00, 0.69837, 0.57075
1724, 560, -0.2438, 0.41226, -2.24489, -0.9524, 0.28129, 0.11753, 0.80, 0.80, 0.80, 1.00, 0.71007, 0.54633
1725, 562, 0.97115, 0.04123, -2.17239, 0.87765, -0.0628, -0.47517, 0.80, 0.80, 0.80, 1.00, 0.51498, 0.57085
1726, 563, 0.93619, 0.16148, -2.25286, 0.67461, 0.28075, -0.6827, 0.80, 0.80, 0.80, 1.00, 0.52674, 0.55375
1727, 564, 1.00165, 0.18213, -2.14462, 0.78464, 0.31414, -0.53447, 0.80, 0.80, 0.80, 1.00, 0.51367, 0.54669
1728, 562, 0.97115, 0.04123, -2.17239, 0.87765, -0.0628, -0.47517, 0.80, 0.80, 0.80, 1.00, 0.51498, 0.57085
1729, 565, 0.92151, 0.06064, -2.27356, 0.5574, 0.08567, -0.82581, 0.80, 0.80, 0.80, 1.00, 0.52674, 0.57085
1730, 563, 0.93619, 0.16148, -2.25286, 0.67461, 0.28075, -0.6827, 0.80, 0.80, 0.80, 1.00, 0.52674, 0.55375
1731, 563, 0.93619, 0.16148, -2.25286, 0.67461, 0.28075, -0.6827, 0.80, 0.80, 0.80, 1.00, 0.52674, 0.55375
1732, 565, 0.92151, 0.06064, -2.27356, 0.5574, 0.08567, -0.82581, 0.80, 0.80, 0.80, 1.00, 0.52674, 0.57085
1733, 566, 0.66115, 0.22781, -2.34157, 0.34413, 0.33385, -0.87757, 0.80, 0.80, 0.80, 1.00, 0.5947, 0.55245
1734, 566, 0.66115, 0.22781, -2.34157, 0.34413, 0.33385, -0.87757, 0.80, 0.80, 0.80, 1.00, 0.5947, 0.55245
1735, 565, 0.92151, 0.06064, -2.27356, 0.5574, 0.08567, -0.82581, 0.80, 0.80, 0.80, 1.00, 0.52674, 0.57085
1736, 567, 0.63673, 0.12104, -2.36578, 0.24625, 0.15224, -0.95717, 0.80, 0.80, 0.80, 1.00, 0.59601, 0.57085
1737, 566, 0.66115, 0.22781, -2.34157, 0.34413, 0.33385, -0.87757, 0.80, 0.80, 0.80, 1.00, 0.5947, 0.55245
1738, 567, 0.63673, 0.12104, -2.36578, 0.24625, 0.15224, -0.95717, 0.80, 0.80, 0.80, 1.00, 0.59601, 0.57085
1739, 568, -0.03673, 0.37116, -2.46591, 0.04766, 0.25595, -0.96551, 0.80, 0.80, 0.80, 1.00, 0.67443, 0.55148
1740, 568, -0.03673, 0.37116, -2.46591, 0.04766, 0.25595, -0.96551, 0.80, 0.80, 0.80, 1.00, 0.67443, 0.55148
1741, 567, 0.63673, 0.12104, -2.36578, 0.24625, 0.15224, -0.95717, 0.80, 0.80, 0.80, 1.00, 0.59601, 0.57085
1742, 569, -0.07175, 0.25951, -2.49026, -0.12478, 0.21265, -0.96913, 0.80, 0.80, 0.80, 1.00, 0.67705, 0.57098
1743, 568, -0.03673, 0.37116, -2.46591, 0.04766, 0.25595, -0.96551, 0.80, 0.80, 0.80, 1.00, 0.67443, 0.55148
1744, 569, -0.07175, 0.25951, -2.49026, -0.12478, 0.21265, -0.96913, 0.80, 0.80, 0.80, 1.00, 0.67705, 0.57098
1745, 570, -0.18725, 0.41989, -2.41452, -0.25622, 0.3915, -0.88379, 0.80, 0.80, 0.80, 1.00, 0.69404, 0.54707
1746, 569, -0.07175, 0.25951, -2.49026, -0.12478, 0.21265, -0.96913, 0.80, 0.80, 0.80, 1.00, 0.67705, 0.57098
1747, 571, -0.21021, 0.27855, -2.43618, -0.33337, 0.19549, -0.92231, 0.80, 0.80, 0.80, 1.00, 0.69404, 0.57098
1748, 570, -0.18725, 0.41989, -2.41452, -0.25622, 0.3915, -0.88379, 0.80, 0.80, 0.80, 1.00, 0.69404, 0.54707
1749, 561, -0.27134, 0.2703, -2.25281, -0.97931, 0.19332, -0.05987, 0.80, 0.80, 0.80, 1.00, 0.70942, 0.57075
1750, 560, -0.2438, 0.41226, -2.24489, -0.9524, 0.28129, 0.11753, 0.80, 0.80, 0.80, 1.00, 0.71007, 0.54633
1751, 572, -0.18725, 0.41989, -2.41452, -0.91188, 0.2895, -0.29098, 0.80, 0.80, 0.80, 1.00, 0.72613, 0.54633
1752, 573, -0.21021, 0.27855, -2.43618, -0.93257, 0.19777, -0.302, 0.80, 0.80, 0.80, 1.00, 0.72678, 0.57075
1753, 561, -0.27134, 0.2703, -2.25281, -0.97931, 0.19332, -0.05987, 0.80, 0.80, 0.80, 1.00, 0.70942, 0.57075
1754, 572, -0.18725, 0.41989, -2.41452, -0.91188, 0.2895, -0.29098, 0.80, 0.80, 0.80, 1.00, 0.72613, 0.54633
1755, 574, 0.98745, 0.13784, -1.78412, 0.96708, -0.25438, 0.00685, 0.80, 0.80, 0.80, 1.00, 0.55657, 0.50775
1756, 575, 0.9502, -0.00398, -1.79165, 0.97169, -0.23562, 0.01741, 0.80, 0.80, 0.80, 1.00, 0.55825, 0.52848
1757, 576, 1.00165, 0.18213, -2.14462, 0.97169, -0.23562, 0.01741, 0.80, 0.80, 0.80, 1.00, 0.50171, 0.50648
1758, 576, 1.00165, 0.18213, -2.14462, 0.97169, -0.23562, 0.01741, 0.80, 0.80, 0.80, 1.00, 0.50171, 0.50648
1759, 575, 0.9502, -0.00398, -1.79165, 0.97169, -0.23562, 0.01741, 0.80, 0.80, 0.80, 1.00, 0.55825, 0.52848
1760, 577, 0.97115, 0.04123, -2.17239, 0.97583, -0.21675, 0.02797, 0.80, 0.80, 0.80, 1.00, 0.50002, 0.5272
1761, 578, 0.68892, 0.29187, -1.85438, 0.41132, 0.8746, 0.2567, 0.80, 0.80, 0.80, 1.00, 0.55726, 0.43544
1762, 579, 0.98745, 0.13784, -1.78412, 0.48033, 0.86058, 0.16934, 0.80, 0.80, 0.80, 1.00, 0.49574, 0.43934
1763, 580, 0.80428, 0.32033, -2.19199, 0.46725, 0.85844, 0.21156, 0.80, 0.80, 0.80, 1.00, 0.55726, 0.50127
1764, 580, 0.80428, 0.32033, -2.19199, 0.46725, 0.85844, 0.21156, 0.80, 0.80, 0.80, 1.00, 0.55726, 0.50127
1765, 579, 0.98745, 0.13784, -1.78412, 0.48033, 0.86058, 0.16934, 0.80, 0.80, 0.80, 1.00, 0.49574, 0.43934
1766, 581, 1.00165, 0.18213, -2.14462, 0.54919, 0.82656, 0.1232, 0.80, 0.80, 0.80, 1.00, 0.51087, 0.5034
1767, 533, 0.38934, 0.51337, -2.1007, 0.56032, 0.75854, 0.33266, 0.80, 0.80, 0.80, 1.00, 0.60121, 0.46273
1768, 580, 0.80428, 0.32033, -2.19199, 0.46725, 0.85844, 0.21156, 0.80, 0.80, 0.80, 1.00, 0.55726, 0.50127
1769, 540, 0.37296, 0.57782, -2.26923, 0.66898, 0.70477, 0.23614, 0.80, 0.80, 0.80, 1.00, 0.61265, 0.49168
1770, 580, 0.80428, 0.32033, -2.19199, 0.46725, 0.85844, 0.21156, 0.80, 0.80, 0.80, 1.00, 0.55726, 0.50127
1771, 533, 0.38934, 0.51337, -2.1007, 0.56032, 0.75854, 0.33266, 0.80, 0.80, 0.80, 1.00, 0.60121, 0.46273
1772, 578, 0.68892, 0.29187, -1.85438, 0.41132, 0.8746, 0.2567, 0.80, 0.80, 0.80, 1.00, 0.55726, 0.43544
1773, 578, 0.68892, 0.29187, -1.85438, 0.41132, 0.8746, 0.2567, 0.80, 0.80, 0.80, 1.00, 0.55726, 0.43544
1774, 533, 0.38934, 0.51337, -2.1007, 0.56032, 0.75854, 0.33266, 0.80, 0.80, 0.80, 1.00, 0.60121, 0.46273
1775, 535, 0.29482, 0.49407, -1.94201, 0.51319, 0.76035, 0.39813, 0.80, 0.80, 0.80, 1.00, 0.60648, 0.4294
1776, 582, 0.80428, 0.32033, -2.19199, 0.46934, 0.59482, -0.65262, 0.80, 0.80, 0.80, 1.00, 0.56032, 0.53081
1777, 564, 1.00165, 0.18213, -2.14462, 0.78464, 0.31414, -0.53447, 0.80, 0.80, 0.80, 1.00, 0.51367, 0.54669
1778, 563, 0.93619, 0.16148, -2.25286, 0.67461, 0.28075, -0.6827, 0.80, 0.80, 0.80, 1.00, 0.52674, 0.55375
1779, 582, 0.80428, 0.32033, -2.19199, 0.46934, 0.59482, -0.65262, 0.80, 0.80, 0.80, 1.00, 0.56032, 0.53081
1780, 563, 0.93619, 0.16148, -2.25286, 0.67461, 0.28075, -0.6827, 0.80, 0.80, 0.80, 1.00, 0.52674, 0.55375
1781, 566, 0.66115, 0.22781, -2.34157, 0.34413, 0.33385, -0.87757, 0.80, 0.80, 0.80, 1.00, 0.5947, 0.55245
1782, 582, 0.80428, 0.32033, -2.19199, 0.46934, 0.59482, -0.65262, 0.80, 0.80, 0.80, 1.00, 0.56032, 0.53081
1783, 566, 0.66115, 0.22781, -2.34157, 0.34413, 0.33385, -0.87757, 0.80, 0.80, 0.80, 1.00, 0.5947, 0.55245
1784, 539, 0.37296, 0.57782, -2.26923, 0.44216, 0.52274, -0.72886, 0.80, 0.80, 0.80, 1.00, 0.61603, 0.50288
1785, 539, 0.37296, 0.57782, -2.26923, 0.44216, 0.52274, -0.72886, 0.80, 0.80, 0.80, 1.00, 0.61603, 0.50288
1786, 566, 0.66115, 0.22781, -2.34157, 0.34413, 0.33385, -0.87757, 0.80, 0.80, 0.80, 1.00, 0.5947, 0.55245
1787, 537, 0.14962, 0.62886, -2.36892, 0.10867, 0.48796, -0.86608, 0.80, 0.80, 0.80, 1.00, 0.65226, 0.50274
1788, 537, 0.14962, 0.62886, -2.36892, 0.10867, 0.48796, -0.86608, 0.80, 0.80, 0.80, 1.00, 0.65226, 0.50274
1789, 566, 0.66115, 0.22781, -2.34157, 0.34413, 0.33385, -0.87757, 0.80, 0.80, 0.80, 1.00, 0.5947, 0.55245
1790, 568, -0.03673, 0.37116, -2.46591, 0.04766, 0.25595, -0.96551, 0.80, 0.80, 0.80, 1.00, 0.67443, 0.55148
1791, 583, 0.68892, 0.29187, -1.85438, -0.06869, 0.37732, 0.92353, 0.80, 0.80, 0.80, 1.00, 0.56228, 0.52987
1792, 550, 0.77733, 0.14004, -1.77635, -0.06121, 0.16822, 0.98385, 0.80, 0.80, 0.80, 1.00, 0.52788, 0.55185
1793, 552, 0.98745, 0.13784, -1.78412, 0.0383, 0.21395, 0.97609, 0.80, 0.80, 0.80, 1.00, 0.4989, 0.54593
1794, 554, 0.59197, 0.18676, -1.83041, -0.23925, 0.14146, 0.9606, 0.80, 0.80, 0.80, 1.00, 0.58286, 0.55047
1795, 550, 0.77733, 0.14004, -1.77635, -0.06121, 0.16822, 0.98385, 0.80, 0.80, 0.80, 1.00, 0.52788, 0.55185
1796, 583, 0.68892, 0.29187, -1.85438, -0.06869, 0.37732, 0.92353, 0.80, 0.80, 0.80, 1.00, 0.56228, 0.52987
1797, 529, 0.29482, 0.49407, -1.94201, -0.09591, 0.19338, 0.97642, 0.80, 0.80, 0.80, 1.00, 0.613, 0.50877
1798, 554, 0.59197, 0.18676, -1.83041, -0.23925, 0.14146, 0.9606, 0.80, 0.80, 0.80, 1.00, 0.58286, 0.55047
1799, 583, 0.68892, 0.29187, -1.85438, -0.06869, 0.37732, 0.92353, 0.80, 0.80, 0.80, 1.00, 0.56228, 0.52987
1800, 556, -0.16193, 0.35427, -2.09035, -0.34251, -0.01965, 0.93931, 0.80, 0.80, 0.80, 1.00, 0.67917, 0.54944
1801, 554, 0.59197, 0.18676, -1.83041, -0.23925, 0.14146, 0.9606, 0.80, 0.80, 0.80, 1.00, 0.58286, 0.55047
1802, 529, 0.29482, 0.49407, -1.94201, -0.09591, 0.19338, 0.97642, 0.80, 0.80, 0.80, 1.00, 0.613, 0.50877
1803, 531, 0.02325, 0.61108, -1.9845, -0.33501, 0.12636, 0.9337, 0.80, 0.80, 0.80, 1.00, 0.65619, 0.49774
1804, 556, -0.16193, 0.35427, -2.09035, -0.34251, -0.01965, 0.93931, 0.80, 0.80, 0.80, 1.00, 0.67917, 0.54944
1805, 529, 0.29482, 0.49407, -1.94201, -0.09591, 0.19338, 0.97642, 0.80, 0.80, 0.80, 1.00, 0.613, 0.50877
1806, 545, -0.15088, 0.65918, -2.08451, -0.46628, 0.13104, 0.87488, 0.80, 0.80, 0.80, 1.00, 0.68637, 0.49661
1807, 556, -0.16193, 0.35427, -2.09035, -0.34251, -0.01965, 0.93931, 0.80, 0.80, 0.80, 1.00, 0.67917, 0.54944
1808, 531, 0.02325, 0.61108, -1.9845, -0.33501, 0.12636, 0.9337, 0.80, 0.80, 0.80, 1.00, 0.65619, 0.49774
1809, 560, -0.2438, 0.41226, -2.24489, -0.9524, 0.28129, 0.11753, 0.80, 0.80, 0.80, 1.00, 0.71007, 0.54633
1810, 559, -0.16193, 0.35427, -2.09035, -0.85464, 0.13184, 0.50221, 0.80, 0.80, 0.80, 1.00, 0.69902, 0.55084
1811, 547, -0.15088, 0.65918, -2.08451, -0.95066, 0.30266, -0.06817, 0.80, 0.80, 0.80, 1.00, 0.70022, 0.49868
1812, 568, -0.03673, 0.37116, -2.46591, 0.04766, 0.25595, -0.96551, 0.80, 0.80, 0.80, 1.00, 0.67443, 0.55148
1813, 570, -0.18725, 0.41989, -2.41452, -0.25622, 0.3915, -0.88379, 0.80, 0.80, 0.80, 1.00, 0.69404, 0.54707
1814, 537, 0.14962, 0.62886, -2.36892, 0.10867, 0.48796, -0.86608, 0.80, 0.80, 0.80, 1.00, 0.65226, 0.50274
1815, 537, 0.14962, 0.62886, -2.36892, 0.10867, 0.48796, -0.86608, 0.80, 0.80, 0.80, 1.00, 0.65226, 0.50274
1816, 570, -0.18725, 0.41989, -2.41452, -0.25622, 0.3915, -0.88379, 0.80, 0.80, 0.80, 1.00, 0.69404, 0.54707
1817, 542, -0.10646, 0.66655, -2.23683, -0.37205, 0.42321, -0.82612, 0.80, 0.80, 0.80, 1.00, 0.68234, 0.5018
1818, 560, -0.2438, 0.41226, -2.24489, -0.9524, 0.28129, 0.11753, 0.80, 0.80, 0.80, 1.00, 0.71007, 0.54633
1819, 549, -0.10646, 0.66655, -2.23683, -0.87345, 0.41975, -0.24677, 0.80, 0.80, 0.80, 1.00, 0.72573, 0.49878
1820, 572, -0.18725, 0.41989, -2.41452, -0.91188, 0.2895, -0.29098, 0.80, 0.80, 0.80, 1.00, 0.72613, 0.54633
1821, 549, -0.10646, 0.66655, -2.23683, -0.87345, 0.41975, -0.24677, 0.80, 0.80, 0.80, 1.00, 0.72573, 0.49878
1822, 560, -0.2438, 0.41226, -2.24489, -0.9524, 0.28129, 0.11753, 0.80, 0.80, 0.80, 1.00, 0.71007, 0.54633
1823, 547, -0.15088, 0.65918, -2.08451, -0.95066, 0.30266, -0.06817, 0.80, 0.80, 0.80, 1.00, 0.70022, 0.49868
1824, 584, 0.6654, 7.58154, 0.73895, 0.9436, -0.33079, 0.00688, 0.80, 0.80, 0.80, 1.00, 0.35388, 0.02254
1825, 585, 0.60185, 7.40459, 0.94694, 0.79915, -0.54996, 0.24243, 0.80, 0.80, 0.80, 1.00, 0.33854, 0.04987
1826, 586, 0.63286, 7.48732, 0.67202, 0.93338, -0.35868, -0.00266, 0.80, 0.80, 0.80, 1.00, 0.36012, 0.04638
1827, 587, 0.60669, 7.77042, 0.52372, 0.80704, 0.10099, -0.58169, 0.80, 0.80, 0.80, 1.00, 0.40394, 0.00465
1828, 588, 0.6654, 7.58154, 0.73895, 0.93877, -0.08764, -0.33301, 0.80, 0.80, 0.80, 1.00, 0.3538, 0.02288
1829, 589, 0.63286, 7.48732, 0.67202, 0.91464, -0.14254, -0.37811, 0.80, 0.80, 0.80, 1.00, 0.36004, 0.04671
1830, 266, 0.49108, 7.4127, 1.01523, 0.37945, -0.56539, 0.7323, 0.80, 0.80, 0.80, 1.00, 0.33048, 0.05465
1831, 265, 0.41769, 7.12978, 0.8741, 0.29651, -0.58383, 0.75577, 0.80, 0.80, 0.80, 1.00, 0.32881, 0.12721
1832, 585, 0.60185, 7.40459, 0.94694, 0.79915, -0.54996, 0.24243, 0.80, 0.80, 0.80, 1.00, 0.33854, 0.04987
1833, 585, 0.60185, 7.40459, 0.94694, 0.79915, -0.54996, 0.24243, 0.80, 0.80, 0.80, 1.00, 0.33854, 0.04987
1834, 265, 0.41769, 7.12978, 0.8741, 0.29651, -0.58383, 0.75577, 0.80, 0.80, 0.80, 1.00, 0.32881, 0.12721
1835, 590, 0.6594, 7.27852, 0.59905, 0.87032, -0.42456, 0.24953, 0.80, 0.80, 0.80, 1.00, 0.36494, 0.10422
1836, 585, 0.60185, 7.40459, 0.94694, 0.79915, -0.54996, 0.24243, 0.80, 0.80, 0.80, 1.00, 0.33854, 0.04987
1837, 590, 0.6594, 7.27852, 0.59905, 0.87032, -0.42456, 0.24953, 0.80, 0.80, 0.80, 1.00, 0.36494, 0.10422
1838, 586, 0.63286, 7.48732, 0.67202, 0.93338, -0.35868, -0.00266, 0.80, 0.80, 0.80, 1.00, 0.36012, 0.04638
1839, 587, 0.60669, 7.77042, 0.52372, 0.80704, 0.10099, -0.58169, 0.80, 0.80, 0.80, 1.00, 0.40394, 0.00465
1840, 589, 0.63286, 7.48732, 0.67202, 0.91464, -0.14254, -0.37811, 0.80, 0.80, 0.80, 1.00, 0.36004, 0.04671
1841, 591, 0.61227, 7.51983, 0.3312, 0.72107, 0.29823, -0.62539, 0.80, 0.80, 0.80, 1.00, 0.40507, 0.07599
1842, 591, 0.61227, 7.51983, 0.3312, 0.72107, 0.29823, -0.62539, 0.80, 0.80, 0.80, 1.00, 0.40507, 0.07599
1843, 589, 0.63286, 7.48732, 0.67202, 0.91464, -0.14254, -0.37811, 0.80, 0.80, 0.80, 1.00, 0.36004, 0.04671
1844, 592, 0.6594, 7.27852, 0.59905, 0.97352, -0.05588, -0.22164, 0.80, 0.80, 0.80, 1.00, 0.36486, 0.10456
1845, 587, 0.60669, 7.77042, 0.52372, 0.80704, 0.10099, -0.58169, 0.80, 0.80, 0.80, 1.00, 0.40394, 0.00465
1846, 591, 0.61227, 7.51983, 0.3312, 0.72107, 0.29823, -0.62539, 0.80, 0.80, 0.80, 1.00, 0.40507, 0.07599
1847, 593, 0.45076, 7.86974, 0.52359, 0.06309, 0.5564, -0.82847, 0.80, 0.80, 0.80, 1.00, 0.42678, 0.00025
1848, 593, 0.45076, 7.86974, 0.52359, 0.06309, 0.5564, -0.82847, 0.80, 0.80, 0.80, 1.00, 0.42678, 0.00025
1849, 591, 0.61227, 7.51983, 0.3312, 0.72107, 0.29823, -0.62539, 0.80, 0.80, 0.80, 1.00, 0.40507, 0.07599
1850, 271, 0.23686, 7.66943, 0.37931, -0.28599, 0.61135, -0.73785, 0.80, 0.80, 0.80, 1.00, 0.43519, 0.06053
1851, 593, 0.45076, 7.86974, 0.52359, 0.06309, 0.5564, -0.82847, 0.80, 0.80, 0.80, 1.00, 0.42678, 0.00025
1852, 271, 0.23686, 7.66943, 0.37931, -0.28599, 0.61135, -0.73785, 0.80, 0.80, 0.80, 1.00, 0.43519, 0.06053
1853, 272, 0.31982, 7.9194, 0.59014, -0.27541, 0.71263, -0.64517, 0.80, 0.80, 0.80, 1.00, 0.439, -0.00075
1854, 594, 0.87977, 7.62707, 1.0962, 0.77334, -0.55892, 0.29905, 0.80, 0.80, 0.80, 1.00, 0.4328, 0.34516
1855, 273, 0.59876, 7.3604, 1.18238, 0.1291, -0.8569, 0.499, 0.80, 0.80, 0.80, 1.00, 0.39733, 0.41452
1856, 595, 0.68724, 7.37661, 1.01664, 0.39328, -0.89406, -0.21419, 0.80, 0.80, 0.80, 1.00, 0.42681, 0.41326
1857, 594, 0.87977, 7.62707, 1.0962, 0.77334, -0.55892, 0.29905, 0.80, 0.80, 0.80, 1.00, 0.4328, 0.34516
1858, 276, 0.74221, 7.58395, 1.29482, 0.32562, -0.64711, 0.6893, 0.80, 0.80, 0.80, 1.00, 0.39649, 0.35562
1859, 273, 0.59876, 7.3604, 1.18238, 0.1291, -0.8569, 0.499, 0.80, 0.80, 0.80, 1.00, 0.39733, 0.41452
1860, 594, 0.87977, 7.62707, 1.0962, 0.77334, -0.55892, 0.29905, 0.80, 0.80, 0.80, 1.00, 0.4328, 0.34516
1861, 277, 0.7818, 7.63371, 1.33034, 0.4261, -0.48266, 0.7651, 0.80, 0.80, 0.80, 1.00, 0.39738, 0.33798
1862, 276, 0.74221, 7.58395, 1.29482, 0.32562, -0.64711, 0.6893, 0.80, 0.80, 0.80, 1.00, 0.39649, 0.35562
1863, 278, 0.81203, 7.72829, 1.33618, 0.51823, -0.27012, 0.81139, 0.80, 0.80, 0.80, 1.00, 0.39649, 0.31324
1864, 277, 0.7818, 7.63371, 1.33034, 0.4261, -0.48266, 0.7651, 0.80, 0.80, 0.80, 1.00, 0.39738, 0.33798
1865, 594, 0.87977, 7.62707, 1.0962, 0.77334, -0.55892, 0.29905, 0.80, 0.80, 0.80, 1.00, 0.4328, 0.34516
1866, 278, 0.81203, 7.72829, 1.33618, 0.51823, -0.27012, 0.81139, 0.80, 0.80, 0.80, 1.00, 0.39649, 0.31324
1867, 594, 0.87977, 7.62707, 1.0962, 0.77334, -0.55892, 0.29905, 0.80, 0.80, 0.80, 1.00, 0.4328, 0.34516
1868, 596, 0.93345, 7.7533, 1.10533, 0.83382, -0.38334, 0.39707, 0.80, 0.80, 0.80, 1.00, 0.43423, 0.31062
1869, 597, 1.0251, 8.11513, 1.17953, 0.9419, -0.1848, 0.28021, 0.80, 0.80, 0.80, 1.00, 0.42726, 0.21528
1870, 280, 0.94319, 8.09945, 1.37629, 0.53283, -0.22691, 0.81515, 0.80, 0.80, 0.80, 1.00, 0.39567, 0.21373
1871, 598, 0.97838, 7.88528, 1.18501, 0.90734, -0.25426, 0.33456, 0.80, 0.80, 0.80, 1.00, 0.42919, 0.25769
1872, 283, 0.85943, 7.89931, 1.33682, 0.48367, -0.35982, 0.79779, 0.80, 0.80, 0.80, 1.00, 0.39649, 0.25639
1873, 598, 0.97838, 7.88528, 1.18501, 0.90734, -0.25426, 0.33456, 0.80, 0.80, 0.80, 1.00, 0.42919, 0.25769
1874, 280, 0.94319, 8.09945, 1.37629, 0.53283, -0.22691, 0.81515, 0.80, 0.80, 0.80, 1.00, 0.39567, 0.21373
1875, 285, 0.96515, 8.30169, 1.33034, 0.59884, 0.48309, 0.63863, 0.80, 0.80, 0.80, 1.00, 0.42794, 0.21506
1876, 284, 0.94319, 8.09945, 1.37629, 0.60382, 0.09511, 0.79132, 0.80, 0.80, 0.80, 1.00, 0.39618, 0.21377
1877, 599, 1.04759, 8.2523, 1.14182, 0.97798, 0.06694, 0.19727, 0.80, 0.80, 0.80, 1.00, 0.44333, 0.18059
1878, 599, 1.04759, 8.2523, 1.14182, 0.97798, 0.06694, 0.19727, 0.80, 0.80, 0.80, 1.00, 0.44333, 0.18059
1879, 284, 0.94319, 8.09945, 1.37629, 0.60382, 0.09511, 0.79132, 0.80, 0.80, 0.80, 1.00, 0.39618, 0.21377
1880, 600, 1.0251, 8.11513, 1.17953, 0.95563, -0.0787, 0.28358, 0.80, 0.80, 0.80, 1.00, 0.42484, 0.18234
1881, 273, 0.59876, 7.3604, 1.18238, 0.1291, -0.8569, 0.499, 0.80, 0.80, 0.80, 1.00, 0.39733, 0.41452
1882, 288, 0.49108, 7.4127, 1.01523, -0.31867, -0.94432, -0.08147, 0.80, 0.80, 0.80, 1.00, 0.39905, 0.42646
1883, 595, 0.68724, 7.37661, 1.01664, 0.39328, -0.89406, -0.21419, 0.80, 0.80, 0.80, 1.00, 0.42681, 0.41326
1884, 595, 0.68724, 7.37661, 1.01664, 0.39328, -0.89406, -0.21419, 0.80, 0.80, 0.80, 1.00, 0.42681, 0.41326
1885, 288, 0.49108, 7.4127, 1.01523, -0.31867, -0.94432, -0.08147, 0.80, 0.80, 0.80, 1.00, 0.39905, 0.42646
1886, 601, 0.60185, 7.40459, 0.94694, 0.02648, -0.91601, -0.40013, 0.80, 0.80, 0.80, 1.00, 0.41852, 0.42068
1887, 595, 0.68724, 7.37661, 1.01664, 0.39328, -0.89406, -0.21419, 0.80, 0.80, 0.80, 1.00, 0.42681, 0.41326
1888, 601, 0.60185, 7.40459, 0.94694, 0.02648, -0.91601, -0.40013, 0.80, 0.80, 0.80, 1.00, 0.41852, 0.42068
1889, 602, 0.6654, 7.58154, 0.73895, 0.44644, -0.7028, -0.55373, 0.80, 0.80, 0.80, 1.00, 0.48682, 0.40128
1890, 597, 1.0251, 8.11513, 1.17953, 0.9419, -0.1848, 0.28021, 0.80, 0.80, 0.80, 1.00, 0.42726, 0.21528
1891, 598, 0.97838, 7.88528, 1.18501, 0.90734, -0.25426, 0.33456, 0.80, 0.80, 0.80, 1.00, 0.42919, 0.25769
1892, 603, 1.05162, 8.09393, 1.02545, 0.96305, -0.20316, 0.17637, 0.80, 0.80, 0.80, 1.00, 0.45139, 0.227
1893, 603, 1.05162, 8.09393, 1.02545, 0.96305, -0.20316, 0.17637, 0.80, 0.80, 0.80, 1.00, 0.45139, 0.227
1894, 598, 0.97838, 7.88528, 1.18501, 0.90734, -0.25426, 0.33456, 0.80, 0.80, 0.80, 1.00, 0.42919, 0.25769
1895, 604, 0.99282, 7.84782, 1.04839, 0.96318, -0.21514, 0.16076, 0.80, 0.80, 0.80, 1.00, 0.44396, 0.28677
1896, 605, 0.99282, 7.84782, 1.04839, 0.96202, -0.25079, -0.10715, 0.80, 0.80, 0.80, 1.00, 0.44418, 0.28677
1897, 606, 0.93345, 7.7533, 1.10533, 0.88469, -0.40488, 0.23076, 0.80, 0.80, 0.80, 1.00, 0.43445, 0.31062
1898, 607, 0.9693, 7.75694, 0.97426, 0.90773, -0.39742, -0.13391, 0.80, 0.80, 0.80, 1.00, 0.45208, 0.31432
1899, 606, 0.93345, 7.7533, 1.10533, 0.88469, -0.40488, 0.23076, 0.80, 0.80, 0.80, 1.00, 0.43445, 0.31062
1900, 608, 0.87977, 7.62707, 1.0962, 0.87183, -0.46903, 0.14065, 0.80, 0.80, 0.80, 1.00, 0.43301, 0.34516
1901, 607, 0.9693, 7.75694, 0.97426, 0.90773, -0.39742, -0.13391, 0.80, 0.80, 0.80, 1.00, 0.45208, 0.31432
1902, 607, 0.9693, 7.75694, 0.97426, 0.90773, -0.39742, -0.13391, 0.80, 0.80, 0.80, 1.00, 0.45208, 0.31432
1903, 608, 0.87977, 7.62707, 1.0962, 0.87183, -0.46903, 0.14065, 0.80, 0.80, 0.80, 1.00, 0.43301, 0.34516
1904, 609, 0.89416, 7.63861, 0.97037, 0.76018, -0.53588, -0.36716, 0.80, 0.80, 0.80, 1.00, 0.44661, 0.34908
1905, 594, 0.87977, 7.62707, 1.0962, 0.77334, -0.55892, 0.29905, 0.80, 0.80, 0.80, 1.00, 0.4328, 0.34516
1906, 595, 0.68724, 7.37661, 1.01664, 0.39328, -0.89406, -0.21419, 0.80, 0.80, 0.80, 1.00, 0.42681, 0.41326
1907, 610, 0.89416, 7.63861, 0.97037, 0.74186, -0.62759, -0.23586, 0.80, 0.80, 0.80, 1.00, 0.44639, 0.34908
1908, 610, 0.89416, 7.63861, 0.97037, 0.74186, -0.62759, -0.23586, 0.80, 0.80, 0.80, 1.00, 0.44639, 0.34908
1909, 595, 0.68724, 7.37661, 1.01664, 0.39328, -0.89406, -0.21419, 0.80, 0.80, 0.80, 1.00, 0.42681, 0.41326
1910, 602, 0.6654, 7.58154, 0.73895, 0.44644, -0.7028, -0.55373, 0.80, 0.80, 0.80, 1.00, 0.48682, 0.40128
1911, 607, 0.9693, 7.75694, 0.97426, 0.90773, -0.39742, -0.13391, 0.80, 0.80, 0.80, 1.00, 0.45208, 0.31432
1912, 609, 0.89416, 7.63861, 0.97037, 0.76018, -0.53588, -0.36716, 0.80, 0.80, 0.80, 1.00, 0.44661, 0.34908
1913, 611, 0.86554, 7.87762, 0.72485, 0.72441, -0.39814, -0.56264, 0.80, 0.80, 0.80, 1.00, 0.51159, 0.31455
1914, 612, 0.72323, 7.66739, 0.69097, 0.62774, -0.50067, -0.59592, 0.80, 0.80, 0.80, 1.00, 0.51356, 0.37896
1915, 609, 0.89416, 7.63861, 0.97037, 0.76018, -0.53588, -0.36716, 0.80, 0.80, 0.80, 1.00, 0.44661, 0.34908
1916, 613, 0.6654, 7.58154, 0.73895, 0.50753, -0.65482, -0.55989, 0.80, 0.80, 0.80, 1.00, 0.48703, 0.40128
1917, 609, 0.89416, 7.63861, 0.97037, 0.76018, -0.53588, -0.36716, 0.80, 0.80, 0.80, 1.00, 0.44661, 0.34908
1918, 612, 0.72323, 7.66739, 0.69097, 0.62774, -0.50067, -0.59592, 0.80, 0.80, 0.80, 1.00, 0.51356, 0.37896
1919, 611, 0.86554, 7.87762, 0.72485, 0.72441, -0.39814, -0.56264, 0.80, 0.80, 0.80, 1.00, 0.51159, 0.31455
1920, 605, 0.99282, 7.84782, 1.04839, 0.96202, -0.25079, -0.10715, 0.80, 0.80, 0.80, 1.00, 0.44418, 0.28677
1921, 607, 0.9693, 7.75694, 0.97426, 0.90773, -0.39742, -0.13391, 0.80, 0.80, 0.80, 1.00, 0.45208, 0.31432
1922, 614, 0.92855, 7.97163, 0.7518, 0.87508, -0.23307, -0.42399, 0.80, 0.80, 0.80, 1.00, 0.50903, 0.28505
1923, 614, 0.92855, 7.97163, 0.7518, 0.87508, -0.23307, -0.42399, 0.80, 0.80, 0.80, 1.00, 0.50903, 0.28505
1924, 607, 0.9693, 7.75694, 0.97426, 0.90773, -0.39742, -0.13391, 0.80, 0.80, 0.80, 1.00, 0.45208, 0.31432
1925, 611, 0.86554, 7.87762, 0.72485, 0.72441, -0.39814, -0.56264, 0.80, 0.80, 0.80, 1.00, 0.51159, 0.31455
1926, 605, 0.99282, 7.84782, 1.04839, 0.96202, -0.25079, -0.10715, 0.80, 0.80, 0.80, 1.00, 0.44418, 0.28677
1927, 614, 0.92855, 7.97163, 0.7518, 0.87508, -0.23307, -0.42399, 0.80, 0.80, 0.80, 1.00, 0.50903, 0.28505
1928, 615, 1.05162, 8.09393, 1.02545, 0.91764, -0.26868, -0.2926, 0.80, 0.80, 0.80, 1.00, 0.45161, 0.227
1929, 615, 1.05162, 8.09393, 1.02545, 0.91764, -0.26868, -0.2926, 0.80, 0.80, 0.80, 1.00, 0.45161, 0.227
1930, 614, 0.92855, 7.97163, 0.7518, 0.87508, -0.23307, -0.42399, 0.80, 0.80, 0.80, 1.00, 0.50903, 0.28505
1931, 616, 1.01027, 8.16786, 0.81562, 0.87625, -0.22665, -0.42507, 0.80, 0.80, 0.80, 1.00, 0.50946, 0.22644
1932, 600, 1.0251, 8.11513, 1.17953, 0.95563, -0.0787, 0.28358, 0.80, 0.80, 0.80, 1.00, 0.42484, 0.18234
1933, 617, 1.05162, 8.09393, 1.02545, 0.99957, -0.00208, -0.02681, 0.80, 0.80, 0.80, 1.00, 0.44778, 0.16183
1934, 599, 1.04759, 8.2523, 1.14182, 0.97798, 0.06694, 0.19727, 0.80, 0.80, 0.80, 1.00, 0.44333, 0.18059
1935, 599, 1.04759, 8.2523, 1.14182, 0.97798, 0.06694, 0.19727, 0.80, 0.80, 0.80, 1.00, 0.44333, 0.18059
1936, 617, 1.05162, 8.09393, 1.02545, 0.99957, -0.00208, -0.02681, 0.80, 0.80, 0.80, 1.00, 0.44778, 0.16183
1937, 618, 1.02395, 8.31882, 0.90588, 0.94652, 0.26524, -0.18337, 0.80, 0.80, 0.80, 1.00, 0.49524, 0.16213
1938, 618, 1.02395, 8.31882, 0.90588, 0.94652, 0.26524, -0.18337, 0.80, 0.80, 0.80, 1.00, 0.49524, 0.16213
1939, 617, 1.05162, 8.09393, 1.02545, 0.99957, -0.00208, -0.02681, 0.80, 0.80, 0.80, 1.00, 0.44778, 0.16183
1940, 619, 1.01027, 8.16786, 0.81562, 0.93543, 0.12101, -0.33197, 0.80, 0.80, 0.80, 1.00, 0.49757, 0.14886
1941, 308, 0.88855, 8.43712, 1.1745, 0.46666, 0.82016, 0.33085, 0.80, 0.80, 0.80, 1.00, 0.45335, 0.2274
1942, 285, 0.96515, 8.30169, 1.33034, 0.59884, 0.48309, 0.63863, 0.80, 0.80, 0.80, 1.00, 0.42794, 0.21506
1943, 620, 1.02448, 8.37454, 1.08681, 0.77507, 0.61756, 0.13331, 0.80, 0.80, 0.80, 1.00, 0.46816, 0.18293
1944, 620, 1.02448, 8.37454, 1.08681, 0.77507, 0.61756, 0.13331, 0.80, 0.80, 0.80, 1.00, 0.46816, 0.18293
1945, 285, 0.96515, 8.30169, 1.33034, 0.59884, 0.48309, 0.63863, 0.80, 0.80, 0.80, 1.00, 0.42794, 0.21506
1946, 599, 1.04759, 8.2523, 1.14182, 0.97798, 0.06694, 0.19727, 0.80, 0.80, 0.80, 1.00, 0.44333, 0.18059
1947, 620, 1.02448, 8.37454, 1.08681, 0.77507, 0.61756, 0.13331, 0.80, 0.80, 0.80, 1.00, 0.46816, 0.18293
1948, 599, 1.04759, 8.2523, 1.14182, 0.97798, 0.06694, 0.19727, 0.80, 0.80, 0.80, 1.00, 0.44333, 0.18059
1949, 618, 1.02395, 8.31882, 0.90588, 0.94652, 0.26524, -0.18337, 0.80, 0.80, 0.80, 1.00, 0.49524, 0.16213
1950, 310, 0.73915, 8.5829, 0.91506, 0.3253, 0.94111, 0.09175, 0.80, 0.80, 0.80, 1.00, 0.55016, 0.22415
1951, 620, 1.02448, 8.37454, 1.08681, 0.77507, 0.61756, 0.13331, 0.80, 0.80, 0.80, 1.00, 0.46816, 0.18293
1952, 621, 0.86963, 8.51399, 0.80111, 0.54097, 0.7979, -0.26579, 0.80, 0.80, 0.80, 1.00, 0.55016, 0.18074
1953, 308, 0.88855, 8.43712, 1.1745, 0.46666, 0.82016, 0.33085, 0.80, 0.80, 0.80, 1.00, 0.45335, 0.2274
1954, 620, 1.02448, 8.37454, 1.08681, 0.77507, 0.61756, 0.13331, 0.80, 0.80, 0.80, 1.00, 0.46816, 0.18293
1955, 310, 0.73915, 8.5829, 0.91506, 0.3253, 0.94111, 0.09175, 0.80, 0.80, 0.80, 1.00, 0.55016, 0.22415
1956, 620, 1.02448, 8.37454, 1.08681, 0.77507, 0.61756, 0.13331, 0.80, 0.80, 0.80, 1.00, 0.46816, 0.18293
1957, 618, 1.02395, 8.31882, 0.90588, 0.94652, 0.26524, -0.18337, 0.80, 0.80, 0.80, 1.00, 0.49524, 0.16213
1958, 621, 0.86963, 8.51399, 0.80111, 0.54097, 0.7979, -0.26579, 0.80, 0.80, 0.80, 1.00, 0.55016, 0.18074
1959, 621, 0.86963, 8.51399, 0.80111, 0.54097, 0.7979, -0.26579, 0.80, 0.80, 0.80, 1.00, 0.55016, 0.18074
1960, 618, 1.02395, 8.31882, 0.90588, 0.94652, 0.26524, -0.18337, 0.80, 0.80, 0.80, 1.00, 0.49524, 0.16213
1961, 622, 0.91766, 8.41723, 0.71271, 0.64165, 0.47015, -0.60594, 0.80, 0.80, 0.80, 1.00, 0.55127, 0.16103
1962, 622, 0.91766, 8.41723, 0.71271, 0.64165, 0.47015, -0.60594, 0.80, 0.80, 0.80, 1.00, 0.55127, 0.16103
1963, 618, 1.02395, 8.31882, 0.90588, 0.94652, 0.26524, -0.18337, 0.80, 0.80, 0.80, 1.00, 0.49524, 0.16213
1964, 619, 1.01027, 8.16786, 0.81562, 0.93543, 0.12101, -0.33197, 0.80, 0.80, 0.80, 1.00, 0.49757, 0.14886
1965, 622, 0.91766, 8.41723, 0.71271, 0.64165, 0.47015, -0.60594, 0.80, 0.80, 0.80, 1.00, 0.55127, 0.16103
1966, 619, 1.01027, 8.16786, 0.81562, 0.93543, 0.12101, -0.33197, 0.80, 0.80, 0.80, 1.00, 0.49757, 0.14886
1967, 623, 0.91198, 8.28169, 0.63943, 0.6267, 0.35014, -0.6961, 0.80, 0.80, 0.80, 1.00, 0.55127, 0.14899
1968, 616, 1.01027, 8.16786, 0.81562, 0.87625, -0.22665, -0.42507, 0.80, 0.80, 0.80, 1.00, 0.50946, 0.22644
1969, 614, 0.92855, 7.97163, 0.7518, 0.87508, -0.23307, -0.42399, 0.80, 0.80, 0.80, 1.00, 0.50903, 0.28505
1970, 624, 0.91198, 8.28169, 0.63943, 0.67871, 0.00369, -0.73431, 0.80, 0.80, 0.80, 1.00, 0.55034, 0.22487
1971, 624, 0.91198, 8.28169, 0.63943, 0.67871, 0.00369, -0.73431, 0.80, 0.80, 0.80, 1.00, 0.55034, 0.22487
1972, 614, 0.92855, 7.97163, 0.7518, 0.87508, -0.23307, -0.42399, 0.80, 0.80, 0.80, 1.00, 0.50903, 0.28505
1973, 625, 0.84315, 8.08312, 0.56687, 0.52084, -0.04511, -0.85239, 0.80, 0.80, 0.80, 1.00, 0.54659, 0.28123
1974, 614, 0.92855, 7.97163, 0.7518, 0.87508, -0.23307, -0.42399, 0.80, 0.80, 0.80, 1.00, 0.50903, 0.28505
1975, 611, 0.86554, 7.87762, 0.72485, 0.72441, -0.39814, -0.56264, 0.80, 0.80, 0.80, 1.00, 0.51159, 0.31455
1976, 625, 0.84315, 8.08312, 0.56687, 0.52084, -0.04511, -0.85239, 0.80, 0.80, 0.80, 1.00, 0.54659, 0.28123
1977, 625, 0.84315, 8.08312, 0.56687, 0.52084, -0.04511, -0.85239, 0.80, 0.80, 0.80, 1.00, 0.54659, 0.28123
1978, 611, 0.86554, 7.87762, 0.72485, 0.72441, -0.39814, -0.56264, 0.80, 0.80, 0.80, 1.00, 0.51159, 0.31455
1979, 626, 0.7578, 7.97418, 0.55444, 0.45772, -0.18012, -0.87057, 0.80, 0.80, 0.80, 1.00, 0.55114, 0.31553
1980, 611, 0.86554, 7.87762, 0.72485, 0.72441, -0.39814, -0.56264, 0.80, 0.80, 0.80, 1.00, 0.51159, 0.31455
1981, 612, 0.72323, 7.66739, 0.69097, 0.62774, -0.50067, -0.59592, 0.80, 0.80, 0.80, 1.00, 0.51356, 0.37896
1982, 626, 0.7578, 7.97418, 0.55444, 0.45772, -0.18012, -0.87057, 0.80, 0.80, 0.80, 1.00, 0.55114, 0.31553
1983, 626, 0.7578, 7.97418, 0.55444, 0.45772, -0.18012, -0.87057, 0.80, 0.80, 0.80, 1.00, 0.55114, 0.31553
1984, 612, 0.72323, 7.66739, 0.69097, 0.62774, -0.50067, -0.59592, 0.80, 0.80, 0.80, 1.00, 0.51356, 0.37896
1985, 627, 0.60669, 7.77042, 0.52372, 0.33398, -0.28389, -0.89873, 0.80, 0.80, 0.80, 1.00, 0.5597, 0.37925
1986, 612, 0.72323, 7.66739, 0.69097, 0.62774, -0.50067, -0.59592, 0.80, 0.80, 0.80, 1.00, 0.51356, 0.37896
1987, 613, 0.6654, 7.58154, 0.73895, 0.50753, -0.65482, -0.55989, 0.80, 0.80, 0.80, 1.00, 0.48703, 0.40128
1988, 627, 0.60669, 7.77042, 0.52372, 0.33398, -0.28389, -0.89873, 0.80, 0.80, 0.80, 1.00, 0.5597, 0.37925
1989, 621, 0.86963, 8.51399, 0.80111, 0.54097, 0.7979, -0.26579, 0.80, 0.80, 0.80, 1.00, 0.55016, 0.18074
1990, 622, 0.91766, 8.41723, 0.71271, 0.64165, 0.47015, -0.60594, 0.80, 0.80, 0.80, 1.00, 0.55127, 0.16103
1991, 628, 0.77191, 8.5034, 0.72129, 0.18847, 0.69544, -0.6934, 0.80, 0.80, 0.80, 1.00, 0.579, 0.18414
1992, 622, 0.91766, 8.41723, 0.71271, 0.64165, 0.47015, -0.60594, 0.80, 0.80, 0.80, 1.00, 0.55127, 0.16103
1993, 623, 0.91198, 8.28169, 0.63943, 0.6267, 0.35014, -0.6961, 0.80, 0.80, 0.80, 1.00, 0.55127, 0.14899
1994, 629, 0.71638, 8.37796, 0.63945, 0.08951, 0.53911, -0.83743, 0.80, 0.80, 0.80, 1.00, 0.60997, 0.17511
1995, 622, 0.91766, 8.41723, 0.71271, 0.64165, 0.47015, -0.60594, 0.80, 0.80, 0.80, 1.00, 0.55127, 0.16103
1996, 629, 0.71638, 8.37796, 0.63945, 0.08951, 0.53911, -0.83743, 0.80, 0.80, 0.80, 1.00, 0.60997, 0.17511
1997, 628, 0.77191, 8.5034, 0.72129, 0.18847, 0.69544, -0.6934, 0.80, 0.80, 0.80, 1.00, 0.579, 0.18414
1998, 624, 0.91198, 8.28169, 0.63943, 0.67871, 0.00369, -0.73431, 0.80, 0.80, 0.80, 1.00, 0.55034, 0.22487
1999, 625, 0.84315, 8.08312, 0.56687, 0.52084, -0.04511, -0.85239, 0.80, 0.80, 0.80, 1.00, 0.54659, 0.28123
2000, 630, 0.71638, 8.37796, 0.63945, 0.03012, 0.38301, -0.9232, 0.80, 0.80, 0.80, 1.00, 0.58419, 0.22272
2001, 630, 0.71638, 8.37796, 0.63945, 0.03012, 0.38301, -0.9232, 0.80, 0.80, 0.80, 1.00, 0.58419, 0.22272
2002, 625, 0.84315, 8.08312, 0.56687, 0.52084, -0.04511, -0.85239, 0.80, 0.80, 0.80, 1.00, 0.54659, 0.28123
2003, 631, 0.63686, 8.18989, 0.54831, -0.02035, 0.26922, -0.9628, 0.80, 0.80, 0.80, 1.00, 0.58059, 0.27908
2004, 625, 0.84315, 8.08312, 0.56687, 0.52084, -0.04511, -0.85239, 0.80, 0.80, 0.80, 1.00, 0.54659, 0.28123
2005, 626, 0.7578, 7.97418, 0.55444, 0.45772, -0.18012, -0.87057, 0.80, 0.80, 0.80, 1.00, 0.55114, 0.31553
2006, 631, 0.63686, 8.18989, 0.54831, -0.02035, 0.26922, -0.9628, 0.80, 0.80, 0.80, 1.00, 0.58059, 0.27908
2007, 631, 0.63686, 8.18989, 0.54831, -0.02035, 0.26922, -0.9628, 0.80, 0.80, 0.80, 1.00, 0.58059, 0.27908
2008, 626, 0.7578, 7.97418, 0.55444, 0.45772, -0.18012, -0.87057, 0.80, 0.80, 0.80, 1.00, 0.55114, 0.31553
2009, 632, 0.59232, 8.05575, 0.51656, -0.03406, 0.13186, -0.99062, 0.80, 0.80, 0.80, 1.00, 0.57904, 0.31584
2010, 626, 0.7578, 7.97418, 0.55444, 0.45772, -0.18012, -0.87057, 0.80, 0.80, 0.80, 1.00, 0.55114, 0.31553
2011, 627, 0.60669, 7.77042, 0.52372, 0.33398, -0.28389, -0.89873, 0.80, 0.80, 0.80, 1.00, 0.5597, 0.37925
2012, 632, 0.59232, 8.05575, 0.51656, -0.03406, 0.13186, -0.99062, 0.80, 0.80, 0.80, 1.00, 0.57904, 0.31584
2013, 632, 0.59232, 8.05575, 0.51656, -0.03406, 0.13186, -0.99062, 0.80, 0.80, 0.80, 1.00, 0.57904, 0.31584
2014, 627, 0.60669, 7.77042, 0.52372, 0.33398, -0.28389, -0.89873, 0.80, 0.80, 0.80, 1.00, 0.5597, 0.37925
2015, 633, 0.45076, 7.86974, 0.52359, -0.24988, 0.13925, -0.95814, 0.80, 0.80, 0.80, 1.00, 0.5884, 0.37215
2016, 633, 0.45076, 7.86974, 0.52359, -0.24988, 0.13925, -0.95814, 0.80, 0.80, 0.80, 1.00, 0.5884, 0.37215
2017, 324, 0.38735, 8.11768, 0.60809, -0.50623, 0.30304, -0.80733, 0.80, 0.80, 0.80, 1.00, 0.60972, 0.31473
2018, 632, 0.59232, 8.05575, 0.51656, -0.03406, 0.13186, -0.99062, 0.80, 0.80, 0.80, 1.00, 0.57904, 0.31584
2019, 324, 0.38735, 8.11768, 0.60809, -0.50623, 0.30304, -0.80733, 0.80, 0.80, 0.80, 1.00, 0.60972, 0.31473
2020, 633, 0.45076, 7.86974, 0.52359, -0.24988, 0.13925, -0.95814, 0.80, 0.80, 0.80, 1.00, 0.5884, 0.37215
2021, 325, 0.31982, 7.9194, 0.59014, -0.52442, 0.25226, -0.81315, 0.80, 0.80, 0.80, 1.00, 0.61158, 0.36739
2022, 632, 0.59232, 8.05575, 0.51656, -0.03406, 0.13186, -0.99062, 0.80, 0.80, 0.80, 1.00, 0.57904, 0.31584
2023, 324, 0.38735, 8.11768, 0.60809, -0.50623, 0.30304, -0.80733, 0.80, 0.80, 0.80, 1.00, 0.60972, 0.31473
2024, 631, 0.63686, 8.18989, 0.54831, -0.02035, 0.26922, -0.9628, 0.80, 0.80, 0.80, 1.00, 0.58059, 0.27908
2025, 631, 0.63686, 8.18989, 0.54831, -0.02035, 0.26922, -0.9628, 0.80, 0.80, 0.80, 1.00, 0.58059, 0.27908
2026, 324, 0.38735, 8.11768, 0.60809, -0.50623, 0.30304, -0.80733, 0.80, 0.80, 0.80, 1.00, 0.60972, 0.31473
2027, 326, 0.44933, 8.27842, 0.63256, -0.43729, 0.46081, -0.77222, 0.80, 0.80, 0.80, 1.00, 0.60881, 0.27062
2028, 631, 0.63686, 8.18989, 0.54831, -0.02035, 0.26922, -0.9628, 0.80, 0.80, 0.80, 1.00, 0.58059, 0.27908
2029, 326, 0.44933, 8.27842, 0.63256, -0.43729, 0.46081, -0.77222, 0.80, 0.80, 0.80, 1.00, 0.60881, 0.27062
2030, 630, 0.71638, 8.37796, 0.63945, 0.03012, 0.38301, -0.9232, 0.80, 0.80, 0.80, 1.00, 0.58419, 0.22272
2031, 630, 0.71638, 8.37796, 0.63945, 0.03012, 0.38301, -0.9232, 0.80, 0.80, 0.80, 1.00, 0.58419, 0.22272
2032, 326, 0.44933, 8.27842, 0.63256, -0.43729, 0.46081, -0.77222, 0.80, 0.80, 0.80, 1.00, 0.60881, 0.27062
2033, 327, 0.54658, 8.45992, 0.69753, -0.41873, 0.49658, -0.76024, 0.80, 0.80, 0.80, 1.00, 0.60935, 0.21549
2034, 629, 0.71638, 8.37796, 0.63945, 0.08951, 0.53911, -0.83743, 0.80, 0.80, 0.80, 1.00, 0.60997, 0.17511
2035, 328, 0.54658, 8.45992, 0.69753, -0.24802, 0.74461, -0.61967, 0.80, 0.80, 0.80, 1.00, 0.6094, 0.21557
2036, 329, 0.64313, 8.56825, 0.78904, -0.10176, 0.8772, -0.46917, 0.80, 0.80, 0.80, 1.00, 0.58422, 0.22302
2037, 629, 0.71638, 8.37796, 0.63945, 0.08951, 0.53911, -0.83743, 0.80, 0.80, 0.80, 1.00, 0.60997, 0.17511
2038, 329, 0.64313, 8.56825, 0.78904, -0.10176, 0.8772, -0.46917, 0.80, 0.80, 0.80, 1.00, 0.58422, 0.22302
2039, 628, 0.77191, 8.5034, 0.72129, 0.18847, 0.69544, -0.6934, 0.80, 0.80, 0.80, 1.00, 0.579, 0.18414
2040, 621, 0.86963, 8.51399, 0.80111, 0.54097, 0.7979, -0.26579, 0.80, 0.80, 0.80, 1.00, 0.55016, 0.18074
2041, 329, 0.64313, 8.56825, 0.78904, -0.10176, 0.8772, -0.46917, 0.80, 0.80, 0.80, 1.00, 0.58422, 0.22302
2042, 310, 0.73915, 8.5829, 0.91506, 0.3253, 0.94111, 0.09175, 0.80, 0.80, 0.80, 1.00, 0.55016, 0.22415
2043, 329, 0.64313, 8.56825, 0.78904, -0.10176, 0.8772, -0.46917, 0.80, 0.80, 0.80, 1.00, 0.58422, 0.22302
2044, 621, 0.86963, 8.51399, 0.80111, 0.54097, 0.7979, -0.26579, 0.80, 0.80, 0.80, 1.00, 0.55016, 0.18074
2045, 628, 0.77191, 8.5034, 0.72129, 0.18847, 0.69544, -0.6934, 0.80, 0.80, 0.80, 1.00, 0.579, 0.18414
2046, 634, -0.58441, 7.49638, 0.75504, -0.02891, 0.99578, 0.08623, 0.80, 0.80, 0.80, 1.00, 0.00704, 0.58912
2047, 635, -0.06189, 7.57674, 0.63966, -0.14452, 0.98916, 0.02542, 0.80, 0.80, 0.80, 1.00, 0.1167, 0.56472
2048, 636, -0.72837, 7.52009, 0.43303, -0.12181, 0.92657, -0.35565, 0.80, 0.80, 0.80, 1.00, 0.00688, 0.58894
2049, 637, -0.66542, 5.18227, 0.28246, -0.95852, 0.1786, -0.22212, 0.80, 0.80, 0.80, 1.00, 0.05065, 0.87207
2050, 638, -0.66218, 5.51647, 0.23489, -0.96142, -0.20531, -0.18311, 0.80, 0.80, 0.80, 1.00, 0.05235, 0.84249
2051, 639, -0.56997, 5.21555, -0.10268, -0.90607, 0.11065, -0.40839, 0.80, 0.80, 0.80, 1.00, 0.10315, 0.8678
2052, 639, -0.56997, 5.21555, -0.10268, -0.90607, 0.11065, -0.40839, 0.80, 0.80, 0.80, 1.00, 0.10315, 0.8678
2053, 638, -0.66218, 5.51647, 0.23489, -0.96142, -0.20531, -0.18311, 0.80, 0.80, 0.80, 1.00, 0.05235, 0.84249
2054, 640, -0.62575, 5.58373, -0.09849, -0.92314, -0.25051, -0.29165, 0.80, 0.80, 0.80, 1.00, 0.0913, 0.83742
2055, 640, -0.62575, 5.58373, -0.09849, -0.92314, -0.25051, -0.29165, 0.80, 0.80, 0.80, 1.00, 0.0913, 0.83742
2056, 638, -0.66218, 5.51647, 0.23489, -0.96142, -0.20531, -0.18311, 0.80, 0.80, 0.80, 1.00, 0.05235, 0.84249
2057, 641, -0.75033, 5.71151, 0.29823, -0.94386, -0.33015, -0.01166, 0.80, 0.80, 0.80, 1.00, 0.03203, 0.8169
2058, 640, -0.62575, 5.58373, -0.09849, -0.92314, -0.25051, -0.29165, 0.80, 0.80, 0.80, 1.00, 0.0913, 0.83742
2059, 641, -0.75033, 5.71151, 0.29823, -0.94386, -0.33015, -0.01166, 0.80, 0.80, 0.80, 1.00, 0.03203, 0.8169
2060, 642, -0.68453, 5.72826, -0.05506, -0.87448, -0.25699, -0.41138, 0.80, 0.80, 0.80, 1.00, 0.07775, 0.8185
2061, 642, -0.68453, 5.72826, -0.05506, -0.87448, -0.25699, -0.41138, 0.80, 0.80, 0.80, 1.00, 0.07775, 0.8185
2062, 641, -0.75033, 5.71151, 0.29823, -0.94386, -0.33015, -0.01166, 0.80, 0.80, 0.80, 1.00, 0.03203, 0.8169
2063, 643, -1.00293, 6.61893, 0.35119, -0.88604, -0.04599, -0.46127, 0.80, 0.80, 0.80, 1.00, 0.01288, 0.70971
2064, 641, -0.75033, 5.71151, 0.29823, -0.94386, -0.33015, -0.01166, 0.80, 0.80, 0.80, 1.00, 0.03203, 0.8169
2065, 644, -0.77335, 6.55744, 0.49047, -0.9153, -0.04923, 0.39974, 0.80, 0.80, 0.80, 1.00, 0.01965, 0.71244
2066, 643, -1.00293, 6.61893, 0.35119, -0.88604, -0.04599, -0.46127, 0.80, 0.80, 0.80, 1.00, 0.01288, 0.70971
2067, 639, -0.56997, 5.21555, -0.10268, -0.90607, 0.11065, -0.40839, 0.80, 0.80, 0.80, 1.00, 0.10315, 0.8678
2068, 645, -0.5283, 5.59862, -0.28621, -0.64605, -0.09595, -0.75724, 0.80, 0.80, 0.80, 1.00, 0.12686, 0.83751
2069, 646, -0.47686, 5.20653, -0.21396, -0.56766, 0.15312, -0.8089, 0.80, 0.80, 0.80, 1.00, 0.13025, 0.86896
2070, 645, -0.5283, 5.59862, -0.28621, -0.64605, -0.09595, -0.75724, 0.80, 0.80, 0.80, 1.00, 0.12686, 0.83751
2071, 639, -0.56997, 5.21555, -0.10268, -0.90607, 0.11065, -0.40839, 0.80, 0.80, 0.80, 1.00, 0.10315, 0.8678
2072, 640, -0.62575, 5.58373, -0.09849, -0.92314, -0.25051, -0.29165, 0.80, 0.80, 0.80, 1.00, 0.0913, 0.83742
2073, 645, -0.5283, 5.59862, -0.28621, -0.64605, -0.09595, -0.75724, 0.80, 0.80, 0.80, 1.00, 0.12686, 0.83751
2074, 640, -0.62575, 5.58373, -0.09849, -0.92314, -0.25051, -0.29165, 0.80, 0.80, 0.80, 1.00, 0.0913, 0.83742
2075, 642, -0.68453, 5.72826, -0.05506, -0.87448, -0.25699, -0.41138, 0.80, 0.80, 0.80, 1.00, 0.07775, 0.8185
2076, 645, -0.5283, 5.59862, -0.28621, -0.64605, -0.09595, -0.75724, 0.80, 0.80, 0.80, 1.00, 0.12686, 0.83751
2077, 642, -0.68453, 5.72826, -0.05506, -0.87448, -0.25699, -0.41138, 0.80, 0.80, 0.80, 1.00, 0.07775, 0.8185
2078, 647, -0.53573, 5.77446, -0.26772, -0.47135, -0.06645, -0.87943, 0.80, 0.80, 0.80, 1.00, 0.12517, 0.81486
2079, 647, -0.53573, 5.77446, -0.26772, -0.47135, -0.06645, -0.87943, 0.80, 0.80, 0.80, 1.00, 0.12517, 0.81486
2080, 642, -0.68453, 5.72826, -0.05506, -0.87448, -0.25699, -0.41138, 0.80, 0.80, 0.80, 1.00, 0.07775, 0.8185
2081, 643, -1.00293, 6.61893, 0.35119, -0.88604, -0.04599, -0.46127, 0.80, 0.80, 0.80, 1.00, 0.01288, 0.70971
2082, 647, -0.53573, 5.77446, -0.26772, -0.47135, -0.06645, -0.87943, 0.80, 0.80, 0.80, 1.00, 0.12517, 0.81486
2083, 643, -1.00293, 6.61893, 0.35119, -0.88604, -0.04599, -0.46127, 0.80, 0.80, 0.80, 1.00, 0.01288, 0.70971
2084, 648, -0.49216, 6.91795, -0.09895, -0.38851, 0.30171, -0.87063, 0.80, 0.80, 0.80, 1.00, 0.10993, 0.6832
2085, 648, -0.49216, 6.91795, -0.09895, -0.38851, 0.30171, -0.87063, 0.80, 0.80, 0.80, 1.00, 0.10993, 0.6832
2086, 643, -1.00293, 6.61893, 0.35119, -0.88604, -0.04599, -0.46127, 0.80, 0.80, 0.80, 1.00, 0.01288, 0.70971
2087, 649, -0.92212, 6.97674, 0.24684, -0.55064, 0.371, -0.74774, 0.80, 0.80, 0.80, 1.00, 0.00667, 0.67494
2088, 648, -0.49216, 6.91795, -0.09895, -0.38851, 0.30171, -0.87063, 0.80, 0.80, 0.80, 1.00, 0.10993, 0.6832
2089, 649, -0.92212, 6.97674, 0.24684, -0.55064, 0.371, -0.74774, 0.80, 0.80, 0.80, 1.00, 0.00667, 0.67494
2090, 650, -0.82388, 7.36262, 0.32788, -0.4882, 0.37967, -0.78575, 0.80, 0.80, 0.80, 1.00, 0.00704, 0.61106
2091, 648, -0.49216, 6.91795, -0.09895, -0.38851, 0.30171, -0.87063, 0.80, 0.80, 0.80, 1.00, 0.10993, 0.6832
2092, 650, -0.82388, 7.36262, 0.32788, -0.4882, 0.37967, -0.78575, 0.80, 0.80, 0.80, 1.00, 0.00704, 0.61106
2093, 651, -0.39803, 7.40016, 0.03786, -0.30397, 0.59559, -0.74353, 0.80, 0.80, 0.80, 1.00, 0.10823, 0.6179
2094, 651, -0.39803, 7.40016, 0.03786, -0.30397, 0.59559, -0.74353, 0.80, 0.80, 0.80, 1.00, 0.10823, 0.6179
2095, 650, -0.82388, 7.36262, 0.32788, -0.4882, 0.37967, -0.78575, 0.80, 0.80, 0.80, 1.00, 0.00704, 0.61106
2096, 652, -0.30016, 7.55225, 0.2237, -0.15615, 0.91019, -0.38358, 0.80, 0.80, 0.80, 1.00, 0.10823, 0.59
2097, 652, -0.30016, 7.55225, 0.2237, -0.15615, 0.91019, -0.38358, 0.80, 0.80, 0.80, 1.00, 0.10823, 0.59
2098, 650, -0.82388, 7.36262, 0.32788, -0.4882, 0.37967, -0.78575, 0.80, 0.80, 0.80, 1.00, 0.00704, 0.61106
2099, 636, -0.72837, 7.52009, 0.43303, -0.12181, 0.92657, -0.35565, 0.80, 0.80, 0.80, 1.00, 0.00688, 0.58894
2100, 636, -0.72837, 7.52009, 0.43303, -0.12181, 0.92657, -0.35565, 0.80, 0.80, 0.80, 1.00, 0.00688, 0.58894
2101, 635, -0.06189, 7.57674, 0.63966, -0.14452, 0.98916, 0.02542, 0.80, 0.80, 0.80, 1.00, 0.1167, 0.56472
2102, 652, -0.30016, 7.55225, 0.2237, -0.15615, 0.91019, -0.38358, 0.80, 0.80, 0.80, 1.00, 0.10823, 0.59
2103, 653, -0.19653, 5.20544, -0.33585, -0.44702, 0.06707, -0.89201, 0.80, 0.80, 0.80, 1.00, 0.19239, 0.8691
2104, 645, -0.5283, 5.59862, -0.28621, -0.64605, -0.09595, -0.75724, 0.80, 0.80, 0.80, 1.00, 0.12686, 0.83751
2105, 654, -0.20584, 5.60841, -0.36516, -0.47123, 0.06639, -0.8795, 0.80, 0.80, 0.80, 1.00, 0.19239, 0.83712
2106, 653, -0.19653, 5.20544, -0.33585, -0.44702, 0.06707, -0.89201, 0.80, 0.80, 0.80, 1.00, 0.19239, 0.8691
2107, 646, -0.47686, 5.20653, -0.21396, -0.56766, 0.15312, -0.8089, 0.80, 0.80, 0.80, 1.00, 0.13025, 0.86896
2108, 645, -0.5283, 5.59862, -0.28621, -0.64605, -0.09595, -0.75724, 0.80, 0.80, 0.80, 1.00, 0.12686, 0.83751
2109, 654, -0.20584, 5.60841, -0.36516, -0.47123, 0.06639, -0.8795, 0.80, 0.80, 0.80, 1.00, 0.19239, 0.83712
2110, 647, -0.53573, 5.77446, -0.26772, -0.47135, -0.06645, -0.87943, 0.80, 0.80, 0.80, 1.00, 0.12517, 0.81486
2111, 655, -0.20593, 5.76668, -0.35207, -0.46932, -0.01676, -0.88286, 0.80, 0.80, 0.80, 1.00, 0.19239, 0.81677
2112, 647, -0.53573, 5.77446, -0.26772, -0.47135, -0.06645, -0.87943, 0.80, 0.80, 0.80, 1.00, 0.12517, 0.81486
2113, 654, -0.20584, 5.60841, -0.36516, -0.47123, 0.06639, -0.8795, 0.80, 0.80, 0.80, 1.00, 0.19239, 0.83712
2114, 645, -0.5283, 5.59862, -0.28621, -0.64605, -0.09595, -0.75724, 0.80, 0.80, 0.80, 1.00, 0.12686, 0.83751
2115, 647, -0.53573, 5.77446, -0.26772, -0.47135, -0.06645, -0.87943, 0.80, 0.80, 0.80, 1.00, 0.12517, 0.81486
2116, 656, -0.08686, 6.88665, -0.18377, -0.38488, 0.25242, -0.88776, 0.80, 0.80, 0.80, 1.00, 0.19239, 0.67902
2117, 655, -0.20593, 5.76668, -0.35207, -0.46932, -0.01676, -0.88286, 0.80, 0.80, 0.80, 1.00, 0.19239, 0.81677
2118, 647, -0.53573, 5.77446, -0.26772, -0.47135, -0.06645, -0.87943, 0.80, 0.80, 0.80, 1.00, 0.12517, 0.81486
2119, 648, -0.49216, 6.91795, -0.09895, -0.38851, 0.30171, -0.87063, 0.80, 0.80, 0.80, 1.00, 0.10993, 0.6832
2120, 656, -0.08686, 6.88665, -0.18377, -0.38488, 0.25242, -0.88776, 0.80, 0.80, 0.80, 1.00, 0.19239, 0.67902
2121, 648, -0.49216, 6.91795, -0.09895, -0.38851, 0.30171, -0.87063, 0.80, 0.80, 0.80, 1.00, 0.10993, 0.6832
2122, 657, 0.04735, 7.44777, 0.00602, -0.28657, 0.60987, -0.73885, 0.80, 0.80, 0.80, 1.00, 0.19239, 0.6012
2123, 656, -0.08686, 6.88665, -0.18377, -0.38488, 0.25242, -0.88776, 0.80, 0.80, 0.80, 1.00, 0.19239, 0.67902
2124, 648, -0.49216, 6.91795, -0.09895, -0.38851, 0.30171, -0.87063, 0.80, 0.80, 0.80, 1.00, 0.10993, 0.6832
2125, 651, -0.39803, 7.40016, 0.03786, -0.30397, 0.59559, -0.74353, 0.80, 0.80, 0.80, 1.00, 0.10823, 0.6179
2126, 657, 0.04735, 7.44777, 0.00602, -0.28657, 0.60987, -0.73885, 0.80, 0.80, 0.80, 1.00, 0.19239, 0.6012
2127, 651, -0.39803, 7.40016, 0.03786, -0.30397, 0.59559, -0.74353, 0.80, 0.80, 0.80, 1.00, 0.10823, 0.6179
2128, 652, -0.30016, 7.55225, 0.2237, -0.15615, 0.91019, -0.38358, 0.80, 0.80, 0.80, 1.00, 0.10823, 0.59
2129, 657, 0.04735, 7.44777, 0.00602, -0.28657, 0.60987, -0.73885, 0.80, 0.80, 0.80, 1.00, 0.19239, 0.6012
2130, 652, -0.30016, 7.55225, 0.2237, -0.15615, 0.91019, -0.38358, 0.80, 0.80, 0.80, 1.00, 0.10823, 0.59
2131, 658, 0.10812, 7.53985, 0.12185, -0.08304, 0.93175, -0.35342, 0.80, 0.80, 0.80, 1.00, 0.19239, 0.58414
2132, 657, 0.04735, 7.44777, 0.00602, -0.28657, 0.60987, -0.73885, 0.80, 0.80, 0.80, 1.00, 0.19239, 0.6012
2133, 652, -0.30016, 7.55225, 0.2237, -0.15615, 0.91019, -0.38358, 0.80, 0.80, 0.80, 1.00, 0.10823, 0.59
2134, 635, -0.06189, 7.57674, 0.63966, -0.14452, 0.98916, 0.02542, 0.80, 0.80, 0.80, 1.00, 0.1167, 0.56472
2135, 658, 0.10812, 7.53985, 0.12185, -0.08304, 0.93175, -0.35342, 0.80, 0.80, 0.80, 1.00, 0.19239, 0.58414
2136, 635, -0.06189, 7.57674, 0.63966, -0.14452, 0.98916, 0.02542, 0.80, 0.80, 0.80, 1.00, 0.1167, 0.56472
2137, 659, 0.23686, 7.66943, 0.37931, -0.10785, 0.90864, -0.40337, 0.80, 0.80, 0.80, 1.00, 0.19239, 0.55536
2138, 658, 0.10812, 7.53985, 0.12185, -0.08304, 0.93175, -0.35342, 0.80, 0.80, 0.80, 1.00, 0.19239, 0.58414
2139, 660, -0.72469, 5.05541, 0.28911, -0.89658, 0.4027, -0.18433, 0.80, 0.80, 0.80, 1.00, 0.03926, 0.88833
2140, 637, -0.66542, 5.18227, 0.28246, -0.95852, 0.1786, -0.22212, 0.80, 0.80, 0.80, 1.00, 0.05065, 0.87207
2141, 639, -0.56997, 5.21555, -0.10268, -0.90607, 0.11065, -0.40839, 0.80, 0.80, 0.80, 1.00, 0.10315, 0.8678
2142, 660, -0.72469, 5.05541, 0.28911, -0.89658, 0.4027, -0.18433, 0.80, 0.80, 0.80, 1.00, 0.03926, 0.88833
2143, 639, -0.56997, 5.21555, -0.10268, -0.90607, 0.11065, -0.40839, 0.80, 0.80, 0.80, 1.00, 0.10315, 0.8678
2144, 661, -0.64388, 5.05541, -0.10667, -0.85709, 0.32931, -0.39617, 0.80, 0.80, 0.80, 1.00, 0.09007, 0.88833
2145, 662, -0.51888, 5.05541, -0.26236, -0.58612, 0.38472, -0.71305, 0.80, 0.80, 0.80, 1.00, 0.12702, 0.88833
2146, 639, -0.56997, 5.21555, -0.10268, -0.90607, 0.11065, -0.40839, 0.80, 0.80, 0.80, 1.00, 0.10315, 0.8678
2147, 646, -0.47686, 5.20653, -0.21396, -0.56766, 0.15312, -0.8089, 0.80, 0.80, 0.80, 1.00, 0.13025, 0.86896
2148, 662, -0.51888, 5.05541, -0.26236, -0.58612, 0.38472, -0.71305, 0.80, 0.80, 0.80, 1.00, 0.12702, 0.88833
2149, 661, -0.64388, 5.05541, -0.10667, -0.85709, 0.32931, -0.39617, 0.80, 0.80, 0.80, 1.00, 0.09007, 0.88833
2150, 639, -0.56997, 5.21555, -0.10268, -0.90607, 0.11065, -0.40839, 0.80, 0.80, 0.80, 1.00, 0.10315, 0.8678
2151, 663, -0.23518, 5.05541, -0.41299, -0.40363, 0.434, -0.80544, 0.80, 0.80, 0.80, 1.00, 0.19239, 0.88833
2152, 646, -0.47686, 5.20653, -0.21396, -0.56766, 0.15312, -0.8089, 0.80, 0.80, 0.80, 1.00, 0.13025, 0.86896
2153, 653, -0.19653, 5.20544, -0.33585, -0.44702, 0.06707, -0.89201, 0.80, 0.80, 0.80, 1.00, 0.19239, 0.8691
2154, 663, -0.23518, 5.05541, -0.41299, -0.40363, 0.434, -0.80544, 0.80, 0.80, 0.80, 1.00, 0.19239, 0.88833
2155, 662, -0.51888, 5.05541, -0.26236, -0.58612, 0.38472, -0.71305, 0.80, 0.80, 0.80, 1.00, 0.12702, 0.88833
2156, 646, -0.47686, 5.20653, -0.21396, -0.56766, 0.15312, -0.8089, 0.80, 0.80, 0.80, 1.00, 0.13025, 0.86896
2157, 664, -0.77666, 4.93547, 0.294, -0.95643, 0.19545, -0.2169, 0.80, 0.80, 0.80, 1.00, 0.02936, 0.9037
2158, 660, -0.72469, 5.05541, 0.28911, -0.89658, 0.4027, -0.18433, 0.80, 0.80, 0.80, 1.00, 0.03926, 0.88833
2159, 661, -0.64388, 5.05541, -0.10667, -0.85709, 0.32931, -0.39617, 0.80, 0.80, 0.80, 1.00, 0.09007, 0.88833
2160, 664, -0.77666, 4.93547, 0.294, -0.95643, 0.19545, -0.2169, 0.80, 0.80, 0.80, 1.00, 0.02936, 0.9037
2161, 661, -0.64388, 5.05541, -0.10667, -0.85709, 0.32931, -0.39617, 0.80, 0.80, 0.80, 1.00, 0.09007, 0.88833
2162, 665, -0.67316, 4.93832, -0.10433, -0.90144, 0.16836, -0.39882, 0.80, 0.80, 0.80, 1.00, 0.08452, 0.90333
2163, 666, -0.78463, 4.61348, 0.43537, -0.98064, 0.06863, -0.18339, 0.80, 0.80, 0.80, 1.00, 0.01731, 0.95368
2164, 664, -0.77666, 4.93547, 0.294, -0.95643, 0.19545, -0.2169, 0.80, 0.80, 0.80, 1.00, 0.02936, 0.9037
2165, 667, -0.69279, 4.59521, -0.06257, -0.89622, 0.03377, -0.44233, 0.80, 0.80, 0.80, 1.00, 0.07944, 0.95603
2166, 664, -0.77666, 4.93547, 0.294, -0.95643, 0.19545, -0.2169, 0.80, 0.80, 0.80, 1.00, 0.02936, 0.9037
2167, 665, -0.67316, 4.93832, -0.10433, -0.90144, 0.16836, -0.39882, 0.80, 0.80, 0.80, 1.00, 0.08452, 0.90333
2168, 667, -0.69279, 4.59521, -0.06257, -0.89622, 0.03377, -0.44233, 0.80, 0.80, 0.80, 1.00, 0.07944, 0.95603
2169, 667, -0.69279, 4.59521, -0.06257, -0.89622, 0.03377, -0.44233, 0.80, 0.80, 0.80, 1.00, 0.07944, 0.95603
2170, 665, -0.67316, 4.93832, -0.10433, -0.90144, 0.16836, -0.39882, 0.80, 0.80, 0.80, 1.00, 0.08452, 0.90333
2171, 668, -0.54171, 4.93475, -0.30623, -0.66728, 0.16986, -0.72517, 0.80, 0.80, 0.80, 1.00, 0.12686, 0.90379
2172, 669, -0.52715, 4.60471, -0.25193, -0.57457, -0.09064, -0.81342, 0.80, 0.80, 0.80, 1.00, 0.12686, 0.95481
2173, 667, -0.69279, 4.59521, -0.06257, -0.89622, 0.03377, -0.44233, 0.80, 0.80, 0.80, 1.00, 0.07944, 0.95603
2174, 668, -0.54171, 4.93475, -0.30623, -0.66728, 0.16986, -0.72517, 0.80, 0.80, 0.80, 1.00, 0.12686, 0.90379
2175, 668, -0.54171, 4.93475, -0.30623, -0.66728, 0.16986, -0.72517, 0.80, 0.80, 0.80, 1.00, 0.12686, 0.90379
2176, 661, -0.64388, 5.05541, -0.10667, -0.85709, 0.32931, -0.39617, 0.80, 0.80, 0.80, 1.00, 0.09007, 0.88833
2177, 662, -0.51888, 5.05541, -0.26236, -0.58612, 0.38472, -0.71305, 0.80, 0.80, 0.80, 1.00, 0.12702, 0.88833
2178, 665, -0.67316, 4.93832, -0.10433, -0.90144, 0.16836, -0.39882, 0.80, 0.80, 0.80, 1.00, 0.08452, 0.90333
2179, 661, -0.64388, 5.05541, -0.10667, -0.85709, 0.32931, -0.39617, 0.80, 0.80, 0.80, 1.00, 0.09007, 0.88833
2180, 668, -0.54171, 4.93475, -0.30623, -0.66728, 0.16986, -0.72517, 0.80, 0.80, 0.80, 1.00, 0.12686, 0.90379
2181, 670, -0.2394, 4.59711, -0.39616, -0.4474, -0.05266, -0.89278, 0.80, 0.80, 0.80, 1.00, 0.19239, 0.95578
2182, 668, -0.54171, 4.93475, -0.30623, -0.66728, 0.16986, -0.72517, 0.80, 0.80, 0.80, 1.00, 0.12686, 0.90379
2183, 671, -0.25929, 4.93903, -0.46109, -0.43061, 0.27606, -0.85928, 0.80, 0.80, 0.80, 1.00, 0.19239, 0.90324
2184, 668, -0.54171, 4.93475, -0.30623, -0.66728, 0.16986, -0.72517, 0.80, 0.80, 0.80, 1.00, 0.12686, 0.90379
2185, 670, -0.2394, 4.59711, -0.39616, -0.4474, -0.05266, -0.89278, 0.80, 0.80, 0.80, 1.00, 0.19239, 0.95578
2186, 669, -0.52715, 4.60471, -0.25193, -0.57457, -0.09064, -0.81342, 0.80, 0.80, 0.80, 1.00, 0.12686, 0.95481
2187, 671, -0.25929, 4.93903, -0.46109, -0.43061, 0.27606, -0.85928, 0.80, 0.80, 0.80, 1.00, 0.19239, 0.90324
2188, 662, -0.51888, 5.05541, -0.26236, -0.58612, 0.38472, -0.71305, 0.80, 0.80, 0.80, 1.00, 0.12702, 0.88833
2189, 663, -0.23518, 5.05541, -0.41299, -0.40363, 0.434, -0.80544, 0.80, 0.80, 0.80, 1.00, 0.19239, 0.88833
2190, 668, -0.54171, 4.93475, -0.30623, -0.66728, 0.16986, -0.72517, 0.80, 0.80, 0.80, 1.00, 0.12686, 0.90379
2191, 662, -0.51888, 5.05541, -0.26236, -0.58612, 0.38472, -0.71305, 0.80, 0.80, 0.80, 1.00, 0.12702, 0.88833
2192, 671, -0.25929, 4.93903, -0.46109, -0.43061, 0.27606, -0.85928, 0.80, 0.80, 0.80, 1.00, 0.19239, 0.90324
2193, 672, -0.82435, 4.26177, 0.41855, -0.9494, -0.25999, -0.17622, 0.80, 0.80, 0.80, 1.00, 0.00937, 0.99597
2194, 666, -0.78463, 4.61348, 0.43537, -0.98064, 0.06863, -0.18339, 0.80, 0.80, 0.80, 1.00, 0.01731, 0.95368
2195, 667, -0.69279, 4.59521, -0.06257, -0.89622, 0.03377, -0.44233, 0.80, 0.80, 0.80, 1.00, 0.07944, 0.95603
2196, 672, -0.82435, 4.26177, 0.41855, -0.9494, -0.25999, -0.17622, 0.80, 0.80, 0.80, 1.00, 0.00937, 0.99597
2197, 667, -0.69279, 4.59521, -0.06257, -0.89622, 0.03377, -0.44233, 0.80, 0.80, 0.80, 1.00, 0.07944, 0.95603
2198, 673, -0.67115, 3.94014, 0.10947, -0.80067, -0.51213, -0.31089, 0.80, 0.80, 0.80, 1.00, 0.06986, 0.99604
2199, 674, -0.47135, 3.84258, -0.00732, -0.5142, -0.75105, -0.41415, 0.80, 0.80, 0.80, 1.00, 0.1188, 0.99611
2200, 667, -0.69279, 4.59521, -0.06257, -0.89622, 0.03377, -0.44233, 0.80, 0.80, 0.80, 1.00, 0.07944, 0.95603
2201, 669, -0.52715, 4.60471, -0.25193, -0.57457, -0.09064, -0.81342, 0.80, 0.80, 0.80, 1.00, 0.12686, 0.95481
2202, 674, -0.47135, 3.84258, -0.00732, -0.5142, -0.75105, -0.41415, 0.80, 0.80, 0.80, 1.00, 0.1188, 0.99611
2203, 673, -0.67115, 3.94014, 0.10947, -0.80067, -0.51213, -0.31089, 0.80, 0.80, 0.80, 1.00, 0.06986, 0.99604
2204, 667, -0.69279, 4.59521, -0.06257, -0.89622, 0.03377, -0.44233, 0.80, 0.80, 0.80, 1.00, 0.07944, 0.95603
2205, 675, -0.20834, 4.28384, -0.33418, -0.43886, -0.20118, -0.87574, 0.80, 0.80, 0.80, 1.00, 0.19239, 0.99593
2206, 669, -0.52715, 4.60471, -0.25193, -0.57457, -0.09064, -0.81342, 0.80, 0.80, 0.80, 1.00, 0.12686, 0.95481
2207, 670, -0.2394, 4.59711, -0.39616, -0.4474, -0.05266, -0.89278, 0.80, 0.80, 0.80, 1.00, 0.19239, 0.95578
2208, 669, -0.52715, 4.60471, -0.25193, -0.57457, -0.09064, -0.81342, 0.80, 0.80, 0.80, 1.00, 0.12686, 0.95481
2209, 675, -0.20834, 4.28384, -0.33418, -0.43886, -0.20118, -0.87574, 0.80, 0.80, 0.80, 1.00, 0.19239, 0.99593
2210, 674, -0.47135, 3.84258, -0.00732, -0.5142, -0.75105, -0.41415, 0.80, 0.80, 0.80, 1.00, 0.1188, 0.99611
2211, 676, 0.61227, 7.51983, 0.3312, 0.2495, 0.95589, -0.15487, 0.80, 0.80, 0.80, 1.00, 0.26807, 0.56472
2212, 677, 0.92761, 7.1719, 0.10589, -0.08245, 0.88028, 0.46701, 0.80, 0.80, 0.80, 1.00, 0.37774, 0.58912
2213, 678, 0.79759, 7.31639, -0.18942, -0.31677, 0.94501, 0.08023, 0.80, 0.80, 0.80, 1.00, 0.3779, 0.58894
2214, 679, 0.55127, 5.57061, -0.41118, 0.39697, -0.1447, -0.90634, 0.80, 0.80, 0.80, 1.00, 0.33243, 0.84249
2215, 680, 0.57944, 5.18227, -0.34139, 0.39579, 0.1786, -0.90081, 0.80, 0.80, 0.80, 1.00, 0.33412, 0.87207
2216, 681, 0.21379, 5.21555, -0.49545, 0.21517, 0.11065, -0.97029, 0.80, 0.80, 0.80, 1.00, 0.28162, 0.8678
2217, 679, 0.55127, 5.57061, -0.41118, 0.39697, -0.1447, -0.90634, 0.80, 0.80, 0.80, 1.00, 0.33243, 0.84249
2218, 681, 0.21379, 5.21555, -0.49545, 0.21517, 0.11065, -0.97029, 0.80, 0.80, 0.80, 1.00, 0.28162, 0.8678
2219, 682, 0.25019, 5.62281, -0.56486, 0.28891, -0.19643, -0.93698, 0.80, 0.80, 0.80, 1.00, 0.29348, 0.83742
2220, 679, 0.55127, 5.57061, -0.41118, 0.39697, -0.1447, -0.90634, 0.80, 0.80, 0.80, 1.00, 0.33243, 0.84249
2221, 682, 0.25019, 5.62281, -0.56486, 0.28891, -0.19643, -0.93698, 0.80, 0.80, 0.80, 1.00, 0.29348, 0.83742
2222, 683, 0.63921, 5.77351, -0.4416, 0.5379, -0.26404, -0.80058, 0.80, 0.80, 0.80, 1.00, 0.35275, 0.8169
2223, 683, 0.63921, 5.77351, -0.4416, 0.5379, -0.26404, -0.80058, 0.80, 0.80, 0.80, 1.00, 0.35275, 0.8169
2224, 682, 0.25019, 5.62281, -0.56486, 0.28891, -0.19643, -0.93698, 0.80, 0.80, 0.80, 1.00, 0.29348, 0.83742
2225, 684, 0.30881, 5.77258, -0.58394, 0.16314, -0.2107, -0.96383, 0.80, 0.80, 0.80, 1.00, 0.30702, 0.8185
2226, 683, 0.63921, 5.77351, -0.4416, 0.5379, -0.26404, -0.80058, 0.80, 0.80, 0.80, 1.00, 0.35275, 0.8169
2227, 684, 0.30881, 5.77258, -0.58394, 0.16314, -0.2107, -0.96383, 0.80, 0.80, 0.80, 1.00, 0.30702, 0.8185
2228, 685, 1.07805, 6.64425, -0.7925, 0.29823, 0.41562, -0.85919, 0.80, 0.80, 0.80, 1.00, 0.3719, 0.70971
2229, 686, 0.81681, 6.4232, -0.23709, 0.88341, -0.20108, -0.42325, 0.80, 0.80, 0.80, 1.00, 0.36512, 0.71244
2230, 683, 0.63921, 5.77351, -0.4416, 0.5379, -0.26404, -0.80058, 0.80, 0.80, 0.80, 1.00, 0.35275, 0.8169
2231, 685, 1.07805, 6.64425, -0.7925, 0.29823, 0.41562, -0.85919, 0.80, 0.80, 0.80, 1.00, 0.3719, 0.70971
2232, 687, 0.03949, 5.62395, -0.58851, -0.26152, -0.07879, -0.96197, 0.80, 0.80, 0.80, 1.00, 0.25791, 0.83751
2233, 681, 0.21379, 5.21555, -0.49545, 0.21517, 0.11065, -0.97029, 0.80, 0.80, 0.80, 1.00, 0.28162, 0.8678
2234, 688, 0.06891, 5.20653, -0.48746, -0.30822, 0.15312, -0.93891, 0.80, 0.80, 0.80, 1.00, 0.25453, 0.86896
2235, 681, 0.21379, 5.21555, -0.49545, 0.21517, 0.11065, -0.97029, 0.80, 0.80, 0.80, 1.00, 0.28162, 0.8678
2236, 687, 0.03949, 5.62395, -0.58851, -0.26152, -0.07879, -0.96197, 0.80, 0.80, 0.80, 1.00, 0.25791, 0.83751
2237, 682, 0.25019, 5.62281, -0.56486, 0.28891, -0.19643, -0.93698, 0.80, 0.80, 0.80, 1.00, 0.29348, 0.83742
2238, 682, 0.25019, 5.62281, -0.56486, 0.28891, -0.19643, -0.93698, 0.80, 0.80, 0.80, 1.00, 0.29348, 0.83742
2239, 687, 0.03949, 5.62395, -0.58851, -0.26152, -0.07879, -0.96197, 0.80, 0.80, 0.80, 1.00, 0.25791, 0.83751
2240, 684, 0.30881, 5.77258, -0.58394, 0.16314, -0.2107, -0.96383, 0.80, 0.80, 0.80, 1.00, 0.30702, 0.8185
2241, 684, 0.30881, 5.77258, -0.58394, 0.16314, -0.2107, -0.96383, 0.80, 0.80, 0.80, 1.00, 0.30702, 0.8185
2242, 687, 0.03949, 5.62395, -0.58851, -0.26152, -0.07879, -0.96197, 0.80, 0.80, 0.80, 1.00, 0.25791, 0.83751
2243, 689, 0.04673, 5.80045, -0.57784, -0.4619, -0.06603, -0.88446, 0.80, 0.80, 0.80, 1.00, 0.25961, 0.81486
2244, 684, 0.30881, 5.77258, -0.58394, 0.16314, -0.2107, -0.96383, 0.80, 0.80, 0.80, 1.00, 0.30702, 0.8185
2245, 689, 0.04673, 5.80045, -0.57784, -0.4619, -0.06603, -0.88446, 0.80, 0.80, 0.80, 1.00, 0.25961, 0.81486
2246, 685, 1.07805, 6.64425, -0.7925, 0.29823, 0.41562, -0.85919, 0.80, 0.80, 0.80, 1.00, 0.3719, 0.70971
2247, 685, 1.07805, 6.64425, -0.7925, 0.29823, 0.41562, -0.85919, 0.80, 0.80, 0.80, 1.00, 0.3719, 0.70971
2248, 689, 0.04673, 5.80045, -0.57784, -0.4619, -0.06603, -0.88446, 0.80, 0.80, 0.80, 1.00, 0.25961, 0.81486
2249, 690, 0.24235, 6.85594, -0.43502, -0.36281, 0.29954, -0.88239, 0.80, 0.80, 0.80, 1.00, 0.27485, 0.6832
2250, 685, 1.07805, 6.64425, -0.7925, 0.29823, 0.41562, -0.85919, 0.80, 0.80, 0.80, 1.00, 0.3719, 0.70971
2251, 690, 0.24235, 6.85594, -0.43502, -0.36281, 0.29954, -0.88239, 0.80, 0.80, 0.80, 1.00, 0.27485, 0.6832
2252, 691, 0.78756, 6.83241, -0.53541, -0.15633, 0.33771, -0.92816, 0.80, 0.80, 0.80, 1.00, 0.37811, 0.67494
2253, 691, 0.78756, 6.83241, -0.53541, -0.15633, 0.33771, -0.92816, 0.80, 0.80, 0.80, 1.00, 0.37811, 0.67494
2254, 690, 0.24235, 6.85594, -0.43502, -0.36281, 0.29954, -0.88239, 0.80, 0.80, 0.80, 1.00, 0.27485, 0.6832
2255, 692, 0.81581, 7.2366, -0.38506, -0.275, 0.69511, -0.66418, 0.80, 0.80, 0.80, 1.00, 0.37774, 0.61106
2256, 692, 0.81581, 7.2366, -0.38506, -0.275, 0.69511, -0.66418, 0.80, 0.80, 0.80, 1.00, 0.37774, 0.61106
2257, 690, 0.24235, 6.85594, -0.43502, -0.36281, 0.29954, -0.88239, 0.80, 0.80, 0.80, 1.00, 0.27485, 0.6832
2258, 693, 0.35156, 7.33688, -0.30512, -0.28087, 0.59364, -0.7541, 0.80, 0.80, 0.80, 1.00, 0.27654, 0.6179
2259, 692, 0.81581, 7.2366, -0.38506, -0.275, 0.69511, -0.66418, 0.80, 0.80, 0.80, 1.00, 0.37774, 0.61106
2260, 693, 0.35156, 7.33688, -0.30512, -0.28087, 0.59364, -0.7541, 0.80, 0.80, 0.80, 1.00, 0.27654, 0.6179
2261, 694, 0.44943, 7.48897, -0.11927, -0.06163, 0.90221, -0.42682, 0.80, 0.80, 0.80, 1.00, 0.27654, 0.59
2262, 692, 0.81581, 7.2366, -0.38506, -0.275, 0.69511, -0.66418, 0.80, 0.80, 0.80, 1.00, 0.37774, 0.61106
2263, 694, 0.44943, 7.48897, -0.11927, -0.06163, 0.90221, -0.42682, 0.80, 0.80, 0.80, 1.00, 0.27654, 0.59
2264, 678, 0.79759, 7.31639, -0.18942, -0.31677, 0.94501, 0.08023, 0.80, 0.80, 0.80, 1.00, 0.3779, 0.58894
2265, 676, 0.61227, 7.51983, 0.3312, 0.2495, 0.95589, -0.15487, 0.80, 0.80, 0.80, 1.00, 0.26807, 0.56472
2266, 678, 0.79759, 7.31639, -0.18942, -0.31677, 0.94501, 0.08023, 0.80, 0.80, 0.80, 1.00, 0.3779, 0.58894
2267, 694, 0.44943, 7.48897, -0.11927, -0.06163, 0.90221, -0.42682, 0.80, 0.80, 0.80, 1.00, 0.27654, 0.59
2268, 687, 0.03949, 5.62395, -0.58851, -0.26152, -0.07879, -0.96197, 0.80, 0.80, 0.80, 1.00, 0.25791, 0.83751
2269, 653, -0.19653, 5.20544, -0.33585, -0.44702, 0.06707, -0.89201, 0.80, 0.80, 0.80, 1.00, 0.19239, 0.8691
2270, 654, -0.20584, 5.60841, -0.36516, -0.47123, 0.06639, -0.8795, 0.80, 0.80, 0.80, 1.00, 0.19239, 0.83712
2271, 688, 0.06891, 5.20653, -0.48746, -0.30822, 0.15312, -0.93891, 0.80, 0.80, 0.80, 1.00, 0.25453, 0.86896
2272, 653, -0.19653, 5.20544, -0.33585, -0.44702, 0.06707, -0.89201, 0.80, 0.80, 0.80, 1.00, 0.19239, 0.8691
2273, 687, 0.03949, 5.62395, -0.58851, -0.26152, -0.07879, -0.96197, 0.80, 0.80, 0.80, 1.00, 0.25791, 0.83751
2274, 689, 0.04673, 5.80045, -0.57784, -0.4619, -0.06603, -0.88446, 0.80, 0.80, 0.80, 1.00, 0.25961, 0.81486
2275, 654, -0.20584, 5.60841, -0.36516, -0.47123, 0.06639, -0.8795, 0.80, 0.80, 0.80, 1.00, 0.19239, 0.83712
2276, 655, -0.20593, 5.76668, -0.35207, -0.46932, -0.01676, -0.88286, 0.80, 0.80, 0.80, 1.00, 0.19239, 0.81677
2277, 654, -0.20584, 5.60841, -0.36516, -0.47123, 0.06639, -0.8795, 0.80, 0.80, 0.80, 1.00, 0.19239, 0.83712
2278, 689, 0.04673, 5.80045, -0.57784, -0.4619, -0.06603, -0.88446, 0.80, 0.80, 0.80, 1.00, 0.25961, 0.81486
2279, 687, 0.03949, 5.62395, -0.58851, -0.26152, -0.07879, -0.96197, 0.80, 0.80, 0.80, 1.00, 0.25791, 0.83751
2280, 656, -0.08686, 6.88665, -0.18377, -0.38488, 0.25242, -0.88776, 0.80, 0.80, 0.80, 1.00, 0.19239, 0.67902
2281, 689, 0.04673, 5.80045, -0.57784, -0.4619, -0.06603, -0.88446, 0.80, 0.80, 0.80, 1.00, 0.25961, 0.81486
2282, 655, -0.20593, 5.76668, -0.35207, -0.46932, -0.01676, -0.88286, 0.80, 0.80, 0.80, 1.00, 0.19239, 0.81677
2283, 690, 0.24235, 6.85594, -0.43502, -0.36281, 0.29954, -0.88239, 0.80, 0.80, 0.80, 1.00, 0.27485, 0.6832
2284, 689, 0.04673, 5.80045, -0.57784, -0.4619, -0.06603, -0.88446, 0.80, 0.80, 0.80, 1.00, 0.25961, 0.81486
2285, 656, -0.08686, 6.88665, -0.18377, -0.38488, 0.25242, -0.88776, 0.80, 0.80, 0.80, 1.00, 0.19239, 0.67902
2286, 657, 0.04735, 7.44777, 0.00602, -0.28657, 0.60987, -0.73885, 0.80, 0.80, 0.80, 1.00, 0.19239, 0.6012
2287, 690, 0.24235, 6.85594, -0.43502, -0.36281, 0.29954, -0.88239, 0.80, 0.80, 0.80, 1.00, 0.27485, 0.6832
2288, 656, -0.08686, 6.88665, -0.18377, -0.38488, 0.25242, -0.88776, 0.80, 0.80, 0.80, 1.00, 0.19239, 0.67902
2289, 693, 0.35156, 7.33688, -0.30512, -0.28087, 0.59364, -0.7541, 0.80, 0.80, 0.80, 1.00, 0.27654, 0.6179
2290, 690, 0.24235, 6.85594, -0.43502, -0.36281, 0.29954, -0.88239, 0.80, 0.80, 0.80, 1.00, 0.27485, 0.6832
2291, 657, 0.04735, 7.44777, 0.00602, -0.28657, 0.60987, -0.73885, 0.80, 0.80, 0.80, 1.00, 0.19239, 0.6012
2292, 694, 0.44943, 7.48897, -0.11927, -0.06163, 0.90221, -0.42682, 0.80, 0.80, 0.80, 1.00, 0.27654, 0.59
2293, 693, 0.35156, 7.33688, -0.30512, -0.28087, 0.59364, -0.7541, 0.80, 0.80, 0.80, 1.00, 0.27654, 0.6179
2294, 657, 0.04735, 7.44777, 0.00602, -0.28657, 0.60987, -0.73885, 0.80, 0.80, 0.80, 1.00, 0.19239, 0.6012
2295, 658, 0.10812, 7.53985, 0.12185, -0.08304, 0.93175, -0.35342, 0.80, 0.80, 0.80, 1.00, 0.19239, 0.58414
2296, 694, 0.44943, 7.48897, -0.11927, -0.06163, 0.90221, -0.42682, 0.80, 0.80, 0.80, 1.00, 0.27654, 0.59
2297, 657, 0.04735, 7.44777, 0.00602, -0.28657, 0.60987, -0.73885, 0.80, 0.80, 0.80, 1.00, 0.19239, 0.6012
2298, 676, 0.61227, 7.51983, 0.3312, 0.2495, 0.95589, -0.15487, 0.80, 0.80, 0.80, 1.00, 0.26807, 0.56472
2299, 694, 0.44943, 7.48897, -0.11927, -0.06163, 0.90221, -0.42682, 0.80, 0.80, 0.80, 1.00, 0.27654, 0.59
2300, 658, 0.10812, 7.53985, 0.12185, -0.08304, 0.93175, -0.35342, 0.80, 0.80, 0.80, 1.00, 0.19239, 0.58414
2301, 659, 0.23686, 7.66943, 0.37931, -0.10785, 0.90864, -0.40337, 0.80, 0.80, 0.80, 1.00, 0.19239, 0.55536
2302, 676, 0.61227, 7.51983, 0.3312, 0.2495, 0.95589, -0.15487, 0.80, 0.80, 0.80, 1.00, 0.26807, 0.56472
2303, 658, 0.10812, 7.53985, 0.12185, -0.08304, 0.93175, -0.35342, 0.80, 0.80, 0.80, 1.00, 0.19239, 0.58414
2304, 680, 0.57944, 5.18227, -0.34139, 0.39579, 0.1786, -0.90081, 0.80, 0.80, 0.80, 1.00, 0.33412, 0.87207
2305, 695, 0.62024, 5.05541, -0.38488, 0.38898, 0.4027, -0.82857, 0.80, 0.80, 0.80, 1.00, 0.34551, 0.88833
2306, 681, 0.21379, 5.21555, -0.49545, 0.21517, 0.11065, -0.97029, 0.80, 0.80, 0.80, 1.00, 0.28162, 0.8678
2307, 681, 0.21379, 5.21555, -0.49545, 0.21517, 0.11065, -0.97029, 0.80, 0.80, 0.80, 1.00, 0.28162, 0.8678
2308, 695, 0.62024, 5.05541, -0.38488, 0.38898, 0.4027, -0.82857, 0.80, 0.80, 0.80, 1.00, 0.34551, 0.88833
2309, 696, 0.25482, 5.05541, -0.55704, 0.19564, 0.32931, -0.92373, 0.80, 0.80, 0.80, 1.00, 0.29471, 0.88833
2310, 681, 0.21379, 5.21555, -0.49545, 0.21517, 0.11065, -0.97029, 0.80, 0.80, 0.80, 1.00, 0.28162, 0.8678
2311, 697, 0.05529, 5.05541, -0.55009, -0.2204, 0.38472, -0.89633, 0.80, 0.80, 0.80, 1.00, 0.25776, 0.88833
2312, 688, 0.06891, 5.20653, -0.48746, -0.30822, 0.15312, -0.93891, 0.80, 0.80, 0.80, 1.00, 0.25453, 0.86896
2313, 696, 0.25482, 5.05541, -0.55704, 0.19564, 0.32931, -0.92373, 0.80, 0.80, 0.80, 1.00, 0.29471, 0.88833
2314, 697, 0.05529, 5.05541, -0.55009, -0.2204, 0.38472, -0.89633, 0.80, 0.80, 0.80, 1.00, 0.25776, 0.88833
2315, 681, 0.21379, 5.21555, -0.49545, 0.21517, 0.11065, -0.97029, 0.80, 0.80, 0.80, 1.00, 0.28162, 0.8678
2316, 688, 0.06891, 5.20653, -0.48746, -0.30822, 0.15312, -0.93891, 0.80, 0.80, 0.80, 1.00, 0.25453, 0.86896
2317, 663, -0.23518, 5.05541, -0.41299, -0.40363, 0.434, -0.80544, 0.80, 0.80, 0.80, 1.00, 0.19239, 0.88833
2318, 653, -0.19653, 5.20544, -0.33585, -0.44702, 0.06707, -0.89201, 0.80, 0.80, 0.80, 1.00, 0.19239, 0.8691
2319, 697, 0.05529, 5.05541, -0.55009, -0.2204, 0.38472, -0.89633, 0.80, 0.80, 0.80, 1.00, 0.25776, 0.88833
2320, 663, -0.23518, 5.05541, -0.41299, -0.40363, 0.434, -0.80544, 0.80, 0.80, 0.80, 1.00, 0.19239, 0.88833
2321, 688, 0.06891, 5.20653, -0.48746, -0.30822, 0.15312, -0.93891, 0.80, 0.80, 0.80, 1.00, 0.25453, 0.86896
2322, 695, 0.62024, 5.05541, -0.38488, 0.38898, 0.4027, -0.82857, 0.80, 0.80, 0.80, 1.00, 0.34551, 0.88833
2323, 698, 0.65527, 4.93547, -0.42359, 0.39871, 0.19545, -0.89601, 0.80, 0.80, 0.80, 1.00, 0.35542, 0.9037
2324, 696, 0.25482, 5.05541, -0.55704, 0.19564, 0.32931, -0.92373, 0.80, 0.80, 0.80, 1.00, 0.29471, 0.88833
2325, 696, 0.25482, 5.05541, -0.55704, 0.19564, 0.32931, -0.92373, 0.80, 0.80, 0.80, 1.00, 0.29471, 0.88833
2326, 698, 0.65527, 4.93547, -0.42359, 0.39871, 0.19545, -0.89601, 0.80, 0.80, 0.80, 1.00, 0.35542, 0.9037
2327, 699, 0.27422, 4.93832, -0.57909, 0.22007, 0.16836, -0.96085, 0.80, 0.80, 0.80, 1.00, 0.30025, 0.90333
2328, 698, 0.65527, 4.93547, -0.42359, 0.39871, 0.19545, -0.89601, 0.80, 0.80, 0.80, 1.00, 0.35542, 0.9037
2329, 700, 0.75307, 4.61348, -0.33523, 0.44005, 0.06863, -0.89535, 0.80, 0.80, 0.80, 1.00, 0.36746, 0.95368
2330, 701, 0.29921, 4.59521, -0.5597, 0.18209, 0.03377, -0.9827, 0.80, 0.80, 0.80, 1.00, 0.30533, 0.95603
2331, 699, 0.27422, 4.93832, -0.57909, 0.22007, 0.16836, -0.96085, 0.80, 0.80, 0.80, 1.00, 0.30025, 0.90333
2332, 698, 0.65527, 4.93547, -0.42359, 0.39871, 0.19545, -0.89601, 0.80, 0.80, 0.80, 1.00, 0.35542, 0.9037
2333, 701, 0.29921, 4.59521, -0.5597, 0.18209, 0.03377, -0.9827, 0.80, 0.80, 0.80, 1.00, 0.30533, 0.95603
2334, 699, 0.27422, 4.93832, -0.57909, 0.22007, 0.16836, -0.96085, 0.80, 0.80, 0.80, 1.00, 0.30025, 0.90333
2335, 701, 0.29921, 4.59521, -0.5597, 0.18209, 0.03377, -0.9827, 0.80, 0.80, 0.80, 1.00, 0.30533, 0.95603
2336, 702, 0.03381, 4.93475, -0.59464, -0.18153, 0.16986, -0.9686, 0.80, 0.80, 0.80, 1.00, 0.25791, 0.90379
2337, 701, 0.29921, 4.59521, -0.5597, 0.18209, 0.03377, -0.9827, 0.80, 0.80, 0.80, 1.00, 0.30533, 0.95603
2338, 703, 0.04837, 4.60471, -0.54034, -0.30772, -0.09064, -0.94715, 0.80, 0.80, 0.80, 1.00, 0.25791, 0.95481
2339, 702, 0.03381, 4.93475, -0.59464, -0.18153, 0.16986, -0.9686, 0.80, 0.80, 0.80, 1.00, 0.25791, 0.90379
2340, 696, 0.25482, 5.05541, -0.55704, 0.19564, 0.32931, -0.92373, 0.80, 0.80, 0.80, 1.00, 0.29471, 0.88833
2341, 702, 0.03381, 4.93475, -0.59464, -0.18153, 0.16986, -0.9686, 0.80, 0.80, 0.80, 1.00, 0.25791, 0.90379
2342, 697, 0.05529, 5.05541, -0.55009, -0.2204, 0.38472, -0.89633, 0.80, 0.80, 0.80, 1.00, 0.25776, 0.88833
2343, 696, 0.25482, 5.05541, -0.55704, 0.19564, 0.32931, -0.92373, 0.80, 0.80, 0.80, 1.00, 0.29471, 0.88833
2344, 699, 0.27422, 4.93832, -0.57909, 0.22007, 0.16836, -0.96085, 0.80, 0.80, 0.80, 1.00, 0.30025, 0.90333
2345, 702, 0.03381, 4.93475, -0.59464, -0.18153, 0.16986, -0.9686, 0.80, 0.80, 0.80, 1.00, 0.25791, 0.90379
2346, 702, 0.03381, 4.93475, -0.59464, -0.18153, 0.16986, -0.9686, 0.80, 0.80, 0.80, 1.00, 0.25791, 0.90379
2347, 670, -0.2394, 4.59711, -0.39616, -0.4474, -0.05266, -0.89278, 0.80, 0.80, 0.80, 1.00, 0.19239, 0.95578
2348, 671, -0.25929, 4.93903, -0.46109, -0.43061, 0.27606, -0.85928, 0.80, 0.80, 0.80, 1.00, 0.19239, 0.90324
2349, 670, -0.2394, 4.59711, -0.39616, -0.4474, -0.05266, -0.89278, 0.80, 0.80, 0.80, 1.00, 0.19239, 0.95578
2350, 702, 0.03381, 4.93475, -0.59464, -0.18153, 0.16986, -0.9686, 0.80, 0.80, 0.80, 1.00, 0.25791, 0.90379
2351, 703, 0.04837, 4.60471, -0.54034, -0.30772, -0.09064, -0.94715, 0.80, 0.80, 0.80, 1.00, 0.25791, 0.95481
2352, 697, 0.05529, 5.05541, -0.55009, -0.2204, 0.38472, -0.89633, 0.80, 0.80, 0.80, 1.00, 0.25776, 0.88833
2353, 671, -0.25929, 4.93903, -0.46109, -0.43061, 0.27606, -0.85928, 0.80, 0.80, 0.80, 1.00, 0.19239, 0.90324
2354, 663, -0.23518, 5.05541, -0.41299, -0.40363, 0.434, -0.80544, 0.80, 0.80, 0.80, 1.00, 0.19239, 0.88833
2355, 697, 0.05529, 5.05541, -0.55009, -0.2204, 0.38472, -0.89633, 0.80, 0.80, 0.80, 1.00, 0.25776, 0.88833
2356, 702, 0.03381, 4.93475, -0.59464, -0.18153, 0.16986, -0.9686, 0.80, 0.80, 0.80, 1.00, 0.25791, 0.90379
2357, 671, -0.25929, 4.93903, -0.46109, -0.43061, 0.27606, -0.85928, 0.80, 0.80, 0.80, 1.00, 0.19239, 0.90324
2358, 700, 0.75307, 4.61348, -0.33523, 0.44005, 0.06863, -0.89535, 0.80, 0.80, 0.80, 1.00, 0.36746, 0.95368
2359, 704, 0.68139, 4.47334, -0.36978, 0.14134, 0.45599, -0.87869, 0.80, 0.80, 0.80, 1.00, 0.3754, 0.99597
2360, 701, 0.29921, 4.59521, -0.5597, 0.18209, 0.03377, -0.9827, 0.80, 0.80, 0.80, 1.00, 0.30533, 0.95603
2361, 701, 0.29921, 4.59521, -0.5597, 0.18209, 0.03377, -0.9827, 0.80, 0.80, 0.80, 1.00, 0.30533, 0.95603
2362, 704, 0.68139, 4.47334, -0.36978, 0.14134, 0.45599, -0.87869, 0.80, 0.80, 0.80, 1.00, 0.3754, 0.99597
2363, 705, 0.23763, 4.36629, -0.48834, -0.1297, 0.29548, -0.94651, 0.80, 0.80, 0.80, 1.00, 0.31491, 0.99604
2364, 701, 0.29921, 4.59521, -0.5597, 0.18209, 0.03377, -0.9827, 0.80, 0.80, 0.80, 1.00, 0.30533, 0.95603
2365, 706, 0.02128, 4.2634, -0.41295, -0.42609, 0.05033, -0.90328, 0.80, 0.80, 0.80, 1.00, 0.26598, 0.99611
2366, 703, 0.04837, 4.60471, -0.54034, -0.30772, -0.09064, -0.94715, 0.80, 0.80, 0.80, 1.00, 0.25791, 0.95481
2367, 705, 0.23763, 4.36629, -0.48834, -0.1297, 0.29548, -0.94651, 0.80, 0.80, 0.80, 1.00, 0.31491, 0.99604
2368, 706, 0.02128, 4.2634, -0.41295, -0.42609, 0.05033, -0.90328, 0.80, 0.80, 0.80, 1.00, 0.26598, 0.99611
2369, 701, 0.29921, 4.59521, -0.5597, 0.18209, 0.03377, -0.9827, 0.80, 0.80, 0.80, 1.00, 0.30533, 0.95603
2370, 703, 0.04837, 4.60471, -0.54034, -0.30772, -0.09064, -0.94715, 0.80, 0.80, 0.80, 1.00, 0.25791, 0.95481
2371, 675, -0.20834, 4.28384, -0.33418, -0.43886, -0.20118, -0.87574, 0.80, 0.80, 0.80, 1.00, 0.19239, 0.99593
2372, 670, -0.2394, 4.59711, -0.39616, -0.4474, -0.05266, -0.89278, 0.80, 0.80, 0.80, 1.00, 0.19239, 0.95578
2373, 675, -0.20834, 4.28384, -0.33418, -0.43886, -0.20118, -0.87574, 0.80, 0.80, 0.80, 1.00, 0.19239, 0.99593
2374, 703, 0.04837, 4.60471, -0.54034, -0.30772, -0.09064, -0.94715, 0.80, 0.80, 0.80, 1.00, 0.25791, 0.95481
2375, 706, 0.02128, 4.2634, -0.41295, -0.42609, 0.05033, -0.90328, 0.80, 0.80, 0.80, 1.00, 0.26598, 0.99611
2376, 707, -0.17495, 5.45597, 0.66663, -0.22687, -0.35223, 0.90799, 0.80, 0.80, 0.80, 1.00, 0.73749, 0.84695
2377, 708, 0.26915, 5.14969, 0.59339, 0.44776, 0.03444, 0.89349, 0.80, 0.80, 0.80, 1.00, 0.63385, 0.87519
2378, 709, 0.28266, 5.49845, 0.54311, 0.44081, -0.42122, 0.79262, 0.80, 0.80, 0.80, 1.00, 0.63385, 0.84348
2379, 708, 0.26915, 5.14969, 0.59339, 0.44776, 0.03444, 0.89349, 0.80, 0.80, 0.80, 1.00, 0.63385, 0.87519
2380, 707, -0.17495, 5.45597, 0.66663, -0.22687, -0.35223, 0.90799, 0.80, 0.80, 0.80, 1.00, 0.73749, 0.84695
2381, 710, -0.23813, 5.18297, 0.70804, -0.32091, 0.16224, 0.93311, 0.80, 0.80, 0.80, 1.00, 0.74539, 0.87156
2382, 709, 0.28266, 5.49845, 0.54311, 0.44081, -0.42122, 0.79262, 0.80, 0.80, 0.80, 1.00, 0.63385, 0.84348
2383, 711, 0.34137, 5.66143, 0.66703, 0.44978, -0.36763, 0.81396, 0.80, 0.80, 0.80, 1.00, 0.63385, 0.82468
2384, 712, -0.27145, 5.66114, 0.83447, -0.11468, -0.37909, 0.91822, 0.80, 0.80, 0.80, 1.00, 0.73768, 0.82474
2385, 709, 0.28266, 5.49845, 0.54311, 0.44081, -0.42122, 0.79262, 0.80, 0.80, 0.80, 1.00, 0.63385, 0.84348
2386, 712, -0.27145, 5.66114, 0.83447, -0.11468, -0.37909, 0.91822, 0.80, 0.80, 0.80, 1.00, 0.73768, 0.82474
2387, 707, -0.17495, 5.45597, 0.66663, -0.22687, -0.35223, 0.90799, 0.80, 0.80, 0.80, 1.00, 0.73749, 0.84695
2388, 712, -0.27145, 5.66114, 0.83447, -0.11468, -0.37909, 0.91822, 0.80, 0.80, 0.80, 1.00, 0.73768, 0.82474
2389, 713, -0.37532, 6.15539, 0.80382, -0.12161, -0.49013, 0.86311, 0.80, 0.80, 0.80, 1.00, 0.747, 0.74537
2390, 714, -0.58282, 6.2745, 0.73671, -0.70996, -0.26752, 0.65145, 0.80, 0.80, 0.80, 1.00, 0.80067, 0.74405
2391, 712, -0.27145, 5.66114, 0.83447, -0.11468, -0.37909, 0.91822, 0.80, 0.80, 0.80, 1.00, 0.73768, 0.82474
2392, 711, 0.34137, 5.66143, 0.66703, 0.44978, -0.36763, 0.81396, 0.80, 0.80, 0.80, 1.00, 0.63385, 0.82468
2393, 715, 0.22381, 6.0463, 0.65028, 0.30904, -0.54882, 0.77669, 0.80, 0.80, 0.80, 1.00, 0.63385, 0.74442
2394, 713, -0.37532, 6.15539, 0.80382, -0.12161, -0.49013, 0.86311, 0.80, 0.80, 0.80, 1.00, 0.747, 0.74537
2395, 716, -0.20489, 6.43348, 1.12499, -0.10036, -0.10009, 0.98989, 0.80, 0.80, 0.80, 1.00, 0.747, 0.72113
2396, 714, -0.58282, 6.2745, 0.73671, -0.70996, -0.26752, 0.65145, 0.80, 0.80, 0.80, 1.00, 0.80067, 0.74405
2397, 714, -0.58282, 6.2745, 0.73671, -0.70996, -0.26752, 0.65145, 0.80, 0.80, 0.80, 1.00, 0.80067, 0.74405
2398, 716, -0.20489, 6.43348, 1.12499, -0.10036, -0.10009, 0.98989, 0.80, 0.80, 0.80, 1.00, 0.747, 0.72113
2399, 717, -0.41859, 6.52652, 1.04914, -0.52241, -0.04612, 0.85143, 0.80, 0.80, 0.80, 1.00, 0.80067, 0.71913
2400, 716, -0.20489, 6.43348, 1.12499, -0.10036, -0.10009, 0.98989, 0.80, 0.80, 0.80, 1.00, 0.747, 0.72113
2401, 718, 0.41769, 7.12978, 0.8741, 0.42122, 0.21725, 0.88053, 0.80, 0.80, 0.80, 1.00, 0.63385, 0.63694
2402, 719, -0.33283, 7.36384, 0.94404, -0.01428, 0.58699, 0.80937, 0.80, 0.80, 0.80, 1.00, 0.7742, 0.6389
2403, 720, 0.39705, 6.3442, 0.97394, 0.38103, -0.27336, 0.88321, 0.80, 0.80, 0.80, 1.00, 0.63385, 0.72087
2404, 718, 0.41769, 7.12978, 0.8741, 0.42122, 0.21725, 0.88053, 0.80, 0.80, 0.80, 1.00, 0.63385, 0.63694
2405, 716, -0.20489, 6.43348, 1.12499, -0.10036, -0.10009, 0.98989, 0.80, 0.80, 0.80, 1.00, 0.747, 0.72113
2406, 710, -0.23813, 5.18297, 0.70804, -0.32091, 0.16224, 0.93311, 0.80, 0.80, 0.80, 1.00, 0.74539, 0.87156
2407, 707, -0.17495, 5.45597, 0.66663, -0.22687, -0.35223, 0.90799, 0.80, 0.80, 0.80, 1.00, 0.73749, 0.84695
2408, 721, -0.52999, 5.52713, 0.34234, -0.65549, -0.17933, 0.73359, 0.80, 0.80, 0.80, 1.00, 0.80909, 0.84596
2409, 710, -0.23813, 5.18297, 0.70804, -0.32091, 0.16224, 0.93311, 0.80, 0.80, 0.80, 1.00, 0.74539, 0.87156
2410, 721, -0.52999, 5.52713, 0.34234, -0.65549, -0.17933, 0.73359, 0.80, 0.80, 0.80, 1.00, 0.80909, 0.84596
2411, 722, -0.53758, 5.16633, 0.40759, -0.67499, 0.28321, 0.6813, 0.80, 0.80, 0.80, 1.00, 0.79666, 0.87338
2412, 721, -0.52999, 5.52713, 0.34234, -0.65549, -0.17933, 0.73359, 0.80, 0.80, 0.80, 1.00, 0.80909, 0.84596
2413, 707, -0.17495, 5.45597, 0.66663, -0.22687, -0.35223, 0.90799, 0.80, 0.80, 0.80, 1.00, 0.73749, 0.84695
2414, 723, -0.62547, 5.70526, 0.40822, -0.66605, -0.41126, 0.62228, 0.80, 0.80, 0.80, 1.00, 0.81059, 0.82602
2415, 707, -0.17495, 5.45597, 0.66663, -0.22687, -0.35223, 0.90799, 0.80, 0.80, 0.80, 1.00, 0.73749, 0.84695
2416, 712, -0.27145, 5.66114, 0.83447, -0.11468, -0.37909, 0.91822, 0.80, 0.80, 0.80, 1.00, 0.73768, 0.82474
2417, 723, -0.62547, 5.70526, 0.40822, -0.66605, -0.41126, 0.62228, 0.80, 0.80, 0.80, 1.00, 0.81059, 0.82602
2418, 723, -0.62547, 5.70526, 0.40822, -0.66605, -0.41126, 0.62228, 0.80, 0.80, 0.80, 1.00, 0.81059, 0.82602
2419, 712, -0.27145, 5.66114, 0.83447, -0.11468, -0.37909, 0.91822, 0.80, 0.80, 0.80, 1.00, 0.73768, 0.82474
2420, 714, -0.58282, 6.2745, 0.73671, -0.70996, -0.26752, 0.65145, 0.80, 0.80, 0.80, 1.00, 0.80067, 0.74405
2421, 723, -0.62547, 5.70526, 0.40822, -0.66605, -0.41126, 0.62228, 0.80, 0.80, 0.80, 1.00, 0.81059, 0.82602
2422, 714, -0.58282, 6.2745, 0.73671, -0.70996, -0.26752, 0.65145, 0.80, 0.80, 0.80, 1.00, 0.80067, 0.74405
2423, 724, -0.73662, 6.5369, 0.51235, -0.78247, -0.31033, 0.53983, 0.80, 0.80, 0.80, 1.00, 0.83713, 0.73723
2424, 724, -0.73662, 6.5369, 0.51235, -0.78247, -0.31033, 0.53983, 0.80, 0.80, 0.80, 1.00, 0.83713, 0.73723
2425, 714, -0.58282, 6.2745, 0.73671, -0.70996, -0.26752, 0.65145, 0.80, 0.80, 0.80, 1.00, 0.80067, 0.74405
2426, 725, -0.68467, 6.8152, 0.98098, -0.56585, 0.07822, 0.82072, 0.80, 0.80, 0.80, 1.00, 0.83816, 0.70727
2427, 725, -0.68467, 6.8152, 0.98098, -0.56585, 0.07822, 0.82072, 0.80, 0.80, 0.80, 1.00, 0.83816, 0.70727
2428, 714, -0.58282, 6.2745, 0.73671, -0.70996, -0.26752, 0.65145, 0.80, 0.80, 0.80, 1.00, 0.80067, 0.74405
2429, 717, -0.41859, 6.52652, 1.04914, -0.52241, -0.04612, 0.85143, 0.80, 0.80, 0.80, 1.00, 0.80067, 0.71913
2430, 725, -0.68467, 6.8152, 0.98098, -0.56585, 0.07822, 0.82072, 0.80, 0.80, 0.80, 1.00, 0.83816, 0.70727
2431, 717, -0.41859, 6.52652, 1.04914, -0.52241, -0.04612, 0.85143, 0.80, 0.80, 0.80, 1.00, 0.80067, 0.71913
2432, 719, -0.33283, 7.36384, 0.94404, -0.01428, 0.58699, 0.80937, 0.80, 0.80, 0.80, 1.00, 0.7742, 0.6389
2433, 725, -0.68467, 6.8152, 0.98098, -0.56585, 0.07822, 0.82072, 0.80, 0.80, 0.80, 1.00, 0.83816, 0.70727
2434, 719, -0.33283, 7.36384, 0.94404, -0.01428, 0.58699, 0.80937, 0.80, 0.80, 0.80, 1.00, 0.7742, 0.6389
2435, 726, -0.53455, 7.35591, 0.95128, 0.01284, 0.47624, 0.87913, 0.80, 0.80, 0.80, 1.00, 0.83797, 0.64565
2436, 718, 0.41769, 7.12978, 0.8741, 0.42122, 0.21725, 0.88053, 0.80, 0.80, 0.80, 1.00, 0.63385, 0.63694
2437, 727, 0.07574, 7.32779, 0.8661, 0.12206, 0.60019, 0.79047, 0.80, 0.80, 0.80, 1.00, 0.69503, 0.62512
2438, 719, -0.33283, 7.36384, 0.94404, -0.01428, 0.58699, 0.80937, 0.80, 0.80, 0.80, 1.00, 0.7742, 0.6389
2439, 719, -0.33283, 7.36384, 0.94404, -0.01428, 0.58699, 0.80937, 0.80, 0.80, 0.80, 1.00, 0.7742, 0.6389
2440, 727, 0.07574, 7.32779, 0.8661, 0.12206, 0.60019, 0.79047, 0.80, 0.80, 0.80, 1.00, 0.69503, 0.62512
2441, 728, -0.58441, 7.49638, 0.75504, 0.0982, 0.87087, 0.48145, 0.80, 0.80, 0.80, 1.00, 0.83807, 0.63116
2442, 719, -0.33283, 7.36384, 0.94404, -0.01428, 0.58699, 0.80937, 0.80, 0.80, 0.80, 1.00, 0.7742, 0.6389
2443, 728, -0.58441, 7.49638, 0.75504, 0.0982, 0.87087, 0.48145, 0.80, 0.80, 0.80, 1.00, 0.83807, 0.63116
2444, 726, -0.53455, 7.35591, 0.95128, 0.01284, 0.47624, 0.87913, 0.80, 0.80, 0.80, 1.00, 0.83797, 0.64565
2445, 728, -0.58441, 7.49638, 0.75504, 0.0982, 0.87087, 0.48145, 0.80, 0.80, 0.80, 1.00, 0.83807, 0.63116
2446, 727, 0.07574, 7.32779, 0.8661, 0.12206, 0.60019, 0.79047, 0.80, 0.80, 0.80, 1.00, 0.69503, 0.62512
2447, 729, -0.06189, 7.57674, 0.63966, 0.08099, 0.69477, 0.71464, 0.80, 0.80, 0.80, 1.00, 0.70451, 0.61042
2448, 722, -0.53758, 5.16633, 0.40759, -0.67499, 0.28321, 0.6813, 0.80, 0.80, 0.80, 1.00, 0.79666, 0.87338
2449, 721, -0.52999, 5.52713, 0.34234, -0.65549, -0.17933, 0.73359, 0.80, 0.80, 0.80, 1.00, 0.80909, 0.84596
2450, 730, -0.66218, 5.51647, 0.23489, -0.62793, -0.24233, 0.73957, 0.80, 0.80, 0.80, 1.00, 0.83039, 0.84807
2451, 722, -0.53758, 5.16633, 0.40759, -0.67499, 0.28321, 0.6813, 0.80, 0.80, 0.80, 1.00, 0.79666, 0.87338
2452, 730, -0.66218, 5.51647, 0.23489, -0.62793, -0.24233, 0.73957, 0.80, 0.80, 0.80, 1.00, 0.83039, 0.84807
2453, 731, -0.66542, 5.18227, 0.28246, -0.67077, 0.20824, 0.71183, 0.80, 0.80, 0.80, 1.00, 0.81639, 0.87164
2454, 730, -0.66218, 5.51647, 0.23489, -0.62793, -0.24233, 0.73957, 0.80, 0.80, 0.80, 1.00, 0.83039, 0.84807
2455, 721, -0.52999, 5.52713, 0.34234, -0.65549, -0.17933, 0.73359, 0.80, 0.80, 0.80, 1.00, 0.80909, 0.84596
2456, 723, -0.62547, 5.70526, 0.40822, -0.66605, -0.41126, 0.62228, 0.80, 0.80, 0.80, 1.00, 0.81059, 0.82602
2457, 730, -0.66218, 5.51647, 0.23489, -0.62793, -0.24233, 0.73957, 0.80, 0.80, 0.80, 1.00, 0.83039, 0.84807
2458, 723, -0.62547, 5.70526, 0.40822, -0.66605, -0.41126, 0.62228, 0.80, 0.80, 0.80, 1.00, 0.81059, 0.82602
2459, 732, -0.75033, 5.71151, 0.29823, -0.57965, -0.30979, 0.75368, 0.80, 0.80, 0.80, 1.00, 0.84244, 0.82475
2460, 732, -0.75033, 5.71151, 0.29823, -0.57965, -0.30979, 0.75368, 0.80, 0.80, 0.80, 1.00, 0.84244, 0.82475
2461, 724, -0.73662, 6.5369, 0.51235, -0.78247, -0.31033, 0.53983, 0.80, 0.80, 0.80, 1.00, 0.83713, 0.73723
2462, 733, -0.77335, 6.55744, 0.49047, -0.62879, -0.44531, 0.63743, 0.80, 0.80, 0.80, 1.00, 0.83841, 0.73597
2463, 732, -0.75033, 5.71151, 0.29823, -0.57965, -0.30979, 0.75368, 0.80, 0.80, 0.80, 1.00, 0.84244, 0.82475
2464, 723, -0.62547, 5.70526, 0.40822, -0.66605, -0.41126, 0.62228, 0.80, 0.80, 0.80, 1.00, 0.81059, 0.82602
2465, 724, -0.73662, 6.5369, 0.51235, -0.78247, -0.31033, 0.53983, 0.80, 0.80, 0.80, 1.00, 0.83713, 0.73723
2466, 733, -0.77335, 6.55744, 0.49047, -0.62879, -0.44531, 0.63743, 0.80, 0.80, 0.80, 1.00, 0.83841, 0.73597
2467, 724, -0.73662, 6.5369, 0.51235, -0.78247, -0.31033, 0.53983, 0.80, 0.80, 0.80, 1.00, 0.83713, 0.73723
2468, 725, -0.68467, 6.8152, 0.98098, -0.56585, 0.07822, 0.82072, 0.80, 0.80, 0.80, 1.00, 0.83816, 0.70727
2469, 734, 0.27191, 5.05541, 0.59892, 0.44793, -0.02021, 0.89384, 0.80, 0.80, 0.80, 1.00, 0.63385, 0.88546
2470, 708, 0.26915, 5.14969, 0.59339, 0.44776, 0.03444, 0.89349, 0.80, 0.80, 0.80, 1.00, 0.63385, 0.87519
2471, 710, -0.23813, 5.18297, 0.70804, -0.32091, 0.16224, 0.93311, 0.80, 0.80, 0.80, 1.00, 0.74539, 0.87156
2472, 734, 0.27191, 5.05541, 0.59892, 0.44793, -0.02021, 0.89384, 0.80, 0.80, 0.80, 1.00, 0.63385, 0.88546
2473, 710, -0.23813, 5.18297, 0.70804, -0.32091, 0.16224, 0.93311, 0.80, 0.80, 0.80, 1.00, 0.74539, 0.87156
2474, 735, -0.24856, 5.05541, 0.71594, -0.18335, 0.03723, 0.98234, 0.80, 0.80, 0.80, 1.00, 0.73225, 0.88546
2475, 735, -0.24856, 5.05541, 0.71594, -0.18335, 0.03723, 0.98234, 0.80, 0.80, 0.80, 1.00, 0.73225, 0.88546
2476, 710, -0.23813, 5.18297, 0.70804, -0.32091, 0.16224, 0.93311, 0.80, 0.80, 0.80, 1.00, 0.74539, 0.87156
2477, 736, -0.59987, 5.05541, 0.4369, -0.6638, 0.34466, 0.66377, 0.80, 0.80, 0.80, 1.00, 0.80282, 0.88546
2478, 736, -0.59987, 5.05541, 0.4369, -0.6638, 0.34466, 0.66377, 0.80, 0.80, 0.80, 1.00, 0.80282, 0.88546
2479, 710, -0.23813, 5.18297, 0.70804, -0.32091, 0.16224, 0.93311, 0.80, 0.80, 0.80, 1.00, 0.74539, 0.87156
2480, 722, -0.53758, 5.16633, 0.40759, -0.67499, 0.28321, 0.6813, 0.80, 0.80, 0.80, 1.00, 0.79666, 0.87338
2481, 736, -0.59987, 5.05541, 0.4369, -0.6638, 0.34466, 0.66377, 0.80, 0.80, 0.80, 1.00, 0.80282, 0.88546
2482, 722, -0.53758, 5.16633, 0.40759, -0.67499, 0.28321, 0.6813, 0.80, 0.80, 0.80, 1.00, 0.79666, 0.87338
2483, 737, -0.72469, 5.05541, 0.28911, -0.65525, 0.51421, 0.55339, 0.80, 0.80, 0.80, 1.00, 0.8201, 0.88546
2484, 738, -0.72469, 5.05541, 0.28911, -0.67974, 0.336, 0.65197, 0.80, 0.80, 0.80, 1.00, 0.81144, 0.88546
2485, 722, -0.53758, 5.16633, 0.40759, -0.67499, 0.28321, 0.6813, 0.80, 0.80, 0.80, 1.00, 0.79666, 0.87338
2486, 731, -0.66542, 5.18227, 0.28246, -0.67077, 0.20824, 0.71183, 0.80, 0.80, 0.80, 1.00, 0.81639, 0.87164
2487, 739, 0.25629, 4.62781, 0.59298, 0.4446, -0.12349, 0.88718, 0.80, 0.80, 0.80, 1.00, 0.63385, 0.93945
2488, 734, 0.27191, 5.05541, 0.59892, 0.44793, -0.02021, 0.89384, 0.80, 0.80, 0.80, 1.00, 0.63385, 0.88546
2489, 735, -0.24856, 5.05541, 0.71594, -0.18335, 0.03723, 0.98234, 0.80, 0.80, 0.80, 1.00, 0.73225, 0.88546
2490, 739, 0.25629, 4.62781, 0.59298, 0.4446, -0.12349, 0.88718, 0.80, 0.80, 0.80, 1.00, 0.63385, 0.93945
2491, 735, -0.24856, 5.05541, 0.71594, -0.18335, 0.03723, 0.98234, 0.80, 0.80, 0.80, 1.00, 0.73225, 0.88546
2492, 740, -0.27294, 4.61402, 0.71954, 0.11046, -0.01881, 0.9937, 0.80, 0.80, 0.80, 1.00, 0.73455, 0.94095
2493, 740, -0.27294, 4.61402, 0.71954, 0.11046, -0.01881, 0.9937, 0.80, 0.80, 0.80, 1.00, 0.73455, 0.94095
2494, 735, -0.24856, 5.05541, 0.71594, -0.18335, 0.03723, 0.98234, 0.80, 0.80, 0.80, 1.00, 0.73225, 0.88546
2495, 741, -0.53011, 4.60566, 0.71304, -0.4541, 0.09134, 0.88626, 0.80, 0.80, 0.80, 1.00, 0.7777, 0.94186
2496, 742, -0.61972, 4.93, 0.47061, -0.67397, 0.23408, 0.70069, 0.80, 0.80, 0.80, 1.00, 0.80041, 0.89912
2497, 735, -0.24856, 5.05541, 0.71594, -0.18335, 0.03723, 0.98234, 0.80, 0.80, 0.80, 1.00, 0.73225, 0.88546
2498, 736, -0.59987, 5.05541, 0.4369, -0.6638, 0.34466, 0.66377, 0.80, 0.80, 0.80, 1.00, 0.80282, 0.88546
2499, 742, -0.61972, 4.93, 0.47061, -0.67397, 0.23408, 0.70069, 0.80, 0.80, 0.80, 1.00, 0.80041, 0.89912
2500, 743, -0.78463, 4.61348, 0.43537, -0.72046, 0.12069, 0.68292, 0.80, 0.80, 0.80, 1.00, 0.82847, 0.941
2501, 741, -0.53011, 4.60566, 0.71304, -0.4541, 0.09134, 0.88626, 0.80, 0.80, 0.80, 1.00, 0.7777, 0.94186
2502, 742, -0.61972, 4.93, 0.47061, -0.67397, 0.23408, 0.70069, 0.80, 0.80, 0.80, 1.00, 0.80041, 0.89912
2503, 736, -0.59987, 5.05541, 0.4369, -0.6638, 0.34466, 0.66377, 0.80, 0.80, 0.80, 1.00, 0.80282, 0.88546
2504, 744, -0.77666, 4.93547, 0.294, -0.72326, 0.26695, 0.63689, 0.80, 0.80, 0.80, 1.00, 0.82069, 0.89852
2505, 744, -0.77666, 4.93547, 0.294, -0.72326, 0.26695, 0.63689, 0.80, 0.80, 0.80, 1.00, 0.82069, 0.89852
2506, 736, -0.59987, 5.05541, 0.4369, -0.6638, 0.34466, 0.66377, 0.80, 0.80, 0.80, 1.00, 0.80282, 0.88546
2507, 738, -0.72469, 5.05541, 0.28911, -0.67974, 0.336, 0.65197, 0.80, 0.80, 0.80, 1.00, 0.81144, 0.88546
2508, 742, -0.61972, 4.93, 0.47061, -0.67397, 0.23408, 0.70069, 0.80, 0.80, 0.80, 1.00, 0.80041, 0.89912
2509, 741, -0.53011, 4.60566, 0.71304, -0.4541, 0.09134, 0.88626, 0.80, 0.80, 0.80, 1.00, 0.7777, 0.94186
2510, 735, -0.24856, 5.05541, 0.71594, -0.18335, 0.03723, 0.98234, 0.80, 0.80, 0.80, 1.00, 0.73225, 0.88546
2511, 742, -0.61972, 4.93, 0.47061, -0.67397, 0.23408, 0.70069, 0.80, 0.80, 0.80, 1.00, 0.80041, 0.89912
2512, 744, -0.77666, 4.93547, 0.294, -0.72326, 0.26695, 0.63689, 0.80, 0.80, 0.80, 1.00, 0.82069, 0.89852
2513, 743, -0.78463, 4.61348, 0.43537, -0.72046, 0.12069, 0.68292, 0.80, 0.80, 0.80, 1.00, 0.82847, 0.941
2514, 716, -0.20489, 6.43348, 1.12499, -0.10036, -0.10009, 0.98989, 0.80, 0.80, 0.80, 1.00, 0.747, 0.72113
2515, 713, -0.37532, 6.15539, 0.80382, -0.12161, -0.49013, 0.86311, 0.80, 0.80, 0.80, 1.00, 0.747, 0.74537
2516, 720, 0.39705, 6.3442, 0.97394, 0.38103, -0.27336, 0.88321, 0.80, 0.80, 0.80, 1.00, 0.63385, 0.72087
2517, 716, -0.20489, 6.43348, 1.12499, -0.10036, -0.10009, 0.98989, 0.80, 0.80, 0.80, 1.00, 0.747, 0.72113
2518, 719, -0.33283, 7.36384, 0.94404, -0.01428, 0.58699, 0.80937, 0.80, 0.80, 0.80, 1.00, 0.7742, 0.6389
2519, 717, -0.41859, 6.52652, 1.04914, -0.52241, -0.04612, 0.85143, 0.80, 0.80, 0.80, 1.00, 0.80067, 0.71913
2520, 713, -0.37532, 6.15539, 0.80382, -0.12161, -0.49013, 0.86311, 0.80, 0.80, 0.80, 1.00, 0.747, 0.74537
2521, 712, -0.27145, 5.66114, 0.83447, -0.11468, -0.37909, 0.91822, 0.80, 0.80, 0.80, 1.00, 0.73768, 0.82474
2522, 715, 0.22381, 6.0463, 0.65028, 0.30904, -0.54882, 0.77669, 0.80, 0.80, 0.80, 1.00, 0.63385, 0.74442
2523, 715, 0.22381, 6.0463, 0.65028, 0.30904, -0.54882, 0.77669, 0.80, 0.80, 0.80, 1.00, 0.63385, 0.74442
2524, 720, 0.39705, 6.3442, 0.97394, 0.38103, -0.27336, 0.88321, 0.80, 0.80, 0.80, 1.00, 0.63385, 0.72087
2525, 713, -0.37532, 6.15539, 0.80382, -0.12161, -0.49013, 0.86311, 0.80, 0.80, 0.80, 1.00, 0.747, 0.74537
2526, 745, 0.20629, 4.12417, 0.4932, 0.43741, -0.21636, 0.87284, 0.80, 0.80, 0.80, 1.00, 0.63385, 0.9943
2527, 739, 0.25629, 4.62781, 0.59298, 0.4446, -0.12349, 0.88718, 0.80, 0.80, 0.80, 1.00, 0.63385, 0.93945
2528, 746, -0.16906, 4.4721, 0.68481, 0.18819, 0.71294, 0.67549, 0.80, 0.80, 0.80, 1.00, 0.71133, 0.99147
2529, 740, -0.27294, 4.61402, 0.71954, 0.11046, -0.01881, 0.9937, 0.80, 0.80, 0.80, 1.00, 0.73455, 0.94095
2530, 747, -0.54268, 4.51476, 0.64248, -0.47202, 0.67211, 0.5705, 0.80, 0.80, 0.80, 1.00, 0.77665, 0.98035
2531, 746, -0.16906, 4.4721, 0.68481, 0.18819, 0.71294, 0.67549, 0.80, 0.80, 0.80, 1.00, 0.71133, 0.99147
2532, 743, -0.78463, 4.61348, 0.43537, -0.72046, 0.12069, 0.68292, 0.80, 0.80, 0.80, 1.00, 0.82847, 0.941
2533, 747, -0.54268, 4.51476, 0.64248, -0.47202, 0.67211, 0.5705, 0.80, 0.80, 0.80, 1.00, 0.77665, 0.98035
2534, 741, -0.53011, 4.60566, 0.71304, -0.4541, 0.09134, 0.88626, 0.80, 0.80, 0.80, 1.00, 0.7777, 0.94186
2535, 747, -0.54268, 4.51476, 0.64248, -0.47202, 0.67211, 0.5705, 0.80, 0.80, 0.80, 1.00, 0.77665, 0.98035
2536, 740, -0.27294, 4.61402, 0.71954, 0.11046, -0.01881, 0.9937, 0.80, 0.80, 0.80, 1.00, 0.73455, 0.94095
2537, 741, -0.53011, 4.60566, 0.71304, -0.4541, 0.09134, 0.88626, 0.80, 0.80, 0.80, 1.00, 0.7777, 0.94186
2538, 747, -0.54268, 4.51476, 0.64248, -0.47202, 0.67211, 0.5705, 0.80, 0.80, 0.80, 1.00, 0.77665, 0.98035
2539, 743, -0.78463, 4.61348, 0.43537, -0.72046, 0.12069, 0.68292, 0.80, 0.80, 0.80, 1.00, 0.82847, 0.941
2540, 748, -0.82435, 4.26177, 0.41855, -0.76792, 0.49343, 0.40844, 0.80, 0.80, 0.80, 1.00, 0.83589, 0.97695
2541, 739, 0.25629, 4.62781, 0.59298, 0.4446, -0.12349, 0.88718, 0.80, 0.80, 0.80, 1.00, 0.63385, 0.93945
2542, 740, -0.27294, 4.61402, 0.71954, 0.11046, -0.01881, 0.9937, 0.80, 0.80, 0.80, 1.00, 0.73455, 0.94095
2543, 746, -0.16906, 4.4721, 0.68481, 0.18819, 0.71294, 0.67549, 0.80, 0.80, 0.80, 1.00, 0.71133, 0.99147
2544, 708, 0.26915, 5.14969, 0.59339, 0.44776, 0.03444, 0.89349, 0.80, 0.80, 0.80, 1.00, 0.63385, 0.87519
2545, 749, 0.6423, 5.49243, 0.23151, 0.90272, -0.30182, 0.30657, 0.80, 0.80, 0.80, 1.00, 0.54579, 0.84695
2546, 709, 0.28266, 5.49845, 0.54311, 0.44081, -0.42122, 0.79262, 0.80, 0.80, 0.80, 1.00, 0.63385, 0.84348
2547, 749, 0.6423, 5.49243, 0.23151, 0.90272, -0.30182, 0.30657, 0.80, 0.80, 0.80, 1.00, 0.54579, 0.84695
2548, 708, 0.26915, 5.14969, 0.59339, 0.44776, 0.03444, 0.89349, 0.80, 0.80, 0.80, 1.00, 0.63385, 0.87519
2549, 750, 0.66462, 5.18297, 0.25564, 0.93958, 0.16224, 0.30144, 0.80, 0.80, 0.80, 1.00, 0.53788, 0.87156
2550, 711, 0.34137, 5.66143, 0.66703, 0.44978, -0.36763, 0.81396, 0.80, 0.80, 0.80, 1.00, 0.63385, 0.82468
2551, 709, 0.28266, 5.49845, 0.54311, 0.44081, -0.42122, 0.79262, 0.80, 0.80, 0.80, 1.00, 0.63385, 0.84348
2552, 751, 0.82073, 5.70987, 0.25297, 0.8507, -0.33601, 0.40423, 0.80, 0.80, 0.80, 1.00, 0.51617, 0.82316
2553, 751, 0.82073, 5.70987, 0.25297, 0.8507, -0.33601, 0.40423, 0.80, 0.80, 0.80, 1.00, 0.51617, 0.82316
2554, 709, 0.28266, 5.49845, 0.54311, 0.44081, -0.42122, 0.79262, 0.80, 0.80, 0.80, 1.00, 0.63385, 0.84348
2555, 749, 0.6423, 5.49243, 0.23151, 0.90272, -0.30182, 0.30657, 0.80, 0.80, 0.80, 1.00, 0.54579, 0.84695
2556, 752, 0.74035, 6.0612, 0.29335, 0.65957, -0.55608, 0.50568, 0.80, 0.80, 0.80, 1.00, 0.52069, 0.74537
2557, 751, 0.82073, 5.70987, 0.25297, 0.8507, -0.33601, 0.40423, 0.80, 0.80, 0.80, 1.00, 0.51617, 0.82316
2558, 753, 0.84005, 6.15438, 0.08569, 0.9102, -0.40429, -0.08984, 0.80, 0.80, 0.80, 1.00, 0.48954, 0.74405
2559, 711, 0.34137, 5.66143, 0.66703, 0.44978, -0.36763, 0.81396, 0.80, 0.80, 0.80, 1.00, 0.63385, 0.82468
2560, 751, 0.82073, 5.70987, 0.25297, 0.8507, -0.33601, 0.40423, 0.80, 0.80, 0.80, 1.00, 0.51617, 0.82316
2561, 715, 0.22381, 6.0463, 0.65028, 0.30904, -0.54882, 0.77669, 0.80, 0.80, 0.80, 1.00, 0.63385, 0.74442
2562, 754, 0.91078, 6.3393, 0.61453, 0.79539, -0.17571, 0.58004, 0.80, 0.80, 0.80, 1.00, 0.52069, 0.72113
2563, 752, 0.74035, 6.0612, 0.29335, 0.65957, -0.55608, 0.50568, 0.80, 0.80, 0.80, 1.00, 0.52069, 0.74537
2564, 753, 0.84005, 6.15438, 0.08569, 0.9102, -0.40429, -0.08984, 0.80, 0.80, 0.80, 1.00, 0.48954, 0.74405
2565, 754, 0.91078, 6.3393, 0.61453, 0.79539, -0.17571, 0.58004, 0.80, 0.80, 0.80, 1.00, 0.52069, 0.72113
2566, 753, 0.84005, 6.15438, 0.08569, 0.9102, -0.40429, -0.08984, 0.80, 0.80, 0.80, 1.00, 0.48954, 0.74405
2567, 755, 1.00428, 6.4064, 0.39812, 0.97057, -0.17216, 0.16833, 0.80, 0.80, 0.80, 1.00, 0.48261, 0.71756
2568, 718, 0.41769, 7.12978, 0.8741, 0.42122, 0.21725, 0.88053, 0.80, 0.80, 0.80, 1.00, 0.63385, 0.63694
2569, 754, 0.91078, 6.3393, 0.61453, 0.79539, -0.17571, 0.58004, 0.80, 0.80, 0.80, 1.00, 0.52069, 0.72113
2570, 756, 0.90748, 6.91284, 0.32738, 0.48174, 0.36662, 0.79586, 0.80, 0.80, 0.80, 1.00, 0.49349, 0.6389
2571, 718, 0.41769, 7.12978, 0.8741, 0.42122, 0.21725, 0.88053, 0.80, 0.80, 0.80, 1.00, 0.63385, 0.63694
2572, 720, 0.39705, 6.3442, 0.97394, 0.38103, -0.27336, 0.88321, 0.80, 0.80, 0.80, 1.00, 0.63385, 0.72087
2573, 754, 0.91078, 6.3393, 0.61453, 0.79539, -0.17571, 0.58004, 0.80, 0.80, 0.80, 1.00, 0.52069, 0.72113
2574, 749, 0.6423, 5.49243, 0.23151, 0.90272, -0.30182, 0.30657, 0.80, 0.80, 0.80, 1.00, 0.54579, 0.84695
2575, 750, 0.66462, 5.18297, 0.25564, 0.93958, 0.16224, 0.30144, 0.80, 0.80, 0.80, 1.00, 0.53788, 0.87156
2576, 757, 0.56607, 5.57603, -0.24123, 0.9845, -0.10615, -0.13958, 0.80, 0.80, 0.80, 1.00, 0.48631, 0.84596
2577, 757, 0.56607, 5.57603, -0.24123, 0.9845, -0.10615, -0.13958, 0.80, 0.80, 0.80, 1.00, 0.48631, 0.84596
2578, 750, 0.66462, 5.18297, 0.25564, 0.93958, 0.16224, 0.30144, 0.80, 0.80, 0.80, 1.00, 0.53788, 0.87156
2579, 758, 0.60316, 5.16633, -0.16408, 0.9498, 0.28322, -0.13294, 0.80, 0.80, 0.80, 1.00, 0.48315, 0.87495
2580, 749, 0.6423, 5.49243, 0.23151, 0.90272, -0.30182, 0.30657, 0.80, 0.80, 0.80, 1.00, 0.54579, 0.84695
2581, 757, 0.56607, 5.57603, -0.24123, 0.9845, -0.10615, -0.13958, 0.80, 0.80, 0.80, 1.00, 0.48631, 0.84596
2582, 759, 0.66135, 5.76267, -0.27692, 0.91426, -0.34075, -0.21912, 0.80, 0.80, 0.80, 1.00, 0.46403, 0.8276
2583, 751, 0.82073, 5.70987, 0.25297, 0.8507, -0.33601, 0.40423, 0.80, 0.80, 0.80, 1.00, 0.51617, 0.82316
2584, 749, 0.6423, 5.49243, 0.23151, 0.90272, -0.30182, 0.30657, 0.80, 0.80, 0.80, 1.00, 0.54579, 0.84695
2585, 759, 0.66135, 5.76267, -0.27692, 0.91426, -0.34075, -0.21912, 0.80, 0.80, 0.80, 1.00, 0.46403, 0.8276
2586, 751, 0.82073, 5.70987, 0.25297, 0.8507, -0.33601, 0.40423, 0.80, 0.80, 0.80, 1.00, 0.51617, 0.82316
2587, 759, 0.66135, 5.76267, -0.27692, 0.91426, -0.34075, -0.21912, 0.80, 0.80, 0.80, 1.00, 0.46403, 0.8276
2588, 753, 0.84005, 6.15438, 0.08569, 0.9102, -0.40429, -0.08984, 0.80, 0.80, 0.80, 1.00, 0.48954, 0.74405
2589, 753, 0.84005, 6.15438, 0.08569, 0.9102, -0.40429, -0.08984, 0.80, 0.80, 0.80, 1.00, 0.48954, 0.74405
2590, 759, 0.66135, 5.76267, -0.27692, 0.91426, -0.34075, -0.21912, 0.80, 0.80, 0.80, 1.00, 0.46403, 0.8276
2591, 760, 0.80676, 6.40661, -0.19382, 0.867, -0.44958, -0.21487, 0.80, 0.80, 0.80, 1.00, 0.41844, 0.74352
2592, 753, 0.84005, 6.15438, 0.08569, 0.9102, -0.40429, -0.08984, 0.80, 0.80, 0.80, 1.00, 0.48954, 0.74405
2593, 760, 0.80676, 6.40661, -0.19382, 0.867, -0.44958, -0.21487, 0.80, 0.80, 0.80, 1.00, 0.41844, 0.74352
2594, 761, 1.26716, 6.56235, -0.08965, 0.95544, 0.13887, 0.26022, 0.80, 0.80, 0.80, 1.00, 0.40702, 0.71198
2595, 753, 0.84005, 6.15438, 0.08569, 0.9102, -0.40429, -0.08984, 0.80, 0.80, 0.80, 1.00, 0.48954, 0.74405
2596, 761, 1.26716, 6.56235, -0.08965, 0.95544, 0.13887, 0.26022, 0.80, 0.80, 0.80, 1.00, 0.40702, 0.71198
2597, 755, 1.00428, 6.4064, 0.39812, 0.97057, -0.17216, 0.16833, 0.80, 0.80, 0.80, 1.00, 0.48261, 0.71756
2598, 755, 1.00428, 6.4064, 0.39812, 0.97057, -0.17216, 0.16833, 0.80, 0.80, 0.80, 1.00, 0.48261, 0.71756
2599, 761, 1.26716, 6.56235, -0.08965, 0.95544, 0.13887, 0.26022, 0.80, 0.80, 0.80, 1.00, 0.40702, 0.71198
2600, 756, 0.90748, 6.91284, 0.32738, 0.48174, 0.36662, 0.79586, 0.80, 0.80, 0.80, 1.00, 0.49349, 0.6389
2601, 756, 0.90748, 6.91284, 0.32738, 0.48174, 0.36662, 0.79586, 0.80, 0.80, 0.80, 1.00, 0.49349, 0.6389
2602, 761, 1.26716, 6.56235, -0.08965, 0.95544, 0.13887, 0.26022, 0.80, 0.80, 0.80, 1.00, 0.40702, 0.71198
2603, 762, 1.05373, 6.98735, 0.20965, 0.53003, 0.24307, 0.81234, 0.80, 0.80, 0.80, 1.00, 0.40722, 0.65037
2604, 763, 0.6594, 7.27852, 0.59905, 0.59931, 0.5599, 0.57211, 0.80, 0.80, 0.80, 1.00, 0.57267, 0.62512
2605, 718, 0.41769, 7.12978, 0.8741, 0.42122, 0.21725, 0.88053, 0.80, 0.80, 0.80, 1.00, 0.63385, 0.63694
2606, 756, 0.90748, 6.91284, 0.32738, 0.48174, 0.36662, 0.79586, 0.80, 0.80, 0.80, 1.00, 0.49349, 0.6389
2607, 763, 0.6594, 7.27852, 0.59905, 0.59931, 0.5599, 0.57211, 0.80, 0.80, 0.80, 1.00, 0.57267, 0.62512
2608, 756, 0.90748, 6.91284, 0.32738, 0.48174, 0.36662, 0.79586, 0.80, 0.80, 0.80, 1.00, 0.49349, 0.6389
2609, 764, 0.92761, 7.1719, 0.10589, 0.12719, 0.63814, 0.75923, 0.80, 0.80, 0.80, 1.00, 0.40712, 0.63588
2610, 764, 0.92761, 7.1719, 0.10589, 0.12719, 0.63814, 0.75923, 0.80, 0.80, 0.80, 1.00, 0.40712, 0.63588
2611, 756, 0.90748, 6.91284, 0.32738, 0.48174, 0.36662, 0.79586, 0.80, 0.80, 0.80, 1.00, 0.49349, 0.6389
2612, 762, 1.05373, 6.98735, 0.20965, 0.53003, 0.24307, 0.81234, 0.80, 0.80, 0.80, 1.00, 0.40722, 0.65037
2613, 763, 0.6594, 7.27852, 0.59905, 0.59931, 0.5599, 0.57211, 0.80, 0.80, 0.80, 1.00, 0.57267, 0.62512
2614, 764, 0.92761, 7.1719, 0.10589, 0.12719, 0.63814, 0.75923, 0.80, 0.80, 0.80, 1.00, 0.40712, 0.63588
2615, 765, 0.61227, 7.51983, 0.3312, 0.58185, 0.65249, 0.48547, 0.80, 0.80, 0.80, 1.00, 0.56318, 0.61042
2616, 757, 0.56607, 5.57603, -0.24123, 0.9845, -0.10615, -0.13958, 0.80, 0.80, 0.80, 1.00, 0.48631, 0.84596
2617, 758, 0.60316, 5.16633, -0.16408, 0.9498, 0.28322, -0.13294, 0.80, 0.80, 0.80, 1.00, 0.48315, 0.87495
2618, 766, 0.55127, 5.57061, -0.41118, 0.97851, -0.17065, -0.11574, 0.80, 0.80, 0.80, 1.00, 0.44942, 0.85122
2619, 766, 0.55127, 5.57061, -0.41118, 0.97851, -0.17065, -0.11574, 0.80, 0.80, 0.80, 1.00, 0.44942, 0.85122
2620, 758, 0.60316, 5.16633, -0.16408, 0.9498, 0.28322, -0.13294, 0.80, 0.80, 0.80, 1.00, 0.48315, 0.87495
2621, 767, 0.57944, 5.18227, -0.34139, 0.97173, 0.20824, -0.11128, 0.80, 0.80, 0.80, 1.00, 0.44784, 0.87636
2622, 757, 0.56607, 5.57603, -0.24123, 0.9845, -0.10615, -0.13958, 0.80, 0.80, 0.80, 1.00, 0.48631, 0.84596
2623, 766, 0.55127, 5.57061, -0.41118, 0.97851, -0.17065, -0.11574, 0.80, 0.80, 0.80, 1.00, 0.44942, 0.85122
2624, 759, 0.66135, 5.76267, -0.27692, 0.91426, -0.34075, -0.21912, 0.80, 0.80, 0.80, 1.00, 0.46403, 0.8276
2625, 759, 0.66135, 5.76267, -0.27692, 0.91426, -0.34075, -0.21912, 0.80, 0.80, 0.80, 1.00, 0.46403, 0.8276
2626, 766, 0.55127, 5.57061, -0.41118, 0.97851, -0.17065, -0.11574, 0.80, 0.80, 0.80, 1.00, 0.44942, 0.85122
2627, 768, 0.63921, 5.77351, -0.4416, 0.96804, -0.24074, -0.07034, 0.80, 0.80, 0.80, 1.00, 0.43045, 0.82947
2628, 760, 0.80676, 6.40661, -0.19382, 0.867, -0.44958, -0.21487, 0.80, 0.80, 0.80, 1.00, 0.41844, 0.74352
2629, 768, 0.63921, 5.77351, -0.4416, 0.96804, -0.24074, -0.07034, 0.80, 0.80, 0.80, 1.00, 0.43045, 0.82947
2630, 769, 0.81681, 6.4232, -0.23709, 0.82269, -0.56784, -0.02669, 0.80, 0.80, 0.80, 1.00, 0.41889, 0.74069
2631, 759, 0.66135, 5.76267, -0.27692, 0.91426, -0.34075, -0.21912, 0.80, 0.80, 0.80, 1.00, 0.46403, 0.8276
2632, 768, 0.63921, 5.77351, -0.4416, 0.96804, -0.24074, -0.07034, 0.80, 0.80, 0.80, 1.00, 0.43045, 0.82947
2633, 760, 0.80676, 6.40661, -0.19382, 0.867, -0.44958, -0.21487, 0.80, 0.80, 0.80, 1.00, 0.41844, 0.74352
2634, 760, 0.80676, 6.40661, -0.19382, 0.867, -0.44958, -0.21487, 0.80, 0.80, 0.80, 1.00, 0.41844, 0.74352
2635, 769, 0.81681, 6.4232, -0.23709, 0.82269, -0.56784, -0.02669, 0.80, 0.80, 0.80, 1.00, 0.41889, 0.74069
2636, 761, 1.26716, 6.56235, -0.08965, 0.95544, 0.13887, 0.26022, 0.80, 0.80, 0.80, 1.00, 0.40702, 0.71198
2637, 708, 0.26915, 5.14969, 0.59339, 0.44776, 0.03444, 0.89349, 0.80, 0.80, 0.80, 1.00, 0.63385, 0.87519
2638, 734, 0.27191, 5.05541, 0.59892, 0.44793, -0.02021, 0.89384, 0.80, 0.80, 0.80, 1.00, 0.63385, 0.88546
2639, 750, 0.66462, 5.18297, 0.25564, 0.93958, 0.16224, 0.30144, 0.80, 0.80, 0.80, 1.00, 0.53788, 0.87156
2640, 750, 0.66462, 5.18297, 0.25564, 0.93958, 0.16224, 0.30144, 0.80, 0.80, 0.80, 1.00, 0.53788, 0.87156
2641, 734, 0.27191, 5.05541, 0.59892, 0.44793, -0.02021, 0.89384, 0.80, 0.80, 0.80, 1.00, 0.63385, 0.88546
2642, 770, 0.67719, 5.05541, 0.25202, 0.89669, 0.03723, 0.4411, 0.80, 0.80, 0.80, 1.00, 0.53544, 0.88546
2643, 750, 0.66462, 5.18297, 0.25564, 0.93958, 0.16224, 0.30144, 0.80, 0.80, 0.80, 1.00, 0.53788, 0.87156
2644, 770, 0.67719, 5.05541, 0.25202, 0.89669, 0.03723, 0.4411, 0.80, 0.80, 0.80, 1.00, 0.53544, 0.88546
2645, 771, 0.66393, 5.05541, -0.19643, 0.92905, 0.34466, -0.13446, 0.80, 0.80, 0.80, 1.00, 0.47007, 0.88703
2646, 750, 0.66462, 5.18297, 0.25564, 0.93958, 0.16224, 0.30144, 0.80, 0.80, 0.80, 1.00, 0.53788, 0.87156
2647, 771, 0.66393, 5.05541, -0.19643, 0.92905, 0.34466, -0.13446, 0.80, 0.80, 0.80, 1.00, 0.47007, 0.88703
2648, 758, 0.60316, 5.16633, -0.16408, 0.9498, 0.28322, -0.13294, 0.80, 0.80, 0.80, 1.00, 0.48315, 0.87495
2649, 758, 0.60316, 5.16633, -0.16408, 0.9498, 0.28322, -0.13294, 0.80, 0.80, 0.80, 1.00, 0.48315, 0.87495
2650, 771, 0.66393, 5.05541, -0.19643, 0.92905, 0.34466, -0.13446, 0.80, 0.80, 0.80, 1.00, 0.47007, 0.88703
2651, 772, 0.62024, 5.05541, -0.38488, 0.90212, 0.39734, -0.16823, 0.80, 0.80, 0.80, 1.00, 0.4372, 0.89018
2652, 758, 0.60316, 5.16633, -0.16408, 0.9498, 0.28322, -0.13294, 0.80, 0.80, 0.80, 1.00, 0.48315, 0.87495
2653, 772, 0.62024, 5.05541, -0.38488, 0.90212, 0.39734, -0.16823, 0.80, 0.80, 0.80, 1.00, 0.4372, 0.89018
2654, 767, 0.57944, 5.18227, -0.34139, 0.97173, 0.20824, -0.11128, 0.80, 0.80, 0.80, 1.00, 0.44784, 0.87636
2655, 734, 0.27191, 5.05541, 0.59892, 0.44793, -0.02021, 0.89384, 0.80, 0.80, 0.80, 1.00, 0.63385, 0.88546
2656, 739, 0.25629, 4.62781, 0.59298, 0.4446, -0.12349, 0.88718, 0.80, 0.80, 0.80, 1.00, 0.63385, 0.93945
2657, 770, 0.67719, 5.05541, 0.25202, 0.89669, 0.03723, 0.4411, 0.80, 0.80, 0.80, 1.00, 0.53544, 0.88546
2658, 770, 0.67719, 5.05541, 0.25202, 0.89669, 0.03723, 0.4411, 0.80, 0.80, 0.80, 1.00, 0.53544, 0.88546
2659, 739, 0.25629, 4.62781, 0.59298, 0.4446, -0.12349, 0.88718, 0.80, 0.80, 0.80, 1.00, 0.63385, 0.93945
2660, 773, 0.67444, 4.61402, 0.24478, 0.72993, -0.01881, 0.68326, 0.80, 0.80, 0.80, 1.00, 0.53314, 0.94095
2661, 770, 0.67719, 5.05541, 0.25202, 0.89669, 0.03723, 0.4411, 0.80, 0.80, 0.80, 1.00, 0.53544, 0.88546
2662, 773, 0.67444, 4.61402, 0.24478, 0.72993, -0.01881, 0.68326, 0.80, 0.80, 0.80, 1.00, 0.53314, 0.94095
2663, 774, 0.82316, 4.60566, 0.03487, 0.98177, 0.09134, 0.16669, 0.80, 0.80, 0.80, 1.00, 0.48999, 0.94186
2664, 770, 0.67719, 5.05541, 0.25202, 0.89669, 0.03723, 0.4411, 0.80, 0.80, 0.80, 1.00, 0.53544, 0.88546
2665, 775, 0.70282, 4.93, -0.19216, 0.96472, 0.23408, -0.12051, 0.80, 0.80, 0.80, 1.00, 0.46382, 0.90069
2666, 771, 0.66393, 5.05541, -0.19643, 0.92905, 0.34466, -0.13446, 0.80, 0.80, 0.80, 1.00, 0.47007, 0.88703
2667, 776, 0.75307, 4.61348, -0.33523, 0.9783, 0.12069, -0.16839, 0.80, 0.80, 0.80, 1.00, 0.41671, 0.94573
2668, 775, 0.70282, 4.93, -0.19216, 0.96472, 0.23408, -0.12051, 0.80, 0.80, 0.80, 1.00, 0.46382, 0.90069
2669, 774, 0.82316, 4.60566, 0.03487, 0.98177, 0.09134, 0.16669, 0.80, 0.80, 0.80, 1.00, 0.48999, 0.94186
2670, 771, 0.66393, 5.05541, -0.19643, 0.92905, 0.34466, -0.13446, 0.80, 0.80, 0.80, 1.00, 0.47007, 0.88703
2671, 775, 0.70282, 4.93, -0.19216, 0.96472, 0.23408, -0.12051, 0.80, 0.80, 0.80, 1.00, 0.46382, 0.90069
2672, 777, 0.65527, 4.93547, -0.42359, 0.94311, 0.26695, -0.19818, 0.80, 0.80, 0.80, 1.00, 0.42796, 0.90324
2673, 771, 0.66393, 5.05541, -0.19643, 0.92905, 0.34466, -0.13446, 0.80, 0.80, 0.80, 1.00, 0.47007, 0.88703
2674, 777, 0.65527, 4.93547, -0.42359, 0.94311, 0.26695, -0.19818, 0.80, 0.80, 0.80, 1.00, 0.42796, 0.90324
2675, 772, 0.62024, 5.05541, -0.38488, 0.90212, 0.39734, -0.16823, 0.80, 0.80, 0.80, 1.00, 0.4372, 0.89018
2676, 774, 0.82316, 4.60566, 0.03487, 0.98177, 0.09134, 0.16669, 0.80, 0.80, 0.80, 1.00, 0.48999, 0.94186
2677, 775, 0.70282, 4.93, -0.19216, 0.96472, 0.23408, -0.12051, 0.80, 0.80, 0.80, 1.00, 0.46382, 0.90069
2678, 770, 0.67719, 5.05541, 0.25202, 0.89669, 0.03723, 0.4411, 0.80, 0.80, 0.80, 1.00, 0.53544, 0.88546
2679, 777, 0.65527, 4.93547, -0.42359, 0.94311, 0.26695, -0.19818, 0.80, 0.80, 0.80, 1.00, 0.42796, 0.90324
2680, 775, 0.70282, 4.93, -0.19216, 0.96472, 0.23408, -0.12051, 0.80, 0.80, 0.80, 1.00, 0.46382, 0.90069
2681, 776, 0.75307, 4.61348, -0.33523, 0.9783, 0.12069, -0.16839, 0.80, 0.80, 0.80, 1.00, 0.41671, 0.94573
2682, 752, 0.74035, 6.0612, 0.29335, 0.65957, -0.55608, 0.50568, 0.80, 0.80, 0.80, 1.00, 0.52069, 0.74537
2683, 754, 0.91078, 6.3393, 0.61453, 0.79539, -0.17571, 0.58004, 0.80, 0.80, 0.80, 1.00, 0.52069, 0.72113
2684, 720, 0.39705, 6.3442, 0.97394, 0.38103, -0.27336, 0.88321, 0.80, 0.80, 0.80, 1.00, 0.63385, 0.72087
2685, 756, 0.90748, 6.91284, 0.32738, 0.48174, 0.36662, 0.79586, 0.80, 0.80, 0.80, 1.00, 0.49349, 0.6389
2686, 754, 0.91078, 6.3393, 0.61453, 0.79539, -0.17571, 0.58004, 0.80, 0.80, 0.80, 1.00, 0.52069, 0.72113
2687, 755, 1.00428, 6.4064, 0.39812, 0.97057, -0.17216, 0.16833, 0.80, 0.80, 0.80, 1.00, 0.48261, 0.71756
2688, 751, 0.82073, 5.70987, 0.25297, 0.8507, -0.33601, 0.40423, 0.80, 0.80, 0.80, 1.00, 0.51617, 0.82316
2689, 752, 0.74035, 6.0612, 0.29335, 0.65957, -0.55608, 0.50568, 0.80, 0.80, 0.80, 1.00, 0.52069, 0.74537
2690, 715, 0.22381, 6.0463, 0.65028, 0.30904, -0.54882, 0.77669, 0.80, 0.80, 0.80, 1.00, 0.63385, 0.74442
2691, 720, 0.39705, 6.3442, 0.97394, 0.38103, -0.27336, 0.88321, 0.80, 0.80, 0.80, 1.00, 0.63385, 0.72087
2692, 715, 0.22381, 6.0463, 0.65028, 0.30904, -0.54882, 0.77669, 0.80, 0.80, 0.80, 1.00, 0.63385, 0.74442
2693, 752, 0.74035, 6.0612, 0.29335, 0.65957, -0.55608, 0.50568, 0.80, 0.80, 0.80, 1.00, 0.52069, 0.74537
2694, 739, 0.25629, 4.62781, 0.59298, 0.4446, -0.12349, 0.88718, 0.80, 0.80, 0.80, 1.00, 0.63385, 0.93945
2695, 745, 0.20629, 4.12417, 0.4932, 0.43741, -0.21636, 0.87284, 0.80, 0.80, 0.80, 1.00, 0.63385, 0.9943
2696, 778, 0.71502, 4.09571, 0.26331, 0.75964, -0.04456, 0.64882, 0.80, 0.80, 0.80, 1.00, 0.55637, 0.99147
2697, 779, 0.84998, 4.34948, 0.01716, 0.9275, 0.34913, 0.13365, 0.80, 0.80, 0.80, 1.00, 0.49104, 0.98035
2698, 773, 0.67444, 4.61402, 0.24478, 0.72993, -0.01881, 0.68326, 0.80, 0.80, 0.80, 1.00, 0.53314, 0.94095
2699, 778, 0.71502, 4.09571, 0.26331, 0.75964, -0.04456, 0.64882, 0.80, 0.80, 0.80, 1.00, 0.55637, 0.99147
2700, 779, 0.84998, 4.34948, 0.01716, 0.9275, 0.34913, 0.13365, 0.80, 0.80, 0.80, 1.00, 0.49104, 0.98035
2701, 776, 0.75307, 4.61348, -0.33523, 0.9783, 0.12069, -0.16839, 0.80, 0.80, 0.80, 1.00, 0.41671, 0.94573
2702, 774, 0.82316, 4.60566, 0.03487, 0.98177, 0.09134, 0.16669, 0.80, 0.80, 0.80, 1.00, 0.48999, 0.94186
2703, 773, 0.67444, 4.61402, 0.24478, 0.72993, -0.01881, 0.68326, 0.80, 0.80, 0.80, 1.00, 0.53314, 0.94095
2704, 779, 0.84998, 4.34948, 0.01716, 0.9275, 0.34913, 0.13365, 0.80, 0.80, 0.80, 1.00, 0.49104, 0.98035
2705, 774, 0.82316, 4.60566, 0.03487, 0.98177, 0.09134, 0.16669, 0.80, 0.80, 0.80, 1.00, 0.48999, 0.94186
2706, 776, 0.75307, 4.61348, -0.33523, 0.9783, 0.12069, -0.16839, 0.80, 0.80, 0.80, 1.00, 0.41671, 0.94573
2707, 779, 0.84998, 4.34948, 0.01716, 0.9275, 0.34913, 0.13365, 0.80, 0.80, 0.80, 1.00, 0.49104, 0.98035
2708, 780, 0.68139, 4.47334, -0.36978, 0.84492, 0.49161, -0.21077, 0.80, 0.80, 0.80, 1.00, 0.4093, 0.98167
2709, 773, 0.67444, 4.61402, 0.24478, 0.72993, -0.01881, 0.68326, 0.80, 0.80, 0.80, 1.00, 0.53314, 0.94095
2710, 739, 0.25629, 4.62781, 0.59298, 0.4446, -0.12349, 0.88718, 0.80, 0.80, 0.80, 1.00, 0.63385, 0.93945
2711, 778, 0.71502, 4.09571, 0.26331, 0.75964, -0.04456, 0.64882, 0.80, 0.80, 0.80, 1.00, 0.55637, 0.99147
