VTX, IDX, SV_POSITION.x, SV_POSITION.y, SV_POSITION.z, SV_POSITION.w, COLOR.x, COLOR.y, COLOR.z, COLOR.w, TEXCOORD0.x, TEXCOORD0.y, TEXCOORD1.x, TEXCOORD1.y, NORMAL.x, NORMAL.y, NORMAL.z, WORLDPOS.x, WORLDPOS.y, WORLDPOS.z
0, 0, -57.58273, 5.00712, 99.71351, 100.68026, 0.43149, 0.43149, 0.43149, 1.00, 0.44849, 0.14128, 0.44849, 0.14128, -0.80855, -0.29436, 0.5095, -61.63818, 11.2829, -88.12025
1, 1, -58.05407, 7.34512, 99.47784, 100.44467, 0.49832, 0.49832, 0.49832, 1.00, 0.44849, 0.00096, 0.44849, 0.00096, -0.81767, -0.15665, 0.55396, -61.63182, 12.99306, -88.59431
2, 2, -56.18258, 8.23524, 99.29318, 100.26007, 1.21623, 1.21623, 1.21623, 1.00, 0.64421, 0.00096, 0.64421, 0.00096, -0.98539, -0.16677, 0.03461, -61.02885, 13.65016, -86.87857
3, 0, -57.58273, 5.00712, 99.71351, 100.68026, 0.43149, 0.43149, 0.43149, 1.00, 0.44849, 0.14128, 0.44849, 0.14128, -0.80855, -0.29436, 0.5095, -61.63818, 11.2829, -88.12025
4, 2, -56.18258, 8.23524, 99.29318, 100.26007, 1.21623, 1.21623, 1.21623, 1.00, 0.64421, 0.00096, 0.64421, 0.00096, -0.98539, -0.16677, 0.03461, -61.02885, 13.65016, -86.87857
5, 3, -55.21239, 6.70734, 99.97384, 100.9405, 1.21548, 1.21548, 1.21548, 1.00, 0.68555, 0.13161, 0.68555, 0.13161, -0.97428, -0.20198, -0.09995, -61.37657, 12.49922, -85.81413
6, 3, -55.21239, 6.70734, 99.97384, 100.9405, 1.21548, 1.21548, 1.21548, 1.00, 0.68555, 0.13161, 0.68555, 0.13161, -0.97428, -0.20198, -0.09995, -61.37657, 12.49922, -85.81413
7, 2, -56.18258, 8.23524, 99.29318, 100.26007, 1.21623, 1.21623, 1.21623, 1.00, 0.64421, 0.00096, 0.64421, 0.00096, -0.98539, -0.16677, 0.03461, -61.02885, 13.65016, -86.87857
8, 4, -54.84471, 8.35535, 99.87695, 100.84364, 1.21682, 1.21682, 1.21682, 1.00, 0.74824, 0.07275, 0.74824, 0.07275, -0.97581, -0.13835, -0.16925, -61.26514, 13.70031, -85.47517
9, 5, -39.06977, -28.91663, 91.45349, 92.423, 0.42898, 0.42898, 0.42898, 1.00, 0.17143, 0.09234, 0.17143, 0.09234, -0.90813, 0.0225, 0.41809, -47.5701, -12.79208, -73.29562
10, 6, -42.48645, -32.7803, 92.22346, 93.19271, 0.45882, 0.45882, 0.45882, 1.00, 0.08136, 0.13403, 0.08136, 0.13403, -0.89022, 0.03, 0.45454, -48.9888, -15.64228, -76.3437
11, 7, -41.02003, -28.09978, 91.76284, 92.73224, 0.45299, 0.45299, 0.45299, 1.00, 0.12471, 0.08883, 0.12471, 0.08883, -0.8938, 0.01495, 0.44822, -48.38873, -12.21936, -75.03314
12, 5, -39.06977, -28.91663, 91.45349, 92.423, 0.42898, 0.42898, 0.42898, 1.00, 0.17143, 0.09234, 0.17143, 0.09234, -0.90813, 0.0225, 0.41809, -47.5701, -12.79208, -73.29562
13, 8, -40.60151, -33.12573, 91.80164, 92.77102, 0.4245, 0.4245, 0.4245, 1.00, 0.12373, 0.13903, 0.12373, 0.13903, -0.90948, 0.03172, 0.41454, -48.09886, -15.86606, -74.69054
14, 6, -42.48645, -32.7803, 92.22346, 93.19271, 0.45882, 0.45882, 0.45882, 1.00, 0.08136, 0.13403, 0.08136, 0.13403, -0.89022, 0.03, 0.45454, -48.9888, -15.64228, -76.3437
15, 7, -41.02003, -28.09978, 91.76284, 92.73224, 0.45299, 0.45299, 0.45299, 1.00, 0.12471, 0.08883, 0.12471, 0.08883, -0.8938, 0.01495, 0.44822, -48.38873, -12.21936, -75.03314
16, 6, -42.48645, -32.7803, 92.22346, 93.19271, 0.45882, 0.45882, 0.45882, 1.00, 0.08136, 0.13403, 0.08136, 0.13403, -0.89022, 0.03, 0.45454, -48.9888, -15.64228, -76.3437
17, 9, -42.90523, -28.40212, 92.2019, 93.17115, 0.4738, 0.4738, 0.4738, 1.00, 0.07377, 0.08963, 0.07377, 0.08963, -0.88174, 0.02579, 0.47103, -49.26656, -12.46637, -76.68977
18, 8, -40.60151, -33.12573, 91.80164, 92.77102, 0.4245, 0.4245, 0.4245, 1.00, 0.12373, 0.13903, 0.12373, 0.13903, -0.90948, 0.03172, 0.41454, -48.09886, -15.86606, -74.69054
19, 5, -39.06977, -28.91663, 91.45349, 92.423, 0.42898, 0.42898, 0.42898, 1.00, 0.17143, 0.09234, 0.17143, 0.09234, -0.90813, 0.0225, 0.41809, -47.5701, -12.79208, -73.29562
20, 10, -38.72709, -32.10326, 91.55621, 92.52568, 0.36962, 0.36962, 0.36962, 1.00, 0.16611, 0.12918, 0.16611, 0.12918, -0.93275, 0.00322, 0.3605, -47.44246, -15.10915, -72.98602
21, 11, -38.42658, -27.99936, 94.31021, 95.27876, 1.23653, 1.23653, 1.23653, 1.00, 0.17579, 0.04419, 0.17579, 0.04419, -0.10459, 0.90621, -0.40968, -50.20618, -12.30774, -71.95239
22, 12, -38.86203, -27.85423, 97.12526, 98.09288, 1.23739, 1.23739, 1.23739, 1.00, 0.13161, 0.00331, 0.13161, 0.00331, 0.09883, 0.93368, -0.34419, -53.03544, -12.38062, -71.63895
23, 13, -38.14441, -28.43719, 97.0206, 97.98824, 1.23871, 1.23871, 1.23871, 1.00, 0.17648, 0.0044, 0.17648, 0.0044, -0.0375, 0.84506, -0.53336, -52.7305, -12.7967, -71.0006
24, 11, -38.42658, -27.99936, 94.31021, 95.27876, 1.23653, 1.23653, 1.23653, 1.00, 0.17579, 0.04419, 0.17579, 0.04419, -0.10459, 0.90621, -0.40968, -50.20618, -12.30774, -71.95239
25, 14, -40.49257, -26.85857, 94.61407, 95.58252, 1.2981, 1.2981, 1.2981, 1.00, 0.12673, 0.04318, 0.12673, 0.04318, 0.03555, 0.98599, -0.16299, -51.06264, -11.49978, -73.79587
26, 12, -38.86203, -27.85423, 97.12526, 98.09288, 1.23739, 1.23739, 1.23739, 1.00, 0.13161, 0.00331, 0.13161, 0.00331, 0.09883, 0.93368, -0.34419, -53.03544, -12.38062, -71.63895
27, 15, -41.96857, -33.1581, 95.19508, 96.16334, 1.22661, 1.22661, 1.22661, 1.00, 0.32124, 0.0475, 0.32124, 0.0475, 0.39362, -0.91644, -0.07206, -51.70922, -16.10425, -75.10371
28, 16, -38.63591, -31.24805, 96.9412, 97.90887, 0.00, 0.00, 0.00, 1.00, 0.27177, 0.00674, 0.27177, 0.00674, 0.39395, -0.86294, -0.31645, -52.65096, -14.82978, -71.51424
29, 17, -40.28226, -31.03095, 97.36293, 98.33047, 0.00, 0.00, 0.00, 1.00, 0.31673, 0.00658, 0.31673, 0.00658, 0.46164, -0.8672, -0.18668, -53.47589, -14.69907, -72.94553
30, 15, -41.96857, -33.1581, 95.19508, 96.16334, 1.22661, 1.22661, 1.22661, 1.00, 0.32124, 0.0475, 0.32124, 0.0475, 0.39362, -0.91644, -0.07206, -51.70922, -16.10425, -75.10371
31, 18, -39.97968, -33.65684, 94.75623, 95.72463, 1.23062, 1.23062, 1.23062, 1.00, 0.27484, 0.04949, 0.27484, 0.04949, 0.17372, -0.95033, -0.25827, -50.77025, -16.43811, -73.35937
32, 16, -38.63591, -31.24805, 96.9412, 97.90887, 0.00, 0.00, 0.00, 1.00, 0.27177, 0.00674, 0.27177, 0.00674, 0.39395, -0.86294, -0.31645, -52.65096, -14.82978, -71.51424
33, 14, -40.49257, -26.85857, 94.61407, 95.58252, 1.2981, 1.2981, 1.2981, 1.00, 0.12673, 0.04318, 0.12673, 0.04318, 0.03555, 0.98599, -0.16299, -51.06264, -11.49978, -73.79587
34, 19, -40.51247, -28.07417, 97.53232, 98.4998, 1.39787, 1.39787, 1.39787, 1.00, 0.06758, 0.0022, 0.06758, 0.0022, 0.34871, 0.93604, -0.04721, -53.82781, -12.56586, -73.08297
35, 12, -38.86203, -27.85423, 97.12526, 98.09288, 1.23739, 1.23739, 1.23739, 1.00, 0.13161, 0.00331, 0.13161, 0.00331, 0.09883, 0.93368, -0.34419, -53.03544, -12.38062, -71.63895
36, 14, -40.49257, -26.85857, 94.61407, 95.58252, 1.2981, 1.2981, 1.2981, 1.00, 0.12673, 0.04318, 0.12673, 0.04318, 0.03555, 0.98599, -0.16299, -51.06264, -11.49978, -73.79587
37, 20, -42.47238, -27.23507, 95.0842, 96.05249, 1.54582, 1.54582, 1.54582, 1.00, 0.06962, 0.04232, 0.06962, 0.04232, 0.13284, 0.9858, 0.10273, -51.99062, -11.80253, -75.53403
38, 19, -40.51247, -28.07417, 97.53232, 98.4998, 1.39787, 1.39787, 1.39787, 1.00, 0.06758, 0.0022, 0.06758, 0.0022, 0.34871, 0.93604, -0.04721, -53.82781, -12.56586, -73.08297
39, 21, -42.47238, -27.23507, 95.0842, 96.05249, 1.86993, 1.86993, 1.86993, 1.00, 0.06953, 0.04232, 0.06953, 0.04232, 0.68659, -0.13474, 0.71445, -51.99062, -11.80253, -75.53403
40, 22, -40.28226, -31.03095, 97.36293, 98.33047, 1.77026, 1.77026, 1.77026, 1.00, 0.00909, 0.00308, 0.00909, 0.00308, 0.78382, -0.13876, 0.60528, -53.47589, -14.69907, -72.94553
41, 23, -40.51247, -28.07417, 97.53232, 98.4998, 1.78553, 1.78553, 1.78553, 1.00, 0.06744, 0.00219, 0.06744, 0.00219, 0.76337, -0.16617, 0.62423, -53.82781, -12.56586, -73.08297
42, 21, -42.47238, -27.23507, 95.0842, 96.05249, 1.86993, 1.86993, 1.86993, 1.00, 0.06953, 0.04232, 0.06953, 0.04232, 0.68659, -0.13474, 0.71445, -51.99062, -11.80253, -75.53403
43, 24, -41.96857, -33.1581, 95.19508, 96.16334, 1.95626, 1.95626, 1.95626, 1.00, 0.00573, 0.04991, 0.00573, 0.04991, 0.58227, -0.11756, 0.80445, -51.70922, -16.10425, -75.10371
44, 22, -40.28226, -31.03095, 97.36293, 98.33047, 1.77026, 1.77026, 1.77026, 1.00, 0.00909, 0.00308, 0.00909, 0.00308, 0.78382, -0.13876, 0.60528, -53.47589, -14.69907, -72.94553
45, 18, -39.97968, -33.65684, 94.75623, 95.72463, 1.23062, 1.23062, 1.23062, 1.00, 0.27484, 0.04949, 0.27484, 0.04949, 0.17372, -0.95033, -0.25827, -50.77025, -16.43811, -73.35937
46, 25, -37.94046, -30.57916, 97.01529, 97.98294, 0.00, 0.00, 0.00, 1.00, 0.22293, 0.00477, 0.22293, 0.00477, 0.16011, -0.81365, -0.55887, -52.57955, -14.34948, -70.83621
47, 16, -38.63591, -31.24805, 96.9412, 97.90887, 0.00, 0.00, 0.00, 1.00, 0.27177, 0.00674, 0.27177, 0.00674, 0.39395, -0.86294, -0.31645, -52.65096, -14.82978, -71.51424
48, 18, -39.97968, -33.65684, 94.75623, 95.72463, 1.23062, 1.23062, 1.23062, 1.00, 0.27484, 0.04949, 0.27484, 0.04949, 0.17372, -0.95033, -0.25827, -50.77025, -16.43811, -73.35937
49, 26, -38.01859, -32.31438, 94.48849, 95.45699, 1.23558, 1.23558, 1.23558, 1.00, 0.22844, 0.04552, 0.22844, 0.04552, -0.0621, -0.8792, -0.47239, -50.08504, -15.44778, -71.57561
50, 25, -37.94046, -30.57916, 97.01529, 97.98294, 0.00, 0.00, 0.00, 1.00, 0.22293, 0.00477, 0.22293, 0.00477, 0.16011, -0.81365, -0.55887, -52.57955, -14.34948, -70.83621
51, 27, -38.01859, -32.31438, 94.48849, 95.45699, 1.23558, 1.23558, 1.23558, 1.00, 0.22837, 0.04551, 0.22837, 0.04551, -0.40396, 0.12649, -0.90599, -50.08504, -15.44778, -71.57561
52, 28, -38.14441, -28.43719, 97.0206, 97.98824, 1.23871, 1.23871, 1.23871, 1.00, 0.17658, 0.0044, 0.17658, 0.0044, -0.33172, 0.12819, -0.93463, -52.7305, -12.7967, -71.0006
53, 29, -37.94046, -30.57916, 97.01529, 97.98294, 1.23819, 1.23819, 1.23819, 1.00, 0.22281, 0.00477, 0.22281, 0.00477, -0.33456, 0.13134, -0.93318, -52.57955, -14.34948, -70.83621
54, 27, -38.01859, -32.31438, 94.48849, 95.45699, 1.23558, 1.23558, 1.23558, 1.00, 0.22837, 0.04551, 0.22837, 0.04551, -0.40396, 0.12649, -0.90599, -50.08504, -15.44778, -71.57561
55, 30, -38.42658, -27.99936, 94.31021, 95.27876, 1.23653, 1.23653, 1.23653, 1.00, 0.17578, 0.04431, 0.17578, 0.04431, -0.47166, 0.12188, -0.87332, -50.20618, -12.30774, -71.95239
56, 28, -38.14441, -28.43719, 97.0206, 97.98824, 1.23871, 1.23871, 1.23871, 1.00, 0.17658, 0.0044, 0.17658, 0.0044, -0.33172, 0.12819, -0.93463, -52.7305, -12.7967, -71.0006
57, 31, -39.02036, -28.33052, 92.48717, 93.45634, 1.23383, 1.23383, 1.23383, 1.00, 0.172, 0.07336, 0.172, 0.07336, -0.29576, 0.91363, -0.27894, -48.58074, -12.4325, -72.97825
58, 14, -40.49257, -26.85857, 94.61407, 95.58252, 1.2981, 1.2981, 1.2981, 1.00, 0.12673, 0.04318, 0.12673, 0.04318, 0.03555, 0.98599, -0.16299, -51.06264, -11.49978, -73.79587
59, 11, -38.42658, -27.99936, 94.31021, 95.27876, 1.23653, 1.23653, 1.23653, 1.00, 0.17579, 0.04419, 0.17579, 0.04419, -0.10459, 0.90621, -0.40968, -50.20618, -12.30774, -71.95239
60, 31, -39.02036, -28.33052, 92.48717, 93.45634, 1.23383, 1.23383, 1.23383, 1.00, 0.172, 0.07336, 0.172, 0.07336, -0.29576, 0.91363, -0.27894, -48.58074, -12.4325, -72.97825
61, 32, -40.98703, -27.18372, 92.77145, 93.74052, 1.47125, 1.47125, 1.47125, 1.00, 0.12388, 0.07229, 0.12388, 0.07229, -0.26569, 0.96386, 0.01932, -49.39394, -11.61896, -74.73366
62, 14, -40.49257, -26.85857, 94.61407, 95.58252, 1.2981, 1.2981, 1.2981, 1.00, 0.12673, 0.04318, 0.12673, 0.04318, 0.03555, 0.98599, -0.16299, -51.06264, -11.49978, -73.79587
63, 33, -42.37584, -33.4771, 93.34107, 94.30994, 1.22437, 1.22437, 1.22437, 1.00, 0.32207, 0.07652, 0.32207, 0.07652, -0.02823, -0.97708, 0.21098, -50.00816, -16.21825, -75.96269
64, 18, -39.97968, -33.65684, 94.75623, 95.72463, 1.23062, 1.23062, 1.23062, 1.00, 0.27484, 0.04949, 0.27484, 0.04949, 0.17372, -0.95033, -0.25827, -50.77025, -16.43811, -73.35937
65, 15, -41.96857, -33.1581, 95.19508, 96.16334, 1.22661, 1.22661, 1.22661, 1.00, 0.32124, 0.0475, 0.32124, 0.0475, 0.39362, -0.91644, -0.07206, -51.70922, -16.10425, -75.10371
66, 33, -42.37584, -33.4771, 93.34107, 94.30994, 1.22437, 1.22437, 1.22437, 1.00, 0.32207, 0.07652, 0.32207, 0.07652, -0.02823, -0.97708, 0.21098, -50.00816, -16.21825, -75.96269
67, 34, -40.4846, -33.98145, 92.92332, 93.89234, 1.22816, 1.22816, 1.22816, 1.00, 0.27439, 0.07848, 0.27439, 0.07848, -0.299, -0.95329, -0.04281, -49.11353, -16.55751, -74.30445
68, 18, -39.97968, -33.65684, 94.75623, 95.72463, 1.23062, 1.23062, 1.23062, 1.00, 0.27484, 0.04949, 0.27484, 0.04949, 0.17372, -0.95033, -0.25827, -50.77025, -16.43811, -73.35937
69, 32, -40.98703, -27.18372, 92.77145, 93.74052, 1.47125, 1.47125, 1.47125, 1.00, 0.12388, 0.07229, 0.12388, 0.07229, -0.26569, 0.96386, 0.01932, -49.39394, -11.61896, -74.73366
70, 20, -42.47238, -27.23507, 95.0842, 96.05249, 1.54582, 1.54582, 1.54582, 1.00, 0.06962, 0.04232, 0.06962, 0.04232, 0.13284, 0.9858, 0.10273, -51.99062, -11.80253, -75.53403
71, 14, -40.49257, -26.85857, 94.61407, 95.58252, 1.2981, 1.2981, 1.2981, 1.00, 0.12673, 0.04318, 0.12673, 0.04318, 0.03555, 0.98599, -0.16299, -51.06264, -11.49978, -73.79587
72, 32, -40.98703, -27.18372, 92.77145, 93.74052, 1.47125, 1.47125, 1.47125, 1.00, 0.12388, 0.07229, 0.12388, 0.07229, -0.26569, 0.96386, 0.01932, -49.39394, -11.61896, -74.73366
73, 35, -42.86774, -27.55439, 93.22113, 94.19004, 0.49143, 0.49143, 0.49143, 1.00, 0.0705, 0.0715, 0.0705, 0.0715, -0.25643, 0.92101, 0.29325, -50.27785, -11.91618, -76.38419
74, 20, -42.47238, -27.23507, 95.0842, 96.05249, 1.54582, 1.54582, 1.54582, 1.00, 0.06962, 0.04232, 0.06962, 0.04232, 0.13284, 0.9858, 0.10273, -51.99062, -11.80253, -75.53403
75, 36, -42.86774, -27.55439, 93.22113, 94.19004, 2.05299, 2.05299, 2.05299, 1.00, 0.0705, 0.0714, 0.0705, 0.0714, 0.41565, -0.1155, 0.90216, -50.27785, -11.91618, -76.38419
76, 24, -41.96857, -33.1581, 95.19508, 96.16334, 1.95626, 1.95626, 1.95626, 1.00, 0.00573, 0.04991, 0.00573, 0.04991, 0.58227, -0.11756, 0.80445, -51.70922, -16.10425, -75.10371
77, 21, -42.47238, -27.23507, 95.0842, 96.05249, 1.86993, 1.86993, 1.86993, 1.00, 0.06953, 0.04232, 0.06953, 0.04232, 0.68659, -0.13474, 0.71445, -51.99062, -11.80253, -75.53403
78, 36, -42.86774, -27.55439, 93.22113, 94.19004, 2.05299, 2.05299, 2.05299, 1.00, 0.0705, 0.0714, 0.0705, 0.0714, 0.41565, -0.1155, 0.90216, -50.27785, -11.91618, -76.38419
79, 37, -42.37584, -33.4771, 93.34107, 94.30994, 2.06936, 2.06936, 2.06936, 1.00, 0.0081, 0.07893, 0.0081, 0.07893, 0.36112, -0.11913, 0.92488, -50.00816, -16.21825, -75.96269
80, 24, -41.96857, -33.1581, 95.19508, 96.16334, 1.95626, 1.95626, 1.95626, 1.00, 0.00573, 0.04991, 0.00573, 0.04991, 0.58227, -0.11756, 0.80445, -51.70922, -16.10425, -75.10371
81, 34, -40.4846, -33.98145, 92.92332, 93.89234, 1.22816, 1.22816, 1.22816, 1.00, 0.27439, 0.07848, 0.27439, 0.07848, -0.299, -0.95329, -0.04281, -49.11353, -16.55751, -74.30445
82, 26, -38.01859, -32.31438, 94.48849, 95.45699, 1.23558, 1.23558, 1.23558, 1.00, 0.22844, 0.04552, 0.22844, 0.04552, -0.0621, -0.8792, -0.47239, -50.08504, -15.44778, -71.57561
83, 18, -39.97968, -33.65684, 94.75623, 95.72463, 1.23062, 1.23062, 1.23062, 1.00, 0.27484, 0.04949, 0.27484, 0.04949, 0.17372, -0.95033, -0.25827, -50.77025, -16.43811, -73.35937
84, 34, -40.4846, -33.98145, 92.92332, 93.89234, 1.22816, 1.22816, 1.22816, 1.00, 0.27439, 0.07848, 0.27439, 0.07848, -0.299, -0.95329, -0.04281, -49.11353, -16.55751, -74.30445
85, 38, -38.62247, -32.64573, 92.67016, 93.63926, 1.23286, 1.23286, 1.23286, 1.00, 0.22639, 0.07458, 0.22639, 0.07458, -0.43461, -0.85292, -0.28922, -48.46664, -15.57298, -72.60974
86, 26, -38.01859, -32.31438, 94.48849, 95.45699, 1.23558, 1.23558, 1.23558, 1.00, 0.22844, 0.04552, 0.22844, 0.04552, -0.0621, -0.8792, -0.47239, -50.08504, -15.44778, -71.57561
87, 39, -38.62247, -32.64573, 92.67016, 93.63926, 1.23286, 1.23286, 1.23286, 1.00, 0.22633, 0.07458, 0.22633, 0.07458, -0.46071, 0.1211, -0.87925, -48.46664, -15.57298, -72.60974
88, 30, -38.42658, -27.99936, 94.31021, 95.27876, 1.23653, 1.23653, 1.23653, 1.00, 0.17578, 0.04431, 0.17578, 0.04431, -0.47166, 0.12188, -0.87332, -50.20618, -12.30774, -71.95239
89, 27, -38.01859, -32.31438, 94.48849, 95.45699, 1.23558, 1.23558, 1.23558, 1.00, 0.22837, 0.04551, 0.22837, 0.04551, -0.40396, 0.12649, -0.90599, -50.08504, -15.44778, -71.57561
90, 39, -38.62247, -32.64573, 92.67016, 93.63926, 1.23286, 1.23286, 1.23286, 1.00, 0.22633, 0.07458, 0.22633, 0.07458, -0.46071, 0.1211, -0.87925, -48.46664, -15.57298, -72.60974
91, 40, -39.02036, -28.33052, 92.48717, 93.45634, 1.23383, 1.23383, 1.23383, 1.00, 0.17202, 0.07336, 0.17202, 0.07336, -0.39345, 0.12837, -0.91034, -48.58074, -12.4325, -72.97825
92, 30, -38.42658, -27.99936, 94.31021, 95.27876, 1.23653, 1.23653, 1.23653, 1.00, 0.17578, 0.04431, 0.17578, 0.04431, -0.47166, 0.12188, -0.87332, -50.20618, -12.30774, -71.95239
93, 41, -39.06977, -28.91663, 91.45349, 92.423, 1.31516, 1.31516, 1.31516, 1.00, 0.17143, 0.0923, 0.17143, 0.0923, -0.45855, 0.87829, -0.13544, -47.5701, -12.79208, -73.29562
94, 32, -40.98703, -27.18372, 92.77145, 93.74052, 1.47125, 1.47125, 1.47125, 1.00, 0.12388, 0.07229, 0.12388, 0.07229, -0.26569, 0.96386, 0.01932, -49.39394, -11.61896, -74.73366
95, 31, -39.02036, -28.33052, 92.48717, 93.45634, 1.23383, 1.23383, 1.23383, 1.00, 0.172, 0.07336, 0.172, 0.07336, -0.29576, 0.91363, -0.27894, -48.58074, -12.4325, -72.97825
96, 41, -39.06977, -28.91663, 91.45349, 92.423, 1.31516, 1.31516, 1.31516, 1.00, 0.17143, 0.0923, 0.17143, 0.0923, -0.45855, 0.87829, -0.13544, -47.5701, -12.79208, -73.29562
97, 42, -41.02003, -28.09978, 91.76284, 92.73224, 0.41971, 0.41971, 0.41971, 1.00, 0.12403, 0.08898, 0.12403, 0.08898, -0.43793, 0.87109, 0.22231, -48.38873, -12.21936, -75.03314
98, 32, -40.98703, -27.18372, 92.77145, 93.74052, 1.47125, 1.47125, 1.47125, 1.00, 0.12388, 0.07229, 0.12388, 0.07229, -0.26569, 0.96386, 0.01932, -49.39394, -11.61896, -74.73366
99, 43, -42.48645, -32.7803, 92.22346, 93.19271, 1.37577, 1.37577, 1.37577, 1.00, 0.31885, 0.09196, 0.31885, 0.09196, -0.39292, -0.84764, 0.35656, -48.9888, -15.64228, -76.3437
100, 34, -40.4846, -33.98145, 92.92332, 93.89234, 1.22816, 1.22816, 1.22816, 1.00, 0.27439, 0.07848, 0.27439, 0.07848, -0.299, -0.95329, -0.04281, -49.11353, -16.55751, -74.30445
101, 33, -42.37584, -33.4771, 93.34107, 94.30994, 1.22437, 1.22437, 1.22437, 1.00, 0.32207, 0.07652, 0.32207, 0.07652, -0.02823, -0.97708, 0.21098, -50.00816, -16.21825, -75.96269
102, 43, -42.48645, -32.7803, 92.22346, 93.19271, 1.37577, 1.37577, 1.37577, 1.00, 0.31885, 0.09196, 0.31885, 0.09196, -0.39292, -0.84764, 0.35656, -48.9888, -15.64228, -76.3437
103, 44, -40.60151, -33.12573, 91.80164, 92.77102, 1.22757, 1.22757, 1.22757, 1.00, 0.27475, 0.09369, 0.27475, 0.09369, -0.52155, -0.85285, -0.02502, -48.09886, -15.86606, -74.69054
104, 34, -40.4846, -33.98145, 92.92332, 93.89234, 1.22816, 1.22816, 1.22816, 1.00, 0.27439, 0.07848, 0.27439, 0.07848, -0.299, -0.95329, -0.04281, -49.11353, -16.55751, -74.30445
105, 42, -41.02003, -28.09978, 91.76284, 92.73224, 0.41971, 0.41971, 0.41971, 1.00, 0.12403, 0.08898, 0.12403, 0.08898, -0.43793, 0.87109, 0.22231, -48.38873, -12.21936, -75.03314
106, 35, -42.86774, -27.55439, 93.22113, 94.19004, 0.49143, 0.49143, 0.49143, 1.00, 0.0705, 0.0715, 0.0705, 0.0715, -0.25643, 0.92101, 0.29325, -50.27785, -11.91618, -76.38419
107, 32, -40.98703, -27.18372, 92.77145, 93.74052, 1.47125, 1.47125, 1.47125, 1.00, 0.12388, 0.07229, 0.12388, 0.07229, -0.26569, 0.96386, 0.01932, -49.39394, -11.61896, -74.73366
108, 42, -41.02003, -28.09978, 91.76284, 92.73224, 0.41971, 0.41971, 0.41971, 1.00, 0.12403, 0.08898, 0.12403, 0.08898, -0.43793, 0.87109, 0.22231, -48.38873, -12.21936, -75.03314
109, 45, -42.90523, -28.40212, 92.2019, 93.17115, 0.51525, 0.51525, 0.51525, 1.00, 0.07376, 0.08962, 0.07376, 0.08962, -0.3734, 0.86804, 0.32723, -49.26656, -12.46637, -76.68977
110, 35, -42.86774, -27.55439, 93.22113, 94.19004, 0.49143, 0.49143, 0.49143, 1.00, 0.0705, 0.0715, 0.0705, 0.0715, -0.25643, 0.92101, 0.29325, -50.27785, -11.91618, -76.38419
111, 46, -42.90523, -28.40212, 92.2019, 93.17115, 2.08893, 2.08893, 2.08893, 1.00, 0.0737, 0.08961, 0.0737, 0.08961, 0.31328, -0.12069, 0.94196, -49.26656, -12.46637, -76.68977
112, 37, -42.37584, -33.4771, 93.34107, 94.30994, 2.06936, 2.06936, 2.06936, 1.00, 0.0081, 0.07893, 0.0081, 0.07893, 0.36112, -0.11913, 0.92488, -50.00816, -16.21825, -75.96269
113, 36, -42.86774, -27.55439, 93.22113, 94.19004, 2.05299, 2.05299, 2.05299, 1.00, 0.0705, 0.0714, 0.0705, 0.0714, 0.41565, -0.1155, 0.90216, -50.27785, -11.91618, -76.38419
114, 46, -42.90523, -28.40212, 92.2019, 93.17115, 2.08893, 2.08893, 2.08893, 1.00, 0.0737, 0.08961, 0.0737, 0.08961, 0.31328, -0.12069, 0.94196, -49.26656, -12.46637, -76.68977
115, 47, -42.48645, -32.7803, 92.22346, 93.19271, 2.09191, 2.09191, 2.09191, 1.00, 0.00648, 0.09305, 0.00648, 0.09305, 0.28295, -0.12835, 0.95051, -48.9888, -15.64228, -76.3437
116, 37, -42.37584, -33.4771, 93.34107, 94.30994, 2.06936, 2.06936, 2.06936, 1.00, 0.0081, 0.07893, 0.0081, 0.07893, 0.36112, -0.11913, 0.92488, -50.00816, -16.21825, -75.96269
117, 44, -40.60151, -33.12573, 91.80164, 92.77102, 1.22757, 1.22757, 1.22757, 1.00, 0.27475, 0.09369, 0.27475, 0.09369, -0.52155, -0.85285, -0.02502, -48.09886, -15.86606, -74.69054
118, 38, -38.62247, -32.64573, 92.67016, 93.63926, 1.23286, 1.23286, 1.23286, 1.00, 0.22639, 0.07458, 0.22639, 0.07458, -0.43461, -0.85292, -0.28922, -48.46664, -15.57298, -72.60974
119, 34, -40.4846, -33.98145, 92.92332, 93.89234, 1.22816, 1.22816, 1.22816, 1.00, 0.27439, 0.07848, 0.27439, 0.07848, -0.299, -0.95329, -0.04281, -49.11353, -16.55751, -74.30445
120, 44, -40.60151, -33.12573, 91.80164, 92.77102, 1.22757, 1.22757, 1.22757, 1.00, 0.27475, 0.09369, 0.27475, 0.09369, -0.52155, -0.85285, -0.02502, -48.09886, -15.86606, -74.69054
121, 48, -38.72709, -32.10326, 91.55621, 92.52568, 1.23215, 1.23215, 1.23215, 1.00, 0.22155, 0.09023, 0.22155, 0.09023, -0.46507, -0.86152, -0.2037, -47.44246, -15.10915, -72.98602
122, 38, -38.62247, -32.64573, 92.67016, 93.63926, 1.23286, 1.23286, 1.23286, 1.00, 0.22639, 0.07458, 0.22639, 0.07458, -0.43461, -0.85292, -0.28922, -48.46664, -15.57298, -72.60974
123, 49, -38.72709, -32.10326, 91.55621, 92.52568, 1.23215, 1.23215, 1.23215, 1.00, 0.22148, 0.09023, 0.22148, 0.09023, -0.31808, 0.13251, -0.93876, -47.44246, -15.10915, -72.98602
124, 40, -39.02036, -28.33052, 92.48717, 93.45634, 1.23383, 1.23383, 1.23383, 1.00, 0.17202, 0.07336, 0.17202, 0.07336, -0.39345, 0.12837, -0.91034, -48.58074, -12.4325, -72.97825
125, 39, -38.62247, -32.64573, 92.67016, 93.63926, 1.23286, 1.23286, 1.23286, 1.00, 0.22633, 0.07458, 0.22633, 0.07458, -0.46071, 0.1211, -0.87925, -48.46664, -15.57298, -72.60974
126, 49, -38.72709, -32.10326, 91.55621, 92.52568, 1.23215, 1.23215, 1.23215, 1.00, 0.22148, 0.09023, 0.22148, 0.09023, -0.31808, 0.13251, -0.93876, -47.44246, -15.10915, -72.98602
127, 50, -39.06977, -28.91663, 91.45349, 92.423, 1.23277, 1.23277, 1.23277, 1.00, 0.17145, 0.0923, 0.17145, 0.0923, -0.34258, 0.14296, -0.92855, -47.5701, -12.79208, -73.29562
128, 40, -39.02036, -28.33052, 92.48717, 93.45634, 1.23383, 1.23383, 1.23383, 1.00, 0.17202, 0.07336, 0.17202, 0.07336, -0.39345, 0.12837, -0.91034, -48.58074, -12.4325, -72.97825
129, 51, -36.62388, -24.77907, 102.39085, 103.35672, 1.24733, 1.24733, 1.24733, 1.00, 0.84986, 0.04749, 0.84986, 0.04749, -0.57797, 0.50277, -0.64278, -57.69467, -10.48405, -68.16113
130, 52, -38.29287, -21.65643, 104.64296, 105.60806, 1.2462, 1.2462, 1.2462, 1.00, 0.81563, 0.00882, 0.81563, 0.00882, -0.53705, 0.80385, -0.25572, -60.41953, -8.36237, -69.11156
131, 53, -36.21687, -22.47341, 104.75432, 105.71938, 1.25081, 1.25081, 1.25081, 1.00, 0.85038, 0.00812, 0.85038, 0.00812, -0.58301, 0.40552, -0.70402, -59.9754, -8.96181, -67.14877
132, 51, -36.62388, -24.77907, 102.39085, 103.35672, 1.24733, 1.24733, 1.24733, 1.00, 0.84986, 0.04749, 0.84986, 0.04749, -0.57797, 0.50277, -0.64278, -57.69467, -10.48405, -68.16113
133, 54, -38.78339, -23.17118, 102.00523, 102.97121, 1.24275, 1.24275, 1.24275, 1.00, 0.81401, 0.04676, 0.81401, 0.04676, -0.50594, 0.78314, -0.36155, -57.93018, -9.2938, -70.26289
134, 52, -38.29287, -21.65643, 104.64296, 105.60806, 1.2462, 1.2462, 1.2462, 1.00, 0.81563, 0.00882, 0.81563, 0.00882, -0.53705, 0.80385, -0.25572, -60.41953, -8.36237, -69.11156
135, 55, -40.72602, -29.05859, 104.75623, 105.72131, 1.62438, 1.62438, 1.62438, 1.00, 0.92383, 0.04943, 0.92383, 0.04943, 0.4425, -0.6932, 0.56892, -60.80356, -13.73674, -71.44821
136, 56, -37.33472, -26.92447, 106.94418, 107.90852, 0.00, 0.00, 0.00, 1.00, 0.89628, 0.0081, 0.89628, 0.0081, 0.46801, -0.83283, -0.29556, -62.16679, -12.32776, -67.68826
137, 57, -40.27559, -26.55289, 107.36407, 108.32826, 1.77967, 1.77967, 1.77967, 1.00, 0.92295, 0.00834, 0.92295, 0.00834, 0.59444, -0.45596, 0.66238, -63.31807, -12.08491, -70.33038
138, 55, -40.72602, -29.05859, 104.75623, 105.72131, 1.62438, 1.62438, 1.62438, 1.00, 0.92383, 0.04943, 0.92383, 0.04943, 0.4425, -0.6932, 0.56892, -60.80356, -13.73674, -71.44821
139, 58, -37.76017, -29.69217, 104.41405, 105.37923, 0.00, 0.00, 0.00, 1.00, 0.89729, 0.04995, 0.89729, 0.04995, 0.22036, -0.89538, -0.38696, -59.70937, -14.17448, -68.76593
140, 56, -37.33472, -26.92447, 106.94418, 107.90852, 0.00, 0.00, 0.00, 1.00, 0.89628, 0.0081, 0.89628, 0.0081, 0.46801, -0.83283, -0.29556, -62.16679, -12.32776, -67.68826
141, 59, -38.78339, -23.17118, 102.00523, 102.97121, 0.59897, 0.59897, 0.59897, 1.00, 0.98858, 0.04646, 0.98858, 0.04646, -0.2853, 0.86313, 0.41667, -57.93018, -9.2938, -70.26289
142, 60, -41.17974, -21.96276, 105.37344, 106.3383, 0.83963, 0.83963, 0.83963, 1.00, 0.95474, 0.00771, 0.95474, 0.00771, -0.03753, 0.70718, 0.70603, -61.82681, -8.63071, -71.63172
143, 61, -38.29287, -21.65643, 104.64296, 105.60806, 1.68618, 1.68618, 1.68618, 1.00, 0.9902, 0.00882, 0.9902, 0.00882, -0.24302, 0.94092, 0.23582, -60.41953, -8.36237, -69.11156
144, 59, -38.78339, -23.17118, 102.00523, 102.97121, 0.59897, 0.59897, 0.59897, 1.00, 0.98858, 0.04646, 0.98858, 0.04646, -0.2853, 0.86313, 0.41667, -57.93018, -9.2938, -70.26289
145, 62, -41.5774, -24.23158, 103.0617, 104.02733, 0.95734, 0.95734, 0.95734, 1.00, 0.95589, 0.0481, 0.95589, 0.0481, 0.054, 0.45862, 0.88699, -59.59527, -10.12952, -72.62167
146, 60, -41.17974, -21.96276, 105.37344, 106.3383, 0.83963, 0.83963, 0.83963, 1.00, 0.95474, 0.00771, 0.95474, 0.00771, -0.03753, 0.70718, 0.70603, -61.82681, -8.63071, -71.63172
147, 62, -41.5774, -24.23158, 103.0617, 104.02733, 0.95734, 0.95734, 0.95734, 1.00, 0.95589, 0.0481, 0.95589, 0.0481, 0.054, 0.45862, 0.88699, -59.59527, -10.12952, -72.62167
148, 57, -40.27559, -26.55289, 107.36407, 108.32826, 1.77967, 1.77967, 1.77967, 1.00, 0.92295, 0.00834, 0.92295, 0.00834, 0.59444, -0.45596, 0.66238, -63.31807, -12.08491, -70.33038
149, 60, -41.17974, -21.96276, 105.37344, 106.3383, 0.83963, 0.83963, 0.83963, 1.00, 0.95474, 0.00771, 0.95474, 0.00771, -0.03753, 0.70718, 0.70603, -61.82681, -8.63071, -71.63172
150, 62, -41.5774, -24.23158, 103.0617, 104.02733, 0.95734, 0.95734, 0.95734, 1.00, 0.95589, 0.0481, 0.95589, 0.0481, 0.054, 0.45862, 0.88699, -59.59527, -10.12952, -72.62167
151, 55, -40.72602, -29.05859, 104.75623, 105.72131, 1.62438, 1.62438, 1.62438, 1.00, 0.92383, 0.04943, 0.92383, 0.04943, 0.4425, -0.6932, 0.56892, -60.80356, -13.73674, -71.44821
152, 57, -40.27559, -26.55289, 107.36407, 108.32826, 1.77967, 1.77967, 1.77967, 1.00, 0.92295, 0.00834, 0.92295, 0.00834, 0.59444, -0.45596, 0.66238, -63.31807, -12.08491, -70.33038
153, 58, -37.76017, -29.69217, 104.41405, 105.37923, 0.00, 0.00, 0.00, 1.00, 0.89729, 0.04995, 0.89729, 0.04995, 0.22036, -0.89538, -0.38696, -59.70937, -14.17448, -68.76593
154, 63, -35.51544, -25.72418, 106.30395, 107.2685, 0.00, 0.00, 0.00, 1.00, 0.87489, 0.00678, 0.87489, 0.00678, -0.00121, -0.52699, -0.84987, -61.15123, -11.41694, -66.13419
155, 56, -37.33472, -26.92447, 106.94418, 107.90852, 0.00, 0.00, 0.00, 1.00, 0.89628, 0.0081, 0.89628, 0.0081, 0.46801, -0.83283, -0.29556, -62.16679, -12.32776, -67.68826
156, 58, -37.76017, -29.69217, 104.41405, 105.37923, 0.00, 0.00, 0.00, 1.00, 0.89729, 0.04995, 0.89729, 0.04995, 0.22036, -0.89538, -0.38696, -59.70937, -14.17448, -68.76593
157, 64, -35.95939, -28.21534, 103.73002, 104.69543, 1.24812, 1.24812, 1.24812, 1.00, 0.87444, 0.04921, 0.87444, 0.04921, -0.32848, -0.38792, -0.86118, -58.66845, -13.06038, -67.23711
158, 63, -35.51544, -25.72418, 106.30395, 107.2685, 0.00, 0.00, 0.00, 1.00, 0.87489, 0.00678, 0.87489, 0.00678, -0.00121, -0.52699, -0.84987, -61.15123, -11.41694, -66.13419
159, 64, -35.95939, -28.21534, 103.73002, 104.69543, 1.24812, 1.24812, 1.24812, 1.00, 0.87444, 0.04921, 0.87444, 0.04921, -0.32848, -0.38792, -0.86118, -58.66845, -13.06038, -67.23711
160, 53, -36.21687, -22.47341, 104.75432, 105.71938, 1.25081, 1.25081, 1.25081, 1.00, 0.85038, 0.00812, 0.85038, 0.00812, -0.58301, 0.40552, -0.70402, -59.9754, -8.96181, -67.14877
161, 63, -35.51544, -25.72418, 106.30395, 107.2685, 0.00, 0.00, 0.00, 1.00, 0.87489, 0.00678, 0.87489, 0.00678, -0.00121, -0.52699, -0.84987, -61.15123, -11.41694, -66.13419
162, 64, -35.95939, -28.21534, 103.73002, 104.69543, 1.24812, 1.24812, 1.24812, 1.00, 0.87444, 0.04921, 0.87444, 0.04921, -0.32848, -0.38792, -0.86118, -58.66845, -13.06038, -67.23711
163, 51, -36.62388, -24.77907, 102.39085, 103.35672, 1.24733, 1.24733, 1.24733, 1.00, 0.84986, 0.04749, 0.84986, 0.04749, -0.57797, 0.50277, -0.64278, -57.69467, -10.48405, -68.16113
164, 53, -36.21687, -22.47341, 104.75432, 105.71938, 1.25081, 1.25081, 1.25081, 1.00, 0.85038, 0.00812, 0.85038, 0.00812, -0.58301, 0.40552, -0.70402, -59.9754, -8.96181, -67.14877
165, 65, -38.14441, -28.43719, 97.0206, 97.98824, 1.23871, 1.23871, 1.23871, 1.00, 0.83237, 0.12965, 0.83237, 0.12965, -0.32117, 0.66368, -0.67555, -52.7305, -12.7967, -71.0006
166, 54, -38.78339, -23.17118, 102.00523, 102.97121, 1.24275, 1.24275, 1.24275, 1.00, 0.81401, 0.04676, 0.81401, 0.04676, -0.50594, 0.78314, -0.36155, -57.93018, -9.2938, -70.26289
167, 51, -36.62388, -24.77907, 102.39085, 103.35672, 1.24733, 1.24733, 1.24733, 1.00, 0.84986, 0.04749, 0.84986, 0.04749, -0.57797, 0.50277, -0.64278, -57.69467, -10.48405, -68.16113
168, 65, -38.14441, -28.43719, 97.0206, 97.98824, 1.23871, 1.23871, 1.23871, 1.00, 0.83237, 0.12965, 0.83237, 0.12965, -0.32117, 0.66368, -0.67555, -52.7305, -12.7967, -71.0006
169, 66, -38.86203, -27.85423, 97.12526, 98.09288, 1.23739, 1.23739, 1.23739, 1.00, 0.81382, 0.12904, 0.81382, 0.12904, -0.18976, 0.86134, -0.47125, -53.03544, -12.38062, -71.63895
170, 54, -38.78339, -23.17118, 102.00523, 102.97121, 1.24275, 1.24275, 1.24275, 1.00, 0.81401, 0.04676, 0.81401, 0.04676, -0.50594, 0.78314, -0.36155, -57.93018, -9.2938, -70.26289
171, 67, -40.28226, -31.03095, 97.36293, 98.33047, 0.41733, 0.41733, 0.41733, 1.00, 0.92921, 0.13049, 0.92921, 0.13049, -0.16253, -0.76801, 0.61947, -53.47589, -14.69907, -72.94553
172, 58, -37.76017, -29.69217, 104.41405, 105.37923, 0.00, 0.00, 0.00, 1.00, 0.89729, 0.04995, 0.89729, 0.04995, 0.22036, -0.89538, -0.38696, -59.70937, -14.17448, -68.76593
173, 55, -40.72602, -29.05859, 104.75623, 105.72131, 1.62438, 1.62438, 1.62438, 1.00, 0.92383, 0.04943, 0.92383, 0.04943, 0.4425, -0.6932, 0.56892, -60.80356, -13.73674, -71.44821
174, 67, -40.28226, -31.03095, 97.36293, 98.33047, 0.41733, 0.41733, 0.41733, 1.00, 0.92921, 0.13049, 0.92921, 0.13049, -0.16253, -0.76801, 0.61947, -53.47589, -14.69907, -72.94553
175, 68, -38.63591, -31.24805, 96.9412, 97.90887, 1.27668, 1.27668, 1.27668, 1.00, 0.89311, 0.13102, 0.89311, 0.13102, -0.30625, -0.91566, 0.26034, -52.65096, -14.82978, -71.51424
176, 69, -37.76017, -29.69217, 104.41405, 105.37923, 1.2436, 1.2436, 1.2436, 1.00, 0.89732, 0.04996, 0.89732, 0.04996, 0.08536, -0.99423, 0.06492, -59.70937, -14.17448, -68.76593
177, 70, -38.86203, -27.85423, 97.12526, 98.09288, 1.64931, 1.64931, 1.64931, 1.00, 0.99048, 0.13054, 0.99048, 0.13054, 0.09581, 0.97577, 0.19673, -53.03544, -12.38062, -71.63895
178, 62, -41.5774, -24.23158, 103.0617, 104.02733, 0.95734, 0.95734, 0.95734, 1.00, 0.95589, 0.0481, 0.95589, 0.0481, 0.054, 0.45862, 0.88699, -59.59527, -10.12952, -72.62167
179, 59, -38.78339, -23.17118, 102.00523, 102.97121, 0.59897, 0.59897, 0.59897, 1.00, 0.98858, 0.04646, 0.98858, 0.04646, -0.2853, 0.86313, 0.41667, -57.93018, -9.2938, -70.26289
180, 70, -38.86203, -27.85423, 97.12526, 98.09288, 1.64931, 1.64931, 1.64931, 1.00, 0.99048, 0.13054, 0.99048, 0.13054, 0.09581, 0.97577, 0.19673, -53.03544, -12.38062, -71.63895
181, 71, -40.51247, -28.07417, 97.53232, 98.4998, 2.19157, 2.19157, 2.19157, 1.00, 0.95856, 0.1299, 0.95856, 0.1299, 0.19075, 0.35188, 0.9164, -53.82781, -12.56586, -73.08297
182, 62, -41.5774, -24.23158, 103.0617, 104.02733, 0.95734, 0.95734, 0.95734, 1.00, 0.95589, 0.0481, 0.95589, 0.0481, 0.054, 0.45862, 0.88699, -59.59527, -10.12952, -72.62167
183, 71, -40.51247, -28.07417, 97.53232, 98.4998, 2.19157, 2.19157, 2.19157, 1.00, 0.95856, 0.1299, 0.95856, 0.1299, 0.19075, 0.35188, 0.9164, -53.82781, -12.56586, -73.08297
184, 55, -40.72602, -29.05859, 104.75623, 105.72131, 1.62438, 1.62438, 1.62438, 1.00, 0.92383, 0.04943, 0.92383, 0.04943, 0.4425, -0.6932, 0.56892, -60.80356, -13.73674, -71.44821
185, 62, -41.5774, -24.23158, 103.0617, 104.02733, 0.95734, 0.95734, 0.95734, 1.00, 0.95589, 0.0481, 0.95589, 0.0481, 0.054, 0.45862, 0.88699, -59.59527, -10.12952, -72.62167
186, 71, -40.51247, -28.07417, 97.53232, 98.4998, 2.19157, 2.19157, 2.19157, 1.00, 0.95856, 0.1299, 0.95856, 0.1299, 0.19075, 0.35188, 0.9164, -53.82781, -12.56586, -73.08297
187, 67, -40.28226, -31.03095, 97.36293, 98.33047, 0.41733, 0.41733, 0.41733, 1.00, 0.92921, 0.13049, 0.92921, 0.13049, -0.16253, -0.76801, 0.61947, -53.47589, -14.69907, -72.94553
188, 55, -40.72602, -29.05859, 104.75623, 105.72131, 1.62438, 1.62438, 1.62438, 1.00, 0.92383, 0.04943, 0.92383, 0.04943, 0.4425, -0.6932, 0.56892, -60.80356, -13.73674, -71.44821
189, 72, -38.63591, -31.24805, 96.9412, 97.90887, 1.23622, 1.23622, 1.23622, 1.00, 0.89315, 0.131, 0.89315, 0.131, -0.52656, -0.75373, -0.39321, -52.65096, -14.82978, -71.51424
190, 64, -35.95939, -28.21534, 103.73002, 104.69543, 1.24812, 1.24812, 1.24812, 1.00, 0.87444, 0.04921, 0.87444, 0.04921, -0.32848, -0.38792, -0.86118, -58.66845, -13.06038, -67.23711
191, 58, -37.76017, -29.69217, 104.41405, 105.37923, 0.00, 0.00, 0.00, 1.00, 0.89729, 0.04995, 0.89729, 0.04995, 0.22036, -0.89538, -0.38696, -59.70937, -14.17448, -68.76593
192, 72, -38.63591, -31.24805, 96.9412, 97.90887, 1.23622, 1.23622, 1.23622, 1.00, 0.89315, 0.131, 0.89315, 0.131, -0.52656, -0.75373, -0.39321, -52.65096, -14.82978, -71.51424
193, 73, -37.94046, -30.57916, 97.01529, 97.98294, 1.23819, 1.23819, 1.23819, 1.00, 0.86425, 0.13012, 0.86425, 0.13012, -0.5731, -0.15762, -0.80418, -52.57955, -14.34948, -70.83621
194, 64, -35.95939, -28.21534, 103.73002, 104.69543, 1.24812, 1.24812, 1.24812, 1.00, 0.87444, 0.04921, 0.87444, 0.04921, -0.32848, -0.38792, -0.86118, -58.66845, -13.06038, -67.23711
195, 73, -37.94046, -30.57916, 97.01529, 97.98294, 1.23819, 1.23819, 1.23819, 1.00, 0.86425, 0.13012, 0.86425, 0.13012, -0.5731, -0.15762, -0.80418, -52.57955, -14.34948, -70.83621
196, 51, -36.62388, -24.77907, 102.39085, 103.35672, 1.24733, 1.24733, 1.24733, 1.00, 0.84986, 0.04749, 0.84986, 0.04749, -0.57797, 0.50277, -0.64278, -57.69467, -10.48405, -68.16113
197, 64, -35.95939, -28.21534, 103.73002, 104.69543, 1.24812, 1.24812, 1.24812, 1.00, 0.87444, 0.04921, 0.87444, 0.04921, -0.32848, -0.38792, -0.86118, -58.66845, -13.06038, -67.23711
198, 73, -37.94046, -30.57916, 97.01529, 97.98294, 1.23819, 1.23819, 1.23819, 1.00, 0.86425, 0.13012, 0.86425, 0.13012, -0.5731, -0.15762, -0.80418, -52.57955, -14.34948, -70.83621
199, 65, -38.14441, -28.43719, 97.0206, 97.98824, 1.23871, 1.23871, 1.23871, 1.00, 0.83237, 0.12965, 0.83237, 0.12965, -0.32117, 0.66368, -0.67555, -52.7305, -12.7967, -71.0006
200, 51, -36.62388, -24.77907, 102.39085, 103.35672, 1.24733, 1.24733, 1.24733, 1.00, 0.84986, 0.04749, 0.84986, 0.04749, -0.57797, 0.50277, -0.64278, -57.69467, -10.48405, -68.16113
201, 74, -37.91602, -7.99072, 111.39722, 112.36008, 1.25711, 1.25711, 1.25711, 1.00, 0.90, 0.24736, 0.90, 0.24736, -0.39842, 0.26896, -0.87688, -67.44708, 1.11906, -66.8714
202, 75, -39.52186, -3.59679, 108.37401, 109.33788, 1.25327, 1.25327, 1.25327, 1.00, 0.99013, 0.19746, 0.99013, 0.19746, -0.42333, 0.38202, -0.8215, -65.12544, 4.49633, -69.09602
203, 76, -38.28225, -3.77999, 113.03592, 113.99823, 0.00, 0.00, 0.00, 1.00, 0.87617, 0.20965, 0.87617, 0.20965, 0.28972, 0.33584, -0.89626, -69.30546, 4.0685, -66.7459
204, 74, -37.91602, -7.99072, 111.39722, 112.36008, 1.25711, 1.25711, 1.25711, 1.00, 0.90, 0.24736, 0.90, 0.24736, -0.39842, 0.26896, -0.87688, -67.44708, 1.11906, -66.8714
205, 77, -38.60672, -8.70818, 108.23279, 109.19669, 1.25327, 1.25327, 1.25327, 1.00, 0.99122, 0.2465, 0.99122, 0.2465, -0.45586, 0.27215, -0.84742, -64.53492, 0.79908, -68.3354
206, 75, -39.52186, -3.59679, 108.37401, 109.33788, 1.25327, 1.25327, 1.25327, 1.00, 0.99013, 0.19746, 0.99013, 0.19746, -0.42333, 0.38202, -0.8215, -65.12544, 4.49633, -69.09602
207, 76, -38.28225, -3.77999, 113.03592, 113.99823, 0.00, 0.00, 0.00, 1.00, 0.87617, 0.20965, 0.87617, 0.20965, 0.28972, 0.33584, -0.89626, -69.30546, 4.0685, -66.7459
208, 75, -39.52186, -3.59679, 108.37401, 109.33788, 1.25327, 1.25327, 1.25327, 1.00, 0.99013, 0.19746, 0.99013, 0.19746, -0.42333, 0.38202, -0.8215, -65.12544, 4.49633, -69.09602
209, 78, -40.76825, 1.3088, 112.03327, 112.99592, 0.00, 0.00, 0.00, 1.00, 0.89775, 0.14833, 0.89775, 0.14833, -0.0457, 0.55655, -0.82956, -69.1817, 7.82176, -69.27008
210, 78, -40.76825, 1.3088, 112.03327, 112.99592, 0.00, 0.00, 0.00, 1.00, 0.89775, 0.14833, 0.89775, 0.14833, -0.0457, 0.55655, -0.82956, -69.1817, 7.82176, -69.27008
211, 75, -39.52186, -3.59679, 108.37401, 109.33788, 1.25327, 1.25327, 1.25327, 1.00, 0.99013, 0.19746, 0.99013, 0.19746, -0.42333, 0.38202, -0.8215, -65.12544, 4.49633, -69.09602
212, 79, -41.50888, 1.1255, 108.73762, 109.70136, 1.25059, 1.25059, 1.25059, 1.00, 0.99046, 0.14853, 0.99046, 0.14853, -0.3827, 0.50723, -0.77218, -66.17913, 7.89738, -70.80809
213, 80, -40.76825, 1.3088, 112.03327, 112.99592, 0.00, 0.00, 0.00, 1.00, 0.78808, 0.10212, 0.78808, 0.10212, 0.15747, 0.79974, -0.57933, -69.1817, 7.82176, -69.27008
214, 81, -41.50888, 1.1255, 108.73762, 109.70136, 1.25059, 1.25059, 1.25059, 1.00, 0.73217, 0.10346, 0.73217, 0.10346, -0.4278, 0.82036, -0.37946, -66.17913, 7.89738, -70.80809
215, 82, -42.36692, 2.82428, 111.65182, 112.61459, 1.25089, 1.25089, 1.25089, 1.00, 0.78005, 0.11705, 0.78005, 0.11705, 0.06587, 0.9146, -0.39895, -69.27795, 8.94475, -70.84671
216, 82, -42.36692, 2.82428, 111.65182, 112.61459, 1.25089, 1.25089, 1.25089, 1.00, 0.78005, 0.11705, 0.78005, 0.11705, 0.06587, 0.9146, -0.39895, -69.27795, 8.94475, -70.84671
217, 81, -41.50888, 1.1255, 108.73762, 109.70136, 1.25059, 1.25059, 1.25059, 1.00, 0.73217, 0.10346, 0.73217, 0.10346, -0.4278, 0.82036, -0.37946, -66.17913, 7.89738, -70.80809
218, 83, -42.77663, 2.37428, 109.21154, 110.17513, 1.26616, 1.26616, 1.26616, 1.00, 0.73853, 0.11711, 0.73853, 0.11711, -0.43348, 0.88905, -0.14725, -67.0063, 8.77287, -71.85936
219, 84, -37.96585, -7.45933, 113.62174, 114.58385, 0.00, 0.00, 0.00, 1.00, 0.867, 0.24465, 0.867, 0.24465, 0.5092, 0.22178, -0.83158, -69.62833, 1.3636, -66.34325
220, 85, -43.15963, -4.01191, 115.13679, 116.0984, 0.00, 0.00, 0.00, 1.00, 0.80945, 0.21055, 0.80945, 0.21055, 0.82327, 0.40067, -0.40212, -72.53159, 3.76742, -70.77883
221, 86, -42.07732, -8.99677, 114.56303, 115.52483, 1.47437, 1.47437, 1.47437, 1.00, 0.80765, 0.24557, 0.80765, 0.24557, 0.95627, -0.16338, 0.24261, -71.48808, 0.18927, -69.97073
222, 84, -37.96585, -7.45933, 113.62174, 114.58385, 0.00, 0.00, 0.00, 1.00, 0.867, 0.24465, 0.867, 0.24465, 0.5092, 0.22178, -0.83158, -69.62833, 1.3636, -66.34325
223, 76, -38.28225, -3.77999, 113.03592, 113.99823, 0.00, 0.00, 0.00, 1.00, 0.87617, 0.20965, 0.87617, 0.20965, 0.28972, 0.33584, -0.89626, -69.30546, 4.0685, -66.7459
224, 85, -43.15963, -4.01191, 115.13679, 116.0984, 0.00, 0.00, 0.00, 1.00, 0.80945, 0.21055, 0.80945, 0.21055, 0.82327, 0.40067, -0.40212, -72.53159, 3.76742, -70.77883
225, 87, -38.60672, -8.70818, 108.23279, 109.19669, 0.1278, 0.1278, 0.1278, 1.00, 0.61898, 0.24905, 0.61898, 0.24905, -0.99043, 0.04599, 0.13015, -64.53492, 0.79908, -68.3354
226, 88, -43.99982, -10.00993, 112.67072, 113.63316, 0.48619, 0.48619, 0.48619, 1.00, 0.71846, 0.24832, 0.71846, 0.24832, -0.60534, -0.49986, 0.61944, -70.09527, -0.42562, -72.26654
227, 89, -43.58752, -6.90212, 107.5473, 108.51144, 1.31147, 1.31147, 1.31147, 1.00, 0.70424, 0.21431, 0.70424, 0.21431, -0.99659, 0.03223, 0.07595, -65.19024, 2.15199, -73.15332
228, 90, -39.52186, -3.59679, 108.37401, 109.33788, 0.14439, 0.14439, 0.14439, 1.00, 0.61758, 0.20001, 0.61758, 0.20001, -0.97592, 0.18176, 0.12063, -65.12544, 4.49633, -69.09602
229, 87, -38.60672, -8.70818, 108.23279, 109.19669, 0.1278, 0.1278, 0.1278, 1.00, 0.61898, 0.24905, 0.61898, 0.24905, -0.99043, 0.04599, 0.13015, -64.53492, 0.79908, -68.3354
230, 89, -43.58752, -6.90212, 107.5473, 108.51144, 1.31147, 1.31147, 1.31147, 1.00, 0.70424, 0.21431, 0.70424, 0.21431, -0.99659, 0.03223, 0.07595, -65.19024, 2.15199, -73.15332
231, 76, -38.28225, -3.77999, 113.03592, 113.99823, 0.00, 0.00, 0.00, 1.00, 0.87617, 0.20965, 0.87617, 0.20965, 0.28972, 0.33584, -0.89626, -69.30546, 4.0685, -66.7459
232, 91, -43.92561, 1.19843, 113.85916, 114.8212, 0.00, 0.00, 0.00, 1.00, 0.81012, 0.14623, 0.81012, 0.14623, 0.78638, 0.25751, -0.56152, -71.72119, 7.6262, -71.76125
233, 85, -43.15963, -4.01191, 115.13679, 116.0984, 0.00, 0.00, 0.00, 1.00, 0.80945, 0.21055, 0.80945, 0.21055, 0.82327, 0.40067, -0.40212, -72.53159, 3.76742, -70.77883
234, 76, -38.28225, -3.77999, 113.03592, 113.99823, 0.00, 0.00, 0.00, 1.00, 0.87617, 0.20965, 0.87617, 0.20965, 0.28972, 0.33584, -0.89626, -69.30546, 4.0685, -66.7459
235, 78, -40.76825, 1.3088, 112.03327, 112.99592, 0.00, 0.00, 0.00, 1.00, 0.89775, 0.14833, 0.89775, 0.14833, -0.0457, 0.55655, -0.82956, -69.1817, 7.82176, -69.27008
236, 91, -43.92561, 1.19843, 113.85916, 114.8212, 0.00, 0.00, 0.00, 1.00, 0.81012, 0.14623, 0.81012, 0.14623, 0.78638, 0.25751, -0.56152, -71.72119, 7.6262, -71.76125
237, 92, -41.50888, 1.1255, 108.73762, 109.70136, 1.25861, 1.25861, 1.25861, 1.00, 0.61774, 0.14789, 0.61774, 0.14789, -0.9862, 0.16517, -0.0112, -66.17913, 7.89738, -70.80809
238, 89, -43.58752, -6.90212, 107.5473, 108.51144, 1.31147, 1.31147, 1.31147, 1.00, 0.70424, 0.21431, 0.70424, 0.21431, -0.99659, 0.03223, 0.07595, -65.19024, 2.15199, -73.15332
239, 93, -45.16394, 0.51665, 107.10757, 108.07186, 1.24069, 1.24069, 1.24069, 1.00, 0.69579, 0.14495, 0.69579, 0.14495, -0.98073, 0.10039, -0.16762, -65.48718, 7.55907, -74.65446
240, 92, -41.50888, 1.1255, 108.73762, 109.70136, 1.25861, 1.25861, 1.25861, 1.00, 0.61774, 0.14789, 0.61774, 0.14789, -0.9862, 0.16517, -0.0112, -66.17913, 7.89738, -70.80809
241, 90, -39.52186, -3.59679, 108.37401, 109.33788, 0.14439, 0.14439, 0.14439, 1.00, 0.61758, 0.20001, 0.61758, 0.20001, -0.97592, 0.18176, 0.12063, -65.12544, 4.49633, -69.09602
242, 89, -43.58752, -6.90212, 107.5473, 108.51144, 1.31147, 1.31147, 1.31147, 1.00, 0.70424, 0.21431, 0.70424, 0.21431, -0.99659, 0.03223, 0.07595, -65.19024, 2.15199, -73.15332
243, 82, -42.36692, 2.82428, 111.65182, 112.61459, 1.25089, 1.25089, 1.25089, 1.00, 0.78005, 0.11705, 0.78005, 0.11705, 0.06587, 0.9146, -0.39895, -69.27795, 8.94475, -70.84671
244, 94, -44.60054, 3.2516, 112.50054, 113.46303, 1.24617, 1.24617, 1.24617, 1.00, 0.7888, 0.14547, 0.7888, 0.14547, 0.24744, 0.91796, -0.31003, -70.66975, 9.2009, -72.71631
245, 95, -43.92561, 1.19843, 113.85916, 114.8212, 0.00, 0.00, 0.00, 1.00, 0.80958, 0.14557, 0.80958, 0.14557, 0.54863, 0.66729, -0.50371, -71.72119, 7.6262, -71.76125
246, 80, -40.76825, 1.3088, 112.03327, 112.99592, 0.00, 0.00, 0.00, 1.00, 0.78808, 0.10212, 0.78808, 0.10212, 0.15747, 0.79974, -0.57933, -69.1817, 7.82176, -69.27008
247, 82, -42.36692, 2.82428, 111.65182, 112.61459, 1.25089, 1.25089, 1.25089, 1.00, 0.78005, 0.11705, 0.78005, 0.11705, 0.06587, 0.9146, -0.39895, -69.27795, 8.94475, -70.84671
248, 95, -43.92561, 1.19843, 113.85916, 114.8212, 0.00, 0.00, 0.00, 1.00, 0.80958, 0.14557, 0.80958, 0.14557, 0.54863, 0.66729, -0.50371, -71.72119, 7.6262, -71.76125
249, 82, -42.36692, 2.82428, 111.65182, 112.61459, 1.25089, 1.25089, 1.25089, 1.00, 0.78005, 0.11705, 0.78005, 0.11705, 0.06587, 0.9146, -0.39895, -69.27795, 8.94475, -70.84671
250, 96, -45.18544, 2.62263, 109.03986, 110.00349, 1.39179, 1.39179, 1.39179, 1.00, 0.72992, 0.14557, 0.72992, 0.14557, -0.26727, 0.96322, -0.02786, -67.44957, 8.96381, -74.15592
251, 94, -44.60054, 3.2516, 112.50054, 113.46303, 1.24617, 1.24617, 1.24617, 1.00, 0.7888, 0.14547, 0.7888, 0.14547, 0.24744, 0.91796, -0.31003, -70.66975, 9.2009, -72.71631
252, 82, -42.36692, 2.82428, 111.65182, 112.61459, 1.25089, 1.25089, 1.25089, 1.00, 0.78005, 0.11705, 0.78005, 0.11705, 0.06587, 0.9146, -0.39895, -69.27795, 8.94475, -70.84671
253, 83, -42.77663, 2.37428, 109.21154, 110.17513, 1.26616, 1.26616, 1.26616, 1.00, 0.73853, 0.11711, 0.73853, 0.11711, -0.43348, 0.88905, -0.14725, -67.0063, 8.77287, -71.85936
254, 96, -45.18544, 2.62263, 109.03986, 110.00349, 1.39179, 1.39179, 1.39179, 1.00, 0.72992, 0.14557, 0.72992, 0.14557, -0.26727, 0.96322, -0.02786, -67.44957, 8.96381, -74.15592
255, 83, -42.77663, 2.37428, 109.21154, 110.17513, 1.26616, 1.26616, 1.26616, 1.00, 0.73853, 0.11711, 0.73853, 0.11711, -0.43348, 0.88905, -0.14725, -67.0063, 8.77287, -71.85936
256, 97, -45.16394, 0.51665, 107.10757, 108.07186, 1.37175, 1.37175, 1.37175, 1.00, 0.69529, 0.14565, 0.69529, 0.14565, -0.63396, 0.77332, -0.00874, -65.48718, 7.55907, -74.65446
257, 96, -45.18544, 2.62263, 109.03986, 110.00349, 1.39179, 1.39179, 1.39179, 1.00, 0.72992, 0.14557, 0.72992, 0.14557, -0.26727, 0.96322, -0.02786, -67.44957, 8.96381, -74.15592
258, 83, -42.77663, 2.37428, 109.21154, 110.17513, 1.26616, 1.26616, 1.26616, 1.00, 0.73853, 0.11711, 0.73853, 0.11711, -0.43348, 0.88905, -0.14725, -67.0063, 8.77287, -71.85936
259, 81, -41.50888, 1.1255, 108.73762, 109.70136, 1.25059, 1.25059, 1.25059, 1.00, 0.73217, 0.10346, 0.73217, 0.10346, -0.4278, 0.82036, -0.37946, -66.17913, 7.89738, -70.80809
260, 97, -45.16394, 0.51665, 107.10757, 108.07186, 1.37175, 1.37175, 1.37175, 1.00, 0.69529, 0.14565, 0.69529, 0.14565, -0.63396, 0.77332, -0.00874, -65.48718, 7.55907, -74.65446
261, 98, -39.71938, -14.75172, 107.44553, 108.40971, 0.16335, 0.16335, 0.16335, 1.00, 0.66835, 0.29778, 0.66835, 0.29778, -0.9852, 0.03518, 0.16779, -63.7832, -3.5332, -69.6497
262, 88, -43.99982, -10.00993, 112.67072, 113.63316, 0.48619, 0.48619, 0.48619, 1.00, 0.71846, 0.24832, 0.71846, 0.24832, -0.60534, -0.49986, 0.61944, -70.09527, -0.42562, -72.26654
263, 87, -38.60672, -8.70818, 108.23279, 109.19669, 0.1278, 0.1278, 0.1278, 1.00, 0.61898, 0.24905, 0.61898, 0.24905, -0.99043, 0.04599, 0.13015, -64.53492, 0.79908, -68.3354
264, 98, -39.71938, -14.75172, 107.44553, 108.40971, 0.16335, 0.16335, 0.16335, 1.00, 0.66835, 0.29778, 0.66835, 0.29778, -0.9852, 0.03518, 0.16779, -63.7832, -3.5332, -69.6497
265, 99, -41.96154, -17.26546, 108.56109, 109.52489, 0.78122, 0.78122, 0.78122, 1.00, 0.70995, 0.31396, 0.70995, 0.31396, -0.26461, -0.36844, 0.8912, -65.3037, -5.42646, -71.49374
266, 88, -43.99982, -10.00993, 112.67072, 113.63316, 0.48619, 0.48619, 0.48619, 1.00, 0.71846, 0.24832, 0.71846, 0.24832, -0.60534, -0.49986, 0.61944, -70.09527, -0.42562, -72.26654
267, 99, -41.96154, -17.26546, 108.56109, 109.52489, 0.78122, 0.78122, 0.78122, 1.00, 0.70995, 0.31396, 0.70995, 0.31396, -0.26461, -0.36844, 0.8912, -65.3037, -5.42646, -71.49374
268, 86, -42.07732, -8.99677, 114.56303, 115.52483, 1.47437, 1.47437, 1.47437, 1.00, 0.80765, 0.24557, 0.80765, 0.24557, 0.95627, -0.16338, 0.24261, -71.48808, 0.18927, -69.97073
269, 88, -43.99982, -10.00993, 112.67072, 113.63316, 0.48619, 0.48619, 0.48619, 1.00, 0.71846, 0.24832, 0.71846, 0.24832, -0.60534, -0.49986, 0.61944, -70.09527, -0.42562, -72.26654
270, 99, -41.96154, -17.26546, 108.56109, 109.52489, 0.78122, 0.78122, 0.78122, 1.00, 0.70995, 0.31396, 0.70995, 0.31396, -0.26461, -0.36844, 0.8912, -65.3037, -5.42646, -71.49374
271, 100, -40.78972, -15.9453, 113.68999, 114.65208, 1.87659, 1.87659, 1.87659, 1.00, 0.79836, 0.31124, 0.79836, 0.31124, 0.55092, -0.41246, 0.72551, -70.01772, -4.79376, -69.07004
272, 86, -42.07732, -8.99677, 114.56303, 115.52483, 1.47437, 1.47437, 1.47437, 1.00, 0.80765, 0.24557, 0.80765, 0.24557, 0.95627, -0.16338, 0.24261, -71.48808, 0.18927, -69.97073
273, 101, -37.53643, -13.34087, 114.4976, 115.45943, 0.00, 0.00, 0.00, 1.00, 0.85923, 0.2996, 0.85923, 0.2996, 0.77502, -0.01006, -0.63186, -70.10497, -2.95644, -65.78658
274, 84, -37.96585, -7.45933, 113.62174, 114.58385, 0.00, 0.00, 0.00, 1.00, 0.867, 0.24465, 0.867, 0.24465, 0.5092, 0.22178, -0.83158, -69.62833, 1.3636, -66.34325
275, 86, -42.07732, -8.99677, 114.56303, 115.52483, 1.47437, 1.47437, 1.47437, 1.00, 0.80765, 0.24557, 0.80765, 0.24557, 0.95627, -0.16338, 0.24261, -71.48808, 0.18927, -69.97073
276, 101, -37.53643, -13.34087, 114.4976, 115.45943, 0.00, 0.00, 0.00, 1.00, 0.85923, 0.2996, 0.85923, 0.2996, 0.77502, -0.01006, -0.63186, -70.10497, -2.95644, -65.78658
277, 102, -36.02345, -14.20031, 112.41338, 113.37589, 0.00, 0.00, 0.00, 1.00, 0.90049, 0.31033, 0.90049, 0.31033, 0.00373, 0.21755, -0.97604, -67.68131, -3.44772, -64.91264
278, 84, -37.96585, -7.45933, 113.62174, 114.58385, 0.00, 0.00, 0.00, 1.00, 0.867, 0.24465, 0.867, 0.24465, 0.5092, 0.22178, -0.83158, -69.62833, 1.3636, -66.34325
279, 77, -38.60672, -8.70818, 108.23279, 109.19669, 1.25327, 1.25327, 1.25327, 1.00, 0.99122, 0.2465, 0.99122, 0.2465, -0.45586, 0.27215, -0.84742, -64.53492, 0.79908, -68.3354
280, 74, -37.91602, -7.99072, 111.39722, 112.36008, 1.25711, 1.25711, 1.25711, 1.00, 0.90, 0.24736, 0.90, 0.24736, -0.39842, 0.26896, -0.87688, -67.44708, 1.11906, -66.8714
281, 103, -36.95107, -15.35764, 108.78194, 109.74567, 1.2547, 1.2547, 1.2547, 1.00, 0.98934, 0.31183, 0.98934, 0.31183, -0.47622, 0.22734, -0.84943, -64.35804, -4.0571, -66.72304
282, 102, -36.02345, -14.20031, 112.41338, 113.37589, 0.00, 0.00, 0.00, 1.00, 0.90049, 0.31033, 0.90049, 0.31033, 0.00373, 0.21755, -0.97604, -67.68131, -3.44772, -64.91264
283, 103, -36.95107, -15.35764, 108.78194, 109.74567, 1.2547, 1.2547, 1.2547, 1.00, 0.98934, 0.31183, 0.98934, 0.31183, -0.47622, 0.22734, -0.84943, -64.35804, -4.0571, -66.72304
284, 74, -37.91602, -7.99072, 111.39722, 112.36008, 1.25711, 1.25711, 1.25711, 1.00, 0.90, 0.24736, 0.90, 0.24736, -0.39842, 0.26896, -0.87688, -67.44708, 1.11906, -66.8714
285, 98, -39.71938, -14.75172, 107.44553, 108.40971, 0.16335, 0.16335, 0.16335, 1.00, 0.66835, 0.29778, 0.66835, 0.29778, -0.9852, 0.03518, 0.16779, -63.7832, -3.5332, -69.6497
286, 87, -38.60672, -8.70818, 108.23279, 109.19669, 0.1278, 0.1278, 0.1278, 1.00, 0.61898, 0.24905, 0.61898, 0.24905, -0.99043, 0.04599, 0.13015, -64.53492, 0.79908, -68.3354
287, 104, -36.95107, -15.35764, 108.78194, 109.74567, 1.2547, 1.2547, 1.2547, 1.00, 0.61655, 0.31439, 0.61655, 0.31439, -0.96913, 0.1247, -0.2127, -64.35804, -4.0571, -66.72304
288, 101, -37.53643, -13.34087, 114.4976, 115.45943, 0.00, 0.00, 0.00, 1.00, 0.85923, 0.2996, 0.85923, 0.2996, 0.77502, -0.01006, -0.63186, -70.10497, -2.95644, -65.78658
289, 86, -42.07732, -8.99677, 114.56303, 115.52483, 1.47437, 1.47437, 1.47437, 1.00, 0.80765, 0.24557, 0.80765, 0.24557, 0.95627, -0.16338, 0.24261, -71.48808, 0.18927, -69.97073
290, 105, -39.57671, -18.64713, 114.06139, 115.02335, 1.66371, 1.66371, 1.66371, 1.00, 0.80882, 0.34002, 0.80882, 0.34002, 0.90115, -0.08596, 0.4249, -69.95474, -6.77633, -67.87108
291, 106, -36.55887, -18.25205, 108.76752, 109.73125, 1.25434, 1.25434, 1.25434, 1.00, 0.61687, 0.34162, 0.61687, 0.34162, -0.98689, 0.05998, -0.14983, -64.11813, -6.1549, -66.39357
292, 98, -39.71938, -14.75172, 107.44553, 108.40971, 0.16335, 0.16335, 0.16335, 1.00, 0.66835, 0.29778, 0.66835, 0.29778, -0.9852, 0.03518, 0.16779, -63.7832, -3.5332, -69.6497
293, 104, -36.95107, -15.35764, 108.78194, 109.74567, 1.2547, 1.2547, 1.2547, 1.00, 0.61655, 0.31439, 0.61655, 0.31439, -0.96913, 0.1247, -0.2127, -64.35804, -4.0571, -66.72304
294, 106, -36.55887, -18.25205, 108.76752, 109.73125, 1.25434, 1.25434, 1.25434, 1.00, 0.61687, 0.34162, 0.61687, 0.34162, -0.98689, 0.05998, -0.14983, -64.11813, -6.1549, -66.39357
295, 107, -38.20333, -19.08368, 108.25352, 109.21742, 0.32757, 0.32757, 0.32757, 1.00, 0.66031, 0.3427, 0.66031, 0.3427, -0.93735, -0.0171, 0.34796, -63.99358, -6.72537, -68.07461
296, 98, -39.71938, -14.75172, 107.44553, 108.40971, 0.16335, 0.16335, 0.16335, 1.00, 0.66835, 0.29778, 0.66835, 0.29778, -0.9852, 0.03518, 0.16779, -63.7832, -3.5332, -69.6497
297, 105, -39.57671, -18.64713, 114.06139, 115.02335, 1.66371, 1.66371, 1.66371, 1.00, 0.80882, 0.34002, 0.80882, 0.34002, 0.90115, -0.08596, 0.4249, -69.95474, -6.77633, -67.87108
298, 86, -42.07732, -8.99677, 114.56303, 115.52483, 1.47437, 1.47437, 1.47437, 1.00, 0.80765, 0.24557, 0.80765, 0.24557, 0.95627, -0.16338, 0.24261, -71.48808, 0.18927, -69.97073
299, 100, -40.78972, -15.9453, 113.68999, 114.65208, 1.87659, 1.87659, 1.87659, 1.00, 0.79836, 0.31124, 0.79836, 0.31124, 0.55092, -0.41246, 0.72551, -70.01772, -4.79376, -69.07004
300, 105, -39.57671, -18.64713, 114.06139, 115.02335, 1.66371, 1.66371, 1.66371, 1.00, 0.80882, 0.34002, 0.80882, 0.34002, 0.90115, -0.08596, 0.4249, -69.95474, -6.77633, -67.87108
301, 108, -37.02568, -17.79935, 114.00269, 114.96467, 0.00, 0.00, 0.00, 1.00, 0.85691, 0.34094, 0.85691, 0.34094, 0.81705, 0.238, -0.52516, -69.30273, -6.1579, -65.48733
302, 101, -37.53643, -13.34087, 114.4976, 115.45943, 0.00, 0.00, 0.00, 1.00, 0.85923, 0.2996, 0.85923, 0.2996, 0.77502, -0.01006, -0.63186, -70.10497, -2.95644, -65.78658
303, 107, -38.20333, -19.08368, 108.25352, 109.21742, 0.32757, 0.32757, 0.32757, 1.00, 0.66031, 0.3427, 0.66031, 0.3427, -0.93735, -0.0171, 0.34796, -63.99358, -6.72537, -68.07461
304, 99, -41.96154, -17.26546, 108.56109, 109.52489, 0.78122, 0.78122, 0.78122, 1.00, 0.70995, 0.31396, 0.70995, 0.31396, -0.26461, -0.36844, 0.8912, -65.3037, -5.42646, -71.49374
305, 98, -39.71938, -14.75172, 107.44553, 108.40971, 0.16335, 0.16335, 0.16335, 1.00, 0.66835, 0.29778, 0.66835, 0.29778, -0.9852, 0.03518, 0.16779, -63.7832, -3.5332, -69.6497
306, 107, -38.20333, -19.08368, 108.25352, 109.21742, 0.32757, 0.32757, 0.32757, 1.00, 0.66031, 0.3427, 0.66031, 0.3427, -0.93735, -0.0171, 0.34796, -63.99358, -6.72537, -68.07461
307, 109, -40.69566, -19.79487, 108.87978, 109.84348, 0.91281, 0.91281, 0.91281, 1.00, 0.70581, 0.34132, 0.70581, 0.34132, -0.25734, -0.08314, 0.96274, -65.18444, -7.28067, -70.25673
308, 99, -41.96154, -17.26546, 108.56109, 109.52489, 0.78122, 0.78122, 0.78122, 1.00, 0.70995, 0.31396, 0.70995, 0.31396, -0.26461, -0.36844, 0.8912, -65.3037, -5.42646, -71.49374
309, 109, -40.69566, -19.79487, 108.87978, 109.84348, 0.91281, 0.91281, 0.91281, 1.00, 0.70581, 0.34132, 0.70581, 0.34132, -0.25734, -0.08314, 0.96274, -65.18444, -7.28067, -70.25673
310, 100, -40.78972, -15.9453, 113.68999, 114.65208, 1.87659, 1.87659, 1.87659, 1.00, 0.79836, 0.31124, 0.79836, 0.31124, 0.55092, -0.41246, 0.72551, -70.01772, -4.79376, -69.07004
311, 99, -41.96154, -17.26546, 108.56109, 109.52489, 0.78122, 0.78122, 0.78122, 1.00, 0.70995, 0.31396, 0.70995, 0.31396, -0.26461, -0.36844, 0.8912, -65.3037, -5.42646, -71.49374
312, 109, -40.69566, -19.79487, 108.87978, 109.84348, 0.91281, 0.91281, 0.91281, 1.00, 0.70581, 0.34132, 0.70581, 0.34132, -0.25734, -0.08314, 0.96274, -65.18444, -7.28067, -70.25673
313, 105, -39.57671, -18.64713, 114.06139, 115.02335, 1.66371, 1.66371, 1.66371, 1.00, 0.80882, 0.34002, 0.80882, 0.34002, 0.90115, -0.08596, 0.4249, -69.95474, -6.77633, -67.87108
314, 100, -40.78972, -15.9453, 113.68999, 114.65208, 1.87659, 1.87659, 1.87659, 1.00, 0.79836, 0.31124, 0.79836, 0.31124, 0.55092, -0.41246, 0.72551, -70.01772, -4.79376, -69.07004
315, 108, -37.02568, -17.79935, 114.00269, 114.96467, 0.00, 0.00, 0.00, 1.00, 0.85691, 0.34094, 0.85691, 0.34094, 0.81705, 0.238, -0.52516, -69.30273, -6.1579, -65.48733
316, 102, -36.02345, -14.20031, 112.41338, 113.37589, 0.00, 0.00, 0.00, 1.00, 0.90049, 0.31033, 0.90049, 0.31033, 0.00373, 0.21755, -0.97604, -67.68131, -3.44772, -64.91264
317, 101, -37.53643, -13.34087, 114.4976, 115.45943, 0.00, 0.00, 0.00, 1.00, 0.85923, 0.2996, 0.85923, 0.2996, 0.77502, -0.01006, -0.63186, -70.10497, -2.95644, -65.78658
318, 108, -37.02568, -17.79935, 114.00269, 114.96467, 0.00, 0.00, 0.00, 1.00, 0.85691, 0.34094, 0.85691, 0.34094, 0.81705, 0.238, -0.52516, -69.30273, -6.1579, -65.48733
319, 110, -35.68779, -17.21352, 112.90639, 113.86874, 0.00, 0.00, 0.00, 1.00, 0.89202, 0.33907, 0.89202, 0.33907, 0.10012, 0.48555, -0.86846, -67.93951, -5.66375, -64.50782
320, 102, -36.02345, -14.20031, 112.41338, 113.37589, 0.00, 0.00, 0.00, 1.00, 0.90049, 0.31033, 0.90049, 0.31033, 0.00373, 0.21755, -0.97604, -67.68131, -3.44772, -64.91264
321, 110, -35.68779, -17.21352, 112.90639, 113.86874, 0.00, 0.00, 0.00, 1.00, 0.89202, 0.33907, 0.89202, 0.33907, 0.10012, 0.48555, -0.86846, -67.93951, -5.66375, -64.50782
322, 103, -36.95107, -15.35764, 108.78194, 109.74567, 1.2547, 1.2547, 1.2547, 1.00, 0.98934, 0.31183, 0.98934, 0.31183, -0.47622, 0.22734, -0.84943, -64.35804, -4.0571, -66.72304
323, 102, -36.02345, -14.20031, 112.41338, 113.37589, 0.00, 0.00, 0.00, 1.00, 0.90049, 0.31033, 0.90049, 0.31033, 0.00373, 0.21755, -0.97604, -67.68131, -3.44772, -64.91264
324, 110, -35.68779, -17.21352, 112.90639, 113.86874, 0.00, 0.00, 0.00, 1.00, 0.89202, 0.33907, 0.89202, 0.33907, 0.10012, 0.48555, -0.86846, -67.93951, -5.66375, -64.50782
325, 111, -36.55887, -18.25205, 108.76752, 109.73125, 1.25434, 1.25434, 1.25434, 1.00, 0.9901, 0.33906, 0.9901, 0.33906, -0.42502, 0.5662, -0.70624, -64.11813, -6.1549, -66.39357
326, 103, -36.95107, -15.35764, 108.78194, 109.74567, 1.2547, 1.2547, 1.2547, 1.00, 0.98934, 0.31183, 0.98934, 0.31183, -0.47622, 0.22734, -0.84943, -64.35804, -4.0571, -66.72304
327, 112, -35.65143, -18.94907, 108.09196, 109.05592, 1.2558, 1.2558, 1.2558, 1.00, 0.61703, 0.36159, 0.61703, 0.36159, -0.31756, 0.89352, -0.31746, -63.21045, -6.61754, -65.72472
328, 113, -38.20333, -19.08368, 108.25352, 109.21742, 0.14621, 0.14621, 0.14621, 1.00, 0.66051, 0.34334, 0.66051, 0.34334, -0.87892, 0.47441, 0.04933, -63.99358, -6.72537, -68.07461
329, 114, -36.55887, -18.25205, 108.76752, 109.73125, 0.15174, 0.15174, 0.15174, 1.00, 0.61691, 0.34226, 0.61691, 0.34226, -0.91081, 0.40674, 0.07056, -64.11813, -6.1549, -66.39357
330, 112, -35.65143, -18.94907, 108.09196, 109.05592, 1.2558, 1.2558, 1.2558, 1.00, 0.61703, 0.36159, 0.61703, 0.36159, -0.31756, 0.89352, -0.31746, -63.21045, -6.61754, -65.72472
331, 115, -38.32479, -17.45957, 107.59143, 108.55556, 1.24977, 1.24977, 1.24977, 1.00, 0.66085, 0.3621, 0.66085, 0.3621, -0.41976, 0.86613, -0.27131, -63.45743, -5.50585, -68.33842
332, 113, -38.20333, -19.08368, 108.25352, 109.21742, 0.14621, 0.14621, 0.14621, 1.00, 0.66051, 0.34334, 0.66051, 0.34334, -0.87892, 0.47441, 0.04933, -63.99358, -6.72537, -68.07461
333, 116, -40.26572, -24.97142, 112.16399, 113.12659, 1.59408, 1.59408, 1.59408, 1.00, 0.80364, 0.35882, 0.80364, 0.35882, 0.7005, -0.53234, 0.4753, -68.01482, -11.24192, -69.07573
334, 108, -37.02568, -17.79935, 114.00269, 114.96467, 0.00, 0.00, 0.00, 1.00, 0.85691, 0.34094, 0.85691, 0.34094, 0.81705, 0.238, -0.52516, -69.30273, -6.1579, -65.48733
335, 105, -39.57671, -18.64713, 114.06139, 115.02335, 1.66371, 1.66371, 1.66371, 1.00, 0.80882, 0.34002, 0.80882, 0.34002, 0.90115, -0.08596, 0.4249, -69.95474, -6.77633, -67.87108
336, 116, -40.26572, -24.97142, 112.16399, 113.12659, 1.59408, 1.59408, 1.59408, 1.00, 0.80364, 0.35882, 0.80364, 0.35882, 0.7005, -0.53234, 0.4753, -68.01482, -11.24192, -69.07573
337, 117, -36.78009, -25.78201, 111.94779, 112.91047, 0.00, 0.00, 0.00, 1.00, 0.85733, 0.35974, 0.85733, 0.35974, 0.42268, -0.81062, -0.40526, -66.90526, -11.81598, -65.8766
338, 108, -37.02568, -17.79935, 114.00269, 114.96467, 0.00, 0.00, 0.00, 1.00, 0.85691, 0.34094, 0.85691, 0.34094, 0.81705, 0.238, -0.52516, -69.30273, -6.1579, -65.48733
339, 118, -38.32479, -17.45957, 107.59143, 108.55556, 1.76174, 1.76174, 1.76174, 1.00, 0.66065, 0.36146, 0.66065, 0.36146, -0.15774, 0.9358, 0.31526, -63.45743, -5.50585, -68.33842
340, 109, -40.69566, -19.79487, 108.87978, 109.84348, 0.91281, 0.91281, 0.91281, 1.00, 0.70581, 0.34132, 0.70581, 0.34132, -0.25734, -0.08314, 0.96274, -65.18444, -7.28067, -70.25673
341, 107, -38.20333, -19.08368, 108.25352, 109.21742, 0.32757, 0.32757, 0.32757, 1.00, 0.66031, 0.3427, 0.66031, 0.3427, -0.93735, -0.0171, 0.34796, -63.99358, -6.72537, -68.07461
342, 118, -38.32479, -17.45957, 107.59143, 108.55556, 1.76174, 1.76174, 1.76174, 1.00, 0.66065, 0.36146, 0.66065, 0.36146, -0.15774, 0.9358, 0.31526, -63.45743, -5.50585, -68.33842
343, 119, -41.58934, -18.4486, 108.77544, 109.73917, 2.10854, 2.10854, 2.10854, 1.00, 0.7111, 0.3601, 0.7111, 0.3601, 0.23169, 0.6176, 0.75159, -65.36545, -6.29791, -71.10437
344, 109, -40.69566, -19.79487, 108.87978, 109.84348, 0.91281, 0.91281, 0.91281, 1.00, 0.70581, 0.34132, 0.70581, 0.34132, -0.25734, -0.08314, 0.96274, -65.18444, -7.28067, -70.25673
345, 119, -41.58934, -18.4486, 108.77544, 109.73917, 2.10854, 2.10854, 2.10854, 1.00, 0.7111, 0.3601, 0.7111, 0.3601, 0.23169, 0.6176, 0.75159, -65.36545, -6.29791, -71.10437
346, 105, -39.57671, -18.64713, 114.06139, 115.02335, 1.66371, 1.66371, 1.66371, 1.00, 0.80882, 0.34002, 0.80882, 0.34002, 0.90115, -0.08596, 0.4249, -69.95474, -6.77633, -67.87108
347, 109, -40.69566, -19.79487, 108.87978, 109.84348, 0.91281, 0.91281, 0.91281, 1.00, 0.70581, 0.34132, 0.70581, 0.34132, -0.25734, -0.08314, 0.96274, -65.18444, -7.28067, -70.25673
348, 119, -41.58934, -18.4486, 108.77544, 109.73917, 2.10854, 2.10854, 2.10854, 1.00, 0.7111, 0.3601, 0.7111, 0.3601, 0.23169, 0.6176, 0.75159, -65.36545, -6.29791, -71.10437
349, 116, -40.26572, -24.97142, 112.16399, 113.12659, 1.59408, 1.59408, 1.59408, 1.00, 0.80364, 0.35882, 0.80364, 0.35882, 0.7005, -0.53234, 0.4753, -68.01482, -11.24192, -69.07573
350, 105, -39.57671, -18.64713, 114.06139, 115.02335, 1.66371, 1.66371, 1.66371, 1.00, 0.80882, 0.34002, 0.80882, 0.34002, 0.90115, -0.08596, 0.4249, -69.95474, -6.77633, -67.87108
351, 117, -36.78009, -25.78201, 111.94779, 112.91047, 0.00, 0.00, 0.00, 1.00, 0.85733, 0.35974, 0.85733, 0.35974, 0.42268, -0.81062, -0.40526, -66.90526, -11.81598, -65.8766
352, 110, -35.68779, -17.21352, 112.90639, 113.86874, 0.00, 0.00, 0.00, 1.00, 0.89202, 0.33907, 0.89202, 0.33907, 0.10012, 0.48555, -0.86846, -67.93951, -5.66375, -64.50782
353, 108, -37.02568, -17.79935, 114.00269, 114.96467, 0.00, 0.00, 0.00, 1.00, 0.85691, 0.34094, 0.85691, 0.34094, 0.81705, 0.238, -0.52516, -69.30273, -6.1579, -65.48733
354, 117, -36.78009, -25.78201, 111.94779, 112.91047, 0.00, 0.00, 0.00, 1.00, 0.85733, 0.35974, 0.85733, 0.35974, 0.42268, -0.81062, -0.40526, -66.90526, -11.81598, -65.8766
355, 120, -34.5854, -24.04716, 110.84982, 111.81287, 0.00, 0.00, 0.00, 1.00, 0.9008, 0.35788, 0.9008, 0.35788, 0.02034, -0.24561, -0.96916, -65.37887, -10.48861, -64.08169
356, 110, -35.68779, -17.21352, 112.90639, 113.86874, 0.00, 0.00, 0.00, 1.00, 0.89202, 0.33907, 0.89202, 0.33907, 0.10012, 0.48555, -0.86846, -67.93951, -5.66375, -64.50782
357, 120, -34.5854, -24.04716, 110.84982, 111.81287, 0.00, 0.00, 0.00, 1.00, 0.9008, 0.35788, 0.9008, 0.35788, 0.02034, -0.24561, -0.96916, -65.37887, -10.48861, -64.08169
358, 111, -36.55887, -18.25205, 108.76752, 109.73125, 1.25434, 1.25434, 1.25434, 1.00, 0.9901, 0.33906, 0.9901, 0.33906, -0.42502, 0.5662, -0.70624, -64.11813, -6.1549, -66.39357
359, 110, -35.68779, -17.21352, 112.90639, 113.86874, 0.00, 0.00, 0.00, 1.00, 0.89202, 0.33907, 0.89202, 0.33907, 0.10012, 0.48555, -0.86846, -67.93951, -5.66375, -64.50782
360, 120, -34.5854, -24.04716, 110.84982, 111.81287, 0.00, 0.00, 0.00, 1.00, 0.9008, 0.35788, 0.9008, 0.35788, 0.02034, -0.24561, -0.96916, -65.37887, -10.48861, -64.08169
361, 121, -35.65143, -18.94907, 108.09196, 109.05592, 1.2558, 1.2558, 1.2558, 1.00, 0.98896, 0.35775, 0.98896, 0.35775, -0.23464, 0.26961, -0.93395, -63.21045, -6.61754, -65.72472
362, 111, -36.55887, -18.25205, 108.76752, 109.73125, 1.25434, 1.25434, 1.25434, 1.00, 0.9901, 0.33906, 0.9901, 0.33906, -0.42502, 0.5662, -0.70624, -64.11813, -6.1549, -66.39357
363, 122, -35.6458, -21.37365, 104.94499, 105.91, 1.30695, 1.30695, 1.30695, 1.00, 0.61681, 0.40716, 0.61681, 0.40716, -0.73383, 0.6719, -0.10022, -60.06644, -8.17645, -66.55233
364, 115, -38.32479, -17.45957, 107.59143, 108.55556, 1.24977, 1.24977, 1.24977, 1.00, 0.66085, 0.3621, 0.66085, 0.3621, -0.41976, 0.86613, -0.27131, -63.45743, -5.50585, -68.33842
365, 112, -35.65143, -18.94907, 108.09196, 109.05592, 1.2558, 1.2558, 1.2558, 1.00, 0.61703, 0.36159, 0.61703, 0.36159, -0.31756, 0.89352, -0.31746, -63.21045, -6.61754, -65.72472
366, 122, -35.6458, -21.37365, 104.94499, 105.91, 1.30695, 1.30695, 1.30695, 1.00, 0.61681, 0.40716, 0.61681, 0.40716, -0.73383, 0.6719, -0.10022, -60.06644, -8.17645, -66.55233
367, 123, -38.2296, -20.3465, 104.80304, 105.76809, 0.15991, 0.15991, 0.15991, 1.00, 0.65224, 0.40658, 0.65224, 0.40658, -0.89216, 0.44727, 0.06317, -60.61643, -7.42269, -68.99598
368, 115, -38.32479, -17.45957, 107.59143, 108.55556, 1.24977, 1.24977, 1.24977, 1.00, 0.66085, 0.3621, 0.66085, 0.3621, -0.41976, 0.86613, -0.27131, -63.45743, -5.50585, -68.33842
369, 124, -40.46119, -26.44018, 108.19832, 109.16224, 1.65399, 1.65399, 1.65399, 1.00, 0.79036, 0.40813, 0.79036, 0.40813, 0.17292, -0.77308, 0.61029, -64.17367, -12.05597, -70.28963
370, 117, -36.78009, -25.78201, 111.94779, 112.91047, 0.00, 0.00, 0.00, 1.00, 0.85733, 0.35974, 0.85733, 0.35974, 0.42268, -0.81062, -0.40526, -66.90526, -11.81598, -65.8766
371, 116, -40.26572, -24.97142, 112.16399, 113.12659, 1.59408, 1.59408, 1.59408, 1.00, 0.80364, 0.35882, 0.80364, 0.35882, 0.7005, -0.53234, 0.4753, -68.01482, -11.24192, -69.07573
372, 124, -40.46119, -26.44018, 108.19832, 109.16224, 1.65399, 1.65399, 1.65399, 1.00, 0.79036, 0.40813, 0.79036, 0.40813, 0.17292, -0.77308, 0.61029, -64.17367, -12.05597, -70.28963
373, 125, -37.03629, -26.9004, 107.74509, 108.70917, 1.24861, 1.24861, 1.24861, 1.00, 0.87804, 0.40966, 0.87804, 0.40966, -0.02437, -0.97758, -0.20915, -62.86617, -12.36099, -67.20383
374, 117, -36.78009, -25.78201, 111.94779, 112.91047, 0.00, 0.00, 0.00, 1.00, 0.85733, 0.35974, 0.85733, 0.35974, 0.42268, -0.81062, -0.40526, -66.90526, -11.81598, -65.8766
375, 126, -38.2296, -20.3465, 104.80304, 105.76809, 0.5994, 0.5994, 0.5994, 1.00, 0.65203, 0.40594, 0.65203, 0.40594, -0.56802, 0.6818, 0.46097, -60.61643, -7.42269, -68.99598
376, 119, -41.58934, -18.4486, 108.77544, 109.73917, 2.10854, 2.10854, 2.10854, 1.00, 0.7111, 0.3601, 0.7111, 0.3601, 0.23169, 0.6176, 0.75159, -65.36545, -6.29791, -71.10437
377, 118, -38.32479, -17.45957, 107.59143, 108.55556, 1.76174, 1.76174, 1.76174, 1.00, 0.66065, 0.36146, 0.66065, 0.36146, -0.15774, 0.9358, 0.31526, -63.45743, -5.50585, -68.33842
378, 126, -38.2296, -20.3465, 104.80304, 105.76809, 0.5994, 0.5994, 0.5994, 1.00, 0.65203, 0.40594, 0.65203, 0.40594, -0.56802, 0.6818, 0.46097, -60.61643, -7.42269, -68.99598
379, 127, -41.58384, -20.72991, 105.65167, 106.61644, 0.94182, 0.94182, 0.94182, 1.00, 0.70178, 0.40485, 0.70178, 0.40485, -0.30126, 0.14695, 0.94215, -62.25021, -7.7544, -71.92448
380, 119, -41.58934, -18.4486, 108.77544, 109.73917, 2.10854, 2.10854, 2.10854, 1.00, 0.7111, 0.3601, 0.7111, 0.3601, 0.23169, 0.6176, 0.75159, -65.36545, -6.29791, -71.10437
381, 127, -41.58384, -20.72991, 105.65167, 106.61644, 0.94182, 0.94182, 0.94182, 1.00, 0.70178, 0.40485, 0.70178, 0.40485, -0.30126, 0.14695, 0.94215, -62.25021, -7.7544, -71.92448
382, 116, -40.26572, -24.97142, 112.16399, 113.12659, 1.59408, 1.59408, 1.59408, 1.00, 0.80364, 0.35882, 0.80364, 0.35882, 0.7005, -0.53234, 0.4753, -68.01482, -11.24192, -69.07573
383, 119, -41.58934, -18.4486, 108.77544, 109.73917, 2.10854, 2.10854, 2.10854, 1.00, 0.7111, 0.3601, 0.7111, 0.3601, 0.23169, 0.6176, 0.75159, -65.36545, -6.29791, -71.10437
384, 127, -41.58384, -20.72991, 105.65167, 106.61644, 0.94182, 0.94182, 0.94182, 1.00, 0.70178, 0.40485, 0.70178, 0.40485, -0.30126, 0.14695, 0.94215, -62.25021, -7.7544, -71.92448
385, 124, -40.46119, -26.44018, 108.19832, 109.16224, 1.65399, 1.65399, 1.65399, 1.00, 0.79036, 0.40813, 0.79036, 0.40813, 0.17292, -0.77308, 0.61029, -64.17367, -12.05597, -70.28963
386, 116, -40.26572, -24.97142, 112.16399, 113.12659, 1.59408, 1.59408, 1.59408, 1.00, 0.80364, 0.35882, 0.80364, 0.35882, 0.7005, -0.53234, 0.4753, -68.01482, -11.24192, -69.07573
387, 125, -37.03629, -26.9004, 107.74509, 108.70917, 1.24861, 1.24861, 1.24861, 1.00, 0.87804, 0.40966, 0.87804, 0.40966, -0.02437, -0.97758, -0.20915, -62.86617, -12.36099, -67.20383
388, 120, -34.5854, -24.04716, 110.84982, 111.81287, 0.00, 0.00, 0.00, 1.00, 0.9008, 0.35788, 0.9008, 0.35788, 0.02034, -0.24561, -0.96916, -65.37887, -10.48861, -64.08169
389, 117, -36.78009, -25.78201, 111.94779, 112.91047, 0.00, 0.00, 0.00, 1.00, 0.85733, 0.35974, 0.85733, 0.35974, 0.42268, -0.81062, -0.40526, -66.90526, -11.81598, -65.8766
390, 125, -37.03629, -26.9004, 107.74509, 108.70917, 1.24861, 1.24861, 1.24861, 1.00, 0.87804, 0.40966, 0.87804, 0.40966, -0.02437, -0.97758, -0.20915, -62.86617, -12.36099, -67.20383
391, 128, -34.77977, -25.44043, 106.90191, 107.86626, 1.25416, 1.25416, 1.25416, 1.00, 0.92605, 0.40659, 0.92605, 0.40659, -0.4435, -0.52052, -0.72964, -61.55793, -11.24903, -65.28914
392, 120, -34.5854, -24.04716, 110.84982, 111.81287, 0.00, 0.00, 0.00, 1.00, 0.9008, 0.35788, 0.9008, 0.35788, 0.02034, -0.24561, -0.96916, -65.37887, -10.48861, -64.08169
393, 128, -34.77977, -25.44043, 106.90191, 107.86626, 1.25416, 1.25416, 1.25416, 1.00, 0.92605, 0.40659, 0.92605, 0.40659, -0.4435, -0.52052, -0.72964, -61.55793, -11.24903, -65.28914
394, 121, -35.65143, -18.94907, 108.09196, 109.05592, 1.2558, 1.2558, 1.2558, 1.00, 0.98896, 0.35775, 0.98896, 0.35775, -0.23464, 0.26961, -0.93395, -63.21045, -6.61754, -65.72472
395, 120, -34.5854, -24.04716, 110.84982, 111.81287, 0.00, 0.00, 0.00, 1.00, 0.9008, 0.35788, 0.9008, 0.35788, 0.02034, -0.24561, -0.96916, -65.37887, -10.48861, -64.08169
396, 128, -34.77977, -25.44043, 106.90191, 107.86626, 1.25416, 1.25416, 1.25416, 1.00, 0.92605, 0.40659, 0.92605, 0.40659, -0.4435, -0.52052, -0.72964, -61.55793, -11.24903, -65.28914
397, 129, -35.6458, -21.37365, 104.94499, 105.91, 1.25279, 1.25279, 1.25279, 1.00, 0.98879, 0.40333, 0.98879, 0.40333, -0.74894, -0.0913, -0.65632, -60.06644, -8.17645, -66.55233
398, 121, -35.65143, -18.94907, 108.09196, 109.05592, 1.2558, 1.2558, 1.2558, 1.00, 0.98896, 0.35775, 0.98896, 0.35775, -0.23464, 0.26961, -0.93395, -63.21045, -6.61754, -65.72472
399, 130, -36.21687, -22.47341, 104.75432, 105.71938, 0.19574, 0.19574, 0.19574, 1.00, 0.61683, 0.41609, 0.61683, 0.41609, -0.96355, 0.2222, 0.14898, -59.9754, -8.96181, -67.14877
400, 123, -38.2296, -20.3465, 104.80304, 105.76809, 0.15991, 0.15991, 0.15991, 1.00, 0.65224, 0.40658, 0.65224, 0.40658, -0.89216, 0.44727, 0.06317, -60.61643, -7.42269, -68.99598
401, 122, -35.6458, -21.37365, 104.94499, 105.91, 1.30695, 1.30695, 1.30695, 1.00, 0.61681, 0.40716, 0.61681, 0.40716, -0.73383, 0.6719, -0.10022, -60.06644, -8.17645, -66.55233
402, 130, -36.21687, -22.47341, 104.75432, 105.71938, 0.19574, 0.19574, 0.19574, 1.00, 0.61683, 0.41609, 0.61683, 0.41609, -0.96355, 0.2222, 0.14898, -59.9754, -8.96181, -67.14877
403, 131, -38.29287, -21.65643, 104.64296, 105.60806, 0.19479, 0.19479, 0.19479, 1.00, 0.65123, 0.41554, 0.65123, 0.41554, -0.96371, 0.22049, 0.15046, -60.41953, -8.36237, -69.11156
404, 123, -38.2296, -20.3465, 104.80304, 105.76809, 0.15991, 0.15991, 0.15991, 1.00, 0.65224, 0.40658, 0.65224, 0.40658, -0.89216, 0.44727, 0.06317, -60.61643, -7.42269, -68.99598
405, 132, -40.27559, -26.55289, 107.36407, 108.32826, 1.45022, 1.45022, 1.45022, 1.00, 0.78671, 0.41705, 0.78671, 0.41705, 0.04134, -0.90129, 0.43124, -63.31807, -12.08491, -70.33038
406, 125, -37.03629, -26.9004, 107.74509, 108.70917, 1.24861, 1.24861, 1.24861, 1.00, 0.87804, 0.40966, 0.87804, 0.40966, -0.02437, -0.97758, -0.20915, -62.86617, -12.36099, -67.20383
407, 124, -40.46119, -26.44018, 108.19832, 109.16224, 1.65399, 1.65399, 1.65399, 1.00, 0.79036, 0.40813, 0.79036, 0.40813, 0.17292, -0.77308, 0.61029, -64.17367, -12.05597, -70.28963
408, 132, -40.27559, -26.55289, 107.36407, 108.32826, 1.45022, 1.45022, 1.45022, 1.00, 0.78671, 0.41705, 0.78671, 0.41705, 0.04134, -0.90129, 0.43124, -63.31807, -12.08491, -70.33038
409, 133, -37.33472, -26.92447, 106.94418, 107.90852, 1.24742, 1.24742, 1.24742, 1.00, 0.88177, 0.41855, 0.88177, 0.41855, -0.19554, -0.96059, -0.19755, -62.16679, -12.32776, -67.68826
410, 125, -37.03629, -26.9004, 107.74509, 108.70917, 1.24861, 1.24861, 1.24861, 1.00, 0.87804, 0.40966, 0.87804, 0.40966, -0.02437, -0.97758, -0.20915, -62.86617, -12.36099, -67.20383
411, 134, -38.29287, -21.65643, 104.64296, 105.60806, 0.53168, 0.53168, 0.53168, 1.00, 0.65102, 0.4149, 0.65102, 0.4149, -0.8368, 0.23786, 0.49315, -60.41953, -8.36237, -69.11156
412, 127, -41.58384, -20.72991, 105.65167, 106.61644, 0.94182, 0.94182, 0.94182, 1.00, 0.70178, 0.40485, 0.70178, 0.40485, -0.30126, 0.14695, 0.94215, -62.25021, -7.7544, -71.92448
413, 126, -38.2296, -20.3465, 104.80304, 105.76809, 0.5994, 0.5994, 0.5994, 1.00, 0.65203, 0.40594, 0.65203, 0.40594, -0.56802, 0.6818, 0.46097, -60.61643, -7.42269, -68.99598
414, 134, -38.29287, -21.65643, 104.64296, 105.60806, 0.53168, 0.53168, 0.53168, 1.00, 0.65102, 0.4149, 0.65102, 0.4149, -0.8368, 0.23786, 0.49315, -60.41953, -8.36237, -69.11156
415, 135, -41.17974, -21.96276, 105.37344, 106.3383, 0.87125, 0.87125, 0.87125, 1.00, 0.70282, 0.41383, 0.70282, 0.41383, -0.29071, -0.16956, 0.94167, -61.82681, -8.63071, -71.63172
416, 127, -41.58384, -20.72991, 105.65167, 106.61644, 0.94182, 0.94182, 0.94182, 1.00, 0.70178, 0.40485, 0.70178, 0.40485, -0.30126, 0.14695, 0.94215, -62.25021, -7.7544, -71.92448
417, 135, -41.17974, -21.96276, 105.37344, 106.3383, 0.87125, 0.87125, 0.87125, 1.00, 0.70282, 0.41383, 0.70282, 0.41383, -0.29071, -0.16956, 0.94167, -61.82681, -8.63071, -71.63172
418, 124, -40.46119, -26.44018, 108.19832, 109.16224, 1.65399, 1.65399, 1.65399, 1.00, 0.79036, 0.40813, 0.79036, 0.40813, 0.17292, -0.77308, 0.61029, -64.17367, -12.05597, -70.28963
419, 127, -41.58384, -20.72991, 105.65167, 106.61644, 0.94182, 0.94182, 0.94182, 1.00, 0.70178, 0.40485, 0.70178, 0.40485, -0.30126, 0.14695, 0.94215, -62.25021, -7.7544, -71.92448
420, 135, -41.17974, -21.96276, 105.37344, 106.3383, 0.87125, 0.87125, 0.87125, 1.00, 0.70282, 0.41383, 0.70282, 0.41383, -0.29071, -0.16956, 0.94167, -61.82681, -8.63071, -71.63172
421, 132, -40.27559, -26.55289, 107.36407, 108.32826, 1.45022, 1.45022, 1.45022, 1.00, 0.78671, 0.41705, 0.78671, 0.41705, 0.04134, -0.90129, 0.43124, -63.31807, -12.08491, -70.33038
422, 124, -40.46119, -26.44018, 108.19832, 109.16224, 1.65399, 1.65399, 1.65399, 1.00, 0.79036, 0.40813, 0.79036, 0.40813, 0.17292, -0.77308, 0.61029, -64.17367, -12.05597, -70.28963
423, 133, -37.33472, -26.92447, 106.94418, 107.90852, 1.24742, 1.24742, 1.24742, 1.00, 0.88177, 0.41855, 0.88177, 0.41855, -0.19554, -0.96059, -0.19755, -62.16679, -12.32776, -67.68826
424, 128, -34.77977, -25.44043, 106.90191, 107.86626, 1.25416, 1.25416, 1.25416, 1.00, 0.92605, 0.40659, 0.92605, 0.40659, -0.4435, -0.52052, -0.72964, -61.55793, -11.24903, -65.28914
425, 125, -37.03629, -26.9004, 107.74509, 108.70917, 1.24861, 1.24861, 1.24861, 1.00, 0.87804, 0.40966, 0.87804, 0.40966, -0.02437, -0.97758, -0.20915, -62.86617, -12.36099, -67.20383
426, 133, -37.33472, -26.92447, 106.94418, 107.90852, 1.24742, 1.24742, 1.24742, 1.00, 0.88177, 0.41855, 0.88177, 0.41855, -0.19554, -0.96059, -0.19755, -62.16679, -12.32776, -67.68826
427, 136, -35.51544, -25.72418, 106.30395, 107.2685, 1.25191, 1.25191, 1.25191, 1.00, 0.9282, 0.41554, 0.9282, 0.41554, -0.74353, -0.49639, -0.44805, -61.15123, -11.41694, -66.13419
428, 128, -34.77977, -25.44043, 106.90191, 107.86626, 1.25416, 1.25416, 1.25416, 1.00, 0.92605, 0.40659, 0.92605, 0.40659, -0.4435, -0.52052, -0.72964, -61.55793, -11.24903, -65.28914
429, 136, -35.51544, -25.72418, 106.30395, 107.2685, 1.25191, 1.25191, 1.25191, 1.00, 0.9282, 0.41554, 0.9282, 0.41554, -0.74353, -0.49639, -0.44805, -61.15123, -11.41694, -66.13419
430, 129, -35.6458, -21.37365, 104.94499, 105.91, 1.25279, 1.25279, 1.25279, 1.00, 0.98879, 0.40333, 0.98879, 0.40333, -0.74894, -0.0913, -0.65632, -60.06644, -8.17645, -66.55233
431, 128, -34.77977, -25.44043, 106.90191, 107.86626, 1.25416, 1.25416, 1.25416, 1.00, 0.92605, 0.40659, 0.92605, 0.40659, -0.4435, -0.52052, -0.72964, -61.55793, -11.24903, -65.28914
432, 136, -35.51544, -25.72418, 106.30395, 107.2685, 1.25191, 1.25191, 1.25191, 1.00, 0.9282, 0.41554, 0.9282, 0.41554, -0.74353, -0.49639, -0.44805, -61.15123, -11.41694, -66.13419
433, 137, -36.21687, -22.47341, 104.75432, 105.71938, 1.25081, 1.25081, 1.25081, 1.00, 0.9888, 0.41224, 0.9888, 0.41224, -0.86707, -0.23332, -0.44016, -59.9754, -8.96181, -67.14877
434, 129, -35.6458, -21.37365, 104.94499, 105.91, 1.25279, 1.25279, 1.25279, 1.00, 0.98879, 0.40333, 0.98879, 0.40333, -0.74894, -0.0913, -0.65632, -60.06644, -8.17645, -66.55233
435, 74, -37.91602, -7.99072, 111.39722, 112.36008, 1.25711, 1.25711, 1.25711, 1.00, 0.90, 0.24736, 0.90, 0.24736, -0.39842, 0.26896, -0.87688, -67.44708, 1.11906, -66.8714
436, 76, -38.28225, -3.77999, 113.03592, 113.99823, 0.00, 0.00, 0.00, 1.00, 0.87617, 0.20965, 0.87617, 0.20965, 0.28972, 0.33584, -0.89626, -69.30546, 4.0685, -66.7459
437, 84, -37.96585, -7.45933, 113.62174, 114.58385, 0.00, 0.00, 0.00, 1.00, 0.867, 0.24465, 0.867, 0.24465, 0.5092, 0.22178, -0.83158, -69.62833, 1.3636, -66.34325
438, 84, -37.96585, -7.45933, 113.62174, 114.58385, 0.00, 0.00, 0.00, 1.00, 0.867, 0.24465, 0.867, 0.24465, 0.5092, 0.22178, -0.83158, -69.62833, 1.3636, -66.34325
439, 102, -36.02345, -14.20031, 112.41338, 113.37589, 0.00, 0.00, 0.00, 1.00, 0.90049, 0.31033, 0.90049, 0.31033, 0.00373, 0.21755, -0.97604, -67.68131, -3.44772, -64.91264
440, 74, -37.91602, -7.99072, 111.39722, 112.36008, 1.25711, 1.25711, 1.25711, 1.00, 0.90, 0.24736, 0.90, 0.24736, -0.39842, 0.26896, -0.87688, -67.44708, 1.11906, -66.8714
441, 138, -43.68112, -41.4718, 114.94883, 115.91051, 0.00, 0.00, 0.00, 1.00, 0.33113, 0.13508, 0.33113, 0.13508, -0.12291, 0.19922, -0.97222, -70.81454, -23.38232, -71.75652
442, 139, -46.02719, -45.66364, 117.74329, 118.70403, 0.00, 0.00, 0.00, 1.00, 0.25092, 0.13517, 0.25092, 0.13517, 0.45025, -0.41993, -0.78799, -73.90533, -26.59858, -73.28854
443, 140, -40.31741, -61.28183, 105.35672, 106.32159, 0.00, 0.00, 0.00, 1.00, 0.29349, 0.44726, 0.29349, 0.44726, 0.01402, -0.34678, -0.93784, -59.84883, -37.13935, -71.29175
444, 141, -50.81437, -61.51021, 102.37697, 103.34283, 1.98105, 1.98105, 1.98105, 1.00, 0.14472, 0.4727, 0.14472, 0.4727, 0.13415, -0.31431, 0.93979, -59.57014, -37.11639, -81.88532
445, 142, -52.85151, -42.71085, 115.90459, 116.86594, 1.20931, 1.20931, 1.20931, 1.00, 0.14033, 0.15646, 0.14033, 0.15646, 0.14816, -0.98617, -0.07425, -73.957, -24.34122, -80.11395
446, 143, -53.76774, -43.65471, 111.67962, 112.64238, 0.36133, 0.36133, 0.36133, 1.00, 0.10614, 0.16404, 0.10614, 0.16404, -0.8846, -0.14482, 0.4433, -70.068, -24.75826, -82.06287
447, 144, -50.3791, -58.21043, 99.05515, 100.02212, 0.76477, 0.76477, 0.76477, 1.00, 0.10165, 0.48498, 0.10165, 0.48498, -0.59481, 0.33705, 0.72979, -56.40535, -34.51358, -82.28787
448, 141, -50.81437, -61.51021, 102.37697, 103.34283, 1.98105, 1.98105, 1.98105, 1.00, 0.14472, 0.4727, 0.14472, 0.4727, 0.13415, -0.31431, 0.93979, -59.57014, -37.11639, -81.88532
449, 143, -53.76774, -43.65471, 111.67962, 112.64238, 0.36133, 0.36133, 0.36133, 1.00, 0.10614, 0.16404, 0.10614, 0.16404, -0.8846, -0.14482, 0.4433, -70.068, -24.75826, -82.06287
450, 144, -50.3791, -58.21043, 99.05515, 100.02212, 0.76477, 0.76477, 0.76477, 1.00, 0.10165, 0.48498, 0.10165, 0.48498, -0.59481, 0.33705, 0.72979, -56.40535, -34.51358, -82.28787
451, 143, -53.76774, -43.65471, 111.67962, 112.64238, 0.36133, 0.36133, 0.36133, 1.00, 0.10614, 0.16404, 0.10614, 0.16404, -0.8846, -0.14482, 0.4433, -70.068, -24.75826, -82.06287
452, 145, -49.51569, -38.95311, 110.57027, 111.5334, 0.39239, 0.39239, 0.39239, 1.00, 0.07378, 0.15933, 0.07378, 0.15933, -0.64348, 0.72581, 0.24319, -68.15194, -21.279, -78.30941
453, 146, -45.65913, -56.00799, 98.68063, 99.64773, 0.46151, 0.46151, 0.46151, 1.00, 0.05031, 0.47586, 0.05031, 0.47586, -0.72556, 0.61041, 0.31775, -54.97072, -32.89293, -77.93789
454, 144, -50.3791, -58.21043, 99.05515, 100.02212, 0.76477, 0.76477, 0.76477, 1.00, 0.10165, 0.48498, 0.10165, 0.48498, -0.59481, 0.33705, 0.72979, -56.40535, -34.51358, -82.28787
455, 145, -49.51569, -38.95311, 110.57027, 111.5334, 0.39239, 0.39239, 0.39239, 1.00, 0.07378, 0.15933, 0.07378, 0.15933, -0.64348, 0.72581, 0.24319, -68.15194, -21.279, -78.30941
456, 147, -41.30943, -55.02073, 100.03989, 101.00652, 1.22037, 1.22037, 1.22037, 1.00, 0.36069, 0.45539, 0.36069, 0.45539, -0.47972, 0.17893, -0.85898, -55.24596, -32.26309, -73.50581
457, 148, -45.89951, -38.24808, 111.90731, 112.87, 1.225, 1.225, 1.225, 1.00, 0.38772, 0.14075, 0.38772, 0.14075, -0.38086, 0.51663, -0.76683, -68.57525, -20.85239, -74.5732
458, 138, -43.68112, -41.4718, 114.94883, 115.91051, 0.00, 0.00, 0.00, 1.00, 0.33113, 0.13508, 0.33113, 0.13508, -0.12291, 0.19922, -0.97222, -70.81454, -23.38232, -71.75652
459, 140, -40.31741, -61.28183, 105.35672, 106.32159, 0.00, 0.00, 0.00, 1.00, 0.29349, 0.44726, 0.29349, 0.44726, 0.01402, -0.34678, -0.93784, -59.84883, -37.13935, -71.29175
460, 147, -41.30943, -55.02073, 100.03989, 101.00652, 1.22037, 1.22037, 1.22037, 1.00, 0.36069, 0.45539, 0.36069, 0.45539, -0.47972, 0.17893, -0.85898, -55.24596, -32.26309, -73.50581
461, 138, -43.68112, -41.4718, 114.94883, 115.91051, 0.00, 0.00, 0.00, 1.00, 0.33113, 0.13508, 0.33113, 0.13508, -0.12291, 0.19922, -0.97222, -70.81454, -23.38232, -71.75652
462, 149, -41.30943, -55.02073, 100.03989, 101.00652, 0.24091, 0.24091, 0.24091, 1.00, 0.00917, 0.45539, 0.00917, 0.45539, -0.65603, 0.75372, 0.0391, -55.24596, -32.26309, -73.50581
463, 145, -49.51569, -38.95311, 110.57027, 111.5334, 0.39239, 0.39239, 0.39239, 1.00, 0.07378, 0.15933, 0.07378, 0.15933, -0.64348, 0.72581, 0.24319, -68.15194, -21.279, -78.30941
464, 150, -45.89951, -38.24808, 111.90731, 112.87, 0.18466, 0.18466, 0.18466, 1.00, 0.03616, 0.14075, 0.03616, 0.14075, -0.65086, 0.75909, 0.01293, -68.57525, -20.85239, -74.5732
465, 149, -41.30943, -55.02073, 100.03989, 101.00652, 0.24091, 0.24091, 0.24091, 1.00, 0.00917, 0.45539, 0.00917, 0.45539, -0.65603, 0.75372, 0.0391, -55.24596, -32.26309, -73.50581
466, 146, -45.65913, -56.00799, 98.68063, 99.64773, 0.46151, 0.46151, 0.46151, 1.00, 0.05031, 0.47586, 0.05031, 0.47586, -0.72556, 0.61041, 0.31775, -54.97072, -32.89293, -77.93789
467, 145, -49.51569, -38.95311, 110.57027, 111.5334, 0.39239, 0.39239, 0.39239, 1.00, 0.07378, 0.15933, 0.07378, 0.15933, -0.64348, 0.72581, 0.24319, -68.15194, -21.279, -78.30941
468, 151, -44.42063, -64.7478, 107.27056, 108.23479, 0.00, 0.00, 0.00, 1.00, 0.24336, 0.44936, 0.24336, 0.44936, 0.41844, -0.75611, -0.50319, -62.5587, -39.77357, -74.68566
469, 139, -46.02719, -45.66364, 117.74329, 118.70403, 0.00, 0.00, 0.00, 1.00, 0.25092, 0.13517, 0.25092, 0.13517, 0.45025, -0.41993, -0.78799, -73.90533, -26.59858, -73.28854
470, 152, -48.32971, -46.95, 118.42108, 119.3816, 0.00, 0.00, 0.00, 1.00, 0.21674, 0.13527, 0.21674, 0.13527, 0.64274, -0.63804, -0.42401, -75.0732, -27.57419, -75.28652
471, 151, -44.42063, -64.7478, 107.27056, 108.23479, 0.00, 0.00, 0.00, 1.00, 0.24336, 0.44936, 0.24336, 0.44936, 0.41844, -0.75611, -0.50319, -62.5587, -39.77357, -74.68566
472, 140, -40.31741, -61.28183, 105.35672, 106.32159, 0.00, 0.00, 0.00, 1.00, 0.29349, 0.44726, 0.29349, 0.44726, 0.01402, -0.34678, -0.93784, -59.84883, -37.13935, -71.29175
473, 139, -46.02719, -45.66364, 117.74329, 118.70403, 0.00, 0.00, 0.00, 1.00, 0.25092, 0.13517, 0.25092, 0.13517, 0.45025, -0.41993, -0.78799, -73.90533, -26.59858, -73.28854
474, 141, -50.81437, -61.51021, 102.37697, 103.34283, 1.98105, 1.98105, 1.98105, 1.00, 0.14472, 0.4727, 0.14472, 0.4727, 0.13415, -0.31431, 0.93979, -59.57014, -37.11639, -81.88532
475, 153, -51.81847, -40.67223, 120.62329, 121.58307, 0.00, 0.00, 0.00, 1.00, 0.18641, 0.13501, 0.18641, 0.13501, 0.89401, -0.00437, -0.44802, -78.34181, -23.16162, -77.91657
476, 142, -52.85151, -42.71085, 115.90459, 116.86594, 1.20931, 1.20931, 1.20931, 1.00, 0.14033, 0.15646, 0.14033, 0.15646, 0.14816, -0.98617, -0.07425, -73.957, -24.34122, -80.11395
477, 141, -50.81437, -61.51021, 102.37697, 103.34283, 1.98105, 1.98105, 1.98105, 1.00, 0.14472, 0.4727, 0.14472, 0.4727, 0.13415, -0.31431, 0.93979, -59.57014, -37.11639, -81.88532
478, 154, -48.70006, -65.68744, 107.50752, 108.47167, 1.27798, 1.27798, 1.27798, 1.00, 0.2056, 0.44908, 0.2056, 0.44908, 0.47587, -0.81991, 0.31828, -63.80749, -40.46988, -78.64341
479, 153, -51.81847, -40.67223, 120.62329, 121.58307, 0.00, 0.00, 0.00, 1.00, 0.18641, 0.13501, 0.18641, 0.13501, 0.89401, -0.00437, -0.44802, -78.34181, -23.16162, -77.91657
480, 154, -48.70006, -65.68744, 107.50752, 108.47167, 1.27798, 1.27798, 1.27798, 1.00, 0.2056, 0.44908, 0.2056, 0.44908, 0.47587, -0.81991, 0.31828, -63.80749, -40.46988, -78.64341
481, 152, -48.32971, -46.95, 118.42108, 119.3816, 0.00, 0.00, 0.00, 1.00, 0.21674, 0.13527, 0.21674, 0.13527, 0.64274, -0.63804, -0.42401, -75.0732, -27.57419, -75.28652
482, 153, -51.81847, -40.67223, 120.62329, 121.58307, 0.00, 0.00, 0.00, 1.00, 0.18641, 0.13501, 0.18641, 0.13501, 0.89401, -0.00437, -0.44802, -78.34181, -23.16162, -77.91657
483, 154, -48.70006, -65.68744, 107.50752, 108.47167, 1.27798, 1.27798, 1.27798, 1.00, 0.2056, 0.44908, 0.2056, 0.44908, 0.47587, -0.81991, 0.31828, -63.80749, -40.46988, -78.64341
484, 151, -44.42063, -64.7478, 107.27056, 108.23479, 0.00, 0.00, 0.00, 1.00, 0.24336, 0.44936, 0.24336, 0.44936, 0.41844, -0.75611, -0.50319, -62.5587, -39.77357, -74.68566
485, 152, -48.32971, -46.95, 118.42108, 119.3816, 0.00, 0.00, 0.00, 1.00, 0.21674, 0.13527, 0.21674, 0.13527, 0.64274, -0.63804, -0.42401, -75.0732, -27.57419, -75.28652
486, 155, -48.119, -64.28903, 97.50465, 98.47214, 0.64132, 0.64132, 0.64132, 1.00, 0.10182, 0.55266, 0.10182, 0.55266, -0.41206, -0.41566, 0.81082, -54.079, -38.82298, -80.63941
487, 141, -50.81437, -61.51021, 102.37697, 103.34283, 1.98105, 1.98105, 1.98105, 1.00, 0.14472, 0.4727, 0.14472, 0.4727, 0.13415, -0.31431, 0.93979, -59.57014, -37.11639, -81.88532
488, 144, -50.3791, -58.21043, 99.05515, 100.02212, 0.76477, 0.76477, 0.76477, 1.00, 0.10165, 0.48498, 0.10165, 0.48498, -0.59481, 0.33705, 0.72979, -56.40535, -34.51358, -82.28787
489, 155, -48.119, -64.28903, 97.50465, 98.47214, 0.64132, 0.64132, 0.64132, 1.00, 0.10182, 0.55266, 0.10182, 0.55266, -0.41206, -0.41566, 0.81082, -54.079, -38.82298, -80.63941
490, 156, -48.41797, -65.41541, 100.83772, 101.8041, 1.73484, 1.73484, 1.73484, 1.00, 0.16244, 0.5428, 0.16244, 0.5428, 0.19775, -0.61738, 0.7614, -57.31743, -39.8506, -80.08076
491, 141, -50.81437, -61.51021, 102.37697, 103.34283, 1.98105, 1.98105, 1.98105, 1.00, 0.14472, 0.4727, 0.14472, 0.4727, 0.13415, -0.31431, 0.93979, -59.57014, -37.11639, -81.88532
492, 157, -45.36584, -62.87904, 97.1647, 98.1323, 0.3275, 0.3275, 0.3275, 1.00, 0.05249, 0.54608, 0.05249, 0.54608, -0.93739, -0.02575, 0.34734, -53.13058, -37.7791, -78.13165
493, 144, -50.3791, -58.21043, 99.05515, 100.02212, 0.76477, 0.76477, 0.76477, 1.00, 0.10165, 0.48498, 0.10165, 0.48498, -0.59481, 0.33705, 0.72979, -56.40535, -34.51358, -82.28787
494, 146, -45.65913, -56.00799, 98.68063, 99.64773, 0.46151, 0.46151, 0.46151, 1.00, 0.05031, 0.47586, 0.05031, 0.47586, -0.72556, 0.61041, 0.31775, -54.97072, -32.89293, -77.93789
495, 157, -45.36584, -62.87904, 97.1647, 98.1323, 0.3275, 0.3275, 0.3275, 1.00, 0.05249, 0.54608, 0.05249, 0.54608, -0.93739, -0.02575, 0.34734, -53.13058, -37.7791, -78.13165
496, 155, -48.119, -64.28903, 97.50465, 98.47214, 0.64132, 0.64132, 0.64132, 1.00, 0.10182, 0.55266, 0.10182, 0.55266, -0.41206, -0.41566, 0.81082, -54.079, -38.82298, -80.63941
497, 144, -50.3791, -58.21043, 99.05515, 100.02212, 0.76477, 0.76477, 0.76477, 1.00, 0.10165, 0.48498, 0.10165, 0.48498, -0.59481, 0.33705, 0.72979, -56.40535, -34.51358, -82.28787
498, 158, -41.45768, -62.55626, 101.28728, 102.25351, 1.21684, 1.21684, 1.21684, 1.00, 0.3103, 0.52581, 0.3103, 0.52581, -0.31128, -0.28176, -0.90759, -56.15073, -37.80592, -73.4146
499, 147, -41.30943, -55.02073, 100.03989, 101.00652, 1.22037, 1.22037, 1.22037, 1.00, 0.36069, 0.45539, 0.36069, 0.45539, -0.47972, 0.17893, -0.85898, -55.24596, -32.26309, -73.50581
500, 140, -40.31741, -61.28183, 105.35672, 106.32159, 0.00, 0.00, 0.00, 1.00, 0.29349, 0.44726, 0.29349, 0.44726, 0.01402, -0.34678, -0.93784, -59.84883, -37.13935, -71.29175
501, 158, -41.45768, -62.55626, 101.28728, 102.25351, 1.21684, 1.21684, 1.21684, 1.00, 0.3103, 0.52581, 0.3103, 0.52581, -0.31128, -0.28176, -0.90759, -56.15073, -37.80592, -73.4146
502, 159, -42.92527, -61.53579, 98.01599, 98.98331, 1.21223, 1.21223, 1.21223, 1.00, 0.36257, 0.53132, 0.36257, 0.53132, -0.65389, -0.20474, -0.72836, -53.40557, -36.859, -75.6129
503, 147, -41.30943, -55.02073, 100.03989, 101.00652, 1.22037, 1.22037, 1.22037, 1.00, 0.36069, 0.45539, 0.36069, 0.45539, -0.47972, 0.17893, -0.85898, -55.24596, -32.26309, -73.50581
504, 160, -42.92527, -61.53579, 98.01599, 98.98331, 1.21223, 1.21223, 1.21223, 1.00, 0.0111, 0.53132, 0.0111, 0.53132, -0.9958, -0.00226, -0.09148, -53.40557, -36.859, -75.6129
505, 161, -45.65913, -56.00799, 98.68063, 99.64773, 1.28493, 1.28493, 1.28493, 1.00, 0.05039, 0.47586, 0.05039, 0.47586, -0.93723, 0.34777, -0.02558, -54.97072, -32.89293, -77.93789
506, 162, -41.30943, -55.02073, 100.03989, 101.00652, 1.30865, 1.30865, 1.30865, 1.00, 0.00918, 0.45539, 0.00918, 0.45539, -0.94073, 0.339, -0.01024, -55.24596, -32.26309, -73.50581
507, 160, -42.92527, -61.53579, 98.01599, 98.98331, 1.21223, 1.21223, 1.21223, 1.00, 0.0111, 0.53132, 0.0111, 0.53132, -0.9958, -0.00226, -0.09148, -53.40557, -36.859, -75.6129
508, 163, -45.36584, -62.87904, 97.1647, 98.1323, 1.2057, 1.2057, 1.2057, 1.00, 0.05258, 0.54608, 0.05258, 0.54608, -0.99441, 0.00941, -0.10513, -53.13058, -37.7791, -78.13165
509, 161, -45.65913, -56.00799, 98.68063, 99.64773, 1.28493, 1.28493, 1.28493, 1.00, 0.05039, 0.47586, 0.05039, 0.47586, -0.93723, 0.34777, -0.02558, -54.97072, -32.89293, -77.93789
510, 164, -43.91183, -64.65312, 103.92985, 104.8952, 0.00, 0.00, 0.00, 1.00, 0.25611, 0.52596, 0.25611, 0.52596, 0.41563, -0.62208, -0.66352, -59.21497, -39.49354, -75.06195
511, 140, -40.31741, -61.28183, 105.35672, 106.32159, 0.00, 0.00, 0.00, 1.00, 0.29349, 0.44726, 0.29349, 0.44726, 0.01402, -0.34678, -0.93784, -59.84883, -37.13935, -71.29175
512, 151, -44.42063, -64.7478, 107.27056, 108.23479, 0.00, 0.00, 0.00, 1.00, 0.24336, 0.44936, 0.24336, 0.44936, 0.41844, -0.75611, -0.50319, -62.5587, -39.77357, -74.68566
513, 164, -43.91183, -64.65312, 103.92985, 104.8952, 0.00, 0.00, 0.00, 1.00, 0.25611, 0.52596, 0.25611, 0.52596, 0.41563, -0.62208, -0.66352, -59.21497, -39.49354, -75.06195
514, 158, -41.45768, -62.55626, 101.28728, 102.25351, 1.21684, 1.21684, 1.21684, 1.00, 0.3103, 0.52581, 0.3103, 0.52581, -0.31128, -0.28176, -0.90759, -56.15073, -37.80592, -73.4146
515, 140, -40.31741, -61.28183, 105.35672, 106.32159, 0.00, 0.00, 0.00, 1.00, 0.29349, 0.44726, 0.29349, 0.44726, 0.01402, -0.34678, -0.93784, -59.84883, -37.13935, -71.29175
516, 156, -48.41797, -65.41541, 100.83772, 101.8041, 1.73484, 1.73484, 1.73484, 1.00, 0.16244, 0.5428, 0.16244, 0.5428, 0.19775, -0.61738, 0.7614, -57.31743, -39.8506, -80.08076
517, 154, -48.70006, -65.68744, 107.50752, 108.47167, 1.27798, 1.27798, 1.27798, 1.00, 0.2056, 0.44908, 0.2056, 0.44908, 0.47587, -0.81991, 0.31828, -63.80749, -40.46988, -78.64341
518, 141, -50.81437, -61.51021, 102.37697, 103.34283, 1.98105, 1.98105, 1.98105, 1.00, 0.14472, 0.4727, 0.14472, 0.4727, 0.13415, -0.31431, 0.93979, -59.57014, -37.11639, -81.88532
519, 156, -48.41797, -65.41541, 100.83772, 101.8041, 1.73484, 1.73484, 1.73484, 1.00, 0.16244, 0.5428, 0.16244, 0.5428, 0.19775, -0.61738, 0.7614, -57.31743, -39.8506, -80.08076
520, 165, -47.5074, -65.59993, 104.08005, 105.04534, 1.20356, 1.20356, 1.20356, 1.00, 0.20809, 0.52575, 0.20809, 0.52575, 0.57502, -0.8181, 0.00795, -60.21004, -40.18956, -78.40159
521, 154, -48.70006, -65.68744, 107.50752, 108.47167, 1.27798, 1.27798, 1.27798, 1.00, 0.2056, 0.44908, 0.2056, 0.44908, 0.47587, -0.81991, 0.31828, -63.80749, -40.46988, -78.64341
522, 165, -47.5074, -65.59993, 104.08005, 105.04534, 1.20356, 1.20356, 1.20356, 1.00, 0.20809, 0.52575, 0.20809, 0.52575, 0.57502, -0.8181, 0.00795, -60.21004, -40.18956, -78.40159
523, 151, -44.42063, -64.7478, 107.27056, 108.23479, 0.00, 0.00, 0.00, 1.00, 0.24336, 0.44936, 0.24336, 0.44936, 0.41844, -0.75611, -0.50319, -62.5587, -39.77357, -74.68566
524, 154, -48.70006, -65.68744, 107.50752, 108.47167, 1.27798, 1.27798, 1.27798, 1.00, 0.2056, 0.44908, 0.2056, 0.44908, 0.47587, -0.81991, 0.31828, -63.80749, -40.46988, -78.64341
525, 165, -47.5074, -65.59993, 104.08005, 105.04534, 1.20356, 1.20356, 1.20356, 1.00, 0.20809, 0.52575, 0.20809, 0.52575, 0.57502, -0.8181, 0.00795, -60.21004, -40.18956, -78.40159
526, 164, -43.91183, -64.65312, 103.92985, 104.8952, 0.00, 0.00, 0.00, 1.00, 0.25611, 0.52596, 0.25611, 0.52596, 0.41563, -0.62208, -0.66352, -59.21497, -39.49354, -75.06195
527, 151, -44.42063, -64.7478, 107.27056, 108.23479, 0.00, 0.00, 0.00, 1.00, 0.24336, 0.44936, 0.24336, 0.44936, 0.41844, -0.75611, -0.50319, -62.5587, -39.77357, -74.68566
528, 166, -46.78747, -73.26761, 97.29574, 98.2633, 0.83489, 0.83489, 0.83489, 1.00, 0.91128, 0.48716, 0.91128, 0.48716, 0.09048, -0.20554, 0.97446, -53.14796, -45.32, -79.55175
529, 167, -48.41797, -65.41541, 100.83772, 101.8041, 2.03326, 2.03326, 2.03326, 1.00, 0.89725, 0.42902, 0.89725, 0.42902, 0.23158, -0.17587, 0.95679, -57.31743, -39.8506, -80.08076
530, 168, -48.119, -64.28903, 97.50465, 98.47214, 0.85172, 0.85172, 0.85172, 1.00, 0.92246, 0.43041, 0.92246, 0.43041, 0.11161, -0.17962, 0.97738, -54.079, -38.82298, -80.63941
531, 166, -46.78747, -73.26761, 97.29574, 98.2633, 0.83489, 0.83489, 0.83489, 1.00, 0.91128, 0.48716, 0.91128, 0.48716, 0.09048, -0.20554, 0.97446, -53.14796, -45.32, -79.55175
532, 169, -47.29849, -73.96699, 101.04769, 102.01399, 1.962, 1.962, 1.962, 1.00, 0.87231, 0.47948, 0.87231, 0.47948, 0.30143, -0.26439, 0.9161, -56.86195, -46.06451, -79.07957
533, 167, -48.41797, -65.41541, 100.83772, 101.8041, 2.03326, 2.03326, 2.03326, 1.00, 0.89725, 0.42902, 0.89725, 0.42902, 0.23158, -0.17587, 0.95679, -57.31743, -39.8506, -80.08076
534, 170, -43.50948, -70.42113, 96.72102, 97.68877, 0.18134, 0.18134, 0.18134, 1.00, 0.96337, 0.47594, 0.96337, 0.47594, -0.97326, 0.19513, 0.1212, -51.90675, -43.21969, -76.59561
535, 171, -48.119, -64.28903, 97.50465, 98.47214, 0.40403, 0.40403, 0.40403, 1.00, 0.92343, 0.43706, 0.92343, 0.43706, -0.91115, 0.07802, 0.40462, -54.079, -38.82298, -80.63941
536, 172, -45.36584, -62.87904, 97.1647, 98.1323, 0.22951, 0.22951, 0.22951, 1.00, 0.95569, 0.4343, 0.95569, 0.4343, -0.96852, 0.16533, 0.18609, -53.13058, -37.7791, -78.13165
537, 170, -43.50948, -70.42113, 96.72102, 97.68877, 0.18134, 0.18134, 0.18134, 1.00, 0.96337, 0.47594, 0.96337, 0.47594, -0.97326, 0.19513, 0.1212, -51.90675, -43.21969, -76.59561
538, 173, -46.78747, -73.26761, 97.29574, 98.2633, 0.47198, 0.47198, 0.47198, 1.00, 0.92291, 0.48464, 0.92291, 0.48464, -0.87681, 0.1354, 0.46138, -53.14796, -45.32, -79.55175
539, 171, -48.119, -64.28903, 97.50465, 98.47214, 0.40403, 0.40403, 0.40403, 1.00, 0.92343, 0.43706, 0.92343, 0.43706, -0.91115, 0.07802, 0.40462, -54.079, -38.82298, -80.63941
540, 174, -40.14748, -70.56413, 98.07487, 99.04216, 1.21354, 1.21354, 1.21354, 1.00, 0.73448, 0.47956, 0.73448, 0.47956, -0.46928, 0.2388, -0.85015, -52.37165, -43.40904, -73.10311
541, 175, -42.92527, -61.53579, 98.01599, 98.98331, 1.21223, 1.21223, 1.21223, 1.00, 0.71594, 0.42934, 0.71594, 0.42934, -0.49581, 0.37787, -0.78191, -53.40557, -36.859, -75.6129
542, 176, -41.45768, -62.55626, 101.28728, 102.25351, 0.00, 0.00, 0.00, 1.00, 0.74168, 0.42874, 0.74168, 0.42874, 0.00333, 0.30115, -0.95357, -56.15073, -37.80592, -73.4146
543, 177, -39.27081, -71.76203, 100.62473, 101.59118, 0.00, 0.00, 0.00, 1.00, 0.76451, 0.47946, 0.76451, 0.47946, 0.01562, 0.0603, -0.99806, -54.55984, -44.43897, -71.64461
544, 174, -40.14748, -70.56413, 98.07487, 99.04216, 1.21354, 1.21354, 1.21354, 1.00, 0.73448, 0.47956, 0.73448, 0.47956, -0.46928, 0.2388, -0.85015, -52.37165, -43.40904, -73.10311
545, 176, -41.45768, -62.55626, 101.28728, 102.25351, 0.00, 0.00, 0.00, 1.00, 0.74168, 0.42874, 0.74168, 0.42874, 0.00333, 0.30115, -0.95357, -56.15073, -37.80592, -73.4146
546, 170, -43.50948, -70.42113, 96.72102, 97.68877, 0.18134, 0.18134, 0.18134, 1.00, 0.96337, 0.47594, 0.96337, 0.47594, -0.97326, 0.19513, 0.1212, -51.90675, -43.21969, -76.59561
547, 172, -45.36584, -62.87904, 97.1647, 98.1323, 0.22951, 0.22951, 0.22951, 1.00, 0.95569, 0.4343, 0.95569, 0.4343, -0.96852, 0.16533, 0.18609, -53.13058, -37.7791, -78.13165
548, 178, -42.92527, -61.53579, 98.01599, 98.98331, 1.21223, 1.21223, 1.21223, 1.00, 0.98763, 0.43219, 0.98763, 0.43219, -0.97281, 0.21655, -0.08211, -53.40557, -36.859, -75.6129
549, 179, -40.14748, -70.56413, 98.07487, 99.04216, 1.21354, 1.21354, 1.21354, 1.00, 0.99852, 0.47698, 0.99852, 0.47698, -0.96075, 0.23901, -0.14085, -52.37165, -43.40904, -73.10311
550, 170, -43.50948, -70.42113, 96.72102, 97.68877, 0.18134, 0.18134, 0.18134, 1.00, 0.96337, 0.47594, 0.96337, 0.47594, -0.97326, 0.19513, 0.1212, -51.90675, -43.21969, -76.59561
551, 178, -42.92527, -61.53579, 98.01599, 98.98331, 1.21223, 1.21223, 1.21223, 1.00, 0.98763, 0.43219, 0.98763, 0.43219, -0.97281, 0.21655, -0.08211, -53.40557, -36.859, -75.6129
552, 180, -41.74343, -74.39845, 104.49133, 105.45648, 0.00, 0.00, 0.00, 1.00, 0.81, 0.47876, 0.81, 0.47876, 0.76422, -0.15344, -0.62643, -58.7851, -46.59526, -73.00278
553, 176, -41.45768, -62.55626, 101.28728, 102.25351, 0.00, 0.00, 0.00, 1.00, 0.74168, 0.42874, 0.74168, 0.42874, 0.00333, 0.30115, -0.95357, -56.15073, -37.80592, -73.4146
554, 181, -43.91183, -64.65312, 103.92985, 104.8952, 0.00, 0.00, 0.00, 1.00, 0.80834, 0.42881, 0.80834, 0.42881, 0.90471, 0.01438, -0.42577, -59.21497, -39.49354, -75.06195
555, 180, -41.74343, -74.39845, 104.49133, 105.45648, 0.00, 0.00, 0.00, 1.00, 0.81, 0.47876, 0.81, 0.47876, 0.76422, -0.15344, -0.62643, -58.7851, -46.59526, -73.00278
556, 177, -39.27081, -71.76203, 100.62473, 101.59118, 0.00, 0.00, 0.00, 1.00, 0.76451, 0.47946, 0.76451, 0.47946, 0.01562, 0.0603, -0.99806, -54.55984, -44.43897, -71.64461
557, 176, -41.45768, -62.55626, 101.28728, 102.25351, 0.00, 0.00, 0.00, 1.00, 0.74168, 0.42874, 0.74168, 0.42874, 0.00333, 0.30115, -0.95357, -56.15073, -37.80592, -73.4146
558, 169, -47.29849, -73.96699, 101.04769, 102.01399, 1.962, 1.962, 1.962, 1.00, 0.87231, 0.47948, 0.87231, 0.47948, 0.30143, -0.26439, 0.9161, -56.86195, -46.06451, -79.07957
559, 182, -47.5074, -65.59993, 104.08005, 105.04534, 1.65692, 1.65692, 1.65692, 1.00, 0.86247, 0.42872, 0.86247, 0.42872, 0.8069, -0.21042, 0.55195, -60.21004, -40.18956, -78.40159
560, 167, -48.41797, -65.41541, 100.83772, 101.8041, 2.03326, 2.03326, 2.03326, 1.00, 0.89725, 0.42902, 0.89725, 0.42902, 0.23158, -0.17587, 0.95679, -57.31743, -39.8506, -80.08076
561, 169, -47.29849, -73.96699, 101.04769, 102.01399, 1.962, 1.962, 1.962, 1.00, 0.87231, 0.47948, 0.87231, 0.47948, 0.30143, -0.26439, 0.9161, -56.86195, -46.06451, -79.07957
562, 183, -46.09784, -75.14133, 103.62431, 104.58976, 1.46715, 1.46715, 1.46715, 1.00, 0.84635, 0.47958, 0.84635, 0.47958, 0.85584, -0.33466, 0.39439, -58.9966, -47.07905, -77.31058
563, 182, -47.5074, -65.59993, 104.08005, 105.04534, 1.65692, 1.65692, 1.65692, 1.00, 0.86247, 0.42872, 0.86247, 0.42872, 0.8069, -0.21042, 0.55195, -60.21004, -40.18956, -78.40159
564, 183, -46.09784, -75.14133, 103.62431, 104.58976, 1.46715, 1.46715, 1.46715, 1.00, 0.84635, 0.47958, 0.84635, 0.47958, 0.85584, -0.33466, 0.39439, -58.9966, -47.07905, -77.31058
565, 181, -43.91183, -64.65312, 103.92985, 104.8952, 0.00, 0.00, 0.00, 1.00, 0.80834, 0.42881, 0.80834, 0.42881, 0.90471, 0.01438, -0.42577, -59.21497, -39.49354, -75.06195
566, 182, -47.5074, -65.59993, 104.08005, 105.04534, 1.65692, 1.65692, 1.65692, 1.00, 0.86247, 0.42872, 0.86247, 0.42872, 0.8069, -0.21042, 0.55195, -60.21004, -40.18956, -78.40159
567, 183, -46.09784, -75.14133, 103.62431, 104.58976, 1.46715, 1.46715, 1.46715, 1.00, 0.84635, 0.47958, 0.84635, 0.47958, 0.85584, -0.33466, 0.39439, -58.9966, -47.07905, -77.31058
568, 180, -41.74343, -74.39845, 104.49133, 105.45648, 0.00, 0.00, 0.00, 1.00, 0.81, 0.47876, 0.81, 0.47876, 0.76422, -0.15344, -0.62643, -58.7851, -46.59526, -73.00278
569, 181, -43.91183, -64.65312, 103.92985, 104.8952, 0.00, 0.00, 0.00, 1.00, 0.80834, 0.42881, 0.80834, 0.42881, 0.90471, 0.01438, -0.42577, -59.21497, -39.49354, -75.06195
570, 184, -41.28863, -95.67937, 94.16193, 95.13053, 1.91965, 1.91965, 1.91965, 1.00, 0.90361, 0.60723, 0.90361, 0.60723, 0.13155, -0.35542, 0.9254, -47.76489, -61.37215, -75.46766
571, 169, -47.29849, -73.96699, 101.04769, 102.01399, 1.962, 1.962, 1.962, 1.00, 0.87231, 0.47948, 0.87231, 0.47948, 0.30143, -0.26439, 0.9161, -56.86195, -46.06451, -79.07957
572, 166, -46.78747, -73.26761, 97.29574, 98.2633, 0.83489, 0.83489, 0.83489, 1.00, 0.91128, 0.48716, 0.91128, 0.48716, 0.09048, -0.20554, 0.97446, -53.14796, -45.32, -79.55175
573, 184, -41.28863, -95.67937, 94.16193, 95.13053, 1.91965, 1.91965, 1.91965, 1.00, 0.90361, 0.60723, 0.90361, 0.60723, 0.13155, -0.35542, 0.9254, -47.76489, -61.37215, -75.46766
574, 185, -41.69286, -94.78416, 96.1535, 97.12144, 1.86019, 1.86019, 1.86019, 1.00, 0.86396, 0.60688, 0.86396, 0.60688, 0.39491, -0.33457, 0.85563, -49.82561, -60.84907, -75.32661
575, 169, -47.29849, -73.96699, 101.04769, 102.01399, 1.962, 1.962, 1.962, 1.00, 0.87231, 0.47948, 0.87231, 0.47948, 0.30143, -0.26439, 0.9161, -56.86195, -46.06451, -79.07957
576, 186, -40.05774, -95.08276, 93.83279, 94.80151, 0.14256, 0.14256, 0.14256, 1.00, 0.95139, 0.60668, 0.95139, 0.60668, -0.96272, -0.18767, 0.19483, -47.16853, -60.91873, -74.39215
577, 173, -46.78747, -73.26761, 97.29574, 98.2633, 0.47198, 0.47198, 0.47198, 1.00, 0.92291, 0.48464, 0.92291, 0.48464, -0.87681, 0.1354, 0.46138, -53.14796, -45.32, -79.55175
578, 170, -43.50948, -70.42113, 96.72102, 97.68877, 0.18134, 0.18134, 0.18134, 1.00, 0.96337, 0.47594, 0.96337, 0.47594, -0.97326, 0.19513, 0.1212, -51.90675, -43.21969, -76.59561
579, 186, -40.05774, -95.08276, 93.83279, 94.80151, 0.14256, 0.14256, 0.14256, 1.00, 0.95139, 0.60668, 0.95139, 0.60668, -0.96272, -0.18767, 0.19483, -47.16853, -60.91873, -74.39215
580, 187, -41.28863, -95.67937, 94.16193, 95.13053, 0.31032, 0.31032, 0.31032, 1.00, 0.92935, 0.60822, 0.92935, 0.60822, -0.88915, -0.2272, 0.39724, -47.76489, -61.37215, -75.46766
581, 173, -46.78747, -73.26761, 97.29574, 98.2633, 0.47198, 0.47198, 0.47198, 1.00, 0.92291, 0.48464, 0.92291, 0.48464, -0.87681, 0.1354, 0.46138, -53.14796, -45.32, -79.55175
582, 188, -38.73366, -93.96554, 96.00185, 96.96984, 1.20208, 1.20208, 1.20208, 1.00, 0.76975, 0.60446, 0.76975, 0.60446, -0.14224, 0.0744, -0.98703, -48.98137, -60.2459, -72.58475
583, 174, -40.14748, -70.56413, 98.07487, 99.04216, 1.21354, 1.21354, 1.21354, 1.00, 0.73448, 0.47956, 0.73448, 0.47956, -0.46928, 0.2388, -0.85015, -52.37165, -43.40904, -73.10311
584, 177, -39.27081, -71.76203, 100.62473, 101.59118, 0.00, 0.00, 0.00, 1.00, 0.76451, 0.47946, 0.76451, 0.47946, 0.01562, 0.0603, -0.99806, -54.55984, -44.43897, -71.64461
585, 188, -38.73366, -93.96554, 96.00185, 96.96984, 1.20208, 1.20208, 1.20208, 1.00, 0.76975, 0.60446, 0.76975, 0.60446, -0.14224, 0.0744, -0.98703, -48.98137, -60.2459, -72.58475
586, 189, -39.00628, -94.14011, 94.29898, 95.26753, 1.2004, 1.2004, 1.2004, 1.00, 0.74022, 0.60392, 0.74022, 0.60392, -0.40084, 0.06017, -0.91417, -47.39907, -60.26472, -73.27731
587, 174, -40.14748, -70.56413, 98.07487, 99.04216, 1.21354, 1.21354, 1.21354, 1.00, 0.73448, 0.47956, 0.73448, 0.47956, -0.46928, 0.2388, -0.85015, -52.37165, -43.40904, -73.10311
588, 190, -39.00628, -94.14011, 94.29898, 95.26753, 1.2004, 1.2004, 1.2004, 1.00, 0.97059, 0.60313, 0.97059, 0.60313, -0.96969, -0.08322, -0.22974, -47.39907, -60.26472, -73.27731
589, 170, -43.50948, -70.42113, 96.72102, 97.68877, 0.18134, 0.18134, 0.18134, 1.00, 0.96337, 0.47594, 0.96337, 0.47594, -0.97326, 0.19513, 0.1212, -51.90675, -43.21969, -76.59561
590, 179, -40.14748, -70.56413, 98.07487, 99.04216, 1.21354, 1.21354, 1.21354, 1.00, 0.99852, 0.47698, 0.99852, 0.47698, -0.96075, 0.23901, -0.14085, -52.37165, -43.40904, -73.10311
591, 190, -39.00628, -94.14011, 94.29898, 95.26753, 1.2004, 1.2004, 1.2004, 1.00, 0.97059, 0.60313, 0.97059, 0.60313, -0.96969, -0.08322, -0.22974, -47.39907, -60.26472, -73.27731
592, 186, -40.05774, -95.08276, 93.83279, 94.80151, 0.14256, 0.14256, 0.14256, 1.00, 0.95139, 0.60668, 0.95139, 0.60668, -0.96272, -0.18767, 0.19483, -47.16853, -60.91873, -74.39215
593, 170, -43.50948, -70.42113, 96.72102, 97.68877, 0.18134, 0.18134, 0.18134, 1.00, 0.96337, 0.47594, 0.96337, 0.47594, -0.97326, 0.19513, 0.1212, -51.90675, -43.21969, -76.59561
594, 191, -40.17024, -94.2075, 97.50578, 98.47327, 0.00, 0.00, 0.00, 1.00, 0.80086, 0.60553, 0.80086, 0.60553, 0.64599, 0.0374, -0.76243, -50.77747, -60.51651, -73.54843
595, 177, -39.27081, -71.76203, 100.62473, 101.59118, 0.00, 0.00, 0.00, 1.00, 0.76451, 0.47946, 0.76451, 0.47946, 0.01562, 0.0603, -0.99806, -54.55984, -44.43897, -71.64461
596, 180, -41.74343, -74.39845, 104.49133, 105.45648, 0.00, 0.00, 0.00, 1.00, 0.81, 0.47876, 0.81, 0.47876, 0.76422, -0.15344, -0.62643, -58.7851, -46.59526, -73.00278
597, 191, -40.17024, -94.2075, 97.50578, 98.47327, 0.00, 0.00, 0.00, 1.00, 0.80086, 0.60553, 0.80086, 0.60553, 0.64599, 0.0374, -0.76243, -50.77747, -60.51651, -73.54843
598, 188, -38.73366, -93.96554, 96.00185, 96.96984, 1.20208, 1.20208, 1.20208, 1.00, 0.76975, 0.60446, 0.76975, 0.60446, -0.14224, 0.0744, -0.98703, -48.98137, -60.2459, -72.58475
599, 177, -39.27081, -71.76203, 100.62473, 101.59118, 0.00, 0.00, 0.00, 1.00, 0.76451, 0.47946, 0.76451, 0.47946, 0.01562, 0.0603, -0.99806, -54.55984, -44.43897, -71.64461
600, 185, -41.69286, -94.78416, 96.1535, 97.12144, 1.86019, 1.86019, 1.86019, 1.00, 0.86396, 0.60688, 0.86396, 0.60688, 0.39491, -0.33457, 0.85563, -49.82561, -60.84907, -75.32661
601, 183, -46.09784, -75.14133, 103.62431, 104.58976, 1.46715, 1.46715, 1.46715, 1.00, 0.84635, 0.47958, 0.84635, 0.47958, 0.85584, -0.33466, 0.39439, -58.9966, -47.07905, -77.31058
602, 169, -47.29849, -73.96699, 101.04769, 102.01399, 1.962, 1.962, 1.962, 1.00, 0.87231, 0.47948, 0.87231, 0.47948, 0.30143, -0.26439, 0.9161, -56.86195, -46.06451, -79.07957
603, 185, -41.69286, -94.78416, 96.1535, 97.12144, 1.86019, 1.86019, 1.86019, 1.00, 0.86396, 0.60688, 0.86396, 0.60688, 0.39491, -0.33457, 0.85563, -49.82561, -60.84907, -75.32661
604, 192, -41.333, -94.52174, 97.52814, 98.49562, 1.30027, 1.30027, 1.30027, 1.00, 0.8338, 0.60579, 0.8338, 0.60579, 0.96255, -0.18786, 0.19544, -51.07363, -60.74577, -74.63522
605, 183, -46.09784, -75.14133, 103.62431, 104.58976, 1.46715, 1.46715, 1.46715, 1.00, 0.84635, 0.47958, 0.84635, 0.47958, 0.85584, -0.33466, 0.39439, -58.9966, -47.07905, -77.31058
606, 192, -41.333, -94.52174, 97.52814, 98.49562, 1.30027, 1.30027, 1.30027, 1.00, 0.8338, 0.60579, 0.8338, 0.60579, 0.96255, -0.18786, 0.19544, -51.07363, -60.74577, -74.63522
607, 180, -41.74343, -74.39845, 104.49133, 105.45648, 0.00, 0.00, 0.00, 1.00, 0.81, 0.47876, 0.81, 0.47876, 0.76422, -0.15344, -0.62643, -58.7851, -46.59526, -73.00278
608, 183, -46.09784, -75.14133, 103.62431, 104.58976, 1.46715, 1.46715, 1.46715, 1.00, 0.84635, 0.47958, 0.84635, 0.47958, 0.85584, -0.33466, 0.39439, -58.9966, -47.07905, -77.31058
609, 192, -41.333, -94.52174, 97.52814, 98.49562, 1.30027, 1.30027, 1.30027, 1.00, 0.8338, 0.60579, 0.8338, 0.60579, 0.96255, -0.18786, 0.19544, -51.07363, -60.74577, -74.63522
610, 191, -40.17024, -94.2075, 97.50578, 98.47327, 0.00, 0.00, 0.00, 1.00, 0.80086, 0.60553, 0.80086, 0.60553, 0.64599, 0.0374, -0.76243, -50.77747, -60.51651, -73.54843
611, 180, -41.74343, -74.39845, 104.49133, 105.45648, 0.00, 0.00, 0.00, 1.00, 0.81, 0.47876, 0.81, 0.47876, 0.76422, -0.15344, -0.62643, -58.7851, -46.59526, -73.00278
612, 193, -41.34044, -102.62074, 87.3098, 88.28069, 1.18638, 1.18638, 1.18638, 1.00, 0.47813, 0.44864, 0.47813, 0.44864, -0.06129, -0.97805, -0.19917, -40.86121, -65.97167, -77.34926
613, 194, -40.66827, -102.65681, 85.42469, 86.39621, 1.18659, 1.18659, 1.18659, 1.00, 0.46676, 0.42347, 0.46676, 0.42347, -0.02981, -0.97608, -0.21538, -38.87486, -65.87854, -77.20207
614, 195, -36.90774, -101.44023, 86.25699, 87.22823, 1.19559, 1.19559, 1.19559, 1.00, 0.40971, 0.43767, 0.40971, 0.43767, -0.05343, -0.97767, -0.20325, -38.79832, -65.04908, -73.45367
615, 193, -41.34044, -102.62074, 87.3098, 88.28069, 1.18638, 1.18638, 1.18638, 1.00, 0.47813, 0.44864, 0.47813, 0.44864, -0.06129, -0.97805, -0.19917, -40.86121, -65.97167, -77.34926
616, 195, -36.90774, -101.44023, 86.25699, 87.22823, 1.19559, 1.19559, 1.19559, 1.00, 0.40971, 0.43767, 0.40971, 0.43767, -0.05343, -0.97767, -0.20325, -38.79832, -65.04908, -73.45367
617, 196, -36.05054, -101.1625, 87.01712, 87.98811, 1.19801, 1.19801, 1.19801, 1.00, 0.3972, 0.44864, 0.3972, 0.44864, -0.07701, -0.97857, -0.19097, -39.33098, -64.8958, -72.45344
618, 193, -41.34044, -102.62074, 87.3098, 88.28069, 1.18638, 1.18638, 1.18638, 1.00, 0.47813, 0.44864, 0.47813, 0.44864, -0.06129, -0.97805, -0.19917, -40.86121, -65.97167, -77.34926
619, 196, -36.05054, -101.1625, 87.01712, 87.98811, 1.19801, 1.19801, 1.19801, 1.00, 0.3972, 0.44864, 0.3972, 0.44864, -0.07701, -0.97857, -0.19097, -39.33098, -64.8958, -72.45344
620, 197, -41.2932, -102.50124, 89.38274, 90.35293, 1.18778, 1.18778, 1.18778, 1.00, 0.47895, 0.49995, 0.47895, 0.49995, -0.07734, -0.97855, -0.19093, -42.85387, -66.01619, -76.7738
621, 196, -36.05054, -101.1625, 87.01712, 87.98811, 1.19801, 1.19801, 1.19801, 1.00, 0.3972, 0.44864, 0.3972, 0.44864, -0.07701, -0.97857, -0.19097, -39.33098, -64.8958, -72.45344
622, 198, -35.90164, -100.96465, 90.06504, 91.035, 1.20032, 1.20032, 1.20032, 1.00, 0.3972, 0.51328, 0.3972, 0.51328, -0.07768, -0.97855, -0.19082, -42.24214, -64.94521, -71.53268
623, 197, -41.2932, -102.50124, 89.38274, 90.35293, 1.18778, 1.18778, 1.18778, 1.00, 0.47895, 0.49995, 0.47895, 0.49995, -0.07734, -0.97855, -0.19093, -42.85387, -66.01619, -76.7738
624, 198, -35.90164, -100.96465, 90.06504, 91.035, 1.20032, 1.20032, 1.20032, 1.00, 0.3972, 0.51328, 0.3972, 0.51328, -0.07768, -0.97855, -0.19082, -42.24214, -64.94521, -71.53268
625, 199, -40.70094, -101.92622, 97.59363, 98.56108, 1.19412, 1.19412, 1.19412, 1.00, 0.47606, 0.58889, 0.47606, 0.58889, -0.07768, -0.97855, -0.19082, -50.65077, -66.11879, -74.11385
626, 197, -41.2932, -102.50124, 89.38274, 90.35293, 1.18778, 1.18778, 1.18778, 1.00, 0.47895, 0.49995, 0.47895, 0.49995, -0.07734, -0.97855, -0.19093, -42.85387, -66.01619, -76.7738
627, 199, -40.70094, -101.92622, 97.59363, 98.56108, 1.19412, 1.19412, 1.19412, 1.00, 0.47606, 0.58889, 0.47606, 0.58889, -0.07768, -0.97855, -0.19082, -50.65077, -66.11879, -74.11385
628, 198, -35.90164, -100.96465, 90.06504, 91.035, 1.20032, 1.20032, 1.20032, 1.00, 0.3972, 0.51328, 0.3972, 0.51328, -0.07768, -0.97855, -0.19082, -42.24214, -64.94521, -71.53268
629, 200, -36.55524, -100.78338, 97.36426, 98.33179, 1.2034, 1.2034, 1.2034, 1.00, 0.41264, 0.58889, 0.41264, 0.58889, -0.07736, -0.97856, -0.19086, -49.45153, -65.27563, -70.27699
630, 200, -36.55524, -100.78338, 97.36426, 98.33179, 1.2034, 1.2034, 1.2034, 1.00, 0.41264, 0.58889, 0.41264, 0.58889, -0.07736, -0.97856, -0.19086, -49.45153, -65.27563, -70.27699
631, 201, -39.40183, -101.50825, 98.68822, 99.65532, 1.19772, 1.19772, 1.19772, 1.00, 0.45706, 0.60475, 0.45706, 0.60475, -0.07701, -0.97857, -0.19097, -51.40255, -65.88499, -72.61269
632, 199, -40.70094, -101.92622, 97.59363, 98.56108, 1.19412, 1.19412, 1.19412, 1.00, 0.47606, 0.58889, 0.47606, 0.58889, -0.07768, -0.97855, -0.19082, -50.65077, -66.11879, -74.11385
633, 200, -36.55524, -100.78338, 97.36426, 98.33179, 1.2034, 1.2034, 1.2034, 1.00, 0.41264, 0.58889, 0.41264, 0.58889, -0.07736, -0.97856, -0.19086, -49.45153, -65.27563, -70.27699
634, 202, -37.44916, -100.96996, 98.58018, 99.54732, 1.2021, 1.2021, 1.2021, 1.00, 0.42718, 0.60475, 0.42718, 0.60475, -0.07701, -0.97857, -0.19097, -50.83769, -65.48785, -70.80549
635, 201, -39.40183, -101.50825, 98.68822, 99.65532, 1.19772, 1.19772, 1.19772, 1.00, 0.45706, 0.60475, 0.45706, 0.60475, -0.07701, -0.97857, -0.19097, -51.40255, -65.88499, -72.61269
636, 203, -41.4925, -97.46853, 92.8549, 93.82394, 2.10305, 2.10305, 2.10305, 1.00, 0.613, 0.50877, 0.613, 0.50877, 0.13825, 0.07484, 0.98757, -46.47549, -62.58674, -76.01369
637, 204, -41.69286, -94.78416, 96.1535, 97.12144, 2.13069, 2.13069, 2.13069, 1.00, 0.66336, 0.47671, 0.66336, 0.47671, 0.17854, 0.2528, 0.9509, -49.82561, -60.84907, -75.32661
638, 205, -41.28863, -95.67937, 94.16193, 95.13053, 0.94464, 0.94464, 0.94464, 1.00, 0.63352, 0.488, 0.63352, 0.488, -0.05547, 0.4578, 0.88732, -47.76489, -61.37215, -75.46766
639, 203, -41.4925, -97.46853, 92.8549, 93.82394, 2.10305, 2.10305, 2.10305, 1.00, 0.613, 0.50877, 0.613, 0.50877, 0.13825, 0.07484, 0.98757, -46.47549, -62.58674, -76.01369
640, 206, -41.89333, -96.54792, 95.74143, 96.70951, 2.01708, 2.01708, 2.01708, 1.00, 0.65619, 0.49774, 0.65619, 0.49774, 0.35294, -0.04589, 0.93452, -49.39957, -62.10187, -75.64043
641, 204, -41.69286, -94.78416, 96.1535, 97.12144, 2.13069, 2.13069, 2.13069, 1.00, 0.66336, 0.47671, 0.66336, 0.47671, 0.17854, 0.2528, 0.9509, -49.82561, -60.84907, -75.32661
642, 207, -39.72281, -96.7301, 92.38344, 93.35263, 0.6398, 0.6398, 0.6398, 1.00, 0.60121, 0.46273, 0.60121, 0.46273, -0.35262, 0.84185, 0.40859, -45.61446, -62.02149, -74.46837
643, 208, -41.28863, -95.67937, 94.16193, 95.13053, 0.71191, 0.71191, 0.71191, 1.00, 0.6264, 0.43644, 0.6264, 0.43644, -0.46216, 0.70728, 0.53494, -47.76489, -61.37215, -75.46766
644, 209, -40.05774, -95.08276, 93.83279, 94.80151, 0.58104, 0.58104, 0.58104, 1.00, 0.62276, 0.45986, 0.62276, 0.45986, -0.54774, 0.74956, 0.37168, -47.16853, -60.91873, -74.39215
645, 207, -39.72281, -96.7301, 92.38344, 93.35263, 0.6398, 0.6398, 0.6398, 1.00, 0.60121, 0.46273, 0.60121, 0.46273, -0.35262, 0.84185, 0.40859, -45.61446, -62.02149, -74.46837
646, 210, -41.4925, -97.46853, 92.8549, 93.82394, 0.68927, 0.68927, 0.68927, 1.00, 0.60648, 0.4294, 0.60648, 0.4294, -0.30678, 0.82591, 0.47303, -46.47549, -62.58674, -76.01369
647, 208, -41.28863, -95.67937, 94.16193, 95.13053, 0.71191, 0.71191, 0.71191, 1.00, 0.6264, 0.43644, 0.6264, 0.43644, -0.46216, 0.70728, 0.53494, -47.76489, -61.37215, -75.46766
648, 211, -37.8046, -95.41763, 95.53276, 96.50091, 0.00, 0.00, 0.00, 1.00, 0.65226, 0.50274, 0.65226, 0.50274, 0.02041, 0.5752, -0.81776, -48.23388, -61.26911, -71.85178
649, 212, -39.00628, -94.14011, 94.29898, 95.26753, 1.2004, 1.2004, 1.2004, 1.00, 0.63415, 0.48306, 0.63415, 0.48306, -0.29424, 0.69162, -0.65961, -47.39907, -60.26472, -73.27731
650, 213, -38.73366, -93.96554, 96.00185, 96.96984, 0.00, 0.00, 0.00, 1.00, 0.65918, 0.48292, 0.65918, 0.48292, 0.24118, 0.45877, -0.85519, -48.98137, -60.2459, -72.58475
651, 211, -37.8046, -95.41763, 95.53276, 96.50091, 0.00, 0.00, 0.00, 1.00, 0.65226, 0.50274, 0.65226, 0.50274, 0.02041, 0.5752, -0.81776, -48.23388, -61.26911, -71.85178
652, 214, -38.18741, -95.66199, 93.0676, 94.03656, 1.2005, 1.2005, 1.2005, 1.00, 0.61603, 0.50288, 0.61603, 0.50288, -0.29407, 0.68007, -0.67159, -45.94069, -61.29031, -72.84318
653, 212, -39.00628, -94.14011, 94.29898, 95.26753, 1.2004, 1.2004, 1.2004, 1.00, 0.63415, 0.48306, 0.63415, 0.48306, -0.29424, 0.69162, -0.65961, -47.39907, -60.26472, -73.27731
654, 215, -38.18741, -95.66199, 93.0676, 94.03656, 0.55024, 0.55024, 0.55024, 1.00, 0.61265, 0.49168, 0.61265, 0.49168, -0.471, 0.82593, 0.30985, -45.94069, -61.29031, -72.84318
655, 209, -40.05774, -95.08276, 93.83279, 94.80151, 0.58104, 0.58104, 0.58104, 1.00, 0.62276, 0.45986, 0.62276, 0.45986, -0.54774, 0.74956, 0.37168, -47.16853, -60.91873, -74.39215
656, 216, -39.00628, -94.14011, 94.29898, 95.26753, 0.51804, 0.51804, 0.51804, 1.00, 0.63066, 0.48026, 0.63066, 0.48026, -0.60691, 0.7339, 0.30504, -47.39907, -60.26472, -73.27731
657, 215, -38.18741, -95.66199, 93.0676, 94.03656, 0.55024, 0.55024, 0.55024, 1.00, 0.61265, 0.49168, 0.61265, 0.49168, -0.471, 0.82593, 0.30985, -45.94069, -61.29031, -72.84318
658, 207, -39.72281, -96.7301, 92.38344, 93.35263, 0.6398, 0.6398, 0.6398, 1.00, 0.60121, 0.46273, 0.60121, 0.46273, -0.35262, 0.84185, 0.40859, -45.61446, -62.02149, -74.46837
659, 209, -40.05774, -95.08276, 93.83279, 94.80151, 0.58104, 0.58104, 0.58104, 1.00, 0.62276, 0.45986, 0.62276, 0.45986, -0.54774, 0.74956, 0.37168, -47.16853, -60.91873, -74.39215
660, 217, -39.78017, -95.77596, 97.70472, 98.67214, 0.00, 0.00, 0.00, 1.00, 0.68234, 0.5018, 0.68234, 0.5018, 0.46925, 0.38865, -0.79294, -50.8028, -61.66636, -73.15079
661, 213, -38.73366, -93.96554, 96.00185, 96.96984, 0.00, 0.00, 0.00, 1.00, 0.65918, 0.48292, 0.65918, 0.48292, 0.24118, 0.45877, -0.85519, -48.98137, -60.2459, -72.58475
662, 218, -40.17024, -94.2075, 97.50578, 98.47327, 0.00, 0.00, 0.00, 1.00, 0.67997, 0.48197, 0.67997, 0.48197, 0.48587, 0.29519, -0.82267, -50.77747, -60.51651, -73.54843
663, 217, -39.78017, -95.77596, 97.70472, 98.67214, 0.00, 0.00, 0.00, 1.00, 0.68234, 0.5018, 0.68234, 0.5018, 0.46925, 0.38865, -0.79294, -50.8028, -61.66636, -73.15079
664, 211, -37.8046, -95.41763, 95.53276, 96.50091, 0.00, 0.00, 0.00, 1.00, 0.65226, 0.50274, 0.65226, 0.50274, 0.02041, 0.5752, -0.81776, -48.23388, -61.26911, -71.85178
665, 213, -38.73366, -93.96554, 96.00185, 96.96984, 0.00, 0.00, 0.00, 1.00, 0.65918, 0.48292, 0.65918, 0.48292, 0.24118, 0.45877, -0.85519, -48.98137, -60.2459, -72.58475
666, 206, -41.89333, -96.54792, 95.74143, 96.70951, 2.01708, 2.01708, 2.01708, 1.00, 0.65619, 0.49774, 0.65619, 0.49774, 0.35294, -0.04589, 0.93452, -49.39957, -62.10187, -75.64043
667, 219, -41.333, -94.52174, 97.52814, 98.49562, 2.00242, 2.00242, 2.00242, 1.00, 0.68422, 0.47557, 0.68422, 0.47557, 0.4776, 0.06014, 0.87651, -51.07363, -60.74577, -74.63522
668, 204, -41.69286, -94.78416, 96.1535, 97.12144, 2.13069, 2.13069, 2.13069, 1.00, 0.66336, 0.47671, 0.66336, 0.47671, 0.17854, 0.2528, 0.9509, -49.82561, -60.84907, -75.32661
669, 206, -41.89333, -96.54792, 95.74143, 96.70951, 2.01708, 2.01708, 2.01708, 1.00, 0.65619, 0.49774, 0.65619, 0.49774, 0.35294, -0.04589, 0.93452, -49.39957, -62.10187, -75.64043
670, 220, -41.38633, -96.21343, 97.733, 98.70041, 1.95797, 1.95797, 1.95797, 1.00, 0.68637, 0.49661, 0.68637, 0.49661, 0.48137, -0.06903, 0.8738, -51.20922, -61.98536, -74.65273
671, 219, -41.333, -94.52174, 97.52814, 98.49562, 2.00242, 2.00242, 2.00242, 1.00, 0.68422, 0.47557, 0.68422, 0.47557, 0.4776, 0.06014, 0.87651, -51.07363, -60.74577, -74.63522
672, 221, -41.38633, -96.21343, 97.733, 98.70041, 1.19615, 1.19615, 1.19615, 1.00, 0.70022, 0.49868, 0.70022, 0.49868, 0.99644, 0.05943, -0.05979, -51.20922, -61.98536, -74.65273
673, 222, -40.17024, -94.2075, 97.50578, 98.47327, 0.00, 0.00, 0.00, 1.00, 0.72368, 0.47984, 0.72368, 0.47984, 0.96521, 0.10306, -0.24029, -50.77747, -60.51651, -73.54843
674, 223, -41.333, -94.52174, 97.52814, 98.49562, 0.00, 0.00, 0.00, 1.00, 0.70521, 0.47975, 0.70521, 0.47975, 0.96503, 0.10215, -0.24143, -51.07363, -60.74577, -74.63522
675, 221, -41.38633, -96.21343, 97.733, 98.70041, 1.19615, 1.19615, 1.19615, 1.00, 0.70022, 0.49868, 0.70022, 0.49868, 0.99644, 0.05943, -0.05979, -51.20922, -61.98536, -74.65273
676, 224, -39.78017, -95.77596, 97.70472, 98.67214, 0.00, 0.00, 0.00, 1.00, 0.72573, 0.49878, 0.72573, 0.49878, 0.95175, 0.20767, -0.22594, -50.8028, -61.66636, -73.15079
677, 222, -40.17024, -94.2075, 97.50578, 98.47327, 0.00, 0.00, 0.00, 1.00, 0.72368, 0.47984, 0.72368, 0.47984, 0.96521, 0.10306, -0.24029, -50.77747, -60.51651, -73.54843
678, 225, -40.66827, -102.65681, 85.42469, 86.39621, 0.85457, 0.85457, 0.85457, 1.00, 0.50024, 0.57157, 0.50024, 0.57157, -0.06594, -0.11544, 0.99112, -38.87486, -65.87854, -77.20207
679, 226, -41.45085, -101.19844, 87.2661, 88.237, 0.90562, 0.90562, 0.90562, 1.00, 0.52788, 0.55185, 0.52788, 0.55185, 0.0983, 0.05863, 0.99343, -40.90969, -64.93761, -77.44705
680, 227, -40.87317, -100.66509, 85.27591, 86.24747, 0.92886, 0.92886, 0.92886, 1.00, 0.4989, 0.54593, 0.4989, 0.54593, 0.01352, 0.12835, 0.99164, -38.87076, -64.42496, -77.40849
681, 225, -40.66827, -102.65681, 85.42469, 86.39621, 0.85457, 0.85457, 0.85457, 1.00, 0.50024, 0.57157, 0.50024, 0.57157, -0.06594, -0.11544, 0.99112, -38.87486, -65.87854, -77.20207
682, 228, -41.34044, -102.62074, 87.3098, 88.28069, 2.02838, 2.02838, 2.02838, 1.00, 0.52788, 0.57, 0.52788, 0.57, 0.15696, -0.1034, 0.98218, -40.86121, -65.97167, -77.34926
683, 226, -41.45085, -101.19844, 87.2661, 88.237, 0.90562, 0.90562, 0.90562, 1.00, 0.52788, 0.55185, 0.52788, 0.55185, 0.0983, 0.05863, 0.99343, -40.90969, -64.93761, -77.44705
684, 226, -41.45085, -101.19844, 87.2661, 88.237, 0.90562, 0.90562, 0.90562, 1.00, 0.52788, 0.55185, 0.52788, 0.55185, 0.0983, 0.05863, 0.99343, -40.90969, -64.93761, -77.44705
685, 228, -41.34044, -102.62074, 87.3098, 88.28069, 2.02838, 2.02838, 2.02838, 1.00, 0.52788, 0.57, 0.52788, 0.57, 0.15696, -0.1034, 0.98218, -40.86121, -65.97167, -77.34926
686, 229, -41.42458, -100.97878, 89.24667, 90.21691, 2.04282, 2.04282, 2.04282, 1.00, 0.58286, 0.55047, 0.58286, 0.55047, 0.26397, -0.00974, 0.96448, -42.82294, -64.90366, -76.91366
687, 229, -41.42458, -100.97878, 89.24667, 90.21691, 2.04282, 2.04282, 2.04282, 1.00, 0.58286, 0.55047, 0.58286, 0.55047, 0.26397, -0.00974, 0.96448, -42.82294, -64.90366, -76.91366
688, 228, -41.34044, -102.62074, 87.3098, 88.28069, 2.02838, 2.02838, 2.02838, 1.00, 0.52788, 0.57, 0.52788, 0.57, 0.15696, -0.1034, 0.98218, -40.86121, -65.97167, -77.34926
689, 230, -41.2932, -102.50124, 89.38274, 90.35293, 1.98808, 1.98808, 1.98808, 1.00, 0.5842, 0.57, 0.5842, 0.57, 0.30226, -0.12139, 0.94546, -42.85387, -66.01619, -76.7738
690, 229, -41.42458, -100.97878, 89.24667, 90.21691, 2.04282, 2.04282, 2.04282, 1.00, 0.58286, 0.55047, 0.58286, 0.55047, 0.26397, -0.00974, 0.96448, -42.82294, -64.90366, -76.91366
691, 230, -41.2932, -102.50124, 89.38274, 90.35293, 1.98808, 1.98808, 1.98808, 1.00, 0.5842, 0.57, 0.5842, 0.57, 0.30226, -0.12139, 0.94546, -42.85387, -66.01619, -76.7738
692, 231, -40.88532, -100.32967, 97.36756, 98.3351, 1.96617, 1.96617, 1.96617, 1.00, 0.67917, 0.54944, 0.67917, 0.54944, 0.32346, -0.18901, 0.92717, -50.54949, -64.94686, -74.32548
693, 231, -40.88532, -100.32967, 97.36756, 98.3351, 1.96617, 1.96617, 1.96617, 1.00, 0.67917, 0.54944, 0.67917, 0.54944, 0.32346, -0.18901, 0.92717, -50.54949, -64.94686, -74.32548
694, 230, -41.2932, -102.50124, 89.38274, 90.35293, 1.98808, 1.98808, 1.98808, 1.00, 0.5842, 0.57, 0.5842, 0.57, 0.30226, -0.12139, 0.94546, -42.85387, -66.01619, -76.7738
695, 232, -40.70094, -101.92622, 97.59363, 98.56108, 1.9887, 1.9887, 1.9887, 1.00, 0.68185, 0.57014, 0.68185, 0.57014, 0.31795, -0.1418, 0.93744, -50.65077, -66.11879, -74.11385
696, 233, -40.88532, -100.32967, 97.36756, 98.3351, 1.58451, 1.58451, 1.58451, 1.00, 0.69902, 0.55084, 0.69902, 0.55084, 0.85866, -0.13225, 0.49518, -50.54949, -64.94686, -74.32548
697, 234, -40.70094, -101.92622, 97.59363, 98.56108, 1.5882, 1.5882, 1.5882, 1.00, 0.69837, 0.57075, 0.69837, 0.57075, 0.8749, -0.07051, 0.47914, -50.65077, -66.11879, -74.11385
698, 235, -39.63379, -99.54056, 98.6314, 99.59851, 1.30065, 1.30065, 1.30065, 1.00, 0.71007, 0.54633, 0.71007, 0.54633, 0.99214, 0.02176, 0.12325, -51.49278, -64.45466, -72.82124
699, 234, -40.70094, -101.92622, 97.59363, 98.56108, 1.5882, 1.5882, 1.5882, 1.00, 0.69837, 0.57075, 0.69837, 0.57075, 0.8749, -0.07051, 0.47914, -50.65077, -66.11879, -74.11385
700, 236, -39.40183, -101.50825, 98.68822, 99.65532, 1.19772, 1.19772, 1.19772, 1.00, 0.70942, 0.57075, 0.70942, 0.57075, 0.99664, -0.05388, -0.06166, -51.40255, -65.88499, -72.61269
701, 235, -39.63379, -99.54056, 98.6314, 99.59851, 1.30065, 1.30065, 1.30065, 1.00, 0.71007, 0.54633, 0.71007, 0.54633, 0.99214, 0.02176, 0.12325, -51.49278, -64.45466, -72.82124
702, 237, -36.37646, -99.7996, 86.98534, 87.95634, 1.19813, 1.19813, 1.19813, 1.00, 0.52674, 0.55375, 0.52674, 0.55375, -0.58006, 0.50096, -0.64231, -39.44181, -63.90557, -72.75069
703, 238, -36.90774, -101.44023, 86.25699, 87.22823, 1.19559, 1.19559, 1.19559, 1.00, 0.51498, 0.57085, 0.51498, 0.57085, -0.86366, 0.20214, -0.46176, -38.79832, -65.04908, -73.45367
704, 239, -37.32815, -99.50794, 86.12013, 87.09142, 1.19578, 1.19578, 1.19578, 1.00, 0.51367, 0.54669, 0.51367, 0.54669, -0.67865, 0.54746, -0.48962, -38.85657, -63.63935, -73.85955
705, 240, -36.05054, -101.1625, 87.01712, 87.98811, 1.19801, 1.19801, 1.19801, 1.00, 0.52674, 0.57085, 0.52674, 0.57085, -0.51521, 0.29636, -0.8042, -39.33098, -64.8958, -72.45344
706, 238, -36.90774, -101.44023, 86.25699, 87.22823, 1.19559, 1.19559, 1.19559, 1.00, 0.51498, 0.57085, 0.51498, 0.57085, -0.86366, 0.20214, -0.46176, -38.79832, -65.04908, -73.45367
707, 237, -36.37646, -99.7996, 86.98534, 87.95634, 1.19813, 1.19813, 1.19813, 1.00, 0.52674, 0.55375, 0.52674, 0.55375, -0.58006, 0.50096, -0.64231, -39.44181, -63.90557, -72.75069
708, 240, -36.05054, -101.1625, 87.01712, 87.98811, 1.19801, 1.19801, 1.19801, 1.00, 0.52674, 0.57085, 0.52674, 0.57085, -0.51521, 0.29636, -0.8042, -39.33098, -64.8958, -72.45344
709, 237, -36.37646, -99.7996, 86.98534, 87.95634, 1.19813, 1.19813, 1.19813, 1.00, 0.52674, 0.55375, 0.52674, 0.55375, -0.58006, 0.50096, -0.64231, -39.44181, -63.90557, -72.75069
710, 241, -36.24854, -99.5016, 89.9409, 90.91091, 1.2004, 1.2004, 1.2004, 1.00, 0.5947, 0.55245, 0.5947, 0.55245, -0.2462, 0.48673, -0.83814, -42.27355, -63.87651, -71.872
711, 240, -36.05054, -101.1625, 87.01712, 87.98811, 1.19801, 1.19801, 1.19801, 1.00, 0.52674, 0.57085, 0.52674, 0.57085, -0.51521, 0.29636, -0.8042, -39.33098, -64.8958, -72.45344
712, 241, -36.24854, -99.5016, 89.9409, 90.91091, 1.2004, 1.2004, 1.2004, 1.00, 0.5947, 0.55245, 0.5947, 0.55245, -0.2462, 0.48673, -0.83814, -42.27355, -63.87651, -71.872
713, 242, -35.90164, -100.96465, 90.06504, 91.035, 1.20032, 1.20032, 1.20032, 1.00, 0.59601, 0.57085, 0.59601, 0.57085, -0.19689, 0.29427, -0.93522, -42.24214, -64.94521, -71.53268
714, 242, -35.90164, -100.96465, 90.06504, 91.035, 1.20032, 1.20032, 1.20032, 1.00, 0.59601, 0.57085, 0.59601, 0.57085, -0.19689, 0.29427, -0.93522, -42.24214, -64.94521, -71.53268
715, 241, -36.24854, -99.5016, 89.9409, 90.91091, 1.2004, 1.2004, 1.2004, 1.00, 0.5947, 0.55245, 0.5947, 0.55245, -0.2462, 0.48673, -0.83814, -42.27355, -63.87651, -71.872
716, 243, -36.88589, -99.22717, 97.14629, 98.11389, 0.00, 0.00, 0.00, 1.00, 0.67443, 0.55148, 0.67443, 0.55148, 0.02143, 0.34518, -0.93829, -49.39256, -64.13345, -70.62399
717, 242, -35.90164, -100.96465, 90.06504, 91.035, 1.20032, 1.20032, 1.20032, 1.00, 0.59601, 0.57085, 0.59601, 0.57085, -0.19689, 0.29427, -0.93522, -42.24214, -64.94521, -71.53268
718, 243, -36.88589, -99.22717, 97.14629, 98.11389, 0.00, 0.00, 0.00, 1.00, 0.67443, 0.55148, 0.67443, 0.55148, 0.02143, 0.34518, -0.93829, -49.39256, -64.13345, -70.62399
719, 244, -36.55524, -100.78338, 97.36426, 98.33179, 0.00, 0.00, 0.00, 1.00, 0.67705, 0.57098, 0.67705, 0.57098, 0.17745, 0.26052, -0.94902, -49.45153, -65.27563, -70.27699
720, 244, -36.55524, -100.78338, 97.36426, 98.33179, 0.00, 0.00, 0.00, 1.00, 0.67705, 0.57098, 0.67705, 0.57098, 0.17745, 0.26052, -0.94902, -49.45153, -65.27563, -70.27699
721, 243, -36.88589, -99.22717, 97.14629, 98.11389, 0.00, 0.00, 0.00, 1.00, 0.67443, 0.55148, 0.67443, 0.55148, 0.02143, 0.34518, -0.93829, -49.39256, -64.13345, -70.62399
722, 245, -37.8274, -99.04259, 98.53146, 99.4986, 0.00, 0.00, 0.00, 1.00, 0.69404, 0.54707, 0.69404, 0.54707, 0.34936, 0.3923, -0.85091, -50.97024, -64.08727, -71.14941
723, 246, -37.44916, -100.96996, 98.58018, 99.54732, 0.00, 0.00, 0.00, 1.00, 0.69404, 0.57098, 0.69404, 0.57098, 0.37486, 0.18747, -0.90793, -50.83769, -65.48785, -70.80549
724, 244, -36.55524, -100.78338, 97.36426, 98.33179, 0.00, 0.00, 0.00, 1.00, 0.67705, 0.57098, 0.67705, 0.57098, 0.17745, 0.26052, -0.94902, -49.45153, -65.27563, -70.27699
725, 245, -37.8274, -99.04259, 98.53146, 99.4986, 0.00, 0.00, 0.00, 1.00, 0.69404, 0.54707, 0.69404, 0.54707, 0.34936, 0.3923, -0.85091, -50.97024, -64.08727, -71.14941
726, 235, -39.63379, -99.54056, 98.6314, 99.59851, 1.30065, 1.30065, 1.30065, 1.00, 0.71007, 0.54633, 0.71007, 0.54633, 0.99214, 0.02176, 0.12325, -51.49278, -64.45466, -72.82124
727, 236, -39.40183, -101.50825, 98.68822, 99.65532, 1.19772, 1.19772, 1.19772, 1.00, 0.70942, 0.57075, 0.70942, 0.57075, 0.99664, -0.05388, -0.06166, -51.40255, -65.88499, -72.61269
728, 247, -37.8274, -99.04259, 98.53146, 99.4986, 0.00, 0.00, 0.00, 1.00, 0.72613, 0.54633, 0.72613, 0.54633, 0.95633, 0.07644, -0.28211, -50.97024, -64.08727, -71.14941
729, 236, -39.40183, -101.50825, 98.68822, 99.65532, 1.19772, 1.19772, 1.19772, 1.00, 0.70942, 0.57075, 0.70942, 0.57075, 0.99664, -0.05388, -0.06166, -51.40255, -65.88499, -72.61269
730, 248, -37.44916, -100.96996, 98.58018, 99.54732, 0.00, 0.00, 0.00, 1.00, 0.72678, 0.57075, 0.72678, 0.57075, 0.95332, -0.01618, -0.30152, -50.83769, -65.48785, -70.80549
731, 247, -37.8274, -99.04259, 98.53146, 99.4986, 0.00, 0.00, 0.00, 1.00, 0.72613, 0.54633, 0.72613, 0.54633, 0.95633, 0.07644, -0.28211, -50.97024, -64.08727, -71.14941
732, 249, -40.66827, -102.65681, 85.42469, 86.39621, 1.24482, 1.24482, 1.24482, 1.00, 0.55825, 0.52848, 0.55825, 0.52848, -0.99977, 0.01501, 0.01552, -38.87486, -65.87854, -77.20207
733, 250, -40.87317, -100.66509, 85.27591, 86.24747, 1.22888, 1.22888, 1.22888, 1.00, 0.55657, 0.50775, 0.55657, 0.50775, -0.99999, -0.00328, 0.00327, -38.87076, -64.42496, -77.40849
734, 251, -37.32815, -99.50794, 86.12013, 87.09142, 1.25479, 1.25479, 1.25479, 1.00, 0.50171, 0.50648, 0.50171, 0.50648, -0.99977, 0.01501, 0.01552, -38.85657, -63.63935, -73.85955
735, 249, -40.66827, -102.65681, 85.42469, 86.39621, 1.24482, 1.24482, 1.24482, 1.00, 0.55825, 0.52848, 0.55825, 0.52848, -0.99977, 0.01501, 0.01552, -38.87486, -65.87854, -77.20207
736, 251, -37.32815, -99.50794, 86.12013, 87.09142, 1.25479, 1.25479, 1.25479, 1.00, 0.50171, 0.50648, 0.50171, 0.50648, -0.99977, 0.01501, 0.01552, -38.85657, -63.63935, -73.85955
737, 252, -36.90774, -101.44023, 86.25699, 87.22823, 1.27148, 1.27148, 1.27148, 1.00, 0.50002, 0.5272, 0.50002, 0.5272, -0.99906, 0.03329, 0.02776, -38.79832, -65.04908, -73.45367
738, 253, -40.87317, -100.66509, 85.27591, 86.24747, 0.52604, 0.52604, 0.52604, 1.00, 0.49574, 0.43934, 0.49574, 0.43934, -0.24901, 0.93479, 0.25331, -38.87076, -64.42496, -77.40849
739, 254, -41.11897, -99.27757, 88.54892, 89.51939, 1.78658, 1.78658, 1.78658, 1.00, 0.55726, 0.43544, 0.55726, 0.43544, -0.17898, 0.92316, 0.34021, -42.14983, -63.62599, -76.78577
740, 255, -37.53745, -98.10079, 88.34427, 89.31481, 0.56365, 0.56365, 0.56365, 1.00, 0.55726, 0.50127, 0.55726, 0.50127, -0.23702, 0.92566, 0.29491, -41.11595, -62.75978, -73.4705
741, 253, -40.87317, -100.66509, 85.27591, 86.24747, 0.52604, 0.52604, 0.52604, 1.00, 0.49574, 0.43934, 0.49574, 0.43934, -0.24901, 0.93479, 0.25331, -38.87076, -64.42496, -77.40849
742, 255, -37.53745, -98.10079, 88.34427, 89.31481, 0.56365, 0.56365, 0.56365, 1.00, 0.55726, 0.50127, 0.55726, 0.50127, -0.23702, 0.92566, 0.29491, -41.11595, -62.75978, -73.4705
743, 256, -37.32815, -99.50794, 86.12013, 87.09142, 0.48699, 0.48699, 0.48699, 1.00, 0.51087, 0.5034, 0.51087, 0.5034, -0.32406, 0.9234, 0.20571, -38.85657, -63.63935, -73.85955
744, 255, -37.53745, -98.10079, 88.34427, 89.31481, 0.56365, 0.56365, 0.56365, 1.00, 0.55726, 0.50127, 0.55726, 0.50127, -0.23702, 0.92566, 0.29491, -41.11595, -62.75978, -73.4705
745, 207, -39.72281, -96.7301, 92.38344, 93.35263, 0.6398, 0.6398, 0.6398, 1.00, 0.60121, 0.46273, 0.60121, 0.46273, -0.35262, 0.84185, 0.40859, -45.61446, -62.02149, -74.46837
746, 215, -38.18741, -95.66199, 93.0676, 94.03656, 0.55024, 0.55024, 0.55024, 1.00, 0.61265, 0.49168, 0.61265, 0.49168, -0.471, 0.82593, 0.30985, -45.94069, -61.29031, -72.84318
747, 207, -39.72281, -96.7301, 92.38344, 93.35263, 0.6398, 0.6398, 0.6398, 1.00, 0.60121, 0.46273, 0.60121, 0.46273, -0.35262, 0.84185, 0.40859, -45.61446, -62.02149, -74.46837
748, 255, -37.53745, -98.10079, 88.34427, 89.31481, 0.56365, 0.56365, 0.56365, 1.00, 0.55726, 0.50127, 0.55726, 0.50127, -0.23702, 0.92566, 0.29491, -41.11595, -62.75978, -73.4705
749, 254, -41.11897, -99.27757, 88.54892, 89.51939, 1.78658, 1.78658, 1.78658, 1.00, 0.55726, 0.43544, 0.55726, 0.43544, -0.17898, 0.92316, 0.34021, -42.14983, -63.62599, -76.78577
750, 207, -39.72281, -96.7301, 92.38344, 93.35263, 0.6398, 0.6398, 0.6398, 1.00, 0.60121, 0.46273, 0.60121, 0.46273, -0.35262, 0.84185, 0.40859, -45.61446, -62.02149, -74.46837
751, 254, -41.11897, -99.27757, 88.54892, 89.51939, 1.78658, 1.78658, 1.78658, 1.00, 0.55726, 0.43544, 0.55726, 0.43544, -0.17898, 0.92316, 0.34021, -42.14983, -63.62599, -76.78577
752, 210, -41.4925, -97.46853, 92.8549, 93.82394, 0.68927, 0.68927, 0.68927, 1.00, 0.60648, 0.4294, 0.60648, 0.4294, -0.30678, 0.82591, 0.47303, -46.47549, -62.58674, -76.01369
753, 239, -37.32815, -99.50794, 86.12013, 87.09142, 1.19578, 1.19578, 1.19578, 1.00, 0.51367, 0.54669, 0.51367, 0.54669, -0.67865, 0.54746, -0.48962, -38.85657, -63.63935, -73.85955
754, 257, -37.53745, -98.10079, 88.34427, 89.31481, 1.19756, 1.19756, 1.19756, 1.00, 0.56032, 0.53081, 0.56032, 0.53081, -0.3025, 0.74952, -0.58882, -41.11595, -62.75978, -73.4705
755, 237, -36.37646, -99.7996, 86.98534, 87.95634, 1.19813, 1.19813, 1.19813, 1.00, 0.52674, 0.55375, 0.52674, 0.55375, -0.58006, 0.50096, -0.64231, -39.44181, -63.90557, -72.75069
756, 237, -36.37646, -99.7996, 86.98534, 87.95634, 1.19813, 1.19813, 1.19813, 1.00, 0.52674, 0.55375, 0.52674, 0.55375, -0.58006, 0.50096, -0.64231, -39.44181, -63.90557, -72.75069
757, 257, -37.53745, -98.10079, 88.34427, 89.31481, 1.19756, 1.19756, 1.19756, 1.00, 0.56032, 0.53081, 0.56032, 0.53081, -0.3025, 0.74952, -0.58882, -41.11595, -62.75978, -73.4705
758, 241, -36.24854, -99.5016, 89.9409, 90.91091, 1.2004, 1.2004, 1.2004, 1.00, 0.5947, 0.55245, 0.5947, 0.55245, -0.2462, 0.48673, -0.83814, -42.27355, -63.87651, -71.872
759, 241, -36.24854, -99.5016, 89.9409, 90.91091, 1.2004, 1.2004, 1.2004, 1.00, 0.5947, 0.55245, 0.5947, 0.55245, -0.2462, 0.48673, -0.83814, -42.27355, -63.87651, -71.872
760, 257, -37.53745, -98.10079, 88.34427, 89.31481, 1.19756, 1.19756, 1.19756, 1.00, 0.56032, 0.53081, 0.56032, 0.53081, -0.3025, 0.74952, -0.58882, -41.11595, -62.75978, -73.4705
761, 214, -38.18741, -95.66199, 93.0676, 94.03656, 1.2005, 1.2005, 1.2005, 1.00, 0.61603, 0.50288, 0.61603, 0.50288, -0.29407, 0.68007, -0.67159, -45.94069, -61.29031, -72.84318
762, 241, -36.24854, -99.5016, 89.9409, 90.91091, 1.2004, 1.2004, 1.2004, 1.00, 0.5947, 0.55245, 0.5947, 0.55245, -0.2462, 0.48673, -0.83814, -42.27355, -63.87651, -71.872
763, 214, -38.18741, -95.66199, 93.0676, 94.03656, 1.2005, 1.2005, 1.2005, 1.00, 0.61603, 0.50288, 0.61603, 0.50288, -0.29407, 0.68007, -0.67159, -45.94069, -61.29031, -72.84318
764, 211, -37.8046, -95.41763, 95.53276, 96.50091, 0.00, 0.00, 0.00, 1.00, 0.65226, 0.50274, 0.65226, 0.50274, 0.02041, 0.5752, -0.81776, -48.23388, -61.26911, -71.85178
765, 241, -36.24854, -99.5016, 89.9409, 90.91091, 1.2004, 1.2004, 1.2004, 1.00, 0.5947, 0.55245, 0.5947, 0.55245, -0.2462, 0.48673, -0.83814, -42.27355, -63.87651, -71.872
766, 211, -37.8046, -95.41763, 95.53276, 96.50091, 0.00, 0.00, 0.00, 1.00, 0.65226, 0.50274, 0.65226, 0.50274, 0.02041, 0.5752, -0.81776, -48.23388, -61.26911, -71.85178
767, 243, -36.88589, -99.22717, 97.14629, 98.11389, 0.00, 0.00, 0.00, 1.00, 0.67443, 0.55148, 0.67443, 0.55148, 0.02143, 0.34518, -0.93829, -49.39256, -64.13345, -70.62399
768, 226, -41.45085, -101.19844, 87.2661, 88.237, 0.90562, 0.90562, 0.90562, 1.00, 0.52788, 0.55185, 0.52788, 0.55185, 0.0983, 0.05863, 0.99343, -40.90969, -64.93761, -77.44705
769, 258, -41.11897, -99.27757, 88.54892, 89.51939, 2.12154, 2.12154, 2.12154, 1.00, 0.56228, 0.52987, 0.56228, 0.52987, 0.15833, 0.2637, 0.95152, -42.14983, -63.62599, -76.78577
770, 227, -40.87317, -100.66509, 85.27591, 86.24747, 0.92886, 0.92886, 0.92886, 1.00, 0.4989, 0.54593, 0.4989, 0.54593, 0.01352, 0.12835, 0.99164, -38.87076, -64.42496, -77.40849
771, 226, -41.45085, -101.19844, 87.2661, 88.237, 0.90562, 0.90562, 0.90562, 1.00, 0.52788, 0.55185, 0.52788, 0.55185, 0.0983, 0.05863, 0.99343, -40.90969, -64.93761, -77.44705
772, 229, -41.42458, -100.97878, 89.24667, 90.21691, 2.04282, 2.04282, 2.04282, 1.00, 0.58286, 0.55047, 0.58286, 0.55047, 0.26397, -0.00974, 0.96448, -42.82294, -64.90366, -76.91366
773, 258, -41.11897, -99.27757, 88.54892, 89.51939, 2.12154, 2.12154, 2.12154, 1.00, 0.56228, 0.52987, 0.56228, 0.52987, 0.15833, 0.2637, 0.95152, -42.14983, -63.62599, -76.78577
774, 229, -41.42458, -100.97878, 89.24667, 90.21691, 2.04282, 2.04282, 2.04282, 1.00, 0.58286, 0.55047, 0.58286, 0.55047, 0.26397, -0.00974, 0.96448, -42.82294, -64.90366, -76.91366
775, 203, -41.4925, -97.46853, 92.8549, 93.82394, 2.10305, 2.10305, 2.10305, 1.00, 0.613, 0.50877, 0.613, 0.50877, 0.13825, 0.07484, 0.98757, -46.47549, -62.58674, -76.01369
776, 258, -41.11897, -99.27757, 88.54892, 89.51939, 2.12154, 2.12154, 2.12154, 1.00, 0.56228, 0.52987, 0.56228, 0.52987, 0.15833, 0.2637, 0.95152, -42.14983, -63.62599, -76.78577
777, 229, -41.42458, -100.97878, 89.24667, 90.21691, 2.04282, 2.04282, 2.04282, 1.00, 0.58286, 0.55047, 0.58286, 0.55047, 0.26397, -0.00974, 0.96448, -42.82294, -64.90366, -76.91366
778, 231, -40.88532, -100.32967, 97.36756, 98.3351, 1.96617, 1.96617, 1.96617, 1.00, 0.67917, 0.54944, 0.67917, 0.54944, 0.32346, -0.18901, 0.92717, -50.54949, -64.94686, -74.32548
779, 203, -41.4925, -97.46853, 92.8549, 93.82394, 2.10305, 2.10305, 2.10305, 1.00, 0.613, 0.50877, 0.613, 0.50877, 0.13825, 0.07484, 0.98757, -46.47549, -62.58674, -76.01369
780, 231, -40.88532, -100.32967, 97.36756, 98.3351, 1.96617, 1.96617, 1.96617, 1.00, 0.67917, 0.54944, 0.67917, 0.54944, 0.32346, -0.18901, 0.92717, -50.54949, -64.94686, -74.32548
781, 206, -41.89333, -96.54792, 95.74143, 96.70951, 2.01708, 2.01708, 2.01708, 1.00, 0.65619, 0.49774, 0.65619, 0.49774, 0.35294, -0.04589, 0.93452, -49.39957, -62.10187, -75.64043
782, 203, -41.4925, -97.46853, 92.8549, 93.82394, 2.10305, 2.10305, 2.10305, 1.00, 0.613, 0.50877, 0.613, 0.50877, 0.13825, 0.07484, 0.98757, -46.47549, -62.58674, -76.01369
783, 231, -40.88532, -100.32967, 97.36756, 98.3351, 1.96617, 1.96617, 1.96617, 1.00, 0.67917, 0.54944, 0.67917, 0.54944, 0.32346, -0.18901, 0.92717, -50.54949, -64.94686, -74.32548
784, 220, -41.38633, -96.21343, 97.733, 98.70041, 1.95797, 1.95797, 1.95797, 1.00, 0.68637, 0.49661, 0.68637, 0.49661, 0.48137, -0.06903, 0.8738, -51.20922, -61.98536, -74.65273
785, 206, -41.89333, -96.54792, 95.74143, 96.70951, 2.01708, 2.01708, 2.01708, 1.00, 0.65619, 0.49774, 0.65619, 0.49774, 0.35294, -0.04589, 0.93452, -49.39957, -62.10187, -75.64043
786, 233, -40.88532, -100.32967, 97.36756, 98.3351, 1.58451, 1.58451, 1.58451, 1.00, 0.69902, 0.55084, 0.69902, 0.55084, 0.85866, -0.13225, 0.49518, -50.54949, -64.94686, -74.32548
787, 235, -39.63379, -99.54056, 98.6314, 99.59851, 1.30065, 1.30065, 1.30065, 1.00, 0.71007, 0.54633, 0.71007, 0.54633, 0.99214, 0.02176, 0.12325, -51.49278, -64.45466, -72.82124
788, 221, -41.38633, -96.21343, 97.733, 98.70041, 1.19615, 1.19615, 1.19615, 1.00, 0.70022, 0.49868, 0.70022, 0.49868, 0.99644, 0.05943, -0.05979, -51.20922, -61.98536, -74.65273
789, 245, -37.8274, -99.04259, 98.53146, 99.4986, 0.00, 0.00, 0.00, 1.00, 0.69404, 0.54707, 0.69404, 0.54707, 0.34936, 0.3923, -0.85091, -50.97024, -64.08727, -71.14941
790, 243, -36.88589, -99.22717, 97.14629, 98.11389, 0.00, 0.00, 0.00, 1.00, 0.67443, 0.55148, 0.67443, 0.55148, 0.02143, 0.34518, -0.93829, -49.39256, -64.13345, -70.62399
791, 211, -37.8046, -95.41763, 95.53276, 96.50091, 0.00, 0.00, 0.00, 1.00, 0.65226, 0.50274, 0.65226, 0.50274, 0.02041, 0.5752, -0.81776, -48.23388, -61.26911, -71.85178
792, 245, -37.8274, -99.04259, 98.53146, 99.4986, 0.00, 0.00, 0.00, 1.00, 0.69404, 0.54707, 0.69404, 0.54707, 0.34936, 0.3923, -0.85091, -50.97024, -64.08727, -71.14941
793, 211, -37.8046, -95.41763, 95.53276, 96.50091, 0.00, 0.00, 0.00, 1.00, 0.65226, 0.50274, 0.65226, 0.50274, 0.02041, 0.5752, -0.81776, -48.23388, -61.26911, -71.85178
794, 217, -39.78017, -95.77596, 97.70472, 98.67214, 0.00, 0.00, 0.00, 1.00, 0.68234, 0.5018, 0.68234, 0.5018, 0.46925, 0.38865, -0.79294, -50.8028, -61.66636, -73.15079
795, 224, -39.78017, -95.77596, 97.70472, 98.67214, 0.00, 0.00, 0.00, 1.00, 0.72573, 0.49878, 0.72573, 0.49878, 0.95175, 0.20767, -0.22594, -50.8028, -61.66636, -73.15079
796, 235, -39.63379, -99.54056, 98.6314, 99.59851, 1.30065, 1.30065, 1.30065, 1.00, 0.71007, 0.54633, 0.71007, 0.54633, 0.99214, 0.02176, 0.12325, -51.49278, -64.45466, -72.82124
797, 247, -37.8274, -99.04259, 98.53146, 99.4986, 0.00, 0.00, 0.00, 1.00, 0.72613, 0.54633, 0.72613, 0.54633, 0.95633, 0.07644, -0.28211, -50.97024, -64.08727, -71.14941
798, 235, -39.63379, -99.54056, 98.6314, 99.59851, 1.30065, 1.30065, 1.30065, 1.00, 0.71007, 0.54633, 0.71007, 0.54633, 0.99214, 0.02176, 0.12325, -51.49278, -64.45466, -72.82124
799, 224, -39.78017, -95.77596, 97.70472, 98.67214, 0.00, 0.00, 0.00, 1.00, 0.72573, 0.49878, 0.72573, 0.49878, 0.95175, 0.20767, -0.22594, -50.8028, -61.66636, -73.15079
800, 221, -41.38633, -96.21343, 97.733, 98.70041, 1.19615, 1.19615, 1.19615, 1.00, 0.70022, 0.49868, 0.70022, 0.49868, 0.99644, 0.05943, -0.05979, -51.20922, -61.98536, -74.65273
801, 259, -54.10324, 1.61954, 103.26821, 104.23377, 1.21811, 1.21811, 1.21811, 1.00, 0.33854, 0.04987, 0.33854, 0.04987, -0.94436, -0.28612, -0.16224, -64.05213, 8.60168, -83.99347
802, 260, -52.81685, 4.912, 104.03376, 104.99907, 1.22268, 1.22268, 1.22268, 1.00, 0.35388, 0.02254, 0.35388, 0.02254, -0.94147, 0.02053, -0.33647, -64.61752, 10.94057, -82.55444
803, 261, -52.04442, 3.85865, 104.578, 105.54312, 1.22439, 1.22439, 1.22439, 1.00, 0.36012, 0.04638, 0.36012, 0.04638, -0.93592, -0.00587, -0.35217, -64.90384, 10.14236, -81.70445
804, 262, -52.81685, 4.912, 104.03376, 104.99907, 1.22268, 1.22268, 1.22268, 1.00, 0.3538, 0.02288, 0.3538, 0.02288, -0.76187, 0.32396, -0.56089, -64.61752, 10.94057, -82.55444
805, 263, -52.11038, 7.89646, 105.8713, 106.836, 1.22642, 1.22642, 1.22642, 1.00, 0.40394, 0.00465, 0.40394, 0.00465, -0.5114, 0.51194, -0.69021, -66.34692, 12.98828, -81.3881
806, 264, -52.04442, 3.85865, 104.578, 105.54312, 1.22439, 1.22439, 1.22439, 1.00, 0.36004, 0.04671, 0.36004, 0.04671, -0.73844, 0.2772, -0.61471, -64.90384, 10.14236, -81.70445
807, 265, -54.8699, -2.73703, 105.5601, 106.52489, 0.16473, 0.16473, 0.16473, 1.00, 0.32881, 0.12721, 0.32881, 0.12721, -0.75578, -0.58384, 0.29651, -66.25895, 5.29778, -84.17692
808, 266, -55.22901, 1.01403, 103.83143, 104.79681, 0.25322, 0.25322, 0.25322, 1.00, 0.33048, 0.05465, 0.33048, 0.05465, -0.73234, -0.56541, 0.37946, -64.84775, 8.127, -84.91082
809, 259, -54.10324, 1.61954, 103.26821, 104.23377, 1.21811, 1.21811, 1.21811, 1.00, 0.33854, 0.04987, 0.33854, 0.04987, -0.94436, -0.28612, -0.16224, -64.05213, 8.60168, -83.99347
810, 265, -54.8699, -2.73703, 105.5601, 106.52489, 0.16473, 0.16473, 0.16473, 1.00, 0.32881, 0.12721, 0.32881, 0.12721, -0.75578, -0.58384, 0.29651, -66.25895, 5.29778, -84.17692
811, 259, -54.10324, 1.61954, 103.26821, 104.23377, 1.21811, 1.21811, 1.21811, 1.00, 0.33854, 0.04987, 0.33854, 0.04987, -0.94436, -0.28612, -0.16224, -64.05213, 8.60168, -83.99347
812, 267, -51.47896, 0.06596, 106.38657, 107.35109, 1.22534, 1.22534, 1.22534, 1.00, 0.36494, 0.10422, 0.36494, 0.10422, -0.84531, -0.31464, -0.43179, -66.33904, 7.27789, -80.7574
813, 267, -51.47896, 0.06596, 106.38657, 107.35109, 1.22534, 1.22534, 1.22534, 1.00, 0.36494, 0.10422, 0.36494, 0.10422, -0.84531, -0.31464, -0.43179, -66.33904, 7.27789, -80.7574
814, 259, -54.10324, 1.61954, 103.26821, 104.23377, 1.21811, 1.21811, 1.21811, 1.00, 0.33854, 0.04987, 0.33854, 0.04987, -0.94436, -0.28612, -0.16224, -64.05213, 8.60168, -83.99347
815, 261, -52.04442, 3.85865, 104.578, 105.54312, 1.22439, 1.22439, 1.22439, 1.00, 0.36012, 0.04638, 0.36012, 0.04638, -0.93592, -0.00587, -0.35217, -64.90384, 10.14236, -81.70445
816, 264, -52.04442, 3.85865, 104.578, 105.54312, 1.22439, 1.22439, 1.22439, 1.00, 0.36004, 0.04671, 0.36004, 0.04671, -0.73844, 0.2772, -0.61471, -64.90384, 10.14236, -81.70445
817, 263, -52.11038, 7.89646, 105.8713, 106.836, 1.22642, 1.22642, 1.22642, 1.00, 0.40394, 0.00465, 0.40394, 0.00465, -0.5114, 0.51194, -0.69021, -66.34692, 12.98828, -81.3881
818, 268, -50.7044, 3.70698, 108.76604, 109.72977, 0.00, 0.00, 0.00, 1.00, 0.40507, 0.07599, 0.40507, 0.07599, -0.11334, 0.43453, -0.8935, -68.60336, 9.76738, -79.38106
819, 264, -52.04442, 3.85865, 104.578, 105.54312, 1.22439, 1.22439, 1.22439, 1.00, 0.36004, 0.04671, 0.36004, 0.04671, -0.73844, 0.2772, -0.61471, -64.90384, 10.14236, -81.70445
820, 268, -50.7044, 3.70698, 108.76604, 109.72977, 0.00, 0.00, 0.00, 1.00, 0.40507, 0.07599, 0.40507, 0.07599, -0.11334, 0.43453, -0.8935, -68.60336, 9.76738, -79.38106
821, 269, -51.47896, 0.06596, 106.38657, 107.35109, 1.22534, 1.22534, 1.22534, 1.00, 0.36486, 0.10456, 0.36486, 0.10456, -0.59052, 0.09397, -0.80153, -66.33904, 7.27789, -80.7574
822, 268, -50.7044, 3.70698, 108.76604, 109.72977, 0.00, 0.00, 0.00, 1.00, 0.40507, 0.07599, 0.40507, 0.07599, -0.11334, 0.43453, -0.8935, -68.60336, 9.76738, -79.38106
823, 263, -52.11038, 7.89646, 105.8713, 106.836, 1.22642, 1.22642, 1.22642, 1.00, 0.40394, 0.00465, 0.40394, 0.00465, -0.5114, 0.51194, -0.69021, -66.34692, 12.98828, -81.3881
824, 270, -53.26635, 8.52646, 107.26985, 108.23409, 0.00, 0.00, 0.00, 1.00, 0.42678, 0.00025, 0.42678, 0.00025, 0.36075, 0.73227, -0.57761, -68.01053, 13.35659, -82.10567
825, 268, -50.7044, 3.70698, 108.76604, 109.72977, 0.00, 0.00, 0.00, 1.00, 0.40507, 0.07599, 0.40507, 0.07599, -0.11334, 0.43453, -0.8935, -68.60336, 9.76738, -79.38106
826, 270, -53.26635, 8.52646, 107.26985, 108.23409, 0.00, 0.00, 0.00, 1.00, 0.42678, 0.00025, 0.42678, 0.00025, 0.36075, 0.73227, -0.57761, -68.01053, 13.35659, -82.10567
827, 271, -54.37402, 5.13276, 110.45569, 111.41886, 0.00, 0.00, 0.00, 1.00, 0.43519, 0.06053, 0.43519, 0.06053, 0.73787, 0.61136, -0.28599, -71.20688, 10.69427, -82.36862
828, 271, -54.37402, 5.13276, 110.45569, 111.41886, 0.00, 0.00, 0.00, 1.00, 0.43519, 0.06053, 0.43519, 0.06053, 0.73787, 0.61136, -0.28599, -71.20688, 10.69427, -82.36862
829, 270, -53.26635, 8.52646, 107.26985, 108.23409, 0.00, 0.00, 0.00, 1.00, 0.42678, 0.00025, 0.42678, 0.00025, 0.36075, 0.73227, -0.57761, -68.01053, 13.35659, -82.10567
830, 272, -54.64425, 8.37034, 108.05073, 109.01469, 1.22195, 1.22195, 1.22195, 1.00, 0.439, -0.00075, 0.439, -0.00075, 0.64519, 0.71265, -0.27542, -69.09859, 13.19398, -83.1982
831, 273, -55.86145, 0.13088, 101.97604, 102.94204, 1.21285, 1.21285, 1.21285, 1.00, 0.39733, 0.41452, 0.39733, 0.41452, -0.49901, -0.85692, 0.1291, -63.17617, 7.60404, -85.98764
832, 274, -54.88405, 4.94112, 100.35081, 101.31735, 1.21583, 1.21583, 1.21583, 1.00, 0.4328, 0.34516, 0.4328, 0.34516, -0.94225, -0.31716, -0.10761, -61.58012, 11.19472, -85.43112
833, 275, -54.14628, 1.33458, 102.15045, 103.11639, 1.21727, 1.21727, 1.21727, 1.00, 0.42681, 0.41326, 0.42681, 0.41326, -0.50762, -0.62274, -0.59542, -62.97222, 8.4658, -84.32281
834, 276, -56.99547, 3.07491, 100.38261, 101.34914, 0.19332, 0.19332, 0.19332, 1.00, 0.39649, 0.35562, 0.39649, 0.35562, -0.68933, -0.64714, 0.32563, -62.05181, 9.83954, -87.4221
835, 274, -54.88405, 4.94112, 100.35081, 101.31735, 1.21583, 1.21583, 1.21583, 1.00, 0.4328, 0.34516, 0.4328, 0.34516, -0.94225, -0.31716, -0.10761, -61.58012, 11.19472, -85.43112
836, 273, -55.86145, 0.13088, 101.97604, 102.94204, 1.21285, 1.21285, 1.21285, 1.00, 0.39733, 0.41452, 0.39733, 0.41452, -0.49901, -0.85692, 0.1291, -63.17617, 7.60404, -85.98764
837, 277, -57.2966, 3.71966, 99.90703, 100.87371, 0.31861, 0.31861, 0.31861, 1.00, 0.39738, 0.33798, 0.39738, 0.33798, -0.76514, -0.48268, 0.42612, -61.69657, 10.33714, -87.81804
838, 274, -54.88405, 4.94112, 100.35081, 101.31735, 1.21583, 1.21583, 1.21583, 1.00, 0.4328, 0.34516, 0.4328, 0.34516, -0.94225, -0.31716, -0.10761, -61.58012, 11.19472, -85.43112
839, 276, -56.99547, 3.07491, 100.38261, 101.34914, 0.19332, 0.19332, 0.19332, 1.00, 0.39649, 0.35562, 0.39649, 0.35562, -0.68933, -0.64714, 0.32563, -62.05181, 9.83954, -87.4221
840, 277, -57.2966, 3.71966, 99.90703, 100.87371, 0.31861, 0.31861, 0.31861, 1.00, 0.39738, 0.33798, 0.39738, 0.33798, -0.76514, -0.48268, 0.42612, -61.69657, 10.33714, -87.81804
841, 278, -57.58273, 5.00712, 99.71351, 100.68026, 0.44401, 0.44401, 0.44401, 1.00, 0.39649, 0.31324, 0.39649, 0.31324, -0.81144, -0.27014, 0.51826, -61.63818, 11.2829, -88.12025
842, 274, -54.88405, 4.94112, 100.35081, 101.31735, 1.21583, 1.21583, 1.21583, 1.00, 0.4328, 0.34516, 0.4328, 0.34516, -0.94225, -0.31716, -0.10761, -61.58012, 11.19472, -85.43112
843, 274, -54.88405, 4.94112, 100.35081, 101.31735, 1.21583, 1.21583, 1.21583, 1.00, 0.4328, 0.34516, 0.4328, 0.34516, -0.94225, -0.31716, -0.10761, -61.58012, 11.19472, -85.43112
844, 278, -57.58273, 5.00712, 99.71351, 100.68026, 0.44401, 0.44401, 0.44401, 1.00, 0.39649, 0.31324, 0.39649, 0.31324, -0.81144, -0.27014, 0.51826, -61.63818, 11.2829, -88.12025
845, 279, -55.21239, 6.70734, 99.97384, 100.9405, 1.21548, 1.21548, 1.21548, 1.00, 0.43423, 0.31062, 0.43423, 0.31062, -0.98647, -0.1618, 0.02659, -61.37657, 12.49922, -85.81413
846, 280, -58.78543, 10.04244, 98.75596, 99.72302, 0.46781, 0.46781, 0.46781, 1.00, 0.39567, 0.21373, 0.39567, 0.21373, -0.8152, -0.22692, 0.53287, -61.23706, 14.99453, -89.43187
847, 281, -56.84643, 11.33478, 99.15271, 100.11964, 1.21285, 1.21285, 1.21285, 1.00, 0.42726, 0.21528, 0.42726, 0.21528, -0.99573, 0.08416, -0.03806, -61.19592, 15.90647, -87.49957
848, 282, -56.18258, 8.23524, 99.29318, 100.26007, 1.2134, 1.2134, 1.2134, 1.00, 0.42919, 0.25769, 0.42919, 0.25769, -0.99998, -0.00413, -0.00401, -61.02885, 13.65016, -86.87857
849, 282, -56.18258, 8.23524, 99.29318, 100.26007, 1.2134, 1.2134, 1.2134, 1.00, 0.42919, 0.25769, 0.42919, 0.25769, -0.99998, -0.00413, -0.00401, -61.02885, 13.65016, -86.87857
850, 283, -58.05407, 7.34512, 99.47784, 100.44467, 0.39703, 0.39703, 0.39703, 1.00, 0.39649, 0.25639, 0.39649, 0.25639, -0.79784, -0.35985, 0.4837, -61.63182, 12.99306, -88.59431
851, 280, -58.78543, 10.04244, 98.75596, 99.72302, 0.46781, 0.46781, 0.46781, 1.00, 0.39567, 0.21373, 0.39567, 0.21373, -0.8152, -0.22692, 0.53287, -61.23706, 14.99453, -89.43187
852, 284, -58.78543, 10.04244, 98.75596, 99.72302, 0.58871, 0.58871, 0.58871, 1.00, 0.39618, 0.21377, 0.39618, 0.21377, -0.79138, 0.09512, 0.60387, -61.23706, 14.99453, -89.43187
853, 285, -59.12609, 12.85415, 99.01517, 99.98215, 0.6466, 0.6466, 0.6466, 1.00, 0.42794, 0.21506, 0.42794, 0.21506, -0.63868, 0.48313, 0.59889, -61.69657, 17.01685, -89.6515
854, 286, -56.98738, 13.2976, 99.30056, 100.26745, 1.23195, 1.23195, 1.23195, 1.00, 0.44333, 0.18059, 0.44333, 0.18059, -0.93779, 0.34532, -0.03623, -61.46074, 17.32033, -87.57066
855, 284, -58.78543, 10.04244, 98.75596, 99.72302, 0.58871, 0.58871, 0.58871, 1.00, 0.39618, 0.21377, 0.39618, 0.21377, -0.79138, 0.09512, 0.60387, -61.23706, 14.99453, -89.43187
856, 286, -56.98738, 13.2976, 99.30056, 100.26745, 1.23195, 1.23195, 1.23195, 1.00, 0.44333, 0.18059, 0.44333, 0.18059, -0.93779, 0.34532, -0.03623, -61.46074, 17.32033, -87.57066
857, 287, -56.84643, 11.33478, 99.15271, 100.11964, 1.23888, 1.23888, 1.23888, 1.00, 0.42484, 0.18234, 0.42484, 0.18234, -0.98289, 0.18417, -0.00214, -61.19592, 15.90647, -87.49957
858, 288, -55.22901, 1.01403, 103.83143, 104.79681, 1.21565, 1.21565, 1.21565, 1.00, 0.39905, 0.42646, 0.39905, 0.42646, 0.08147, -0.94435, -0.31869, -64.84775, 8.127, -84.91082
859, 273, -55.86145, 0.13088, 101.97604, 102.94204, 1.21285, 1.21285, 1.21285, 1.00, 0.39733, 0.41452, 0.39733, 0.41452, -0.49901, -0.85692, 0.1291, -63.17617, 7.60404, -85.98764
860, 275, -54.14628, 1.33458, 102.15045, 103.11639, 1.21727, 1.21727, 1.21727, 1.00, 0.42681, 0.41326, 0.42681, 0.41326, -0.50762, -0.62274, -0.59542, -62.97222, 8.4658, -84.32281
861, 288, -55.22901, 1.01403, 103.83143, 104.79681, 1.21565, 1.21565, 1.21565, 1.00, 0.39905, 0.42646, 0.39905, 0.42646, 0.08147, -0.94435, -0.31869, -64.84775, 8.127, -84.91082
862, 275, -54.14628, 1.33458, 102.15045, 103.11639, 1.21727, 1.21727, 1.21727, 1.00, 0.42681, 0.41326, 0.42681, 0.41326, -0.50762, -0.62274, -0.59542, -62.97222, 8.4658, -84.32281
863, 289, -54.10324, 1.61954, 103.26821, 104.23377, 1.21811, 1.21811, 1.21811, 1.00, 0.41852, 0.42068, 0.41852, 0.42068, -0.11738, -0.7215, -0.6824, -64.05213, 8.60168, -83.99347
864, 289, -54.10324, 1.61954, 103.26821, 104.23377, 1.21811, 1.21811, 1.21811, 1.00, 0.41852, 0.42068, 0.41852, 0.42068, -0.11738, -0.7215, -0.6824, -64.05213, 8.60168, -83.99347
865, 275, -54.14628, 1.33458, 102.15045, 103.11639, 1.21727, 1.21727, 1.21727, 1.00, 0.42681, 0.41326, 0.42681, 0.41326, -0.50762, -0.62274, -0.59542, -62.97222, 8.4658, -84.32281
866, 290, -52.81685, 4.912, 104.03376, 104.99907, 1.22268, 1.22268, 1.22268, 1.00, 0.48682, 0.40128, 0.48682, 0.40128, -0.39374, -0.34665, -0.85136, -64.61752, 10.94057, -82.55444
867, 282, -56.18258, 8.23524, 99.29318, 100.26007, 1.2134, 1.2134, 1.2134, 1.00, 0.42919, 0.25769, 0.42919, 0.25769, -0.99998, -0.00413, -0.00401, -61.02885, 13.65016, -86.87857
868, 281, -56.84643, 11.33478, 99.15271, 100.11964, 1.21285, 1.21285, 1.21285, 1.00, 0.42726, 0.21528, 0.42726, 0.21528, -0.99573, 0.08416, -0.03806, -61.19592, 15.90647, -87.49957
869, 291, -55.37371, 11.77578, 99.74577, 100.71252, 1.21669, 1.21669, 1.21669, 1.00, 0.45139, 0.227, 0.45139, 0.227, -0.98448, 0.10061, -0.14376, -61.42198, 16.18871, -85.96376
870, 282, -56.18258, 8.23524, 99.29318, 100.26007, 1.2134, 1.2134, 1.2134, 1.00, 0.42919, 0.25769, 0.42919, 0.25769, -0.99998, -0.00413, -0.00401, -61.02885, 13.65016, -86.87857
871, 291, -55.37371, 11.77578, 99.74577, 100.71252, 1.21669, 1.21669, 1.21669, 1.00, 0.45139, 0.227, 0.45139, 0.227, -0.98448, 0.10061, -0.14376, -61.42198, 16.18871, -85.96376
872, 292, -54.84471, 8.35535, 99.87695, 100.84364, 1.21682, 1.21682, 1.21682, 1.00, 0.44396, 0.28677, 0.44396, 0.28677, -0.98232, 0.09369, -0.16205, -61.26514, 13.70031, -85.47517
873, 293, -55.21239, 6.70734, 99.97384, 100.9405, 1.21548, 1.21548, 1.21548, 1.00, 0.43445, 0.31062, 0.43445, 0.31062, -0.98194, -0.12252, -0.14415, -61.37657, 12.49922, -85.81413
874, 294, -54.84471, 8.35535, 99.87695, 100.84364, 1.21682, 1.21682, 1.21682, 1.00, 0.44418, 0.28677, 0.44418, 0.28677, -0.8998, 0.12773, -0.41719, -61.26514, 13.70031, -85.47517
875, 295, -53.98348, 7.40804, 100.38799, 101.35452, 1.21876, 1.21876, 1.21876, 1.00, 0.45208, 0.31432, 0.45208, 0.31432, -0.87803, -0.01703, -0.47831, -61.50213, 12.98109, -84.54927
876, 296, -54.88405, 4.94112, 100.35081, 101.31735, 1.21583, 1.21583, 1.21583, 1.00, 0.43301, 0.34516, 0.43301, 0.34516, -0.95586, -0.16259, -0.24473, -61.58012, 11.19472, -85.43112
877, 293, -55.21239, 6.70734, 99.97384, 100.9405, 1.21548, 1.21548, 1.21548, 1.00, 0.43445, 0.31062, 0.43445, 0.31062, -0.98194, -0.12252, -0.14415, -61.37657, 12.49922, -85.81413
878, 295, -53.98348, 7.40804, 100.38799, 101.35452, 1.21876, 1.21876, 1.21876, 1.00, 0.45208, 0.31432, 0.45208, 0.31432, -0.87803, -0.01703, -0.47831, -61.50213, 12.98109, -84.54927
879, 296, -54.88405, 4.94112, 100.35081, 101.31735, 1.21583, 1.21583, 1.21583, 1.00, 0.43301, 0.34516, 0.43301, 0.34516, -0.95586, -0.16259, -0.24473, -61.58012, 11.19472, -85.43112
880, 295, -53.98348, 7.40804, 100.38799, 101.35452, 1.21876, 1.21876, 1.21876, 1.00, 0.45208, 0.31432, 0.45208, 0.31432, -0.87803, -0.01703, -0.47831, -61.50213, 12.98109, -84.54927
881, 297, -53.83372, 5.6354, 100.92352, 101.88986, 1.2188, 1.2188, 1.2188, 1.00, 0.44661, 0.34908, 0.44661, 0.34908, -0.69991, -0.13477, -0.70141, -61.90261, 11.66189, -84.29305
882, 275, -54.14628, 1.33458, 102.15045, 103.11639, 1.21727, 1.21727, 1.21727, 1.00, 0.42681, 0.41326, 0.42681, 0.41326, -0.50762, -0.62274, -0.59542, -62.97222, 8.4658, -84.32281
883, 274, -54.88405, 4.94112, 100.35081, 101.31735, 1.21583, 1.21583, 1.21583, 1.00, 0.4328, 0.34516, 0.4328, 0.34516, -0.94225, -0.31716, -0.10761, -61.58012, 11.19472, -85.43112
884, 298, -53.83372, 5.6354, 100.92352, 101.88986, 1.2188, 1.2188, 1.2188, 1.00, 0.44639, 0.34908, 0.44639, 0.34908, -0.7504, -0.25686, -0.60904, -61.90261, 11.66189, -84.29305
885, 275, -54.14628, 1.33458, 102.15045, 103.11639, 1.21727, 1.21727, 1.21727, 1.00, 0.42681, 0.41326, 0.42681, 0.41326, -0.50762, -0.62274, -0.59542, -62.97222, 8.4658, -84.32281
886, 298, -53.83372, 5.6354, 100.92352, 101.88986, 1.2188, 1.2188, 1.2188, 1.00, 0.44639, 0.34908, 0.44639, 0.34908, -0.7504, -0.25686, -0.60904, -61.90261, 11.66189, -84.29305
887, 290, -52.81685, 4.912, 104.03376, 104.99907, 1.22268, 1.22268, 1.22268, 1.00, 0.48682, 0.40128, 0.48682, 0.40128, -0.39374, -0.34665, -0.85136, -64.61752, 10.94057, -82.55444
888, 297, -53.83372, 5.6354, 100.92352, 101.88986, 1.2188, 1.2188, 1.2188, 1.00, 0.44661, 0.34908, 0.44661, 0.34908, -0.69991, -0.13477, -0.70141, -61.90261, 11.66189, -84.29305
889, 295, -53.98348, 7.40804, 100.38799, 101.35452, 1.21876, 1.21876, 1.21876, 1.00, 0.45208, 0.31432, 0.45208, 0.31432, -0.87803, -0.01703, -0.47831, -61.50213, 12.98109, -84.54927
890, 299, -52.93835, 9.48889, 102.72179, 103.68753, 1.22324, 1.22324, 1.22324, 1.00, 0.51159, 0.31455, 0.51159, 0.31455, -0.56719, 0.02659, -0.82316, -63.5859, 14.34222, -82.94962
891, 297, -53.83372, 5.6354, 100.92352, 101.88986, 1.2188, 1.2188, 1.2188, 1.00, 0.44661, 0.34908, 0.44661, 0.34908, -0.69991, -0.13477, -0.70141, -61.90261, 11.66189, -84.29305
892, 300, -52.49459, 6.40986, 103.89284, 104.8582, 1.22387, 1.22387, 1.22387, 1.00, 0.51356, 0.37896, 0.51356, 0.37896, -0.49375, -0.09105, -0.86482, -64.46823, 12.03555, -82.27106
893, 301, -52.81685, 4.912, 104.03376, 104.99907, 1.22268, 1.22268, 1.22268, 1.00, 0.48703, 0.40128, 0.48703, 0.40128, -0.43517, -0.28078, -0.85545, -64.61752, 10.94057, -82.55444
894, 300, -52.49459, 6.40986, 103.89284, 104.8582, 1.22387, 1.22387, 1.22387, 1.00, 0.51356, 0.37896, 0.51356, 0.37896, -0.49375, -0.09105, -0.86482, -64.46823, 12.03555, -82.27106
895, 297, -53.83372, 5.6354, 100.92352, 101.88986, 1.2188, 1.2188, 1.2188, 1.00, 0.44661, 0.34908, 0.44661, 0.34908, -0.69991, -0.13477, -0.70141, -61.90261, 11.66189, -84.29305
896, 299, -52.93835, 9.48889, 102.72179, 103.68753, 1.22324, 1.22324, 1.22324, 1.00, 0.51159, 0.31455, 0.51159, 0.31455, -0.56719, 0.02659, -0.82316, -63.5859, 14.34222, -82.94962
897, 295, -53.98348, 7.40804, 100.38799, 101.35452, 1.21876, 1.21876, 1.21876, 1.00, 0.45208, 0.31432, 0.45208, 0.31432, -0.87803, -0.01703, -0.47831, -61.50213, 12.98109, -84.54927
898, 294, -54.84471, 8.35535, 99.87695, 100.84364, 1.21682, 1.21682, 1.21682, 1.00, 0.44418, 0.28677, 0.44418, 0.28677, -0.8998, 0.12773, -0.41719, -61.26514, 13.70031, -85.47517
899, 302, -53.23615, 10.81712, 102.1394, 103.10535, 1.22267, 1.22267, 1.22267, 1.00, 0.50903, 0.28505, 0.50903, 0.28505, -0.70961, 0.19308, -0.67763, -63.15722, 15.34215, -83.36167
900, 295, -53.98348, 7.40804, 100.38799, 101.35452, 1.21876, 1.21876, 1.21876, 1.00, 0.45208, 0.31432, 0.45208, 0.31432, -0.87803, -0.01703, -0.47831, -61.50213, 12.98109, -84.54927
901, 302, -53.23615, 10.81712, 102.1394, 103.10535, 1.22267, 1.22267, 1.22267, 1.00, 0.50903, 0.28505, 0.50903, 0.28505, -0.70961, 0.19308, -0.67763, -63.15722, 15.34215, -83.36167
902, 299, -52.93835, 9.48889, 102.72179, 103.68753, 1.22324, 1.22324, 1.22324, 1.00, 0.51159, 0.31455, 0.51159, 0.31455, -0.56719, 0.02659, -0.82316, -63.5859, 14.34222, -82.94962
903, 302, -53.23615, 10.81712, 102.1394, 103.10535, 1.22267, 1.22267, 1.22267, 1.00, 0.50903, 0.28505, 0.50903, 0.28505, -0.70961, 0.19308, -0.67763, -63.15722, 15.34215, -83.36167
904, 294, -54.84471, 8.35535, 99.87695, 100.84364, 1.21682, 1.21682, 1.21682, 1.00, 0.44418, 0.28677, 0.44418, 0.28677, -0.8998, 0.12773, -0.41719, -61.26514, 13.70031, -85.47517
905, 303, -55.37371, 11.77578, 99.74577, 100.71252, 1.21669, 1.21669, 1.21669, 1.00, 0.45161, 0.227, 0.45161, 0.227, -0.80143, 0.14258, -0.58085, -61.42198, 16.18871, -85.96376
906, 302, -53.23615, 10.81712, 102.1394, 103.10535, 1.22267, 1.22267, 1.22267, 1.00, 0.50903, 0.28505, 0.50903, 0.28505, -0.70961, 0.19308, -0.67763, -63.15722, 15.34215, -83.36167
907, 303, -55.37371, 11.77578, 99.74577, 100.71252, 1.21669, 1.21669, 1.21669, 1.00, 0.45161, 0.227, 0.45161, 0.227, -0.80143, 0.14258, -0.58085, -61.42198, 16.18871, -85.96376
908, 304, -54.16025, 13.36184, 101.29887, 102.26509, 1.22091, 1.22091, 1.22091, 1.00, 0.50946, 0.22644, 0.50946, 0.22644, -0.7087, 0.19956, -0.6767, -62.68909, 17.24047, -84.41184
909, 305, -55.37371, 11.77578, 99.74577, 100.71252, 1.21669, 1.21669, 1.21669, 1.00, 0.44778, 0.16183, 0.44778, 0.16183, -0.89901, 0.34597, -0.26849, -61.42198, 16.18871, -85.96376
910, 287, -56.84643, 11.33478, 99.15271, 100.11964, 1.23888, 1.23888, 1.23888, 1.00, 0.42484, 0.18234, 0.42484, 0.18234, -0.98289, 0.18417, -0.00214, -61.19592, 15.90647, -87.49957
911, 286, -56.98738, 13.2976, 99.30056, 100.26745, 1.23195, 1.23195, 1.23195, 1.00, 0.44333, 0.18059, 0.44333, 0.18059, -0.93779, 0.34532, -0.03623, -61.46074, 17.32033, -87.57066
912, 305, -55.37371, 11.77578, 99.74577, 100.71252, 1.21669, 1.21669, 1.21669, 1.00, 0.44778, 0.16183, 0.44778, 0.16183, -0.89901, 0.34597, -0.26849, -61.42198, 16.18871, -85.96376
913, 286, -56.98738, 13.2976, 99.30056, 100.26745, 1.23195, 1.23195, 1.23195, 1.00, 0.44333, 0.18059, 0.44333, 0.18059, -0.93779, 0.34532, -0.03623, -61.46074, 17.32033, -87.57066
914, 306, -55.445, 14.96302, 100.84018, 101.80656, 1.21822, 1.21822, 1.21822, 1.00, 0.49524, 0.16213, 0.49524, 0.16213, -0.73144, 0.60916, -0.30646, -62.63676, 18.43048, -85.71325
915, 305, -55.37371, 11.77578, 99.74577, 100.71252, 1.21669, 1.21669, 1.21669, 1.00, 0.44778, 0.16183, 0.44778, 0.16183, -0.89901, 0.34597, -0.26849, -61.42198, 16.18871, -85.96376
916, 306, -55.445, 14.96302, 100.84018, 101.80656, 1.21822, 1.21822, 1.21822, 1.00, 0.49524, 0.16213, 0.49524, 0.16213, -0.73144, 0.60916, -0.30646, -62.63676, 18.43048, -85.71325
917, 307, -54.16025, 13.36184, 101.29887, 102.26509, 1.22091, 1.22091, 1.22091, 1.00, 0.49757, 0.14886, 0.49757, 0.14886, -0.70719, 0.51168, -0.48791, -62.68909, 17.24047, -84.41184
918, 285, -59.12609, 12.85415, 99.01517, 99.98215, 0.6466, 0.6466, 0.6466, 1.00, 0.42794, 0.21506, 0.42794, 0.21506, -0.63868, 0.48313, 0.59889, -61.69657, 17.01685, -89.6515
919, 308, -58.77386, 14.86291, 100.62926, 101.5957, 0.57446, 0.57446, 0.57446, 1.00, 0.45335, 0.2274, 0.45335, 0.2274, -0.33087, 0.8202, 0.46669, -63.25503, 18.37125, -88.88547
920, 309, -57.1466, 14.9589, 99.90885, 100.87553, 0.26117, 0.26117, 0.26117, 1.00, 0.46816, 0.18293, 0.46816, 0.18293, -0.59476, 0.79107, 0.14308, -62.16072, 18.48643, -87.54469
921, 285, -59.12609, 12.85415, 99.01517, 99.98215, 0.6466, 0.6466, 0.6466, 1.00, 0.42794, 0.21506, 0.42794, 0.21506, -0.63868, 0.48313, 0.59889, -61.69657, 17.01685, -89.6515
922, 309, -57.1466, 14.9589, 99.90885, 100.87553, 0.26117, 0.26117, 0.26117, 1.00, 0.46816, 0.18293, 0.46816, 0.18293, -0.59476, 0.79107, 0.14308, -62.16072, 18.48643, -87.54469
923, 286, -56.98738, 13.2976, 99.30056, 100.26745, 1.23195, 1.23195, 1.23195, 1.00, 0.44333, 0.18059, 0.44333, 0.18059, -0.93779, 0.34532, -0.03623, -61.46074, 17.32033, -87.57066
924, 286, -56.98738, 13.2976, 99.30056, 100.26745, 1.23195, 1.23195, 1.23195, 1.00, 0.44333, 0.18059, 0.44333, 0.18059, -0.93779, 0.34532, -0.03623, -61.46074, 17.32033, -87.57066
925, 309, -57.1466, 14.9589, 99.90885, 100.87553, 0.26117, 0.26117, 0.26117, 1.00, 0.46816, 0.18293, 0.46816, 0.18293, -0.59476, 0.79107, 0.14308, -62.16072, 18.48643, -87.54469
926, 306, -55.445, 14.96302, 100.84018, 101.80656, 1.21822, 1.21822, 1.21822, 1.00, 0.49524, 0.16213, 0.49524, 0.16213, -0.73144, 0.60916, -0.30646, -62.63676, 18.43048, -85.71325
927, 309, -57.1466, 14.9589, 99.90885, 100.87553, 0.26117, 0.26117, 0.26117, 1.00, 0.46816, 0.18293, 0.46816, 0.18293, -0.59476, 0.79107, 0.14308, -62.16072, 18.48643, -87.54469
928, 310, -57.96922, 17.11707, 103.42267, 104.38818, 1.6739, 1.6739, 1.6739, 1.00, 0.55016, 0.22415, 0.55016, 0.22415, -0.09175, 0.94114, 0.32531, -65.84942, 19.82895, -87.39149
929, 311, -56.12812, 17.21451, 102.88399, 103.84969, 1.27416, 1.27416, 1.27416, 1.00, 0.55016, 0.18074, 0.55016, 0.18074, -0.20268, 0.97405, -0.1007, -64.87736, 19.93369, -85.80402
930, 309, -57.1466, 14.9589, 99.90885, 100.87553, 0.26117, 0.26117, 0.26117, 1.00, 0.46816, 0.18293, 0.46816, 0.18293, -0.59476, 0.79107, 0.14308, -62.16072, 18.48643, -87.54469
931, 308, -58.77386, 14.86291, 100.62926, 101.5957, 0.57446, 0.57446, 0.57446, 1.00, 0.45335, 0.2274, 0.45335, 0.2274, -0.33087, 0.8202, 0.46669, -63.25503, 18.37125, -88.88547
932, 310, -57.96922, 17.11707, 103.42267, 104.38818, 1.6739, 1.6739, 1.6739, 1.00, 0.55016, 0.22415, 0.55016, 0.22415, -0.09175, 0.94114, 0.32531, -65.84942, 19.82895, -87.39149
933, 306, -55.445, 14.96302, 100.84018, 101.80656, 1.21822, 1.21822, 1.21822, 1.00, 0.49524, 0.16213, 0.49524, 0.16213, -0.73144, 0.60916, -0.30646, -62.63676, 18.43048, -85.71325
934, 309, -57.1466, 14.9589, 99.90885, 100.87553, 0.26117, 0.26117, 0.26117, 1.00, 0.46816, 0.18293, 0.46816, 0.18293, -0.59476, 0.79107, 0.14308, -62.16072, 18.48643, -87.54469
935, 311, -56.12812, 17.21451, 102.88399, 103.84969, 1.27416, 1.27416, 1.27416, 1.00, 0.55016, 0.18074, 0.55016, 0.18074, -0.20268, 0.97405, -0.1007, -64.87736, 19.93369, -85.80402
936, 306, -55.445, 14.96302, 100.84018, 101.80656, 1.21822, 1.21822, 1.21822, 1.00, 0.49524, 0.16213, 0.49524, 0.16213, -0.73144, 0.60916, -0.30646, -62.63676, 18.43048, -85.71325
937, 311, -56.12812, 17.21451, 102.88399, 103.84969, 1.27416, 1.27416, 1.27416, 1.00, 0.55016, 0.18074, 0.55016, 0.18074, -0.20268, 0.97405, -0.1007, -64.87736, 19.93369, -85.80402
938, 312, -54.78081, 16.53358, 102.869, 103.8347, 1.22143, 1.22143, 1.22143, 1.00, 0.55127, 0.16103, 0.55127, 0.16103, -0.26106, 0.79612, -0.54593, -64.49828, 19.4409, -84.55426
939, 306, -55.445, 14.96302, 100.84018, 101.80656, 1.21822, 1.21822, 1.21822, 1.00, 0.49524, 0.16213, 0.49524, 0.16213, -0.73144, 0.60916, -0.30646, -62.63676, 18.43048, -85.71325
940, 312, -54.78081, 16.53358, 102.869, 103.8347, 1.22143, 1.22143, 1.22143, 1.00, 0.55127, 0.16103, 0.55127, 0.16103, -0.26106, 0.79612, -0.54593, -64.49828, 19.4409, -84.55426
941, 307, -54.16025, 13.36184, 101.29887, 102.26509, 1.22091, 1.22091, 1.22091, 1.00, 0.49757, 0.14886, 0.49757, 0.14886, -0.70719, 0.51168, -0.48791, -62.68909, 17.24047, -84.41184
942, 307, -54.16025, 13.36184, 101.29887, 102.26509, 1.22091, 1.22091, 1.22091, 1.00, 0.49757, 0.14886, 0.49757, 0.14886, -0.70719, 0.51168, -0.48791, -62.68909, 17.24047, -84.41184
943, 312, -54.78081, 16.53358, 102.869, 103.8347, 1.22143, 1.22143, 1.22143, 1.00, 0.55127, 0.16103, 0.55127, 0.16103, -0.26106, 0.79612, -0.54593, -64.49828, 19.4409, -84.55426
944, 313, -53.65882, 15.09194, 103.18364, 104.14924, 1.22373, 1.22373, 1.22373, 1.00, 0.55127, 0.14899, 0.55127, 0.14899, -0.24699, 0.70472, -0.66511, -64.45918, 18.37569, -83.44021
945, 302, -53.23615, 10.81712, 102.1394, 103.10535, 1.22267, 1.22267, 1.22267, 1.00, 0.50903, 0.28505, 0.50903, 0.28505, -0.70961, 0.19308, -0.67763, -63.15722, 15.34215, -83.36167
946, 304, -54.16025, 13.36184, 101.29887, 102.26509, 1.22091, 1.22091, 1.22091, 1.00, 0.50946, 0.22644, 0.50946, 0.22644, -0.7087, 0.19956, -0.6767, -62.68909, 17.24047, -84.41184
947, 314, -53.65882, 15.09194, 103.18364, 104.14924, 1.22373, 1.22373, 1.22373, 1.00, 0.55034, 0.22487, 0.55034, 0.22487, -0.36767, 0.41797, -0.83073, -64.45918, 18.37569, -83.44021
948, 302, -53.23615, 10.81712, 102.1394, 103.10535, 1.22267, 1.22267, 1.22267, 1.00, 0.50903, 0.28505, 0.50903, 0.28505, -0.70961, 0.19308, -0.67763, -63.15722, 15.34215, -83.36167
949, 314, -53.65882, 15.09194, 103.18364, 104.14924, 1.22373, 1.22373, 1.22373, 1.00, 0.55034, 0.22487, 0.55034, 0.22487, -0.36767, 0.41797, -0.83073, -64.45918, 18.37569, -83.44021
950, 315, -52.59157, 12.60315, 103.96159, 104.92693, 1.22582, 1.22582, 1.22582, 1.00, 0.54659, 0.28123, 0.54659, 0.28123, -0.19667, 0.34928, -0.91615, -64.8339, 16.52187, -82.27132
951, 299, -52.93835, 9.48889, 102.72179, 103.68753, 1.22324, 1.22324, 1.22324, 1.00, 0.51159, 0.31455, 0.51159, 0.31455, -0.56719, 0.02659, -0.82316, -63.5859, 14.34222, -82.94962
952, 302, -53.23615, 10.81712, 102.1394, 103.10535, 1.22267, 1.22267, 1.22267, 1.00, 0.50903, 0.28505, 0.50903, 0.28505, -0.70961, 0.19308, -0.67763, -63.15722, 15.34215, -83.36167
953, 315, -52.59157, 12.60315, 103.96159, 104.92693, 1.22582, 1.22582, 1.22582, 1.00, 0.54659, 0.28123, 0.54659, 0.28123, -0.19667, 0.34928, -0.91615, -64.8339, 16.52187, -82.27132
954, 299, -52.93835, 9.48889, 102.72179, 103.68753, 1.22324, 1.22324, 1.22324, 1.00, 0.51159, 0.31455, 0.51159, 0.31455, -0.56719, 0.02659, -0.82316, -63.5859, 14.34222, -82.94962
955, 315, -52.59157, 12.60315, 103.96159, 104.92693, 1.22582, 1.22582, 1.22582, 1.00, 0.54659, 0.28123, 0.54659, 0.28123, -0.19667, 0.34928, -0.91615, -64.8339, 16.52187, -82.27132
956, 316, -52.45952, 10.94141, 104.63771, 105.60281, 1.22596, 1.22596, 1.22596, 1.00, 0.55114, 0.31553, 0.55114, 0.31553, -0.16688, 0.20989, -0.96338, -65.37929, 15.27419, -81.99445
957, 300, -52.49459, 6.40986, 103.89284, 104.8582, 1.22387, 1.22387, 1.22387, 1.00, 0.51356, 0.37896, 0.51356, 0.37896, -0.49375, -0.09105, -0.86482, -64.46823, 12.03555, -82.27106
958, 299, -52.93835, 9.48889, 102.72179, 103.68753, 1.22324, 1.22324, 1.22324, 1.00, 0.51159, 0.31455, 0.51159, 0.31455, -0.56719, 0.02659, -0.82316, -63.5859, 14.34222, -82.94962
959, 316, -52.45952, 10.94141, 104.63771, 105.60281, 1.22596, 1.22596, 1.22596, 1.00, 0.55114, 0.31553, 0.55114, 0.31553, -0.16688, 0.20989, -0.96338, -65.37929, 15.27419, -81.99445
960, 300, -52.49459, 6.40986, 103.89284, 104.8582, 1.22387, 1.22387, 1.22387, 1.00, 0.51356, 0.37896, 0.51356, 0.37896, -0.49375, -0.09105, -0.86482, -64.46823, 12.03555, -82.27106
961, 316, -52.45952, 10.94141, 104.63771, 105.60281, 1.22596, 1.22596, 1.22596, 1.00, 0.55114, 0.31553, 0.55114, 0.31553, -0.16688, 0.20989, -0.96338, -65.37929, 15.27419, -81.99445
962, 317, -52.11038, 7.89646, 105.8713, 106.836, 0.00, 0.00, 0.00, 1.00, 0.5597, 0.37925, 0.5597, 0.37925, -0.0709, 0.08063, -0.99422, -66.34692, 12.98828, -81.3881
963, 301, -52.81685, 4.912, 104.03376, 104.99907, 1.22268, 1.22268, 1.22268, 1.00, 0.48703, 0.40128, 0.48703, 0.40128, -0.43517, -0.28078, -0.85545, -64.61752, 10.94057, -82.55444
964, 300, -52.49459, 6.40986, 103.89284, 104.8582, 1.22387, 1.22387, 1.22387, 1.00, 0.51356, 0.37896, 0.51356, 0.37896, -0.49375, -0.09105, -0.86482, -64.46823, 12.03555, -82.27106
965, 317, -52.11038, 7.89646, 105.8713, 106.836, 0.00, 0.00, 0.00, 1.00, 0.5597, 0.37925, 0.5597, 0.37925, -0.0709, 0.08063, -0.99422, -66.34692, 12.98828, -81.3881
966, 312, -54.78081, 16.53358, 102.869, 103.8347, 1.22143, 1.22143, 1.22143, 1.00, 0.55127, 0.16103, 0.55127, 0.16103, -0.26106, 0.79612, -0.54593, -64.49828, 19.4409, -84.55426
967, 311, -56.12812, 17.21451, 102.88399, 103.84969, 1.27416, 1.27416, 1.27416, 1.00, 0.55016, 0.18074, 0.55016, 0.18074, -0.20268, 0.97405, -0.1007, -64.87736, 19.93369, -85.80402
968, 318, -55.90529, 17.00462, 104.12268, 105.08797, 1.21972, 1.21972, 1.21972, 1.00, 0.579, 0.18414, 0.579, 0.18414, 0.23601, 0.86741, -0.43805, -66.00729, 19.70313, -85.28125
969, 313, -53.65882, 15.09194, 103.18364, 104.14924, 1.22373, 1.22373, 1.22373, 1.00, 0.55127, 0.14899, 0.55127, 0.14899, -0.24699, 0.70472, -0.66511, -64.45918, 18.37569, -83.44021
970, 312, -54.78081, 16.53358, 102.869, 103.8347, 1.22143, 1.22143, 1.22143, 1.00, 0.55127, 0.16103, 0.55127, 0.16103, -0.26106, 0.79612, -0.54593, -64.49828, 19.4409, -84.55426
971, 319, -54.99525, 15.52511, 104.90987, 105.87489, 0.00, 0.00, 0.00, 1.00, 0.60997, 0.17511, 0.60997, 0.17511, 0.33547, 0.72784, -0.59808, -66.47481, 18.58054, -84.24533
972, 319, -54.99525, 15.52511, 104.90987, 105.87489, 0.00, 0.00, 0.00, 1.00, 0.60997, 0.17511, 0.60997, 0.17511, 0.33547, 0.72784, -0.59808, -66.47481, 18.58054, -84.24533
973, 312, -54.78081, 16.53358, 102.869, 103.8347, 1.22143, 1.22143, 1.22143, 1.00, 0.55127, 0.16103, 0.55127, 0.16103, -0.26106, 0.79612, -0.54593, -64.49828, 19.4409, -84.55426
974, 318, -55.90529, 17.00462, 104.12268, 105.08797, 1.21972, 1.21972, 1.21972, 1.00, 0.579, 0.18414, 0.579, 0.18414, 0.23601, 0.86741, -0.43805, -66.00729, 19.70313, -85.28125
975, 315, -52.59157, 12.60315, 103.96159, 104.92693, 1.22582, 1.22582, 1.22582, 1.00, 0.54659, 0.28123, 0.54659, 0.28123, -0.19667, 0.34928, -0.91615, -64.8339, 16.52187, -82.27132
976, 314, -53.65882, 15.09194, 103.18364, 104.14924, 1.22373, 1.22373, 1.22373, 1.00, 0.55034, 0.22487, 0.55034, 0.22487, -0.36767, 0.41797, -0.83073, -64.45918, 18.37569, -83.44021
977, 320, -54.99525, 15.52511, 104.90987, 105.87489, 0.00, 0.00, 0.00, 1.00, 0.58419, 0.22272, 0.58419, 0.22272, 0.37942, 0.58747, -0.71479, -66.47481, 18.58054, -84.24533
978, 315, -52.59157, 12.60315, 103.96159, 104.92693, 1.22582, 1.22582, 1.22582, 1.00, 0.54659, 0.28123, 0.54659, 0.28123, -0.19667, 0.34928, -0.91615, -64.8339, 16.52187, -82.27132
979, 320, -54.99525, 15.52511, 104.90987, 105.87489, 0.00, 0.00, 0.00, 1.00, 0.58419, 0.22272, 0.58419, 0.22272, 0.37942, 0.58747, -0.71479, -66.47481, 18.58054, -84.24533
980, 321, -53.87051, 13.19859, 105.88786, 106.85255, 0.00, 0.00, 0.00, 1.00, 0.58059, 0.27908, 0.58059, 0.27908, 0.41025, 0.47698, -0.77729, -67.03541, 16.83173, -82.96957
981, 316, -52.45952, 10.94141, 104.63771, 105.60281, 1.22596, 1.22596, 1.22596, 1.00, 0.55114, 0.31553, 0.55114, 0.31553, -0.16688, 0.20989, -0.96338, -65.37929, 15.27419, -81.99445
982, 315, -52.59157, 12.60315, 103.96159, 104.92693, 1.22582, 1.22582, 1.22582, 1.00, 0.54659, 0.28123, 0.54659, 0.28123, -0.19667, 0.34928, -0.91615, -64.8339, 16.52187, -82.27132
983, 321, -53.87051, 13.19859, 105.88786, 106.85255, 0.00, 0.00, 0.00, 1.00, 0.58059, 0.27908, 0.58059, 0.27908, 0.41025, 0.47698, -0.77729, -67.03541, 16.83173, -82.96957
984, 316, -52.45952, 10.94141, 104.63771, 105.60281, 1.22596, 1.22596, 1.22596, 1.00, 0.55114, 0.31553, 0.55114, 0.31553, -0.16688, 0.20989, -0.96338, -65.37929, 15.27419, -81.99445
985, 321, -53.87051, 13.19859, 105.88786, 106.85255, 0.00, 0.00, 0.00, 1.00, 0.58059, 0.27908, 0.58059, 0.27908, 0.41025, 0.47698, -0.77729, -67.03541, 16.83173, -82.96957
986, 322, -53.28114, 11.45764, 106.30343, 107.26798, 0.00, 0.00, 0.00, 1.00, 0.57904, 0.31584, 0.57904, 0.31584, 0.39785, 0.35473, -0.8461, -67.21251, 15.54311, -82.33199
987, 317, -52.11038, 7.89646, 105.8713, 106.836, 0.00, 0.00, 0.00, 1.00, 0.5597, 0.37925, 0.5597, 0.37925, -0.0709, 0.08063, -0.99422, -66.34692, 12.98828, -81.3881
988, 316, -52.45952, 10.94141, 104.63771, 105.60281, 1.22596, 1.22596, 1.22596, 1.00, 0.55114, 0.31553, 0.55114, 0.31553, -0.16688, 0.20989, -0.96338, -65.37929, 15.27419, -81.99445
989, 322, -53.28114, 11.45764, 106.30343, 107.26798, 0.00, 0.00, 0.00, 1.00, 0.57904, 0.31584, 0.57904, 0.31584, 0.39785, 0.35473, -0.8461, -67.21251, 15.54311, -82.33199
990, 317, -52.11038, 7.89646, 105.8713, 106.836, 0.00, 0.00, 0.00, 1.00, 0.5597, 0.37925, 0.5597, 0.37925, -0.0709, 0.08063, -0.99422, -66.34692, 12.98828, -81.3881
991, 322, -53.28114, 11.45764, 106.30343, 107.26798, 0.00, 0.00, 0.00, 1.00, 0.57904, 0.31584, 0.57904, 0.31584, 0.39785, 0.35473, -0.8461, -67.21251, 15.54311, -82.33199
992, 323, -53.26635, 8.52646, 107.26985, 108.23409, 0.00, 0.00, 0.00, 1.00, 0.5884, 0.37215, 0.5884, 0.37215, 0.58468, 0.27968, -0.76153, -68.01053, 13.35659, -82.10567
993, 324, -55.27061, 11.0638, 107.57927, 108.5434, 0.00, 0.00, 0.00, 1.00, 0.60972, 0.31473, 0.60972, 0.31473, 0.80738, 0.30306, -0.50626, -68.91911, 15.1768, -83.87347
994, 323, -53.26635, 8.52646, 107.26985, 108.23409, 0.00, 0.00, 0.00, 1.00, 0.5884, 0.37215, 0.5884, 0.37215, 0.58468, 0.27968, -0.76153, -68.01053, 13.35659, -82.10567
995, 322, -53.28114, 11.45764, 106.30343, 107.26798, 0.00, 0.00, 0.00, 1.00, 0.57904, 0.31584, 0.57904, 0.31584, 0.39785, 0.35473, -0.8461, -67.21251, 15.54311, -82.33199
996, 323, -53.26635, 8.52646, 107.26985, 108.23409, 0.00, 0.00, 0.00, 1.00, 0.5884, 0.37215, 0.5884, 0.37215, 0.58468, 0.27968, -0.76153, -68.01053, 13.35659, -82.10567
997, 324, -55.27061, 11.0638, 107.57927, 108.5434, 0.00, 0.00, 0.00, 1.00, 0.60972, 0.31473, 0.60972, 0.31473, 0.80738, 0.30306, -0.50626, -68.91911, 15.1768, -83.87347
998, 325, -54.64425, 8.37034, 108.05073, 109.01469, 0.00, 0.00, 0.00, 1.00, 0.61158, 0.36739, 0.61158, 0.36739, 0.81321, 0.25228, -0.52445, -69.09859, 13.19398, -83.1982
999, 324, -55.27061, 11.0638, 107.57927, 108.5434, 0.00, 0.00, 0.00, 1.00, 0.60972, 0.31473, 0.60972, 0.31473, 0.80738, 0.30306, -0.50626, -68.91911, 15.1768, -83.87347
1000, 322, -53.28114, 11.45764, 106.30343, 107.26798, 0.00, 0.00, 0.00, 1.00, 0.57904, 0.31584, 0.57904, 0.31584, 0.39785, 0.35473, -0.8461, -67.21251, 15.54311, -82.33199
1001, 321, -53.87051, 13.19859, 105.88786, 106.85255, 0.00, 0.00, 0.00, 1.00, 0.58059, 0.27908, 0.58059, 0.27908, 0.41025, 0.47698, -0.77729, -67.03541, 16.83173, -82.96957
1002, 324, -55.27061, 11.0638, 107.57927, 108.5434, 0.00, 0.00, 0.00, 1.00, 0.60972, 0.31473, 0.60972, 0.31473, 0.80738, 0.30306, -0.50626, -68.91911, 15.1768, -83.87347
1003, 321, -53.87051, 13.19859, 105.88786, 106.85255, 0.00, 0.00, 0.00, 1.00, 0.58059, 0.27908, 0.58059, 0.27908, 0.41025, 0.47698, -0.77729, -67.03541, 16.83173, -82.96957
1004, 326, -55.82439, 13.23731, 107.08286, 108.04716, 0.00, 0.00, 0.00, 1.00, 0.60881, 0.27062, 0.60881, 0.27062, 0.77226, 0.46083, -0.43731, -68.67444, 16.78419, -84.4933
1005, 326, -55.82439, 13.23731, 107.08286, 108.04716, 0.00, 0.00, 0.00, 1.00, 0.60881, 0.27062, 0.60881, 0.27062, 0.77226, 0.46083, -0.43731, -68.67444, 16.78419, -84.4933
1006, 321, -53.87051, 13.19859, 105.88786, 106.85255, 0.00, 0.00, 0.00, 1.00, 0.58059, 0.27908, 0.58059, 0.27908, 0.41025, 0.47698, -0.77729, -67.03541, 16.83173, -82.96957
1007, 320, -54.99525, 15.52511, 104.90987, 105.87489, 0.00, 0.00, 0.00, 1.00, 0.58419, 0.22272, 0.58419, 0.22272, 0.37942, 0.58747, -0.71479, -66.47481, 18.58054, -84.24533
1008, 326, -55.82439, 13.23731, 107.08286, 108.04716, 0.00, 0.00, 0.00, 1.00, 0.60881, 0.27062, 0.60881, 0.27062, 0.77226, 0.46083, -0.43731, -68.67444, 16.78419, -84.4933
1009, 320, -54.99525, 15.52511, 104.90987, 105.87489, 0.00, 0.00, 0.00, 1.00, 0.58419, 0.22272, 0.58419, 0.22272, 0.37942, 0.58747, -0.71479, -66.47481, 18.58054, -84.24533
1010, 327, -56.623, 15.65406, 106.09221, 107.05684, 0.00, 0.00, 0.00, 1.00, 0.60935, 0.21549, 0.60935, 0.21549, 0.76028, 0.49661, -0.41875, -68.02471, 18.59923, -85.46584
1011, 328, -56.623, 15.65406, 106.09221, 107.05684, 1.21875, 1.21875, 1.21875, 1.00, 0.6094, 0.21557, 0.6094, 0.21557, 0.61968, 0.74463, -0.24803, -68.02471, 18.59923, -85.46584
1012, 319, -54.99525, 15.52511, 104.90987, 105.87489, 0.00, 0.00, 0.00, 1.00, 0.60997, 0.17511, 0.60997, 0.17511, 0.33547, 0.72784, -0.59808, -66.47481, 18.58054, -84.24533
1013, 329, -57.34434, 17.04343, 104.89359, 105.85862, 1.26483, 1.26483, 1.26483, 1.00, 0.58422, 0.22302, 0.58422, 0.22302, 0.46918, 0.87722, -0.10176, -67.10958, 19.68249, -86.43128
1014, 329, -57.34434, 17.04343, 104.89359, 105.85862, 1.26483, 1.26483, 1.26483, 1.00, 0.58422, 0.22302, 0.58422, 0.22302, 0.46918, 0.87722, -0.10176, -67.10958, 19.68249, -86.43128
1015, 319, -54.99525, 15.52511, 104.90987, 105.87489, 0.00, 0.00, 0.00, 1.00, 0.60997, 0.17511, 0.60997, 0.17511, 0.33547, 0.72784, -0.59808, -66.47481, 18.58054, -84.24533
1016, 318, -55.90529, 17.00462, 104.12268, 105.08797, 1.21972, 1.21972, 1.21972, 1.00, 0.579, 0.18414, 0.579, 0.18414, 0.23601, 0.86741, -0.43805, -66.00729, 19.70313, -85.28125
1017, 329, -57.34434, 17.04343, 104.89359, 105.85862, 1.26483, 1.26483, 1.26483, 1.00, 0.58422, 0.22302, 0.58422, 0.22302, 0.46918, 0.87722, -0.10176, -67.10958, 19.68249, -86.43128
1018, 311, -56.12812, 17.21451, 102.88399, 103.84969, 1.27416, 1.27416, 1.27416, 1.00, 0.55016, 0.18074, 0.55016, 0.18074, -0.20268, 0.97405, -0.1007, -64.87736, 19.93369, -85.80402
1019, 310, -57.96922, 17.11707, 103.42267, 104.38818, 1.6739, 1.6739, 1.6739, 1.00, 0.55016, 0.22415, 0.55016, 0.22415, -0.09175, 0.94114, 0.32531, -65.84942, 19.82895, -87.39149
1020, 311, -56.12812, 17.21451, 102.88399, 103.84969, 1.27416, 1.27416, 1.27416, 1.00, 0.55016, 0.18074, 0.55016, 0.18074, -0.20268, 0.97405, -0.1007, -64.87736, 19.93369, -85.80402
1021, 329, -57.34434, 17.04343, 104.89359, 105.85862, 1.26483, 1.26483, 1.26483, 1.00, 0.58422, 0.22302, 0.58422, 0.22302, 0.46918, 0.87722, -0.10176, -67.10958, 19.68249, -86.43128
1022, 318, -55.90529, 17.00462, 104.12268, 105.08797, 1.21972, 1.21972, 1.21972, 1.00, 0.579, 0.18414, 0.579, 0.18414, 0.23601, 0.86741, -0.43805, -66.00729, 19.70313, -85.28125
1023, 1, -58.05407, 7.34512, 99.47784, 100.44467, 0.49832, 0.49832, 0.49832, 1.00, 0.44849, 0.00096, 0.44849, 0.00096, -0.81767, -0.15665, 0.55396, -61.63182, 12.99306, -88.59431
1024, 0, -57.58273, 5.00712, 99.71351, 100.68026, 0.43149, 0.43149, 0.43149, 1.00, 0.44849, 0.14128, 0.44849, 0.14128, -0.80855, -0.29436, 0.5095, -61.63818, 11.2829, -88.12025
1025, 330, -59.64248, 7.25375, 100.64745, 101.61389, 0.72019, 0.72019, 0.72019, 1.00, 0.64421, 0.00096, 0.64421, 0.00096, -0.40526, -0.38486, 0.82925, -63.14989, 12.85281, -89.78383
1026, 330, -59.64248, 7.25375, 100.64745, 101.61389, 0.72019, 0.72019, 0.72019, 1.00, 0.64421, 0.00096, 0.64421, 0.00096, -0.40526, -0.38486, 0.82925, -63.14989, 12.85281, -89.78383
1027, 0, -57.58273, 5.00712, 99.71351, 100.68026, 0.43149, 0.43149, 0.43149, 1.00, 0.44849, 0.14128, 0.44849, 0.14128, -0.80855, -0.29436, 0.5095, -61.63818, 11.2829, -88.12025
1028, 331, -59.40486, 5.51802, 101.61485, 102.58097, 0.71658, 0.71658, 0.71658, 1.00, 0.68555, 0.13161, 0.68555, 0.13161, -0.28812, -0.45993, 0.83991, -63.9467, 11.53304, -89.33452
1029, 330, -59.64248, 7.25375, 100.64745, 101.61389, 0.72019, 0.72019, 0.72019, 1.00, 0.64421, 0.00096, 0.64421, 0.00096, -0.40526, -0.38486, 0.82925, -63.14989, 12.85281, -89.78383
1030, 331, -59.40486, 5.51802, 101.61485, 102.58097, 0.71658, 0.71658, 0.71658, 1.00, 0.68555, 0.13161, 0.68555, 0.13161, -0.28812, -0.45993, 0.83991, -63.9467, 11.53304, -89.33452
1031, 332, -60.14783, 6.85098, 101.9527, 102.9187, 0.76121, 0.76121, 0.76121, 1.00, 0.74824, 0.07275, 0.74824, 0.07275, -0.20987, -0.42629, 0.8799, -64.51614, 12.47816, -89.92819
1032, 333, -81.53667, -39.36716, 109.89171, 110.85507, 0.26643, 0.26643, 0.26643, 1.00, 0.08136, 0.13403, 0.08136, 0.13403, -0.52928, -0.6985, 0.48163, -75.42584, -21.53629, -108.47201
1033, 334, -82.28526, -35.32456, 106.68579, 107.65022, 0.30877, 0.30877, 0.30877, 1.00, 0.17143, 0.09234, 0.17143, 0.09234, -0.52667, -0.67562, 0.51591, -72.69964, -18.40221, -109.94473
1034, 335, -80.51395, -36.72807, 106.86797, 107.83233, 0.2829, 0.2829, 0.2829, 1.00, 0.12471, 0.08883, 0.12471, 0.08883, -0.51726, -0.69941, 0.49322, -72.37334, -19.43139, -108.25607
1035, 336, -83.09995, -37.96115, 109.40382, 110.36735, 0.30346, 0.30346, 0.30346, 1.00, 0.12373, 0.13903, 0.12373, 0.13903, -0.53475, -0.66984, 0.51513, -75.40581, -20.48594, -110.04399
1036, 334, -82.28526, -35.32456, 106.68579, 107.65022, 0.30877, 0.30877, 0.30877, 1.00, 0.17143, 0.09234, 0.17143, 0.09234, -0.52667, -0.67562, 0.51591, -72.69964, -18.40221, -109.94473
1037, 333, -81.53667, -39.36716, 109.89171, 110.85507, 0.26643, 0.26643, 0.26643, 1.00, 0.08136, 0.13403, 0.08136, 0.13403, -0.52928, -0.6985, 0.48163, -75.42584, -21.53629, -108.47201
1038, 333, -81.53667, -39.36716, 109.89171, 110.85507, 0.26643, 0.26643, 0.26643, 1.00, 0.08136, 0.13403, 0.08136, 0.13403, -0.52928, -0.6985, 0.48163, -75.42584, -21.53629, -108.47201
1039, 335, -80.51395, -36.72807, 106.86797, 107.83233, 0.2829, 0.2829, 0.2829, 1.00, 0.12471, 0.08883, 0.12471, 0.08883, -0.51726, -0.69941, 0.49322, -72.37334, -19.43139, -108.25607
1040, 337, -79.2436, -38.33668, 107.7019, 108.66599, 0.25634, 0.25634, 0.25634, 1.00, 0.07377, 0.08963, 0.07377, 0.08963, -0.52374, -0.71132, 0.46874, -72.79079, -20.65054, -106.87233
1041, 334, -82.28526, -35.32456, 106.68579, 107.65022, 0.30877, 0.30877, 0.30877, 1.00, 0.17143, 0.09234, 0.17143, 0.09234, -0.52667, -0.67562, 0.51591, -72.69964, -18.40221, -109.94473
1042, 336, -83.09995, -37.96115, 109.40382, 110.36735, 0.30346, 0.30346, 0.30346, 1.00, 0.12373, 0.13903, 0.12373, 0.13903, -0.53475, -0.66984, 0.51513, -75.40581, -20.48594, -110.04399
1043, 338, -83.93752, -35.9673, 108.33042, 109.2943, 0.36149, 0.36149, 0.36149, 1.00, 0.16611, 0.12918, 0.16611, 0.12918, -0.51436, -0.64074, 0.56999, -74.66714, -18.97231, -111.07913
1044, 339, -79.25636, -30.20861, 109.90697, 110.87032, 1.15535, 1.15535, 1.15535, 1.00, 0.13161, 0.00331, 0.13161, 0.00331, -0.70446, 0.65483, -0.27375, -75.28176, -14.89652, -106.22494
1045, 340, -80.92606, -32.08879, 108.00156, 108.96555, 1.19743, 1.19743, 1.19743, 1.00, 0.17579, 0.04419, 0.17579, 0.04419, -0.77258, 0.63096, -0.07074, -73.77504, -16.13924, -108.29758
1046, 341, -80.03512, -29.77906, 109.99188, 110.9552, 1.24813, 1.24813, 1.24813, 1.00, 0.17648, 0.0044, 0.17648, 0.0044, -0.66982, 0.74132, -0.04236, -75.57601, -14.59043, -106.9274
1047, 342, -78.93279, -33.50279, 108.03629, 109.00027, 1.15388, 1.15388, 1.15388, 1.00, 0.12673, 0.04318, 0.12673, 0.04318, -0.80567, 0.49268, -0.32887, -73.25101, -17.16672, -106.43887
1048, 340, -80.92606, -32.08879, 108.00156, 108.96555, 1.19743, 1.19743, 1.19743, 1.00, 0.17579, 0.04419, 0.17579, 0.04419, -0.77258, 0.63096, -0.07074, -73.77504, -16.13924, -108.29758
1049, 339, -79.25636, -30.20861, 109.90697, 110.87032, 1.15535, 1.15535, 1.15535, 1.00, 0.13161, 0.00331, 0.13161, 0.00331, -0.70446, 0.65483, -0.27375, -75.28176, -14.89652, -106.22494
1050, 343, -81.06538, -31.26592, 111.48949, 112.45231, 1.35541, 1.35541, 1.35541, 1.00, 0.27177, 0.00674, 0.27177, 0.00674, 0.97896, 0.11808, 0.16642, -77.20985, -15.76329, -107.52689
1051, 344, -80.64554, -36.59493, 111.97875, 112.94141, 1.22192, 1.22192, 1.22192, 1.00, 0.32124, 0.0475, 0.32124, 0.0475, 0.99096, -0.11323, 0.07201, -77.3406, -19.65824, -107.07148
1052, 345, -79.71426, -32.47939, 111.99512, 112.95778, 1.23867, 1.23867, 1.23867, 1.00, 0.31673, 0.00658, 0.31673, 0.00658, 0.99821, 0.02739, 0.05313, -77.30822, -16.67516, -106.14676
1053, 346, -82.35452, -35.15118, 111.53747, 112.50027, 1.47876, 1.47876, 1.47876, 1.00, 0.27484, 0.04949, 0.27484, 0.04949, 0.93685, -0.03998, 0.34743, -77.40334, -18.58347, -108.76753
1054, 344, -80.64554, -36.59493, 111.97875, 112.94141, 1.22192, 1.22192, 1.22192, 1.00, 0.32124, 0.0475, 0.32124, 0.0475, 0.99096, -0.11323, 0.07201, -77.3406, -19.65824, -107.07148
1055, 343, -81.06538, -31.26592, 111.48949, 112.45231, 1.35541, 1.35541, 1.35541, 1.00, 0.27177, 0.00674, 0.27177, 0.00674, 0.97896, 0.11808, 0.16642, -77.20985, -15.76329, -107.52689
1056, 347, -78.11272, -31.58375, 110.6292, 111.59231, 1.1575, 1.1575, 1.1575, 1.00, 0.06758, 0.0022, 0.06758, 0.0022, -0.62377, 0.48477, -0.61311, -75.63332, -15.93931, -104.98566
1057, 342, -78.93279, -33.50279, 108.03629, 109.00027, 1.15388, 1.15388, 1.15388, 1.00, 0.12673, 0.04318, 0.12673, 0.04318, -0.80567, 0.49268, -0.32887, -73.25101, -17.16672, -106.43887
1058, 339, -79.25636, -30.20861, 109.90697, 110.87032, 1.15535, 1.15535, 1.15535, 1.00, 0.13161, 0.00331, 0.13161, 0.00331, -0.70446, 0.65483, -0.27375, -75.28176, -14.89652, -106.22494
1059, 348, -77.62186, -35.20457, 108.94862, 109.91228, 1.15632, 1.15632, 1.15632, 1.00, 0.06962, 0.04232, 0.06962, 0.04232, -0.79404, 0.29536, -0.53129, -73.72984, -18.45837, -104.9982
1060, 342, -78.93279, -33.50279, 108.03629, 109.00027, 1.15388, 1.15388, 1.15388, 1.00, 0.12673, 0.04318, 0.12673, 0.04318, -0.80567, 0.49268, -0.32887, -73.25101, -17.16672, -106.43887
1061, 347, -78.11272, -31.58375, 110.6292, 111.59231, 1.1575, 1.1575, 1.1575, 1.00, 0.06758, 0.0022, 0.06758, 0.0022, -0.62377, 0.48477, -0.61311, -75.63332, -15.93931, -104.98566
1062, 349, -79.71426, -32.47939, 111.99512, 112.95778, 0.00, 0.00, 0.00, 1.00, 0.00909, 0.00308, 0.00909, 0.00308, 0.42346, -0.29928, -0.85505, -77.30822, -16.67516, -106.14676
1063, 350, -77.62186, -35.20457, 108.94862, 109.91228, 0.00, 0.00, 0.00, 1.00, 0.06953, 0.04232, 0.06953, 0.04232, 0.35678, -0.4272, -0.83079, -73.72984, -18.45837, -104.9982
1064, 351, -78.11272, -31.58375, 110.6292, 111.59231, 0.00, 0.00, 0.00, 1.00, 0.06744, 0.00219, 0.06744, 0.00219, 0.43423, -0.33239, -0.83723, -75.63332, -15.93931, -104.98566
1065, 352, -80.64554, -36.59493, 111.97875, 112.94141, 0.00, 0.00, 0.00, 1.00, 0.00573, 0.04991, 0.00573, 0.04991, 0.27794, -0.53639, -0.79689, -77.3406, -19.65824, -107.07148
1066, 350, -77.62186, -35.20457, 108.94862, 109.91228, 0.00, 0.00, 0.00, 1.00, 0.06953, 0.04232, 0.06953, 0.04232, 0.35678, -0.4272, -0.83079, -73.72984, -18.45837, -104.9982
1067, 349, -79.71426, -32.47939, 111.99512, 112.95778, 0.00, 0.00, 0.00, 1.00, 0.00909, 0.00308, 0.00909, 0.00308, 0.42346, -0.29928, -0.85505, -77.30822, -16.67516, -106.14676
1068, 353, -81.16384, -30.29688, 111.05275, 112.01572, 1.63318, 1.63318, 1.63318, 1.00, 0.22293, 0.00477, 0.22293, 0.00477, 0.85443, 0.2639, 0.44756, -76.85619, -15.03302, -107.71929
1069, 346, -82.35452, -35.15118, 111.53747, 112.50027, 1.47876, 1.47876, 1.47876, 1.00, 0.27484, 0.04949, 0.27484, 0.04949, 0.93685, -0.03998, 0.34743, -77.40334, -18.58347, -108.76753
1070, 343, -81.06538, -31.26592, 111.48949, 112.45231, 1.35541, 1.35541, 1.35541, 1.00, 0.27177, 0.00674, 0.27177, 0.00674, 0.97896, 0.11808, 0.16642, -77.20985, -15.76329, -107.52689
1071, 354, -83.10918, -32.98294, 110.26627, 111.2295, 1.73116, 1.73116, 1.73116, 1.00, 0.22844, 0.04552, 0.22844, 0.04552, 0.7887, 0.088, 0.60845, -76.4611, -16.93088, -109.77355
1072, 346, -82.35452, -35.15118, 111.53747, 112.50027, 1.47876, 1.47876, 1.47876, 1.00, 0.27484, 0.04949, 0.27484, 0.04949, 0.93685, -0.03998, 0.34743, -77.40334, -18.58347, -108.76753
1073, 353, -81.16384, -30.29688, 111.05275, 112.01572, 1.63318, 1.63318, 1.63318, 1.00, 0.22293, 0.00477, 0.22293, 0.00477, 0.85443, 0.2639, 0.44756, -76.85619, -15.03302, -107.71929
1074, 355, -80.03512, -29.77906, 109.99188, 110.9552, 0.73644, 0.73644, 0.73644, 1.00, 0.17658, 0.0044, 0.17658, 0.0044, -0.14499, 0.74154, 0.65506, -75.57601, -14.59043, -106.9274
1075, 356, -83.10918, -32.98294, 110.26627, 111.2295, 0.76149, 0.76149, 0.76149, 1.00, 0.22837, 0.04551, 0.22837, 0.04551, -0.18326, 0.69061, 0.69963, -76.4611, -16.93088, -109.77355
1076, 357, -81.16384, -30.29688, 111.05275, 112.01572, 0.735, 0.735, 0.735, 1.00, 0.22281, 0.00477, 0.22281, 0.00477, -0.14929, 0.74036, 0.65543, -76.85619, -15.03302, -107.71929
1077, 358, -80.92606, -32.08879, 108.00156, 108.96555, 0.78869, 0.78869, 0.78869, 1.00, 0.17578, 0.04431, 0.17578, 0.04431, -0.21735, 0.63676, 0.7398, -73.77504, -16.13924, -108.29758
1078, 356, -83.10918, -32.98294, 110.26627, 111.2295, 0.76149, 0.76149, 0.76149, 1.00, 0.22837, 0.04551, 0.22837, 0.04551, -0.18326, 0.69061, 0.69963, -76.4611, -16.93088, -109.77355
1079, 355, -80.03512, -29.77906, 109.99188, 110.9552, 0.73644, 0.73644, 0.73644, 1.00, 0.17658, 0.0044, 0.17658, 0.0044, -0.14499, 0.74154, 0.65506, -75.57601, -14.59043, -106.9274
1080, 342, -78.93279, -33.50279, 108.03629, 109.00027, 1.15388, 1.15388, 1.15388, 1.00, 0.12673, 0.04318, 0.12673, 0.04318, -0.80567, 0.49268, -0.32887, -73.25101, -17.16672, -106.43887
1081, 359, -81.55812, -34.24979, 107.06787, 108.03217, 1.23601, 1.23601, 1.23601, 1.00, 0.172, 0.07336, 0.172, 0.07336, -0.89165, 0.45241, 0.01671, -72.93542, -17.64708, -109.15353
1082, 340, -80.92606, -32.08879, 108.00156, 108.96555, 1.19743, 1.19743, 1.19743, 1.00, 0.17579, 0.04419, 0.17579, 0.04419, -0.77258, 0.63096, -0.07074, -73.77504, -16.13924, -108.29758
1083, 360, -79.63472, -35.57954, 107.06619, 108.03049, 1.1512, 1.1512, 1.1512, 1.00, 0.12388, 0.07229, 0.12388, 0.07229, -0.96101, 0.2204, -0.16696, -72.39735, -18.61115, -107.36856
1084, 359, -81.55812, -34.24979, 107.06787, 108.03217, 1.23601, 1.23601, 1.23601, 1.00, 0.172, 0.07336, 0.172, 0.07336, -0.89165, 0.45241, 0.01671, -72.93542, -17.64708, -109.15353
1085, 342, -78.93279, -33.50279, 108.03629, 109.00027, 1.15388, 1.15388, 1.15388, 1.00, 0.12673, 0.04318, 0.12673, 0.04318, -0.80567, 0.49268, -0.32887, -73.25101, -17.16672, -106.43887
1086, 346, -82.35452, -35.15118, 111.53747, 112.50027, 1.47876, 1.47876, 1.47876, 1.00, 0.27484, 0.04949, 0.27484, 0.04949, 0.93685, -0.03998, 0.34743, -77.40334, -18.58347, -108.76753
1087, 361, -81.40569, -38.59272, 110.98012, 111.94312, 1.32403, 1.32403, 1.32403, 1.00, 0.32207, 0.07652, 0.32207, 0.07652, 0.79503, -0.52885, 0.29704, -76.47739, -21.04362, -108.06205
1088, 344, -80.64554, -36.59493, 111.97875, 112.94141, 1.22192, 1.22192, 1.22192, 1.00, 0.32124, 0.0475, 0.32124, 0.0475, 0.99096, -0.11323, 0.07201, -77.3406, -19.65824, -107.07148
1089, 362, -83.04495, -37.23024, 110.57574, 111.53887, 1.63696, 1.63696, 1.63696, 1.00, 0.27439, 0.07848, 0.27439, 0.07848, 0.67562, -0.39481, 0.62262, -76.5548, -20.03012, -109.68436
1090, 361, -81.40569, -38.59272, 110.98012, 111.94312, 1.32403, 1.32403, 1.32403, 1.00, 0.32207, 0.07652, 0.32207, 0.07652, 0.79503, -0.52885, 0.29704, -76.47739, -21.04362, -108.06205
1091, 346, -82.35452, -35.15118, 111.53747, 112.50027, 1.47876, 1.47876, 1.47876, 1.00, 0.27484, 0.04949, 0.27484, 0.04949, 0.93685, -0.03998, 0.34743, -77.40334, -18.58347, -108.76753
1092, 348, -77.62186, -35.20457, 108.94862, 109.91228, 1.15632, 1.15632, 1.15632, 1.00, 0.06962, 0.04232, 0.06962, 0.04232, -0.79404, 0.29536, -0.53129, -73.72984, -18.45837, -104.9982
1093, 360, -79.63472, -35.57954, 107.06619, 108.03049, 1.1512, 1.1512, 1.1512, 1.00, 0.12388, 0.07229, 0.12388, 0.07229, -0.96101, 0.2204, -0.16696, -72.39735, -18.61115, -107.36856
1094, 342, -78.93279, -33.50279, 108.03629, 109.00027, 1.15388, 1.15388, 1.15388, 1.00, 0.12673, 0.04318, 0.12673, 0.04318, -0.80567, 0.49268, -0.32887, -73.25101, -17.16672, -106.43887
1095, 363, -78.394, -37.19799, 107.94164, 108.90564, 1.15349, 1.15349, 1.15349, 1.00, 0.0705, 0.0715, 0.0705, 0.0715, -0.95748, -0.02962, -0.28697, -72.86176, -19.84006, -106.00208
1096, 360, -79.63472, -35.57954, 107.06619, 108.03049, 1.1512, 1.1512, 1.1512, 1.00, 0.12388, 0.07229, 0.12388, 0.07229, -0.96101, 0.2204, -0.16696, -72.39735, -18.61115, -107.36856
1097, 348, -77.62186, -35.20457, 108.94862, 109.91228, 1.15632, 1.15632, 1.15632, 1.00, 0.06962, 0.04232, 0.06962, 0.04232, -0.79404, 0.29536, -0.53129, -73.72984, -18.45837, -104.9982
1098, 352, -80.64554, -36.59493, 111.97875, 112.94141, 0.00, 0.00, 0.00, 1.00, 0.00573, 0.04991, 0.00573, 0.04991, 0.27794, -0.53639, -0.79689, -77.3406, -19.65824, -107.07148
1099, 364, -78.394, -37.19799, 107.94164, 108.90564, 0.00, 0.00, 0.00, 1.00, 0.0705, 0.0714, 0.0705, 0.0714, 0.18015, -0.67939, -0.71132, -72.86176, -19.84006, -106.00208
1100, 350, -77.62186, -35.20457, 108.94862, 109.91228, 0.00, 0.00, 0.00, 1.00, 0.06953, 0.04232, 0.06953, 0.04232, 0.35678, -0.4272, -0.83079, -73.72984, -18.45837, -104.9982
1101, 365, -81.40569, -38.59272, 110.98012, 111.94312, 0.00, 0.00, 0.00, 1.00, 0.0081, 0.07893, 0.0081, 0.07893, 0.15312, -0.7196, -0.6773, -76.47739, -21.04362, -108.06205
1102, 364, -78.394, -37.19799, 107.94164, 108.90564, 0.00, 0.00, 0.00, 1.00, 0.0705, 0.0714, 0.0705, 0.0714, 0.18015, -0.67939, -0.71132, -72.86176, -19.84006, -106.00208
1103, 352, -80.64554, -36.59493, 111.97875, 112.94141, 0.00, 0.00, 0.00, 1.00, 0.00573, 0.04991, 0.00573, 0.04991, 0.27794, -0.53639, -0.79689, -77.3406, -19.65824, -107.07148
1104, 354, -83.10918, -32.98294, 110.26627, 111.2295, 1.73116, 1.73116, 1.73116, 1.00, 0.22844, 0.04552, 0.22844, 0.04552, 0.7887, 0.088, 0.60845, -76.4611, -16.93088, -109.77355
1105, 362, -83.04495, -37.23024, 110.57574, 111.53887, 1.63696, 1.63696, 1.63696, 1.00, 0.27439, 0.07848, 0.27439, 0.07848, 0.67562, -0.39481, 0.62262, -76.5548, -20.03012, -109.68436
1106, 346, -82.35452, -35.15118, 111.53747, 112.50027, 1.47876, 1.47876, 1.47876, 1.00, 0.27484, 0.04949, 0.27484, 0.04949, 0.93685, -0.03998, 0.34743, -77.40334, -18.58347, -108.76753
1107, 366, -83.73265, -35.15022, 109.3379, 110.30145, 1.8395, 1.8395, 1.8395, 1.00, 0.22639, 0.07458, 0.22639, 0.07458, 0.55645, -0.19344, 0.80805, -75.6242, -18.4436, -110.62018
1108, 362, -83.04495, -37.23024, 110.57574, 111.53887, 1.63696, 1.63696, 1.63696, 1.00, 0.27439, 0.07848, 0.27439, 0.07848, 0.67562, -0.39481, 0.62262, -76.5548, -20.03012, -109.68436
1109, 354, -83.10918, -32.98294, 110.26627, 111.2295, 1.73116, 1.73116, 1.73116, 1.00, 0.22844, 0.04552, 0.22844, 0.04552, 0.7887, 0.088, 0.60845, -76.4611, -16.93088, -109.77355
1110, 358, -80.92606, -32.08879, 108.00156, 108.96555, 0.78869, 0.78869, 0.78869, 1.00, 0.17578, 0.04431, 0.17578, 0.04431, -0.21735, 0.63676, 0.7398, -73.77504, -16.13924, -108.29758
1111, 367, -83.73265, -35.15022, 109.3379, 110.30145, 0.78205, 0.78205, 0.78205, 1.00, 0.22633, 0.07458, 0.22633, 0.07458, -0.21044, 0.64551, 0.73419, -75.6242, -18.4436, -110.62018
1112, 356, -83.10918, -32.98294, 110.26627, 111.2295, 0.76149, 0.76149, 0.76149, 1.00, 0.22837, 0.04551, 0.22837, 0.04551, -0.18326, 0.69061, 0.69963, -76.4611, -16.93088, -109.77355
1113, 368, -81.55812, -34.24979, 107.06787, 108.03217, 0.75981, 0.75981, 0.75981, 1.00, 0.17202, 0.07336, 0.17202, 0.07336, -0.17907, 0.69874, 0.6926, -72.93542, -17.64708, -109.15353
1114, 367, -83.73265, -35.15022, 109.3379, 110.30145, 0.78205, 0.78205, 0.78205, 1.00, 0.22633, 0.07458, 0.22633, 0.07458, -0.21044, 0.64551, 0.73419, -75.6242, -18.4436, -110.62018
1115, 358, -80.92606, -32.08879, 108.00156, 108.96555, 0.78869, 0.78869, 0.78869, 1.00, 0.17578, 0.04431, 0.17578, 0.04431, -0.21735, 0.63676, 0.7398, -73.77504, -16.13924, -108.29758
1116, 360, -79.63472, -35.57954, 107.06619, 108.03049, 1.1512, 1.1512, 1.1512, 1.00, 0.12388, 0.07229, 0.12388, 0.07229, -0.96101, 0.2204, -0.16696, -72.39735, -18.61115, -107.36856
1117, 369, -82.28526, -35.32456, 106.68579, 107.65022, 0.11419, 0.11419, 0.11419, 1.00, 0.17143, 0.0923, 0.17143, 0.0923, -0.96174, 0.25805, 0.09197, -72.69964, -18.40221, -109.94473
1118, 359, -81.55812, -34.24979, 107.06787, 108.03217, 1.23601, 1.23601, 1.23601, 1.00, 0.172, 0.07336, 0.172, 0.07336, -0.89165, 0.45241, 0.01671, -72.93542, -17.64708, -109.15353
1119, 370, -80.51395, -36.72807, 106.86797, 107.83233, 1.14888, 1.14888, 1.14888, 1.00, 0.12403, 0.08898, 0.12403, 0.08898, -0.99473, -0.04876, -0.09024, -72.37334, -19.43139, -108.25607
1120, 369, -82.28526, -35.32456, 106.68579, 107.65022, 0.11419, 0.11419, 0.11419, 1.00, 0.17143, 0.0923, 0.17143, 0.0923, -0.96174, 0.25805, 0.09197, -72.69964, -18.40221, -109.94473
1121, 360, -79.63472, -35.57954, 107.06619, 108.03049, 1.1512, 1.1512, 1.1512, 1.00, 0.12388, 0.07229, 0.12388, 0.07229, -0.96101, 0.2204, -0.16696, -72.39735, -18.61115, -107.36856
1122, 362, -83.04495, -37.23024, 110.57574, 111.53887, 1.63696, 1.63696, 1.63696, 1.00, 0.27439, 0.07848, 0.27439, 0.07848, 0.67562, -0.39481, 0.62262, -76.5548, -20.03012, -109.68436
1123, 371, -81.53667, -39.36716, 109.89171, 110.85507, 1.4207, 1.4207, 1.4207, 1.00, 0.31885, 0.09196, 0.31885, 0.09196, 0.48331, -0.73944, 0.46865, -75.42584, -21.53629, -108.47201
1124, 361, -81.40569, -38.59272, 110.98012, 111.94312, 1.32403, 1.32403, 1.32403, 1.00, 0.32207, 0.07652, 0.32207, 0.07652, 0.79503, -0.52885, 0.29704, -76.47739, -21.04362, -108.06205
1125, 372, -83.09995, -37.96115, 109.40382, 110.36735, 1.73193, 1.73193, 1.73193, 1.00, 0.27475, 0.09369, 0.27475, 0.09369, 0.47684, -0.45408, 0.75262, -75.40581, -20.48594, -110.04399
1126, 371, -81.53667, -39.36716, 109.89171, 110.85507, 1.4207, 1.4207, 1.4207, 1.00, 0.31885, 0.09196, 0.31885, 0.09196, 0.48331, -0.73944, 0.46865, -75.42584, -21.53629, -108.47201
1127, 362, -83.04495, -37.23024, 110.57574, 111.53887, 1.63696, 1.63696, 1.63696, 1.00, 0.27439, 0.07848, 0.27439, 0.07848, 0.67562, -0.39481, 0.62262, -76.5548, -20.03012, -109.68436
1128, 363, -78.394, -37.19799, 107.94164, 108.90564, 1.15349, 1.15349, 1.15349, 1.00, 0.0705, 0.0715, 0.0705, 0.0715, -0.95748, -0.02962, -0.28697, -72.86176, -19.84006, -106.00208
1129, 370, -80.51395, -36.72807, 106.86797, 107.83233, 1.14888, 1.14888, 1.14888, 1.00, 0.12403, 0.08898, 0.12403, 0.08898, -0.99473, -0.04876, -0.09024, -72.37334, -19.43139, -108.25607
1130, 360, -79.63472, -35.57954, 107.06619, 108.03049, 1.1512, 1.1512, 1.1512, 1.00, 0.12388, 0.07229, 0.12388, 0.07229, -0.96101, 0.2204, -0.16696, -72.39735, -18.61115, -107.36856
1131, 373, -79.2436, -38.33668, 107.7019, 108.66599, 1.15121, 1.15121, 1.15121, 1.00, 0.07376, 0.08962, 0.07376, 0.08962, -0.97465, -0.1185, -0.18979, -72.79079, -20.65054, -106.87233
1132, 370, -80.51395, -36.72807, 106.86797, 107.83233, 1.14888, 1.14888, 1.14888, 1.00, 0.12403, 0.08898, 0.12403, 0.08898, -0.99473, -0.04876, -0.09024, -72.37334, -19.43139, -108.25607
1133, 363, -78.394, -37.19799, 107.94164, 108.90564, 1.15349, 1.15349, 1.15349, 1.00, 0.0705, 0.0715, 0.0705, 0.0715, -0.95748, -0.02962, -0.28697, -72.86176, -19.84006, -106.00208
1134, 365, -81.40569, -38.59272, 110.98012, 111.94312, 0.00, 0.00, 0.00, 1.00, 0.0081, 0.07893, 0.0081, 0.07893, 0.15312, -0.7196, -0.6773, -76.47739, -21.04362, -108.06205
1135, 374, -79.2436, -38.33668, 107.7019, 108.66599, 0.00, 0.00, 0.00, 1.00, 0.0737, 0.08961, 0.0737, 0.08961, 0.12841, -0.75183, -0.64673, -72.79079, -20.65054, -106.87233
1136, 364, -78.394, -37.19799, 107.94164, 108.90564, 0.00, 0.00, 0.00, 1.00, 0.0705, 0.0714, 0.0705, 0.0714, 0.18015, -0.67939, -0.71132, -72.86176, -19.84006, -106.00208
1137, 375, -81.53667, -39.36716, 109.89171, 110.85507, 0.00, 0.00, 0.00, 1.00, 0.00648, 0.09305, 0.00648, 0.09305, 0.11878, -0.77257, -0.62373, -75.42584, -21.53629, -108.47201
1138, 374, -79.2436, -38.33668, 107.7019, 108.66599, 0.00, 0.00, 0.00, 1.00, 0.0737, 0.08961, 0.0737, 0.08961, 0.12841, -0.75183, -0.64673, -72.79079, -20.65054, -106.87233
1139, 365, -81.40569, -38.59272, 110.98012, 111.94312, 0.00, 0.00, 0.00, 1.00, 0.0081, 0.07893, 0.0081, 0.07893, 0.15312, -0.7196, -0.6773, -76.47739, -21.04362, -108.06205
1140, 366, -83.73265, -35.15022, 109.3379, 110.30145, 1.8395, 1.8395, 1.8395, 1.00, 0.22639, 0.07458, 0.22639, 0.07458, 0.55645, -0.19344, 0.80805, -75.6242, -18.4436, -110.62018
1141, 372, -83.09995, -37.96115, 109.40382, 110.36735, 1.73193, 1.73193, 1.73193, 1.00, 0.27475, 0.09369, 0.27475, 0.09369, 0.47684, -0.45408, 0.75262, -75.40581, -20.48594, -110.04399
1142, 362, -83.04495, -37.23024, 110.57574, 111.53887, 1.63696, 1.63696, 1.63696, 1.00, 0.27439, 0.07848, 0.27439, 0.07848, 0.67562, -0.39481, 0.62262, -76.5548, -20.03012, -109.68436
1143, 376, -83.93752, -35.9673, 108.33042, 109.2943, 1.80628, 1.80628, 1.80628, 1.00, 0.22155, 0.09023, 0.22155, 0.09023, 0.53693, -0.28158, 0.79525, -74.66714, -18.97231, -111.07913
1144, 372, -83.09995, -37.96115, 109.40382, 110.36735, 1.73193, 1.73193, 1.73193, 1.00, 0.27475, 0.09369, 0.27475, 0.09369, 0.47684, -0.45408, 0.75262, -75.40581, -20.48594, -110.04399
1145, 366, -83.73265, -35.15022, 109.3379, 110.30145, 1.8395, 1.8395, 1.8395, 1.00, 0.22639, 0.07458, 0.22639, 0.07458, 0.55645, -0.19344, 0.80805, -75.6242, -18.4436, -110.62018
1146, 368, -81.55812, -34.24979, 107.06787, 108.03217, 0.75981, 0.75981, 0.75981, 1.00, 0.17202, 0.07336, 0.17202, 0.07336, -0.17907, 0.69874, 0.6926, -72.93542, -17.64708, -109.15353
1147, 377, -83.93752, -35.9673, 108.33042, 109.2943, 0.72586, 0.72586, 0.72586, 1.00, 0.22148, 0.09023, 0.22148, 0.09023, -0.14137, 0.75141, 0.64451, -74.66714, -18.97231, -111.07913
1148, 367, -83.73265, -35.15022, 109.3379, 110.30145, 0.78205, 0.78205, 0.78205, 1.00, 0.22633, 0.07458, 0.22633, 0.07458, -0.21044, 0.64551, 0.73419, -75.6242, -18.4436, -110.62018
1149, 378, -82.28526, -35.32456, 106.68579, 107.65022, 0.73401, 0.73401, 0.73401, 1.00, 0.17145, 0.0923, 0.17145, 0.0923, -0.16388, 0.73749, 0.65517, -72.69964, -18.40221, -109.94473
1150, 377, -83.93752, -35.9673, 108.33042, 109.2943, 0.72586, 0.72586, 0.72586, 1.00, 0.22148, 0.09023, 0.22148, 0.09023, -0.14137, 0.75141, 0.64451, -74.66714, -18.97231, -111.07913
1151, 368, -81.55812, -34.24979, 107.06787, 108.03217, 0.75981, 0.75981, 0.75981, 1.00, 0.17202, 0.07336, 0.17202, 0.07336, -0.17907, 0.69874, 0.6926, -72.93542, -17.64708, -109.15353
1152, 379, -75.38931, -21.44813, 115.59067, 116.55212, 0.35059, 0.35059, 0.35059, 1.00, 0.81563, 0.00882, 0.81563, 0.00882, -0.65974, 0.70621, 0.25694, -80.19269, -8.90405, -101.04797
1153, 380, -78.62238, -23.44959, 114.63686, 115.59863, 0.69195, 0.69195, 0.69195, 1.00, 0.84986, 0.04749, 0.84986, 0.04749, -0.32759, 0.71292, 0.62003, -79.98624, -10.29494, -104.34276
1154, 381, -77.34323, -20.41858, 116.10764, 117.06892, 0.75523, 0.75523, 0.75523, 1.00, 0.85038, 0.00812, 0.85038, 0.00812, -0.24751, 0.6761, 0.69399, -81.22191, -8.19026, -102.73335
1155, 382, -76.39091, -24.05565, 113.62469, 114.58681, 0.40951, 0.40951, 0.40951, 1.00, 0.81401, 0.04676, 0.81401, 0.04676, -0.57351, 0.76088, 0.30355, -78.42942, -10.67034, -102.51906
1156, 380, -78.62238, -23.44959, 114.63686, 115.59863, 0.69195, 0.69195, 0.69195, 1.00, 0.84986, 0.04749, 0.84986, 0.04749, -0.32759, 0.71292, 0.62003, -79.98624, -10.29494, -104.34276
1157, 379, -75.38931, -21.44813, 115.59067, 116.55212, 0.35059, 0.35059, 0.35059, 1.00, 0.81563, 0.00882, 0.81563, 0.00882, -0.65974, 0.70621, 0.25694, -80.19269, -8.90405, -101.04797
1158, 383, -77.41427, -23.76435, 119.35079, 120.311, 1.24223, 1.24223, 1.24223, 1.00, 0.89628, 0.0081, 0.89628, 0.0081, 0.91149, -0.39141, 0.12645, -84.21841, -10.82144, -102.01039
1159, 384, -76.15457, -28.89918, 117.7452, 118.70593, 0.00, 0.00, 0.00, 1.00, 0.92383, 0.04943, 0.92383, 0.04943, 0.37644, -0.8305, -0.41056, -82.12914, -14.44304, -101.30167
1160, 385, -74.75862, -25.58282, 119.37981, 120.34, 0.00, 0.00, 0.00, 1.00, 0.92295, 0.00834, 0.92295, 0.00834, 0.30354, -0.68713, -0.66008, -83.50649, -12.14182, -99.53767
1161, 386, -78.90413, -27.22844, 117.86811, 118.8288, 1.45687, 1.45687, 1.45687, 1.00, 0.89729, 0.04995, 0.89729, 0.04995, 0.82556, -0.41472, 0.38269, -83.0043, -13.23938, -103.82525
1162, 384, -76.15457, -28.89918, 117.7452, 118.70593, 0.00, 0.00, 0.00, 1.00, 0.92383, 0.04943, 0.92383, 0.04943, 0.37644, -0.8305, -0.41056, -82.12914, -14.44304, -101.30167
1163, 383, -77.41427, -23.76435, 119.35079, 120.311, 1.24223, 1.24223, 1.24223, 1.00, 0.89628, 0.0081, 0.89628, 0.0081, 0.91149, -0.39141, 0.12645, -84.21841, -10.82144, -102.01039
1164, 387, -72.9335, -23.61228, 116.11103, 117.07231, 1.17387, 1.17387, 1.17387, 1.00, 0.95474, 0.00771, 0.95474, 0.00771, -0.76572, 0.09424, -0.63624, -79.98884, -10.50618, -98.64086
1165, 388, -76.39091, -24.05565, 113.62469, 114.58681, 1.16529, 1.16529, 1.16529, 1.00, 0.98858, 0.04646, 0.98858, 0.04646, -0.86713, 0.36275, -0.34131, -78.42942, -10.67034, -102.51906
1166, 389, -75.38931, -21.44813, 115.59067, 116.55212, 1.16926, 1.16926, 1.16926, 1.00, 0.9902, 0.00882, 0.9902, 0.00882, -0.78767, 0.54154, -0.29379, -80.19269, -8.90405, -101.04797
1167, 390, -74.19012, -26.58698, 114.67661, 115.63837, 1.16942, 1.16942, 1.16942, 1.00, 0.95589, 0.0481, 0.95589, 0.0481, -0.66405, -0.19792, -0.72101, -78.78515, -12.57232, -100.21922
1168, 388, -76.39091, -24.05565, 113.62469, 114.58681, 1.16529, 1.16529, 1.16529, 1.00, 0.98858, 0.04646, 0.98858, 0.04646, -0.86713, 0.36275, -0.34131, -78.42942, -10.67034, -102.51906
1169, 387, -72.9335, -23.61228, 116.11103, 117.07231, 1.17387, 1.17387, 1.17387, 1.00, 0.95474, 0.00771, 0.95474, 0.00771, -0.76572, 0.09424, -0.63624, -79.98884, -10.50618, -98.64086
1170, 385, -74.75862, -25.58282, 119.37981, 120.34, 0.00, 0.00, 0.00, 1.00, 0.92295, 0.00834, 0.92295, 0.00834, 0.30354, -0.68713, -0.66008, -83.50649, -12.14182, -99.53767
1171, 390, -74.19012, -26.58698, 114.67661, 115.63837, 1.16942, 1.16942, 1.16942, 1.00, 0.95589, 0.0481, 0.95589, 0.0481, -0.66405, -0.19792, -0.72101, -78.78515, -12.57232, -100.21922
1172, 387, -72.9335, -23.61228, 116.11103, 117.07231, 1.17387, 1.17387, 1.17387, 1.00, 0.95474, 0.00771, 0.95474, 0.00771, -0.76572, 0.09424, -0.63624, -79.98884, -10.50618, -98.64086
1173, 384, -76.15457, -28.89918, 117.7452, 118.70593, 0.00, 0.00, 0.00, 1.00, 0.92383, 0.04943, 0.92383, 0.04943, 0.37644, -0.8305, -0.41056, -82.12914, -14.44304, -101.30167
1174, 390, -74.19012, -26.58698, 114.67661, 115.63837, 1.16942, 1.16942, 1.16942, 1.00, 0.95589, 0.0481, 0.95589, 0.0481, -0.66405, -0.19792, -0.72101, -78.78515, -12.57232, -100.21922
1175, 385, -74.75862, -25.58282, 119.37981, 120.34, 0.00, 0.00, 0.00, 1.00, 0.92295, 0.00834, 0.92295, 0.00834, 0.30354, -0.68713, -0.66008, -83.50649, -12.14182, -99.53767
1176, 391, -78.64122, -21.7097, 118.55409, 119.51456, 1.84247, 1.84247, 1.84247, 1.00, 0.87489, 0.00678, 0.87489, 0.00678, 0.71704, 0.12915, 0.68496, -83.84592, -9.28123, -103.33872
1177, 386, -78.90413, -27.22844, 117.86811, 118.8288, 1.45687, 1.45687, 1.45687, 1.00, 0.89729, 0.04995, 0.89729, 0.04995, 0.82556, -0.41472, 0.38269, -83.0043, -13.23938, -103.82525
1178, 383, -77.41427, -23.76435, 119.35079, 120.311, 1.24223, 1.24223, 1.24223, 1.00, 0.89628, 0.0081, 0.89628, 0.0081, 0.91149, -0.39141, 0.12645, -84.21841, -10.82144, -102.01039
1179, 392, -80.02629, -24.99615, 116.94627, 117.90726, 2.0129, 2.0129, 2.0129, 1.00, 0.87444, 0.04921, 0.87444, 0.04921, 0.42871, 0.19969, 0.88109, -82.49303, -11.56245, -105.08535
1180, 386, -78.90413, -27.22844, 117.86811, 118.8288, 1.45687, 1.45687, 1.45687, 1.00, 0.89729, 0.04995, 0.89729, 0.04995, 0.82556, -0.41472, 0.38269, -83.0043, -13.23938, -103.82525
1181, 391, -78.64122, -21.7097, 118.55409, 119.51456, 1.84247, 1.84247, 1.84247, 1.00, 0.87489, 0.00678, 0.87489, 0.00678, 0.71704, 0.12915, 0.68496, -83.84592, -9.28123, -103.33872
1182, 381, -77.34323, -20.41858, 116.10764, 117.06892, 0.75523, 0.75523, 0.75523, 1.00, 0.85038, 0.00812, 0.85038, 0.00812, -0.24751, 0.6761, 0.69399, -81.22191, -8.19026, -102.73335
1183, 392, -80.02629, -24.99615, 116.94627, 117.90726, 2.0129, 2.0129, 2.0129, 1.00, 0.87444, 0.04921, 0.87444, 0.04921, 0.42871, 0.19969, 0.88109, -82.49303, -11.56245, -105.08535
1184, 391, -78.64122, -21.7097, 118.55409, 119.51456, 1.84247, 1.84247, 1.84247, 1.00, 0.87489, 0.00678, 0.87489, 0.00678, 0.71704, 0.12915, 0.68496, -83.84592, -9.28123, -103.33872
1185, 380, -78.62238, -23.44959, 114.63686, 115.59863, 0.69195, 0.69195, 0.69195, 1.00, 0.84986, 0.04749, 0.84986, 0.04749, -0.32759, 0.71292, 0.62003, -79.98624, -10.29494, -104.34276
1186, 392, -80.02629, -24.99615, 116.94627, 117.90726, 2.0129, 2.0129, 2.0129, 1.00, 0.87444, 0.04921, 0.87444, 0.04921, 0.42871, 0.19969, 0.88109, -82.49303, -11.56245, -105.08535
1187, 381, -77.34323, -20.41858, 116.10764, 117.06892, 0.75523, 0.75523, 0.75523, 1.00, 0.85038, 0.00812, 0.85038, 0.00812, -0.24751, 0.6761, 0.69399, -81.22191, -8.19026, -102.73335
1188, 382, -76.39091, -24.05565, 113.62469, 114.58681, 0.40951, 0.40951, 0.40951, 1.00, 0.81401, 0.04676, 0.81401, 0.04676, -0.57351, 0.76088, 0.30355, -78.42942, -10.67034, -102.51906
1189, 393, -80.03512, -29.77906, 109.99188, 110.9552, 0.41312, 0.41312, 0.41312, 1.00, 0.83237, 0.12965, 0.83237, 0.12965, -0.63505, 0.70328, 0.31954, -75.57601, -14.59043, -106.9274
1190, 380, -78.62238, -23.44959, 114.63686, 115.59863, 0.69195, 0.69195, 0.69195, 1.00, 0.84986, 0.04749, 0.84986, 0.04749, -0.32759, 0.71292, 0.62003, -79.98624, -10.29494, -104.34276
1191, 394, -79.25636, -30.20861, 109.90697, 110.87032, 0.14871, 0.14871, 0.14871, 1.00, 0.81382, 0.12904, 0.81382, 0.12904, -0.76777, 0.63928, 0.04313, -75.28176, -14.89652, -106.22494
1192, 393, -80.03512, -29.77906, 109.99188, 110.9552, 0.41312, 0.41312, 0.41312, 1.00, 0.83237, 0.12965, 0.83237, 0.12965, -0.63505, 0.70328, 0.31954, -75.57601, -14.59043, -106.9274
1193, 382, -76.39091, -24.05565, 113.62469, 114.58681, 0.40951, 0.40951, 0.40951, 1.00, 0.81401, 0.04676, 0.81401, 0.04676, -0.57351, 0.76088, 0.30355, -78.42942, -10.67034, -102.51906
1194, 386, -78.90413, -27.22844, 117.86811, 118.8288, 1.45687, 1.45687, 1.45687, 1.00, 0.89729, 0.04995, 0.89729, 0.04995, 0.82556, -0.41472, 0.38269, -83.0043, -13.23938, -103.82525
1195, 395, -79.71426, -32.47939, 111.99512, 112.95778, 1.15449, 1.15449, 1.15449, 1.00, 0.92921, 0.13049, 0.92921, 0.13049, 0.49276, -0.86021, 0.13123, -77.30822, -16.67516, -106.14676
1196, 384, -76.15457, -28.89918, 117.7452, 118.70593, 0.00, 0.00, 0.00, 1.00, 0.92383, 0.04943, 0.92383, 0.04943, 0.37644, -0.8305, -0.41056, -82.12914, -14.44304, -101.30167
1197, 396, -81.06538, -31.26592, 111.48949, 112.45231, 1.46046, 1.46046, 1.46046, 1.00, 0.89311, 0.13102, 0.89311, 0.13102, 0.59787, -0.6485, 0.47117, -77.20985, -15.76329, -107.52689
1198, 395, -79.71426, -32.47939, 111.99512, 112.95778, 1.15449, 1.15449, 1.15449, 1.00, 0.92921, 0.13049, 0.92921, 0.13049, 0.49276, -0.86021, 0.13123, -77.30822, -16.67516, -106.14676
1199, 397, -78.90413, -27.22844, 117.86811, 118.8288, 1.2503, 1.2503, 1.2503, 1.00, 0.89732, 0.04996, 0.89732, 0.04996, 0.55617, -0.79208, 0.25156, -83.0043, -13.23938, -103.82525
1200, 390, -74.19012, -26.58698, 114.67661, 115.63837, 1.16942, 1.16942, 1.16942, 1.00, 0.95589, 0.0481, 0.95589, 0.0481, -0.66405, -0.19792, -0.72101, -78.78515, -12.57232, -100.21922
1201, 398, -79.25636, -30.20861, 109.90697, 110.87032, 1.15535, 1.15535, 1.15535, 1.00, 0.99048, 0.13054, 0.99048, 0.13054, -0.81675, 0.19704, -0.54231, -75.28176, -14.89652, -106.22494
1202, 388, -76.39091, -24.05565, 113.62469, 114.58681, 1.16529, 1.16529, 1.16529, 1.00, 0.98858, 0.04646, 0.98858, 0.04646, -0.86713, 0.36275, -0.34131, -78.42942, -10.67034, -102.51906
1203, 399, -78.11272, -31.58375, 110.6292, 111.59231, 1.1575, 1.1575, 1.1575, 1.00, 0.95856, 0.1299, 0.95856, 0.1299, -0.33415, -0.61042, -0.71814, -75.63332, -15.93931, -104.98566
1204, 398, -79.25636, -30.20861, 109.90697, 110.87032, 1.15535, 1.15535, 1.15535, 1.00, 0.99048, 0.13054, 0.99048, 0.13054, -0.81675, 0.19704, -0.54231, -75.28176, -14.89652, -106.22494
1205, 390, -74.19012, -26.58698, 114.67661, 115.63837, 1.16942, 1.16942, 1.16942, 1.00, 0.95589, 0.0481, 0.95589, 0.0481, -0.66405, -0.19792, -0.72101, -78.78515, -12.57232, -100.21922
1206, 384, -76.15457, -28.89918, 117.7452, 118.70593, 0.00, 0.00, 0.00, 1.00, 0.92383, 0.04943, 0.92383, 0.04943, 0.37644, -0.8305, -0.41056, -82.12914, -14.44304, -101.30167
1207, 399, -78.11272, -31.58375, 110.6292, 111.59231, 1.1575, 1.1575, 1.1575, 1.00, 0.95856, 0.1299, 0.95856, 0.1299, -0.33415, -0.61042, -0.71814, -75.63332, -15.93931, -104.98566
1208, 390, -74.19012, -26.58698, 114.67661, 115.63837, 1.16942, 1.16942, 1.16942, 1.00, 0.95589, 0.0481, 0.95589, 0.0481, -0.66405, -0.19792, -0.72101, -78.78515, -12.57232, -100.21922
1209, 395, -79.71426, -32.47939, 111.99512, 112.95778, 1.15449, 1.15449, 1.15449, 1.00, 0.92921, 0.13049, 0.92921, 0.13049, 0.49276, -0.86021, 0.13123, -77.30822, -16.67516, -106.14676
1210, 399, -78.11272, -31.58375, 110.6292, 111.59231, 1.1575, 1.1575, 1.1575, 1.00, 0.95856, 0.1299, 0.95856, 0.1299, -0.33415, -0.61042, -0.71814, -75.63332, -15.93931, -104.98566
1211, 384, -76.15457, -28.89918, 117.7452, 118.70593, 0.00, 0.00, 0.00, 1.00, 0.92383, 0.04943, 0.92383, 0.04943, 0.37644, -0.8305, -0.41056, -82.12914, -14.44304, -101.30167
1212, 392, -80.02629, -24.99615, 116.94627, 117.90726, 2.0129, 2.0129, 2.0129, 1.00, 0.87444, 0.04921, 0.87444, 0.04921, 0.42871, 0.19969, 0.88109, -82.49303, -11.56245, -105.08535
1213, 400, -81.06538, -31.26592, 111.48949, 112.45231, 1.94582, 1.94582, 1.94582, 1.00, 0.89315, 0.131, 0.89315, 0.131, 0.44024, -0.10118, 0.89216, -77.20985, -15.76329, -107.52689
1214, 386, -78.90413, -27.22844, 117.86811, 118.8288, 1.45687, 1.45687, 1.45687, 1.00, 0.89729, 0.04995, 0.89729, 0.04995, 0.82556, -0.41472, 0.38269, -83.0043, -13.23938, -103.82525
1215, 401, -81.16384, -30.29688, 111.05275, 112.01572, 0.89323, 0.89323, 0.89323, 1.00, 0.86425, 0.13012, 0.86425, 0.13012, -0.03733, 0.44494, 0.89478, -76.85619, -15.03302, -107.71929
1216, 400, -81.06538, -31.26592, 111.48949, 112.45231, 1.94582, 1.94582, 1.94582, 1.00, 0.89315, 0.131, 0.89315, 0.131, 0.44024, -0.10118, 0.89216, -77.20985, -15.76329, -107.52689
1217, 392, -80.02629, -24.99615, 116.94627, 117.90726, 2.0129, 2.0129, 2.0129, 1.00, 0.87444, 0.04921, 0.87444, 0.04921, 0.42871, 0.19969, 0.88109, -82.49303, -11.56245, -105.08535
1218, 380, -78.62238, -23.44959, 114.63686, 115.59863, 0.69195, 0.69195, 0.69195, 1.00, 0.84986, 0.04749, 0.84986, 0.04749, -0.32759, 0.71292, 0.62003, -79.98624, -10.29494, -104.34276
1219, 401, -81.16384, -30.29688, 111.05275, 112.01572, 0.89323, 0.89323, 0.89323, 1.00, 0.86425, 0.13012, 0.86425, 0.13012, -0.03733, 0.44494, 0.89478, -76.85619, -15.03302, -107.71929
1220, 392, -80.02629, -24.99615, 116.94627, 117.90726, 2.0129, 2.0129, 2.0129, 1.00, 0.87444, 0.04921, 0.87444, 0.04921, 0.42871, 0.19969, 0.88109, -82.49303, -11.56245, -105.08535
1221, 393, -80.03512, -29.77906, 109.99188, 110.9552, 0.41312, 0.41312, 0.41312, 1.00, 0.83237, 0.12965, 0.83237, 0.12965, -0.63505, 0.70328, 0.31954, -75.57601, -14.59043, -106.9274
1222, 401, -81.16384, -30.29688, 111.05275, 112.01572, 0.89323, 0.89323, 0.89323, 1.00, 0.86425, 0.13012, 0.86425, 0.13012, -0.03733, 0.44494, 0.89478, -76.85619, -15.03302, -107.71929
1223, 380, -78.62238, -23.44959, 114.63686, 115.59863, 0.69195, 0.69195, 0.69195, 1.00, 0.84986, 0.04749, 0.84986, 0.04749, -0.32759, 0.71292, 0.62003, -79.98624, -10.29494, -104.34276
1224, 402, -68.72269, -4.71113, 113.48412, 114.44629, 0.85921, 0.85921, 0.85921, 1.00, 0.99013, 0.19746, 0.99013, 0.19746, 0.03313, 0.59347, 0.80418, -77.25075, 3.36499, -95.14661
1225, 403, -70.3372, -6.5883, 117.66147, 118.62223, 2.07247, 2.07247, 2.07247, 1.00, 0.90, 0.24736, 0.90, 0.24736, 0.1312, 0.52067, 0.84362, -81.59647, 1.73956, -95.61286
1226, 404, -68.66393, -2.36048, 117.98677, 118.94743, 1.68618, 1.68618, 1.68618, 1.00, 0.87617, 0.20965, 0.87617, 0.20965, 0.5849, 0.72525, 0.3632, -81.68286, 4.78452, -93.91307
1227, 405, -70.69586, -8.85712, 114.85174, 115.81345, 0.89623, 0.89623, 0.89623, 1.00, 0.99122, 0.2465, 0.99122, 0.2465, 0.07311, 0.49994, 0.86297, -78.87502, 0.27226, -96.69357
1228, 403, -70.3372, -6.5883, 117.66147, 118.62223, 2.07247, 2.07247, 2.07247, 1.00, 0.90, 0.24736, 0.90, 0.24736, 0.1312, 0.52067, 0.84362, -81.59647, 1.73956, -95.61286
1229, 402, -68.72269, -4.71113, 113.48412, 114.44629, 0.85921, 0.85921, 0.85921, 1.00, 0.99013, 0.19746, 0.99013, 0.19746, 0.03313, 0.59347, 0.80418, -77.25075, 3.36499, -95.14661
1230, 402, -68.72269, -4.71113, 113.48412, 114.44629, 0.85921, 0.85921, 0.85921, 1.00, 0.99013, 0.19746, 0.99013, 0.19746, 0.03313, 0.59347, 0.80418, -77.25075, 3.36499, -95.14661
1231, 404, -68.66393, -2.36048, 117.98677, 118.94743, 1.68618, 1.68618, 1.68618, 1.00, 0.87617, 0.20965, 0.87617, 0.20965, 0.5849, 0.72525, 0.3632, -81.68286, 4.78452, -93.91307
1232, 406, -65.55019, 0.5469, 115.35677, 116.31831, 1.83936, 1.83936, 1.83936, 1.00, 0.89775, 0.14833, 0.89775, 0.14833, 0.22174, 0.82727, 0.5162, -78.50308, 7.05902, -91.63531
1233, 402, -68.72269, -4.71113, 113.48412, 114.44629, 0.85921, 0.85921, 0.85921, 1.00, 0.99013, 0.19746, 0.99013, 0.19746, 0.03313, 0.59347, 0.80418, -77.25075, 3.36499, -95.14661
1234, 406, -65.55019, 0.5469, 115.35677, 116.31831, 1.83936, 1.83936, 1.83936, 1.00, 0.89775, 0.14833, 0.89775, 0.14833, 0.22174, 0.82727, 0.5162, -78.50308, 7.05902, -91.63531
1235, 407, -65.78375, -1.32716, 112.27639, 113.23895, 0.80067, 0.80067, 0.80067, 1.00, 0.99046, 0.14853, 0.99046, 0.14853, -0.0217, 0.69263, 0.72097, -75.50711, 5.89508, -92.6634
1236, 408, -65.78375, -1.32716, 112.27639, 113.23895, 0.53412, 0.53412, 0.53412, 1.00, 0.73217, 0.10346, 0.73217, 0.10346, -0.4185, 0.80049, 0.42903, -75.50711, 5.89508, -92.6634
1237, 409, -65.55019, 0.5469, 115.35677, 116.31831, 1.5277, 1.5277, 1.5277, 1.00, 0.78808, 0.10212, 0.78808, 0.10212, 0.10892, 0.98104, 0.1603, -78.50308, 7.05902, -91.63531
1238, 410, -63.85259, 0.97055, 114.3784, 115.34026, 1.45099, 1.45099, 1.45099, 1.00, 0.78005, 0.11705, 0.78005, 0.11705, -0.10947, 0.99071, 0.08069, -77.1571, 7.42811, -90.29076
1239, 408, -65.78375, -1.32716, 112.27639, 113.23895, 0.53412, 0.53412, 0.53412, 1.00, 0.73217, 0.10346, 0.73217, 0.10346, -0.4185, 0.80049, 0.42903, -75.50711, 5.89508, -92.6634
1240, 410, -63.85259, 0.97055, 114.3784, 115.34026, 1.45099, 1.45099, 1.45099, 1.00, 0.78005, 0.11705, 0.78005, 0.11705, -0.10947, 0.99071, 0.08069, -77.1571, 7.42811, -90.29076
1241, 411, -64.22063, -0.62926, 112.20102, 113.1636, 0.36591, 0.36591, 0.36591, 1.00, 0.73853, 0.11711, 0.73853, 0.11711, -0.58904, 0.76488, 0.26074, -75.07752, 6.40588, -91.21075
1242, 412, -62.28813, -5.71728, 118.4044, 119.36491, 0.00, 0.00, 0.00, 1.00, 0.80945, 0.21055, 0.80945, 0.21055, 0.86785, 0.39244, -0.30468, -80.3541, 2.32412, -87.87561
1243, 413, -69.58504, -5.22394, 119.55514, 120.51527, 1.51059, 1.51059, 1.51059, 1.00, 0.867, 0.24465, 0.867, 0.24465, 0.74548, 0.64091, 0.183, -83.29665, 2.60902, -94.40848
1244, 414, -65.86664, -8.15018, 120.26157, 121.22147, 0.00, 0.00, 0.00, 1.00, 0.80765, 0.24557, 0.80765, 0.24557, 0.58046, -0.05458, -0.81246, -82.92503, 0.44254, -90.78051
1245, 404, -68.66393, -2.36048, 117.98677, 118.94743, 1.68618, 1.68618, 1.68618, 1.00, 0.87617, 0.20965, 0.87617, 0.20965, 0.5849, 0.72525, 0.3632, -81.68286, 4.78452, -93.91307
1246, 413, -69.58504, -5.22394, 119.55514, 120.51527, 1.51059, 1.51059, 1.51059, 1.00, 0.867, 0.24465, 0.867, 0.24465, 0.74548, 0.64091, 0.183, -83.29665, 2.60902, -94.40848
1247, 412, -62.28813, -5.71728, 118.4044, 119.36491, 0.00, 0.00, 0.00, 1.00, 0.80945, 0.21055, 0.80945, 0.21055, 0.86785, 0.39244, -0.30468, -80.3541, 2.32412, -87.87561
1248, 415, -61.79107, -11.59608, 115.70989, 116.67131, 1.20249, 1.20249, 1.20249, 1.00, 0.71846, 0.24832, 0.71846, 0.24832, -0.8947, -0.44647, -0.013, -77.37092, -1.76802, -88.16811
1249, 416, -70.69586, -8.85712, 114.85174, 115.81345, 0.48757, 0.48757, 0.48757, 1.00, 0.61898, 0.24905, 0.61898, 0.24905, -0.77413, -0.21, 0.59717, -78.87502, 0.27226, -96.69357
1250, 417, -65.89494, -9.90939, 113.04713, 114.00943, 0.5387, 0.5387, 0.5387, 1.00, 0.70424, 0.21431, 0.70424, 0.21431, -0.74042, -0.20117, 0.64133, -75.89648, -0.37653, -92.67163
1251, 416, -70.69586, -8.85712, 114.85174, 115.81345, 0.48757, 0.48757, 0.48757, 1.00, 0.61898, 0.24905, 0.61898, 0.24905, -0.77413, -0.21, 0.59717, -78.87502, 0.27226, -96.69357
1252, 418, -68.72269, -4.71113, 113.48412, 114.44629, 0.4914, 0.4914, 0.4914, 1.00, 0.61758, 0.20001, 0.61758, 0.20001, -0.81654, -0.08245, 0.57137, -77.25075, 3.36499, -95.14661
1253, 417, -65.89494, -9.90939, 113.04713, 114.00943, 0.5387, 0.5387, 0.5387, 1.00, 0.70424, 0.21431, 0.70424, 0.21431, -0.74042, -0.20117, 0.64133, -75.89648, -0.37653, -92.67163
1254, 419, -62.17238, -0.29814, 116.62537, 117.58649, 1.20624, 1.20624, 1.20624, 1.00, 0.81012, 0.14623, 0.81012, 0.14623, 0.7601, 0.61676, -0.2046, -78.85064, 6.36602, -88.15807
1255, 404, -68.66393, -2.36048, 117.98677, 118.94743, 1.68618, 1.68618, 1.68618, 1.00, 0.87617, 0.20965, 0.87617, 0.20965, 0.5849, 0.72525, 0.3632, -81.68286, 4.78452, -93.91307
1256, 412, -62.28813, -5.71728, 118.4044, 119.36491, 0.00, 0.00, 0.00, 1.00, 0.80945, 0.21055, 0.80945, 0.21055, 0.86785, 0.39244, -0.30468, -80.3541, 2.32412, -87.87561
1257, 406, -65.55019, 0.5469, 115.35677, 116.31831, 1.83936, 1.83936, 1.83936, 1.00, 0.89775, 0.14833, 0.89775, 0.14833, 0.22174, 0.82727, 0.5162, -78.50308, 7.05902, -91.63531
1258, 404, -68.66393, -2.36048, 117.98677, 118.94743, 1.68618, 1.68618, 1.68618, 1.00, 0.87617, 0.20965, 0.87617, 0.20965, 0.5849, 0.72525, 0.3632, -81.68286, 4.78452, -93.91307
1259, 419, -62.17238, -0.29814, 116.62537, 117.58649, 1.20624, 1.20624, 1.20624, 1.00, 0.81012, 0.14623, 0.81012, 0.14623, 0.7601, 0.61676, -0.2046, -78.85064, 6.36602, -88.15807
1260, 417, -65.89494, -9.90939, 113.04713, 114.00943, 0.5387, 0.5387, 0.5387, 1.00, 0.70424, 0.21431, 0.70424, 0.21431, -0.74042, -0.20117, 0.64133, -75.89648, -0.37653, -92.67163
1261, 420, -65.78375, -1.32716, 112.27639, 113.23895, 0.60184, 0.60184, 0.60184, 1.00, 0.61774, 0.14789, 0.61774, 0.14789, -0.73854, -0.04501, 0.67271, -75.50711, 5.89508, -92.6634
1262, 421, -62.97372, -4.27579, 110.43562, 111.39879, 0.71991, 0.71991, 0.71991, 1.00, 0.69579, 0.14495, 0.69579, 0.14495, -0.61464, -0.03717, 0.78793, -72.90348, 3.87354, -90.53732
1263, 418, -68.72269, -4.71113, 113.48412, 114.44629, 0.4914, 0.4914, 0.4914, 1.00, 0.61758, 0.20001, 0.61758, 0.20001, -0.81654, -0.08245, 0.57137, -77.25075, 3.36499, -95.14661
1264, 420, -65.78375, -1.32716, 112.27639, 113.23895, 0.60184, 0.60184, 0.60184, 1.00, 0.61774, 0.14789, 0.61774, 0.14789, -0.73854, -0.04501, 0.67271, -75.50711, 5.89508, -92.6634
1265, 417, -65.89494, -9.90939, 113.04713, 114.00943, 0.5387, 0.5387, 0.5387, 1.00, 0.70424, 0.21431, 0.70424, 0.21431, -0.74042, -0.20117, 0.64133, -75.89648, -0.37653, -92.67163
1266, 422, -61.47321, 0.63718, 114.73351, 115.69525, 1.28181, 1.28181, 1.28181, 1.00, 0.7888, 0.14547, 0.7888, 0.14547, -0.03927, 0.99327, -0.10893, -76.89425, 7.16392, -87.97588
1267, 410, -63.85259, 0.97055, 114.3784, 115.34026, 1.45099, 1.45099, 1.45099, 1.00, 0.78005, 0.11705, 0.78005, 0.11705, -0.10947, 0.99071, 0.08069, -77.1571, 7.42811, -90.29076
1268, 423, -62.17238, -0.29814, 116.62537, 117.58649, 1.24848, 1.24848, 1.24848, 1.00, 0.80958, 0.14557, 0.80958, 0.14557, 0.38834, 0.91005, -0.14494, -78.85064, 6.36602, -88.15807
1269, 410, -63.85259, 0.97055, 114.3784, 115.34026, 1.45099, 1.45099, 1.45099, 1.00, 0.78005, 0.11705, 0.78005, 0.11705, -0.10947, 0.99071, 0.08069, -77.1571, 7.42811, -90.29076
1270, 409, -65.55019, 0.5469, 115.35677, 116.31831, 1.5277, 1.5277, 1.5277, 1.00, 0.78808, 0.10212, 0.78808, 0.10212, 0.10892, 0.98104, 0.1603, -78.50308, 7.05902, -91.63531
1271, 423, -62.17238, -0.29814, 116.62537, 117.58649, 1.24848, 1.24848, 1.24848, 1.00, 0.80958, 0.14557, 0.80958, 0.14557, 0.38834, 0.91005, -0.14494, -78.85064, 6.36602, -88.15807
1272, 424, -61.9896, -1.6253, 111.64265, 112.60542, 1.38302, 1.38302, 1.38302, 1.00, 0.72992, 0.14557, 0.72992, 0.14557, -0.5776, 0.81483, 0.04919, -73.9411, 5.71901, -89.27606
1273, 410, -63.85259, 0.97055, 114.3784, 115.34026, 1.45099, 1.45099, 1.45099, 1.00, 0.78005, 0.11705, 0.78005, 0.11705, -0.10947, 0.99071, 0.08069, -77.1571, 7.42811, -90.29076
1274, 422, -61.47321, 0.63718, 114.73351, 115.69525, 1.28181, 1.28181, 1.28181, 1.00, 0.7888, 0.14547, 0.7888, 0.14547, -0.03927, 0.99327, -0.10893, -76.89425, 7.16392, -87.97588
1275, 411, -64.22063, -0.62926, 112.20102, 113.1636, 0.36591, 0.36591, 0.36591, 1.00, 0.73853, 0.11711, 0.73853, 0.11711, -0.58904, 0.76488, 0.26074, -75.07752, 6.40588, -91.21075
1276, 410, -63.85259, 0.97055, 114.3784, 115.34026, 1.45099, 1.45099, 1.45099, 1.00, 0.78005, 0.11705, 0.78005, 0.11705, -0.10947, 0.99071, 0.08069, -77.1571, 7.42811, -90.29076
1277, 424, -61.9896, -1.6253, 111.64265, 112.60542, 1.38302, 1.38302, 1.38302, 1.00, 0.72992, 0.14557, 0.72992, 0.14557, -0.5776, 0.81483, 0.04919, -73.9411, 5.71901, -89.27606
1278, 425, -62.97372, -4.27579, 110.43562, 111.39879, 0.39088, 0.39088, 0.39088, 1.00, 0.69529, 0.14565, 0.69529, 0.14565, -0.75868, 0.565, 0.32432, -72.90348, 3.87354, -90.53732
1279, 411, -64.22063, -0.62926, 112.20102, 113.1636, 0.36591, 0.36591, 0.36591, 1.00, 0.73853, 0.11711, 0.73853, 0.11711, -0.58904, 0.76488, 0.26074, -75.07752, 6.40588, -91.21075
1280, 424, -61.9896, -1.6253, 111.64265, 112.60542, 1.38302, 1.38302, 1.38302, 1.00, 0.72992, 0.14557, 0.72992, 0.14557, -0.5776, 0.81483, 0.04919, -73.9411, 5.71901, -89.27606
1281, 408, -65.78375, -1.32716, 112.27639, 113.23895, 0.53412, 0.53412, 0.53412, 1.00, 0.73217, 0.10346, 0.73217, 0.10346, -0.4185, 0.80049, 0.42903, -75.50711, 5.89508, -92.6634
1282, 411, -64.22063, -0.62926, 112.20102, 113.1636, 0.36591, 0.36591, 0.36591, 1.00, 0.73853, 0.11711, 0.73853, 0.11711, -0.58904, 0.76488, 0.26074, -75.07752, 6.40588, -91.21075
1283, 425, -62.97372, -4.27579, 110.43562, 111.39879, 0.39088, 0.39088, 0.39088, 1.00, 0.69529, 0.14565, 0.69529, 0.14565, -0.75868, 0.565, 0.32432, -72.90348, 3.87354, -90.53732
1284, 415, -61.79107, -11.59608, 115.70989, 116.67131, 1.20249, 1.20249, 1.20249, 1.00, 0.71846, 0.24832, 0.71846, 0.24832, -0.8947, -0.44647, -0.013, -77.37092, -1.76802, -88.16811
1285, 426, -71.16805, -15.0583, 115.5947, 116.55615, 0.45192, 0.45192, 0.45192, 1.00, 0.66835, 0.29778, 0.66835, 0.29778, -0.7882, -0.23406, 0.56917, -79.43302, -4.27114, -97.0189
1286, 416, -70.69586, -8.85712, 114.85174, 115.81345, 0.48757, 0.48757, 0.48757, 1.00, 0.61898, 0.24905, 0.61898, 0.24905, -0.77413, -0.21, 0.59717, -78.87502, 0.27226, -96.69357
1287, 427, -69.33725, -17.888, 116.98221, 117.9432, 1.18415, 1.18415, 1.18415, 1.00, 0.70995, 0.31396, 0.70995, 0.31396, -0.55081, -0.74716, -0.37198, -80.19095, -6.41071, -94.98325
1288, 426, -71.16805, -15.0583, 115.5947, 116.55615, 0.45192, 0.45192, 0.45192, 1.00, 0.66835, 0.29778, 0.66835, 0.29778, -0.7882, -0.23406, 0.56917, -79.43302, -4.27114, -97.0189
1289, 415, -61.79107, -11.59608, 115.70989, 116.67131, 1.20249, 1.20249, 1.20249, 1.00, 0.71846, 0.24832, 0.71846, 0.24832, -0.8947, -0.44647, -0.013, -77.37092, -1.76802, -88.16811
1290, 414, -65.86664, -8.15018, 120.26157, 121.22147, 0.00, 0.00, 0.00, 1.00, 0.80765, 0.24557, 0.80765, 0.24557, 0.58046, -0.05458, -0.81246, -82.92503, 0.44254, -90.78051
1291, 427, -69.33725, -17.888, 116.98221, 117.9432, 1.18415, 1.18415, 1.18415, 1.00, 0.70995, 0.31396, 0.70995, 0.31396, -0.55081, -0.74716, -0.37198, -80.19095, -6.41071, -94.98325
1292, 415, -61.79107, -11.59608, 115.70989, 116.67131, 1.20249, 1.20249, 1.20249, 1.00, 0.71846, 0.24832, 0.71846, 0.24832, -0.8947, -0.44647, -0.013, -77.37092, -1.76802, -88.16811
1293, 428, -68.77068, -14.04663, 121.50128, 122.46077, 0.00, 0.00, 0.00, 1.00, 0.79836, 0.31124, 0.79836, 0.31124, 0.12393, -0.55561, -0.82216, -84.57916, -3.91133, -93.25246
1294, 427, -69.33725, -17.888, 116.98221, 117.9432, 1.18415, 1.18415, 1.18415, 1.00, 0.70995, 0.31396, 0.70995, 0.31396, -0.55081, -0.74716, -0.37198, -80.19095, -6.41071, -94.98325
1295, 414, -65.86664, -8.15018, 120.26157, 121.22147, 0.00, 0.00, 0.00, 1.00, 0.80765, 0.24557, 0.80765, 0.24557, 0.58046, -0.05458, -0.81246, -82.92503, 0.44254, -90.78051
1296, 413, -69.58504, -5.22394, 119.55514, 120.51527, 1.51059, 1.51059, 1.51059, 1.00, 0.867, 0.24465, 0.867, 0.24465, 0.74548, 0.64091, 0.183, -83.29665, 2.60902, -94.40848
1297, 429, -71.00312, -9.86258, 121.99598, 122.95531, 1.2098, 1.2098, 1.2098, 1.00, 0.85923, 0.2996, 0.85923, 0.2996, 0.90816, 0.40549, -0.10406, -85.79625, -0.90884, -95.16717
1298, 414, -65.86664, -8.15018, 120.26157, 121.22147, 0.00, 0.00, 0.00, 1.00, 0.80765, 0.24557, 0.80765, 0.24557, 0.58046, -0.05458, -0.81246, -82.92503, 0.44254, -90.78051
1299, 430, -73.13866, -10.76387, 120.52206, 121.48187, 1.90498, 1.90498, 1.90498, 1.00, 0.90049, 0.31033, 0.90049, 0.31033, 0.48694, 0.5959, 0.63859, -84.86476, -1.46909, -97.55421
1300, 429, -71.00312, -9.86258, 121.99598, 122.95531, 1.2098, 1.2098, 1.2098, 1.00, 0.85923, 0.2996, 0.85923, 0.2996, 0.90816, 0.40549, -0.10406, -85.79625, -0.90884, -95.16717
1301, 413, -69.58504, -5.22394, 119.55514, 120.51527, 1.51059, 1.51059, 1.51059, 1.00, 0.867, 0.24465, 0.867, 0.24465, 0.74548, 0.64091, 0.183, -83.29665, 2.60902, -94.40848
1302, 403, -70.3372, -6.5883, 117.66147, 118.62223, 2.07247, 2.07247, 2.07247, 1.00, 0.90, 0.24736, 0.90, 0.24736, 0.1312, 0.52067, 0.84362, -81.59647, 1.73956, -95.61286
1303, 405, -70.69586, -8.85712, 114.85174, 115.81345, 0.89623, 0.89623, 0.89623, 1.00, 0.99122, 0.2465, 0.99122, 0.2465, 0.07311, 0.49994, 0.86297, -78.87502, 0.27226, -96.69357
1304, 431, -73.4969, -13.72719, 117.3685, 118.32937, 0.90652, 0.90652, 0.90652, 1.00, 0.98934, 0.31183, 0.98934, 0.31183, 0.0795, 0.45685, 0.88598, -81.78075, -3.41821, -98.73058
1305, 431, -73.4969, -13.72719, 117.3685, 118.32937, 0.90652, 0.90652, 0.90652, 1.00, 0.98934, 0.31183, 0.98934, 0.31183, 0.0795, 0.45685, 0.88598, -81.78075, -3.41821, -98.73058
1306, 430, -73.13866, -10.76387, 120.52206, 121.48187, 1.90498, 1.90498, 1.90498, 1.00, 0.90049, 0.31033, 0.90049, 0.31033, 0.48694, 0.5959, 0.63859, -84.86476, -1.46909, -97.55421
1307, 403, -70.3372, -6.5883, 117.66147, 118.62223, 2.07247, 2.07247, 2.07247, 1.00, 0.90, 0.24736, 0.90, 0.24736, 0.1312, 0.52067, 0.84362, -81.59647, 1.73956, -95.61286
1308, 416, -70.69586, -8.85712, 114.85174, 115.81345, 0.48757, 0.48757, 0.48757, 1.00, 0.61898, 0.24905, 0.61898, 0.24905, -0.77413, -0.21, 0.59717, -78.87502, 0.27226, -96.69357
1309, 426, -71.16805, -15.0583, 115.5947, 116.55615, 0.45192, 0.45192, 0.45192, 1.00, 0.66835, 0.29778, 0.66835, 0.29778, -0.7882, -0.23406, 0.56917, -79.43302, -4.27114, -97.0189
1310, 432, -73.4969, -13.72719, 117.3685, 118.32937, 0.72064, 0.72064, 0.72064, 1.00, 0.61655, 0.31439, 0.61655, 0.31439, -0.59043, 0.00531, 0.80707, -81.78075, -3.41821, -98.73058
1311, 414, -65.86664, -8.15018, 120.26157, 121.22147, 0.00, 0.00, 0.00, 1.00, 0.80765, 0.24557, 0.80765, 0.24557, 0.58046, -0.05458, -0.81246, -82.92503, 0.44254, -90.78051
1312, 429, -71.00312, -9.86258, 121.99598, 122.95531, 1.2098, 1.2098, 1.2098, 1.00, 0.85923, 0.2996, 0.85923, 0.2996, 0.90816, 0.40549, -0.10406, -85.79625, -0.90884, -95.16717
1313, 433, -70.36809, -15.70748, 122.735, 123.69408, 0.00, 0.00, 0.00, 1.00, 0.80882, 0.34002, 0.80882, 0.34002, 0.40191, -0.07172, -0.91287, -86.09152, -5.19365, -94.4525
1314, 426, -71.16805, -15.0583, 115.5947, 116.55615, 0.45192, 0.45192, 0.45192, 1.00, 0.66835, 0.29778, 0.66835, 0.29778, -0.7882, -0.23406, 0.56917, -79.43302, -4.27114, -97.0189
1315, 434, -74.48045, -16.10778, 118.18566, 119.14625, 0.68098, 0.68098, 0.68098, 1.00, 0.61687, 0.34162, 0.61687, 0.34162, -0.61213, -0.08165, 0.78653, -82.70705, -5.19605, -99.47076
1316, 432, -73.4969, -13.72719, 117.3685, 118.32937, 0.72064, 0.72064, 0.72064, 1.00, 0.61655, 0.31439, 0.61655, 0.31439, -0.59043, 0.00531, 0.80707, -81.78075, -3.41821, -98.73058
1317, 435, -73.27673, -17.83736, 117.70846, 118.66921, 0.28379, 0.28379, 0.28379, 1.00, 0.66031, 0.3427, 0.66031, 0.3427, -0.8397, -0.34516, 0.41925, -81.87125, -6.41994, -98.48594
1318, 434, -74.48045, -16.10778, 118.18566, 119.14625, 0.68098, 0.68098, 0.68098, 1.00, 0.61687, 0.34162, 0.61687, 0.34162, -0.61213, -0.08165, 0.78653, -82.70705, -5.19605, -99.47076
1319, 426, -71.16805, -15.0583, 115.5947, 116.55615, 0.45192, 0.45192, 0.45192, 1.00, 0.66835, 0.29778, 0.66835, 0.29778, -0.7882, -0.23406, 0.56917, -79.43302, -4.27114, -97.0189
1320, 414, -65.86664, -8.15018, 120.26157, 121.22147, 0.00, 0.00, 0.00, 1.00, 0.80765, 0.24557, 0.80765, 0.24557, 0.58046, -0.05458, -0.81246, -82.92503, 0.44254, -90.78051
1321, 433, -70.36809, -15.70748, 122.735, 123.69408, 0.00, 0.00, 0.00, 1.00, 0.80882, 0.34002, 0.80882, 0.34002, 0.40191, -0.07172, -0.91287, -86.09152, -5.19365, -94.4525
1322, 428, -68.77068, -14.04663, 121.50128, 122.46077, 0.00, 0.00, 0.00, 1.00, 0.79836, 0.31124, 0.79836, 0.31124, 0.12393, -0.55561, -0.82216, -84.57916, -3.91133, -93.25246
1323, 436, -72.55789, -13.76901, 122.80762, 123.76667, 1.18133, 1.18133, 1.18133, 1.00, 0.85691, 0.34094, 0.85691, 0.34094, 0.76791, 0.59055, -0.24813, -86.79117, -3.7927, -96.46164
1324, 433, -70.36809, -15.70748, 122.735, 123.69408, 0.00, 0.00, 0.00, 1.00, 0.80882, 0.34002, 0.80882, 0.34002, 0.40191, -0.07172, -0.91287, -86.09152, -5.19365, -94.4525
1325, 429, -71.00312, -9.86258, 121.99598, 122.95531, 1.2098, 1.2098, 1.2098, 1.00, 0.85923, 0.2996, 0.85923, 0.2996, 0.90816, 0.40549, -0.10406, -85.79625, -0.90884, -95.16717
1326, 427, -69.33725, -17.888, 116.98221, 117.9432, 1.18415, 1.18415, 1.18415, 1.00, 0.70995, 0.31396, 0.70995, 0.31396, -0.55081, -0.74716, -0.37198, -80.19095, -6.41071, -94.98325
1327, 435, -73.27673, -17.83736, 117.70846, 118.66921, 0.28379, 0.28379, 0.28379, 1.00, 0.66031, 0.3427, 0.66031, 0.3427, -0.8397, -0.34516, 0.41925, -81.87125, -6.41994, -98.48594
1328, 426, -71.16805, -15.0583, 115.5947, 116.55615, 0.45192, 0.45192, 0.45192, 1.00, 0.66835, 0.29778, 0.66835, 0.29778, -0.7882, -0.23406, 0.56917, -79.43302, -4.27114, -97.0189
1329, 437, -70.96072, -19.39289, 118.12862, 119.08923, 1.1806, 1.1806, 1.1806, 1.00, 0.70581, 0.34132, 0.70581, 0.34132, -0.70995, -0.52141, -0.47339, -81.63251, -7.57442, -96.22818
1330, 435, -73.27673, -17.83736, 117.70846, 118.66921, 0.28379, 0.28379, 0.28379, 1.00, 0.66031, 0.3427, 0.66031, 0.3427, -0.8397, -0.34516, 0.41925, -81.87125, -6.41994, -98.48594
1331, 427, -69.33725, -17.888, 116.98221, 117.9432, 1.18415, 1.18415, 1.18415, 1.00, 0.70995, 0.31396, 0.70995, 0.31396, -0.55081, -0.74716, -0.37198, -80.19095, -6.41071, -94.98325
1332, 428, -68.77068, -14.04663, 121.50128, 122.46077, 0.00, 0.00, 0.00, 1.00, 0.79836, 0.31124, 0.79836, 0.31124, 0.12393, -0.55561, -0.82216, -84.57916, -3.91133, -93.25246
1333, 437, -70.96072, -19.39289, 118.12862, 119.08923, 1.1806, 1.1806, 1.1806, 1.00, 0.70581, 0.34132, 0.70581, 0.34132, -0.70995, -0.52141, -0.47339, -81.63251, -7.57442, -96.22818
1334, 427, -69.33725, -17.888, 116.98221, 117.9432, 1.18415, 1.18415, 1.18415, 1.00, 0.70995, 0.31396, 0.70995, 0.31396, -0.55081, -0.74716, -0.37198, -80.19095, -6.41071, -94.98325
1335, 433, -70.36809, -15.70748, 122.735, 123.69408, 0.00, 0.00, 0.00, 1.00, 0.80882, 0.34002, 0.80882, 0.34002, 0.40191, -0.07172, -0.91287, -86.09152, -5.19365, -94.4525
1336, 437, -70.96072, -19.39289, 118.12862, 119.08923, 1.1806, 1.1806, 1.1806, 1.00, 0.70581, 0.34132, 0.70581, 0.34132, -0.70995, -0.52141, -0.47339, -81.63251, -7.57442, -96.22818
1337, 428, -68.77068, -14.04663, 121.50128, 122.46077, 0.00, 0.00, 0.00, 1.00, 0.79836, 0.31124, 0.79836, 0.31124, 0.12393, -0.55561, -0.82216, -84.57916, -3.91133, -93.25246
1338, 430, -73.13866, -10.76387, 120.52206, 121.48187, 1.90498, 1.90498, 1.90498, 1.00, 0.90049, 0.31033, 0.90049, 0.31033, 0.48694, 0.5959, 0.63859, -84.86476, -1.46909, -97.55421
1339, 436, -72.55789, -13.76901, 122.80762, 123.76667, 1.18133, 1.18133, 1.18133, 1.00, 0.85691, 0.34094, 0.85691, 0.34094, 0.76791, 0.59055, -0.24813, -86.79117, -3.7927, -96.46164
1340, 429, -71.00312, -9.86258, 121.99598, 122.95531, 1.2098, 1.2098, 1.2098, 1.00, 0.85923, 0.2996, 0.85923, 0.2996, 0.90816, 0.40549, -0.10406, -85.79625, -0.90884, -95.16717
1341, 438, -73.96014, -13.06706, 121.82927, 122.78864, 1.76794, 1.76794, 1.76794, 1.00, 0.89202, 0.33907, 0.89202, 0.33907, 0.37483, 0.80918, 0.45247, -86.22688, -3.22181, -98.01647
1342, 436, -72.55789, -13.76901, 122.80762, 123.76667, 1.18133, 1.18133, 1.18133, 1.00, 0.85691, 0.34094, 0.85691, 0.34094, 0.76791, 0.59055, -0.24813, -86.79117, -3.7927, -96.46164
1343, 430, -73.13866, -10.76387, 120.52206, 121.48187, 1.90498, 1.90498, 1.90498, 1.00, 0.90049, 0.31033, 0.90049, 0.31033, 0.48694, 0.5959, 0.63859, -84.86476, -1.46909, -97.55421
1344, 431, -73.4969, -13.72719, 117.3685, 118.32937, 0.90652, 0.90652, 0.90652, 1.00, 0.98934, 0.31183, 0.98934, 0.31183, 0.0795, 0.45685, 0.88598, -81.78075, -3.41821, -98.73058
1345, 438, -73.96014, -13.06706, 121.82927, 122.78864, 1.76794, 1.76794, 1.76794, 1.00, 0.89202, 0.33907, 0.89202, 0.33907, 0.37483, 0.80918, 0.45247, -86.22688, -3.22181, -98.01647
1346, 430, -73.13866, -10.76387, 120.52206, 121.48187, 1.90498, 1.90498, 1.90498, 1.00, 0.90049, 0.31033, 0.90049, 0.31033, 0.48694, 0.5959, 0.63859, -84.86476, -1.46909, -97.55421
1347, 439, -74.48045, -16.10778, 118.18566, 119.14625, 0.77098, 0.77098, 0.77098, 1.00, 0.9901, 0.33906, 0.9901, 0.33906, -0.11483, 0.7095, 0.69529, -82.70705, -5.19605, -99.47076
1348, 438, -73.96014, -13.06706, 121.82927, 122.78864, 1.76794, 1.76794, 1.76794, 1.00, 0.89202, 0.33907, 0.89202, 0.33907, 0.37483, 0.80918, 0.45247, -86.22688, -3.22181, -98.01647
1349, 431, -73.4969, -13.72719, 117.3685, 118.32937, 0.90652, 0.90652, 0.90652, 1.00, 0.98934, 0.31183, 0.98934, 0.31183, 0.0795, 0.45685, 0.88598, -81.78075, -3.41821, -98.73058
1350, 440, -73.27673, -17.83736, 117.70846, 118.66921, 0.47493, 0.47493, 0.47493, 1.00, 0.66051, 0.34334, 0.66051, 0.34334, -0.83297, 0.22646, 0.50485, -81.87125, -6.41994, -98.48594
1351, 441, -75.42874, -15.9418, 118.10236, 119.06298, 0.23297, 0.23297, 0.23297, 1.00, 0.61703, 0.36159, 0.61703, 0.36159, -0.5287, 0.84275, 0.10127, -82.86945, -5.07042, -100.37807
1352, 442, -74.48045, -16.10778, 118.18566, 119.14625, 0.47509, 0.47509, 0.47509, 1.00, 0.61691, 0.34226, 0.61691, 0.34226, -0.83845, 0.15119, 0.52359, -82.70705, -5.19605, -99.47076
1353, 443, -72.8613, -17.0817, 116.98064, 117.94163, 0.2745, 0.2745, 0.2745, 1.00, 0.66085, 0.3621, 0.66085, 0.3621, -0.60633, 0.77926, 0.15849, -81.09985, -5.82598, -98.27406
1354, 441, -75.42874, -15.9418, 118.10236, 119.06298, 0.23297, 0.23297, 0.23297, 1.00, 0.61703, 0.36159, 0.61703, 0.36159, -0.5287, 0.84275, 0.10127, -82.86945, -5.07042, -100.37807
1355, 440, -73.27673, -17.83736, 117.70846, 118.66921, 0.47493, 0.47493, 0.47493, 1.00, 0.66051, 0.34334, 0.66051, 0.34334, -0.83297, 0.22646, 0.50485, -81.87125, -6.41994, -98.48594
1356, 436, -72.55789, -13.76901, 122.80762, 123.76667, 1.18133, 1.18133, 1.18133, 1.00, 0.85691, 0.34094, 0.85691, 0.34094, 0.76791, 0.59055, -0.24813, -86.79117, -3.7927, -96.46164
1357, 444, -72.66063, -22.41158, 123.24287, 124.20178, 0.00, 0.00, 0.00, 1.00, 0.80364, 0.35882, 0.80364, 0.35882, 0.51158, -0.61423, -0.60084, -86.85222, -10.08683, -96.54842
1358, 433, -70.36809, -15.70748, 122.735, 123.69408, 0.00, 0.00, 0.00, 1.00, 0.80882, 0.34002, 0.80882, 0.34002, 0.40191, -0.07172, -0.91287, -86.09152, -5.19365, -94.4525
1359, 445, -75.85815, -20.42202, 123.57562, 124.53442, 1.35518, 1.35518, 1.35518, 1.00, 0.85733, 0.35974, 0.85733, 0.35974, 0.9254, -0.31149, 0.21587, -88.05508, -8.66529, -99.43407
1360, 444, -72.66063, -22.41158, 123.24287, 124.20178, 0.00, 0.00, 0.00, 1.00, 0.80364, 0.35882, 0.80364, 0.35882, 0.51158, -0.61423, -0.60084, -86.85222, -10.08683, -96.54842
1361, 436, -72.55789, -13.76901, 122.80762, 123.76667, 1.18133, 1.18133, 1.18133, 1.00, 0.85691, 0.34094, 0.85691, 0.34094, 0.76791, 0.59055, -0.24813, -86.79117, -3.7927, -96.46164
1362, 437, -70.96072, -19.39289, 118.12862, 119.08923, 1.1806, 1.1806, 1.1806, 1.00, 0.70581, 0.34132, 0.70581, 0.34132, -0.70995, -0.52141, -0.47339, -81.63251, -7.57442, -96.22818
1363, 446, -72.8613, -17.0817, 116.98064, 117.94163, 1.17687, 1.17687, 1.17687, 1.00, 0.66065, 0.36146, 0.66065, 0.36146, -0.7684, 0.49902, -0.40067, -81.09985, -5.82598, -98.27406
1364, 435, -73.27673, -17.83736, 117.70846, 118.66921, 0.28379, 0.28379, 0.28379, 1.00, 0.66031, 0.3427, 0.66031, 0.3427, -0.8397, -0.34516, 0.41925, -81.87125, -6.41994, -98.48594
1365, 447, -70.21212, -19.87026, 118.08817, 119.04881, 1.18201, 1.18201, 1.18201, 1.00, 0.7111, 0.3601, 0.7111, 0.3601, -0.56041, 0.0325, -0.82758, -81.38651, -7.918, -95.54316
1366, 446, -72.8613, -17.0817, 116.98064, 117.94163, 1.17687, 1.17687, 1.17687, 1.00, 0.66065, 0.36146, 0.66065, 0.36146, -0.7684, 0.49902, -0.40067, -81.09985, -5.82598, -98.27406
1367, 437, -70.96072, -19.39289, 118.12862, 119.08923, 1.1806, 1.1806, 1.1806, 1.00, 0.70581, 0.34132, 0.70581, 0.34132, -0.70995, -0.52141, -0.47339, -81.63251, -7.57442, -96.22818
1368, 433, -70.36809, -15.70748, 122.735, 123.69408, 0.00, 0.00, 0.00, 1.00, 0.80882, 0.34002, 0.80882, 0.34002, 0.40191, -0.07172, -0.91287, -86.09152, -5.19365, -94.4525
1369, 447, -70.21212, -19.87026, 118.08817, 119.04881, 1.18201, 1.18201, 1.18201, 1.00, 0.7111, 0.3601, 0.7111, 0.3601, -0.56041, 0.0325, -0.82758, -81.38651, -7.918, -95.54316
1370, 437, -70.96072, -19.39289, 118.12862, 119.08923, 1.1806, 1.1806, 1.1806, 1.00, 0.70581, 0.34132, 0.70581, 0.34132, -0.70995, -0.52141, -0.47339, -81.63251, -7.57442, -96.22818
1371, 444, -72.66063, -22.41158, 123.24287, 124.20178, 0.00, 0.00, 0.00, 1.00, 0.80364, 0.35882, 0.80364, 0.35882, 0.51158, -0.61423, -0.60084, -86.85222, -10.08683, -96.54842
1372, 447, -70.21212, -19.87026, 118.08817, 119.04881, 1.18201, 1.18201, 1.18201, 1.00, 0.7111, 0.3601, 0.7111, 0.3601, -0.56041, 0.0325, -0.82758, -81.38651, -7.918, -95.54316
1373, 433, -70.36809, -15.70748, 122.735, 123.69408, 0.00, 0.00, 0.00, 1.00, 0.80882, 0.34002, 0.80882, 0.34002, 0.40191, -0.07172, -0.91287, -86.09152, -5.19365, -94.4525
1374, 438, -73.96014, -13.06706, 121.82927, 122.78864, 1.76794, 1.76794, 1.76794, 1.00, 0.89202, 0.33907, 0.89202, 0.33907, 0.37483, 0.80918, 0.45247, -86.22688, -3.22181, -98.01647
1375, 445, -75.85815, -20.42202, 123.57562, 124.53442, 1.35518, 1.35518, 1.35518, 1.00, 0.85733, 0.35974, 0.85733, 0.35974, 0.9254, -0.31149, 0.21587, -88.05508, -8.66529, -99.43407
1376, 436, -72.55789, -13.76901, 122.80762, 123.76667, 1.18133, 1.18133, 1.18133, 1.00, 0.85691, 0.34094, 0.85691, 0.34094, 0.76791, 0.59055, -0.24813, -86.79117, -3.7927, -96.46164
1377, 448, -77.33349, -17.8589, 122.23275, 123.19199, 1.86788, 1.86788, 1.86788, 1.00, 0.9008, 0.35788, 0.9008, 0.35788, 0.6421, 0.42273, 0.63954, -87.24014, -6.72184, -101.12859
1378, 445, -75.85815, -20.42202, 123.57562, 124.53442, 1.35518, 1.35518, 1.35518, 1.00, 0.85733, 0.35974, 0.85733, 0.35974, 0.9254, -0.31149, 0.21587, -88.05508, -8.66529, -99.43407
1379, 438, -73.96014, -13.06706, 121.82927, 122.78864, 1.76794, 1.76794, 1.76794, 1.00, 0.89202, 0.33907, 0.89202, 0.33907, 0.37483, 0.80918, 0.45247, -86.22688, -3.22181, -98.01647
1380, 439, -74.48045, -16.10778, 118.18566, 119.14625, 0.77098, 0.77098, 0.77098, 1.00, 0.9901, 0.33906, 0.9901, 0.33906, -0.11483, 0.7095, 0.69529, -82.70705, -5.19605, -99.47076
1381, 448, -77.33349, -17.8589, 122.23275, 123.19199, 1.86788, 1.86788, 1.86788, 1.00, 0.9008, 0.35788, 0.9008, 0.35788, 0.6421, 0.42273, 0.63954, -87.24014, -6.72184, -101.12859
1382, 438, -73.96014, -13.06706, 121.82927, 122.78864, 1.76794, 1.76794, 1.76794, 1.00, 0.89202, 0.33907, 0.89202, 0.33907, 0.37483, 0.80918, 0.45247, -86.22688, -3.22181, -98.01647
1383, 449, -75.42874, -15.9418, 118.10236, 119.06298, 1.89741, 1.89741, 1.89741, 1.00, 0.98896, 0.35775, 0.98896, 0.35775, 0.17709, 0.76222, 0.62262, -82.86945, -5.07042, -100.37807
1384, 448, -77.33349, -17.8589, 122.23275, 123.19199, 1.86788, 1.86788, 1.86788, 1.00, 0.9008, 0.35788, 0.9008, 0.35788, 0.6421, 0.42273, 0.63954, -87.24014, -6.72184, -101.12859
1385, 439, -74.48045, -16.10778, 118.18566, 119.14625, 0.77098, 0.77098, 0.77098, 1.00, 0.9901, 0.33906, 0.9901, 0.33906, -0.11483, 0.7095, 0.69529, -82.70705, -5.19605, -99.47076
1386, 443, -72.8613, -17.0817, 116.98064, 117.94163, 0.2745, 0.2745, 0.2745, 1.00, 0.66085, 0.3621, 0.66085, 0.3621, -0.60633, 0.77926, 0.15849, -81.09985, -5.82598, -98.27406
1387, 450, -77.334, -19.06475, 115.99223, 116.95355, 0.38748, 0.38748, 0.38748, 1.00, 0.61681, 0.40716, 0.61681, 0.40716, -0.80094, 0.48134, 0.35609, -81.1685, -7.20131, -102.73825
1388, 441, -75.42874, -15.9418, 118.10236, 119.06298, 0.23297, 0.23297, 0.23297, 1.00, 0.61703, 0.36159, 0.61703, 0.36159, -0.5287, 0.84275, 0.10127, -82.86945, -5.07042, -100.37807
1389, 451, -74.89933, -20.33966, 115.34264, 116.30418, 0.42153, 0.42153, 0.42153, 1.00, 0.65224, 0.40658, 0.65224, 0.40658, -0.87076, 0.18554, 0.45537, -79.88116, -8.08463, -100.63949
1390, 450, -77.334, -19.06475, 115.99223, 116.95355, 0.38748, 0.38748, 0.38748, 1.00, 0.61681, 0.40716, 0.61681, 0.40716, -0.80094, 0.48134, 0.35609, -81.1685, -7.20131, -102.73825
1391, 443, -72.8613, -17.0817, 116.98064, 117.94163, 0.2745, 0.2745, 0.2745, 1.00, 0.66085, 0.3621, 0.66085, 0.3621, -0.60633, 0.77926, 0.15849, -81.09985, -5.82598, -98.27406
1392, 445, -75.85815, -20.42202, 123.57562, 124.53442, 1.35518, 1.35518, 1.35518, 1.00, 0.85733, 0.35974, 0.85733, 0.35974, 0.9254, -0.31149, 0.21587, -88.05508, -8.66529, -99.43407
1393, 452, -74.30289, -25.29944, 120.08534, 121.0453, 1.17209, 1.17209, 1.17209, 1.00, 0.79036, 0.40813, 0.79036, 0.40813, 0.21696, -0.95335, -0.20988, -84.08639, -11.98099, -98.92725
1394, 444, -72.66063, -22.41158, 123.24287, 124.20178, 0.00, 0.00, 0.00, 1.00, 0.80364, 0.35882, 0.80364, 0.35882, 0.51158, -0.61423, -0.60084, -86.85222, -10.08683, -96.54842
1395, 453, -77.39465, -23.18788, 120.09227, 121.05223, 1.51211, 1.51211, 1.51211, 1.00, 0.87804, 0.40966, 0.87804, 0.40966, 0.6141, -0.62173, 0.48614, -84.95422, -10.45037, -101.79572
1396, 452, -74.30289, -25.29944, 120.08534, 121.0453, 1.17209, 1.17209, 1.17209, 1.00, 0.79036, 0.40813, 0.79036, 0.40813, 0.21696, -0.95335, -0.20988, -84.08639, -11.98099, -98.92725
1397, 445, -75.85815, -20.42202, 123.57562, 124.53442, 1.35518, 1.35518, 1.35518, 1.00, 0.85733, 0.35974, 0.85733, 0.35974, 0.9254, -0.31149, 0.21587, -88.05508, -8.66529, -99.43407
1398, 447, -70.21212, -19.87026, 118.08817, 119.04881, 1.18201, 1.18201, 1.18201, 1.00, 0.7111, 0.3601, 0.7111, 0.3601, -0.56041, 0.0325, -0.82758, -81.38651, -7.918, -95.54316
1399, 454, -74.89933, -20.33966, 115.34264, 116.30418, 1.1706, 1.1706, 1.1706, 1.00, 0.65203, 0.40594, 0.65203, 0.40594, -0.98259, 0.15852, -0.09691, -79.88116, -8.08463, -100.63949
1400, 446, -72.8613, -17.0817, 116.98064, 117.94163, 1.17687, 1.17687, 1.17687, 1.00, 0.66065, 0.36146, 0.66065, 0.36146, -0.7684, 0.49902, -0.40067, -81.09985, -5.82598, -98.27406
1401, 455, -72.05628, -22.8751, 115.95549, 116.91682, 1.17594, 1.17594, 1.17594, 1.00, 0.70178, 0.40485, 0.70178, 0.40485, -0.76402, -0.51854, -0.38392, -79.65391, -9.96181, -97.85051
1402, 454, -74.89933, -20.33966, 115.34264, 116.30418, 1.1706, 1.1706, 1.1706, 1.00, 0.65203, 0.40594, 0.65203, 0.40594, -0.98259, 0.15852, -0.09691, -79.88116, -8.08463, -100.63949
1403, 447, -70.21212, -19.87026, 118.08817, 119.04881, 1.18201, 1.18201, 1.18201, 1.00, 0.7111, 0.3601, 0.7111, 0.3601, -0.56041, 0.0325, -0.82758, -81.38651, -7.918, -95.54316
1404, 444, -72.66063, -22.41158, 123.24287, 124.20178, 0.00, 0.00, 0.00, 1.00, 0.80364, 0.35882, 0.80364, 0.35882, 0.51158, -0.61423, -0.60084, -86.85222, -10.08683, -96.54842
1405, 455, -72.05628, -22.8751, 115.95549, 116.91682, 1.17594, 1.17594, 1.17594, 1.00, 0.70178, 0.40485, 0.70178, 0.40485, -0.76402, -0.51854, -0.38392, -79.65391, -9.96181, -97.85051
1406, 447, -70.21212, -19.87026, 118.08817, 119.04881, 1.18201, 1.18201, 1.18201, 1.00, 0.7111, 0.3601, 0.7111, 0.3601, -0.56041, 0.0325, -0.82758, -81.38651, -7.918, -95.54316
1407, 452, -74.30289, -25.29944, 120.08534, 121.0453, 1.17209, 1.17209, 1.17209, 1.00, 0.79036, 0.40813, 0.79036, 0.40813, 0.21696, -0.95335, -0.20988, -84.08639, -11.98099, -98.92725
1408, 455, -72.05628, -22.8751, 115.95549, 116.91682, 1.17594, 1.17594, 1.17594, 1.00, 0.70178, 0.40485, 0.70178, 0.40485, -0.76402, -0.51854, -0.38392, -79.65391, -9.96181, -97.85051
1409, 444, -72.66063, -22.41158, 123.24287, 124.20178, 0.00, 0.00, 0.00, 1.00, 0.80364, 0.35882, 0.80364, 0.35882, 0.51158, -0.61423, -0.60084, -86.85222, -10.08683, -96.54842
1410, 448, -77.33349, -17.8589, 122.23275, 123.19199, 1.86788, 1.86788, 1.86788, 1.00, 0.9008, 0.35788, 0.9008, 0.35788, 0.6421, 0.42273, 0.63954, -87.24014, -6.72184, -101.12859
1411, 453, -77.39465, -23.18788, 120.09227, 121.05223, 1.51211, 1.51211, 1.51211, 1.00, 0.87804, 0.40966, 0.87804, 0.40966, 0.6141, -0.62173, 0.48614, -84.95422, -10.45037, -101.79572
1412, 445, -75.85815, -20.42202, 123.57562, 124.53442, 1.35518, 1.35518, 1.35518, 1.00, 0.85733, 0.35974, 0.85733, 0.35974, 0.9254, -0.31149, 0.21587, -88.05508, -8.66529, -99.43407
1413, 456, -78.94275, -20.68137, 119.06842, 120.02872, 2.02909, 2.02909, 2.02909, 1.00, 0.92605, 0.40659, 0.92605, 0.40659, 0.355, 0.00019, 0.93487, -84.46246, -8.56815, -103.4775
1414, 453, -77.39465, -23.18788, 120.09227, 121.05223, 1.51211, 1.51211, 1.51211, 1.00, 0.87804, 0.40966, 0.87804, 0.40966, 0.6141, -0.62173, 0.48614, -84.95422, -10.45037, -101.79572
1415, 448, -77.33349, -17.8589, 122.23275, 123.19199, 1.86788, 1.86788, 1.86788, 1.00, 0.9008, 0.35788, 0.9008, 0.35788, 0.6421, 0.42273, 0.63954, -87.24014, -6.72184, -101.12859
1416, 449, -75.42874, -15.9418, 118.10236, 119.06298, 1.89741, 1.89741, 1.89741, 1.00, 0.98896, 0.35775, 0.98896, 0.35775, 0.17709, 0.76222, 0.62262, -82.86945, -5.07042, -100.37807
1417, 456, -78.94275, -20.68137, 119.06842, 120.02872, 2.02909, 2.02909, 2.02909, 1.00, 0.92605, 0.40659, 0.92605, 0.40659, 0.355, 0.00019, 0.93487, -84.46246, -8.56815, -103.4775
1418, 448, -77.33349, -17.8589, 122.23275, 123.19199, 1.86788, 1.86788, 1.86788, 1.00, 0.9008, 0.35788, 0.9008, 0.35788, 0.6421, 0.42273, 0.63954, -87.24014, -6.72184, -101.12859
1419, 457, -77.334, -19.06475, 115.99223, 116.95355, 0.9206, 0.9206, 0.9206, 1.00, 0.98879, 0.40333, 0.98879, 0.40333, -0.11743, 0.24306, 0.96288, -81.1685, -7.20131, -102.73825
1420, 456, -78.94275, -20.68137, 119.06842, 120.02872, 2.02909, 2.02909, 2.02909, 1.00, 0.92605, 0.40659, 0.92605, 0.40659, 0.355, 0.00019, 0.93487, -84.46246, -8.56815, -103.4775
1421, 449, -75.42874, -15.9418, 118.10236, 119.06298, 1.89741, 1.89741, 1.89741, 1.00, 0.98896, 0.35775, 0.98896, 0.35775, 0.17709, 0.76222, 0.62262, -82.86945, -5.07042, -100.37807
1422, 451, -74.89933, -20.33966, 115.34264, 116.30418, 0.42153, 0.42153, 0.42153, 1.00, 0.65224, 0.40658, 0.65224, 0.40658, -0.87076, 0.18554, 0.45537, -79.88116, -8.08463, -100.63949
1423, 458, -77.34323, -20.41858, 116.10764, 117.06892, 0.44676, 0.44676, 0.44676, 1.00, 0.61683, 0.41609, 0.61683, 0.41609, -0.84219, -0.0504, 0.53682, -81.22191, -8.19026, -102.73335
1424, 450, -77.334, -19.06475, 115.99223, 116.95355, 0.38748, 0.38748, 0.38748, 1.00, 0.61681, 0.40716, 0.61681, 0.40716, -0.80094, 0.48134, 0.35609, -81.1685, -7.20131, -102.73825
1425, 459, -75.38931, -21.44813, 115.59067, 116.55212, 0.44872, 0.44872, 0.44872, 1.00, 0.65123, 0.41554, 0.65123, 0.41554, -0.84214, -0.05266, 0.53667, -80.19269, -8.90405, -101.04797
1426, 458, -77.34323, -20.41858, 116.10764, 117.06892, 0.44676, 0.44676, 0.44676, 1.00, 0.61683, 0.41609, 0.61683, 0.41609, -0.84219, -0.0504, 0.53682, -81.22191, -8.19026, -102.73335
1427, 451, -74.89933, -20.33966, 115.34264, 116.30418, 0.42153, 0.42153, 0.42153, 1.00, 0.65224, 0.40658, 0.65224, 0.40658, -0.87076, 0.18554, 0.45537, -79.88116, -8.08463, -100.63949
1428, 453, -77.39465, -23.18788, 120.09227, 121.05223, 1.51211, 1.51211, 1.51211, 1.00, 0.87804, 0.40966, 0.87804, 0.40966, 0.6141, -0.62173, 0.48614, -84.95422, -10.45037, -101.79572
1429, 460, -74.75862, -25.58282, 119.37981, 120.34, 1.17071, 1.17071, 1.17071, 1.00, 0.78671, 0.41705, 0.78671, 0.41705, 0.28905, -0.95662, 0.03631, -83.50649, -12.14182, -99.53767
1430, 452, -74.30289, -25.29944, 120.08534, 121.0453, 1.17209, 1.17209, 1.17209, 1.00, 0.79036, 0.40813, 0.79036, 0.40813, 0.21696, -0.95335, -0.20988, -84.08639, -11.98099, -98.92725
1431, 461, -77.41427, -23.76435, 119.35079, 120.311, 1.60296, 1.60296, 1.60296, 1.00, 0.88177, 0.41855, 0.88177, 0.41855, 0.48414, -0.63859, 0.59817, -84.21841, -10.82144, -102.01039
1432, 460, -74.75862, -25.58282, 119.37981, 120.34, 1.17071, 1.17071, 1.17071, 1.00, 0.78671, 0.41705, 0.78671, 0.41705, 0.28905, -0.95662, 0.03631, -83.50649, -12.14182, -99.53767
1433, 453, -77.39465, -23.18788, 120.09227, 121.05223, 1.51211, 1.51211, 1.51211, 1.00, 0.87804, 0.40966, 0.87804, 0.40966, 0.6141, -0.62173, 0.48614, -84.95422, -10.45037, -101.79572
1434, 455, -72.05628, -22.8751, 115.95549, 116.91682, 1.17594, 1.17594, 1.17594, 1.00, 0.70178, 0.40485, 0.70178, 0.40485, -0.76402, -0.51854, -0.38392, -79.65391, -9.96181, -97.85051
1435, 462, -75.38931, -21.44813, 115.59067, 116.55212, 0.13491, 0.13491, 0.13491, 1.00, 0.65102, 0.4149, 0.65102, 0.4149, -0.9419, -0.23769, 0.23733, -80.19269, -8.90405, -101.04797
1436, 454, -74.89933, -20.33966, 115.34264, 116.30418, 1.1706, 1.1706, 1.1706, 1.00, 0.65203, 0.40594, 0.65203, 0.40594, -0.98259, 0.15852, -0.09691, -79.88116, -8.08463, -100.63949
1437, 463, -72.9335, -23.61228, 116.11103, 117.07231, 1.17387, 1.17387, 1.17387, 1.00, 0.70282, 0.41383, 0.70282, 0.41383, -0.5873, -0.75964, -0.27934, -79.98884, -10.50618, -98.64086
1438, 462, -75.38931, -21.44813, 115.59067, 116.55212, 0.13491, 0.13491, 0.13491, 1.00, 0.65102, 0.4149, 0.65102, 0.4149, -0.9419, -0.23769, 0.23733, -80.19269, -8.90405, -101.04797
1439, 455, -72.05628, -22.8751, 115.95549, 116.91682, 1.17594, 1.17594, 1.17594, 1.00, 0.70178, 0.40485, 0.70178, 0.40485, -0.76402, -0.51854, -0.38392, -79.65391, -9.96181, -97.85051
1440, 452, -74.30289, -25.29944, 120.08534, 121.0453, 1.17209, 1.17209, 1.17209, 1.00, 0.79036, 0.40813, 0.79036, 0.40813, 0.21696, -0.95335, -0.20988, -84.08639, -11.98099, -98.92725
1441, 463, -72.9335, -23.61228, 116.11103, 117.07231, 1.17387, 1.17387, 1.17387, 1.00, 0.70282, 0.41383, 0.70282, 0.41383, -0.5873, -0.75964, -0.27934, -79.98884, -10.50618, -98.64086
1442, 455, -72.05628, -22.8751, 115.95549, 116.91682, 1.17594, 1.17594, 1.17594, 1.00, 0.70178, 0.40485, 0.70178, 0.40485, -0.76402, -0.51854, -0.38392, -79.65391, -9.96181, -97.85051
1443, 460, -74.75862, -25.58282, 119.37981, 120.34, 1.17071, 1.17071, 1.17071, 1.00, 0.78671, 0.41705, 0.78671, 0.41705, 0.28905, -0.95662, 0.03631, -83.50649, -12.14182, -99.53767
1444, 463, -72.9335, -23.61228, 116.11103, 117.07231, 1.17387, 1.17387, 1.17387, 1.00, 0.70282, 0.41383, 0.70282, 0.41383, -0.5873, -0.75964, -0.27934, -79.98884, -10.50618, -98.64086
1445, 452, -74.30289, -25.29944, 120.08534, 121.0453, 1.17209, 1.17209, 1.17209, 1.00, 0.79036, 0.40813, 0.79036, 0.40813, 0.21696, -0.95335, -0.20988, -84.08639, -11.98099, -98.92725
1446, 456, -78.94275, -20.68137, 119.06842, 120.02872, 2.02909, 2.02909, 2.02909, 1.00, 0.92605, 0.40659, 0.92605, 0.40659, 0.355, 0.00019, 0.93487, -84.46246, -8.56815, -103.4775
1447, 461, -77.41427, -23.76435, 119.35079, 120.311, 1.60296, 1.60296, 1.60296, 1.00, 0.88177, 0.41855, 0.88177, 0.41855, 0.48414, -0.63859, 0.59817, -84.21841, -10.82144, -102.01039
1448, 453, -77.39465, -23.18788, 120.09227, 121.05223, 1.51211, 1.51211, 1.51211, 1.00, 0.87804, 0.40966, 0.87804, 0.40966, 0.6141, -0.62173, 0.48614, -84.95422, -10.45037, -101.79572
1449, 464, -78.64122, -21.7097, 118.55409, 119.51456, 0.85164, 0.85164, 0.85164, 1.00, 0.9282, 0.41554, 0.9282, 0.41554, -0.00375, -0.19772, 0.98025, -83.84592, -9.28123, -103.33872
1450, 461, -77.41427, -23.76435, 119.35079, 120.311, 1.60296, 1.60296, 1.60296, 1.00, 0.88177, 0.41855, 0.88177, 0.41855, 0.48414, -0.63859, 0.59817, -84.21841, -10.82144, -102.01039
1451, 456, -78.94275, -20.68137, 119.06842, 120.02872, 2.02909, 2.02909, 2.02909, 1.00, 0.92605, 0.40659, 0.92605, 0.40659, 0.355, 0.00019, 0.93487, -84.46246, -8.56815, -103.4775
1452, 457, -77.334, -19.06475, 115.99223, 116.95355, 0.9206, 0.9206, 0.9206, 1.00, 0.98879, 0.40333, 0.98879, 0.40333, -0.11743, 0.24306, 0.96288, -81.1685, -7.20131, -102.73825
1453, 464, -78.64122, -21.7097, 118.55409, 119.51456, 0.85164, 0.85164, 0.85164, 1.00, 0.9282, 0.41554, 0.9282, 0.41554, -0.00375, -0.19772, 0.98025, -83.84592, -9.28123, -103.33872
1454, 456, -78.94275, -20.68137, 119.06842, 120.02872, 2.02909, 2.02909, 2.02909, 1.00, 0.92605, 0.40659, 0.92605, 0.40659, 0.355, 0.00019, 0.93487, -84.46246, -8.56815, -103.4775
1455, 465, -77.34323, -20.41858, 116.10764, 117.06892, 0.87379, 0.87379, 0.87379, 1.00, 0.9888, 0.41224, 0.9888, 0.41224, -0.23156, -0.01721, 0.97267, -81.22191, -8.19026, -102.73335
1456, 464, -78.64122, -21.7097, 118.55409, 119.51456, 0.85164, 0.85164, 0.85164, 1.00, 0.9282, 0.41554, 0.9282, 0.41554, -0.00375, -0.19772, 0.98025, -83.84592, -9.28123, -103.33872
1457, 457, -77.334, -19.06475, 115.99223, 116.95355, 0.9206, 0.9206, 0.9206, 1.00, 0.98879, 0.40333, 0.98879, 0.40333, -0.11743, 0.24306, 0.96288, -81.1685, -7.20131, -102.73825
1458, 404, -68.66393, -2.36048, 117.98677, 118.94743, 1.68618, 1.68618, 1.68618, 1.00, 0.87617, 0.20965, 0.87617, 0.20965, 0.5849, 0.72525, 0.3632, -81.68286, 4.78452, -93.91307
1459, 403, -70.3372, -6.5883, 117.66147, 118.62223, 2.07247, 2.07247, 2.07247, 1.00, 0.90, 0.24736, 0.90, 0.24736, 0.1312, 0.52067, 0.84362, -81.59647, 1.73956, -95.61286
1460, 413, -69.58504, -5.22394, 119.55514, 120.51527, 1.51059, 1.51059, 1.51059, 1.00, 0.867, 0.24465, 0.867, 0.24465, 0.74548, 0.64091, 0.183, -83.29665, 2.60902, -94.40848
1461, 430, -73.13866, -10.76387, 120.52206, 121.48187, 1.90498, 1.90498, 1.90498, 1.00, 0.90049, 0.31033, 0.90049, 0.31033, 0.48694, 0.5959, 0.63859, -84.86476, -1.46909, -97.55421
1462, 413, -69.58504, -5.22394, 119.55514, 120.51527, 1.51059, 1.51059, 1.51059, 1.00, 0.867, 0.24465, 0.867, 0.24465, 0.74548, 0.64091, 0.183, -83.29665, 2.60902, -94.40848
1463, 403, -70.3372, -6.5883, 117.66147, 118.62223, 2.07247, 2.07247, 2.07247, 1.00, 0.90, 0.24736, 0.90, 0.24736, 0.1312, 0.52067, 0.84362, -81.59647, 1.73956, -95.61286
1464, 466, -56.67619, -39.50942, 120.91814, 121.87782, 1.20471, 1.20471, 1.20471, 1.00, 0.25092, 0.13517, 0.25092, 0.13517, 0.87992, 0.42457, -0.21325, -79.8834, -22.33714, -82.37626
1465, 467, -60.79072, -38.23778, 118.57133, 119.5318, 1.88568, 1.88568, 1.88568, 1.00, 0.33113, 0.13508, 0.33113, 0.13508, 0.5715, 0.58278, 0.57772, -78.69785, -21.26659, -86.8139
1466, 468, -67.02934, -57.41663, 127.46428, 128.42178, 1.51456, 1.51456, 1.51456, 1.00, 0.29349, 0.44726, 0.29349, 0.44726, 0.92297, 0.3041, 0.23589, -87.96961, -35.7356, -90.60876
1467, 142, -52.85151, -42.71085, 115.90459, 116.86594, 1.20931, 1.20931, 1.20931, 1.00, 0.14033, 0.15646, 0.14033, 0.15646, 0.14816, -0.98617, -0.07425, -73.957, -24.34122, -80.11395
1468, 469, -60.88074, -66.09982, 121.37746, 122.33698, 1.18317, 1.18317, 1.18317, 1.00, 0.14472, 0.4727, 0.14472, 0.4727, -0.46905, -0.62991, -0.61903, -80.18777, -41.64652, -86.50925
1469, 143, -53.76774, -43.65471, 111.67962, 112.64238, 0.36133, 0.36133, 0.36133, 1.00, 0.10614, 0.16404, 0.10614, 0.16404, -0.8846, -0.14482, 0.4433, -70.068, -24.75826, -82.06287
1470, 469, -60.88074, -66.09982, 121.37746, 122.33698, 1.18317, 1.18317, 1.18317, 1.00, 0.14472, 0.4727, 0.14472, 0.4727, -0.46905, -0.62991, -0.61903, -80.18777, -41.64652, -86.50925
1471, 470, -63.75949, -66.91615, 118.40596, 119.36649, 0.12815, 0.12815, 0.12815, 1.00, 0.10165, 0.48498, 0.10165, 0.48498, -0.78654, -0.52609, 0.3234, -78.0003, -42.0504, -89.97399
1472, 143, -53.76774, -43.65471, 111.67962, 112.64238, 0.36133, 0.36133, 0.36133, 1.00, 0.10614, 0.16404, 0.10614, 0.16404, -0.8846, -0.14482, 0.4433, -70.068, -24.75826, -82.06287
1473, 143, -53.76774, -43.65471, 111.67962, 112.64238, 0.36133, 0.36133, 0.36133, 1.00, 0.10614, 0.16404, 0.10614, 0.16404, -0.8846, -0.14482, 0.4433, -70.068, -24.75826, -82.06287
1474, 470, -63.75949, -66.91615, 118.40596, 119.36649, 0.12815, 0.12815, 0.12815, 1.00, 0.10165, 0.48498, 0.10165, 0.48498, -0.78654, -0.52609, 0.3234, -78.0003, -42.0504, -89.97399
1475, 471, -59.45202, -43.9656, 112.61504, 113.57748, 0.63351, 0.63351, 0.63351, 1.00, 0.07378, 0.15933, 0.07378, 0.15933, -0.69659, -0.0484, 0.71583, -72.36694, -25.04286, -87.15018
1476, 470, -63.75949, -66.91615, 118.40596, 119.36649, 0.12815, 0.12815, 0.12815, 1.00, 0.10165, 0.48498, 0.10165, 0.48498, -0.78654, -0.52609, 0.3234, -78.0003, -42.0504, -89.97399
1477, 472, -67.88789, -63.31358, 119.27917, 120.2394, 0.55886, 0.55886, 0.55886, 1.00, 0.05031, 0.47586, 0.05031, 0.47586, -0.67587, -0.20687, 0.7074, -80.02708, -39.49349, -93.57418
1478, 471, -59.45202, -43.9656, 112.61504, 113.57748, 0.63351, 0.63351, 0.63351, 1.00, 0.07378, 0.15933, 0.07378, 0.15933, -0.69659, -0.0484, 0.71583, -72.36694, -25.04286, -87.15018
1479, 473, -61.44968, -40.30257, 114.48455, 115.44638, 2.08449, 2.08449, 2.08449, 1.00, 0.38772, 0.14075, 0.38772, 0.14075, 0.19527, 0.52099, 0.83093, -74.82844, -22.50515, -88.49981
1480, 474, -70.468, -59.05296, 121.35023, 122.30977, 1.9968, 1.9968, 1.9968, 1.00, 0.36069, 0.45539, 0.36069, 0.45539, 0.48858, 0.30632, 0.81698, -82.85406, -36.53522, -95.41065
1481, 467, -60.79072, -38.23778, 118.57133, 119.5318, 1.88568, 1.88568, 1.88568, 1.00, 0.33113, 0.13508, 0.33113, 0.13508, 0.5715, 0.58278, 0.57772, -78.69785, -21.26659, -86.8139
1482, 474, -70.468, -59.05296, 121.35023, 122.30977, 1.9968, 1.9968, 1.9968, 1.00, 0.36069, 0.45539, 0.36069, 0.45539, 0.48858, 0.30632, 0.81698, -82.85406, -36.53522, -95.41065
1483, 468, -67.02934, -57.41663, 127.46428, 128.42178, 1.51456, 1.51456, 1.51456, 1.00, 0.29349, 0.44726, 0.29349, 0.44726, 0.92297, 0.3041, 0.23589, -87.96961, -35.7356, -90.60876
1484, 467, -60.79072, -38.23778, 118.57133, 119.5318, 1.88568, 1.88568, 1.88568, 1.00, 0.33113, 0.13508, 0.33113, 0.13508, 0.5715, 0.58278, 0.57772, -78.69785, -21.26659, -86.8139
1485, 471, -59.45202, -43.9656, 112.61504, 113.57748, 0.63351, 0.63351, 0.63351, 1.00, 0.07378, 0.15933, 0.07378, 0.15933, -0.69659, -0.0484, 0.71583, -72.36694, -25.04286, -87.15018
1486, 475, -70.468, -59.05296, 121.35023, 122.30977, 0.73216, 0.73216, 0.73216, 1.00, 0.00917, 0.45539, 0.00917, 0.45539, -0.56665, 0.07285, 0.82074, -82.85406, -36.53522, -95.41065
1487, 476, -61.44968, -40.30257, 114.48455, 115.44638, 0.77217, 0.77217, 0.77217, 1.00, 0.03616, 0.14075, 0.03616, 0.14075, -0.55094, 0.09334, 0.82931, -74.82844, -22.50515, -88.49981
1488, 472, -67.88789, -63.31358, 119.27917, 120.2394, 0.55886, 0.55886, 0.55886, 1.00, 0.05031, 0.47586, 0.05031, 0.47586, -0.67587, -0.20687, 0.7074, -80.02708, -39.49349, -93.57418
1489, 475, -70.468, -59.05296, 121.35023, 122.30977, 0.73216, 0.73216, 0.73216, 1.00, 0.00917, 0.45539, 0.00917, 0.45539, -0.56665, 0.07285, 0.82074, -82.85406, -36.53522, -95.41065
1490, 471, -59.45202, -43.9656, 112.61504, 113.57748, 0.63351, 0.63351, 0.63351, 1.00, 0.07378, 0.15933, 0.07378, 0.15933, -0.69659, -0.0484, 0.71583, -72.36694, -25.04286, -87.15018
1491, 466, -56.67619, -39.50942, 120.91814, 121.87782, 1.20471, 1.20471, 1.20471, 1.00, 0.25092, 0.13517, 0.25092, 0.13517, 0.87992, 0.42457, -0.21325, -79.8834, -22.33714, -82.37626
1492, 477, -62.22653, -60.02732, 128.21072, 129.16797, 0.00, 0.00, 0.00, 1.00, 0.24336, 0.44936, 0.24336, 0.44936, 0.89883, 0.04365, -0.43613, -87.38148, -37.67582, -85.95142
1493, 478, -54.318, -40.93793, 120.80905, 121.76877, 0.00, 0.00, 0.00, 1.00, 0.21674, 0.13527, 0.21674, 0.13527, 0.76925, 0.20069, -0.60661, -79.12946, -23.36602, -80.21277
1494, 468, -67.02934, -57.41663, 127.46428, 128.42178, 1.51456, 1.51456, 1.51456, 1.00, 0.29349, 0.44726, 0.29349, 0.44726, 0.92297, 0.3041, 0.23589, -87.96961, -35.7356, -90.60876
1495, 477, -62.22653, -60.02732, 128.21072, 129.16797, 0.00, 0.00, 0.00, 1.00, 0.24336, 0.44936, 0.24336, 0.44936, 0.89883, 0.04365, -0.43613, -87.38148, -37.67582, -85.95142
1496, 466, -56.67619, -39.50942, 120.91814, 121.87782, 1.20471, 1.20471, 1.20471, 1.00, 0.25092, 0.13517, 0.25092, 0.13517, 0.87992, 0.42457, -0.21325, -79.8834, -22.33714, -82.37626
1497, 153, -51.81847, -40.67223, 120.62329, 121.58307, 0.00, 0.00, 0.00, 1.00, 0.18641, 0.13501, 0.18641, 0.13501, 0.89401, -0.00437, -0.44802, -78.34181, -23.16162, -77.91657
1498, 469, -60.88074, -66.09982, 121.37746, 122.33698, 1.18317, 1.18317, 1.18317, 1.00, 0.14472, 0.4727, 0.14472, 0.4727, -0.46905, -0.62991, -0.61903, -80.18777, -41.64652, -86.50925
1499, 142, -52.85151, -42.71085, 115.90459, 116.86594, 1.20931, 1.20931, 1.20931, 1.00, 0.14033, 0.15646, 0.14033, 0.15646, 0.14816, -0.98617, -0.07425, -73.957, -24.34122, -80.11395
1500, 479, -58.68211, -62.74072, 126.78466, 127.74239, 0.00, 0.00, 0.00, 1.00, 0.2056, 0.44908, 0.2056, 0.44908, 0.34305, -0.41046, -0.84489, -85.006, -39.55303, -83.02889
1501, 469, -60.88074, -66.09982, 121.37746, 122.33698, 1.18317, 1.18317, 1.18317, 1.00, 0.14472, 0.4727, 0.14472, 0.4727, -0.46905, -0.62991, -0.61903, -80.18777, -41.64652, -86.50925
1502, 153, -51.81847, -40.67223, 120.62329, 121.58307, 0.00, 0.00, 0.00, 1.00, 0.18641, 0.13501, 0.18641, 0.13501, 0.89401, -0.00437, -0.44802, -78.34181, -23.16162, -77.91657
1503, 478, -54.318, -40.93793, 120.80905, 121.76877, 0.00, 0.00, 0.00, 1.00, 0.21674, 0.13527, 0.21674, 0.13527, 0.76925, 0.20069, -0.60661, -79.12946, -23.36602, -80.21277
1504, 479, -58.68211, -62.74072, 126.78466, 127.74239, 0.00, 0.00, 0.00, 1.00, 0.2056, 0.44908, 0.2056, 0.44908, 0.34305, -0.41046, -0.84489, -85.006, -39.55303, -83.02889
1505, 153, -51.81847, -40.67223, 120.62329, 121.58307, 0.00, 0.00, 0.00, 1.00, 0.18641, 0.13501, 0.18641, 0.13501, 0.89401, -0.00437, -0.44802, -78.34181, -23.16162, -77.91657
1506, 477, -62.22653, -60.02732, 128.21072, 129.16797, 0.00, 0.00, 0.00, 1.00, 0.24336, 0.44936, 0.24336, 0.44936, 0.89883, 0.04365, -0.43613, -87.38148, -37.67582, -85.95142
1507, 479, -58.68211, -62.74072, 126.78466, 127.74239, 0.00, 0.00, 0.00, 1.00, 0.2056, 0.44908, 0.2056, 0.44908, 0.34305, -0.41046, -0.84489, -85.006, -39.55303, -83.02889
1508, 478, -54.318, -40.93793, 120.80905, 121.76877, 0.00, 0.00, 0.00, 1.00, 0.21674, 0.13527, 0.21674, 0.13527, 0.76925, 0.20069, -0.60661, -79.12946, -23.36602, -80.21277
1509, 469, -60.88074, -66.09982, 121.37746, 122.33698, 1.18317, 1.18317, 1.18317, 1.00, 0.14472, 0.4727, 0.14472, 0.4727, -0.46905, -0.62991, -0.61903, -80.18777, -41.64652, -86.50925
1510, 480, -67.02457, -70.74203, 121.41518, 122.37469, 1.16806, 1.16806, 1.16806, 1.00, 0.10182, 0.55266, 0.10182, 0.55266, -0.41359, -0.90894, 0.05266, -81.54252, -45.01491, -92.30736
1511, 470, -63.75949, -66.91615, 118.40596, 119.36649, 0.12815, 0.12815, 0.12815, 1.00, 0.10165, 0.48498, 0.10165, 0.48498, -0.78654, -0.52609, 0.3234, -78.0003, -42.0504, -89.97399
1512, 481, -63.84668, -68.68466, 121.79481, 122.7542, 1.17583, 1.17583, 1.17583, 1.00, 0.16244, 0.5428, 0.16244, 0.5428, -0.52156, -0.6655, -0.53393, -81.21142, -43.54716, -89.21033
1513, 480, -67.02457, -70.74203, 121.41518, 122.37469, 1.16806, 1.16806, 1.16806, 1.00, 0.10182, 0.55266, 0.10182, 0.55266, -0.41359, -0.90894, 0.05266, -81.54252, -45.01491, -92.30736
1514, 469, -60.88074, -66.09982, 121.37746, 122.33698, 1.18317, 1.18317, 1.18317, 1.00, 0.14472, 0.4727, 0.14472, 0.4727, -0.46905, -0.62991, -0.61903, -80.18777, -41.64652, -86.50925
1515, 470, -63.75949, -66.91615, 118.40596, 119.36649, 0.12815, 0.12815, 0.12815, 1.00, 0.10165, 0.48498, 0.10165, 0.48498, -0.78654, -0.52609, 0.3234, -78.0003, -42.0504, -89.97399
1516, 482, -68.90036, -68.69878, 123.08078, 124.03974, 1.59105, 1.59105, 1.59105, 1.00, 0.05249, 0.54608, 0.05249, 0.54608, 0.04499, -0.72738, 0.68476, -83.70512, -43.63877, -93.61406
1517, 472, -67.88789, -63.31358, 119.27917, 120.2394, 0.55886, 0.55886, 0.55886, 1.00, 0.05031, 0.47586, 0.05031, 0.47586, -0.67587, -0.20687, 0.7074, -80.02708, -39.49349, -93.57418
1518, 480, -67.02457, -70.74203, 121.41518, 122.37469, 1.16806, 1.16806, 1.16806, 1.00, 0.10182, 0.55266, 0.10182, 0.55266, -0.41359, -0.90894, 0.05266, -81.54252, -45.01491, -92.30736
1519, 482, -68.90036, -68.69878, 123.08078, 124.03974, 1.59105, 1.59105, 1.59105, 1.00, 0.05249, 0.54608, 0.05249, 0.54608, 0.04499, -0.72738, 0.68476, -83.70512, -43.63877, -93.61406
1520, 470, -63.75949, -66.91615, 118.40596, 119.36649, 0.12815, 0.12815, 0.12815, 1.00, 0.10165, 0.48498, 0.10165, 0.48498, -0.78654, -0.52609, 0.3234, -78.0003, -42.0504, -89.97399
1521, 474, -70.468, -59.05296, 121.35023, 122.30977, 1.9968, 1.9968, 1.9968, 1.00, 0.36069, 0.45539, 0.36069, 0.45539, 0.48858, 0.30632, 0.81698, -82.85406, -36.53522, -95.41065
1522, 483, -67.28336, -62.8247, 126.35372, 127.31159, 1.24691, 1.24691, 1.24691, 1.00, 0.3103, 0.52581, 0.3103, 0.52581, 0.99625, 0.08649, 0.00277, -86.72126, -39.58665, -91.19418
1523, 468, -67.02934, -57.41663, 127.46428, 128.42178, 1.51456, 1.51456, 1.51456, 1.00, 0.29349, 0.44726, 0.29349, 0.44726, 0.92297, 0.3041, 0.23589, -87.96961, -35.7356, -90.60876
1524, 484, -69.69224, -65.80391, 124.58266, 125.54112, 1.45224, 1.45224, 1.45224, 1.00, 0.36257, 0.53132, 0.36257, 0.53132, 0.93781, -0.14889, 0.31361, -85.47869, -41.63477, -93.93761
1525, 483, -67.28336, -62.8247, 126.35372, 127.31159, 1.24691, 1.24691, 1.24691, 1.00, 0.3103, 0.52581, 0.3103, 0.52581, 0.99625, 0.08649, 0.00277, -86.72126, -39.58665, -91.19418
1526, 474, -70.468, -59.05296, 121.35023, 122.30977, 1.9968, 1.9968, 1.9968, 1.00, 0.36069, 0.45539, 0.36069, 0.45539, 0.48858, 0.30632, 0.81698, -82.85406, -36.53522, -95.41065
1527, 485, -67.88789, -63.31358, 119.27917, 120.2394, 0.74, 0.74, 0.74, 1.00, 0.05039, 0.47586, 0.05039, 0.47586, -0.25409, -0.30234, 0.91871, -80.02708, -39.49349, -93.57418
1528, 486, -69.69224, -65.80391, 124.58266, 125.54112, 1.70163, 1.70163, 1.70163, 1.00, 0.0111, 0.53132, 0.0111, 0.53132, 0.43898, -0.52852, 0.72661, -85.47869, -41.63477, -93.93761
1529, 487, -70.468, -59.05296, 121.35023, 122.30977, 0.72995, 0.72995, 0.72995, 1.00, 0.00918, 0.45539, 0.00918, 0.45539, -0.2595, -0.31809, 0.91185, -82.85406, -36.53522, -95.41065
1530, 488, -68.90036, -68.69878, 123.08078, 124.03974, 1.70712, 1.70712, 1.70712, 1.00, 0.05258, 0.54608, 0.05258, 0.54608, 0.44635, -0.51336, 0.73296, -83.70512, -43.63877, -93.61406
1531, 486, -69.69224, -65.80391, 124.58266, 125.54112, 1.70163, 1.70163, 1.70163, 1.00, 0.0111, 0.53132, 0.0111, 0.53132, 0.43898, -0.52852, 0.72661, -85.47869, -41.63477, -93.93761
1532, 485, -67.88789, -63.31358, 119.27917, 120.2394, 0.74, 0.74, 0.74, 1.00, 0.05039, 0.47586, 0.05039, 0.47586, -0.25409, -0.30234, 0.91871, -80.02708, -39.49349, -93.57418
1533, 468, -67.02934, -57.41663, 127.46428, 128.42178, 1.51456, 1.51456, 1.51456, 1.00, 0.29349, 0.44726, 0.29349, 0.44726, 0.92297, 0.3041, 0.23589, -87.96961, -35.7356, -90.60876
1534, 489, -63.44208, -63.12689, 125.32555, 126.28376, 0.00, 0.00, 0.00, 1.00, 0.25611, 0.52596, 0.25611, 0.52596, 0.63861, 0.16166, -0.75236, -84.76299, -39.7407, -87.86359
1535, 477, -62.22653, -60.02732, 128.21072, 129.16797, 0.00, 0.00, 0.00, 1.00, 0.24336, 0.44936, 0.24336, 0.44936, 0.89883, 0.04365, -0.43613, -87.38148, -37.67582, -85.95142
1536, 483, -67.28336, -62.8247, 126.35372, 127.31159, 1.24691, 1.24691, 1.24691, 1.00, 0.3103, 0.52581, 0.3103, 0.52581, 0.99625, 0.08649, 0.00277, -86.72126, -39.58665, -91.19418
1537, 489, -63.44208, -63.12689, 125.32555, 126.28376, 0.00, 0.00, 0.00, 1.00, 0.25611, 0.52596, 0.25611, 0.52596, 0.63861, 0.16166, -0.75236, -84.76299, -39.7407, -87.86359
1538, 468, -67.02934, -57.41663, 127.46428, 128.42178, 1.51456, 1.51456, 1.51456, 1.00, 0.29349, 0.44726, 0.29349, 0.44726, 0.92297, 0.3041, 0.23589, -87.96961, -35.7356, -90.60876
1539, 479, -58.68211, -62.74072, 126.78466, 127.74239, 0.00, 0.00, 0.00, 1.00, 0.2056, 0.44908, 0.2056, 0.44908, 0.34305, -0.41046, -0.84489, -85.006, -39.55303, -83.02889
1540, 481, -63.84668, -68.68466, 121.79481, 122.7542, 1.17583, 1.17583, 1.17583, 1.00, 0.16244, 0.5428, 0.16244, 0.5428, -0.52156, -0.6655, -0.53393, -81.21142, -43.54716, -89.21033
1541, 469, -60.88074, -66.09982, 121.37746, 122.33698, 1.18317, 1.18317, 1.18317, 1.00, 0.14472, 0.4727, 0.14472, 0.4727, -0.46905, -0.62991, -0.61903, -80.18777, -41.64652, -86.50925
1542, 490, -61.57246, -65.46464, 122.78252, 123.74158, 0.00, 0.00, 0.00, 1.00, 0.20809, 0.52575, 0.20809, 0.52575, 0.06512, -0.20673, -0.97623, -81.74268, -41.27486, -86.79037
1543, 481, -63.84668, -68.68466, 121.79481, 122.7542, 1.17583, 1.17583, 1.17583, 1.00, 0.16244, 0.5428, 0.16244, 0.5428, -0.52156, -0.6655, -0.53393, -81.21142, -43.54716, -89.21033
1544, 479, -58.68211, -62.74072, 126.78466, 127.74239, 0.00, 0.00, 0.00, 1.00, 0.2056, 0.44908, 0.2056, 0.44908, 0.34305, -0.41046, -0.84489, -85.006, -39.55303, -83.02889
1545, 477, -62.22653, -60.02732, 128.21072, 129.16797, 0.00, 0.00, 0.00, 1.00, 0.24336, 0.44936, 0.24336, 0.44936, 0.89883, 0.04365, -0.43613, -87.38148, -37.67582, -85.95142
1546, 490, -61.57246, -65.46464, 122.78252, 123.74158, 0.00, 0.00, 0.00, 1.00, 0.20809, 0.52575, 0.20809, 0.52575, 0.06512, -0.20673, -0.97623, -81.74268, -41.27486, -86.79037
1547, 479, -58.68211, -62.74072, 126.78466, 127.74239, 0.00, 0.00, 0.00, 1.00, 0.2056, 0.44908, 0.2056, 0.44908, 0.34305, -0.41046, -0.84489, -85.006, -39.55303, -83.02889
1548, 489, -63.44208, -63.12689, 125.32555, 126.28376, 0.00, 0.00, 0.00, 1.00, 0.25611, 0.52596, 0.25611, 0.52596, 0.63861, 0.16166, -0.75236, -84.76299, -39.7407, -87.86359
1549, 490, -61.57246, -65.46464, 122.78252, 123.74158, 0.00, 0.00, 0.00, 1.00, 0.20809, 0.52575, 0.20809, 0.52575, 0.06512, -0.20673, -0.97623, -81.74268, -41.27486, -86.79037
1550, 477, -62.22653, -60.02732, 128.21072, 129.16797, 0.00, 0.00, 0.00, 1.00, 0.24336, 0.44936, 0.24336, 0.44936, 0.89883, 0.04365, -0.43613, -87.38148, -37.67582, -85.95142
1551, 491, -63.84668, -68.68466, 121.79481, 122.7542, 1.17583, 1.17583, 1.17583, 1.00, 0.89725, 0.42902, 0.89725, 0.42902, -0.85406, -0.45494, -0.25221, -81.21142, -43.54716, -89.21033
1552, 492, -64.19961, -76.17682, 126.01896, 126.97694, 1.17313, 1.17313, 1.17313, 1.00, 0.91128, 0.48716, 0.91128, 0.48716, -0.80844, -0.56411, -0.16795, -85.03959, -49.24689, -88.54945
1553, 493, -67.02457, -70.74203, 121.41518, 122.37469, 1.16806, 1.16806, 1.16806, 1.00, 0.92246, 0.43041, 0.92246, 0.43041, -0.82744, -0.53652, -0.16581, -81.54252, -45.01491, -92.30736
1554, 494, -60.77698, -73.57474, 126.08076, 127.03872, 1.18165, 1.18165, 1.18165, 1.00, 0.87231, 0.47948, 0.87231, 0.47948, -0.81369, -0.45236, -0.36506, -84.36546, -47.36407, -85.29806
1555, 492, -64.19961, -76.17682, 126.01896, 126.97694, 1.17313, 1.17313, 1.17313, 1.00, 0.91128, 0.48716, 0.91128, 0.48716, -0.80844, -0.56411, -0.16795, -85.03959, -49.24689, -88.54945
1556, 491, -63.84668, -68.68466, 121.79481, 122.7542, 1.17583, 1.17583, 1.17583, 1.00, 0.89725, 0.42902, 0.89725, 0.42902, -0.85406, -0.45494, -0.25221, -81.21142, -43.54716, -89.21033
1557, 495, -67.02457, -70.74203, 121.41518, 122.37469, 0.48144, 0.48144, 0.48144, 1.00, 0.92343, 0.43706, 0.92343, 0.43706, -0.04961, -0.67299, 0.73799, -81.54252, -45.01491, -92.30736
1558, 496, -67.02213, -73.12315, 127.53352, 128.491, 1.80868, 1.80868, 1.80868, 1.00, 0.96337, 0.47594, 0.96337, 0.47594, 0.17885, -0.49212, 0.85196, -87.3364, -47.12856, -90.76936
1559, 497, -68.90036, -68.69878, 123.08078, 124.03974, 1.77392, 1.77392, 1.77392, 1.00, 0.95569, 0.4343, 0.95569, 0.4343, 0.13098, -0.54093, 0.8308, -83.70512, -43.63877, -93.61406
1560, 498, -64.19961, -76.17682, 126.01896, 126.97694, 0.49341, 0.49341, 0.49341, 1.00, 0.92291, 0.48464, 0.92291, 0.48464, -0.13084, -0.64394, 0.75381, -85.03959, -49.24689, -88.54945
1561, 496, -67.02213, -73.12315, 127.53352, 128.491, 1.80868, 1.80868, 1.80868, 1.00, 0.96337, 0.47594, 0.96337, 0.47594, 0.17885, -0.49212, 0.85196, -87.3364, -47.12856, -90.76936
1562, 495, -67.02457, -70.74203, 121.41518, 122.37469, 0.48144, 0.48144, 0.48144, 1.00, 0.92343, 0.43706, 0.92343, 0.43706, -0.04961, -0.67299, 0.73799, -81.54252, -45.01491, -92.30736
1563, 499, -69.69224, -65.80391, 124.58266, 125.54112, 1.81777, 1.81777, 1.81777, 1.00, 0.71594, 0.42934, 0.71594, 0.42934, 0.72851, 0.34823, 0.58993, -85.47869, -41.63477, -93.93761
1564, 500, -67.19303, -70.2919, 130.39642, 131.35295, 1.72368, 1.72368, 1.72368, 1.00, 0.73448, 0.47956, 0.73448, 0.47956, 0.82565, 0.30658, 0.47362, -90.26556, -45.25682, -90.16433
1565, 501, -67.28336, -62.8247, 126.35372, 127.31159, 1.52899, 1.52899, 1.52899, 1.00, 0.74168, 0.42874, 0.74168, 0.42874, 0.72387, 0.67001, 0.16458, -86.72126, -39.58665, -91.19418
1566, 500, -67.19303, -70.2919, 130.39642, 131.35295, 1.72368, 1.72368, 1.72368, 1.00, 0.73448, 0.47956, 0.73448, 0.47956, 0.82565, 0.30658, 0.47362, -90.26556, -45.25682, -90.16433
1567, 502, -65.05571, -68.37282, 131.71796, 132.67404, 1.36171, 1.36171, 1.36171, 1.00, 0.76451, 0.47946, 0.76451, 0.47946, 0.84027, 0.54209, -0.00928, -91.09489, -43.94894, -87.80257
1568, 501, -67.28336, -62.8247, 126.35372, 127.31159, 1.52899, 1.52899, 1.52899, 1.00, 0.74168, 0.42874, 0.74168, 0.42874, 0.72387, 0.67001, 0.16458, -86.72126, -39.58665, -91.19418
1569, 497, -68.90036, -68.69878, 123.08078, 124.03974, 1.77392, 1.77392, 1.77392, 1.00, 0.95569, 0.4343, 0.95569, 0.4343, 0.13098, -0.54093, 0.8308, -83.70512, -43.63877, -93.61406
1570, 496, -67.02213, -73.12315, 127.53352, 128.491, 1.80868, 1.80868, 1.80868, 1.00, 0.96337, 0.47594, 0.96337, 0.47594, 0.17885, -0.49212, 0.85196, -87.3364, -47.12856, -90.76936
1571, 503, -69.69224, -65.80391, 124.58266, 125.54112, 1.85418, 1.85418, 1.85418, 1.00, 0.98763, 0.43219, 0.98763, 0.43219, 0.34789, -0.37731, 0.85826, -85.47869, -41.63477, -93.93761
1572, 496, -67.02213, -73.12315, 127.53352, 128.491, 1.80868, 1.80868, 1.80868, 1.00, 0.96337, 0.47594, 0.96337, 0.47594, 0.17885, -0.49212, 0.85196, -87.3364, -47.12856, -90.76936
1573, 504, -67.19303, -70.2919, 130.39642, 131.35295, 1.87973, 1.87973, 1.87973, 1.00, 0.99852, 0.47698, 0.99852, 0.47698, 0.38687, -0.32668, 0.86233, -90.26556, -45.25682, -90.16433
1574, 503, -69.69224, -65.80391, 124.58266, 125.54112, 1.85418, 1.85418, 1.85418, 1.00, 0.98763, 0.43219, 0.98763, 0.43219, 0.34789, -0.37731, 0.85826, -85.47869, -41.63477, -93.93761
1575, 501, -67.28336, -62.8247, 126.35372, 127.31159, 1.52899, 1.52899, 1.52899, 1.00, 0.74168, 0.42874, 0.74168, 0.42874, 0.72387, 0.67001, 0.16458, -86.72126, -39.58665, -91.19418
1576, 505, -60.0334, -67.95578, 130.95297, 131.90932, 0.00, 0.00, 0.00, 1.00, 0.81, 0.47876, 0.81, 0.47876, 0.32086, 0.64913, -0.68969, -89.12932, -43.59814, -83.29031
1577, 506, -63.44208, -63.12689, 125.32555, 126.28376, 0.00, 0.00, 0.00, 1.00, 0.80834, 0.42881, 0.80834, 0.42881, 0.03876, 0.73999, -0.6715, -84.76299, -39.7407, -87.86359
1578, 502, -65.05571, -68.37282, 131.71796, 132.67404, 1.36171, 1.36171, 1.36171, 1.00, 0.76451, 0.47946, 0.76451, 0.47946, 0.84027, 0.54209, -0.00928, -91.09489, -43.94894, -87.80257
1579, 505, -60.0334, -67.95578, 130.95297, 131.90932, 0.00, 0.00, 0.00, 1.00, 0.81, 0.47876, 0.81, 0.47876, 0.32086, 0.64913, -0.68969, -89.12932, -43.59814, -83.29031
1580, 501, -67.28336, -62.8247, 126.35372, 127.31159, 1.52899, 1.52899, 1.52899, 1.00, 0.74168, 0.42874, 0.74168, 0.42874, 0.72387, 0.67001, 0.16458, -86.72126, -39.58665, -91.19418
1581, 507, -61.57246, -65.46464, 122.78252, 123.74158, 1.18263, 1.18263, 1.18263, 1.00, 0.86247, 0.42872, 0.86247, 0.42872, -0.69809, 0.0535, -0.71401, -81.74268, -41.27486, -86.79037
1582, 494, -60.77698, -73.57474, 126.08076, 127.03872, 1.18165, 1.18165, 1.18165, 1.00, 0.87231, 0.47948, 0.87231, 0.47948, -0.81369, -0.45236, -0.36506, -84.36546, -47.36407, -85.29806
1583, 491, -63.84668, -68.68466, 121.79481, 122.7542, 1.17583, 1.17583, 1.17583, 1.00, 0.89725, 0.42902, 0.89725, 0.42902, -0.85406, -0.45494, -0.25221, -81.21142, -43.54716, -89.21033
1584, 508, -58.75231, -71.4501, 127.65787, 128.61531, 1.1877, 1.1877, 1.1877, 1.00, 0.84635, 0.47958, 0.84635, 0.47958, -0.53654, 0.0786, -0.84021, -85.47836, -45.92332, -82.97405
1585, 494, -60.77698, -73.57474, 126.08076, 127.03872, 1.18165, 1.18165, 1.18165, 1.00, 0.87231, 0.47948, 0.87231, 0.47948, -0.81369, -0.45236, -0.36506, -84.36546, -47.36407, -85.29806
1586, 507, -61.57246, -65.46464, 122.78252, 123.74158, 1.18263, 1.18263, 1.18263, 1.00, 0.86247, 0.42872, 0.86247, 0.42872, -0.69809, 0.0535, -0.71401, -81.74268, -41.27486, -86.79037
1587, 506, -63.44208, -63.12689, 125.32555, 126.28376, 0.00, 0.00, 0.00, 1.00, 0.80834, 0.42881, 0.80834, 0.42881, 0.03876, 0.73999, -0.6715, -84.76299, -39.7407, -87.86359
1588, 508, -58.75231, -71.4501, 127.65787, 128.61531, 1.1877, 1.1877, 1.1877, 1.00, 0.84635, 0.47958, 0.84635, 0.47958, -0.53654, 0.0786, -0.84021, -85.47836, -45.92332, -82.97405
1589, 507, -61.57246, -65.46464, 122.78252, 123.74158, 1.18263, 1.18263, 1.18263, 1.00, 0.86247, 0.42872, 0.86247, 0.42872, -0.69809, 0.0535, -0.71401, -81.74268, -41.27486, -86.79037
1590, 505, -60.0334, -67.95578, 130.95297, 131.90932, 0.00, 0.00, 0.00, 1.00, 0.81, 0.47876, 0.81, 0.47876, 0.32086, 0.64913, -0.68969, -89.12932, -43.59814, -83.29031
1591, 508, -58.75231, -71.4501, 127.65787, 128.61531, 1.1877, 1.1877, 1.1877, 1.00, 0.84635, 0.47958, 0.84635, 0.47958, -0.53654, 0.0786, -0.84021, -85.47836, -45.92332, -82.97405
1592, 506, -63.44208, -63.12689, 125.32555, 126.28376, 0.00, 0.00, 0.00, 1.00, 0.80834, 0.42881, 0.80834, 0.42881, 0.03876, 0.73999, -0.6715, -84.76299, -39.7407, -87.86359
1593, 494, -60.77698, -73.57474, 126.08076, 127.03872, 1.18165, 1.18165, 1.18165, 1.00, 0.87231, 0.47948, 0.87231, 0.47948, -0.81369, -0.45236, -0.36506, -84.36546, -47.36407, -85.29806
1594, 509, -60.31313, -89.42306, 138.03806, 138.99203, 1.17891, 1.17891, 1.17891, 1.00, 0.90361, 0.60723, 0.90361, 0.60723, -0.95309, -0.22847, -0.19853, -95.07707, -59.61206, -81.99432
1595, 492, -64.19961, -76.17682, 126.01896, 126.97694, 1.17313, 1.17313, 1.17313, 1.00, 0.91128, 0.48716, 0.91128, 0.48716, -0.80844, -0.56411, -0.16795, -85.03959, -49.24689, -88.54945
1596, 510, -58.50248, -87.97752, 138.63869, 139.59247, 1.18372, 1.18372, 1.18372, 1.00, 0.86396, 0.60688, 0.86396, 0.60688, -0.88087, -0.14825, -0.44955, -95.27122, -58.60194, -80.12829
1597, 509, -60.31313, -89.42306, 138.03806, 138.99203, 1.17891, 1.17891, 1.17891, 1.00, 0.90361, 0.60723, 0.90361, 0.60723, -0.95309, -0.22847, -0.19853, -95.07707, -59.61206, -81.99432
1598, 494, -60.77698, -73.57474, 126.08076, 127.03872, 1.18165, 1.18165, 1.18165, 1.00, 0.87231, 0.47948, 0.87231, 0.47948, -0.81369, -0.45236, -0.36506, -84.36546, -47.36407, -85.29806
1599, 498, -64.19961, -76.17682, 126.01896, 126.97694, 0.49341, 0.49341, 0.49341, 1.00, 0.92291, 0.48464, 0.92291, 0.48464, -0.13084, -0.64394, 0.75381, -85.03959, -49.24689, -88.54945
1600, 511, -61.27525, -89.07959, 138.92548, 139.87915, 0.6587, 0.6587, 0.6587, 1.00, 0.95139, 0.60668, 0.95139, 0.60668, -0.21403, -0.40597, 0.88847, -96.18692, -59.41918, -82.66439
1601, 496, -67.02213, -73.12315, 127.53352, 128.491, 1.80868, 1.80868, 1.80868, 1.00, 0.96337, 0.47594, 0.96337, 0.47594, 0.17885, -0.49212, 0.85196, -87.3364, -47.12856, -90.76936
1602, 512, -60.31313, -89.42306, 138.03806, 138.99203, 0.57676, 0.57676, 0.57676, 1.00, 0.92935, 0.60822, 0.92935, 0.60822, -0.41893, -0.40784, 0.81128, -95.07707, -59.61206, -81.99432
1603, 511, -61.27525, -89.07959, 138.92548, 139.87915, 0.6587, 0.6587, 0.6587, 1.00, 0.95139, 0.60668, 0.95139, 0.60668, -0.21403, -0.40597, 0.88847, -96.18692, -59.41918, -82.66439
1604, 498, -64.19961, -76.17682, 126.01896, 126.97694, 0.49341, 0.49341, 0.49341, 1.00, 0.92291, 0.48464, 0.92291, 0.48464, -0.13084, -0.64394, 0.75381, -85.03959, -49.24689, -88.54945
1605, 500, -67.19303, -70.2919, 130.39642, 131.35295, 1.72368, 1.72368, 1.72368, 1.00, 0.73448, 0.47956, 0.73448, 0.47956, 0.82565, 0.30658, 0.47362, -90.26556, -45.25682, -90.16433
1606, 513, -60.15152, -87.5865, 141.08118, 142.03415, 1.35931, 1.35931, 1.35931, 1.00, 0.76975, 0.60446, 0.76975, 0.60446, 0.98925, -0.05048, 0.13721, -98.05331, -58.47296, -81.04358
1607, 502, -65.05571, -68.37282, 131.71796, 132.67404, 1.36171, 1.36171, 1.36171, 1.00, 0.76451, 0.47946, 0.76451, 0.47946, 0.84027, 0.54209, -0.00928, -91.09489, -43.94894, -87.80257
1608, 514, -61.50407, -88.16782, 140.03749, 140.9908, 1.54888, 1.54888, 1.54888, 1.00, 0.74022, 0.60392, 0.74022, 0.60392, 0.91456, -0.12286, 0.38535, -97.35663, -58.82842, -82.58369
1609, 513, -60.15152, -87.5865, 141.08118, 142.03415, 1.35931, 1.35931, 1.35931, 1.00, 0.76975, 0.60446, 0.76975, 0.60446, 0.98925, -0.05048, 0.13721, -98.05331, -58.47296, -81.04358
1610, 500, -67.19303, -70.2919, 130.39642, 131.35295, 1.72368, 1.72368, 1.72368, 1.00, 0.73448, 0.47956, 0.73448, 0.47956, 0.82565, 0.30658, 0.47362, -90.26556, -45.25682, -90.16433
1611, 496, -67.02213, -73.12315, 127.53352, 128.491, 1.80868, 1.80868, 1.80868, 1.00, 0.96337, 0.47594, 0.96337, 0.47594, 0.17885, -0.49212, 0.85196, -87.3364, -47.12856, -90.76936
1612, 515, -61.50407, -88.16782, 140.03749, 140.9908, 1.90689, 1.90689, 1.90689, 1.00, 0.97059, 0.60313, 0.97059, 0.60313, 0.21816, -0.34421, 0.91319, -97.35663, -58.82842, -82.58369
1613, 504, -67.19303, -70.2919, 130.39642, 131.35295, 1.87973, 1.87973, 1.87973, 1.00, 0.99852, 0.47698, 0.99852, 0.47698, 0.38687, -0.32668, 0.86233, -90.26556, -45.25682, -90.16433
1614, 511, -61.27525, -89.07959, 138.92548, 139.87915, 0.6587, 0.6587, 0.6587, 1.00, 0.95139, 0.60668, 0.95139, 0.60668, -0.21403, -0.40597, 0.88847, -96.18692, -59.41918, -82.66439
1615, 515, -61.50407, -88.16782, 140.03749, 140.9908, 1.90689, 1.90689, 1.90689, 1.00, 0.97059, 0.60313, 0.97059, 0.60313, 0.21816, -0.34421, 0.91319, -97.35663, -58.82842, -82.58369
1616, 496, -67.02213, -73.12315, 127.53352, 128.491, 1.80868, 1.80868, 1.80868, 1.00, 0.96337, 0.47594, 0.96337, 0.47594, 0.17885, -0.49212, 0.85196, -87.3364, -47.12856, -90.76936
1617, 502, -65.05571, -68.37282, 131.71796, 132.67404, 1.36171, 1.36171, 1.36171, 1.00, 0.76451, 0.47946, 0.76451, 0.47946, 0.84027, 0.54209, -0.00928, -91.09489, -43.94894, -87.80257
1618, 516, -58.10915, -87.25085, 140.57703, 141.53015, 0.00, 0.00, 0.00, 1.00, 0.80086, 0.60553, 0.80086, 0.60553, 0.76484, 0.13176, -0.6306, -97.07518, -58.19769, -79.25601
1619, 505, -60.0334, -67.95578, 130.95297, 131.90932, 0.00, 0.00, 0.00, 1.00, 0.81, 0.47876, 0.81, 0.47876, 0.32086, 0.64913, -0.68969, -89.12932, -43.59814, -83.29031
1620, 513, -60.15152, -87.5865, 141.08118, 142.03415, 1.35931, 1.35931, 1.35931, 1.00, 0.76975, 0.60446, 0.76975, 0.60446, 0.98925, -0.05048, 0.13721, -98.05331, -58.47296, -81.04358
1621, 516, -58.10915, -87.25085, 140.57703, 141.53015, 0.00, 0.00, 0.00, 1.00, 0.80086, 0.60553, 0.80086, 0.60553, 0.76484, 0.13176, -0.6306, -97.07518, -58.19769, -79.25601
1622, 502, -65.05571, -68.37282, 131.71796, 132.67404, 1.36171, 1.36171, 1.36171, 1.00, 0.76451, 0.47946, 0.76451, 0.47946, 0.84027, 0.54209, -0.00928, -91.09489, -43.94894, -87.80257
1623, 508, -58.75231, -71.4501, 127.65787, 128.61531, 1.1877, 1.1877, 1.1877, 1.00, 0.84635, 0.47958, 0.84635, 0.47958, -0.53654, 0.0786, -0.84021, -85.47836, -45.92332, -82.97405
1624, 510, -58.50248, -87.97752, 138.63869, 139.59247, 1.18372, 1.18372, 1.18372, 1.00, 0.86396, 0.60688, 0.86396, 0.60688, -0.88087, -0.14825, -0.44955, -95.27122, -58.60194, -80.12829
1625, 494, -60.77698, -73.57474, 126.08076, 127.03872, 1.18165, 1.18165, 1.18165, 1.00, 0.87231, 0.47948, 0.87231, 0.47948, -0.81369, -0.45236, -0.36506, -84.36546, -47.36407, -85.29806
1626, 517, -57.49534, -87.40695, 139.5995, 140.55295, 1.18652, 1.18652, 1.18652, 1.00, 0.8338, 0.60579, 0.8338, 0.60579, -0.20831, 0.07812, -0.97494, -95.97321, -58.24902, -78.93292
1627, 510, -58.50248, -87.97752, 138.63869, 139.59247, 1.18372, 1.18372, 1.18372, 1.00, 0.86396, 0.60688, 0.86396, 0.60688, -0.88087, -0.14825, -0.44955, -95.27122, -58.60194, -80.12829
1628, 508, -58.75231, -71.4501, 127.65787, 128.61531, 1.1877, 1.1877, 1.1877, 1.00, 0.84635, 0.47958, 0.84635, 0.47958, -0.53654, 0.0786, -0.84021, -85.47836, -45.92332, -82.97405
1629, 505, -60.0334, -67.95578, 130.95297, 131.90932, 0.00, 0.00, 0.00, 1.00, 0.81, 0.47876, 0.81, 0.47876, 0.32086, 0.64913, -0.68969, -89.12932, -43.59814, -83.29031
1630, 517, -57.49534, -87.40695, 139.5995, 140.55295, 1.18652, 1.18652, 1.18652, 1.00, 0.8338, 0.60579, 0.8338, 0.60579, -0.20831, 0.07812, -0.97494, -95.97321, -58.24902, -78.93292
1631, 508, -58.75231, -71.4501, 127.65787, 128.61531, 1.1877, 1.1877, 1.1877, 1.00, 0.84635, 0.47958, 0.84635, 0.47958, -0.53654, 0.0786, -0.84021, -85.47836, -45.92332, -82.97405
1632, 516, -58.10915, -87.25085, 140.57703, 141.53015, 0.00, 0.00, 0.00, 1.00, 0.80086, 0.60553, 0.80086, 0.60553, 0.76484, 0.13176, -0.6306, -97.07518, -58.19769, -79.25601
1633, 517, -57.49534, -87.40695, 139.5995, 140.55295, 1.18652, 1.18652, 1.18652, 1.00, 0.8338, 0.60579, 0.8338, 0.60579, -0.20831, 0.07812, -0.97494, -95.97321, -58.24902, -78.93292
1634, 505, -60.0334, -67.95578, 130.95297, 131.90932, 0.00, 0.00, 0.00, 1.00, 0.81, 0.47876, 0.81, 0.47876, 0.32086, 0.64913, -0.68969, -89.12932, -43.59814, -83.29031
1635, 518, -67.23318, -98.60178, 134.43993, 135.3951, 1.15843, 1.15843, 1.15843, 1.00, 0.46676, 0.42347, 0.46676, 0.42347, 0.12695, -0.96718, -0.2201, -92.9165, -66.03976, -89.50199
1636, 519, -65.25515, -97.99028, 134.76689, 135.72197, 1.16288, 1.16288, 1.16288, 1.00, 0.47813, 0.44864, 0.47813, 0.44864, 0.11052, -0.97558, -0.18981, -92.76811, -65.61706, -87.559
1637, 520, -68.44914, -97.66487, 138.03189, 138.98587, 1.15774, 1.15774, 1.15774, 1.00, 0.40971, 0.43767, 0.40971, 0.43767, 0.11464, -0.9736, -0.19741, -96.72388, -65.5877, -89.71152
1638, 520, -68.44914, -97.66487, 138.03189, 138.98587, 1.15774, 1.15774, 1.15774, 1.00, 0.40971, 0.43767, 0.40971, 0.43767, 0.11464, -0.9736, -0.19741, -96.72388, -65.5877, -89.71152
1639, 519, -65.25515, -97.99028, 134.76689, 135.72197, 1.16288, 1.16288, 1.16288, 1.00, 0.47813, 0.44864, 0.47813, 0.44864, 0.11052, -0.97558, -0.18981, -92.76811, -65.61706, -87.559
1640, 521, -68.2213, -97.30193, 139.12286, 140.07648, 1.15876, 1.15876, 1.15876, 1.00, 0.3972, 0.44864, 0.3972, 0.44864, 0.10226, -0.97932, -0.17457, -97.73557, -65.39356, -89.21506
1641, 521, -68.2213, -97.30193, 139.12286, 140.07648, 1.15876, 1.15876, 1.15876, 1.00, 0.3972, 0.44864, 0.3972, 0.44864, 0.10226, -0.97932, -0.17457, -97.73557, -65.39356, -89.21506
1642, 519, -65.25515, -97.99028, 134.76689, 135.72197, 1.16288, 1.16288, 1.16288, 1.00, 0.47813, 0.44864, 0.47813, 0.44864, 0.11052, -0.97558, -0.18981, -92.76811, -65.61706, -87.559
1643, 522, -63.46072, -97.33799, 135.79561, 136.75034, 1.16726, 1.16726, 1.16726, 1.00, 0.47895, 0.49995, 0.47895, 0.49995, 0.10222, -0.97938, -0.17425, -93.34383, -65.20918, -85.60809
1644, 523, -65.62357, -96.33113, 140.70291, 141.65601, 1.1651, 1.1651, 1.1651, 1.00, 0.3972, 0.51328, 0.3972, 0.51328, 0.10211, -0.97945, -0.17391, -98.6578, -64.78963, -86.36728
1645, 521, -68.2213, -97.30193, 139.12286, 140.07648, 1.15876, 1.15876, 1.15876, 1.00, 0.3972, 0.44864, 0.3972, 0.44864, 0.10226, -0.97932, -0.17457, -97.73557, -65.39356, -89.21506
1646, 522, -63.46072, -97.33799, 135.79561, 136.75034, 1.16726, 1.16726, 1.16726, 1.00, 0.47895, 0.49995, 0.47895, 0.49995, 0.10222, -0.97938, -0.17425, -93.34383, -65.20918, -85.60809
1647, 524, -56.55873, -94.7055, 140.21468, 141.16792, 1.18464, 1.18464, 1.18464, 1.00, 0.47606, 0.58889, 0.47606, 0.58889, 0.10211, -0.97945, -0.17391, -96.00959, -63.58001, -77.98464
1648, 523, -65.62357, -96.33113, 140.70291, 141.65601, 1.1651, 1.1651, 1.1651, 1.00, 0.3972, 0.51328, 0.3972, 0.51328, 0.10211, -0.97945, -0.17391, -98.6578, -64.78963, -86.36728
1649, 522, -63.46072, -97.33799, 135.79561, 136.75034, 1.16726, 1.16726, 1.16726, 1.00, 0.47895, 0.49995, 0.47895, 0.49995, 0.10222, -0.97938, -0.17425, -93.34383, -65.20918, -85.60809
1650, 523, -65.62357, -96.33113, 140.70291, 141.65601, 1.1651, 1.1651, 1.1651, 1.00, 0.3972, 0.51328, 0.3972, 0.51328, 0.10211, -0.97945, -0.17391, -98.6578, -64.78963, -86.36728
1651, 524, -56.55873, -94.7055, 140.21468, 141.16792, 1.18464, 1.18464, 1.18464, 1.00, 0.47606, 0.58889, 0.47606, 0.58889, 0.10211, -0.97945, -0.17391, -96.00959, -63.58001, -77.98464
1652, 525, -58.88329, -94.16603, 143.62843, 144.58055, 1.18124, 1.18124, 1.18124, 1.00, 0.41264, 0.58889, 0.41264, 0.58889, 0.10215, -0.97939, -0.17423, -99.90258, -63.40486, -79.28249
1653, 526, -56.26379, -94.17331, 141.8407, 142.79341, 1.18614, 1.18614, 1.18614, 1.00, 0.45706, 0.60475, 0.45706, 0.60475, 0.10226, -0.97932, -0.17457, -97.52814, -63.29702, -77.28661
1654, 525, -58.88329, -94.16603, 143.62843, 144.58055, 1.18124, 1.18124, 1.18124, 1.00, 0.41264, 0.58889, 0.41264, 0.58889, 0.10215, -0.97939, -0.17423, -99.90258, -63.40486, -79.28249
1655, 524, -56.55873, -94.7055, 140.21468, 141.16792, 1.18464, 1.18464, 1.18464, 1.00, 0.47606, 0.58889, 0.47606, 0.58889, 0.10211, -0.97945, -0.17391, -96.00959, -63.58001, -77.98464
1656, 527, -57.35869, -93.91921, 143.44862, 144.40079, 1.18453, 1.18453, 1.18453, 1.00, 0.42718, 0.60475, 0.42718, 0.60475, 0.10226, -0.97932, -0.17457, -99.36179, -63.21452, -77.8979
1657, 525, -58.88329, -94.16603, 143.62843, 144.58055, 1.18124, 1.18124, 1.18124, 1.00, 0.41264, 0.58889, 0.41264, 0.58889, 0.10215, -0.97939, -0.17423, -99.90258, -63.40486, -79.28249
1658, 526, -56.26379, -94.17331, 141.8407, 142.79341, 1.18614, 1.18614, 1.18614, 1.00, 0.45706, 0.60475, 0.45706, 0.60475, 0.10226, -0.97932, -0.17457, -97.52814, -63.29702, -77.28661
1659, 528, -58.50248, -87.97752, 138.63869, 139.59247, 1.18372, 1.18372, 1.18372, 1.00, 0.66336, 0.47671, 0.66336, 0.47671, -0.92383, 0.37183, -0.09099, -95.27122, -58.60194, -80.12829
1660, 529, -61.09125, -91.48759, 137.25177, 138.20601, 1.17587, 1.17587, 1.17587, 1.00, 0.613, 0.50877, 0.613, 0.50877, -0.97642, 0.19338, -0.09591, -94.42014, -61.05928, -82.94823
1661, 530, -60.31313, -89.42306, 138.03806, 138.99203, 0.26043, 0.26043, 0.26043, 1.00, 0.63352, 0.488, 0.63352, 0.488, -0.84291, 0.50501, 0.18568, -95.07707, -59.61206, -81.99432
1662, 531, -58.49377, -89.78392, 138.28223, 139.23611, 1.18262, 1.18262, 1.18262, 1.00, 0.65619, 0.49774, 0.65619, 0.49774, -0.9337, 0.12636, -0.33501, -94.84499, -59.88917, -80.23253
1663, 529, -61.09125, -91.48759, 137.25177, 138.20601, 1.17587, 1.17587, 1.17587, 1.00, 0.613, 0.50877, 0.613, 0.50877, -0.97642, 0.19338, -0.09591, -94.42014, -61.05928, -82.94823
1664, 528, -58.50248, -87.97752, 138.63869, 139.59247, 1.18372, 1.18372, 1.18372, 1.00, 0.66336, 0.47671, 0.66336, 0.47671, -0.92383, 0.37183, -0.09099, -95.27122, -58.60194, -80.12829
1665, 532, -60.31313, -89.42306, 138.03806, 138.99203, 0.7177, 0.7177, 0.7177, 1.00, 0.6264, 0.43644, 0.6264, 0.43644, -0.47093, 0.61235, 0.63503, -95.07707, -59.61206, -81.99432
1666, 533, -62.45405, -91.10997, 138.52921, 139.48302, 0.70014, 0.70014, 0.70014, 1.00, 0.60121, 0.46273, 0.60121, 0.46273, -0.33266, 0.75854, 0.56032, -96.00705, -60.8663, -83.89342
1667, 534, -61.27525, -89.07959, 138.92548, 139.87915, 0.80857, 0.80857, 0.80857, 1.00, 0.62276, 0.45986, 0.62276, 0.45986, -0.30481, 0.61728, 0.7253, -96.18692, -59.41918, -82.66439
1668, 535, -61.09125, -91.48759, 137.25177, 138.20601, 0.65742, 0.65742, 0.65742, 1.00, 0.60648, 0.4294, 0.60648, 0.4294, -0.39813, 0.76035, 0.51319, -94.42014, -61.05928, -82.94823
1669, 533, -62.45405, -91.10997, 138.52921, 139.48302, 0.70014, 0.70014, 0.70014, 1.00, 0.60121, 0.46273, 0.60121, 0.46273, -0.33266, 0.75854, 0.56032, -96.00705, -60.8663, -83.89342
1670, 532, -60.31313, -89.42306, 138.03806, 138.99203, 0.7177, 0.7177, 0.7177, 1.00, 0.6264, 0.43644, 0.6264, 0.43644, -0.47093, 0.61235, 0.63503, -95.07707, -59.61206, -81.99432
1671, 536, -61.50407, -88.16782, 140.03749, 140.9908, 1.78218, 1.78218, 1.78218, 1.00, 0.63415, 0.48306, 0.63415, 0.48306, 0.71796, 0.53488, 0.44546, -97.35663, -58.82842, -82.58369
1672, 537, -60.77136, -89.24419, 141.65742, 142.61018, 1.48301, 1.48301, 1.48301, 1.00, 0.65226, 0.50274, 0.65226, 0.50274, 0.86608, 0.48796, 0.10867, -98.68915, -59.71139, -81.49625
1673, 538, -60.15152, -87.5865, 141.08118, 142.03415, 1.25003, 1.25003, 1.25003, 1.00, 0.65918, 0.48292, 0.65918, 0.48292, 0.89366, 0.42798, -0.13493, -98.05331, -58.47296, -81.04358
1674, 539, -62.73625, -90.07905, 140.15657, 141.10985, 1.77196, 1.77196, 1.77196, 1.00, 0.61603, 0.50288, 0.61603, 0.50288, 0.72886, 0.52274, 0.44216, -97.6923, -60.22177, -83.72959
1675, 537, -60.77136, -89.24419, 141.65742, 142.61018, 1.48301, 1.48301, 1.48301, 1.00, 0.65226, 0.50274, 0.65226, 0.50274, 0.86608, 0.48796, 0.10867, -98.68915, -59.71139, -81.49625
1676, 536, -61.50407, -88.16782, 140.03749, 140.9908, 1.78218, 1.78218, 1.78218, 1.00, 0.63415, 0.48306, 0.63415, 0.48306, 0.71796, 0.53488, 0.44546, -97.35663, -58.82842, -82.58369
1677, 534, -61.27525, -89.07959, 138.92548, 139.87915, 0.80857, 0.80857, 0.80857, 1.00, 0.62276, 0.45986, 0.62276, 0.45986, -0.30481, 0.61728, 0.7253, -96.18692, -59.41918, -82.66439
1678, 540, -62.73625, -90.07905, 140.15657, 141.10985, 0.78618, 0.78618, 0.78618, 1.00, 0.61265, 0.49168, 0.61265, 0.49168, -0.23614, 0.70477, 0.66898, -97.6923, -60.22177, -83.72959
1679, 541, -61.50407, -88.16782, 140.03749, 140.9908, 0.84811, 0.84811, 0.84811, 1.00, 0.63066, 0.48026, 0.63066, 0.48026, -0.24004, 0.58147, 0.77735, -97.35663, -58.82842, -82.58369
1680, 533, -62.45405, -91.10997, 138.52921, 139.48302, 0.70014, 0.70014, 0.70014, 1.00, 0.60121, 0.46273, 0.60121, 0.46273, -0.33266, 0.75854, 0.56032, -96.00705, -60.8663, -83.89342
1681, 540, -62.73625, -90.07905, 140.15657, 141.10985, 0.78618, 0.78618, 0.78618, 1.00, 0.61265, 0.49168, 0.61265, 0.49168, -0.23614, 0.70477, 0.66898, -97.6923, -60.22177, -83.72959
1682, 534, -61.27525, -89.07959, 138.92548, 139.87915, 0.80857, 0.80857, 0.80857, 1.00, 0.62276, 0.45986, 0.62276, 0.45986, -0.30481, 0.61728, 0.7253, -96.18692, -59.41918, -82.66439
1683, 538, -60.15152, -87.5865, 141.08118, 142.03415, 1.25003, 1.25003, 1.25003, 1.00, 0.65918, 0.48292, 0.65918, 0.48292, 0.89366, 0.42798, -0.13493, -98.05331, -58.47296, -81.04358
1684, 542, -57.86678, -88.78052, 141.01382, 141.9668, 0.00, 0.00, 0.00, 1.00, 0.68234, 0.5018, 0.68234, 0.5018, 0.82612, 0.42321, -0.37205, -97.36826, -59.33446, -78.93545
1685, 543, -58.10915, -87.25085, 140.57703, 141.53015, 0.00, 0.00, 0.00, 1.00, 0.67997, 0.48197, 0.67997, 0.48197, 0.84741, 0.3347, -0.41215, -97.07518, -58.19769, -79.25601
1686, 537, -60.77136, -89.24419, 141.65742, 142.61018, 1.48301, 1.48301, 1.48301, 1.00, 0.65226, 0.50274, 0.65226, 0.50274, 0.86608, 0.48796, 0.10867, -98.68915, -59.71139, -81.49625
1687, 542, -57.86678, -88.78052, 141.01382, 141.9668, 0.00, 0.00, 0.00, 1.00, 0.68234, 0.5018, 0.68234, 0.5018, 0.82612, 0.42321, -0.37205, -97.36826, -59.33446, -78.93545
1688, 538, -60.15152, -87.5865, 141.08118, 142.03415, 1.25003, 1.25003, 1.25003, 1.00, 0.65918, 0.48292, 0.65918, 0.48292, 0.89366, 0.42798, -0.13493, -98.05331, -58.47296, -81.04358
1689, 544, -57.49534, -87.40695, 139.5995, 140.55295, 1.18652, 1.18652, 1.18652, 1.00, 0.68422, 0.47557, 0.68422, 0.47557, -0.86602, 0.25483, -0.4302, -95.97321, -58.24902, -78.93292
1690, 531, -58.49377, -89.78392, 138.28223, 139.23611, 1.18262, 1.18262, 1.18262, 1.00, 0.65619, 0.49774, 0.65619, 0.49774, -0.9337, 0.12636, -0.33501, -94.84499, -59.88917, -80.23253
1691, 528, -58.50248, -87.97752, 138.63869, 139.59247, 1.18372, 1.18372, 1.18372, 1.00, 0.66336, 0.47671, 0.66336, 0.47671, -0.92383, 0.37183, -0.09099, -95.27122, -58.60194, -80.12829
1692, 545, -57.02066, -89.00017, 139.66229, 140.61572, 1.18667, 1.18667, 1.18667, 1.00, 0.68637, 0.49661, 0.68637, 0.49661, -0.87488, 0.13104, -0.46628, -95.84514, -59.40821, -78.49117
1693, 531, -58.49377, -89.78392, 138.28223, 139.23611, 1.18262, 1.18262, 1.18262, 1.00, 0.65619, 0.49774, 0.65619, 0.49774, -0.9337, 0.12636, -0.33501, -94.84499, -59.88917, -80.23253
1694, 544, -57.49534, -87.40695, 139.5995, 140.55295, 1.18652, 1.18652, 1.18652, 1.00, 0.68422, 0.47557, 0.68422, 0.47557, -0.86602, 0.25483, -0.4302, -95.97321, -58.24902, -78.93292
1695, 546, -58.10915, -87.25085, 140.57703, 141.53015, 0.00, 0.00, 0.00, 1.00, 0.72368, 0.47984, 0.72368, 0.47984, 0.25174, 0.32105, -0.91299, -97.07518, -58.19769, -79.25601
1696, 547, -57.02066, -89.00017, 139.66229, 140.61572, 0.00, 0.00, 0.00, 1.00, 0.70022, 0.49868, 0.70022, 0.49868, 0.06817, 0.30266, -0.95066, -95.84514, -59.40821, -78.49117
1697, 548, -57.49534, -87.40695, 139.5995, 140.55295, 0.00, 0.00, 0.00, 1.00, 0.70521, 0.47975, 0.70521, 0.47975, 0.25279, 0.32003, -0.91306, -95.97321, -58.24902, -78.93292
1698, 549, -57.86678, -88.78052, 141.01382, 141.9668, 0.00, 0.00, 0.00, 1.00, 0.72573, 0.49878, 0.72573, 0.49878, 0.24677, 0.41975, -0.87345, -97.36826, -59.33446, -78.93545
1699, 547, -57.02066, -89.00017, 139.66229, 140.61572, 0.00, 0.00, 0.00, 1.00, 0.70022, 0.49868, 0.70022, 0.49868, 0.06817, 0.30266, -0.95066, -95.84514, -59.40821, -78.49117
1700, 546, -58.10915, -87.25085, 140.57703, 141.53015, 0.00, 0.00, 0.00, 1.00, 0.72368, 0.47984, 0.72368, 0.47984, 0.25174, 0.32105, -0.91299, -97.07518, -58.19769, -79.25601
1701, 550, -65.46777, -96.59782, 134.64325, 135.59836, 1.16315, 1.16315, 1.16315, 1.00, 0.52788, 0.55185, 0.52788, 0.55185, -0.98385, 0.16822, -0.06121, -92.76353, -64.59958, -87.77329
1702, 551, -67.23318, -98.60178, 134.43993, 135.3951, 1.15843, 1.15843, 1.15843, 1.00, 0.50024, 0.57157, 0.50024, 0.57157, -0.99769, -0.04107, 0.05406, -92.9165, -66.03976, -89.50199
1703, 552, -67.58495, -96.66846, 134.18216, 135.13742, 1.19792, 1.19792, 1.19792, 1.00, 0.4989, 0.54593, 0.4989, 0.54593, -0.97609, 0.21395, 0.0383, -92.84116, -64.62163, -89.87449
1704, 553, -65.25515, -97.99028, 134.76689, 135.72197, 1.16288, 1.16288, 1.16288, 1.00, 0.52788, 0.57, 0.52788, 0.57, -0.98697, 0.02581, -0.15883, -92.76811, -65.61706, -87.559
1705, 551, -67.23318, -98.60178, 134.43993, 135.3951, 1.15843, 1.15843, 1.15843, 1.00, 0.50024, 0.57157, 0.50024, 0.57157, -0.99769, -0.04107, 0.05406, -92.9165, -66.03976, -89.50199
1706, 550, -65.46777, -96.59782, 134.64325, 135.59836, 1.16315, 1.16315, 1.16315, 1.00, 0.52788, 0.55185, 0.52788, 0.55185, -0.98385, 0.16822, -0.06121, -92.76353, -64.59958, -87.77329
1707, 553, -65.25515, -97.99028, 134.76689, 135.72197, 1.16288, 1.16288, 1.16288, 1.00, 0.52788, 0.57, 0.52788, 0.57, -0.98697, 0.02581, -0.15883, -92.76811, -65.61706, -87.559
1708, 550, -65.46777, -96.59782, 134.64325, 135.59836, 1.16315, 1.16315, 1.16315, 1.00, 0.52788, 0.55185, 0.52788, 0.55185, -0.98385, 0.16822, -0.06121, -92.76353, -64.59958, -87.77329
1709, 554, -63.7612, -95.86916, 135.60941, 136.56419, 1.16738, 1.16738, 1.16738, 1.00, 0.58286, 0.55047, 0.58286, 0.55047, -0.9606, 0.14146, -0.23925, -93.30414, -64.13236, -85.91975
1710, 553, -65.25515, -97.99028, 134.76689, 135.72197, 1.16288, 1.16288, 1.16288, 1.00, 0.52788, 0.57, 0.52788, 0.57, -0.98697, 0.02581, -0.15883, -92.76811, -65.61706, -87.559
1711, 554, -63.7612, -95.86916, 135.60941, 136.56419, 1.16738, 1.16738, 1.16738, 1.00, 0.58286, 0.55047, 0.58286, 0.55047, -0.9606, 0.14146, -0.23925, -93.30414, -64.13236, -85.91975
1712, 555, -63.46072, -97.33799, 135.79561, 136.75034, 1.16726, 1.16726, 1.16726, 1.00, 0.5842, 0.57, 0.5842, 0.57, -0.95154, 0.0418, -0.30468, -93.34383, -65.20918, -85.60809
1713, 555, -63.46072, -97.33799, 135.79561, 136.75034, 1.16726, 1.16726, 1.16726, 1.00, 0.5842, 0.57, 0.5842, 0.57, -0.95154, 0.0418, -0.30468, -93.34383, -65.20918, -85.60809
1714, 554, -63.7612, -95.86916, 135.60941, 136.56419, 1.16738, 1.16738, 1.16738, 1.00, 0.58286, 0.55047, 0.58286, 0.55047, -0.9606, 0.14146, -0.23925, -93.30414, -64.13236, -85.91975
1715, 556, -56.92583, -93.18115, 139.93994, 140.89328, 1.18463, 1.18463, 1.18463, 1.00, 0.67917, 0.54944, 0.67917, 0.54944, -0.93931, -0.01965, -0.34251, -95.9035, -62.45735, -78.38065
1716, 555, -63.46072, -97.33799, 135.79561, 136.75034, 1.16726, 1.16726, 1.16726, 1.00, 0.5842, 0.57, 0.5842, 0.57, -0.95154, 0.0418, -0.30468, -93.34383, -65.20918, -85.60809
1717, 556, -56.92583, -93.18115, 139.93994, 140.89328, 1.18463, 1.18463, 1.18463, 1.00, 0.67917, 0.54944, 0.67917, 0.54944, -0.93931, -0.01965, -0.34251, -95.9035, -62.45735, -78.38065
1718, 557, -56.55873, -94.7055, 140.21468, 141.16792, 1.18464, 1.18464, 1.18464, 1.00, 0.68185, 0.57014, 0.68185, 0.57014, -0.94533, 0.02536, -0.32514, -96.00959, -63.58001, -77.98464
1719, 558, -56.55873, -94.7055, 140.21468, 141.16792, 1.18464, 1.18464, 1.18464, 1.00, 0.69837, 0.57075, 0.69837, 0.57075, -0.48064, 0.19403, -0.85518, -96.00959, -63.58001, -77.98464
1720, 559, -56.92583, -93.18115, 139.93994, 140.89328, 1.18463, 1.18463, 1.18463, 1.00, 0.69902, 0.55084, 0.69902, 0.55084, -0.50221, 0.13184, -0.85464, -95.9035, -62.45735, -78.38065
1721, 560, -56.51764, -92.23608, 141.60391, 142.5567, 0.00, 0.00, 0.00, 1.00, 0.71007, 0.54633, 0.71007, 0.54633, -0.11753, 0.28129, -0.9524, -97.4489, -61.87738, -77.562
1722, 561, -56.26379, -94.17331, 141.8407, 142.79341, 0.00, 0.00, 0.00, 1.00, 0.70942, 0.57075, 0.70942, 0.57075, 0.05987, 0.19332, -0.97931, -97.52814, -63.29702, -77.28661
1723, 558, -56.55873, -94.7055, 140.21468, 141.16792, 1.18464, 1.18464, 1.18464, 1.00, 0.69837, 0.57075, 0.69837, 0.57075, -0.48064, 0.19403, -0.85518, -96.00959, -63.58001, -77.98464
1724, 560, -56.51764, -92.23608, 141.60391, 142.5567, 0.00, 0.00, 0.00, 1.00, 0.71007, 0.54633, 0.71007, 0.54633, -0.11753, 0.28129, -0.9524, -97.4489, -61.87738, -77.562
1725, 562, -68.44914, -97.66487, 138.03189, 138.98587, 1.93844, 1.93844, 1.93844, 1.00, 0.51498, 0.57085, 0.51498, 0.57085, 0.47517, -0.0628, 0.87765, -96.72388, -65.5877, -89.71152
1726, 563, -68.31307, -95.93752, 138.82173, 139.77545, 1.87928, 1.87928, 1.87928, 1.00, 0.52674, 0.55375, 0.52674, 0.55375, 0.6827, 0.28075, 0.67461, -97.52861, -64.3852, -89.36188
1727, 564, -68.68005, -95.75962, 137.59665, 138.55078, 1.97282, 1.97282, 1.97282, 1.00, 0.51367, 0.54669, 0.51367, 0.54669, 0.53447, 0.31414, 0.78464, -96.44616, -64.17869, -90.01653
1728, 562, -68.44914, -97.66487, 138.03189, 138.98587, 1.93844, 1.93844, 1.93844, 1.00, 0.51498, 0.57085, 0.51498, 0.57085, 0.47517, -0.0628, 0.87765, -96.72388, -65.5877, -89.71152
1729, 565, -68.2213, -97.30193, 139.12286, 140.07648, 1.72812, 1.72812, 1.72812, 1.00, 0.52674, 0.57085, 0.52674, 0.57085, 0.82581, 0.08567, 0.5574, -97.73557, -65.39356, -89.21506
1730, 563, -68.31307, -95.93752, 138.82173, 139.77545, 1.87928, 1.87928, 1.87928, 1.00, 0.52674, 0.55375, 0.52674, 0.55375, 0.6827, 0.28075, 0.67461, -97.52861, -64.3852, -89.36188
1731, 563, -68.31307, -95.93752, 138.82173, 139.77545, 1.87928, 1.87928, 1.87928, 1.00, 0.52674, 0.55375, 0.52674, 0.55375, 0.6827, 0.28075, 0.67461, -97.52861, -64.3852, -89.36188
1732, 565, -68.2213, -97.30193, 139.12286, 140.07648, 1.72812, 1.72812, 1.72812, 1.00, 0.52674, 0.57085, 0.52674, 0.57085, 0.82581, 0.08567, 0.5574, -97.73557, -65.39356, -89.21506
1733, 566, -65.80319, -94.89034, 140.33923, 141.29245, 1.62865, 1.62865, 1.62865, 1.00, 0.5947, 0.55245, 0.5947, 0.55245, 0.87756, 0.33385, 0.34413, -98.41571, -63.72192, -86.61145
1734, 566, -65.80319, -94.89034, 140.33923, 141.29245, 1.62865, 1.62865, 1.62865, 1.00, 0.5947, 0.55245, 0.5947, 0.55245, 0.87756, 0.33385, 0.34413, -98.41571, -63.72192, -86.61145
1735, 565, -68.2213, -97.30193, 139.12286, 140.07648, 1.72812, 1.72812, 1.72812, 1.00, 0.52674, 0.57085, 0.52674, 0.57085, 0.82581, 0.08567, 0.5574, -97.73557, -65.39356, -89.21506
1736, 567, -65.62357, -96.33113, 140.70291, 141.65601, 1.49425, 1.49425, 1.49425, 1.00, 0.59601, 0.57085, 0.59601, 0.57085, 0.95717, 0.15224, 0.24625, -98.6578, -64.78963, -86.36728
1737, 566, -65.80319, -94.89034, 140.33923, 141.29245, 1.62865, 1.62865, 1.62865, 1.00, 0.5947, 0.55245, 0.5947, 0.55245, 0.87756, 0.33385, 0.34413, -98.41571, -63.72192, -86.61145
1738, 567, -65.62357, -96.33113, 140.70291, 141.65601, 1.49425, 1.49425, 1.49425, 1.00, 0.59601, 0.57085, 0.59601, 0.57085, 0.95717, 0.15224, 0.24625, -98.6578, -64.78963, -86.36728
1739, 568, -59.16838, -92.66072, 143.23325, 144.18549, 1.37243, 1.37243, 1.37243, 1.00, 0.67443, 0.55148, 0.67443, 0.55148, 0.96551, 0.25595, 0.04766, -99.65913, -62.28838, -79.63272
1740, 568, -59.16838, -92.66072, 143.23325, 144.18549, 1.37243, 1.37243, 1.37243, 1.00, 0.67443, 0.55148, 0.67443, 0.55148, 0.96551, 0.25595, 0.04766, -99.65913, -62.28838, -79.63272
1741, 567, -65.62357, -96.33113, 140.70291, 141.65601, 1.49425, 1.49425, 1.49425, 1.00, 0.59601, 0.57085, 0.59601, 0.57085, 0.95717, 0.15224, 0.24625, -98.6578, -64.78963, -86.36728
1742, 569, -58.88329, -94.16603, 143.62843, 144.58055, 1.20656, 1.20656, 1.20656, 1.00, 0.67705, 0.57098, 0.67705, 0.57098, 0.96913, 0.21265, -0.12478, -99.90258, -63.40486, -79.28249
1743, 568, -59.16838, -92.66072, 143.23325, 144.18549, 1.37243, 1.37243, 1.37243, 1.00, 0.67443, 0.55148, 0.67443, 0.55148, 0.96551, 0.25595, 0.04766, -99.65913, -62.28838, -79.63272
1744, 569, -58.88329, -94.16603, 143.62843, 144.58055, 1.20656, 1.20656, 1.20656, 1.00, 0.67705, 0.57098, 0.67705, 0.57098, 0.96913, 0.21265, -0.12478, -99.90258, -63.40486, -79.28249
1745, 570, -57.53052, -92.00102, 143.09137, 144.04367, 1.18512, 1.18512, 1.18512, 1.00, 0.69404, 0.54707, 0.69404, 0.54707, 0.88379, 0.3915, -0.25622, -99.14518, -61.80106, -78.12752
1746, 569, -58.88329, -94.16603, 143.62843, 144.58055, 1.20656, 1.20656, 1.20656, 1.00, 0.67705, 0.57098, 0.67705, 0.57098, 0.96913, 0.21265, -0.12478, -99.90258, -63.40486, -79.28249
1747, 571, -57.35869, -93.91921, 143.44862, 144.40079, 0.00, 0.00, 0.00, 1.00, 0.69404, 0.57098, 0.69404, 0.57098, 0.92231, 0.19549, -0.33337, -99.36179, -63.21452, -77.8979
1748, 570, -57.53052, -92.00102, 143.09137, 144.04367, 1.18512, 1.18512, 1.18512, 1.00, 0.69404, 0.54707, 0.69404, 0.54707, 0.88379, 0.3915, -0.25622, -99.14518, -61.80106, -78.12752
1749, 561, -56.26379, -94.17331, 141.8407, 142.79341, 0.00, 0.00, 0.00, 1.00, 0.70942, 0.57075, 0.70942, 0.57075, 0.05987, 0.19332, -0.97931, -97.52814, -63.29702, -77.28661
1750, 560, -56.51764, -92.23608, 141.60391, 142.5567, 0.00, 0.00, 0.00, 1.00, 0.71007, 0.54633, 0.71007, 0.54633, -0.11753, 0.28129, -0.9524, -97.4489, -61.87738, -77.562
1751, 572, -57.53052, -92.00102, 143.09137, 144.04367, 0.00, 0.00, 0.00, 1.00, 0.72613, 0.54633, 0.72613, 0.54633, 0.29098, 0.2895, -0.91188, -99.14518, -61.80106, -78.12752
1752, 573, -57.35869, -93.91921, 143.44862, 144.40079, 0.00, 0.00, 0.00, 1.00, 0.72678, 0.57075, 0.72678, 0.57075, 0.302, 0.19777, -0.93257, -99.36179, -63.21452, -77.8979
1753, 561, -56.26379, -94.17331, 141.8407, 142.79341, 0.00, 0.00, 0.00, 1.00, 0.70942, 0.57075, 0.70942, 0.57075, 0.05987, 0.19332, -0.97931, -97.52814, -63.29702, -77.28661
1754, 572, -57.53052, -92.00102, 143.09137, 144.04367, 0.00, 0.00, 0.00, 1.00, 0.72613, 0.54633, 0.72613, 0.54633, 0.29098, 0.2895, -0.91188, -99.14518, -61.80106, -78.12752
1755, 574, -67.58495, -96.66846, 134.18216, 135.13742, 0.77265, 0.77265, 0.77265, 1.00, 0.55657, 0.50775, 0.55657, 0.50775, -0.00685, -0.25438, 0.96708, -92.84116, -64.62163, -89.87449
1756, 575, -67.23318, -98.60178, 134.43993, 135.3951, 0.78003, 0.78003, 0.78003, 1.00, 0.55825, 0.52848, 0.55825, 0.52848, -0.01741, -0.23562, 0.97169, -92.9165, -66.03976, -89.50199
1757, 576, -68.68005, -95.75962, 137.59665, 138.55078, 0.78121, 0.78121, 0.78121, 1.00, 0.50171, 0.50648, 0.50171, 0.50648, -0.01741, -0.23562, 0.97169, -96.44616, -64.17869, -90.01653
1758, 576, -68.68005, -95.75962, 137.59665, 138.55078, 0.78121, 0.78121, 0.78121, 1.00, 0.50171, 0.50648, 0.50171, 0.50648, -0.01741, -0.23562, 0.97169, -96.44616, -64.17869, -90.01653
1759, 575, -67.23318, -98.60178, 134.43993, 135.3951, 0.78003, 0.78003, 0.78003, 1.00, 0.55825, 0.52848, 0.55825, 0.52848, -0.01741, -0.23562, 0.97169, -92.9165, -66.03976, -89.50199
1760, 577, -68.44914, -97.66487, 138.03189, 138.98587, 0.78805, 0.78805, 0.78805, 1.00, 0.50002, 0.5272, 0.50002, 0.5272, -0.02797, -0.21675, 0.97583, -96.72388, -65.5877, -89.71152
1761, 578, -64.79189, -94.42687, 135.52618, 136.481, 0.606, 0.606, 0.606, 1.00, 0.55726, 0.43544, 0.55726, 0.43544, -0.2567, 0.87459, 0.41132, -93.54378, -63.08133, -86.88915
1762, 579, -67.58495, -96.66846, 134.18216, 135.13742, 0.66483, 0.66483, 0.66483, 1.00, 0.49574, 0.43934, 0.49574, 0.43934, -0.16934, 0.86058, 0.48033, -92.84116, -64.62163, -89.87449
1763, 580, -66.83591, -93.77734, 138.4711, 139.42493, 0.64946, 0.64946, 0.64946, 1.00, 0.55726, 0.50127, 0.55726, 0.50127, -0.21156, 0.85844, 0.46725, -96.9199, -62.7967, -88.04284
1764, 580, -66.83591, -93.77734, 138.4711, 139.42493, 0.64946, 0.64946, 0.64946, 1.00, 0.55726, 0.50127, 0.55726, 0.50127, -0.21156, 0.85844, 0.46725, -96.9199, -62.7967, -88.04284
1765, 579, -67.58495, -96.66846, 134.18216, 135.13742, 0.66483, 0.66483, 0.66483, 1.00, 0.49574, 0.43934, 0.49574, 0.43934, -0.16934, 0.86058, 0.48033, -92.84116, -64.62163, -89.87449
1766, 581, -68.68005, -95.75962, 137.59665, 138.55078, 0.71594, 0.71594, 0.71594, 1.00, 0.51087, 0.5034, 0.51087, 0.5034, -0.1232, 0.82656, 0.54919, -96.44616, -64.17869, -90.01653
1767, 533, -62.45405, -91.10997, 138.52921, 139.48302, 0.70014, 0.70014, 0.70014, 1.00, 0.60121, 0.46273, 0.60121, 0.46273, -0.33266, 0.75854, 0.56032, -96.00705, -60.8663, -83.89342
1768, 580, -66.83591, -93.77734, 138.4711, 139.42493, 0.64946, 0.64946, 0.64946, 1.00, 0.55726, 0.50127, 0.55726, 0.50127, -0.21156, 0.85844, 0.46725, -96.9199, -62.7967, -88.04284
1769, 540, -62.73625, -90.07905, 140.15657, 141.10985, 0.78618, 0.78618, 0.78618, 1.00, 0.61265, 0.49168, 0.61265, 0.49168, -0.23614, 0.70477, 0.66898, -97.6923, -60.22177, -83.72959
1770, 580, -66.83591, -93.77734, 138.4711, 139.42493, 0.64946, 0.64946, 0.64946, 1.00, 0.55726, 0.50127, 0.55726, 0.50127, -0.21156, 0.85844, 0.46725, -96.9199, -62.7967, -88.04284
1771, 533, -62.45405, -91.10997, 138.52921, 139.48302, 0.70014, 0.70014, 0.70014, 1.00, 0.60121, 0.46273, 0.60121, 0.46273, -0.33266, 0.75854, 0.56032, -96.00705, -60.8663, -83.89342
1772, 578, -64.79189, -94.42687, 135.52618, 136.481, 0.606, 0.606, 0.606, 1.00, 0.55726, 0.43544, 0.55726, 0.43544, -0.2567, 0.87459, 0.41132, -93.54378, -63.08133, -86.88915
1773, 578, -64.79189, -94.42687, 135.52618, 136.481, 0.606, 0.606, 0.606, 1.00, 0.55726, 0.43544, 0.55726, 0.43544, -0.2567, 0.87459, 0.41132, -93.54378, -63.08133, -86.88915
1774, 533, -62.45405, -91.10997, 138.52921, 139.48302, 0.70014, 0.70014, 0.70014, 1.00, 0.60121, 0.46273, 0.60121, 0.46273, -0.33266, 0.75854, 0.56032, -96.00705, -60.8663, -83.89342
1775, 535, -61.09125, -91.48759, 137.25177, 138.20601, 0.65742, 0.65742, 0.65742, 1.00, 0.60648, 0.4294, 0.60648, 0.4294, -0.39813, 0.76035, 0.51319, -94.42014, -61.05928, -82.94823
1776, 582, -66.83591, -93.77734, 138.4711, 139.42493, 1.79467, 1.79467, 1.79467, 1.00, 0.56032, 0.53081, 0.56032, 0.53081, 0.65262, 0.59482, 0.46934, -96.9199, -62.7967, -88.04284
1777, 564, -68.68005, -95.75962, 137.59665, 138.55078, 1.97282, 1.97282, 1.97282, 1.00, 0.51367, 0.54669, 0.51367, 0.54669, 0.53447, 0.31414, 0.78464, -96.44616, -64.17869, -90.01653
1778, 563, -68.31307, -95.93752, 138.82173, 139.77545, 1.87928, 1.87928, 1.87928, 1.00, 0.52674, 0.55375, 0.52674, 0.55375, 0.6827, 0.28075, 0.67461, -97.52861, -64.3852, -89.36188
1779, 582, -66.83591, -93.77734, 138.4711, 139.42493, 1.79467, 1.79467, 1.79467, 1.00, 0.56032, 0.53081, 0.56032, 0.53081, 0.65262, 0.59482, 0.46934, -96.9199, -62.7967, -88.04284
1780, 563, -68.31307, -95.93752, 138.82173, 139.77545, 1.87928, 1.87928, 1.87928, 1.00, 0.52674, 0.55375, 0.52674, 0.55375, 0.6827, 0.28075, 0.67461, -97.52861, -64.3852, -89.36188
1781, 566, -65.80319, -94.89034, 140.33923, 141.29245, 1.62865, 1.62865, 1.62865, 1.00, 0.5947, 0.55245, 0.5947, 0.55245, 0.87756, 0.33385, 0.34413, -98.41571, -63.72192, -86.61145
1782, 582, -66.83591, -93.77734, 138.4711, 139.42493, 1.79467, 1.79467, 1.79467, 1.00, 0.56032, 0.53081, 0.56032, 0.53081, 0.65262, 0.59482, 0.46934, -96.9199, -62.7967, -88.04284
1783, 566, -65.80319, -94.89034, 140.33923, 141.29245, 1.62865, 1.62865, 1.62865, 1.00, 0.5947, 0.55245, 0.5947, 0.55245, 0.87756, 0.33385, 0.34413, -98.41571, -63.72192, -86.61145
1784, 539, -62.73625, -90.07905, 140.15657, 141.10985, 1.77196, 1.77196, 1.77196, 1.00, 0.61603, 0.50288, 0.61603, 0.50288, 0.72886, 0.52274, 0.44216, -97.6923, -60.22177, -83.72959
1785, 539, -62.73625, -90.07905, 140.15657, 141.10985, 1.77196, 1.77196, 1.77196, 1.00, 0.61603, 0.50288, 0.61603, 0.50288, 0.72886, 0.52274, 0.44216, -97.6923, -60.22177, -83.72959
1786, 566, -65.80319, -94.89034, 140.33923, 141.29245, 1.62865, 1.62865, 1.62865, 1.00, 0.5947, 0.55245, 0.5947, 0.55245, 0.87756, 0.33385, 0.34413, -98.41571, -63.72192, -86.61145
1787, 537, -60.77136, -89.24419, 141.65742, 142.61018, 1.48301, 1.48301, 1.48301, 1.00, 0.65226, 0.50274, 0.65226, 0.50274, 0.86608, 0.48796, 0.10867, -98.68915, -59.71139, -81.49625
1788, 537, -60.77136, -89.24419, 141.65742, 142.61018, 1.48301, 1.48301, 1.48301, 1.00, 0.65226, 0.50274, 0.65226, 0.50274, 0.86608, 0.48796, 0.10867, -98.68915, -59.71139, -81.49625
1789, 566, -65.80319, -94.89034, 140.33923, 141.29245, 1.62865, 1.62865, 1.62865, 1.00, 0.5947, 0.55245, 0.5947, 0.55245, 0.87756, 0.33385, 0.34413, -98.41571, -63.72192, -86.61145
1790, 568, -59.16838, -92.66072, 143.23325, 144.18549, 1.37243, 1.37243, 1.37243, 1.00, 0.67443, 0.55148, 0.67443, 0.55148, 0.96551, 0.25595, 0.04766, -99.65913, -62.28838, -79.63272
1791, 583, -64.79189, -94.42687, 135.52618, 136.481, 1.16602, 1.16602, 1.16602, 1.00, 0.56228, 0.52987, 0.56228, 0.52987, -0.92353, 0.37732, -0.06869, -93.54378, -63.08133, -86.88915
1792, 550, -65.46777, -96.59782, 134.64325, 135.59836, 1.16315, 1.16315, 1.16315, 1.00, 0.52788, 0.55185, 0.52788, 0.55185, -0.98385, 0.16822, -0.06121, -92.76353, -64.59958, -87.77329
1793, 552, -67.58495, -96.66846, 134.18216, 135.13742, 1.19792, 1.19792, 1.19792, 1.00, 0.4989, 0.54593, 0.4989, 0.54593, -0.97609, 0.21395, 0.0383, -92.84116, -64.62163, -89.87449
1794, 554, -63.7612, -95.86916, 135.60941, 136.56419, 1.16738, 1.16738, 1.16738, 1.00, 0.58286, 0.55047, 0.58286, 0.55047, -0.9606, 0.14146, -0.23925, -93.30414, -64.13236, -85.91975
1795, 550, -65.46777, -96.59782, 134.64325, 135.59836, 1.16315, 1.16315, 1.16315, 1.00, 0.52788, 0.55185, 0.52788, 0.55185, -0.98385, 0.16822, -0.06121, -92.76353, -64.59958, -87.77329
1796, 583, -64.79189, -94.42687, 135.52618, 136.481, 1.16602, 1.16602, 1.16602, 1.00, 0.56228, 0.52987, 0.56228, 0.52987, -0.92353, 0.37732, -0.06869, -93.54378, -63.08133, -86.88915
1797, 529, -61.09125, -91.48759, 137.25177, 138.20601, 1.17587, 1.17587, 1.17587, 1.00, 0.613, 0.50877, 0.613, 0.50877, -0.97642, 0.19338, -0.09591, -94.42014, -61.05928, -82.94823
1798, 554, -63.7612, -95.86916, 135.60941, 136.56419, 1.16738, 1.16738, 1.16738, 1.00, 0.58286, 0.55047, 0.58286, 0.55047, -0.9606, 0.14146, -0.23925, -93.30414, -64.13236, -85.91975
1799, 583, -64.79189, -94.42687, 135.52618, 136.481, 1.16602, 1.16602, 1.16602, 1.00, 0.56228, 0.52987, 0.56228, 0.52987, -0.92353, 0.37732, -0.06869, -93.54378, -63.08133, -86.88915
1800, 556, -56.92583, -93.18115, 139.93994, 140.89328, 1.18463, 1.18463, 1.18463, 1.00, 0.67917, 0.54944, 0.67917, 0.54944, -0.93931, -0.01965, -0.34251, -95.9035, -62.45735, -78.38065
1801, 554, -63.7612, -95.86916, 135.60941, 136.56419, 1.16738, 1.16738, 1.16738, 1.00, 0.58286, 0.55047, 0.58286, 0.55047, -0.9606, 0.14146, -0.23925, -93.30414, -64.13236, -85.91975
1802, 529, -61.09125, -91.48759, 137.25177, 138.20601, 1.17587, 1.17587, 1.17587, 1.00, 0.613, 0.50877, 0.613, 0.50877, -0.97642, 0.19338, -0.09591, -94.42014, -61.05928, -82.94823
1803, 531, -58.49377, -89.78392, 138.28223, 139.23611, 1.18262, 1.18262, 1.18262, 1.00, 0.65619, 0.49774, 0.65619, 0.49774, -0.9337, 0.12636, -0.33501, -94.84499, -59.88917, -80.23253
1804, 556, -56.92583, -93.18115, 139.93994, 140.89328, 1.18463, 1.18463, 1.18463, 1.00, 0.67917, 0.54944, 0.67917, 0.54944, -0.93931, -0.01965, -0.34251, -95.9035, -62.45735, -78.38065
1805, 529, -61.09125, -91.48759, 137.25177, 138.20601, 1.17587, 1.17587, 1.17587, 1.00, 0.613, 0.50877, 0.613, 0.50877, -0.97642, 0.19338, -0.09591, -94.42014, -61.05928, -82.94823
1806, 545, -57.02066, -89.00017, 139.66229, 140.61572, 1.18667, 1.18667, 1.18667, 1.00, 0.68637, 0.49661, 0.68637, 0.49661, -0.87488, 0.13104, -0.46628, -95.84514, -59.40821, -78.49117
1807, 556, -56.92583, -93.18115, 139.93994, 140.89328, 1.18463, 1.18463, 1.18463, 1.00, 0.67917, 0.54944, 0.67917, 0.54944, -0.93931, -0.01965, -0.34251, -95.9035, -62.45735, -78.38065
1808, 531, -58.49377, -89.78392, 138.28223, 139.23611, 1.18262, 1.18262, 1.18262, 1.00, 0.65619, 0.49774, 0.65619, 0.49774, -0.9337, 0.12636, -0.33501, -94.84499, -59.88917, -80.23253
1809, 560, -56.51764, -92.23608, 141.60391, 142.5567, 0.00, 0.00, 0.00, 1.00, 0.71007, 0.54633, 0.71007, 0.54633, -0.11753, 0.28129, -0.9524, -97.4489, -61.87738, -77.562
1810, 559, -56.92583, -93.18115, 139.93994, 140.89328, 1.18463, 1.18463, 1.18463, 1.00, 0.69902, 0.55084, 0.69902, 0.55084, -0.50221, 0.13184, -0.85464, -95.9035, -62.45735, -78.38065
1811, 547, -57.02066, -89.00017, 139.66229, 140.61572, 0.00, 0.00, 0.00, 1.00, 0.70022, 0.49868, 0.70022, 0.49868, 0.06817, 0.30266, -0.95066, -95.84514, -59.40821, -78.49117
1812, 568, -59.16838, -92.66072, 143.23325, 144.18549, 1.37243, 1.37243, 1.37243, 1.00, 0.67443, 0.55148, 0.67443, 0.55148, 0.96551, 0.25595, 0.04766, -99.65913, -62.28838, -79.63272
1813, 570, -57.53052, -92.00102, 143.09137, 144.04367, 1.18512, 1.18512, 1.18512, 1.00, 0.69404, 0.54707, 0.69404, 0.54707, 0.88379, 0.3915, -0.25622, -99.14518, -61.80106, -78.12752
1814, 537, -60.77136, -89.24419, 141.65742, 142.61018, 1.48301, 1.48301, 1.48301, 1.00, 0.65226, 0.50274, 0.65226, 0.50274, 0.86608, 0.48796, 0.10867, -98.68915, -59.71139, -81.49625
1815, 537, -60.77136, -89.24419, 141.65742, 142.61018, 1.48301, 1.48301, 1.48301, 1.00, 0.65226, 0.50274, 0.65226, 0.50274, 0.86608, 0.48796, 0.10867, -98.68915, -59.71139, -81.49625
1816, 570, -57.53052, -92.00102, 143.09137, 144.04367, 1.18512, 1.18512, 1.18512, 1.00, 0.69404, 0.54707, 0.69404, 0.54707, 0.88379, 0.3915, -0.25622, -99.14518, -61.80106, -78.12752
1817, 542, -57.86678, -88.78052, 141.01382, 141.9668, 0.00, 0.00, 0.00, 1.00, 0.68234, 0.5018, 0.68234, 0.5018, 0.82612, 0.42321, -0.37205, -97.36826, -59.33446, -78.93545
1818, 560, -56.51764, -92.23608, 141.60391, 142.5567, 0.00, 0.00, 0.00, 1.00, 0.71007, 0.54633, 0.71007, 0.54633, -0.11753, 0.28129, -0.9524, -97.4489, -61.87738, -77.562
1819, 549, -57.86678, -88.78052, 141.01382, 141.9668, 0.00, 0.00, 0.00, 1.00, 0.72573, 0.49878, 0.72573, 0.49878, 0.24677, 0.41975, -0.87345, -97.36826, -59.33446, -78.93545
1820, 572, -57.53052, -92.00102, 143.09137, 144.04367, 0.00, 0.00, 0.00, 1.00, 0.72613, 0.54633, 0.72613, 0.54633, 0.29098, 0.2895, -0.91188, -99.14518, -61.80106, -78.12752
1821, 549, -57.86678, -88.78052, 141.01382, 141.9668, 0.00, 0.00, 0.00, 1.00, 0.72573, 0.49878, 0.72573, 0.49878, 0.24677, 0.41975, -0.87345, -97.36826, -59.33446, -78.93545
1822, 560, -56.51764, -92.23608, 141.60391, 142.5567, 0.00, 0.00, 0.00, 1.00, 0.71007, 0.54633, 0.71007, 0.54633, -0.11753, 0.28129, -0.9524, -97.4489, -61.87738, -77.562
1823, 547, -57.02066, -89.00017, 139.66229, 140.61572, 0.00, 0.00, 0.00, 1.00, 0.70022, 0.49868, 0.70022, 0.49868, 0.06817, 0.30266, -0.95066, -95.84514, -59.40821, -78.49117
1824, 584, -57.69905, 3.52705, 105.94475, 106.90942, 0.8411, 0.8411, 0.8411, 1.00, 0.35388, 0.02254, 0.35388, 0.02254, -0.00688, -0.33081, 0.94367, -67.61047, 9.81543, -86.65401
1825, 585, -56.51492, 0.9354, 104.21219, 105.17744, 0.6601, 0.6601, 0.6601, 1.00, 0.33854, 0.04987, 0.33854, 0.04987, -0.24245, -0.55, 0.7992, -65.53057, 8.0459, -86.01855
1826, 586, -57.55136, 2.29647, 106.73352, 107.69794, 0.82577, 0.82577, 0.82577, 1.00, 0.36012, 0.04638, 0.36012, 0.04638, 0.00266, -0.35871, 0.93345, -68.27979, 8.87325, -86.32861
1827, 587, -57.6824, 6.31581, 108.05231, 109.01628, 2.01424, 2.01424, 2.01424, 1.00, 0.40394, 0.00465, 0.40394, 0.00465, 0.58173, 0.101, 0.80709, -69.76277, 11.70417, -86.0669
1828, 588, -57.69905, 3.52705, 105.94475, 106.90942, 2.09665, 2.09665, 2.09665, 1.00, 0.3538, 0.02288, 0.3538, 0.02288, 0.33303, -0.08764, 0.93883, -67.61047, 9.81543, -86.65401
1829, 589, -57.55136, 2.29647, 106.73352, 107.69794, 2.06507, 2.06507, 2.06507, 1.00, 0.36004, 0.04671, 0.36004, 0.04671, 0.37814, -0.14255, 0.91471, -68.27979, 8.87325, -86.32861
1830, 266, -55.22901, 1.01403, 103.83143, 104.79681, 0.25322, 0.25322, 0.25322, 1.00, 0.33048, 0.05465, 0.33048, 0.05465, -0.73234, -0.56541, 0.37946, -64.84775, 8.127, -84.91082
1831, 265, -54.8699, -2.73703, 105.5601, 106.52489, 0.16473, 0.16473, 0.16473, 1.00, 0.32881, 0.12721, 0.32881, 0.12721, -0.75578, -0.58384, 0.29651, -66.25895, 5.29778, -84.17692
1832, 585, -56.51492, 0.9354, 104.21219, 105.17744, 0.6601, 0.6601, 0.6601, 1.00, 0.33854, 0.04987, 0.33854, 0.04987, -0.24245, -0.55, 0.7992, -65.53057, 8.0459, -86.01855
1833, 585, -56.51492, 0.9354, 104.21219, 105.17744, 0.6601, 0.6601, 0.6601, 1.00, 0.33854, 0.04987, 0.33854, 0.04987, -0.24245, -0.55, 0.7992, -65.53057, 8.0459, -86.01855
1834, 265, -54.8699, -2.73703, 105.5601, 106.52489, 0.16473, 0.16473, 0.16473, 1.00, 0.32881, 0.12721, 0.32881, 0.12721, -0.75578, -0.58384, 0.29651, -66.25895, 5.29778, -84.17692
1835, 590, -58.00918, -0.51624, 107.50208, 108.46623, 0.74611, 0.74611, 0.74611, 1.00, 0.36494, 0.10422, 0.36494, 0.10422, -0.24954, -0.42457, 0.87033, -69.00954, 6.78517, -86.59402
1836, 585, -56.51492, 0.9354, 104.21219, 105.17744, 0.6601, 0.6601, 0.6601, 1.00, 0.33854, 0.04987, 0.33854, 0.04987, -0.24245, -0.55, 0.7992, -65.53057, 8.0459, -86.01855
1837, 590, -58.00918, -0.51624, 107.50208, 108.46623, 0.74611, 0.74611, 0.74611, 1.00, 0.36494, 0.10422, 0.36494, 0.10422, -0.24954, -0.42457, 0.87033, -69.00954, 6.78517, -86.59402
1838, 586, -57.55136, 2.29647, 106.73352, 107.69794, 0.82577, 0.82577, 0.82577, 1.00, 0.36012, 0.04638, 0.36012, 0.04638, 0.00266, -0.35871, 0.93345, -68.27979, 8.87325, -86.32861
1839, 587, -57.6824, 6.31581, 108.05231, 109.01628, 2.01424, 2.01424, 2.01424, 1.00, 0.40394, 0.00465, 0.40394, 0.00465, 0.58173, 0.101, 0.80709, -69.76277, 11.70417, -86.0669
1840, 589, -57.55136, 2.29647, 106.73352, 107.69794, 2.06507, 2.06507, 2.06507, 1.00, 0.36004, 0.04671, 0.36004, 0.04671, 0.37814, -0.14255, 0.91471, -68.27979, 8.87325, -86.32861
1841, 591, -58.24724, 3.03452, 110.05453, 111.01783, 1.968, 1.968, 1.968, 1.00, 0.40507, 0.07599, 0.40507, 0.07599, 0.62539, 0.29823, 0.72107, -71.68797, 9.19826, -86.12273
1842, 591, -58.24724, 3.03452, 110.05453, 111.01783, 1.968, 1.968, 1.968, 1.00, 0.40507, 0.07599, 0.40507, 0.07599, 0.62539, 0.29823, 0.72107, -71.68797, 9.19826, -86.12273
1843, 589, -57.55136, 2.29647, 106.73352, 107.69794, 2.06507, 2.06507, 2.06507, 1.00, 0.36004, 0.04671, 0.36004, 0.04671, 0.37814, -0.14255, 0.91471, -68.27979, 8.87325, -86.32861
1844, 592, -58.00918, -0.51624, 107.50208, 108.46623, 2.13059, 2.13059, 2.13059, 1.00, 0.36486, 0.10456, 0.36486, 0.10456, 0.22164, -0.05588, 0.97353, -69.00954, 6.78517, -86.59402
1845, 587, -57.6824, 6.31581, 108.05231, 109.01628, 2.01424, 2.01424, 2.01424, 1.00, 0.40394, 0.00465, 0.40394, 0.00465, 0.58173, 0.101, 0.80709, -69.76277, 11.70417, -86.0669
1846, 591, -58.24724, 3.03452, 110.05453, 111.01783, 1.968, 1.968, 1.968, 1.00, 0.40507, 0.07599, 0.40507, 0.07599, 0.62539, 0.29823, 0.72107, -71.68797, 9.19826, -86.12273
1847, 593, -56.12678, 7.71502, 108.38948, 109.35334, 1.39121, 1.39121, 1.39121, 1.00, 0.42678, 0.00025, 0.42678, 0.00025, 0.8285, 0.55642, 0.0631, -69.76407, 12.69738, -84.50756
1848, 593, -56.12678, 7.71502, 108.38948, 109.35334, 1.39121, 1.39121, 1.39121, 1.00, 0.42678, 0.00025, 0.42678, 0.00025, 0.8285, 0.55642, 0.0631, -69.76407, 12.69738, -84.50756
1849, 591, -58.24724, 3.03452, 110.05453, 111.01783, 1.968, 1.968, 1.968, 1.00, 0.40507, 0.07599, 0.40507, 0.07599, 0.62539, 0.29823, 0.72107, -71.68797, 9.19826, -86.12273
1850, 271, -54.37402, 5.13276, 110.45569, 111.41886, 0.00, 0.00, 0.00, 1.00, 0.43519, 0.06053, 0.43519, 0.06053, 0.73787, 0.61136, -0.28599, -71.20688, 10.69427, -82.36862
1851, 593, -56.12678, 7.71502, 108.38948, 109.35334, 1.39121, 1.39121, 1.39121, 1.00, 0.42678, 0.00025, 0.42678, 0.00025, 0.8285, 0.55642, 0.0631, -69.76407, 12.69738, -84.50756
1852, 271, -54.37402, 5.13276, 110.45569, 111.41886, 0.00, 0.00, 0.00, 1.00, 0.43519, 0.06053, 0.43519, 0.06053, 0.73787, 0.61136, -0.28599, -71.20688, 10.69427, -82.36862
1853, 272, -54.64425, 8.37034, 108.05073, 109.01469, 1.22195, 1.22195, 1.22195, 1.00, 0.439, -0.00075, 0.439, -0.00075, 0.64519, 0.71265, -0.27542, -69.09859, 13.19398, -83.1982
1854, 594, -58.89338, 3.80377, 101.92014, 102.88616, 0.63484, 0.63484, 0.63484, 1.00, 0.4328, 0.34516, 0.4328, 0.34516, -0.29907, -0.55895, 0.77339, -64.03797, 10.27074, -88.79774
1855, 273, -55.86145, 0.13088, 101.97604, 102.94204, 1.21285, 1.21285, 1.21285, 1.00, 0.39733, 0.41452, 0.39733, 0.41452, -0.49901, -0.85692, 0.1291, -63.17617, 7.60404, -85.98764
1856, 595, -57.18257, 0.47327, 103.33893, 104.30447, 1.42587, 1.42587, 1.42587, 1.00, 0.42681, 0.41326, 0.42681, 0.41326, 0.21421, -0.89411, 0.3933, -64.83357, 7.76607, -86.87237
1857, 594, -58.89338, 3.80377, 101.92014, 102.88616, 0.63484, 0.63484, 0.63484, 1.00, 0.4328, 0.34516, 0.4328, 0.34516, -0.29907, -0.55895, 0.77339, -64.03797, 10.27074, -88.79774
1858, 276, -56.99547, 3.07491, 100.38261, 101.34914, 0.19332, 0.19332, 0.19332, 1.00, 0.39649, 0.35562, 0.39649, 0.35562, -0.68933, -0.64714, 0.32563, -62.05181, 9.83954, -87.4221
1859, 273, -55.86145, 0.13088, 101.97604, 102.94204, 1.21285, 1.21285, 1.21285, 1.00, 0.39733, 0.41452, 0.39733, 0.41452, -0.49901, -0.85692, 0.1291, -63.17617, 7.60404, -85.98764
1860, 594, -58.89338, 3.80377, 101.92014, 102.88616, 0.63484, 0.63484, 0.63484, 1.00, 0.4328, 0.34516, 0.4328, 0.34516, -0.29907, -0.55895, 0.77339, -64.03797, 10.27074, -88.79774
1861, 277, -57.2966, 3.71966, 99.90703, 100.87371, 0.31861, 0.31861, 0.31861, 1.00, 0.39738, 0.33798, 0.39738, 0.33798, -0.76514, -0.48268, 0.42612, -61.69657, 10.33714, -87.81804
1862, 276, -56.99547, 3.07491, 100.38261, 101.34914, 0.19332, 0.19332, 0.19332, 1.00, 0.39649, 0.35562, 0.39649, 0.35562, -0.68933, -0.64714, 0.32563, -62.05181, 9.83954, -87.4221
1863, 278, -57.58273, 5.00712, 99.71351, 100.68026, 0.44401, 0.44401, 0.44401, 1.00, 0.39649, 0.31324, 0.39649, 0.31324, -0.81144, -0.27014, 0.51826, -61.63818, 11.2829, -88.12025
1864, 277, -57.2966, 3.71966, 99.90703, 100.87371, 0.31861, 0.31861, 0.31861, 1.00, 0.39738, 0.33798, 0.39738, 0.33798, -0.76514, -0.48268, 0.42612, -61.69657, 10.33714, -87.81804
1865, 594, -58.89338, 3.80377, 101.92014, 102.88616, 0.63484, 0.63484, 0.63484, 1.00, 0.4328, 0.34516, 0.4328, 0.34516, -0.29907, -0.55895, 0.77339, -64.03797, 10.27074, -88.79774
1866, 278, -57.58273, 5.00712, 99.71351, 100.68026, 0.44401, 0.44401, 0.44401, 1.00, 0.39649, 0.31324, 0.39649, 0.31324, -0.81144, -0.27014, 0.51826, -61.63818, 11.2829, -88.12025
1867, 594, -58.89338, 3.80377, 101.92014, 102.88616, 0.63484, 0.63484, 0.63484, 1.00, 0.4328, 0.34516, 0.4328, 0.34516, -0.29907, -0.55895, 0.77339, -64.03797, 10.27074, -88.79774
1868, 596, -59.40486, 5.51802, 101.61485, 102.58097, 0.72316, 0.72316, 0.72316, 1.00, 0.43423, 0.31062, 0.43423, 0.31062, -0.39709, -0.38336, 0.83388, -63.9467, 11.53304, -89.33452
1869, 597, -60.12318, 10.40522, 100.4353, 101.4018, 0.86327, 0.86327, 0.86327, 1.00, 0.42726, 0.21528, 0.42726, 0.21528, -0.28023, -0.18482, 0.94197, -63.20468, 15.15131, -90.25105
1870, 280, -58.78543, 10.04244, 98.75596, 99.72302, 0.46781, 0.46781, 0.46781, 1.00, 0.39567, 0.21373, 0.39567, 0.21373, -0.8152, -0.22692, 0.53287, -61.23706, 14.99453, -89.43187
1871, 598, -59.64248, 7.25375, 100.64745, 101.61389, 0.81694, 0.81694, 0.81694, 1.00, 0.42919, 0.25769, 0.42919, 0.25769, -0.33459, -0.25428, 0.90741, -63.14989, 12.85281, -89.78383
1872, 283, -58.05407, 7.34512, 99.47784, 100.44467, 0.39703, 0.39703, 0.39703, 1.00, 0.39649, 0.25639, 0.39649, 0.25639, -0.79784, -0.35985, 0.4837, -61.63182, 12.99306, -88.59431
1873, 598, -59.64248, 7.25375, 100.64745, 101.61389, 0.81694, 0.81694, 0.81694, 1.00, 0.42919, 0.25769, 0.42919, 0.25769, -0.33459, -0.25428, 0.90741, -63.14989, 12.85281, -89.78383
1874, 280, -58.78543, 10.04244, 98.75596, 99.72302, 0.46781, 0.46781, 0.46781, 1.00, 0.39567, 0.21373, 0.39567, 0.21373, -0.8152, -0.22692, 0.53287, -61.23706, 14.99453, -89.43187
1875, 285, -59.12609, 12.85415, 99.01517, 99.98215, 0.6466, 0.6466, 0.6466, 1.00, 0.42794, 0.21506, 0.42794, 0.21506, -0.63868, 0.48313, 0.59889, -61.69657, 17.01685, -89.6515
1876, 284, -58.78543, 10.04244, 98.75596, 99.72302, 0.58871, 0.58871, 0.58871, 1.00, 0.39618, 0.21377, 0.39618, 0.21377, -0.79138, 0.09512, 0.60387, -61.23706, 14.99453, -89.43187
1877, 599, -60.44727, 12.31612, 100.65484, 101.62128, 0.93964, 0.93964, 0.93964, 1.00, 0.44333, 0.18059, 0.44333, 0.18059, -0.19728, 0.06695, 0.97806, -63.58178, 16.52298, -90.47591
1878, 599, -60.44727, 12.31612, 100.65484, 101.62128, 0.93964, 0.93964, 0.93964, 1.00, 0.44333, 0.18059, 0.44333, 0.18059, -0.19728, 0.06695, 0.97806, -63.58178, 16.52298, -90.47591
1879, 284, -58.78543, 10.04244, 98.75596, 99.72302, 0.58871, 0.58871, 0.58871, 1.00, 0.39618, 0.21377, 0.39618, 0.21377, -0.79138, 0.09512, 0.60387, -61.23706, 14.99453, -89.43187
1880, 600, -60.12318, 10.40522, 100.4353, 101.4018, 0.89376, 0.89376, 0.89376, 1.00, 0.42484, 0.18234, 0.42484, 0.18234, -0.2836, -0.07871, 0.95571, -63.20468, 15.15131, -90.25105
1881, 273, -55.86145, 0.13088, 101.97604, 102.94204, 1.21285, 1.21285, 1.21285, 1.00, 0.39733, 0.41452, 0.39733, 0.41452, -0.49901, -0.85692, 0.1291, -63.17617, 7.60404, -85.98764
1882, 288, -55.22901, 1.01403, 103.83143, 104.79681, 1.21565, 1.21565, 1.21565, 1.00, 0.39905, 0.42646, 0.39905, 0.42646, 0.08147, -0.94435, -0.31869, -64.84775, 8.127, -84.91082
1883, 595, -57.18257, 0.47327, 103.33893, 104.30447, 1.42587, 1.42587, 1.42587, 1.00, 0.42681, 0.41326, 0.42681, 0.41326, 0.21421, -0.89411, 0.3933, -64.83357, 7.76607, -86.87237
1884, 595, -57.18257, 0.47327, 103.33893, 104.30447, 1.42587, 1.42587, 1.42587, 1.00, 0.42681, 0.41326, 0.42681, 0.41326, 0.21421, -0.89411, 0.3933, -64.83357, 7.76607, -86.87237
1885, 288, -55.22901, 1.01403, 103.83143, 104.79681, 1.21565, 1.21565, 1.21565, 1.00, 0.39905, 0.42646, 0.39905, 0.42646, 0.08147, -0.94435, -0.31869, -64.84775, 8.127, -84.91082
1886, 601, -56.51492, 0.9354, 104.21219, 105.17744, 1.21293, 1.21293, 1.21293, 1.00, 0.41852, 0.42068, 0.41852, 0.42068, 0.40016, -0.91606, 0.02648, -65.53057, 8.0459, -86.01855
1887, 595, -57.18257, 0.47327, 103.33893, 104.30447, 1.42587, 1.42587, 1.42587, 1.00, 0.42681, 0.41326, 0.42681, 0.41326, 0.21421, -0.89411, 0.3933, -64.83357, 7.76607, -86.87237
1888, 601, -56.51492, 0.9354, 104.21219, 105.17744, 1.21293, 1.21293, 1.21293, 1.00, 0.41852, 0.42068, 0.41852, 0.42068, 0.40016, -0.91606, 0.02648, -65.53057, 8.0459, -86.01855
1889, 602, -57.69905, 3.52705, 105.94475, 106.90942, 1.52185, 1.52185, 1.52185, 1.00, 0.48682, 0.40128, 0.48682, 0.40128, 0.55377, -0.70285, 0.44647, -67.61047, 9.81543, -86.65401
1890, 597, -60.12318, 10.40522, 100.4353, 101.4018, 0.86327, 0.86327, 0.86327, 1.00, 0.42726, 0.21528, 0.42726, 0.21528, -0.28023, -0.18482, 0.94197, -63.20468, 15.15131, -90.25105
1891, 598, -59.64248, 7.25375, 100.64745, 101.61389, 0.81694, 0.81694, 0.81694, 1.00, 0.42919, 0.25769, 0.42919, 0.25769, -0.33459, -0.25428, 0.90741, -63.14989, 12.85281, -89.78383
1892, 603, -60.79521, 10.23782, 101.86786, 102.83389, 0.87979, 0.87979, 0.87979, 1.00, 0.45139, 0.227, 0.45139, 0.227, -0.17638, -0.20318, 0.96312, -64.74554, 14.93929, -90.51617
1893, 603, -60.79521, 10.23782, 101.86786, 102.83389, 0.87979, 0.87979, 0.87979, 1.00, 0.45139, 0.227, 0.45139, 0.227, -0.17638, -0.20318, 0.96312, -64.74554, 14.93929, -90.51617
1894, 598, -59.64248, 7.25375, 100.64745, 101.61389, 0.81694, 0.81694, 0.81694, 1.00, 0.42919, 0.25769, 0.42919, 0.25769, -0.33459, -0.25428, 0.90741, -63.14989, 12.85281, -89.78383
1895, 604, -60.14783, 6.85098, 101.9527, 102.9187, 0.87658, 0.87658, 0.87658, 1.00, 0.44396, 0.28677, 0.44396, 0.28677, -0.16077, -0.21516, 0.96325, -64.51614, 12.47816, -89.92819
1896, 605, -60.14783, 6.85098, 101.9527, 102.9187, 0.87177, 0.87177, 0.87177, 1.00, 0.44418, 0.28677, 0.44418, 0.28677, 0.10716, -0.25081, 0.96209, -64.51614, 12.47816, -89.92819
1897, 606, -59.40486, 5.51802, 101.61485, 102.58097, 0.76906, 0.76906, 0.76906, 1.00, 0.43445, 0.31062, 0.43445, 0.31062, -0.23078, -0.40491, 0.88476, -63.9467, 11.53304, -89.33452
1898, 607, -60.10921, 5.67031, 102.78573, 103.75146, 2.00056, 2.00056, 2.00056, 1.00, 0.45208, 0.31432, 0.45208, 0.31432, 0.13392, -0.39745, 0.9078, -65.25742, 11.56937, -89.69302
1899, 606, -59.40486, 5.51802, 101.61485, 102.58097, 0.76906, 0.76906, 0.76906, 1.00, 0.43445, 0.31062, 0.43445, 0.31062, -0.23078, -0.40491, 0.88476, -63.9467, 11.53304, -89.33452
1900, 608, -58.89338, 3.80377, 101.92014, 102.88616, 0.74534, 0.74534, 0.74534, 1.00, 0.43301, 0.34516, 0.43301, 0.34516, -0.14066, -0.46906, 0.87189, -64.03797, 10.27074, -88.79774
1901, 607, -60.10921, 5.67031, 102.78573, 103.75146, 2.00056, 2.00056, 2.00056, 1.00, 0.45208, 0.31432, 0.45208, 0.31432, 0.13392, -0.39745, 0.9078, -65.25742, 11.56937, -89.69302
1902, 607, -60.10921, 5.67031, 102.78573, 103.75146, 2.00056, 2.00056, 2.00056, 1.00, 0.45208, 0.31432, 0.45208, 0.31432, 0.13392, -0.39745, 0.9078, -65.25742, 11.56937, -89.69302
1903, 608, -58.89338, 3.80377, 101.92014, 102.88616, 0.74534, 0.74534, 0.74534, 1.00, 0.43301, 0.34516, 0.43301, 0.34516, -0.14066, -0.46906, 0.87189, -64.03797, 10.27074, -88.79774
1904, 609, -59.36968, 4.06499, 103.09041, 104.05603, 1.83945, 1.83945, 1.83945, 1.00, 0.44661, 0.34908, 0.44661, 0.34908, 0.36719, -0.53592, 0.76024, -65.29635, 10.38609, -88.94157
1905, 594, -58.89338, 3.80377, 101.92014, 102.88616, 0.63484, 0.63484, 0.63484, 1.00, 0.4328, 0.34516, 0.4328, 0.34516, -0.29907, -0.55895, 0.77339, -64.03797, 10.27074, -88.79774
1906, 595, -57.18257, 0.47327, 103.33893, 104.30447, 1.42587, 1.42587, 1.42587, 1.00, 0.42681, 0.41326, 0.42681, 0.41326, 0.21421, -0.89411, 0.3933, -64.83357, 7.76607, -86.87237
1907, 610, -59.36968, 4.06499, 103.09041, 104.05603, 1.80474, 1.80474, 1.80474, 1.00, 0.44639, 0.34908, 0.44639, 0.34908, 0.23588, -0.62764, 0.74191, -65.29635, 10.38609, -88.94157
1908, 610, -59.36968, 4.06499, 103.09041, 104.05603, 1.80474, 1.80474, 1.80474, 1.00, 0.44639, 0.34908, 0.44639, 0.34908, 0.23588, -0.62764, 0.74191, -65.29635, 10.38609, -88.94157
1909, 595, -57.18257, 0.47327, 103.33893, 104.30447, 1.42587, 1.42587, 1.42587, 1.00, 0.42681, 0.41326, 0.42681, 0.41326, 0.21421, -0.89411, 0.3933, -64.83357, 7.76607, -86.87237
1910, 602, -57.69905, 3.52705, 105.94475, 106.90942, 1.52185, 1.52185, 1.52185, 1.00, 0.48682, 0.40128, 0.48682, 0.40128, 0.55377, -0.70285, 0.44647, -67.61047, 9.81543, -86.65401
1911, 607, -60.10921, 5.67031, 102.78573, 103.75146, 2.00056, 2.00056, 2.00056, 1.00, 0.45208, 0.31432, 0.45208, 0.31432, 0.13392, -0.39745, 0.9078, -65.25742, 11.56937, -89.69302
1912, 609, -59.36968, 4.06499, 103.09041, 104.05603, 1.83945, 1.83945, 1.83945, 1.00, 0.44661, 0.34908, 0.44661, 0.34908, 0.36719, -0.53592, 0.76024, -65.29635, 10.38609, -88.94157
1913, 611, -59.73342, 7.56129, 105.38152, 106.34637, 1.83895, 1.83895, 1.83895, 1.00, 0.51159, 0.31455, 0.51159, 0.31455, 0.56269, -0.39816, 0.72447, -67.75151, 12.77625, -88.6554
1914, 612, -58.40298, 4.7338, 106.2055, 107.17009, 1.73126, 1.73126, 1.73126, 1.00, 0.51356, 0.37896, 0.51356, 0.37896, 0.59596, -0.50071, 0.62779, -68.09027, 10.67393, -87.2323
1915, 609, -59.36968, 4.06499, 103.09041, 104.05603, 1.83945, 1.83945, 1.83945, 1.00, 0.44661, 0.34908, 0.44661, 0.34908, 0.36719, -0.53592, 0.76024, -65.29635, 10.38609, -88.94157
1916, 613, -57.69905, 3.52705, 105.94475, 106.90942, 1.58867, 1.58867, 1.58867, 1.00, 0.48703, 0.40128, 0.48703, 0.40128, 0.55993, -0.65487, 0.50756, -67.61047, 9.81543, -86.65401
1917, 609, -59.36968, 4.06499, 103.09041, 104.05603, 1.83945, 1.83945, 1.83945, 1.00, 0.44661, 0.34908, 0.44661, 0.34908, 0.36719, -0.53592, 0.76024, -65.29635, 10.38609, -88.94157
1918, 612, -58.40298, 4.7338, 106.2055, 107.17009, 1.73126, 1.73126, 1.73126, 1.00, 0.51356, 0.37896, 0.51356, 0.37896, 0.59596, -0.50071, 0.62779, -68.09027, 10.67393, -87.2323
1919, 611, -59.73342, 7.56129, 105.38152, 106.34637, 1.83895, 1.83895, 1.83895, 1.00, 0.51159, 0.31455, 0.51159, 0.31455, 0.56269, -0.39816, 0.72447, -67.75151, 12.77625, -88.6554
1920, 605, -60.14783, 6.85098, 101.9527, 102.9187, 0.87177, 0.87177, 0.87177, 1.00, 0.44418, 0.28677, 0.44418, 0.28677, 0.10716, -0.25081, 0.96209, -64.51614, 12.47816, -89.92819
1921, 607, -60.10921, 5.67031, 102.78573, 103.75146, 2.00056, 2.00056, 2.00056, 1.00, 0.45208, 0.31432, 0.45208, 0.31432, 0.13392, -0.39745, 0.9078, -65.25742, 11.56937, -89.69302
1922, 614, -60.29092, 8.81583, 104.90079, 105.86581, 2.00703, 2.00703, 2.00703, 1.00, 0.50903, 0.28505, 0.50903, 0.28505, 0.42402, -0.23308, 0.87514, -67.48204, 13.71632, -89.28553
1923, 614, -60.29092, 8.81583, 104.90079, 105.86581, 2.00703, 2.00703, 2.00703, 1.00, 0.50903, 0.28505, 0.50903, 0.28505, 0.42402, -0.23308, 0.87514, -67.48204, 13.71632, -89.28553
1924, 607, -60.10921, 5.67031, 102.78573, 103.75146, 2.00056, 2.00056, 2.00056, 1.00, 0.45208, 0.31432, 0.45208, 0.31432, 0.13392, -0.39745, 0.9078, -65.25742, 11.56937, -89.69302
1925, 611, -59.73342, 7.56129, 105.38152, 106.34637, 1.83895, 1.83895, 1.83895, 1.00, 0.51159, 0.31455, 0.51159, 0.31455, 0.56269, -0.39816, 0.72447, -67.75151, 12.77625, -88.6554
1926, 605, -60.14783, 6.85098, 101.9527, 102.9187, 0.87177, 0.87177, 0.87177, 1.00, 0.44418, 0.28677, 0.44418, 0.28677, 0.10716, -0.25081, 0.96209, -64.51614, 12.47816, -89.92819
1927, 614, -60.29092, 8.81583, 104.90079, 105.86581, 2.00703, 2.00703, 2.00703, 1.00, 0.50903, 0.28505, 0.50903, 0.28505, 0.42402, -0.23308, 0.87514, -67.48204, 13.71632, -89.28553
1928, 615, -60.79521, 10.23782, 101.86786, 102.83389, 2.03532, 2.03532, 2.03532, 1.00, 0.45161, 0.227, 0.45161, 0.227, 0.29262, -0.2687, 0.9177, -64.74554, 14.93929, -90.51617
1929, 615, -60.79521, 10.23782, 101.86786, 102.83389, 2.03532, 2.03532, 2.03532, 1.00, 0.45161, 0.227, 0.45161, 0.227, 0.29262, -0.2687, 0.9177, -64.74554, 14.93929, -90.51617
1930, 614, -60.29092, 8.81583, 104.90079, 105.86581, 2.00703, 2.00703, 2.00703, 1.00, 0.50903, 0.28505, 0.50903, 0.28505, 0.42402, -0.23308, 0.87514, -67.48204, 13.71632, -89.28553
1931, 616, -60.93755, 11.43928, 103.95165, 104.91699, 2.00836, 2.00836, 2.00836, 1.00, 0.50946, 0.22644, 0.50946, 0.22644, 0.4251, -0.22666, 0.87631, -66.84382, 15.67859, -90.10271
1932, 600, -60.12318, 10.40522, 100.4353, 101.4018, 0.89376, 0.89376, 0.89376, 1.00, 0.42484, 0.18234, 0.42484, 0.18234, -0.2836, -0.07871, 0.95571, -63.20468, 15.15131, -90.25105
1933, 617, -60.79521, 10.23782, 101.86786, 102.83389, 0.94947, 0.94947, 0.94947, 1.00, 0.44778, 0.16183, 0.44778, 0.16183, 0.02682, -0.00208, 0.99964, -64.74554, 14.93929, -90.51617
1934, 599, -60.44727, 12.31612, 100.65484, 101.62128, 0.93964, 0.93964, 0.93964, 1.00, 0.44333, 0.18059, 0.44333, 0.18059, -0.19728, 0.06695, 0.97806, -63.58178, 16.52298, -90.47591
1935, 599, -60.44727, 12.31612, 100.65484, 101.62128, 0.93964, 0.93964, 0.93964, 1.00, 0.44333, 0.18059, 0.44333, 0.18059, -0.19728, 0.06695, 0.97806, -63.58178, 16.52298, -90.47591
1936, 617, -60.79521, 10.23782, 101.86786, 102.83389, 0.94947, 0.94947, 0.94947, 1.00, 0.44778, 0.16183, 0.44778, 0.16183, 0.02682, -0.00208, 0.99964, -64.74554, 14.93929, -90.51617
1937, 618, -60.83534, 13.43391, 102.95007, 103.91574, 2.15244, 2.15244, 2.15244, 1.00, 0.49524, 0.16213, 0.49524, 0.16213, 0.18338, 0.26526, 0.94658, -65.94122, 17.18825, -90.23949
1938, 618, -60.83534, 13.43391, 102.95007, 103.91574, 2.15244, 2.15244, 2.15244, 1.00, 0.49524, 0.16213, 0.49524, 0.16213, 0.18338, 0.26526, 0.94658, -65.94122, 17.18825, -90.23949
1939, 617, -60.79521, 10.23782, 101.86786, 102.83389, 0.94947, 0.94947, 0.94947, 1.00, 0.44778, 0.16183, 0.44778, 0.16183, 0.02682, -0.00208, 0.99964, -64.74554, 14.93929, -90.51617
1940, 619, -60.93755, 11.43928, 103.95165, 104.91699, 2.1203, 2.1203, 2.1203, 1.00, 0.49757, 0.14886, 0.49757, 0.14886, 0.33199, 0.12102, 0.93549, -66.84382, 15.67859, -90.10271
1941, 308, -58.77386, 14.86291, 100.62926, 101.5957, 0.57446, 0.57446, 0.57446, 1.00, 0.45335, 0.2274, 0.45335, 0.2274, -0.33087, 0.8202, 0.46669, -63.25503, 18.37125, -88.88547
1942, 285, -59.12609, 12.85415, 99.01517, 99.98215, 0.6466, 0.6466, 0.6466, 1.00, 0.42794, 0.21506, 0.42794, 0.21506, -0.63868, 0.48313, 0.59889, -61.69657, 17.01685, -89.6515
1943, 620, -60.36212, 14.04672, 101.16747, 102.13374, 0.83569, 0.83569, 0.83569, 1.00, 0.46816, 0.18293, 0.46816, 0.18293, -0.13332, 0.61759, 0.77512, -64.13194, 17.74538, -90.24476
1944, 620, -60.36212, 14.04672, 101.16747, 102.13374, 0.83569, 0.83569, 0.83569, 1.00, 0.46816, 0.18293, 0.46816, 0.18293, -0.13332, 0.61759, 0.77512, -64.13194, 17.74538, -90.24476
1945, 285, -59.12609, 12.85415, 99.01517, 99.98215, 0.6466, 0.6466, 0.6466, 1.00, 0.42794, 0.21506, 0.42794, 0.21506, -0.63868, 0.48313, 0.59889, -61.69657, 17.01685, -89.6515
1946, 599, -60.44727, 12.31612, 100.65484, 101.62128, 0.93964, 0.93964, 0.93964, 1.00, 0.44333, 0.18059, 0.44333, 0.18059, -0.19728, 0.06695, 0.97806, -63.58178, 16.52298, -90.47591
1947, 620, -60.36212, 14.04672, 101.16747, 102.13374, 0.83569, 0.83569, 0.83569, 1.00, 0.46816, 0.18293, 0.46816, 0.18293, -0.13332, 0.61759, 0.77512, -64.13194, 17.74538, -90.24476
1948, 599, -60.44727, 12.31612, 100.65484, 101.62128, 0.93964, 0.93964, 0.93964, 1.00, 0.44333, 0.18059, 0.44333, 0.18059, -0.19728, 0.06695, 0.97806, -63.58178, 16.52298, -90.47591
1949, 618, -60.83534, 13.43391, 102.95007, 103.91574, 2.15244, 2.15244, 2.15244, 1.00, 0.49524, 0.16213, 0.49524, 0.16213, 0.18338, 0.26526, 0.94658, -65.94122, 17.18825, -90.23949
1950, 310, -57.96922, 17.11707, 103.42267, 104.38818, 1.6739, 1.6739, 1.6739, 1.00, 0.55016, 0.22415, 0.55016, 0.22415, -0.09175, 0.94114, 0.32531, -65.84942, 19.82895, -87.39149
1951, 620, -60.36212, 14.04672, 101.16747, 102.13374, 0.83569, 0.83569, 0.83569, 1.00, 0.46816, 0.18293, 0.46816, 0.18293, -0.13332, 0.61759, 0.77512, -64.13194, 17.74538, -90.24476
1952, 621, -59.57256, 16.23739, 104.23222, 105.19746, 1.85809, 1.85809, 1.85809, 1.00, 0.55016, 0.18074, 0.55016, 0.18074, 0.2658, 0.79793, 0.54099, -66.98892, 19.13988, -88.6963
1953, 308, -58.77386, 14.86291, 100.62926, 101.5957, 0.57446, 0.57446, 0.57446, 1.00, 0.45335, 0.2274, 0.45335, 0.2274, -0.33087, 0.8202, 0.46669, -63.25503, 18.37125, -88.88547
1954, 620, -60.36212, 14.04672, 101.16747, 102.13374, 0.83569, 0.83569, 0.83569, 1.00, 0.46816, 0.18293, 0.46816, 0.18293, -0.13332, 0.61759, 0.77512, -64.13194, 17.74538, -90.24476
1955, 310, -57.96922, 17.11707, 103.42267, 104.38818, 1.6739, 1.6739, 1.6739, 1.00, 0.55016, 0.22415, 0.55016, 0.22415, -0.09175, 0.94114, 0.32531, -65.84942, 19.82895, -87.39149
1956, 620, -60.36212, 14.04672, 101.16747, 102.13374, 0.83569, 0.83569, 0.83569, 1.00, 0.46816, 0.18293, 0.46816, 0.18293, -0.13332, 0.61759, 0.77512, -64.13194, 17.74538, -90.24476
1957, 618, -60.83534, 13.43391, 102.95007, 103.91574, 2.15244, 2.15244, 2.15244, 1.00, 0.49524, 0.16213, 0.49524, 0.16213, 0.18338, 0.26526, 0.94658, -65.94122, 17.18825, -90.23949
1958, 621, -59.57256, 16.23739, 104.23222, 105.19746, 1.85809, 1.85809, 1.85809, 1.00, 0.55016, 0.18074, 0.55016, 0.18074, 0.2658, 0.79793, 0.54099, -66.98892, 19.13988, -88.6963
1959, 621, -59.57256, 16.23739, 104.23222, 105.19746, 1.85809, 1.85809, 1.85809, 1.00, 0.55016, 0.18074, 0.55016, 0.18074, 0.2658, 0.79793, 0.54099, -66.98892, 19.13988, -88.6963
1960, 618, -60.83534, 13.43391, 102.95007, 103.91574, 2.15244, 2.15244, 2.15244, 1.00, 0.49524, 0.16213, 0.49524, 0.16213, 0.18338, 0.26526, 0.94658, -65.94122, 17.18825, -90.23949
1961, 622, -60.28561, 14.97201, 105.0237, 105.98868, 1.90629, 1.90629, 1.90629, 1.00, 0.55127, 0.16103, 0.55127, 0.16103, 0.60597, 0.47017, 0.64167, -67.87291, 18.17229, -89.17662
1962, 622, -60.28561, 14.97201, 105.0237, 105.98868, 1.90629, 1.90629, 1.90629, 1.00, 0.55127, 0.16103, 0.55127, 0.16103, 0.60597, 0.47017, 0.64167, -67.87291, 18.17229, -89.17662
1963, 618, -60.83534, 13.43391, 102.95007, 103.91574, 2.15244, 2.15244, 2.15244, 1.00, 0.49524, 0.16213, 0.49524, 0.16213, 0.18338, 0.26526, 0.94658, -65.94122, 17.18825, -90.23949
1964, 619, -60.93755, 11.43928, 103.95165, 104.91699, 2.1203, 2.1203, 2.1203, 1.00, 0.49757, 0.14886, 0.49757, 0.14886, 0.33199, 0.12102, 0.93549, -66.84382, 15.67859, -90.10271
1965, 622, -60.28561, 14.97201, 105.0237, 105.98868, 1.90629, 1.90629, 1.90629, 1.00, 0.55127, 0.16103, 0.55127, 0.16103, 0.60597, 0.47017, 0.64167, -67.87291, 18.17229, -89.17662
1966, 619, -60.93755, 11.43928, 103.95165, 104.91699, 2.1203, 2.1203, 2.1203, 1.00, 0.49757, 0.14886, 0.49757, 0.14886, 0.33199, 0.12102, 0.93549, -66.84382, 15.67859, -90.10271
1967, 623, -60.42273, 13.17319, 105.83118, 106.79589, 1.87518, 1.87518, 1.87518, 1.00, 0.55127, 0.14899, 0.55127, 0.14899, 0.69613, 0.35016, 0.62673, -68.60569, 16.81691, -89.11983
1968, 616, -60.93755, 11.43928, 103.95165, 104.91699, 2.00836, 2.00836, 2.00836, 1.00, 0.50946, 0.22644, 0.50946, 0.22644, 0.4251, -0.22666, 0.87631, -66.84382, 15.67859, -90.10271
1969, 614, -60.29092, 8.81583, 104.90079, 105.86581, 2.00703, 2.00703, 2.00703, 1.00, 0.50903, 0.28505, 0.50903, 0.28505, 0.42402, -0.23308, 0.87514, -67.48204, 13.71632, -89.28553
1970, 624, -60.42273, 13.17319, 105.83118, 106.79589, 1.86924, 1.86924, 1.86924, 1.00, 0.55034, 0.22487, 0.55034, 0.22487, 0.73436, 0.00369, 0.67875, -68.60569, 16.81691, -89.11983
1971, 624, -60.42273, 13.17319, 105.83118, 106.79589, 1.86924, 1.86924, 1.86924, 1.00, 0.55034, 0.22487, 0.55034, 0.22487, 0.73436, 0.00369, 0.67875, -68.60569, 16.81691, -89.11983
1972, 614, -60.29092, 8.81583, 104.90079, 105.86581, 2.00703, 2.00703, 2.00703, 1.00, 0.50903, 0.28505, 0.50903, 0.28505, 0.42402, -0.23308, 0.87514, -67.48204, 13.71632, -89.28553
1973, 625, -59.9278, 10.52203, 106.83314, 107.79752, 1.71457, 1.71457, 1.71457, 1.00, 0.54659, 0.28123, 0.54659, 0.28123, 0.85244, -0.04511, 0.52087, -69.33127, 14.83118, -88.43153
1974, 614, -60.29092, 8.81583, 104.90079, 105.86581, 2.00703, 2.00703, 2.00703, 1.00, 0.50903, 0.28505, 0.50903, 0.28505, 0.42402, -0.23308, 0.87514, -67.48204, 13.71632, -89.28553
1975, 611, -59.73342, 7.56129, 105.38152, 106.34637, 1.83895, 1.83895, 1.83895, 1.00, 0.51159, 0.31455, 0.51159, 0.31455, 0.56269, -0.39816, 0.72447, -67.75151, 12.77625, -88.6554
1976, 625, -59.9278, 10.52203, 106.83314, 107.79752, 1.71457, 1.71457, 1.71457, 1.00, 0.54659, 0.28123, 0.54659, 0.28123, 0.85244, -0.04511, 0.52087, -69.33127, 14.83118, -88.43153
1977, 625, -59.9278, 10.52203, 106.83314, 107.79752, 1.71457, 1.71457, 1.71457, 1.00, 0.54659, 0.28123, 0.54659, 0.28123, 0.85244, -0.04511, 0.52087, -69.33127, 14.83118, -88.43153
1978, 611, -59.73342, 7.56129, 105.38152, 106.34637, 1.83895, 1.83895, 1.83895, 1.00, 0.51159, 0.31455, 0.51159, 0.31455, 0.56269, -0.39816, 0.72447, -67.75151, 12.77625, -88.6554
1979, 626, -59.10897, 9.05511, 107.24044, 108.20468, 1.63404, 1.63404, 1.63404, 1.00, 0.55114, 0.31553, 0.55114, 0.31553, 0.87064, -0.18014, 0.45776, -69.45564, 13.74177, -87.57796
1980, 611, -59.73342, 7.56129, 105.38152, 106.34637, 1.83895, 1.83895, 1.83895, 1.00, 0.51159, 0.31455, 0.51159, 0.31455, 0.56269, -0.39816, 0.72447, -67.75151, 12.77625, -88.6554
1981, 612, -58.40298, 4.7338, 106.2055, 107.17009, 1.73126, 1.73126, 1.73126, 1.00, 0.51356, 0.37896, 0.51356, 0.37896, 0.59596, -0.50071, 0.62779, -68.09027, 10.67393, -87.2323
1982, 626, -59.10897, 9.05511, 107.24044, 108.20468, 1.63404, 1.63404, 1.63404, 1.00, 0.55114, 0.31553, 0.55114, 0.31553, 0.87064, -0.18014, 0.45776, -69.45564, 13.74177, -87.57796
1983, 626, -59.10897, 9.05511, 107.24044, 108.20468, 1.63404, 1.63404, 1.63404, 1.00, 0.55114, 0.31553, 0.55114, 0.31553, 0.87064, -0.18014, 0.45776, -69.45564, 13.74177, -87.57796
1984, 612, -58.40298, 4.7338, 106.2055, 107.17009, 1.73126, 1.73126, 1.73126, 1.00, 0.51356, 0.37896, 0.51356, 0.37896, 0.59596, -0.50071, 0.62779, -68.09027, 10.67393, -87.2323
1985, 627, -57.6824, 6.31581, 108.05231, 109.01628, 1.50143, 1.50143, 1.50143, 1.00, 0.5597, 0.37925, 0.5597, 0.37925, 0.8988, -0.28391, 0.33401, -69.76277, 11.70417, -86.0669
1986, 612, -58.40298, 4.7338, 106.2055, 107.17009, 1.73126, 1.73126, 1.73126, 1.00, 0.51356, 0.37896, 0.51356, 0.37896, 0.59596, -0.50071, 0.62779, -68.09027, 10.67393, -87.2323
1987, 613, -57.69905, 3.52705, 105.94475, 106.90942, 1.58867, 1.58867, 1.58867, 1.00, 0.48703, 0.40128, 0.48703, 0.40128, 0.55993, -0.65487, 0.50756, -67.61047, 9.81543, -86.65401
1988, 627, -57.6824, 6.31581, 108.05231, 109.01628, 1.50143, 1.50143, 1.50143, 1.00, 0.5597, 0.37925, 0.5597, 0.37925, 0.8988, -0.28391, 0.33401, -69.76277, 11.70417, -86.0669
1989, 621, -59.57256, 16.23739, 104.23222, 105.19746, 1.85809, 1.85809, 1.85809, 1.00, 0.55016, 0.18074, 0.55016, 0.18074, 0.2658, 0.79793, 0.54099, -66.98892, 19.13988, -88.6963
1990, 622, -60.28561, 14.97201, 105.0237, 105.98868, 1.90629, 1.90629, 1.90629, 1.00, 0.55127, 0.16103, 0.55127, 0.16103, 0.60597, 0.47017, 0.64167, -67.87291, 18.17229, -89.17662
1991, 628, -58.80857, 16.18105, 105.25909, 106.22398, 1.51508, 1.51508, 1.51508, 1.00, 0.579, 0.18414, 0.579, 0.18414, 0.69341, 0.69545, 0.18848, -67.78709, 19.03404, -87.71912
1992, 622, -60.28561, 14.97201, 105.0237, 105.98868, 1.90629, 1.90629, 1.90629, 1.00, 0.55127, 0.16103, 0.55127, 0.16103, 0.60597, 0.47017, 0.64167, -67.87291, 18.17229, -89.17662
1993, 623, -60.42273, 13.17319, 105.83118, 106.79589, 1.87518, 1.87518, 1.87518, 1.00, 0.55127, 0.14899, 0.55127, 0.14899, 0.69613, 0.35016, 0.62673, -68.60569, 16.81691, -89.11983
1994, 629, -58.47084, 14.53916, 106.27029, 107.23486, 1.4013, 1.4013, 1.4013, 1.00, 0.60997, 0.17511, 0.60997, 0.17511, 0.83746, 0.53912, 0.08952, -68.60547, 17.77956, -87.16377
1995, 622, -60.28561, 14.97201, 105.0237, 105.98868, 1.90629, 1.90629, 1.90629, 1.00, 0.55127, 0.16103, 0.55127, 0.16103, 0.60597, 0.47017, 0.64167, -67.87291, 18.17229, -89.17662
1996, 629, -58.47084, 14.53916, 106.27029, 107.23486, 1.4013, 1.4013, 1.4013, 1.00, 0.60997, 0.17511, 0.60997, 0.17511, 0.83746, 0.53912, 0.08952, -68.60547, 17.77956, -87.16377
1997, 628, -58.80857, 16.18105, 105.25909, 106.22398, 1.51508, 1.51508, 1.51508, 1.00, 0.579, 0.18414, 0.579, 0.18414, 0.69341, 0.69545, 0.18848, -67.78709, 19.03404, -87.71912
1998, 624, -60.42273, 13.17319, 105.83118, 106.79589, 1.86924, 1.86924, 1.86924, 1.00, 0.55034, 0.22487, 0.55034, 0.22487, 0.73436, 0.00369, 0.67875, -68.60569, 16.81691, -89.11983
1999, 625, -59.9278, 10.52203, 106.83314, 107.79752, 1.71457, 1.71457, 1.71457, 1.00, 0.54659, 0.28123, 0.54659, 0.28123, 0.85244, -0.04511, 0.52087, -69.33127, 14.83118, -88.43153
2000, 630, -58.47084, 14.53916, 106.27029, 107.23486, 1.32064, 1.32064, 1.32064, 1.00, 0.58419, 0.22272, 0.58419, 0.22272, 0.92325, 0.38302, 0.03012, -68.60547, 17.77956, -87.16377
2001, 630, -58.47084, 14.53916, 106.27029, 107.23486, 1.32064, 1.32064, 1.32064, 1.00, 0.58419, 0.22272, 0.58419, 0.22272, 0.92325, 0.38302, 0.03012, -68.60547, 17.77956, -87.16377
2002, 625, -59.9278, 10.52203, 106.83314, 107.79752, 1.71457, 1.71457, 1.71457, 1.00, 0.54659, 0.28123, 0.54659, 0.28123, 0.85244, -0.04511, 0.52087, -69.33127, 14.83118, -88.43153
2003, 631, -57.91843, 12.05029, 107.47231, 108.43647, 1.25852, 1.25852, 1.25852, 1.00, 0.58059, 0.27908, 0.58059, 0.27908, 0.96286, 0.26924, -0.02035, -69.51692, 15.89886, -86.3686
2004, 625, -59.9278, 10.52203, 106.83314, 107.79752, 1.71457, 1.71457, 1.71457, 1.00, 0.54659, 0.28123, 0.54659, 0.28123, 0.85244, -0.04511, 0.52087, -69.33127, 14.83118, -88.43153
2005, 626, -59.10897, 9.05511, 107.24044, 108.20468, 1.63404, 1.63404, 1.63404, 1.00, 0.55114, 0.31553, 0.55114, 0.31553, 0.87064, -0.18014, 0.45776, -69.45564, 13.74177, -87.57796
2006, 631, -57.91843, 12.05029, 107.47231, 108.43647, 1.25852, 1.25852, 1.25852, 1.00, 0.58059, 0.27908, 0.58059, 0.27908, 0.96286, 0.26924, -0.02035, -69.51692, 15.89886, -86.3686
2007, 631, -57.91843, 12.05029, 107.47231, 108.43647, 1.25852, 1.25852, 1.25852, 1.00, 0.58059, 0.27908, 0.58059, 0.27908, 0.96286, 0.26924, -0.02035, -69.51692, 15.89886, -86.3686
2008, 626, -59.10897, 9.05511, 107.24044, 108.20468, 1.63404, 1.63404, 1.63404, 1.00, 0.55114, 0.31553, 0.55114, 0.31553, 0.87064, -0.18014, 0.45776, -69.45564, 13.74177, -87.57796
2009, 632, -57.55798, 10.24438, 107.97748, 108.94147, 1.22465, 1.22465, 1.22465, 1.00, 0.57904, 0.31584, 0.57904, 0.31584, 0.99068, 0.13187, -0.03407, -69.83437, 14.55746, -85.92324
2010, 626, -59.10897, 9.05511, 107.24044, 108.20468, 1.63404, 1.63404, 1.63404, 1.00, 0.55114, 0.31553, 0.55114, 0.31553, 0.87064, -0.18014, 0.45776, -69.45564, 13.74177, -87.57796
2011, 627, -57.6824, 6.31581, 108.05231, 109.01628, 1.50143, 1.50143, 1.50143, 1.00, 0.5597, 0.37925, 0.5597, 0.37925, 0.8988, -0.28391, 0.33401, -69.76277, 11.70417, -86.0669
2012, 632, -57.55798, 10.24438, 107.97748, 108.94147, 1.22465, 1.22465, 1.22465, 1.00, 0.57904, 0.31584, 0.57904, 0.31584, 0.99068, 0.13187, -0.03407, -69.83437, 14.55746, -85.92324
2013, 632, -57.55798, 10.24438, 107.97748, 108.94147, 1.22465, 1.22465, 1.22465, 1.00, 0.57904, 0.31584, 0.57904, 0.31584, 0.99068, 0.13187, -0.03407, -69.83437, 14.55746, -85.92324
2014, 627, -57.6824, 6.31581, 108.05231, 109.01628, 1.50143, 1.50143, 1.50143, 1.00, 0.5597, 0.37925, 0.5597, 0.37925, 0.8988, -0.28391, 0.33401, -69.76277, 11.70417, -86.0669
2015, 633, -56.12678, 7.71502, 108.38948, 109.35334, 0.00, 0.00, 0.00, 1.00, 0.5884, 0.37215, 0.5884, 0.37215, 0.95821, 0.13926, -0.2499, -69.76407, 12.69738, -84.50756
2016, 633, -56.12678, 7.71502, 108.38948, 109.35334, 0.00, 0.00, 0.00, 1.00, 0.5884, 0.37215, 0.5884, 0.37215, 0.95821, 0.13926, -0.2499, -69.76407, 12.69738, -84.50756
2017, 324, -55.27061, 11.0638, 107.57927, 108.5434, 0.00, 0.00, 0.00, 1.00, 0.60972, 0.31473, 0.60972, 0.31473, 0.80738, 0.30306, -0.50626, -68.91911, 15.1768, -83.87347
2018, 632, -57.55798, 10.24438, 107.97748, 108.94147, 1.22465, 1.22465, 1.22465, 1.00, 0.57904, 0.31584, 0.57904, 0.31584, 0.99068, 0.13187, -0.03407, -69.83437, 14.55746, -85.92324
2019, 324, -55.27061, 11.0638, 107.57927, 108.5434, 0.00, 0.00, 0.00, 1.00, 0.60972, 0.31473, 0.60972, 0.31473, 0.80738, 0.30306, -0.50626, -68.91911, 15.1768, -83.87347
2020, 633, -56.12678, 7.71502, 108.38948, 109.35334, 0.00, 0.00, 0.00, 1.00, 0.5884, 0.37215, 0.5884, 0.37215, 0.95821, 0.13926, -0.2499, -69.76407, 12.69738, -84.50756
2021, 325, -54.64425, 8.37034, 108.05073, 109.01469, 0.00, 0.00, 0.00, 1.00, 0.61158, 0.36739, 0.61158, 0.36739, 0.81321, 0.25228, -0.52445, -69.09859, 13.19398, -83.1982
2022, 632, -57.55798, 10.24438, 107.97748, 108.94147, 1.22465, 1.22465, 1.22465, 1.00, 0.57904, 0.31584, 0.57904, 0.31584, 0.99068, 0.13187, -0.03407, -69.83437, 14.55746, -85.92324
2023, 324, -55.27061, 11.0638, 107.57927, 108.5434, 0.00, 0.00, 0.00, 1.00, 0.60972, 0.31473, 0.60972, 0.31473, 0.80738, 0.30306, -0.50626, -68.91911, 15.1768, -83.87347
2024, 631, -57.91843, 12.05029, 107.47231, 108.43647, 1.25852, 1.25852, 1.25852, 1.00, 0.58059, 0.27908, 0.58059, 0.27908, 0.96286, 0.26924, -0.02035, -69.51692, 15.89886, -86.3686
2025, 631, -57.91843, 12.05029, 107.47231, 108.43647, 1.25852, 1.25852, 1.25852, 1.00, 0.58059, 0.27908, 0.58059, 0.27908, 0.96286, 0.26924, -0.02035, -69.51692, 15.89886, -86.3686
2026, 324, -55.27061, 11.0638, 107.57927, 108.5434, 0.00, 0.00, 0.00, 1.00, 0.60972, 0.31473, 0.60972, 0.31473, 0.80738, 0.30306, -0.50626, -68.91911, 15.1768, -83.87347
2027, 326, -55.82439, 13.23731, 107.08286, 108.04716, 0.00, 0.00, 0.00, 1.00, 0.60881, 0.27062, 0.60881, 0.27062, 0.77226, 0.46083, -0.43731, -68.67444, 16.78419, -84.4933
2028, 631, -57.91843, 12.05029, 107.47231, 108.43647, 1.25852, 1.25852, 1.25852, 1.00, 0.58059, 0.27908, 0.58059, 0.27908, 0.96286, 0.26924, -0.02035, -69.51692, 15.89886, -86.3686
2029, 326, -55.82439, 13.23731, 107.08286, 108.04716, 0.00, 0.00, 0.00, 1.00, 0.60881, 0.27062, 0.60881, 0.27062, 0.77226, 0.46083, -0.43731, -68.67444, 16.78419, -84.4933
2030, 630, -58.47084, 14.53916, 106.27029, 107.23486, 1.32064, 1.32064, 1.32064, 1.00, 0.58419, 0.22272, 0.58419, 0.22272, 0.92325, 0.38302, 0.03012, -68.60547, 17.77956, -87.16377
2031, 630, -58.47084, 14.53916, 106.27029, 107.23486, 1.32064, 1.32064, 1.32064, 1.00, 0.58419, 0.22272, 0.58419, 0.22272, 0.92325, 0.38302, 0.03012, -68.60547, 17.77956, -87.16377
2032, 326, -55.82439, 13.23731, 107.08286, 108.04716, 0.00, 0.00, 0.00, 1.00, 0.60881, 0.27062, 0.60881, 0.27062, 0.77226, 0.46083, -0.43731, -68.67444, 16.78419, -84.4933
2033, 327, -56.623, 15.65406, 106.09221, 107.05684, 0.00, 0.00, 0.00, 1.00, 0.60935, 0.21549, 0.60935, 0.21549, 0.76028, 0.49661, -0.41875, -68.02471, 18.59923, -85.46584
2034, 629, -58.47084, 14.53916, 106.27029, 107.23486, 1.4013, 1.4013, 1.4013, 1.00, 0.60997, 0.17511, 0.60997, 0.17511, 0.83746, 0.53912, 0.08952, -68.60547, 17.77956, -87.16377
2035, 328, -56.623, 15.65406, 106.09221, 107.05684, 1.21875, 1.21875, 1.21875, 1.00, 0.6094, 0.21557, 0.6094, 0.21557, 0.61968, 0.74463, -0.24803, -68.02471, 18.59923, -85.46584
2036, 329, -57.34434, 17.04343, 104.89359, 105.85862, 1.26483, 1.26483, 1.26483, 1.00, 0.58422, 0.22302, 0.58422, 0.22302, 0.46918, 0.87722, -0.10176, -67.10958, 19.68249, -86.43128
2037, 629, -58.47084, 14.53916, 106.27029, 107.23486, 1.4013, 1.4013, 1.4013, 1.00, 0.60997, 0.17511, 0.60997, 0.17511, 0.83746, 0.53912, 0.08952, -68.60547, 17.77956, -87.16377
2038, 329, -57.34434, 17.04343, 104.89359, 105.85862, 1.26483, 1.26483, 1.26483, 1.00, 0.58422, 0.22302, 0.58422, 0.22302, 0.46918, 0.87722, -0.10176, -67.10958, 19.68249, -86.43128
2039, 628, -58.80857, 16.18105, 105.25909, 106.22398, 1.51508, 1.51508, 1.51508, 1.00, 0.579, 0.18414, 0.579, 0.18414, 0.69341, 0.69545, 0.18848, -67.78709, 19.03404, -87.71912
2040, 621, -59.57256, 16.23739, 104.23222, 105.19746, 1.85809, 1.85809, 1.85809, 1.00, 0.55016, 0.18074, 0.55016, 0.18074, 0.2658, 0.79793, 0.54099, -66.98892, 19.13988, -88.6963
2041, 329, -57.34434, 17.04343, 104.89359, 105.85862, 1.26483, 1.26483, 1.26483, 1.00, 0.58422, 0.22302, 0.58422, 0.22302, 0.46918, 0.87722, -0.10176, -67.10958, 19.68249, -86.43128
2042, 310, -57.96922, 17.11707, 103.42267, 104.38818, 1.6739, 1.6739, 1.6739, 1.00, 0.55016, 0.22415, 0.55016, 0.22415, -0.09175, 0.94114, 0.32531, -65.84942, 19.82895, -87.39149
2043, 329, -57.34434, 17.04343, 104.89359, 105.85862, 1.26483, 1.26483, 1.26483, 1.00, 0.58422, 0.22302, 0.58422, 0.22302, 0.46918, 0.87722, -0.10176, -67.10958, 19.68249, -86.43128
2044, 621, -59.57256, 16.23739, 104.23222, 105.19746, 1.85809, 1.85809, 1.85809, 1.00, 0.55016, 0.18074, 0.55016, 0.18074, 0.2658, 0.79793, 0.54099, -66.98892, 19.13988, -88.6963
2045, 628, -58.80857, 16.18105, 105.25909, 106.22398, 1.51508, 1.51508, 1.51508, 1.00, 0.579, 0.18414, 0.579, 0.18414, 0.69341, 0.69545, 0.18848, -67.78709, 19.03404, -87.71912
2046, 634, -45.18544, 2.62263, 109.03986, 110.00349, 1.39965, 1.39965, 1.39965, 1.00, 0.00704, 0.58912, 0.00704, 0.58912, -0.08624, 0.99586, -0.02891, -67.44957, 8.96381, -74.15592
2047, 635, -50.7044, 3.70698, 108.76604, 109.72977, 1.26966, 1.26966, 1.26966, 1.00, 0.1167, 0.56472, 0.1167, 0.56472, -0.02542, 0.98917, -0.14453, -68.60336, 9.76738, -79.38106
2048, 636, -44.60054, 3.2516, 112.50054, 113.46303, 1.30901, 1.30901, 1.30901, 1.00, 0.00688, 0.58894, 0.00688, 0.58894, 0.35567, 0.92664, -0.12182, -70.66975, 9.2009, -72.71631
2049, 637, -45.62684, -28.74841, 115.2728, 116.23436, 0.00, 0.00, 0.00, 1.00, 0.05065, 0.87207, 0.05065, 0.87207, 0.22212, 0.1786, -0.95852, -72.17543, -14.17728, -73.34579
2050, 638, -45.78501, -24.11848, 115.51196, 116.47345, 0.00, 0.00, 0.00, 1.00, 0.05235, 0.84249, 0.05235, 0.84249, 0.18311, -0.20531, -0.96142, -72.65115, -10.83531, -73.37822
2051, 639, -47.59776, -27.98831, 118.72421, 119.68462, 0.00, 0.00, 0.00, 1.00, 0.10315, 0.8678, 0.10315, 0.8678, 0.40839, 0.11065, -0.90607, -76.02677, -13.84452, -74.30026
2052, 639, -47.59776, -27.98831, 118.72421, 119.68462, 0.00, 0.00, 0.00, 1.00, 0.10315, 0.8678, 0.10315, 0.8678, 0.40839, 0.11065, -0.90607, -76.02677, -13.84452, -74.30026
2053, 638, -45.78501, -24.11848, 115.51196, 116.47345, 0.00, 0.00, 0.00, 1.00, 0.05235, 0.84249, 0.05235, 0.84249, 0.18311, -0.20531, -0.96142, -72.65115, -10.83531, -73.37822
2054, 640, -47.03012, -22.92199, 118.59335, 119.55381, 0.00, 0.00, 0.00, 1.00, 0.0913, 0.83742, 0.0913, 0.83742, 0.29165, -0.25051, -0.92314, -75.98492, -10.16273, -73.74249
2055, 640, -47.03012, -22.92199, 118.59335, 119.55381, 0.00, 0.00, 0.00, 1.00, 0.0913, 0.83742, 0.0913, 0.83742, 0.29165, -0.25051, -0.92314, -75.98492, -10.16273, -73.74249
2056, 638, -45.78501, -24.11848, 115.51196, 116.47345, 0.00, 0.00, 0.00, 1.00, 0.05235, 0.84249, 0.05235, 0.84249, 0.18311, -0.20531, -0.96142, -72.65115, -10.83531, -73.37822
2057, 641, -44.73785, -21.47305, 115.00267, 115.96432, 0.00, 0.00, 0.00, 1.00, 0.03203, 0.8169, 0.03203, 0.8169, 0.01166, -0.33015, -0.94386, -72.01772, -8.88492, -72.49667
2058, 640, -47.03012, -22.92199, 118.59335, 119.55381, 0.00, 0.00, 0.00, 1.00, 0.0913, 0.83742, 0.0913, 0.83742, 0.29165, -0.25051, -0.92314, -75.98492, -10.16273, -73.74249
2059, 641, -44.73785, -21.47305, 115.00267, 115.96432, 0.00, 0.00, 0.00, 1.00, 0.03203, 0.8169, 0.03203, 0.8169, 0.01166, -0.33015, -0.94386, -72.01772, -8.88492, -72.49667
2060, 642, -46.32876, -20.9601, 118.23307, 119.19365, 0.00, 0.00, 0.00, 1.00, 0.07775, 0.8185, 0.07775, 0.8185, 0.41138, -0.25699, -0.87448, -75.55064, -8.7174, -73.1547
2061, 642, -46.32876, -20.9601, 118.23307, 119.19365, 0.00, 0.00, 0.00, 1.00, 0.07775, 0.8185, 0.07775, 0.8185, 0.41138, -0.25699, -0.87448, -75.55064, -8.7174, -73.1547
2062, 641, -44.73785, -21.47305, 115.00267, 115.96432, 0.00, 0.00, 0.00, 1.00, 0.03203, 0.8169, 0.03203, 0.8169, 0.01166, -0.33015, -0.94386, -72.01772, -8.88492, -72.49667
2063, 643, -42.07732, -8.99677, 114.56303, 115.52483, 0.00, 0.00, 0.00, 1.00, 0.01288, 0.70971, 0.01288, 0.70971, 0.46128, -0.04599, -0.88606, -71.48808, 0.18927, -69.97073
2064, 641, -44.73785, -21.47305, 115.00267, 115.96432, 0.00, 0.00, 0.00, 1.00, 0.03203, 0.8169, 0.03203, 0.8169, 0.01166, -0.33015, -0.94386, -72.01772, -8.88492, -72.49667
2065, 644, -43.99982, -10.00993, 112.67072, 113.63316, 1.24241, 1.24241, 1.24241, 1.00, 0.01965, 0.71244, 0.01965, 0.71244, -0.39974, -0.04923, -0.9153, -70.09527, -0.42562, -72.26654
2066, 643, -42.07732, -8.99677, 114.56303, 115.52483, 0.00, 0.00, 0.00, 1.00, 0.01288, 0.70971, 0.01288, 0.70971, 0.46128, -0.04599, -0.88606, -71.48808, 0.18927, -69.97073
2067, 639, -47.59776, -27.98831, 118.72421, 119.68462, 0.00, 0.00, 0.00, 1.00, 0.10315, 0.8678, 0.10315, 0.8678, 0.40839, 0.11065, -0.90607, -76.02677, -13.84452, -74.30026
2068, 645, -48.49899, -22.58109, 120.14615, 121.10609, 0.00, 0.00, 0.00, 1.00, 0.12686, 0.83751, 0.12686, 0.83751, 0.75724, -0.09595, -0.64605, -77.86208, -10.0138, -74.71704
2069, 646, -48.82116, -28.03919, 119.56563, 120.52576, 0.00, 0.00, 0.00, 1.00, 0.13025, 0.86896, 0.13025, 0.86896, 0.8089, 0.15312, -0.56766, -77.13956, -13.93465, -75.23139
2070, 645, -48.49899, -22.58109, 120.14615, 121.10609, 0.00, 0.00, 0.00, 1.00, 0.12686, 0.83751, 0.12686, 0.83751, 0.75724, -0.09595, -0.64605, -77.86208, -10.0138, -74.71704
2071, 639, -47.59776, -27.98831, 118.72421, 119.68462, 0.00, 0.00, 0.00, 1.00, 0.10315, 0.8678, 0.10315, 0.8678, 0.40839, 0.11065, -0.90607, -76.02677, -13.84452, -74.30026
2072, 640, -47.03012, -22.92199, 118.59335, 119.55381, 0.00, 0.00, 0.00, 1.00, 0.0913, 0.83742, 0.0913, 0.83742, 0.29165, -0.25051, -0.92314, -75.98492, -10.16273, -73.74249
2073, 645, -48.49899, -22.58109, 120.14615, 121.10609, 0.00, 0.00, 0.00, 1.00, 0.12686, 0.83751, 0.12686, 0.83751, 0.75724, -0.09595, -0.64605, -77.86208, -10.0138, -74.71704
2074, 640, -47.03012, -22.92199, 118.59335, 119.55381, 0.00, 0.00, 0.00, 1.00, 0.0913, 0.83742, 0.0913, 0.83742, 0.29165, -0.25051, -0.92314, -75.98492, -10.16273, -73.74249
2075, 642, -46.32876, -20.9601, 118.23307, 119.19365, 0.00, 0.00, 0.00, 1.00, 0.07775, 0.8185, 0.07775, 0.8185, 0.41138, -0.25699, -0.87448, -75.55064, -8.7174, -73.1547
2076, 645, -48.49899, -22.58109, 120.14615, 121.10609, 0.00, 0.00, 0.00, 1.00, 0.12686, 0.83751, 0.12686, 0.83751, 0.75724, -0.09595, -0.64605, -77.86208, -10.0138, -74.71704
2077, 642, -46.32876, -20.9601, 118.23307, 119.19365, 0.00, 0.00, 0.00, 1.00, 0.07775, 0.8185, 0.07775, 0.8185, 0.41138, -0.25699, -0.87448, -75.55064, -8.7174, -73.1547
2078, 647, -48.37592, -20.17959, 119.87543, 120.83546, 0.00, 0.00, 0.00, 1.00, 0.12517, 0.81486, 0.12517, 0.81486, 0.87944, -0.06645, -0.47135, -77.67722, -8.25538, -74.64269
2079, 647, -48.37592, -20.17959, 119.87543, 120.83546, 0.00, 0.00, 0.00, 1.00, 0.12517, 0.81486, 0.12517, 0.81486, 0.87944, -0.06645, -0.47135, -77.67722, -8.25538, -74.64269
2080, 642, -46.32876, -20.9601, 118.23307, 119.19365, 0.00, 0.00, 0.00, 1.00, 0.07775, 0.8185, 0.07775, 0.8185, 0.41138, -0.25699, -0.87448, -75.55064, -8.7174, -73.1547
2081, 643, -42.07732, -8.99677, 114.56303, 115.52483, 0.00, 0.00, 0.00, 1.00, 0.01288, 0.70971, 0.01288, 0.70971, 0.46128, -0.04599, -0.88606, -71.48808, 0.18927, -69.97073
2082, 647, -48.37592, -20.17959, 119.87543, 120.83546, 0.00, 0.00, 0.00, 1.00, 0.12517, 0.81486, 0.12517, 0.81486, 0.87944, -0.06645, -0.47135, -77.67722, -8.25538, -74.64269
2083, 643, -42.07732, -8.99677, 114.56303, 115.52483, 0.00, 0.00, 0.00, 1.00, 0.01288, 0.70971, 0.01288, 0.70971, 0.46128, -0.04599, -0.88606, -71.48808, 0.18927, -69.97073
2084, 648, -48.36436, -4.6243, 117.41128, 118.37212, 0.00, 0.00, 0.00, 1.00, 0.10993, 0.6832, 0.10993, 0.6832, 0.87064, 0.30171, -0.38852, -75.98947, 3.17947, -75.07841
2085, 648, -48.36436, -4.6243, 117.41128, 118.37212, 0.00, 0.00, 0.00, 1.00, 0.10993, 0.6832, 0.10993, 0.6832, 0.87064, 0.30171, -0.38852, -75.98947, 3.17947, -75.07841
2086, 643, -42.07732, -8.99677, 114.56303, 115.52483, 0.00, 0.00, 0.00, 1.00, 0.01288, 0.70971, 0.01288, 0.70971, 0.46128, -0.04599, -0.88606, -71.48808, 0.18927, -69.97073
2087, 649, -43.15963, -4.01191, 115.13679, 116.0984, 0.00, 0.00, 0.00, 1.00, 0.00667, 0.67494, 0.00667, 0.67494, 0.74776, 0.371, -0.55065, -72.53159, 3.76742, -70.77883
2088, 648, -48.36436, -4.6243, 117.41128, 118.37212, 0.00, 0.00, 0.00, 1.00, 0.10993, 0.6832, 0.10993, 0.6832, 0.87064, 0.30171, -0.38852, -75.98947, 3.17947, -75.07841
2089, 649, -43.15963, -4.01191, 115.13679, 116.0984, 0.00, 0.00, 0.00, 1.00, 0.00667, 0.67494, 0.00667, 0.67494, 0.74776, 0.371, -0.55065, -72.53159, 3.76742, -70.77883
2090, 650, -43.92561, 1.19843, 113.85916, 114.8212, 0.00, 0.00, 0.00, 1.00, 0.00704, 0.61106, 0.00704, 0.61106, 0.78579, 0.37969, -0.48823, -71.72119, 7.6262, -71.76125
2091, 648, -48.36436, -4.6243, 117.41128, 118.37212, 0.00, 0.00, 0.00, 1.00, 0.10993, 0.6832, 0.10993, 0.6832, 0.87064, 0.30171, -0.38852, -75.98947, 3.17947, -75.07841
2092, 650, -43.92561, 1.19843, 113.85916, 114.8212, 0.00, 0.00, 0.00, 1.00, 0.00704, 0.61106, 0.00704, 0.61106, 0.78579, 0.37969, -0.48823, -71.72119, 7.6262, -71.76125
2093, 651, -48.94183, 1.8633, 115.54505, 116.50653, 0.00, 0.00, 0.00, 1.00, 0.10823, 0.6179, 0.10823, 0.6179, 0.74355, 0.5956, -0.30397, -74.62145, 8.00161, -76.01969
2094, 651, -48.94183, 1.8633, 115.54505, 116.50653, 0.00, 0.00, 0.00, 1.00, 0.10823, 0.6179, 0.10823, 0.6179, 0.74355, 0.5956, -0.30397, -74.62145, 8.00161, -76.01969
2095, 650, -43.92561, 1.19843, 113.85916, 114.8212, 0.00, 0.00, 0.00, 1.00, 0.00704, 0.61106, 0.00704, 0.61106, 0.78579, 0.37969, -0.48823, -71.72119, 7.6262, -71.76125
2096, 652, -49.42696, 3.77403, 113.405, 114.36718, 1.26138, 1.26138, 1.26138, 1.00, 0.10823, 0.59, 0.10823, 0.59, 0.38358, 0.91021, -0.15615, -72.76298, 9.52247, -76.99842
2097, 652, -49.42696, 3.77403, 113.405, 114.36718, 1.26138, 1.26138, 1.26138, 1.00, 0.10823, 0.59, 0.10823, 0.59, 0.38358, 0.91021, -0.15615, -72.76298, 9.52247, -76.99842
2098, 650, -43.92561, 1.19843, 113.85916, 114.8212, 0.00, 0.00, 0.00, 1.00, 0.00704, 0.61106, 0.00704, 0.61106, 0.78579, 0.37969, -0.48823, -71.72119, 7.6262, -71.76125
2099, 636, -44.60054, 3.2516, 112.50054, 113.46303, 1.30901, 1.30901, 1.30901, 1.00, 0.00688, 0.58894, 0.00688, 0.58894, 0.35567, 0.92664, -0.12182, -70.66975, 9.2009, -72.71631
2100, 636, -44.60054, 3.2516, 112.50054, 113.46303, 1.30901, 1.30901, 1.30901, 1.00, 0.00688, 0.58894, 0.00688, 0.58894, 0.35567, 0.92664, -0.12182, -70.66975, 9.2009, -72.71631
2101, 635, -50.7044, 3.70698, 108.76604, 109.72977, 1.26966, 1.26966, 1.26966, 1.00, 0.1167, 0.56472, 0.1167, 0.56472, -0.02542, 0.98917, -0.14453, -68.60336, 9.76738, -79.38106
2102, 652, -49.42696, 3.77403, 113.405, 114.36718, 1.26138, 1.26138, 1.26138, 1.00, 0.10823, 0.59, 0.10823, 0.59, 0.38358, 0.91021, -0.15615, -72.76298, 9.52247, -76.99842
2103, 653, -51.94076, -28.01409, 120.02567, 120.98565, 0.00, 0.00, 0.00, 1.00, 0.19239, 0.8691, 0.19239, 0.8691, 0.89201, 0.06707, -0.44702, -78.35853, -13.94556, -78.03469
2104, 645, -48.49899, -22.58109, 120.14615, 121.10609, 0.00, 0.00, 0.00, 1.00, 0.12686, 0.83751, 0.12686, 0.83751, 0.75724, -0.09595, -0.64605, -77.86208, -10.0138, -74.71704
2105, 654, -51.9254, -22.45206, 120.07719, 121.03715, 0.00, 0.00, 0.00, 1.00, 0.19239, 0.83712, 0.19239, 0.83712, 0.8795, 0.06639, -0.47124, -78.65164, -9.91589, -77.94162
2106, 653, -51.94076, -28.01409, 120.02567, 120.98565, 0.00, 0.00, 0.00, 1.00, 0.19239, 0.8691, 0.19239, 0.8691, 0.89201, 0.06707, -0.44702, -78.35853, -13.94556, -78.03469
2107, 646, -48.82116, -28.03919, 119.56563, 120.52576, 0.00, 0.00, 0.00, 1.00, 0.13025, 0.86896, 0.13025, 0.86896, 0.8089, 0.15312, -0.56766, -77.13956, -13.93465, -75.23139
2108, 645, -48.49899, -22.58109, 120.14615, 121.10609, 0.00, 0.00, 0.00, 1.00, 0.12686, 0.83751, 0.12686, 0.83751, 0.75724, -0.09595, -0.64605, -77.86208, -10.0138, -74.71704
2109, 654, -51.9254, -22.45206, 120.07719, 121.03715, 0.00, 0.00, 0.00, 1.00, 0.19239, 0.83712, 0.19239, 0.83712, 0.8795, 0.06639, -0.47124, -78.65164, -9.91589, -77.94162
2110, 647, -48.37592, -20.17959, 119.87543, 120.83546, 0.00, 0.00, 0.00, 1.00, 0.12517, 0.81486, 0.12517, 0.81486, 0.87944, -0.06645, -0.47135, -77.67722, -8.25538, -74.64269
2111, 655, -51.88989, -20.28905, 119.85081, 120.81084, 0.00, 0.00, 0.00, 1.00, 0.19239, 0.81677, 0.19239, 0.81677, 0.88287, -0.01676, -0.46932, -78.52067, -8.33319, -77.94074
2112, 647, -48.37592, -20.17959, 119.87543, 120.83546, 0.00, 0.00, 0.00, 1.00, 0.12517, 0.81486, 0.12517, 0.81486, 0.87944, -0.06645, -0.47135, -77.67722, -8.25538, -74.64269
2113, 654, -51.9254, -22.45206, 120.07719, 121.03715, 0.00, 0.00, 0.00, 1.00, 0.19239, 0.83712, 0.19239, 0.83712, 0.8795, 0.06639, -0.47124, -78.65164, -9.91589, -77.94162
2114, 645, -48.49899, -22.58109, 120.14615, 121.10609, 0.00, 0.00, 0.00, 1.00, 0.12686, 0.83751, 0.12686, 0.83751, 0.75724, -0.09595, -0.64605, -77.86208, -10.0138, -74.71704
2115, 647, -48.37592, -20.17959, 119.87543, 120.83546, 0.00, 0.00, 0.00, 1.00, 0.12517, 0.81486, 0.12517, 0.81486, 0.87944, -0.06645, -0.47135, -77.67722, -8.25538, -74.64269
2116, 656, -52.63292, -5.07322, 117.2131, 118.17401, 0.00, 0.00, 0.00, 1.00, 0.19239, 0.67902, 0.19239, 0.67902, 0.88778, 0.25242, -0.38489, -76.83773, 2.86649, -79.13142
2117, 655, -51.88989, -20.28905, 119.85081, 120.81084, 0.00, 0.00, 0.00, 1.00, 0.19239, 0.81677, 0.19239, 0.81677, 0.88287, -0.01676, -0.46932, -78.52067, -8.33319, -77.94074
2118, 647, -48.37592, -20.17959, 119.87543, 120.83546, 0.00, 0.00, 0.00, 1.00, 0.12517, 0.81486, 0.12517, 0.81486, 0.87944, -0.06645, -0.47135, -77.67722, -8.25538, -74.64269
2119, 648, -48.36436, -4.6243, 117.41128, 118.37212, 0.00, 0.00, 0.00, 1.00, 0.10993, 0.6832, 0.10993, 0.6832, 0.87064, 0.30171, -0.38852, -75.98947, 3.17947, -75.07841
2120, 656, -52.63292, -5.07322, 117.2131, 118.17401, 0.00, 0.00, 0.00, 1.00, 0.19239, 0.67902, 0.19239, 0.67902, 0.88778, 0.25242, -0.38489, -76.83773, 2.86649, -79.13142
2121, 648, -48.36436, -4.6243, 117.41128, 118.37212, 0.00, 0.00, 0.00, 1.00, 0.10993, 0.6832, 0.10993, 0.6832, 0.87064, 0.30171, -0.38852, -75.98947, 3.17947, -75.07841
2122, 657, -53.4702, 2.44462, 114.68305, 115.64481, 0.00, 0.00, 0.00, 1.00, 0.19239, 0.6012, 0.19239, 0.6012, 0.73886, 0.60988, -0.28657, -74.93981, 8.47766, -80.47351
2123, 656, -52.63292, -5.07322, 117.2131, 118.17401, 0.00, 0.00, 0.00, 1.00, 0.19239, 0.67902, 0.19239, 0.67902, 0.88778, 0.25242, -0.38489, -76.83773, 2.86649, -79.13142
2124, 648, -48.36436, -4.6243, 117.41128, 118.37212, 0.00, 0.00, 0.00, 1.00, 0.10993, 0.6832, 0.10993, 0.6832, 0.87064, 0.30171, -0.38852, -75.98947, 3.17947, -75.07841
2125, 651, -48.94183, 1.8633, 115.54505, 116.50653, 0.00, 0.00, 0.00, 1.00, 0.10823, 0.6179, 0.10823, 0.6179, 0.74355, 0.5956, -0.30397, -74.62145, 8.00161, -76.01969
2126, 657, -53.4702, 2.44462, 114.68305, 115.64481, 0.00, 0.00, 0.00, 1.00, 0.19239, 0.6012, 0.19239, 0.6012, 0.73886, 0.60988, -0.28657, -74.93981, 8.47766, -80.47351
2127, 651, -48.94183, 1.8633, 115.54505, 116.50653, 0.00, 0.00, 0.00, 1.00, 0.10823, 0.6179, 0.10823, 0.6179, 0.74355, 0.5956, -0.30397, -74.62145, 8.00161, -76.01969
2128, 652, -49.42696, 3.77403, 113.405, 114.36718, 1.26138, 1.26138, 1.26138, 1.00, 0.10823, 0.59, 0.10823, 0.59, 0.38358, 0.91021, -0.15615, -72.76298, 9.52247, -76.99842
2129, 657, -53.4702, 2.44462, 114.68305, 115.64481, 0.00, 0.00, 0.00, 1.00, 0.19239, 0.6012, 0.19239, 0.6012, 0.73886, 0.60988, -0.28657, -74.93981, 8.47766, -80.47351
2130, 652, -49.42696, 3.77403, 113.405, 114.36718, 1.26138, 1.26138, 1.26138, 1.00, 0.10823, 0.59, 0.10823, 0.59, 0.38358, 0.91021, -0.15615, -72.76298, 9.52247, -76.99842
2131, 658, -53.77028, 3.59841, 113.35158, 114.31378, 1.3239, 1.3239, 1.3239, 1.00, 0.19239, 0.58414, 0.19239, 0.58414, 0.35343, 0.93177, -0.08304, -73.78155, 9.39851, -81.08121
2132, 657, -53.4702, 2.44462, 114.68305, 115.64481, 0.00, 0.00, 0.00, 1.00, 0.19239, 0.6012, 0.19239, 0.6012, 0.73886, 0.60988, -0.28657, -74.93981, 8.47766, -80.47351
2133, 652, -49.42696, 3.77403, 113.405, 114.36718, 1.26138, 1.26138, 1.26138, 1.00, 0.10823, 0.59, 0.10823, 0.59, 0.38358, 0.91021, -0.15615, -72.76298, 9.52247, -76.99842
2134, 635, -50.7044, 3.70698, 108.76604, 109.72977, 1.26966, 1.26966, 1.26966, 1.00, 0.1167, 0.56472, 0.1167, 0.56472, -0.02542, 0.98917, -0.14453, -68.60336, 9.76738, -79.38106
2135, 658, -53.77028, 3.59841, 113.35158, 114.31378, 1.3239, 1.3239, 1.3239, 1.00, 0.19239, 0.58414, 0.19239, 0.58414, 0.35343, 0.93177, -0.08304, -73.78155, 9.39851, -81.08121
2136, 635, -50.7044, 3.70698, 108.76604, 109.72977, 1.26966, 1.26966, 1.26966, 1.00, 0.1167, 0.56472, 0.1167, 0.56472, -0.02542, 0.98917, -0.14453, -68.60336, 9.76738, -79.38106
2137, 659, -54.37402, 5.13276, 110.45569, 111.41886, 1.28983, 1.28983, 1.28983, 1.00, 0.19239, 0.55536, 0.19239, 0.55536, 0.40338, 0.90866, -0.10785, -71.20688, 10.69427, -82.36862
2138, 658, -53.77028, 3.59841, 113.35158, 114.31378, 1.3239, 1.3239, 1.3239, 1.00, 0.19239, 0.58414, 0.19239, 0.58414, 0.35343, 0.93177, -0.08304, -73.78155, 9.39851, -81.08121
2139, 660, -45.0179, -30.48339, 115.44054, 116.40205, 0.00, 0.00, 0.00, 1.00, 0.03926, 0.88833, 0.03926, 0.88833, 0.18433, 0.4027, -0.89658, -72.10895, -15.4459, -72.75314
2140, 637, -45.62684, -28.74841, 115.2728, 116.23436, 0.00, 0.00, 0.00, 1.00, 0.05065, 0.87207, 0.05065, 0.87207, 0.22212, 0.1786, -0.95852, -72.17543, -14.17728, -73.34579
2141, 639, -47.59776, -27.98831, 118.72421, 119.68462, 0.00, 0.00, 0.00, 1.00, 0.10315, 0.8678, 0.10315, 0.8678, 0.40839, 0.11065, -0.90607, -76.02677, -13.84452, -74.30026
2142, 660, -45.0179, -30.48339, 115.44054, 116.40205, 0.00, 0.00, 0.00, 1.00, 0.03926, 0.88833, 0.03926, 0.88833, 0.18433, 0.4027, -0.89658, -72.10895, -15.4459, -72.75314
2143, 639, -47.59776, -27.98831, 118.72421, 119.68462, 0.00, 0.00, 0.00, 1.00, 0.10315, 0.8678, 0.10315, 0.8678, 0.40839, 0.11065, -0.90607, -76.02677, -13.84452, -74.30026
2144, 661, -46.8709, -30.16814, 119.05312, 120.01343, 0.00, 0.00, 0.00, 1.00, 0.09007, 0.88833, 0.09007, 0.88833, 0.39617, 0.32931, -0.85709, -76.06668, -15.4459, -73.56125
2145, 662, -48.52986, -30.06493, 120.23585, 121.19576, 0.00, 0.00, 0.00, 1.00, 0.12702, 0.88833, 0.12702, 0.88833, 0.71305, 0.38472, -0.58612, -77.62357, -15.4459, -74.81119
2146, 639, -47.59776, -27.98831, 118.72421, 119.68462, 0.00, 0.00, 0.00, 1.00, 0.10315, 0.8678, 0.10315, 0.8678, 0.40839, 0.11065, -0.90607, -76.02677, -13.84452, -74.30026
2147, 646, -48.82116, -28.03919, 119.56563, 120.52576, 0.00, 0.00, 0.00, 1.00, 0.13025, 0.86896, 0.13025, 0.86896, 0.8089, 0.15312, -0.56766, -77.13956, -13.93465, -75.23139
2148, 662, -48.52986, -30.06493, 120.23585, 121.19576, 0.00, 0.00, 0.00, 1.00, 0.12702, 0.88833, 0.12702, 0.88833, 0.71305, 0.38472, -0.58612, -77.62357, -15.4459, -74.81119
2149, 661, -46.8709, -30.16814, 119.05312, 120.01343, 0.00, 0.00, 0.00, 1.00, 0.09007, 0.88833, 0.09007, 0.88833, 0.39617, 0.32931, -0.85709, -76.06668, -15.4459, -73.56125
2150, 639, -47.59776, -27.98831, 118.72421, 119.68462, 0.00, 0.00, 0.00, 1.00, 0.10315, 0.8678, 0.10315, 0.8678, 0.40839, 0.11065, -0.90607, -76.02677, -13.84452, -74.30026
2151, 663, -51.75904, -30.0014, 120.96387, 121.92353, 0.00, 0.00, 0.00, 1.00, 0.19239, 0.88833, 0.19239, 0.88833, 0.80544, 0.434, -0.40363, -79.12985, -15.4459, -77.64816
2152, 646, -48.82116, -28.03919, 119.56563, 120.52576, 0.00, 0.00, 0.00, 1.00, 0.13025, 0.86896, 0.13025, 0.86896, 0.8089, 0.15312, -0.56766, -77.13956, -13.93465, -75.23139
2153, 653, -51.94076, -28.01409, 120.02567, 120.98565, 0.00, 0.00, 0.00, 1.00, 0.19239, 0.8691, 0.19239, 0.8691, 0.89201, 0.06707, -0.44702, -78.35853, -13.94556, -78.03469
2154, 663, -51.75904, -30.0014, 120.96387, 121.92353, 0.00, 0.00, 0.00, 1.00, 0.19239, 0.88833, 0.19239, 0.88833, 0.80544, 0.434, -0.40363, -79.12985, -15.4459, -77.64816
2155, 662, -48.52986, -30.06493, 120.23585, 121.19576, 0.00, 0.00, 0.00, 1.00, 0.12702, 0.88833, 0.12702, 0.88833, 0.71305, 0.38472, -0.58612, -77.62357, -15.4459, -74.81119
2156, 646, -48.82116, -28.03919, 119.56563, 120.52576, 0.00, 0.00, 0.00, 1.00, 0.13025, 0.86896, 0.13025, 0.86896, 0.8089, 0.15312, -0.56766, -77.13956, -13.93465, -75.23139
2157, 664, -44.48633, -32.12349, 115.60213, 116.56359, 0.00, 0.00, 0.00, 1.00, 0.02936, 0.9037, 0.02936, 0.9037, 0.2169, 0.19545, -0.95643, -72.05996, -16.64533, -72.23341
2158, 660, -45.0179, -30.48339, 115.44054, 116.40205, 0.00, 0.00, 0.00, 1.00, 0.03926, 0.88833, 0.03926, 0.88833, 0.18433, 0.4027, -0.89658, -72.10895, -15.4459, -72.75314
2159, 661, -46.8709, -30.16814, 119.05312, 120.01343, 0.00, 0.00, 0.00, 1.00, 0.09007, 0.88833, 0.09007, 0.88833, 0.39617, 0.32931, -0.85709, -76.06668, -15.4459, -73.56125
2160, 664, -44.48633, -32.12349, 115.60213, 116.56359, 0.00, 0.00, 0.00, 1.00, 0.02936, 0.9037, 0.02936, 0.9037, 0.2169, 0.19545, -0.95643, -72.05996, -16.64533, -72.23341
2161, 661, -46.8709, -30.16814, 119.05312, 120.01343, 0.00, 0.00, 0.00, 1.00, 0.09007, 0.88833, 0.09007, 0.88833, 0.39617, 0.32931, -0.85709, -76.06668, -15.4459, -73.56125
2162, 665, -46.57254, -31.77196, 119.17959, 120.13985, 0.00, 0.00, 0.00, 1.00, 0.08452, 0.90333, 0.08452, 0.90333, 0.39882, 0.16836, -0.90144, -76.04331, -16.6168, -73.26843
2163, 666, -44.0329, -36.66364, 114.46221, 115.42404, 0.00, 0.00, 0.00, 1.00, 0.01731, 0.95368, 0.01731, 0.95368, 0.18339, 0.06863, -0.98064, -70.6463, -19.8652, -72.15366
2164, 664, -44.48633, -32.12349, 115.60213, 116.56359, 0.00, 0.00, 0.00, 1.00, 0.02936, 0.9037, 0.02936, 0.9037, 0.2169, 0.19545, -0.95643, -72.05996, -16.64533, -72.23341
2165, 667, -46.26615, -36.51581, 119.04411, 120.00442, 0.00, 0.00, 0.00, 1.00, 0.07944, 0.95603, 0.07944, 0.95603, 0.44233, 0.03377, -0.89622, -75.62574, -20.04794, -73.07205
2166, 664, -44.48633, -32.12349, 115.60213, 116.56359, 0.00, 0.00, 0.00, 1.00, 0.02936, 0.9037, 0.02936, 0.9037, 0.2169, 0.19545, -0.95643, -72.05996, -16.64533, -72.23341
2167, 665, -46.57254, -31.77196, 119.17959, 120.13985, 0.00, 0.00, 0.00, 1.00, 0.08452, 0.90333, 0.08452, 0.90333, 0.39882, 0.16836, -0.90144, -76.04331, -16.6168, -73.26843
2168, 667, -46.26615, -36.51581, 119.04411, 120.00442, 0.00, 0.00, 0.00, 1.00, 0.07944, 0.95603, 0.07944, 0.95603, 0.44233, 0.03377, -0.89622, -75.62574, -20.04794, -73.07205
2169, 667, -46.26615, -36.51581, 119.04411, 120.00442, 0.00, 0.00, 0.00, 1.00, 0.07944, 0.95603, 0.07944, 0.95603, 0.44233, 0.03377, -0.89622, -75.62574, -20.04794, -73.07205
2170, 665, -46.57254, -31.77196, 119.17959, 120.13985, 0.00, 0.00, 0.00, 1.00, 0.08452, 0.90333, 0.08452, 0.90333, 0.39882, 0.16836, -0.90144, -76.04331, -16.6168, -73.26843
2171, 668, -48.41806, -31.68025, 120.79402, 121.75375, 0.00, 0.00, 0.00, 1.00, 0.12686, 0.90379, 0.12686, 0.90379, 0.72517, 0.16986, -0.66728, -78.0623, -16.65247, -74.58287
2172, 669, -48.41977, -36.26274, 120.44172, 121.40156, 0.00, 0.00, 0.00, 1.00, 0.12686, 0.95481, 0.12686, 0.95481, 0.81342, -0.09064, -0.57457, -77.51927, -19.95287, -74.7285
2173, 667, -46.26615, -36.51581, 119.04411, 120.00442, 0.00, 0.00, 0.00, 1.00, 0.07944, 0.95603, 0.07944, 0.95603, 0.44233, 0.03377, -0.89622, -75.62574, -20.04794, -73.07205
2174, 668, -48.41806, -31.68025, 120.79402, 121.75375, 0.00, 0.00, 0.00, 1.00, 0.12686, 0.90379, 0.12686, 0.90379, 0.72517, 0.16986, -0.66728, -78.0623, -16.65247, -74.58287
2175, 668, -48.41806, -31.68025, 120.79402, 121.75375, 0.00, 0.00, 0.00, 1.00, 0.12686, 0.90379, 0.12686, 0.90379, 0.72517, 0.16986, -0.66728, -78.0623, -16.65247, -74.58287
2176, 661, -46.8709, -30.16814, 119.05312, 120.01343, 0.00, 0.00, 0.00, 1.00, 0.09007, 0.88833, 0.09007, 0.88833, 0.39617, 0.32931, -0.85709, -76.06668, -15.4459, -73.56125
2177, 662, -48.52986, -30.06493, 120.23585, 121.19576, 0.00, 0.00, 0.00, 1.00, 0.12702, 0.88833, 0.12702, 0.88833, 0.71305, 0.38472, -0.58612, -77.62357, -15.4459, -74.81119
2178, 665, -46.57254, -31.77196, 119.17959, 120.13985, 0.00, 0.00, 0.00, 1.00, 0.08452, 0.90333, 0.08452, 0.90333, 0.39882, 0.16836, -0.90144, -76.04331, -16.6168, -73.26843
2179, 661, -46.8709, -30.16814, 119.05312, 120.01343, 0.00, 0.00, 0.00, 1.00, 0.09007, 0.88833, 0.09007, 0.88833, 0.39617, 0.32931, -0.85709, -76.06668, -15.4459, -73.56125
2180, 668, -48.41806, -31.68025, 120.79402, 121.75375, 0.00, 0.00, 0.00, 1.00, 0.12686, 0.90379, 0.12686, 0.90379, 0.72517, 0.16986, -0.66728, -78.0623, -16.65247, -74.58287
2181, 670, -51.67245, -36.31, 121.10245, 122.06207, 0.00, 0.00, 0.00, 1.00, 0.19239, 0.95578, 0.19239, 0.95578, 0.89278, -0.05266, -0.4474, -78.96158, -20.02895, -77.60599
2182, 668, -48.41806, -31.68025, 120.79402, 121.75375, 0.00, 0.00, 0.00, 1.00, 0.12686, 0.90379, 0.12686, 0.90379, 0.72517, 0.16986, -0.66728, -78.0623, -16.65247, -74.58287
2183, 671, -51.64571, -31.55413, 121.56338, 122.52284, 0.00, 0.00, 0.00, 1.00, 0.19239, 0.90324, 0.19239, 0.90324, 0.85928, 0.27606, -0.43061, -79.61086, -16.6097, -77.40711
2184, 668, -48.41806, -31.68025, 120.79402, 121.75375, 0.00, 0.00, 0.00, 1.00, 0.12686, 0.90379, 0.12686, 0.90379, 0.72517, 0.16986, -0.66728, -78.0623, -16.65247, -74.58287
2185, 670, -51.67245, -36.31, 121.10245, 122.06207, 0.00, 0.00, 0.00, 1.00, 0.19239, 0.95578, 0.19239, 0.95578, 0.89278, -0.05266, -0.4474, -78.96158, -20.02895, -77.60599
2186, 669, -48.41977, -36.26274, 120.44172, 121.40156, 0.00, 0.00, 0.00, 1.00, 0.12686, 0.95481, 0.12686, 0.95481, 0.81342, -0.09064, -0.57457, -77.51927, -19.95287, -74.7285
2187, 671, -51.64571, -31.55413, 121.56338, 122.52284, 0.00, 0.00, 0.00, 1.00, 0.19239, 0.90324, 0.19239, 0.90324, 0.85928, 0.27606, -0.43061, -79.61086, -16.6097, -77.40711
2188, 662, -48.52986, -30.06493, 120.23585, 121.19576, 0.00, 0.00, 0.00, 1.00, 0.12702, 0.88833, 0.12702, 0.88833, 0.71305, 0.38472, -0.58612, -77.62357, -15.4459, -74.81119
2189, 663, -51.75904, -30.0014, 120.96387, 121.92353, 0.00, 0.00, 0.00, 1.00, 0.19239, 0.88833, 0.19239, 0.88833, 0.80544, 0.434, -0.40363, -79.12985, -15.4459, -77.64816
2190, 668, -48.41806, -31.68025, 120.79402, 121.75375, 0.00, 0.00, 0.00, 1.00, 0.12686, 0.90379, 0.12686, 0.90379, 0.72517, 0.16986, -0.66728, -78.0623, -16.65247, -74.58287
2191, 662, -48.52986, -30.06493, 120.23585, 121.19576, 0.00, 0.00, 0.00, 1.00, 0.12702, 0.88833, 0.12702, 0.88833, 0.71305, 0.38472, -0.58612, -77.62357, -15.4459, -74.81119
2192, 671, -51.64571, -31.55413, 121.56338, 122.52284, 0.00, 0.00, 0.00, 1.00, 0.19239, 0.90324, 0.19239, 0.90324, 0.85928, 0.27606, -0.43061, -79.61086, -16.6097, -77.40711
2193, 672, -43.68112, -41.4718, 114.94883, 115.91051, 0.00, 0.00, 0.00, 1.00, 0.00937, 0.99597, 0.00937, 0.99597, 0.17622, -0.25999, -0.9494, -70.81454, -23.38232, -71.75652
2194, 666, -44.0329, -36.66364, 114.46221, 115.42404, 0.00, 0.00, 0.00, 1.00, 0.01731, 0.95368, 0.01731, 0.95368, 0.18339, 0.06863, -0.98064, -70.6463, -19.8652, -72.15366
2195, 667, -46.26615, -36.51581, 119.04411, 120.00442, 0.00, 0.00, 0.00, 1.00, 0.07944, 0.95603, 0.07944, 0.95603, 0.44233, 0.03377, -0.89622, -75.62574, -20.04794, -73.07205
2196, 672, -43.68112, -41.4718, 114.94883, 115.91051, 0.00, 0.00, 0.00, 1.00, 0.00937, 0.99597, 0.00937, 0.99597, 0.17622, -0.25999, -0.9494, -70.81454, -23.38232, -71.75652
2197, 667, -46.26615, -36.51581, 119.04411, 120.00442, 0.00, 0.00, 0.00, 1.00, 0.07944, 0.95603, 0.07944, 0.95603, 0.44233, 0.03377, -0.89622, -75.62574, -20.04794, -73.07205
2198, 673, -46.02719, -45.66364, 117.74329, 118.70403, 0.00, 0.00, 0.00, 1.00, 0.06986, 0.99604, 0.06986, 0.99604, 0.31089, -0.51213, -0.80067, -73.90533, -26.59858, -73.28854
2199, 674, -48.32971, -46.95, 118.42108, 119.3816, 0.00, 0.00, 0.00, 1.00, 0.1188, 0.99611, 0.1188, 0.99611, 0.41415, -0.75105, -0.5142, -75.0732, -27.57419, -75.28652
2200, 667, -46.26615, -36.51581, 119.04411, 120.00442, 0.00, 0.00, 0.00, 1.00, 0.07944, 0.95603, 0.07944, 0.95603, 0.44233, 0.03377, -0.89622, -75.62574, -20.04794, -73.07205
2201, 669, -48.41977, -36.26274, 120.44172, 121.40156, 0.00, 0.00, 0.00, 1.00, 0.12686, 0.95481, 0.12686, 0.95481, 0.81342, -0.09064, -0.57457, -77.51927, -19.95287, -74.7285
2202, 674, -48.32971, -46.95, 118.42108, 119.3816, 0.00, 0.00, 0.00, 1.00, 0.1188, 0.99611, 0.1188, 0.99611, 0.41415, -0.75105, -0.5142, -75.0732, -27.57419, -75.28652
2203, 673, -46.02719, -45.66364, 117.74329, 118.70403, 0.00, 0.00, 0.00, 1.00, 0.06986, 0.99604, 0.06986, 0.99604, 0.31089, -0.51213, -0.80067, -73.90533, -26.59858, -73.28854
2204, 667, -46.26615, -36.51581, 119.04411, 120.00442, 0.00, 0.00, 0.00, 1.00, 0.07944, 0.95603, 0.07944, 0.95603, 0.44233, 0.03377, -0.89622, -75.62574, -20.04794, -73.07205
2205, 675, -51.81847, -40.67223, 120.62329, 121.58307, 0.00, 0.00, 0.00, 1.00, 0.19239, 0.99593, 0.19239, 0.99593, 0.87574, -0.20118, -0.43886, -78.34181, -23.16162, -77.91657
2206, 669, -48.41977, -36.26274, 120.44172, 121.40156, 0.00, 0.00, 0.00, 1.00, 0.12686, 0.95481, 0.12686, 0.95481, 0.81342, -0.09064, -0.57457, -77.51927, -19.95287, -74.7285
2207, 670, -51.67245, -36.31, 121.10245, 122.06207, 0.00, 0.00, 0.00, 1.00, 0.19239, 0.95578, 0.19239, 0.95578, 0.89278, -0.05266, -0.4474, -78.96158, -20.02895, -77.60599
2208, 669, -48.41977, -36.26274, 120.44172, 121.40156, 0.00, 0.00, 0.00, 1.00, 0.12686, 0.95481, 0.12686, 0.95481, 0.81342, -0.09064, -0.57457, -77.51927, -19.95287, -74.7285
2209, 675, -51.81847, -40.67223, 120.62329, 121.58307, 0.00, 0.00, 0.00, 1.00, 0.19239, 0.99593, 0.19239, 0.99593, 0.87574, -0.20118, -0.43886, -78.34181, -23.16162, -77.91657
2210, 674, -48.32971, -46.95, 118.42108, 119.3816, 0.00, 0.00, 0.00, 1.00, 0.1188, 0.99611, 0.1188, 0.99611, 0.41415, -0.75105, -0.5142, -75.0732, -27.57419, -75.28652
2211, 676, -58.24724, 3.03452, 110.05453, 111.01783, 1.62468, 1.62468, 1.62468, 1.00, 0.26807, 0.56472, 0.26807, 0.56472, 0.15487, 0.95591, 0.24951, -71.68797, 9.19826, -86.12273
2212, 677, -61.9896, -1.6253, 111.64265, 112.60542, 1.27351, 1.27351, 1.27351, 1.00, 0.37774, 0.58912, 0.37774, 0.58912, -0.46706, 0.88037, -0.08246, -73.9411, 5.71901, -89.27606
2213, 678, -61.47321, 0.63718, 114.73351, 115.69525, 1.20721, 1.20721, 1.20721, 1.00, 0.3779, 0.58894, 0.3779, 0.58894, -0.08024, 0.94509, -0.31679, -76.89425, 7.16392, -87.97588
2214, 679, -59.60183, -23.10155, 118.60886, 119.56931, 1.57951, 1.57951, 1.57951, 1.00, 0.33243, 0.84249, 0.33243, 0.84249, 0.90635, -0.1447, 0.39698, -79.11184, -10.2939, -85.51272
2215, 680, -59.69833, -28.5009, 118.10916, 119.06978, 1.64278, 1.64278, 1.64278, 1.00, 0.33412, 0.87207, 0.33412, 0.87207, 0.90081, 0.1786, 0.39579, -78.41387, -14.17728, -85.79442
2216, 681, -56.45711, -27.83247, 120.50996, 121.46978, 1.47515, 1.47515, 1.47515, 1.00, 0.28162, 0.8678, 0.28162, 0.8678, 0.97029, 0.11065, 0.21517, -79.95447, -13.84452, -82.13786
2217, 679, -59.60183, -23.10155, 118.60886, 119.56931, 1.57951, 1.57951, 1.57951, 1.00, 0.33243, 0.84249, 0.33243, 0.84249, 0.90635, -0.1447, 0.39698, -79.11184, -10.2939, -85.51272
2218, 681, -56.45711, -27.83247, 120.50996, 121.46978, 1.47515, 1.47515, 1.47515, 1.00, 0.28162, 0.8678, 0.28162, 0.8678, 0.97029, 0.11065, 0.21517, -79.95447, -13.84452, -82.13786
2219, 682, -57.00394, -22.1879, 120.82888, 121.78859, 1.47994, 1.47994, 1.47994, 1.00, 0.29348, 0.83742, 0.29348, 0.83742, 0.93699, -0.19643, 0.28892, -80.64864, -9.7719, -82.5019
2220, 679, -59.60183, -23.10155, 118.60886, 119.56931, 1.57951, 1.57951, 1.57951, 1.00, 0.33243, 0.84249, 0.33243, 0.84249, 0.90635, -0.1447, 0.39698, -79.11184, -10.2939, -85.51272
2221, 682, -57.00394, -22.1879, 120.82888, 121.78859, 1.47994, 1.47994, 1.47994, 1.00, 0.29348, 0.83742, 0.29348, 0.83742, 0.93699, -0.19643, 0.28892, -80.64864, -9.7719, -82.5019
2222, 683, -60.55972, -20.30853, 118.54898, 119.50945, 1.68303, 1.68303, 1.68303, 1.00, 0.35275, 0.8169, 0.35275, 0.8169, 0.80059, -0.26404, 0.53791, -79.41596, -8.26494, -86.39208
2223, 683, -60.55972, -20.30853, 118.54898, 119.50945, 1.68303, 1.68303, 1.68303, 1.00, 0.35275, 0.8169, 0.35275, 0.8169, 0.80059, -0.26404, 0.53791, -79.41596, -8.26494, -86.39208
2224, 682, -57.00394, -22.1879, 120.82888, 121.78859, 1.47994, 1.47994, 1.47994, 1.00, 0.29348, 0.83742, 0.29348, 0.83742, 0.93699, -0.19643, 0.28892, -80.64864, -9.7719, -82.5019
2225, 684, -57.63927, -20.12763, 120.7682, 121.72794, 1.35961, 1.35961, 1.35961, 1.00, 0.30702, 0.8185, 0.30702, 0.8185, 0.96384, -0.2107, 0.16314, -80.83939, -8.27419, -83.08806
2226, 683, -60.55972, -20.30853, 118.54898, 119.50945, 1.68303, 1.68303, 1.68303, 1.00, 0.35275, 0.8169, 0.35275, 0.8169, 0.80059, -0.26404, 0.53791, -79.41596, -8.26494, -86.39208
2227, 684, -57.63927, -20.12763, 120.7682, 121.72794, 1.35961, 1.35961, 1.35961, 1.00, 0.30702, 0.8185, 0.30702, 0.8185, 0.96384, -0.2107, 0.16314, -80.83939, -8.27419, -83.08806
2228, 685, -65.86664, -8.15018, 120.26157, 121.22147, 1.59313, 1.59313, 1.59313, 1.00, 0.3719, 0.70971, 0.3719, 0.70971, 0.85924, 0.41564, 0.29824, -82.92503, 0.44254, -90.78051
2229, 686, -61.79107, -11.59608, 115.70989, 116.67131, 2.00866, 2.00866, 2.00866, 1.00, 0.36512, 0.71244, 0.36512, 0.71244, 0.42325, -0.20108, 0.88342, -77.37092, -1.76802, -88.16811
2230, 683, -60.55972, -20.30853, 118.54898, 119.50945, 1.68303, 1.68303, 1.68303, 1.00, 0.35275, 0.8169, 0.35275, 0.8169, 0.80059, -0.26404, 0.53791, -79.41596, -8.26494, -86.39208
2231, 685, -65.86664, -8.15018, 120.26157, 121.22147, 1.59313, 1.59313, 1.59313, 1.00, 0.3719, 0.70971, 0.3719, 0.70971, 0.85924, 0.41564, 0.29824, -82.92503, 0.44254, -90.78051
2232, 687, -54.96398, -22.10526, 121.59521, 122.55466, 0.00, 0.00, 0.00, 1.00, 0.25791, 0.83751, 0.25791, 0.83751, 0.96198, -0.07879, -0.26152, -80.88508, -9.76047, -80.39487
2233, 681, -56.45711, -27.83247, 120.50996, 121.46978, 1.47515, 1.47515, 1.47515, 1.00, 0.28162, 0.8678, 0.28162, 0.8678, 0.97029, 0.11065, 0.21517, -79.95447, -13.84452, -82.13786
2234, 688, -54.99036, -27.93067, 120.80914, 121.76886, 0.00, 0.00, 0.00, 1.00, 0.25453, 0.86896, 0.25453, 0.86896, 0.93891, 0.15312, -0.30822, -79.87461, -13.93465, -80.6891
2235, 681, -56.45711, -27.83247, 120.50996, 121.46978, 1.47515, 1.47515, 1.47515, 1.00, 0.28162, 0.8678, 0.28162, 0.8678, 0.97029, 0.11065, 0.21517, -79.95447, -13.84452, -82.13786
2236, 687, -54.96398, -22.10526, 121.59521, 122.55466, 0.00, 0.00, 0.00, 1.00, 0.25791, 0.83751, 0.25791, 0.83751, 0.96198, -0.07879, -0.26152, -80.88508, -9.76047, -80.39487
2237, 682, -57.00394, -22.1879, 120.82888, 121.78859, 1.47994, 1.47994, 1.47994, 1.00, 0.29348, 0.83742, 0.29348, 0.83742, 0.93699, -0.19643, 0.28892, -80.64864, -9.7719, -82.5019
2238, 682, -57.00394, -22.1879, 120.82888, 121.78859, 1.47994, 1.47994, 1.47994, 1.00, 0.29348, 0.83742, 0.29348, 0.83742, 0.93699, -0.19643, 0.28892, -80.64864, -9.7719, -82.5019
2239, 687, -54.96398, -22.10526, 121.59521, 122.55466, 0.00, 0.00, 0.00, 1.00, 0.25791, 0.83751, 0.25791, 0.83751, 0.96198, -0.07879, -0.26152, -80.88508, -9.76047, -80.39487
2240, 684, -57.63927, -20.12763, 120.7682, 121.72794, 1.35961, 1.35961, 1.35961, 1.00, 0.30702, 0.8185, 0.30702, 0.8185, 0.96384, -0.2107, 0.16314, -80.83939, -8.27419, -83.08806
2241, 684, -57.63927, -20.12763, 120.7682, 121.72794, 1.35961, 1.35961, 1.35961, 1.00, 0.30702, 0.8185, 0.30702, 0.8185, 0.96384, -0.2107, 0.16314, -80.83939, -8.27419, -83.08806
2242, 687, -54.96398, -22.10526, 121.59521, 122.55466, 0.00, 0.00, 0.00, 1.00, 0.25791, 0.83751, 0.25791, 0.83751, 0.96198, -0.07879, -0.26152, -80.88508, -9.76047, -80.39487
2243, 689, -55.00799, -19.69146, 121.36195, 122.32149, 0.00, 0.00, 0.00, 1.00, 0.25961, 0.81486, 0.25961, 0.81486, 0.88447, -0.06603, -0.4619, -80.77836, -7.9955, -80.46725
2244, 684, -57.63927, -20.12763, 120.7682, 121.72794, 1.35961, 1.35961, 1.35961, 1.00, 0.30702, 0.8185, 0.30702, 0.8185, 0.96384, -0.2107, 0.16314, -80.83939, -8.27419, -83.08806
2245, 689, -55.00799, -19.69146, 121.36195, 122.32149, 0.00, 0.00, 0.00, 1.00, 0.25961, 0.81486, 0.25961, 0.81486, 0.88447, -0.06603, -0.4619, -80.77836, -7.9955, -80.46725
2246, 685, -65.86664, -8.15018, 120.26157, 121.22147, 1.59313, 1.59313, 1.59313, 1.00, 0.3719, 0.70971, 0.3719, 0.70971, 0.85924, 0.41564, 0.29824, -82.92503, 0.44254, -90.78051
2247, 685, -65.86664, -8.15018, 120.26157, 121.22147, 1.59313, 1.59313, 1.59313, 1.00, 0.3719, 0.70971, 0.3719, 0.70971, 0.85924, 0.41564, 0.29824, -82.92503, 0.44254, -90.78051
2248, 689, -55.00799, -19.69146, 121.36195, 122.32149, 0.00, 0.00, 0.00, 1.00, 0.25961, 0.81486, 0.25961, 0.81486, 0.88447, -0.06603, -0.4619, -80.77836, -7.9955, -80.46725
2249, 690, -56.58229, -5.35696, 118.81509, 119.77547, 0.00, 0.00, 0.00, 1.00, 0.27485, 0.6832, 0.27485, 0.6832, 0.88241, 0.29954, -0.36282, -79.35015, 2.55939, -82.42348
2250, 685, -65.86664, -8.15018, 120.26157, 121.22147, 1.59313, 1.59313, 1.59313, 1.00, 0.3719, 0.70971, 0.3719, 0.70971, 0.85924, 0.41564, 0.29824, -82.92503, 0.44254, -90.78051
2251, 690, -56.58229, -5.35696, 118.81509, 119.77547, 0.00, 0.00, 0.00, 1.00, 0.27485, 0.6832, 0.27485, 0.6832, 0.88241, 0.29954, -0.36282, -79.35015, 2.55939, -82.42348
2252, 691, -62.28813, -5.71728, 118.4044, 119.36491, 1.20488, 1.20488, 1.20488, 1.00, 0.37811, 0.67494, 0.37811, 0.67494, 0.92818, 0.33771, -0.15633, -80.3541, 2.32412, -87.87561
2253, 691, -62.28813, -5.71728, 118.4044, 119.36491, 1.20488, 1.20488, 1.20488, 1.00, 0.37811, 0.67494, 0.37811, 0.67494, 0.92818, 0.33771, -0.15633, -80.3541, 2.32412, -87.87561
2254, 690, -56.58229, -5.35696, 118.81509, 119.77547, 0.00, 0.00, 0.00, 1.00, 0.27485, 0.6832, 0.27485, 0.6832, 0.88241, 0.29954, -0.36282, -79.35015, 2.55939, -82.42348
2255, 692, -62.17238, -0.29814, 116.62537, 117.58649, 1.20624, 1.20624, 1.20624, 1.00, 0.37774, 0.61106, 0.37774, 0.61106, 0.6642, 0.69513, -0.27501, -78.85064, 6.36602, -88.15807
2256, 692, -62.17238, -0.29814, 116.62537, 117.58649, 1.20624, 1.20624, 1.20624, 1.00, 0.37774, 0.61106, 0.37774, 0.61106, 0.6642, 0.69513, -0.27501, -78.85064, 6.36602, -88.15807
2257, 690, -56.58229, -5.35696, 118.81509, 119.77547, 0.00, 0.00, 0.00, 1.00, 0.27485, 0.6832, 0.27485, 0.6832, 0.88241, 0.29954, -0.36282, -79.35015, 2.55939, -82.42348
2258, 693, -57.32853, 1.11559, 116.97771, 117.9387, 0.00, 0.00, 0.00, 1.00, 0.27654, 0.6179, 0.27654, 0.6179, 0.75412, 0.59365, -0.28087, -78.05116, 7.36881, -83.51561
2259, 692, -62.17238, -0.29814, 116.62537, 117.58649, 1.20624, 1.20624, 1.20624, 1.00, 0.37774, 0.61106, 0.37774, 0.61106, 0.6642, 0.69513, -0.27501, -78.85064, 6.36602, -88.15807
2260, 693, -57.32853, 1.11559, 116.97771, 117.9387, 0.00, 0.00, 0.00, 1.00, 0.27654, 0.6179, 0.27654, 0.6179, 0.75412, 0.59365, -0.28087, -78.05116, 7.36881, -83.51561
2261, 694, -57.81366, 3.02633, 114.83765, 115.79935, 1.33332, 1.33332, 1.33332, 1.00, 0.27654, 0.59, 0.27654, 0.59, 0.42683, 0.90223, -0.06163, -76.19268, 8.88967, -84.49434
2262, 692, -62.17238, -0.29814, 116.62537, 117.58649, 1.20624, 1.20624, 1.20624, 1.00, 0.37774, 0.61106, 0.37774, 0.61106, 0.6642, 0.69513, -0.27501, -78.85064, 6.36602, -88.15807
2263, 694, -57.81366, 3.02633, 114.83765, 115.79935, 1.33332, 1.33332, 1.33332, 1.00, 0.27654, 0.59, 0.27654, 0.59, 0.42683, 0.90223, -0.06163, -76.19268, 8.88967, -84.49434
2264, 678, -61.47321, 0.63718, 114.73351, 115.69525, 1.20721, 1.20721, 1.20721, 1.00, 0.3779, 0.58894, 0.3779, 0.58894, -0.08024, 0.94509, -0.31679, -76.89425, 7.16392, -87.97588
2265, 676, -58.24724, 3.03452, 110.05453, 111.01783, 1.62468, 1.62468, 1.62468, 1.00, 0.26807, 0.56472, 0.26807, 0.56472, 0.15487, 0.95591, 0.24951, -71.68797, 9.19826, -86.12273
2266, 678, -61.47321, 0.63718, 114.73351, 115.69525, 1.20721, 1.20721, 1.20721, 1.00, 0.3779, 0.58894, 0.3779, 0.58894, -0.08024, 0.94509, -0.31679, -76.89425, 7.16392, -87.97588
2267, 694, -57.81366, 3.02633, 114.83765, 115.79935, 1.33332, 1.33332, 1.33332, 1.00, 0.27654, 0.59, 0.27654, 0.59, 0.42683, 0.90223, -0.06163, -76.19268, 8.88967, -84.49434
2268, 687, -54.96398, -22.10526, 121.59521, 122.55466, 0.00, 0.00, 0.00, 1.00, 0.25791, 0.83751, 0.25791, 0.83751, 0.96198, -0.07879, -0.26152, -80.88508, -9.76047, -80.39487
2269, 653, -51.94076, -28.01409, 120.02567, 120.98565, 0.00, 0.00, 0.00, 1.00, 0.19239, 0.8691, 0.19239, 0.8691, 0.89201, 0.06707, -0.44702, -78.35853, -13.94556, -78.03469
2270, 654, -51.9254, -22.45206, 120.07719, 121.03715, 0.00, 0.00, 0.00, 1.00, 0.19239, 0.83712, 0.19239, 0.83712, 0.8795, 0.06639, -0.47124, -78.65164, -9.91589, -77.94162
2271, 688, -54.99036, -27.93067, 120.80914, 121.76886, 0.00, 0.00, 0.00, 1.00, 0.25453, 0.86896, 0.25453, 0.86896, 0.93891, 0.15312, -0.30822, -79.87461, -13.93465, -80.6891
2272, 653, -51.94076, -28.01409, 120.02567, 120.98565, 0.00, 0.00, 0.00, 1.00, 0.19239, 0.8691, 0.19239, 0.8691, 0.89201, 0.06707, -0.44702, -78.35853, -13.94556, -78.03469
2273, 687, -54.96398, -22.10526, 121.59521, 122.55466, 0.00, 0.00, 0.00, 1.00, 0.25791, 0.83751, 0.25791, 0.83751, 0.96198, -0.07879, -0.26152, -80.88508, -9.76047, -80.39487
2274, 689, -55.00799, -19.69146, 121.36195, 122.32149, 0.00, 0.00, 0.00, 1.00, 0.25961, 0.81486, 0.25961, 0.81486, 0.88447, -0.06603, -0.4619, -80.77836, -7.9955, -80.46725
2275, 654, -51.9254, -22.45206, 120.07719, 121.03715, 0.00, 0.00, 0.00, 1.00, 0.19239, 0.83712, 0.19239, 0.83712, 0.8795, 0.06639, -0.47124, -78.65164, -9.91589, -77.94162
2276, 655, -51.88989, -20.28905, 119.85081, 120.81084, 0.00, 0.00, 0.00, 1.00, 0.19239, 0.81677, 0.19239, 0.81677, 0.88287, -0.01676, -0.46932, -78.52067, -8.33319, -77.94074
2277, 654, -51.9254, -22.45206, 120.07719, 121.03715, 0.00, 0.00, 0.00, 1.00, 0.19239, 0.83712, 0.19239, 0.83712, 0.8795, 0.06639, -0.47124, -78.65164, -9.91589, -77.94162
2278, 689, -55.00799, -19.69146, 121.36195, 122.32149, 0.00, 0.00, 0.00, 1.00, 0.25961, 0.81486, 0.25961, 0.81486, 0.88447, -0.06603, -0.4619, -80.77836, -7.9955, -80.46725
2279, 687, -54.96398, -22.10526, 121.59521, 122.55466, 0.00, 0.00, 0.00, 1.00, 0.25791, 0.83751, 0.25791, 0.83751, 0.96198, -0.07879, -0.26152, -80.88508, -9.76047, -80.39487
2280, 656, -52.63292, -5.07322, 117.2131, 118.17401, 0.00, 0.00, 0.00, 1.00, 0.19239, 0.67902, 0.19239, 0.67902, 0.88778, 0.25242, -0.38489, -76.83773, 2.86649, -79.13142
2281, 689, -55.00799, -19.69146, 121.36195, 122.32149, 0.00, 0.00, 0.00, 1.00, 0.25961, 0.81486, 0.25961, 0.81486, 0.88447, -0.06603, -0.4619, -80.77836, -7.9955, -80.46725
2282, 655, -51.88989, -20.28905, 119.85081, 120.81084, 0.00, 0.00, 0.00, 1.00, 0.19239, 0.81677, 0.19239, 0.81677, 0.88287, -0.01676, -0.46932, -78.52067, -8.33319, -77.94074
2283, 690, -56.58229, -5.35696, 118.81509, 119.77547, 0.00, 0.00, 0.00, 1.00, 0.27485, 0.6832, 0.27485, 0.6832, 0.88241, 0.29954, -0.36282, -79.35015, 2.55939, -82.42348
2284, 689, -55.00799, -19.69146, 121.36195, 122.32149, 0.00, 0.00, 0.00, 1.00, 0.25961, 0.81486, 0.25961, 0.81486, 0.88447, -0.06603, -0.4619, -80.77836, -7.9955, -80.46725
2285, 656, -52.63292, -5.07322, 117.2131, 118.17401, 0.00, 0.00, 0.00, 1.00, 0.19239, 0.67902, 0.19239, 0.67902, 0.88778, 0.25242, -0.38489, -76.83773, 2.86649, -79.13142
2286, 657, -53.4702, 2.44462, 114.68305, 115.64481, 0.00, 0.00, 0.00, 1.00, 0.19239, 0.6012, 0.19239, 0.6012, 0.73886, 0.60988, -0.28657, -74.93981, 8.47766, -80.47351
2287, 690, -56.58229, -5.35696, 118.81509, 119.77547, 0.00, 0.00, 0.00, 1.00, 0.27485, 0.6832, 0.27485, 0.6832, 0.88241, 0.29954, -0.36282, -79.35015, 2.55939, -82.42348
2288, 656, -52.63292, -5.07322, 117.2131, 118.17401, 0.00, 0.00, 0.00, 1.00, 0.19239, 0.67902, 0.19239, 0.67902, 0.88778, 0.25242, -0.38489, -76.83773, 2.86649, -79.13142
2289, 693, -57.32853, 1.11559, 116.97771, 117.9387, 0.00, 0.00, 0.00, 1.00, 0.27654, 0.6179, 0.27654, 0.6179, 0.75412, 0.59365, -0.28087, -78.05116, 7.36881, -83.51561
2290, 690, -56.58229, -5.35696, 118.81509, 119.77547, 0.00, 0.00, 0.00, 1.00, 0.27485, 0.6832, 0.27485, 0.6832, 0.88241, 0.29954, -0.36282, -79.35015, 2.55939, -82.42348
2291, 657, -53.4702, 2.44462, 114.68305, 115.64481, 0.00, 0.00, 0.00, 1.00, 0.19239, 0.6012, 0.19239, 0.6012, 0.73886, 0.60988, -0.28657, -74.93981, 8.47766, -80.47351
2292, 694, -57.81366, 3.02633, 114.83765, 115.79935, 1.33332, 1.33332, 1.33332, 1.00, 0.27654, 0.59, 0.27654, 0.59, 0.42683, 0.90223, -0.06163, -76.19268, 8.88967, -84.49434
2293, 693, -57.32853, 1.11559, 116.97771, 117.9387, 0.00, 0.00, 0.00, 1.00, 0.27654, 0.6179, 0.27654, 0.6179, 0.75412, 0.59365, -0.28087, -78.05116, 7.36881, -83.51561
2294, 657, -53.4702, 2.44462, 114.68305, 115.64481, 0.00, 0.00, 0.00, 1.00, 0.19239, 0.6012, 0.19239, 0.6012, 0.73886, 0.60988, -0.28657, -74.93981, 8.47766, -80.47351
2295, 658, -53.77028, 3.59841, 113.35158, 114.31378, 1.3239, 1.3239, 1.3239, 1.00, 0.19239, 0.58414, 0.19239, 0.58414, 0.35343, 0.93177, -0.08304, -73.78155, 9.39851, -81.08121
2296, 694, -57.81366, 3.02633, 114.83765, 115.79935, 1.33332, 1.33332, 1.33332, 1.00, 0.27654, 0.59, 0.27654, 0.59, 0.42683, 0.90223, -0.06163, -76.19268, 8.88967, -84.49434
2297, 657, -53.4702, 2.44462, 114.68305, 115.64481, 0.00, 0.00, 0.00, 1.00, 0.19239, 0.6012, 0.19239, 0.6012, 0.73886, 0.60988, -0.28657, -74.93981, 8.47766, -80.47351
2298, 676, -58.24724, 3.03452, 110.05453, 111.01783, 1.62468, 1.62468, 1.62468, 1.00, 0.26807, 0.56472, 0.26807, 0.56472, 0.15487, 0.95591, 0.24951, -71.68797, 9.19826, -86.12273
2299, 694, -57.81366, 3.02633, 114.83765, 115.79935, 1.33332, 1.33332, 1.33332, 1.00, 0.27654, 0.59, 0.27654, 0.59, 0.42683, 0.90223, -0.06163, -76.19268, 8.88967, -84.49434
2300, 658, -53.77028, 3.59841, 113.35158, 114.31378, 1.3239, 1.3239, 1.3239, 1.00, 0.19239, 0.58414, 0.19239, 0.58414, 0.35343, 0.93177, -0.08304, -73.78155, 9.39851, -81.08121
2301, 659, -54.37402, 5.13276, 110.45569, 111.41886, 1.28983, 1.28983, 1.28983, 1.00, 0.19239, 0.55536, 0.19239, 0.55536, 0.40338, 0.90866, -0.10785, -71.20688, 10.69427, -82.36862
2302, 676, -58.24724, 3.03452, 110.05453, 111.01783, 1.62468, 1.62468, 1.62468, 1.00, 0.26807, 0.56472, 0.26807, 0.56472, 0.15487, 0.95591, 0.24951, -71.68797, 9.19826, -86.12273
2303, 658, -53.77028, 3.59841, 113.35158, 114.31378, 1.3239, 1.3239, 1.3239, 1.00, 0.19239, 0.58414, 0.19239, 0.58414, 0.35343, 0.93177, -0.08304, -73.78155, 9.39851, -81.08121
2304, 680, -59.69833, -28.5009, 118.10916, 119.06978, 1.64278, 1.64278, 1.64278, 1.00, 0.33412, 0.87207, 0.33412, 0.87207, 0.90081, 0.1786, 0.39579, -78.41387, -14.17728, -85.79442
2305, 695, -60.22047, -30.21598, 118.50488, 119.46537, 1.68204, 1.68204, 1.68204, 1.00, 0.34551, 0.88833, 0.34551, 0.88833, 0.82857, 0.4027, 0.38898, -78.84884, -15.4459, -86.20241
2306, 681, -56.45711, -27.83247, 120.50996, 121.46978, 1.47515, 1.47515, 1.47515, 1.00, 0.28162, 0.8678, 0.28162, 0.8678, 0.97029, 0.11065, 0.21517, -79.95447, -13.84452, -82.13786
2307, 681, -56.45711, -27.83247, 120.50996, 121.46978, 1.47515, 1.47515, 1.47515, 1.00, 0.28162, 0.8678, 0.28162, 0.8678, 0.97029, 0.11065, 0.21517, -79.95447, -13.84452, -82.13786
2308, 695, -60.22047, -30.21598, 118.50488, 119.46537, 1.68204, 1.68204, 1.68204, 1.00, 0.34551, 0.88833, 0.34551, 0.88833, 0.82857, 0.4027, 0.38898, -78.84884, -15.4459, -86.20241
2309, 696, -57.02946, -29.98945, 121.10076, 122.06038, 1.50297, 1.50297, 1.50297, 1.00, 0.29471, 0.88833, 0.29471, 0.88833, 0.92373, 0.32931, 0.19564, -80.57037, -15.4459, -82.54823
2310, 681, -56.45711, -27.83247, 120.50996, 121.46978, 1.47515, 1.47515, 1.47515, 1.00, 0.28162, 0.8678, 0.28162, 0.8678, 0.97029, 0.11065, 0.21517, -79.95447, -13.84452, -82.13786
2311, 697, -55.02005, -29.95076, 121.54407, 122.50354, 1.21298, 1.21298, 1.21298, 1.00, 0.25776, 0.88833, 0.25776, 0.88833, 0.89633, 0.38472, -0.2204, -80.50092, -15.4459, -80.55287
2312, 688, -54.99036, -27.93067, 120.80914, 121.76886, 0.00, 0.00, 0.00, 1.00, 0.25453, 0.86896, 0.25453, 0.86896, 0.93891, 0.15312, -0.30822, -79.87461, -13.93465, -80.6891
2313, 696, -57.02946, -29.98945, 121.10076, 122.06038, 1.50297, 1.50297, 1.50297, 1.00, 0.29471, 0.88833, 0.29471, 0.88833, 0.92373, 0.32931, 0.19564, -80.57037, -15.4459, -82.54823
2314, 697, -55.02005, -29.95076, 121.54407, 122.50354, 1.21298, 1.21298, 1.21298, 1.00, 0.25776, 0.88833, 0.25776, 0.88833, 0.89633, 0.38472, -0.2204, -80.50092, -15.4459, -80.55287
2315, 681, -56.45711, -27.83247, 120.50996, 121.46978, 1.47515, 1.47515, 1.47515, 1.00, 0.28162, 0.8678, 0.28162, 0.8678, 0.97029, 0.11065, 0.21517, -79.95447, -13.84452, -82.13786
2316, 688, -54.99036, -27.93067, 120.80914, 121.76886, 0.00, 0.00, 0.00, 1.00, 0.25453, 0.86896, 0.25453, 0.86896, 0.93891, 0.15312, -0.30822, -79.87461, -13.93465, -80.6891
2317, 663, -51.75904, -30.0014, 120.96387, 121.92353, 0.00, 0.00, 0.00, 1.00, 0.19239, 0.88833, 0.19239, 0.88833, 0.80544, 0.434, -0.40363, -79.12985, -15.4459, -77.64816
2318, 653, -51.94076, -28.01409, 120.02567, 120.98565, 0.00, 0.00, 0.00, 1.00, 0.19239, 0.8691, 0.19239, 0.8691, 0.89201, 0.06707, -0.44702, -78.35853, -13.94556, -78.03469
2319, 697, -55.02005, -29.95076, 121.54407, 122.50354, 1.21298, 1.21298, 1.21298, 1.00, 0.25776, 0.88833, 0.25776, 0.88833, 0.89633, 0.38472, -0.2204, -80.50092, -15.4459, -80.55287
2320, 663, -51.75904, -30.0014, 120.96387, 121.92353, 0.00, 0.00, 0.00, 1.00, 0.19239, 0.88833, 0.19239, 0.88833, 0.80544, 0.434, -0.40363, -79.12985, -15.4459, -77.64816
2321, 688, -54.99036, -27.93067, 120.80914, 121.76886, 0.00, 0.00, 0.00, 1.00, 0.25453, 0.86896, 0.25453, 0.86896, 0.93891, 0.15312, -0.30822, -79.87461, -13.93465, -80.6891
2322, 695, -60.22047, -30.21598, 118.50488, 119.46537, 1.68204, 1.68204, 1.68204, 1.00, 0.34551, 0.88833, 0.34551, 0.88833, 0.82857, 0.4027, 0.38898, -78.84884, -15.4459, -86.20241
2323, 698, -60.6724, -31.83878, 118.86473, 119.8251, 1.64636, 1.64636, 1.64636, 1.00, 0.35542, 0.9037, 0.35542, 0.9037, 0.89601, 0.19545, 0.39871, -79.23588, -16.64533, -86.55274
2324, 696, -57.02946, -29.98945, 121.10076, 122.06038, 1.50297, 1.50297, 1.50297, 1.00, 0.29471, 0.88833, 0.29471, 0.88833, 0.92373, 0.32931, 0.19564, -80.57037, -15.4459, -82.54823
2325, 696, -57.02946, -29.98945, 121.10076, 122.06038, 1.50297, 1.50297, 1.50297, 1.00, 0.29471, 0.88833, 0.29471, 0.88833, 0.92373, 0.32931, 0.19564, -80.57037, -15.4459, -82.54823
2326, 698, -60.6724, -31.83878, 118.86473, 119.8251, 1.64636, 1.64636, 1.64636, 1.00, 0.35542, 0.9037, 0.35542, 0.9037, 0.89601, 0.19545, 0.39871, -79.23588, -16.64533, -86.55274
2327, 699, -57.28135, -31.58359, 121.33814, 122.29769, 1.49043, 1.49043, 1.49043, 1.00, 0.30025, 0.90333, 0.30025, 0.90333, 0.96085, 0.16836, 0.22007, -80.79095, -16.6168, -82.7422
2328, 698, -60.6724, -31.83878, 118.86473, 119.8251, 1.64636, 1.64636, 1.64636, 1.00, 0.35542, 0.9037, 0.35542, 0.9037, 0.89601, 0.19545, 0.39871, -79.23588, -16.64533, -86.55274
2329, 700, -61.4146, -36.35789, 117.96581, 118.92647, 1.64921, 1.64921, 1.64921, 1.00, 0.36746, 0.95368, 0.36746, 0.95368, 0.89535, 0.06863, 0.44005, -78.35229, -19.8652, -87.53072
2330, 701, -57.47937, -36.31857, 121.30434, 122.26389, 1.42168, 1.42168, 1.42168, 1.00, 0.30533, 0.95603, 0.30533, 0.95603, 0.9827, 0.03377, 0.18209, -80.597, -20.04794, -82.99205
2331, 699, -57.28135, -31.58359, 121.33814, 122.29769, 1.49043, 1.49043, 1.49043, 1.00, 0.30025, 0.90333, 0.30025, 0.90333, 0.96085, 0.16836, 0.22007, -80.79095, -16.6168, -82.7422
2332, 698, -60.6724, -31.83878, 118.86473, 119.8251, 1.64636, 1.64636, 1.64636, 1.00, 0.35542, 0.9037, 0.35542, 0.9037, 0.89601, 0.19545, 0.39871, -79.23588, -16.64533, -86.55274
2333, 701, -57.47937, -36.31857, 121.30434, 122.26389, 1.42168, 1.42168, 1.42168, 1.00, 0.30533, 0.95603, 0.30533, 0.95603, 0.9827, 0.03377, 0.18209, -80.597, -20.04794, -82.99205
2334, 699, -57.28135, -31.58359, 121.33814, 122.29769, 1.49043, 1.49043, 1.49043, 1.00, 0.30025, 0.90333, 0.30025, 0.90333, 0.96085, 0.16836, 0.22007, -80.79095, -16.6168, -82.7422
2335, 701, -57.47937, -36.31857, 121.30434, 122.26389, 1.42168, 1.42168, 1.42168, 1.00, 0.30533, 0.95603, 0.30533, 0.95603, 0.9827, 0.03377, 0.18209, -80.597, -20.04794, -82.99205
2336, 702, -54.92354, -31.56582, 122.10532, 123.06461, 1.21275, 1.21275, 1.21275, 1.00, 0.25791, 0.90379, 0.25791, 0.90379, 0.9686, 0.16986, -0.18153, -80.94643, -16.65247, -80.33807
2337, 701, -57.47937, -36.31857, 121.30434, 122.26389, 1.42168, 1.42168, 1.42168, 1.00, 0.30533, 0.95603, 0.30533, 0.95603, 0.9827, 0.03377, 0.18209, -80.597, -20.04794, -82.99205
2338, 703, -54.92525, -36.14831, 121.75301, 122.71242, 0.00, 0.00, 0.00, 1.00, 0.25791, 0.95481, 0.25791, 0.95481, 0.94715, -0.09064, -0.30772, -80.4034, -19.95287, -80.48371
2339, 702, -54.92354, -31.56582, 122.10532, 123.06461, 1.21275, 1.21275, 1.21275, 1.00, 0.25791, 0.90379, 0.25791, 0.90379, 0.9686, 0.16986, -0.18153, -80.94643, -16.65247, -80.33807
2340, 696, -57.02946, -29.98945, 121.10076, 122.06038, 1.50297, 1.50297, 1.50297, 1.00, 0.29471, 0.88833, 0.29471, 0.88833, 0.92373, 0.32931, 0.19564, -80.57037, -15.4459, -82.54823
2341, 702, -54.92354, -31.56582, 122.10532, 123.06461, 1.21275, 1.21275, 1.21275, 1.00, 0.25791, 0.90379, 0.25791, 0.90379, 0.9686, 0.16986, -0.18153, -80.94643, -16.65247, -80.33807
2342, 697, -55.02005, -29.95076, 121.54407, 122.50354, 1.21298, 1.21298, 1.21298, 1.00, 0.25776, 0.88833, 0.25776, 0.88833, 0.89633, 0.38472, -0.2204, -80.50092, -15.4459, -80.55287
2343, 696, -57.02946, -29.98945, 121.10076, 122.06038, 1.50297, 1.50297, 1.50297, 1.00, 0.29471, 0.88833, 0.29471, 0.88833, 0.92373, 0.32931, 0.19564, -80.57037, -15.4459, -82.54823
2344, 699, -57.28135, -31.58359, 121.33814, 122.29769, 1.49043, 1.49043, 1.49043, 1.00, 0.30025, 0.90333, 0.30025, 0.90333, 0.96085, 0.16836, 0.22007, -80.79095, -16.6168, -82.7422
2345, 702, -54.92354, -31.56582, 122.10532, 123.06461, 1.21275, 1.21275, 1.21275, 1.00, 0.25791, 0.90379, 0.25791, 0.90379, 0.9686, 0.16986, -0.18153, -80.94643, -16.65247, -80.33807
2346, 702, -54.92354, -31.56582, 122.10532, 123.06461, 1.21275, 1.21275, 1.21275, 1.00, 0.25791, 0.90379, 0.25791, 0.90379, 0.9686, 0.16986, -0.18153, -80.94643, -16.65247, -80.33807
2347, 670, -51.67245, -36.31, 121.10245, 122.06207, 0.00, 0.00, 0.00, 1.00, 0.19239, 0.95578, 0.19239, 0.95578, 0.89278, -0.05266, -0.4474, -78.96158, -20.02895, -77.60599
2348, 671, -51.64571, -31.55413, 121.56338, 122.52284, 0.00, 0.00, 0.00, 1.00, 0.19239, 0.90324, 0.19239, 0.90324, 0.85928, 0.27606, -0.43061, -79.61086, -16.6097, -77.40711
2349, 670, -51.67245, -36.31, 121.10245, 122.06207, 0.00, 0.00, 0.00, 1.00, 0.19239, 0.95578, 0.19239, 0.95578, 0.89278, -0.05266, -0.4474, -78.96158, -20.02895, -77.60599
2350, 702, -54.92354, -31.56582, 122.10532, 123.06461, 1.21275, 1.21275, 1.21275, 1.00, 0.25791, 0.90379, 0.25791, 0.90379, 0.9686, 0.16986, -0.18153, -80.94643, -16.65247, -80.33807
2351, 703, -54.92525, -36.14831, 121.75301, 122.71242, 0.00, 0.00, 0.00, 1.00, 0.25791, 0.95481, 0.25791, 0.95481, 0.94715, -0.09064, -0.30772, -80.4034, -19.95287, -80.48371
2352, 697, -55.02005, -29.95076, 121.54407, 122.50354, 1.21298, 1.21298, 1.21298, 1.00, 0.25776, 0.88833, 0.25776, 0.88833, 0.89633, 0.38472, -0.2204, -80.50092, -15.4459, -80.55287
2353, 671, -51.64571, -31.55413, 121.56338, 122.52284, 0.00, 0.00, 0.00, 1.00, 0.19239, 0.90324, 0.19239, 0.90324, 0.85928, 0.27606, -0.43061, -79.61086, -16.6097, -77.40711
2354, 663, -51.75904, -30.0014, 120.96387, 121.92353, 0.00, 0.00, 0.00, 1.00, 0.19239, 0.88833, 0.19239, 0.88833, 0.80544, 0.434, -0.40363, -79.12985, -15.4459, -77.64816
2355, 697, -55.02005, -29.95076, 121.54407, 122.50354, 1.21298, 1.21298, 1.21298, 1.00, 0.25776, 0.88833, 0.25776, 0.88833, 0.89633, 0.38472, -0.2204, -80.50092, -15.4459, -80.55287
2356, 702, -54.92354, -31.56582, 122.10532, 123.06461, 1.21275, 1.21275, 1.21275, 1.00, 0.25791, 0.90379, 0.25791, 0.90379, 0.9686, 0.16986, -0.18153, -80.94643, -16.65247, -80.33807
2357, 671, -51.64571, -31.55413, 121.56338, 122.52284, 0.00, 0.00, 0.00, 1.00, 0.19239, 0.90324, 0.19239, 0.90324, 0.85928, 0.27606, -0.43061, -79.61086, -16.6097, -77.40711
2358, 700, -61.4146, -36.35789, 117.96581, 118.92647, 1.64921, 1.64921, 1.64921, 1.00, 0.36746, 0.95368, 0.36746, 0.95368, 0.89535, 0.06863, 0.44005, -78.35229, -19.8652, -87.53072
2359, 704, -60.79072, -38.23778, 118.57133, 119.5318, 1.46276, 1.46276, 1.46276, 1.00, 0.3754, 0.99597, 0.3754, 0.99597, 0.87869, 0.45599, 0.14134, -78.69785, -21.26659, -86.8139
2360, 701, -57.47937, -36.31857, 121.30434, 122.26389, 1.42168, 1.42168, 1.42168, 1.00, 0.30533, 0.95603, 0.30533, 0.95603, 0.9827, 0.03377, 0.18209, -80.597, -20.04794, -82.99205
2361, 701, -57.47937, -36.31857, 121.30434, 122.26389, 1.42168, 1.42168, 1.42168, 1.00, 0.30533, 0.95603, 0.30533, 0.95603, 0.9827, 0.03377, 0.18209, -80.597, -20.04794, -82.99205
2362, 704, -60.79072, -38.23778, 118.57133, 119.5318, 1.46276, 1.46276, 1.46276, 1.00, 0.3754, 0.99597, 0.3754, 0.99597, 0.87869, 0.45599, 0.14134, -78.69785, -21.26659, -86.8139
2363, 705, -56.67619, -39.50942, 120.91814, 121.87782, 1.20471, 1.20471, 1.20471, 1.00, 0.31491, 0.99604, 0.31491, 0.99604, 0.94651, 0.29548, -0.1297, -79.8834, -22.33714, -82.37626
2364, 701, -57.47937, -36.31857, 121.30434, 122.26389, 1.42168, 1.42168, 1.42168, 1.00, 0.30533, 0.95603, 0.30533, 0.95603, 0.9827, 0.03377, 0.18209, -80.597, -20.04794, -82.99205
2365, 706, -54.318, -40.93793, 120.80905, 121.76877, 0.00, 0.00, 0.00, 1.00, 0.26598, 0.99611, 0.26598, 0.99611, 0.90328, 0.05033, -0.42609, -79.12946, -23.36602, -80.21277
2366, 703, -54.92525, -36.14831, 121.75301, 122.71242, 0.00, 0.00, 0.00, 1.00, 0.25791, 0.95481, 0.25791, 0.95481, 0.94715, -0.09064, -0.30772, -80.4034, -19.95287, -80.48371
2367, 705, -56.67619, -39.50942, 120.91814, 121.87782, 1.20471, 1.20471, 1.20471, 1.00, 0.31491, 0.99604, 0.31491, 0.99604, 0.94651, 0.29548, -0.1297, -79.8834, -22.33714, -82.37626
2368, 706, -54.318, -40.93793, 120.80905, 121.76877, 0.00, 0.00, 0.00, 1.00, 0.26598, 0.99611, 0.26598, 0.99611, 0.90328, 0.05033, -0.42609, -79.12946, -23.36602, -80.21277
2369, 701, -57.47937, -36.31857, 121.30434, 122.26389, 1.42168, 1.42168, 1.42168, 1.00, 0.30533, 0.95603, 0.30533, 0.95603, 0.9827, 0.03377, 0.18209, -80.597, -20.04794, -82.99205
2370, 703, -54.92525, -36.14831, 121.75301, 122.71242, 0.00, 0.00, 0.00, 1.00, 0.25791, 0.95481, 0.25791, 0.95481, 0.94715, -0.09064, -0.30772, -80.4034, -19.95287, -80.48371
2371, 675, -51.81847, -40.67223, 120.62329, 121.58307, 0.00, 0.00, 0.00, 1.00, 0.19239, 0.99593, 0.19239, 0.99593, 0.87574, -0.20118, -0.43886, -78.34181, -23.16162, -77.91657
2372, 670, -51.67245, -36.31, 121.10245, 122.06207, 0.00, 0.00, 0.00, 1.00, 0.19239, 0.95578, 0.19239, 0.95578, 0.89278, -0.05266, -0.4474, -78.96158, -20.02895, -77.60599
2373, 675, -51.81847, -40.67223, 120.62329, 121.58307, 0.00, 0.00, 0.00, 1.00, 0.19239, 0.99593, 0.19239, 0.99593, 0.87574, -0.20118, -0.43886, -78.34181, -23.16162, -77.91657
2374, 703, -54.92525, -36.14831, 121.75301, 122.71242, 0.00, 0.00, 0.00, 1.00, 0.25791, 0.95481, 0.25791, 0.95481, 0.94715, -0.09064, -0.30772, -80.4034, -19.95287, -80.48371
2375, 706, -54.318, -40.93793, 120.80905, 121.76877, 0.00, 0.00, 0.00, 1.00, 0.26598, 0.99611, 0.26598, 0.99611, 0.90328, 0.05033, -0.42609, -79.12946, -23.36602, -80.21277
2376, 707, -49.50499, -25.42181, 110.13774, 111.10101, 1.22166, 1.22166, 1.22166, 1.00, 0.73749, 0.84695, 0.73749, 0.84695, -0.908, -0.35223, -0.22687, -68.33367, -11.44029, -78.25052
2377, 708, -54.13002, -29.6664, 109.90263, 110.86598, 0.4133, 0.4133, 0.4133, 1.00, 0.63385, 0.87519, 0.63385, 0.87519, -0.89349, 0.03444, 0.44776, -69.06606, -14.50309, -82.69147
2378, 709, -54.39785, -24.83649, 110.13254, 111.09581, 0.30983, 0.30983, 0.30983, 1.00, 0.63385, 0.84348, 0.63385, 0.84348, -0.79263, -0.42122, 0.44081, -69.56894, -11.01554, -82.8266
2379, 708, -54.13002, -29.6664, 109.90263, 110.86598, 0.4133, 0.4133, 0.4133, 1.00, 0.63385, 0.87519, 0.63385, 0.87519, -0.89349, 0.03444, 0.44776, -69.06606, -14.50309, -82.69147
2380, 707, -49.50499, -25.42181, 110.13774, 111.10101, 1.22166, 1.22166, 1.22166, 1.00, 0.73749, 0.84695, 0.73749, 0.84695, -0.908, -0.35223, -0.22687, -68.33367, -11.44029, -78.25052
2381, 710, -48.765, -29.19264, 110.07264, 111.03593, 1.22165, 1.22165, 1.22165, 1.00, 0.74539, 0.87156, 0.74539, 0.87156, -0.93311, 0.16224, -0.32091, -67.91962, -14.17033, -77.61865
2382, 709, -54.39785, -24.83649, 110.13254, 111.09581, 0.30983, 0.30983, 0.30983, 1.00, 0.63385, 0.84348, 0.63385, 0.84348, -0.79263, -0.42122, 0.44081, -69.56894, -11.01554, -82.8266
2383, 711, -54.65594, -22.71519, 108.68336, 109.64712, 0.33293, 0.33293, 0.33293, 1.00, 0.63385, 0.82468, 0.63385, 0.82468, -0.81397, -0.36763, 0.44978, -68.32974, -9.38573, -83.41367
2384, 712, -48.09818, -22.72337, 108.63498, 109.59875, 1.22523, 1.22523, 1.22523, 1.00, 0.73768, 0.82474, 0.73768, 0.82474, -0.91823, -0.37909, -0.11468, -66.65527, -9.3886, -77.28548
2385, 709, -54.39785, -24.83649, 110.13254, 111.09581, 0.30983, 0.30983, 0.30983, 1.00, 0.63385, 0.84348, 0.63385, 0.84348, -0.79263, -0.42122, 0.44081, -69.56894, -11.01554, -82.8266
2386, 712, -48.09818, -22.72337, 108.63498, 109.59875, 1.22523, 1.22523, 1.22523, 1.00, 0.73768, 0.82474, 0.73768, 0.82474, -0.91823, -0.37909, -0.11468, -66.65527, -9.3886, -77.28548
2387, 707, -49.50499, -25.42181, 110.13774, 111.10101, 1.22166, 1.22166, 1.22166, 1.00, 0.73749, 0.84695, 0.73749, 0.84695, -0.908, -0.35223, -0.22687, -68.33367, -11.44029, -78.25052
2388, 712, -48.09818, -22.72337, 108.63498, 109.59875, 1.22523, 1.22523, 1.22523, 1.00, 0.73768, 0.82474, 0.73768, 0.82474, -0.91823, -0.37909, -0.11468, -66.65527, -9.3886, -77.28548
2389, 713, -47.14283, -15.88533, 108.8835, 109.8472, 1.23048, 1.23048, 1.23048, 1.00, 0.747, 0.74537, 0.747, 0.74537, -0.86312, -0.49014, -0.12161, -66.96182, -4.44615, -76.24681
2390, 714, -45.2498, -14.14631, 109.9864, 110.94972, 1.23624, 1.23624, 1.23624, 1.00, 0.80067, 0.74405, 0.80067, 0.74405, -0.65145, -0.26752, -0.70996, -67.63293, -3.255, -74.17182
2391, 712, -48.09818, -22.72337, 108.63498, 109.59875, 1.22523, 1.22523, 1.22523, 1.00, 0.73768, 0.82474, 0.73768, 0.82474, -0.91823, -0.37909, -0.11468, -66.65527, -9.3886, -77.28548
2392, 711, -54.65594, -22.71519, 108.68336, 109.64712, 0.33293, 0.33293, 0.33293, 1.00, 0.63385, 0.82468, 0.63385, 0.82468, -0.81397, -0.36763, 0.44978, -68.32974, -9.38573, -83.41367
2393, 715, -53.5272, -17.38813, 108.90196, 109.86565, 0.16641, 0.16641, 0.16641, 1.00, 0.63385, 0.74442, 0.63385, 0.74442, -0.77671, -0.54883, 0.30904, -68.49724, -5.53698, -82.2381
2394, 713, -47.14283, -15.88533, 108.8835, 109.8472, 1.23048, 1.23048, 1.23048, 1.00, 0.747, 0.74537, 0.747, 0.74537, -0.86312, -0.49014, -0.12161, -66.96182, -4.44615, -76.24681
2395, 716, -47.99407, -12.37379, 105.17218, 106.13711, 1.22785, 1.22785, 1.22785, 1.00, 0.747, 0.72113, 0.747, 0.72113, -0.9899, -0.1001, -0.10036, -63.75009, -1.66515, -77.9511
2396, 714, -45.2498, -14.14631, 109.9864, 110.94972, 1.23624, 1.23624, 1.23624, 1.00, 0.80067, 0.74405, 0.80067, 0.74405, -0.65145, -0.26752, -0.70996, -67.63293, -3.255, -74.17182
2397, 714, -45.2498, -14.14631, 109.9864, 110.94972, 1.23624, 1.23624, 1.23624, 1.00, 0.80067, 0.74405, 0.80067, 0.74405, -0.65145, -0.26752, -0.70996, -67.63293, -3.255, -74.17182
2398, 716, -47.99407, -12.37379, 105.17218, 106.13711, 1.22785, 1.22785, 1.22785, 1.00, 0.747, 0.72113, 0.747, 0.72113, -0.9899, -0.1001, -0.10036, -63.75009, -1.66515, -77.9511
2399, 717, -46.06229, -10.98425, 106.39178, 107.35631, 1.2336, 1.2336, 1.2336, 1.00, 0.80067, 0.71913, 0.80067, 0.71913, -0.85144, -0.04612, -0.52242, -64.5086, -0.73479, -75.8141
2400, 716, -47.99407, -12.37379, 105.17218, 106.13711, 1.22785, 1.22785, 1.22785, 1.00, 0.747, 0.72113, 0.747, 0.72113, -0.9899, -0.1001, -0.10036, -63.75009, -1.66515, -77.9511
2401, 718, -54.8699, -2.73703, 105.5601, 106.52489, 0.43185, 0.43185, 0.43185, 1.00, 0.63385, 0.63694, 0.63385, 0.63694, -0.88055, 0.21725, 0.42123, -66.25895, 5.29778, -84.17692
2402, 719, -47.19593, 0.58667, 106.65652, 107.62096, 1.32303, 1.32303, 1.32303, 1.00, 0.7742, 0.6389, 0.7742, 0.6389, -0.80943, 0.58704, -0.01428, -65.55961, 7.63837, -76.67166
2403, 720, -54.3999, -13.60735, 105.14692, 106.11185, 0.29754, 0.29754, 0.29754, 1.00, 0.63385, 0.72087, 0.63385, 0.72087, -0.88322, -0.27337, 0.38103, -65.26064, -2.55799, -83.97047
2404, 718, -54.8699, -2.73703, 105.5601, 106.52489, 0.43185, 0.43185, 0.43185, 1.00, 0.63385, 0.63694, 0.63385, 0.63694, -0.88055, 0.21725, 0.42123, -66.25895, 5.29778, -84.17692
2405, 716, -47.99407, -12.37379, 105.17218, 106.13711, 1.22785, 1.22785, 1.22785, 1.00, 0.747, 0.72113, 0.747, 0.72113, -0.9899, -0.1001, -0.10036, -63.75009, -1.66515, -77.9511
2406, 710, -48.765, -29.19264, 110.07264, 111.03593, 1.22165, 1.22165, 1.22165, 1.00, 0.74539, 0.87156, 0.74539, 0.87156, -0.93311, 0.16224, -0.32091, -67.91962, -14.17033, -77.61865
2407, 707, -49.50499, -25.42181, 110.13774, 111.10101, 1.22166, 1.22166, 1.22166, 1.00, 0.73749, 0.84695, 0.73749, 0.84695, -0.908, -0.35223, -0.22687, -68.33367, -11.44029, -78.25052
2408, 721, -46.81989, -24.09206, 114.13018, 115.09212, 1.23057, 1.23057, 1.23057, 1.00, 0.80909, 0.84596, 0.80909, 0.84596, -0.7336, -0.17933, -0.6555, -71.5766, -10.72872, -74.70012
2409, 710, -48.765, -29.19264, 110.07264, 111.03593, 1.22165, 1.22165, 1.22165, 1.00, 0.74539, 0.87156, 0.74539, 0.87156, -0.93311, 0.16224, -0.32091, -67.91962, -14.17033, -77.61865
2410, 721, -46.81989, -24.09206, 114.13018, 115.09212, 1.23057, 1.23057, 1.23057, 1.00, 0.80909, 0.84596, 0.80909, 0.84596, -0.7336, -0.17933, -0.6555, -71.5766, -10.72872, -74.70012
2411, 722, -46.57159, -29.10133, 113.74838, 114.71046, 1.22869, 1.22869, 1.22869, 1.00, 0.79666, 0.87338, 0.79666, 0.87338, -0.6813, 0.28321, -0.67499, -70.92411, -14.33672, -74.62422
2412, 721, -46.81989, -24.09206, 114.13018, 115.09212, 1.23057, 1.23057, 1.23057, 1.00, 0.80909, 0.84596, 0.80909, 0.84596, -0.7336, -0.17933, -0.6555, -71.5766, -10.72872, -74.70012
2413, 707, -49.50499, -25.42181, 110.13774, 111.10101, 1.22166, 1.22166, 1.22166, 1.00, 0.73749, 0.84695, 0.73749, 0.84695, -0.908, -0.35223, -0.22687, -68.33367, -11.44029, -78.25052
2414, 723, -45.69289, -21.67938, 113.62588, 114.58799, 1.23397, 1.23397, 1.23397, 1.00, 0.81059, 0.82602, 0.81059, 0.82602, -0.62228, -0.41126, -0.66606, -70.91782, -8.94741, -73.74529
2415, 707, -49.50499, -25.42181, 110.13774, 111.10101, 1.22166, 1.22166, 1.22166, 1.00, 0.73749, 0.84695, 0.73749, 0.84695, -0.908, -0.35223, -0.22687, -68.33367, -11.44029, -78.25052
2416, 712, -48.09818, -22.72337, 108.63498, 109.59875, 1.22523, 1.22523, 1.22523, 1.00, 0.73768, 0.82474, 0.73768, 0.82474, -0.91823, -0.37909, -0.11468, -66.65527, -9.3886, -77.28548
2417, 723, -45.69289, -21.67938, 113.62588, 114.58799, 1.23397, 1.23397, 1.23397, 1.00, 0.81059, 0.82602, 0.81059, 0.82602, -0.62228, -0.41126, -0.66606, -70.91782, -8.94741, -73.74529
2418, 723, -45.69289, -21.67938, 113.62588, 114.58799, 1.23397, 1.23397, 1.23397, 1.00, 0.81059, 0.82602, 0.81059, 0.82602, -0.62228, -0.41126, -0.66606, -70.91782, -8.94741, -73.74529
2419, 712, -48.09818, -22.72337, 108.63498, 109.59875, 1.22523, 1.22523, 1.22523, 1.00, 0.73768, 0.82474, 0.73768, 0.82474, -0.91823, -0.37909, -0.11468, -66.65527, -9.3886, -77.28548
2420, 714, -45.2498, -14.14631, 109.9864, 110.94972, 1.23624, 1.23624, 1.23624, 1.00, 0.80067, 0.74405, 0.80067, 0.74405, -0.65145, -0.26752, -0.70996, -67.63293, -3.255, -74.17182
2421, 723, -45.69289, -21.67938, 113.62588, 114.58799, 1.23397, 1.23397, 1.23397, 1.00, 0.81059, 0.82602, 0.81059, 0.82602, -0.62228, -0.41126, -0.66606, -70.91782, -8.94741, -73.74529
2422, 714, -45.2498, -14.14631, 109.9864, 110.94972, 1.23624, 1.23624, 1.23624, 1.00, 0.80067, 0.74405, 0.80067, 0.74405, -0.65145, -0.26752, -0.70996, -67.63293, -3.255, -74.17182
2423, 724, -44.3084, -10.31866, 112.37871, 113.34124, 1.24139, 1.24139, 1.24139, 1.00, 0.83713, 0.73723, 0.83713, 0.73723, -0.53984, -0.31034, -0.78247, -69.87652, -0.631, -72.63376
2424, 724, -44.3084, -10.31866, 112.37871, 113.34124, 1.24139, 1.24139, 1.24139, 1.00, 0.83713, 0.73723, 0.83713, 0.73723, -0.53984, -0.31034, -0.78247, -69.87652, -0.631, -72.63376
2425, 714, -45.2498, -14.14631, 109.9864, 110.94972, 1.23624, 1.23624, 1.23624, 1.00, 0.80067, 0.74405, 0.80067, 0.74405, -0.65145, -0.26752, -0.70996, -67.63293, -3.255, -74.17182
2426, 725, -43.58752, -6.90212, 107.5473, 108.51144, 1.24174, 1.24174, 1.24174, 1.00, 0.83816, 0.70727, 0.83816, 0.70727, -0.82077, 0.07822, -0.56588, -65.19024, 2.15199, -73.15332
2427, 725, -43.58752, -6.90212, 107.5473, 108.51144, 1.24174, 1.24174, 1.24174, 1.00, 0.83816, 0.70727, 0.83816, 0.70727, -0.82077, 0.07822, -0.56588, -65.19024, 2.15199, -73.15332
2428, 714, -45.2498, -14.14631, 109.9864, 110.94972, 1.23624, 1.23624, 1.23624, 1.00, 0.80067, 0.74405, 0.80067, 0.74405, -0.65145, -0.26752, -0.70996, -67.63293, -3.255, -74.17182
2429, 717, -46.06229, -10.98425, 106.39178, 107.35631, 1.2336, 1.2336, 1.2336, 1.00, 0.80067, 0.71913, 0.80067, 0.71913, -0.85144, -0.04612, -0.52242, -64.5086, -0.73479, -75.8141
2430, 725, -43.58752, -6.90212, 107.5473, 108.51144, 1.24174, 1.24174, 1.24174, 1.00, 0.83816, 0.70727, 0.83816, 0.70727, -0.82077, 0.07822, -0.56588, -65.19024, 2.15199, -73.15332
2431, 717, -46.06229, -10.98425, 106.39178, 107.35631, 1.2336, 1.2336, 1.2336, 1.00, 0.80067, 0.71913, 0.80067, 0.71913, -0.85144, -0.04612, -0.52242, -64.5086, -0.73479, -75.8141
2432, 719, -47.19593, 0.58667, 106.65652, 107.62096, 1.32303, 1.32303, 1.32303, 1.00, 0.7742, 0.6389, 0.7742, 0.6389, -0.80943, 0.58704, -0.01428, -65.55961, 7.63837, -76.67166
2433, 725, -43.58752, -6.90212, 107.5473, 108.51144, 1.24174, 1.24174, 1.24174, 1.00, 0.83816, 0.70727, 0.83816, 0.70727, -0.82077, 0.07822, -0.56588, -65.19024, 2.15199, -73.15332
2434, 719, -47.19593, 0.58667, 106.65652, 107.62096, 1.32303, 1.32303, 1.32303, 1.00, 0.7742, 0.6389, 0.7742, 0.6389, -0.80943, 0.58704, -0.01428, -65.55961, 7.63837, -76.67166
2435, 726, -45.16394, 0.51665, 107.10757, 108.07186, 1.33365, 1.33365, 1.33365, 1.00, 0.83797, 0.64565, 0.83797, 0.64565, -0.8792, 0.47628, 0.01284, -65.48718, 7.55907, -74.65446
2436, 718, -54.8699, -2.73703, 105.5601, 106.52489, 0.43185, 0.43185, 0.43185, 1.00, 0.63385, 0.63694, 0.63385, 0.63694, -0.88055, 0.21725, 0.42123, -66.25895, 5.29778, -84.17692
2437, 727, -51.47896, 0.06596, 106.38657, 107.35109, 0.21886, 0.21886, 0.21886, 1.00, 0.69503, 0.62512, 0.69503, 0.62512, -0.79048, 0.6002, 0.12206, -66.33904, 7.27789, -80.7574
2438, 719, -47.19593, 0.58667, 106.65652, 107.62096, 1.32303, 1.32303, 1.32303, 1.00, 0.7742, 0.6389, 0.7742, 0.6389, -0.80943, 0.58704, -0.01428, -65.55961, 7.63837, -76.67166
2439, 719, -47.19593, 0.58667, 106.65652, 107.62096, 1.32303, 1.32303, 1.32303, 1.00, 0.7742, 0.6389, 0.7742, 0.6389, -0.80943, 0.58704, -0.01428, -65.55961, 7.63837, -76.67166
2440, 727, -51.47896, 0.06596, 106.38657, 107.35109, 0.21886, 0.21886, 0.21886, 1.00, 0.69503, 0.62512, 0.69503, 0.62512, -0.79048, 0.6002, 0.12206, -66.33904, 7.27789, -80.7574
2441, 728, -45.18544, 2.62263, 109.03986, 110.00349, 1.49426, 1.49426, 1.49426, 1.00, 0.83807, 0.63116, 0.83807, 0.63116, -0.48148, 0.87094, 0.09821, -67.44957, 8.96381, -74.15592
2442, 719, -47.19593, 0.58667, 106.65652, 107.62096, 1.32303, 1.32303, 1.32303, 1.00, 0.7742, 0.6389, 0.7742, 0.6389, -0.80943, 0.58704, -0.01428, -65.55961, 7.63837, -76.67166
2443, 728, -45.18544, 2.62263, 109.03986, 110.00349, 1.49426, 1.49426, 1.49426, 1.00, 0.83807, 0.63116, 0.83807, 0.63116, -0.48148, 0.87094, 0.09821, -67.44957, 8.96381, -74.15592
2444, 726, -45.16394, 0.51665, 107.10757, 108.07186, 1.33365, 1.33365, 1.33365, 1.00, 0.83797, 0.64565, 0.83797, 0.64565, -0.8792, 0.47628, 0.01284, -65.48718, 7.55907, -74.65446
2445, 728, -45.18544, 2.62263, 109.03986, 110.00349, 1.49426, 1.49426, 1.49426, 1.00, 0.83807, 0.63116, 0.83807, 0.63116, -0.48148, 0.87094, 0.09821, -67.44957, 8.96381, -74.15592
2446, 727, -51.47896, 0.06596, 106.38657, 107.35109, 0.21886, 0.21886, 0.21886, 1.00, 0.69503, 0.62512, 0.69503, 0.62512, -0.79048, 0.6002, 0.12206, -66.33904, 7.27789, -80.7574
2447, 729, -50.7044, 3.70698, 108.76604, 109.72977, 0.19232, 0.19232, 0.19232, 1.00, 0.70451, 0.61042, 0.70451, 0.61042, -0.71465, 0.69478, 0.08099, -68.60336, 9.76738, -79.38106
2448, 722, -46.57159, -29.10133, 113.74838, 114.71046, 1.22869, 1.22869, 1.22869, 1.00, 0.79666, 0.87338, 0.79666, 0.87338, -0.6813, 0.28321, -0.67499, -70.92411, -14.33672, -74.62422
2449, 721, -46.81989, -24.09206, 114.13018, 115.09212, 1.23057, 1.23057, 1.23057, 1.00, 0.80909, 0.84596, 0.80909, 0.84596, -0.7336, -0.17933, -0.6555, -71.5766, -10.72872, -74.70012
2450, 730, -45.78501, -24.11848, 115.51196, 116.47345, 1.23369, 1.23369, 1.23369, 1.00, 0.83039, 0.84807, 0.83039, 0.84807, -0.73958, -0.24233, -0.62794, -72.65115, -10.83531, -73.37822
2451, 722, -46.57159, -29.10133, 113.74838, 114.71046, 1.22869, 1.22869, 1.22869, 1.00, 0.79666, 0.87338, 0.79666, 0.87338, -0.6813, 0.28321, -0.67499, -70.92411, -14.33672, -74.62422
2452, 730, -45.78501, -24.11848, 115.51196, 116.47345, 1.23369, 1.23369, 1.23369, 1.00, 0.83039, 0.84807, 0.83039, 0.84807, -0.73958, -0.24233, -0.62794, -72.65115, -10.83531, -73.37822
2453, 731, -45.62684, -28.74841, 115.2728, 116.23436, 1.23185, 1.23185, 1.23185, 1.00, 0.81639, 0.87164, 0.81639, 0.87164, -0.71183, 0.20824, -0.67077, -72.17543, -14.17728, -73.34579
2454, 730, -45.78501, -24.11848, 115.51196, 116.47345, 1.23369, 1.23369, 1.23369, 1.00, 0.83039, 0.84807, 0.83039, 0.84807, -0.73958, -0.24233, -0.62794, -72.65115, -10.83531, -73.37822
2455, 721, -46.81989, -24.09206, 114.13018, 115.09212, 1.23057, 1.23057, 1.23057, 1.00, 0.80909, 0.84596, 0.80909, 0.84596, -0.7336, -0.17933, -0.6555, -71.5766, -10.72872, -74.70012
2456, 723, -45.69289, -21.67938, 113.62588, 114.58799, 1.23397, 1.23397, 1.23397, 1.00, 0.81059, 0.82602, 0.81059, 0.82602, -0.62228, -0.41126, -0.66606, -70.91782, -8.94741, -73.74529
2457, 730, -45.78501, -24.11848, 115.51196, 116.47345, 1.23369, 1.23369, 1.23369, 1.00, 0.83039, 0.84807, 0.83039, 0.84807, -0.73958, -0.24233, -0.62794, -72.65115, -10.83531, -73.37822
2458, 723, -45.69289, -21.67938, 113.62588, 114.58799, 1.23397, 1.23397, 1.23397, 1.00, 0.81059, 0.82602, 0.81059, 0.82602, -0.62228, -0.41126, -0.66606, -70.91782, -8.94741, -73.74529
2459, 732, -44.73785, -21.47305, 115.00267, 115.96432, 1.23704, 1.23704, 1.23704, 1.00, 0.84244, 0.82475, 0.84244, 0.82475, -0.75368, -0.30979, -0.57965, -72.01772, -8.88492, -72.49667
2460, 732, -44.73785, -21.47305, 115.00267, 115.96432, 1.23704, 1.23704, 1.23704, 1.00, 0.84244, 0.82475, 0.84244, 0.82475, -0.75368, -0.30979, -0.57965, -72.01772, -8.88492, -72.49667
2461, 724, -44.3084, -10.31866, 112.37871, 113.34124, 1.24139, 1.24139, 1.24139, 1.00, 0.83713, 0.73723, 0.83713, 0.73723, -0.53984, -0.31034, -0.78247, -69.87652, -0.631, -72.63376
2462, 733, -43.99982, -10.00993, 112.67072, 113.63316, 1.24241, 1.24241, 1.24241, 1.00, 0.83841, 0.73597, 0.83841, 0.73597, -0.63743, -0.44531, -0.62879, -70.09527, -0.42562, -72.26654
2463, 732, -44.73785, -21.47305, 115.00267, 115.96432, 1.23704, 1.23704, 1.23704, 1.00, 0.84244, 0.82475, 0.84244, 0.82475, -0.75368, -0.30979, -0.57965, -72.01772, -8.88492, -72.49667
2464, 723, -45.69289, -21.67938, 113.62588, 114.58799, 1.23397, 1.23397, 1.23397, 1.00, 0.81059, 0.82602, 0.81059, 0.82602, -0.62228, -0.41126, -0.66606, -70.91782, -8.94741, -73.74529
2465, 724, -44.3084, -10.31866, 112.37871, 113.34124, 1.24139, 1.24139, 1.24139, 1.00, 0.83713, 0.73723, 0.83713, 0.73723, -0.53984, -0.31034, -0.78247, -69.87652, -0.631, -72.63376
2466, 733, -43.99982, -10.00993, 112.67072, 113.63316, 1.24241, 1.24241, 1.24241, 1.00, 0.83841, 0.73597, 0.83841, 0.73597, -0.63743, -0.44531, -0.62879, -70.09527, -0.42562, -72.26654
2467, 724, -44.3084, -10.31866, 112.37871, 113.34124, 1.24139, 1.24139, 1.24139, 1.00, 0.83713, 0.73723, 0.83713, 0.73723, -0.53984, -0.31034, -0.78247, -69.87652, -0.631, -72.63376
2468, 725, -43.58752, -6.90212, 107.5473, 108.51144, 1.24174, 1.24174, 1.24174, 1.00, 0.83816, 0.70727, 0.83816, 0.70727, -0.82077, 0.07822, -0.56588, -65.19024, 2.15199, -73.15332
2469, 734, -54.14303, -30.96672, 109.90197, 110.86533, 0.40094, 0.40094, 0.40094, 1.00, 0.63385, 0.88546, 0.63385, 0.88546, -0.89384, -0.02021, 0.44793, -69.01084, -15.4459, -82.71915
2470, 708, -54.13002, -29.6664, 109.90263, 110.86598, 0.4133, 0.4133, 0.4133, 1.00, 0.63385, 0.87519, 0.63385, 0.87519, -0.89349, 0.03444, 0.44776, -69.06606, -14.50309, -82.69147
2471, 710, -48.765, -29.19264, 110.07264, 111.03593, 1.22165, 1.22165, 1.22165, 1.00, 0.74539, 0.87156, 0.74539, 0.87156, -0.93311, 0.16224, -0.32091, -67.91962, -14.17033, -77.61865
2472, 734, -54.14303, -30.96672, 109.90197, 110.86533, 0.40094, 0.40094, 0.40094, 1.00, 0.63385, 0.88546, 0.63385, 0.88546, -0.89384, -0.02021, 0.44793, -69.01084, -15.4459, -82.71915
2473, 710, -48.765, -29.19264, 110.07264, 111.03593, 1.22165, 1.22165, 1.22165, 1.00, 0.74539, 0.87156, 0.74539, 0.87156, -0.93311, 0.16224, -0.32091, -67.91962, -14.17033, -77.61865
2474, 735, -48.64011, -30.94911, 110.10381, 111.06709, 1.22116, 1.22116, 1.22116, 1.00, 0.73225, 0.88546, 0.73225, 0.88546, -0.98234, 0.03723, -0.18335, -67.8406, -15.4459, -77.51444
2475, 735, -48.64011, -30.94911, 110.10381, 111.06709, 1.22116, 1.22116, 1.22116, 1.00, 0.73225, 0.88546, 0.73225, 0.88546, -0.98234, 0.03723, -0.18335, -67.8406, -15.4459, -77.51444
2476, 710, -48.765, -29.19264, 110.07264, 111.03593, 1.22165, 1.22165, 1.22165, 1.00, 0.74539, 0.87156, 0.74539, 0.87156, -0.93311, 0.16224, -0.32091, -67.91962, -14.17033, -77.61865
2477, 736, -45.87254, -30.63572, 113.69507, 114.65716, 1.22958, 1.22958, 1.22958, 1.00, 0.80282, 0.88546, 0.80282, 0.88546, -0.66377, 0.34466, -0.6638, -70.631, -15.4459, -74.00134
2478, 736, -45.87254, -30.63572, 113.69507, 114.65716, 1.22958, 1.22958, 1.22958, 1.00, 0.80282, 0.88546, 0.80282, 0.88546, -0.66377, 0.34466, -0.6638, -70.631, -15.4459, -74.00134
2479, 710, -48.765, -29.19264, 110.07264, 111.03593, 1.22165, 1.22165, 1.22165, 1.00, 0.74539, 0.87156, 0.74539, 0.87156, -0.93311, 0.16224, -0.32091, -67.91962, -14.17033, -77.61865
2480, 722, -46.57159, -29.10133, 113.74838, 114.71046, 1.22869, 1.22869, 1.22869, 1.00, 0.79666, 0.87338, 0.79666, 0.87338, -0.6813, 0.28321, -0.67499, -70.92411, -14.33672, -74.62422
2481, 736, -45.87254, -30.63572, 113.69507, 114.65716, 1.22958, 1.22958, 1.22958, 1.00, 0.80282, 0.88546, 0.80282, 0.88546, -0.66377, 0.34466, -0.6638, -70.631, -15.4459, -74.00134
2482, 722, -46.57159, -29.10133, 113.74838, 114.71046, 1.22869, 1.22869, 1.22869, 1.00, 0.79666, 0.87338, 0.79666, 0.87338, -0.6813, 0.28321, -0.67499, -70.92411, -14.33672, -74.62422
2483, 737, -45.0179, -30.48339, 115.44054, 116.40205, 1.23255, 1.23255, 1.23255, 1.00, 0.8201, 0.88546, 0.8201, 0.88546, -0.55339, 0.51421, -0.65525, -72.10895, -15.4459, -72.75314
2484, 738, -45.0179, -30.48339, 115.44054, 116.40205, 1.23255, 1.23255, 1.23255, 1.00, 0.81144, 0.88546, 0.81144, 0.88546, -0.65197, 0.336, -0.67974, -72.10895, -15.4459, -72.75314
2485, 722, -46.57159, -29.10133, 113.74838, 114.71046, 1.22869, 1.22869, 1.22869, 1.00, 0.79666, 0.87338, 0.79666, 0.87338, -0.6813, 0.28321, -0.67499, -70.92411, -14.33672, -74.62422
2486, 731, -45.62684, -28.74841, 115.2728, 116.23436, 1.23185, 1.23185, 1.23185, 1.00, 0.81639, 0.87164, 0.81639, 0.87164, -0.71183, 0.20824, -0.67077, -72.17543, -14.17728, -73.34579
2487, 739, -54.00282, -36.83191, 110.26994, 111.23317, 0.37214, 0.37214, 0.37214, 1.00, 0.63385, 0.93945, 0.63385, 0.93945, -0.88718, -0.12349, 0.4446, -69.07018, -19.72194, -82.5629
2488, 734, -54.14303, -30.96672, 109.90197, 110.86533, 0.40094, 0.40094, 0.40094, 1.00, 0.63385, 0.88546, 0.63385, 0.88546, -0.89384, -0.02021, 0.44793, -69.01084, -15.4459, -82.71915
2489, 735, -48.64011, -30.94911, 110.10381, 111.06709, 1.22116, 1.22116, 1.22116, 1.00, 0.73225, 0.88546, 0.73225, 0.88546, -0.98234, 0.03723, -0.18335, -67.8406, -15.4459, -77.51444
2490, 739, -54.00282, -36.83191, 110.26994, 111.23317, 0.37214, 0.37214, 0.37214, 1.00, 0.63385, 0.93945, 0.63385, 0.93945, -0.88718, -0.12349, 0.4446, -69.07018, -19.72194, -82.5629
2491, 735, -48.64011, -30.94911, 110.10381, 111.06709, 1.22116, 1.22116, 1.22116, 1.00, 0.73225, 0.88546, 0.73225, 0.88546, -0.98234, 0.03723, -0.18335, -67.8406, -15.4459, -77.51444
2492, 740, -48.38731, -37.00971, 110.4109, 111.37408, 1.30377, 1.30377, 1.30377, 1.00, 0.73455, 0.94095, 0.73455, 0.94095, -0.9937, -0.01881, 0.11046, -67.80461, -19.85979, -77.27064
2493, 740, -48.38731, -37.00971, 110.4109, 111.37408, 1.30377, 1.30377, 1.30377, 1.00, 0.73455, 0.94095, 0.73455, 0.94095, -0.9937, -0.01881, 0.11046, -67.80461, -19.85979, -77.27064
2494, 735, -48.64011, -30.94911, 110.10381, 111.06709, 1.22116, 1.22116, 1.22116, 1.00, 0.73225, 0.88546, 0.73225, 0.88546, -0.98234, 0.03723, -0.18335, -67.8406, -15.4459, -77.51444
2495, 741, -45.83834, -37.06166, 111.13666, 112.0996, 1.22529, 1.22529, 1.22529, 1.00, 0.7777, 0.94186, 0.7777, 0.94186, -0.88626, 0.09134, -0.4541, -67.86961, -19.94337, -74.69891
2496, 742, -45.58525, -32.38232, 113.49998, 114.46214, 1.22933, 1.22933, 1.22933, 1.00, 0.80041, 0.89912, 0.80041, 0.89912, -0.70069, 0.23408, -0.67397, -70.29393, -16.70, -73.80276
2497, 735, -48.64011, -30.94911, 110.10381, 111.06709, 1.22116, 1.22116, 1.22116, 1.00, 0.73225, 0.88546, 0.73225, 0.88546, -0.98234, 0.03723, -0.18335, -67.8406, -15.4459, -77.51444
2498, 736, -45.87254, -30.63572, 113.69507, 114.65716, 1.22958, 1.22958, 1.22958, 1.00, 0.80282, 0.88546, 0.80282, 0.88546, -0.66377, 0.34466, -0.6638, -70.631, -15.4459, -74.00134
2499, 742, -45.58525, -32.38232, 113.49998, 114.46214, 1.22933, 1.22933, 1.22933, 1.00, 0.80041, 0.89912, 0.80041, 0.89912, -0.70069, 0.23408, -0.67397, -70.29393, -16.70, -73.80276
2500, 743, -44.0329, -36.66364, 114.46221, 115.42404, 1.23141, 1.23141, 1.23141, 1.00, 0.82847, 0.941, 0.82847, 0.941, -0.68292, 0.12069, -0.72046, -70.6463, -19.8652, -72.15366
2501, 741, -45.83834, -37.06166, 111.13666, 112.0996, 1.22529, 1.22529, 1.22529, 1.00, 0.7777, 0.94186, 0.7777, 0.94186, -0.88626, 0.09134, -0.4541, -67.86961, -19.94337, -74.69891
2502, 742, -45.58525, -32.38232, 113.49998, 114.46214, 1.22933, 1.22933, 1.22933, 1.00, 0.80041, 0.89912, 0.80041, 0.89912, -0.70069, 0.23408, -0.67397, -70.29393, -16.70, -73.80276
2503, 736, -45.87254, -30.63572, 113.69507, 114.65716, 1.22958, 1.22958, 1.22958, 1.00, 0.80282, 0.88546, 0.80282, 0.88546, -0.66377, 0.34466, -0.6638, -70.631, -15.4459, -74.00134
2504, 744, -44.48633, -32.12349, 115.60213, 116.56359, 1.23311, 1.23311, 1.23311, 1.00, 0.82069, 0.89852, 0.82069, 0.89852, -0.63689, 0.26695, -0.72326, -72.05996, -16.64533, -72.23341
2505, 744, -44.48633, -32.12349, 115.60213, 116.56359, 1.23311, 1.23311, 1.23311, 1.00, 0.82069, 0.89852, 0.82069, 0.89852, -0.63689, 0.26695, -0.72326, -72.05996, -16.64533, -72.23341
2506, 736, -45.87254, -30.63572, 113.69507, 114.65716, 1.22958, 1.22958, 1.22958, 1.00, 0.80282, 0.88546, 0.80282, 0.88546, -0.66377, 0.34466, -0.6638, -70.631, -15.4459, -74.00134
2507, 738, -45.0179, -30.48339, 115.44054, 116.40205, 1.23255, 1.23255, 1.23255, 1.00, 0.81144, 0.88546, 0.81144, 0.88546, -0.65197, 0.336, -0.67974, -72.10895, -15.4459, -72.75314
2508, 742, -45.58525, -32.38232, 113.49998, 114.46214, 1.22933, 1.22933, 1.22933, 1.00, 0.80041, 0.89912, 0.80041, 0.89912, -0.70069, 0.23408, -0.67397, -70.29393, -16.70, -73.80276
2509, 741, -45.83834, -37.06166, 111.13666, 112.0996, 1.22529, 1.22529, 1.22529, 1.00, 0.7777, 0.94186, 0.7777, 0.94186, -0.88626, 0.09134, -0.4541, -67.86961, -19.94337, -74.69891
2510, 735, -48.64011, -30.94911, 110.10381, 111.06709, 1.22116, 1.22116, 1.22116, 1.00, 0.73225, 0.88546, 0.73225, 0.88546, -0.98234, 0.03723, -0.18335, -67.8406, -15.4459, -77.51444
2511, 742, -45.58525, -32.38232, 113.49998, 114.46214, 1.22933, 1.22933, 1.22933, 1.00, 0.80041, 0.89912, 0.80041, 0.89912, -0.70069, 0.23408, -0.67397, -70.29393, -16.70, -73.80276
2512, 744, -44.48633, -32.12349, 115.60213, 116.56359, 1.23311, 1.23311, 1.23311, 1.00, 0.82069, 0.89852, 0.82069, 0.89852, -0.63689, 0.26695, -0.72326, -72.05996, -16.64533, -72.23341
2513, 743, -44.0329, -36.66364, 114.46221, 115.42404, 1.23141, 1.23141, 1.23141, 1.00, 0.82847, 0.941, 0.82847, 0.941, -0.68292, 0.12069, -0.72046, -70.6463, -19.8652, -72.15366
2514, 716, -47.99407, -12.37379, 105.17218, 106.13711, 1.22785, 1.22785, 1.22785, 1.00, 0.747, 0.72113, 0.747, 0.72113, -0.9899, -0.1001, -0.10036, -63.75009, -1.66515, -77.9511
2515, 713, -47.14283, -15.88533, 108.8835, 109.8472, 1.23048, 1.23048, 1.23048, 1.00, 0.747, 0.74537, 0.747, 0.74537, -0.86312, -0.49014, -0.12161, -66.96182, -4.44615, -76.24681
2516, 720, -54.3999, -13.60735, 105.14692, 106.11185, 0.29754, 0.29754, 0.29754, 1.00, 0.63385, 0.72087, 0.63385, 0.72087, -0.88322, -0.27337, 0.38103, -65.26064, -2.55799, -83.97047
2517, 716, -47.99407, -12.37379, 105.17218, 106.13711, 1.22785, 1.22785, 1.22785, 1.00, 0.747, 0.72113, 0.747, 0.72113, -0.9899, -0.1001, -0.10036, -63.75009, -1.66515, -77.9511
2518, 719, -47.19593, 0.58667, 106.65652, 107.62096, 1.32303, 1.32303, 1.32303, 1.00, 0.7742, 0.6389, 0.7742, 0.6389, -0.80943, 0.58704, -0.01428, -65.55961, 7.63837, -76.67166
2519, 717, -46.06229, -10.98425, 106.39178, 107.35631, 1.2336, 1.2336, 1.2336, 1.00, 0.80067, 0.71913, 0.80067, 0.71913, -0.85144, -0.04612, -0.52242, -64.5086, -0.73479, -75.8141
2520, 713, -47.14283, -15.88533, 108.8835, 109.8472, 1.23048, 1.23048, 1.23048, 1.00, 0.747, 0.74537, 0.747, 0.74537, -0.86312, -0.49014, -0.12161, -66.96182, -4.44615, -76.24681
2521, 712, -48.09818, -22.72337, 108.63498, 109.59875, 1.22523, 1.22523, 1.22523, 1.00, 0.73768, 0.82474, 0.73768, 0.82474, -0.91823, -0.37909, -0.11468, -66.65527, -9.3886, -77.28548
2522, 715, -53.5272, -17.38813, 108.90196, 109.86565, 0.16641, 0.16641, 0.16641, 1.00, 0.63385, 0.74442, 0.63385, 0.74442, -0.77671, -0.54883, 0.30904, -68.49724, -5.53698, -82.2381
2523, 715, -53.5272, -17.38813, 108.90196, 109.86565, 0.16641, 0.16641, 0.16641, 1.00, 0.63385, 0.74442, 0.63385, 0.74442, -0.77671, -0.54883, 0.30904, -68.49724, -5.53698, -82.2381
2524, 720, -54.3999, -13.60735, 105.14692, 106.11185, 0.29754, 0.29754, 0.29754, 1.00, 0.63385, 0.72087, 0.63385, 0.72087, -0.88322, -0.27337, 0.38103, -65.26064, -2.55799, -83.97047
2525, 713, -47.14283, -15.88533, 108.8835, 109.8472, 1.23048, 1.23048, 1.23048, 1.00, 0.747, 0.74537, 0.747, 0.74537, -0.86312, -0.49014, -0.12161, -66.96182, -4.44615, -76.24681
2526, 745, -53.76774, -43.65471, 111.67962, 112.64238, 0.33879, 0.33879, 0.33879, 1.00, 0.63385, 0.9943, 0.63385, 0.9943, -0.87284, -0.21636, 0.43741, -70.068, -24.75826, -82.06287
2527, 739, -54.00282, -36.83191, 110.26994, 111.23317, 0.37214, 0.37214, 0.37214, 1.00, 0.63385, 0.93945, 0.63385, 0.93945, -0.88718, -0.12349, 0.4446, -69.07018, -19.72194, -82.5629
2528, 746, -49.51569, -38.95311, 110.57027, 111.5334, 0.33696, 0.33696, 0.33696, 1.00, 0.71133, 0.99147, 0.71133, 0.99147, -0.67549, 0.71294, 0.18819, -68.15194, -21.279, -78.30941
2529, 740, -48.38731, -37.00971, 110.4109, 111.37408, 1.30377, 1.30377, 1.30377, 1.00, 0.73455, 0.94095, 0.73455, 0.94095, -0.9937, -0.01881, 0.11046, -67.80461, -19.85979, -77.27064
2530, 747, -45.89951, -38.24808, 111.90731, 112.87, 1.225, 1.225, 1.225, 1.00, 0.77665, 0.98035, 0.77665, 0.98035, -0.5705, 0.67211, -0.47202, -68.57525, -20.85239, -74.5732
2531, 746, -49.51569, -38.95311, 110.57027, 111.5334, 0.33696, 0.33696, 0.33696, 1.00, 0.71133, 0.99147, 0.71133, 0.99147, -0.67549, 0.71294, 0.18819, -68.15194, -21.279, -78.30941
2532, 743, -44.0329, -36.66364, 114.46221, 115.42404, 1.23141, 1.23141, 1.23141, 1.00, 0.82847, 0.941, 0.82847, 0.941, -0.68292, 0.12069, -0.72046, -70.6463, -19.8652, -72.15366
2533, 747, -45.89951, -38.24808, 111.90731, 112.87, 1.225, 1.225, 1.225, 1.00, 0.77665, 0.98035, 0.77665, 0.98035, -0.5705, 0.67211, -0.47202, -68.57525, -20.85239, -74.5732
2534, 741, -45.83834, -37.06166, 111.13666, 112.0996, 1.22529, 1.22529, 1.22529, 1.00, 0.7777, 0.94186, 0.7777, 0.94186, -0.88626, 0.09134, -0.4541, -67.86961, -19.94337, -74.69891
2535, 747, -45.89951, -38.24808, 111.90731, 112.87, 1.225, 1.225, 1.225, 1.00, 0.77665, 0.98035, 0.77665, 0.98035, -0.5705, 0.67211, -0.47202, -68.57525, -20.85239, -74.5732
2536, 740, -48.38731, -37.00971, 110.4109, 111.37408, 1.30377, 1.30377, 1.30377, 1.00, 0.73455, 0.94095, 0.73455, 0.94095, -0.9937, -0.01881, 0.11046, -67.80461, -19.85979, -77.27064
2537, 741, -45.83834, -37.06166, 111.13666, 112.0996, 1.22529, 1.22529, 1.22529, 1.00, 0.7777, 0.94186, 0.7777, 0.94186, -0.88626, 0.09134, -0.4541, -67.86961, -19.94337, -74.69891
2538, 747, -45.89951, -38.24808, 111.90731, 112.87, 1.225, 1.225, 1.225, 1.00, 0.77665, 0.98035, 0.77665, 0.98035, -0.5705, 0.67211, -0.47202, -68.57525, -20.85239, -74.5732
2539, 743, -44.0329, -36.66364, 114.46221, 115.42404, 1.23141, 1.23141, 1.23141, 1.00, 0.82847, 0.941, 0.82847, 0.941, -0.68292, 0.12069, -0.72046, -70.6463, -19.8652, -72.15366
2540, 748, -43.68112, -41.4718, 114.94883, 115.91051, 1.23015, 1.23015, 1.23015, 1.00, 0.83589, 0.97695, 0.83589, 0.97695, -0.40844, 0.49343, -0.76792, -70.81454, -23.38232, -71.75652
2541, 739, -54.00282, -36.83191, 110.26994, 111.23317, 0.37214, 0.37214, 0.37214, 1.00, 0.63385, 0.93945, 0.63385, 0.93945, -0.88718, -0.12349, 0.4446, -69.07018, -19.72194, -82.5629
2542, 740, -48.38731, -37.00971, 110.4109, 111.37408, 1.30377, 1.30377, 1.30377, 1.00, 0.73455, 0.94095, 0.73455, 0.94095, -0.9937, -0.01881, 0.11046, -67.80461, -19.85979, -77.27064
2543, 746, -49.51569, -38.95311, 110.57027, 111.5334, 0.33696, 0.33696, 0.33696, 1.00, 0.71133, 0.99147, 0.71133, 0.99147, -0.67549, 0.71294, 0.18819, -68.15194, -21.279, -78.30941
2544, 708, -54.13002, -29.6664, 109.90263, 110.86598, 0.4133, 0.4133, 0.4133, 1.00, 0.63385, 0.87519, 0.63385, 0.87519, -0.89349, 0.03444, 0.44776, -69.06606, -14.50309, -82.69147
2545, 749, -58.81046, -24.73692, 112.22346, 113.18604, 0.77402, 0.77402, 0.77402, 1.00, 0.54579, 0.84695, 0.54579, 0.84695, -0.30658, -0.30183, 0.90273, -72.68488, -11.07565, -86.42297
2546, 709, -54.39785, -24.83649, 110.13254, 111.09581, 0.30983, 0.30983, 0.30983, 1.00, 0.63385, 0.84348, 0.63385, 0.84348, -0.79263, -0.42122, 0.44081, -69.56894, -11.01554, -82.8266
2547, 749, -58.81046, -24.73692, 112.22346, 113.18604, 0.77402, 0.77402, 0.77402, 1.00, 0.54579, 0.84695, 0.54579, 0.84695, -0.30658, -0.30183, 0.90273, -72.68488, -11.07565, -86.42297
2548, 708, -54.13002, -29.6664, 109.90263, 110.86598, 0.4133, 0.4133, 0.4133, 1.00, 0.63385, 0.87519, 0.63385, 0.87519, -0.89349, 0.03444, 0.44776, -69.06606, -14.50309, -82.69147
2549, 750, -58.96941, -29.01315, 112.12952, 113.09213, 0.90622, 0.90622, 0.90622, 1.00, 0.53788, 0.87156, 0.53788, 0.87156, -0.30144, 0.16224, 0.93958, -72.44363, -14.17033, -86.64619
2550, 711, -54.65594, -22.71519, 108.68336, 109.64712, 0.33293, 0.33293, 0.33293, 1.00, 0.63385, 0.82468, 0.63385, 0.82468, -0.81397, -0.36763, 0.44978, -68.32974, -9.38573, -83.41367
2551, 709, -54.39785, -24.83649, 110.13254, 111.09581, 0.30983, 0.30983, 0.30983, 1.00, 0.63385, 0.84348, 0.63385, 0.84348, -0.79263, -0.42122, 0.44081, -69.56894, -11.01554, -82.8266
2552, 751, -60.53424, -21.80805, 111.42239, 112.38524, 0.71644, 0.71644, 0.71644, 1.00, 0.51617, 0.82316, 0.51617, 0.82316, -0.40423, -0.33602, 0.8507, -72.47033, -8.90129, -88.20734
2553, 751, -60.53424, -21.80805, 111.42239, 112.38524, 0.71644, 0.71644, 0.71644, 1.00, 0.51617, 0.82316, 0.51617, 0.82316, -0.40423, -0.33602, 0.8507, -72.47033, -8.90129, -88.20734
2554, 709, -54.39785, -24.83649, 110.13254, 111.09581, 0.30983, 0.30983, 0.30983, 1.00, 0.63385, 0.84348, 0.63385, 0.84348, -0.79263, -0.42122, 0.44081, -69.56894, -11.01554, -82.8266
2555, 749, -58.81046, -24.73692, 112.22346, 113.18604, 0.77402, 0.77402, 0.77402, 1.00, 0.54579, 0.84695, 0.54579, 0.84695, -0.30658, -0.30183, 0.90273, -72.68488, -11.07565, -86.42297
2556, 752, -59.62532, -16.99818, 111.01581, 111.97879, 0.49535, 0.49535, 0.49535, 1.00, 0.52069, 0.74537, 0.52069, 0.74537, -0.50569, -0.55609, 0.65958, -72.06648, -5.38799, -87.40349
2557, 751, -60.53424, -21.80805, 111.42239, 112.38524, 0.71644, 0.71644, 0.71644, 1.00, 0.51617, 0.82316, 0.51617, 0.82316, -0.40423, -0.33602, 0.8507, -72.47033, -8.90129, -88.20734
2558, 753, -61.16935, -15.5656, 112.70583, 113.66825, 0.77598, 0.77598, 0.77598, 1.00, 0.48954, 0.74405, 0.48954, 0.74405, 0.08984, -0.40429, 0.91021, -74.14315, -4.45618, -88.40048
2559, 711, -54.65594, -22.71519, 108.68336, 109.64712, 0.33293, 0.33293, 0.33293, 1.00, 0.63385, 0.82468, 0.63385, 0.82468, -0.81397, -0.36763, 0.44978, -68.32974, -9.38573, -83.41367
2560, 751, -60.53424, -21.80805, 111.42239, 112.38524, 0.71644, 0.71644, 0.71644, 1.00, 0.51617, 0.82316, 0.51617, 0.82316, -0.40423, -0.33602, 0.8507, -72.47033, -8.90129, -88.20734
2561, 715, -53.5272, -17.38813, 108.90196, 109.86565, 0.16641, 0.16641, 0.16641, 1.00, 0.63385, 0.74442, 0.63385, 0.74442, -0.77671, -0.54883, 0.30904, -68.49724, -5.53698, -82.2381
2562, 754, -60.47657, -13.48666, 107.30448, 108.26871, 0.70294, 0.70294, 0.70294, 1.00, 0.52069, 0.72113, 0.52069, 0.72113, -0.58005, -0.17572, 0.7954, -68.85475, -2.60699, -89.10777
2563, 752, -59.62532, -16.99818, 111.01581, 111.97879, 0.49535, 0.49535, 0.49535, 1.00, 0.52069, 0.74537, 0.52069, 0.74537, -0.50569, -0.55609, 0.65958, -72.06648, -5.38799, -87.40349
2564, 753, -61.16935, -15.5656, 112.70583, 113.66825, 0.77598, 0.77598, 0.77598, 1.00, 0.48954, 0.74405, 0.48954, 0.74405, 0.08984, -0.40429, 0.91021, -74.14315, -4.45618, -88.40048
2565, 754, -60.47657, -13.48666, 107.30448, 108.26871, 0.70294, 0.70294, 0.70294, 1.00, 0.52069, 0.72113, 0.52069, 0.72113, -0.58005, -0.17572, 0.7954, -68.85475, -2.60699, -89.10777
2566, 753, -61.16935, -15.5656, 112.70583, 113.66825, 0.77598, 0.77598, 0.77598, 1.00, 0.48954, 0.74405, 0.48954, 0.74405, 0.08984, -0.40429, 0.91021, -74.14315, -4.45618, -88.40048
2567, 755, -61.98183, -12.40353, 109.11122, 110.07484, 0.87366, 0.87366, 0.87366, 1.00, 0.48261, 0.71756, 0.48261, 0.71756, -0.16833, -0.17216, 0.97058, -71.01881, -1.93596, -90.04276
2568, 718, -54.8699, -2.73703, 105.5601, 106.52489, 0.43185, 0.43185, 0.43185, 1.00, 0.63385, 0.63694, 0.63385, 0.63694, -0.88055, 0.21725, 0.42123, -66.25895, 5.29778, -84.17692
2569, 754, -60.47657, -13.48666, 107.30448, 108.26871, 0.70294, 0.70294, 0.70294, 1.00, 0.52069, 0.72113, 0.52069, 0.72113, -0.58005, -0.17572, 0.7954, -68.85475, -2.60699, -89.10777
2570, 756, -61.20307, -5.36579, 109.72075, 110.68416, 0.50526, 0.50526, 0.50526, 1.00, 0.49349, 0.6389, 0.49349, 0.6389, -0.79591, 0.36664, 0.48177, -71.72621, 3.12843, -89.07484
2571, 718, -54.8699, -2.73703, 105.5601, 106.52489, 0.43185, 0.43185, 0.43185, 1.00, 0.63385, 0.63694, 0.63385, 0.63694, -0.88055, 0.21725, 0.42123, -66.25895, 5.29778, -84.17692
2572, 720, -54.3999, -13.60735, 105.14692, 106.11185, 0.29754, 0.29754, 0.29754, 1.00, 0.63385, 0.72087, 0.63385, 0.72087, -0.88322, -0.27337, 0.38103, -65.26064, -2.55799, -83.97047
2573, 754, -60.47657, -13.48666, 107.30448, 108.26871, 0.70294, 0.70294, 0.70294, 1.00, 0.52069, 0.72113, 0.52069, 0.72113, -0.58005, -0.17572, 0.7954, -68.85475, -2.60699, -89.10777
2574, 749, -58.81046, -24.73692, 112.22346, 113.18604, 0.77402, 0.77402, 0.77402, 1.00, 0.54579, 0.84695, 0.54579, 0.84695, -0.30658, -0.30183, 0.90273, -72.68488, -11.07565, -86.42297
2575, 750, -58.96941, -29.01315, 112.12952, 113.09213, 0.90622, 0.90622, 0.90622, 1.00, 0.53788, 0.87156, 0.53788, 0.87156, -0.30144, 0.16224, 0.93958, -72.44363, -14.17033, -86.64619
2576, 757, -59.30001, -23.17351, 116.92747, 117.88849, 0.9063, 0.9063, 0.9063, 1.00, 0.48631, 0.84596, 0.48631, 0.84596, 0.13958, -0.10615, 0.9845, -77.41226, -10.23969, -85.66069
2577, 757, -59.30001, -23.17351, 116.92747, 117.88849, 0.9063, 0.9063, 0.9063, 1.00, 0.48631, 0.84596, 0.48631, 0.84596, 0.13958, -0.10615, 0.9845, -77.41226, -10.23969, -85.66069
2578, 750, -58.96941, -29.01315, 112.12952, 113.09213, 0.90622, 0.90622, 0.90622, 1.00, 0.53788, 0.87156, 0.53788, 0.87156, -0.30144, 0.16224, 0.93958, -72.44363, -14.17033, -86.64619
2579, 758, -59.46614, -28.87452, 116.34751, 117.30872, 2.15539, 2.15539, 2.15539, 1.00, 0.48315, 0.87495, 0.48315, 0.87495, 0.13294, 0.28322, 0.9498, -76.64076, -14.33672, -86.03164
2580, 749, -58.81046, -24.73692, 112.22346, 113.18604, 0.77402, 0.77402, 0.77402, 1.00, 0.54579, 0.84695, 0.54579, 0.84695, -0.30658, -0.30183, 0.90273, -72.68488, -11.07565, -86.42297
2581, 757, -59.30001, -23.17351, 116.92747, 117.88849, 0.9063, 0.9063, 0.9063, 1.00, 0.48631, 0.84596, 0.48631, 0.84596, 0.13958, -0.10615, 0.9845, -77.41226, -10.23969, -85.66069
2582, 759, -60.34515, -20.60095, 116.91003, 117.87105, 1.99717, 1.99717, 1.99717, 1.00, 0.46403, 0.8276, 0.46403, 0.8276, 0.21912, -0.34075, 0.91426, -77.76917, -8.37326, -86.6135
2583, 751, -60.53424, -21.80805, 111.42239, 112.38524, 0.71644, 0.71644, 0.71644, 1.00, 0.51617, 0.82316, 0.51617, 0.82316, -0.40423, -0.33602, 0.8507, -72.47033, -8.90129, -88.20734
2584, 749, -58.81046, -24.73692, 112.22346, 113.18604, 0.77402, 0.77402, 0.77402, 1.00, 0.54579, 0.84695, 0.54579, 0.84695, -0.30658, -0.30183, 0.90273, -72.68488, -11.07565, -86.42297
2585, 759, -60.34515, -20.60095, 116.91003, 117.87105, 1.99717, 1.99717, 1.99717, 1.00, 0.46403, 0.8276, 0.46403, 0.8276, 0.21912, -0.34075, 0.91426, -77.76917, -8.37326, -86.6135
2586, 751, -60.53424, -21.80805, 111.42239, 112.38524, 0.71644, 0.71644, 0.71644, 1.00, 0.51617, 0.82316, 0.51617, 0.82316, -0.40423, -0.33602, 0.8507, -72.47033, -8.90129, -88.20734
2587, 759, -60.34515, -20.60095, 116.91003, 117.87105, 1.99717, 1.99717, 1.99717, 1.00, 0.46403, 0.8276, 0.46403, 0.8276, 0.21912, -0.34075, 0.91426, -77.76917, -8.37326, -86.6135
2588, 753, -61.16935, -15.5656, 112.70583, 113.66825, 0.77598, 0.77598, 0.77598, 1.00, 0.48954, 0.74405, 0.48954, 0.74405, 0.08984, -0.40429, 0.91021, -74.14315, -4.45618, -88.40048
2589, 753, -61.16935, -15.5656, 112.70583, 113.66825, 0.77598, 0.77598, 0.77598, 1.00, 0.48954, 0.74405, 0.48954, 0.74405, 0.08984, -0.40429, 0.91021, -74.14315, -4.45618, -88.40048
2590, 759, -60.34515, -20.60095, 116.91003, 117.87105, 1.99717, 1.99717, 1.99717, 1.00, 0.46403, 0.8276, 0.46403, 0.8276, 0.21912, -0.34075, 0.91426, -77.76917, -8.37326, -86.6135
2591, 760, -61.57638, -11.85817, 115.32849, 116.29004, 1.93741, 1.93741, 1.93741, 1.00, 0.41844, 0.74352, 0.41844, 0.74352, 0.21487, -0.44959, 0.86701, -76.93818, -1.93392, -88.06763
2592, 753, -61.16935, -15.5656, 112.70583, 113.66825, 0.77598, 0.77598, 0.77598, 1.00, 0.48954, 0.74405, 0.48954, 0.74405, 0.08984, -0.40429, 0.91021, -74.14315, -4.45618, -88.40048
2593, 760, -61.57638, -11.85817, 115.32849, 116.29004, 1.93741, 1.93741, 1.93741, 1.00, 0.41844, 0.74352, 0.41844, 0.74352, 0.21487, -0.44959, 0.86701, -76.93818, -1.93392, -88.06763
2594, 761, -65.89494, -9.90939, 113.04713, 114.00943, 0.91153, 0.91153, 0.91153, 1.00, 0.40702, 0.71198, 0.40702, 0.71198, -0.26024, 0.13888, 0.9555, -75.89648, -0.37653, -92.67163
2595, 753, -61.16935, -15.5656, 112.70583, 113.66825, 0.77598, 0.77598, 0.77598, 1.00, 0.48954, 0.74405, 0.48954, 0.74405, 0.08984, -0.40429, 0.91021, -74.14315, -4.45618, -88.40048
2596, 761, -65.89494, -9.90939, 113.04713, 114.00943, 0.91153, 0.91153, 0.91153, 1.00, 0.40702, 0.71198, 0.40702, 0.71198, -0.26024, 0.13888, 0.9555, -75.89648, -0.37653, -92.67163
2597, 755, -61.98183, -12.40353, 109.11122, 110.07484, 0.87366, 0.87366, 0.87366, 1.00, 0.48261, 0.71756, 0.48261, 0.71756, -0.16833, -0.17216, 0.97058, -71.01881, -1.93596, -90.04276
2598, 755, -61.98183, -12.40353, 109.11122, 110.07484, 0.87366, 0.87366, 0.87366, 1.00, 0.48261, 0.71756, 0.48261, 0.71756, -0.16833, -0.17216, 0.97058, -71.01881, -1.93596, -90.04276
2599, 761, -65.89494, -9.90939, 113.04713, 114.00943, 0.91153, 0.91153, 0.91153, 1.00, 0.40702, 0.71198, 0.40702, 0.71198, -0.26024, 0.13888, 0.9555, -75.89648, -0.37653, -92.67163
2600, 756, -61.20307, -5.36579, 109.72075, 110.68416, 0.50526, 0.50526, 0.50526, 1.00, 0.49349, 0.6389, 0.49349, 0.6389, -0.79591, 0.36664, 0.48177, -71.72621, 3.12843, -89.07484
2601, 756, -61.20307, -5.36579, 109.72075, 110.68416, 0.50526, 0.50526, 0.50526, 1.00, 0.49349, 0.6389, 0.49349, 0.6389, -0.79591, 0.36664, 0.48177, -71.72621, 3.12843, -89.07484
2602, 761, -65.89494, -9.90939, 113.04713, 114.00943, 0.91153, 0.91153, 0.91153, 1.00, 0.40702, 0.71198, 0.40702, 0.71198, -0.26024, 0.13888, 0.9555, -75.89648, -0.37653, -92.67163
2603, 762, -62.97372, -4.27579, 110.43562, 111.39879, 0.52389, 0.52389, 0.52389, 1.00, 0.40722, 0.65037, 0.40722, 0.65037, -0.81238, 0.24308, 0.53005, -72.90348, 3.87354, -90.53732
2604, 763, -58.00918, -0.51624, 107.50208, 108.46623, 0.66204, 0.66204, 0.66204, 1.00, 0.57267, 0.62512, 0.57267, 0.62512, -0.57211, 0.55991, 0.59932, -69.00954, 6.78517, -86.59402
2605, 718, -54.8699, -2.73703, 105.5601, 106.52489, 0.43185, 0.43185, 0.43185, 1.00, 0.63385, 0.63694, 0.63385, 0.63694, -0.88055, 0.21725, 0.42123, -66.25895, 5.29778, -84.17692
2606, 756, -61.20307, -5.36579, 109.72075, 110.68416, 0.50526, 0.50526, 0.50526, 1.00, 0.49349, 0.6389, 0.49349, 0.6389, -0.79591, 0.36664, 0.48177, -71.72621, 3.12843, -89.07484
2607, 763, -58.00918, -0.51624, 107.50208, 108.46623, 0.66204, 0.66204, 0.66204, 1.00, 0.57267, 0.62512, 0.57267, 0.62512, -0.57211, 0.55991, 0.59932, -69.00954, 6.78517, -86.59402
2608, 756, -61.20307, -5.36579, 109.72075, 110.68416, 0.50526, 0.50526, 0.50526, 1.00, 0.49349, 0.6389, 0.49349, 0.6389, -0.79591, 0.36664, 0.48177, -71.72621, 3.12843, -89.07484
2609, 764, -61.9896, -1.6253, 111.64265, 112.60542, 0.21601, 0.21601, 0.21601, 1.00, 0.40712, 0.63588, 0.40712, 0.63588, -0.7593, 0.63819, 0.1272, -73.9411, 5.71901, -89.27606
2610, 764, -61.9896, -1.6253, 111.64265, 112.60542, 0.21601, 0.21601, 0.21601, 1.00, 0.40712, 0.63588, 0.40712, 0.63588, -0.7593, 0.63819, 0.1272, -73.9411, 5.71901, -89.27606
2611, 756, -61.20307, -5.36579, 109.72075, 110.68416, 0.50526, 0.50526, 0.50526, 1.00, 0.49349, 0.6389, 0.49349, 0.6389, -0.79591, 0.36664, 0.48177, -71.72621, 3.12843, -89.07484
2612, 762, -62.97372, -4.27579, 110.43562, 111.39879, 0.52389, 0.52389, 0.52389, 1.00, 0.40722, 0.65037, 0.40722, 0.65037, -0.81238, 0.24308, 0.53005, -72.90348, 3.87354, -90.53732
2613, 763, -58.00918, -0.51624, 107.50208, 108.46623, 0.66204, 0.66204, 0.66204, 1.00, 0.57267, 0.62512, 0.57267, 0.62512, -0.57211, 0.55991, 0.59932, -69.00954, 6.78517, -86.59402
2614, 764, -61.9896, -1.6253, 111.64265, 112.60542, 0.21601, 0.21601, 0.21601, 1.00, 0.40712, 0.63588, 0.40712, 0.63588, -0.7593, 0.63819, 0.1272, -73.9411, 5.71901, -89.27606
2615, 765, -58.24724, 3.03452, 110.05453, 111.01783, 0.65994, 0.65994, 0.65994, 1.00, 0.56318, 0.61042, 0.56318, 0.61042, -0.48548, 0.6525, 0.58186, -71.68797, 9.19826, -86.12273
2616, 757, -59.30001, -23.17351, 116.92747, 117.88849, 0.9063, 0.9063, 0.9063, 1.00, 0.48631, 0.84596, 0.48631, 0.84596, 0.13958, -0.10615, 0.9845, -77.41226, -10.23969, -85.66069
2617, 758, -59.46614, -28.87452, 116.34751, 117.30872, 2.15539, 2.15539, 2.15539, 1.00, 0.48315, 0.87495, 0.48315, 0.87495, 0.13294, 0.28322, 0.9498, -76.64076, -14.33672, -86.03164
2618, 766, -59.60183, -23.10155, 118.60886, 119.56931, 0.88646, 0.88646, 0.88646, 1.00, 0.44942, 0.85122, 0.44942, 0.85122, 0.11574, -0.17065, 0.97851, -79.11184, -10.2939, -85.51272
2619, 766, -59.60183, -23.10155, 118.60886, 119.56931, 0.88646, 0.88646, 0.88646, 1.00, 0.44942, 0.85122, 0.44942, 0.85122, 0.11574, -0.17065, 0.97851, -79.11184, -10.2939, -85.51272
2620, 758, -59.46614, -28.87452, 116.34751, 117.30872, 2.15539, 2.15539, 2.15539, 1.00, 0.48315, 0.87495, 0.48315, 0.87495, 0.13294, 0.28322, 0.9498, -76.64076, -14.33672, -86.03164
2621, 767, -59.69833, -28.5009, 118.10916, 119.06978, 0.95835, 0.95835, 0.95835, 1.00, 0.44784, 0.87636, 0.44784, 0.87636, 0.11128, 0.20824, 0.97173, -78.41387, -14.17728, -85.79442
2622, 757, -59.30001, -23.17351, 116.92747, 117.88849, 0.9063, 0.9063, 0.9063, 1.00, 0.48631, 0.84596, 0.48631, 0.84596, 0.13958, -0.10615, 0.9845, -77.41226, -10.23969, -85.66069
2623, 766, -59.60183, -23.10155, 118.60886, 119.56931, 0.88646, 0.88646, 0.88646, 1.00, 0.44942, 0.85122, 0.44942, 0.85122, 0.11574, -0.17065, 0.97851, -79.11184, -10.2939, -85.51272
2624, 759, -60.34515, -20.60095, 116.91003, 117.87105, 1.99717, 1.99717, 1.99717, 1.00, 0.46403, 0.8276, 0.46403, 0.8276, 0.21912, -0.34075, 0.91426, -77.76917, -8.37326, -86.6135
2625, 759, -60.34515, -20.60095, 116.91003, 117.87105, 1.99717, 1.99717, 1.99717, 1.00, 0.46403, 0.8276, 0.46403, 0.8276, 0.21912, -0.34075, 0.91426, -77.76917, -8.37326, -86.6135
2626, 766, -59.60183, -23.10155, 118.60886, 119.56931, 0.88646, 0.88646, 0.88646, 1.00, 0.44942, 0.85122, 0.44942, 0.85122, 0.11574, -0.17065, 0.97851, -79.11184, -10.2939, -85.51272
2627, 768, -60.55972, -20.30853, 118.54898, 119.50945, 0.86117, 0.86117, 0.86117, 1.00, 0.43045, 0.82947, 0.43045, 0.82947, 0.07034, -0.24074, 0.96804, -79.41596, -8.26494, -86.39208
2628, 760, -61.57638, -11.85817, 115.32849, 116.29004, 1.93741, 1.93741, 1.93741, 1.00, 0.41844, 0.74352, 0.41844, 0.74352, 0.21487, -0.44959, 0.86701, -76.93818, -1.93392, -88.06763
2629, 768, -60.55972, -20.30853, 118.54898, 119.50945, 0.86117, 0.86117, 0.86117, 1.00, 0.43045, 0.82947, 0.43045, 0.82947, 0.07034, -0.24074, 0.96804, -79.41596, -8.26494, -86.39208
2630, 769, -61.79107, -11.59608, 115.70989, 116.67131, 0.66378, 0.66378, 0.66378, 1.00, 0.41889, 0.74069, 0.41889, 0.74069, 0.02669, -0.56785, 0.8227, -77.37092, -1.76802, -88.16811
2631, 759, -60.34515, -20.60095, 116.91003, 117.87105, 1.99717, 1.99717, 1.99717, 1.00, 0.46403, 0.8276, 0.46403, 0.8276, 0.21912, -0.34075, 0.91426, -77.76917, -8.37326, -86.6135
2632, 768, -60.55972, -20.30853, 118.54898, 119.50945, 0.86117, 0.86117, 0.86117, 1.00, 0.43045, 0.82947, 0.43045, 0.82947, 0.07034, -0.24074, 0.96804, -79.41596, -8.26494, -86.39208
2633, 760, -61.57638, -11.85817, 115.32849, 116.29004, 1.93741, 1.93741, 1.93741, 1.00, 0.41844, 0.74352, 0.41844, 0.74352, 0.21487, -0.44959, 0.86701, -76.93818, -1.93392, -88.06763
2634, 760, -61.57638, -11.85817, 115.32849, 116.29004, 1.93741, 1.93741, 1.93741, 1.00, 0.41844, 0.74352, 0.41844, 0.74352, 0.21487, -0.44959, 0.86701, -76.93818, -1.93392, -88.06763
2635, 769, -61.79107, -11.59608, 115.70989, 116.67131, 0.66378, 0.66378, 0.66378, 1.00, 0.41889, 0.74069, 0.41889, 0.74069, 0.02669, -0.56785, 0.8227, -77.37092, -1.76802, -88.16811
2636, 761, -65.89494, -9.90939, 113.04713, 114.00943, 0.91153, 0.91153, 0.91153, 1.00, 0.40702, 0.71198, 0.40702, 0.71198, -0.26024, 0.13888, 0.9555, -75.89648, -0.37653, -92.67163
2637, 708, -54.13002, -29.6664, 109.90263, 110.86598, 0.4133, 0.4133, 0.4133, 1.00, 0.63385, 0.87519, 0.63385, 0.87519, -0.89349, 0.03444, 0.44776, -69.06606, -14.50309, -82.69147
2638, 734, -54.14303, -30.96672, 109.90197, 110.86533, 0.40094, 0.40094, 0.40094, 1.00, 0.63385, 0.88546, 0.63385, 0.88546, -0.89384, -0.02021, 0.44793, -69.01084, -15.4459, -82.71915
2639, 750, -58.96941, -29.01315, 112.12952, 113.09213, 0.90622, 0.90622, 0.90622, 1.00, 0.53788, 0.87156, 0.53788, 0.87156, -0.30144, 0.16224, 0.93958, -72.44363, -14.17033, -86.64619
2640, 750, -58.96941, -29.01315, 112.12952, 113.09213, 0.90622, 0.90622, 0.90622, 1.00, 0.53788, 0.87156, 0.53788, 0.87156, -0.30144, 0.16224, 0.93958, -72.44363, -14.17033, -86.64619
2641, 734, -54.14303, -30.96672, 109.90197, 110.86533, 0.40094, 0.40094, 0.40094, 1.00, 0.63385, 0.88546, 0.63385, 0.88546, -0.89384, -0.02021, 0.44793, -69.01084, -15.4459, -82.71915
2642, 770, -59.10437, -30.76505, 112.21307, 113.17565, 0.83429, 0.83429, 0.83429, 1.00, 0.53544, 0.88546, 0.53544, 0.88546, -0.4411, 0.03723, 0.89669, -72.47981, -15.4459, -86.77186
2643, 750, -58.96941, -29.01315, 112.12952, 113.09213, 0.90622, 0.90622, 0.90622, 1.00, 0.53788, 0.87156, 0.53788, 0.87156, -0.30144, 0.16224, 0.93958, -72.44363, -14.17033, -86.64619
2644, 770, -59.10437, -30.76505, 112.21307, 113.17565, 0.83429, 0.83429, 0.83429, 1.00, 0.53544, 0.88546, 0.53544, 0.88546, -0.4411, 0.03723, 0.89669, -72.47981, -15.4459, -86.77186
2645, 771, -60.15802, -30.38443, 116.57456, 117.53569, 2.14615, 2.14615, 2.14615, 1.00, 0.47007, 0.88703, 0.47007, 0.88703, 0.13446, 0.34466, 0.92905, -76.9643, -15.4459, -86.63927
2646, 750, -58.96941, -29.01315, 112.12952, 113.09213, 0.90622, 0.90622, 0.90622, 1.00, 0.53788, 0.87156, 0.53788, 0.87156, -0.30144, 0.16224, 0.93958, -72.44363, -14.17033, -86.64619
2647, 771, -60.15802, -30.38443, 116.57456, 117.53569, 2.14615, 2.14615, 2.14615, 1.00, 0.47007, 0.88703, 0.47007, 0.88703, 0.13446, 0.34466, 0.92905, -76.9643, -15.4459, -86.63927
2648, 758, -59.46614, -28.87452, 116.34751, 117.30872, 2.15539, 2.15539, 2.15539, 1.00, 0.48315, 0.87495, 0.48315, 0.87495, 0.13294, 0.28322, 0.9498, -76.64076, -14.33672, -86.03164
2649, 758, -59.46614, -28.87452, 116.34751, 117.30872, 2.15539, 2.15539, 2.15539, 1.00, 0.48315, 0.87495, 0.48315, 0.87495, 0.13294, 0.28322, 0.9498, -76.64076, -14.33672, -86.03164
2650, 771, -60.15802, -30.38443, 116.57456, 117.53569, 2.14615, 2.14615, 2.14615, 1.00, 0.47007, 0.88703, 0.47007, 0.88703, 0.13446, 0.34466, 0.92905, -76.9643, -15.4459, -86.63927
2651, 772, -60.22047, -30.21598, 118.50488, 119.46537, 2.13583, 2.13583, 2.13583, 1.00, 0.4372, 0.89018, 0.4372, 0.89018, 0.16823, 0.39734, 0.90212, -78.84884, -15.4459, -86.20241
2652, 758, -59.46614, -28.87452, 116.34751, 117.30872, 2.15539, 2.15539, 2.15539, 1.00, 0.48315, 0.87495, 0.48315, 0.87495, 0.13294, 0.28322, 0.9498, -76.64076, -14.33672, -86.03164
2653, 772, -60.22047, -30.21598, 118.50488, 119.46537, 2.13583, 2.13583, 2.13583, 1.00, 0.4372, 0.89018, 0.4372, 0.89018, 0.16823, 0.39734, 0.90212, -78.84884, -15.4459, -86.20241
2654, 767, -59.69833, -28.5009, 118.10916, 119.06978, 0.95835, 0.95835, 0.95835, 1.00, 0.44784, 0.87636, 0.44784, 0.87636, 0.11128, 0.20824, 0.97173, -78.41387, -14.17728, -85.79442
2655, 734, -54.14303, -30.96672, 109.90197, 110.86533, 0.40094, 0.40094, 0.40094, 1.00, 0.63385, 0.88546, 0.63385, 0.88546, -0.89384, -0.02021, 0.44793, -69.01084, -15.4459, -82.71915
2656, 739, -54.00282, -36.83191, 110.26994, 111.23317, 0.37214, 0.37214, 0.37214, 1.00, 0.63385, 0.93945, 0.63385, 0.93945, -0.88718, -0.12349, 0.4446, -69.07018, -19.72194, -82.5629
2657, 770, -59.10437, -30.76505, 112.21307, 113.17565, 0.83429, 0.83429, 0.83429, 1.00, 0.53544, 0.88546, 0.53544, 0.88546, -0.4411, 0.03723, 0.89669, -72.47981, -15.4459, -86.77186
2658, 770, -59.10437, -30.76505, 112.21307, 113.17565, 0.83429, 0.83429, 0.83429, 1.00, 0.53544, 0.88546, 0.53544, 0.88546, -0.4411, 0.03723, 0.89669, -72.47981, -15.4459, -86.77186
2659, 739, -54.00282, -36.83191, 110.26994, 111.23317, 0.37214, 0.37214, 0.37214, 1.00, 0.63385, 0.93945, 0.63385, 0.93945, -0.88718, -0.12349, 0.4446, -69.07018, -19.72194, -82.5629
2660, 773, -59.09613, -36.82135, 112.56946, 113.53192, 0.65756, 0.65756, 0.65756, 1.00, 0.53314, 0.94095, 0.53314, 0.94095, -0.68326, -0.01881, 0.72993, -72.55225, -19.85979, -86.74441
2661, 770, -59.10437, -30.76505, 112.21307, 113.17565, 0.83429, 0.83429, 0.83429, 1.00, 0.53544, 0.88546, 0.53544, 0.88546, -0.4411, 0.03723, 0.89669, -72.47981, -15.4459, -86.77186
2662, 773, -59.09613, -36.82135, 112.56946, 113.53192, 0.65756, 0.65756, 0.65756, 1.00, 0.53314, 0.94095, 0.53314, 0.94095, -0.68326, -0.01881, 0.72993, -72.55225, -19.85979, -86.74441
2663, 774, -61.13526, -36.79259, 114.22002, 115.18194, 0.92566, 0.92566, 0.92566, 1.00, 0.48999, 0.94186, 0.48999, 0.94186, -0.16669, 0.09134, 0.98177, -74.65133, -19.94337, -88.23164
2664, 770, -59.10437, -30.76505, 112.21307, 113.17565, 0.83429, 0.83429, 0.83429, 1.00, 0.53544, 0.88546, 0.53544, 0.88546, -0.4411, 0.03723, 0.89669, -72.47981, -15.4459, -86.77186
2665, 775, -60.53477, -32.11936, 116.51333, 117.47448, 0.95426, 0.95426, 0.95426, 1.00, 0.46382, 0.90069, 0.46382, 0.90069, 0.12051, 0.23408, 0.96472, -76.92163, -16.70, -87.02815
2666, 771, -60.15802, -30.38443, 116.57456, 117.53569, 2.14615, 2.14615, 2.14615, 1.00, 0.47007, 0.88703, 0.47007, 0.88703, 0.13446, 0.34466, 0.92905, -76.9643, -15.4459, -86.63927
2667, 776, -61.4146, -36.35789, 117.96581, 118.92647, 2.13477, 2.13477, 2.13477, 1.00, 0.41671, 0.94573, 0.41671, 0.94573, 0.16839, 0.12069, 0.9783, -78.35229, -19.8652, -87.53072
2668, 775, -60.53477, -32.11936, 116.51333, 117.47448, 0.95426, 0.95426, 0.95426, 1.00, 0.46382, 0.90069, 0.46382, 0.90069, 0.12051, 0.23408, 0.96472, -76.92163, -16.70, -87.02815
2669, 774, -61.13526, -36.79259, 114.22002, 115.18194, 0.92566, 0.92566, 0.92566, 1.00, 0.48999, 0.94186, 0.48999, 0.94186, -0.16669, 0.09134, 0.98177, -74.65133, -19.94337, -88.23164
2670, 771, -60.15802, -30.38443, 116.57456, 117.53569, 2.14615, 2.14615, 2.14615, 1.00, 0.47007, 0.88703, 0.47007, 0.88703, 0.13446, 0.34466, 0.92905, -76.9643, -15.4459, -86.63927
2671, 775, -60.53477, -32.11936, 116.51333, 117.47448, 0.95426, 0.95426, 0.95426, 1.00, 0.46382, 0.90069, 0.46382, 0.90069, 0.12051, 0.23408, 0.96472, -76.92163, -16.70, -87.02815
2672, 777, -60.6724, -31.83878, 118.86473, 119.8251, 2.14376, 2.14376, 2.14376, 1.00, 0.42796, 0.90324, 0.42796, 0.90324, 0.19818, 0.26695, 0.94311, -79.23588, -16.64533, -86.55274
2673, 771, -60.15802, -30.38443, 116.57456, 117.53569, 2.14615, 2.14615, 2.14615, 1.00, 0.47007, 0.88703, 0.47007, 0.88703, 0.13446, 0.34466, 0.92905, -76.9643, -15.4459, -86.63927
2674, 777, -60.6724, -31.83878, 118.86473, 119.8251, 2.14376, 2.14376, 2.14376, 1.00, 0.42796, 0.90324, 0.42796, 0.90324, 0.19818, 0.26695, 0.94311, -79.23588, -16.64533, -86.55274
2675, 772, -60.22047, -30.21598, 118.50488, 119.46537, 2.13583, 2.13583, 2.13583, 1.00, 0.4372, 0.89018, 0.4372, 0.89018, 0.16823, 0.39734, 0.90212, -78.84884, -15.4459, -86.20241
2676, 774, -61.13526, -36.79259, 114.22002, 115.18194, 0.92566, 0.92566, 0.92566, 1.00, 0.48999, 0.94186, 0.48999, 0.94186, -0.16669, 0.09134, 0.98177, -74.65133, -19.94337, -88.23164
2677, 775, -60.53477, -32.11936, 116.51333, 117.47448, 0.95426, 0.95426, 0.95426, 1.00, 0.46382, 0.90069, 0.46382, 0.90069, 0.12051, 0.23408, 0.96472, -76.92163, -16.70, -87.02815
2678, 770, -59.10437, -30.76505, 112.21307, 113.17565, 0.83429, 0.83429, 0.83429, 1.00, 0.53544, 0.88546, 0.53544, 0.88546, -0.4411, 0.03723, 0.89669, -72.47981, -15.4459, -86.77186
2679, 777, -60.6724, -31.83878, 118.86473, 119.8251, 2.14376, 2.14376, 2.14376, 1.00, 0.42796, 0.90324, 0.42796, 0.90324, 0.19818, 0.26695, 0.94311, -79.23588, -16.64533, -86.55274
2680, 775, -60.53477, -32.11936, 116.51333, 117.47448, 0.95426, 0.95426, 0.95426, 1.00, 0.46382, 0.90069, 0.46382, 0.90069, 0.12051, 0.23408, 0.96472, -76.92163, -16.70, -87.02815
2681, 776, -61.4146, -36.35789, 117.96581, 118.92647, 2.13477, 2.13477, 2.13477, 1.00, 0.41671, 0.94573, 0.41671, 0.94573, 0.16839, 0.12069, 0.9783, -78.35229, -19.8652, -87.53072
2682, 752, -59.62532, -16.99818, 111.01581, 111.97879, 0.49535, 0.49535, 0.49535, 1.00, 0.52069, 0.74537, 0.52069, 0.74537, -0.50569, -0.55609, 0.65958, -72.06648, -5.38799, -87.40349
2683, 754, -60.47657, -13.48666, 107.30448, 108.26871, 0.70294, 0.70294, 0.70294, 1.00, 0.52069, 0.72113, 0.52069, 0.72113, -0.58005, -0.17572, 0.7954, -68.85475, -2.60699, -89.10777
2684, 720, -54.3999, -13.60735, 105.14692, 106.11185, 0.29754, 0.29754, 0.29754, 1.00, 0.63385, 0.72087, 0.63385, 0.72087, -0.88322, -0.27337, 0.38103, -65.26064, -2.55799, -83.97047
2685, 756, -61.20307, -5.36579, 109.72075, 110.68416, 0.50526, 0.50526, 0.50526, 1.00, 0.49349, 0.6389, 0.49349, 0.6389, -0.79591, 0.36664, 0.48177, -71.72621, 3.12843, -89.07484
2686, 754, -60.47657, -13.48666, 107.30448, 108.26871, 0.70294, 0.70294, 0.70294, 1.00, 0.52069, 0.72113, 0.52069, 0.72113, -0.58005, -0.17572, 0.7954, -68.85475, -2.60699, -89.10777
2687, 755, -61.98183, -12.40353, 109.11122, 110.07484, 0.87366, 0.87366, 0.87366, 1.00, 0.48261, 0.71756, 0.48261, 0.71756, -0.16833, -0.17216, 0.97058, -71.01881, -1.93596, -90.04276
2688, 751, -60.53424, -21.80805, 111.42239, 112.38524, 0.71644, 0.71644, 0.71644, 1.00, 0.51617, 0.82316, 0.51617, 0.82316, -0.40423, -0.33602, 0.8507, -72.47033, -8.90129, -88.20734
2689, 752, -59.62532, -16.99818, 111.01581, 111.97879, 0.49535, 0.49535, 0.49535, 1.00, 0.52069, 0.74537, 0.52069, 0.74537, -0.50569, -0.55609, 0.65958, -72.06648, -5.38799, -87.40349
2690, 715, -53.5272, -17.38813, 108.90196, 109.86565, 0.16641, 0.16641, 0.16641, 1.00, 0.63385, 0.74442, 0.63385, 0.74442, -0.77671, -0.54883, 0.30904, -68.49724, -5.53698, -82.2381
2691, 720, -54.3999, -13.60735, 105.14692, 106.11185, 0.29754, 0.29754, 0.29754, 1.00, 0.63385, 0.72087, 0.63385, 0.72087, -0.88322, -0.27337, 0.38103, -65.26064, -2.55799, -83.97047
2692, 715, -53.5272, -17.38813, 108.90196, 109.86565, 0.16641, 0.16641, 0.16641, 1.00, 0.63385, 0.74442, 0.63385, 0.74442, -0.77671, -0.54883, 0.30904, -68.49724, -5.53698, -82.2381
2693, 752, -59.62532, -16.99818, 111.01581, 111.97879, 0.49535, 0.49535, 0.49535, 1.00, 0.52069, 0.74537, 0.52069, 0.74537, -0.50569, -0.55609, 0.65958, -72.06648, -5.38799, -87.40349
2694, 739, -54.00282, -36.83191, 110.26994, 111.23317, 0.37214, 0.37214, 0.37214, 1.00, 0.63385, 0.93945, 0.63385, 0.93945, -0.88718, -0.12349, 0.4446, -69.07018, -19.72194, -82.5629
2695, 745, -53.76774, -43.65471, 111.67962, 112.64238, 0.33879, 0.33879, 0.33879, 1.00, 0.63385, 0.9943, 0.63385, 0.9943, -0.87284, -0.21636, 0.43741, -70.068, -24.75826, -82.06287
2696, 778, -59.45202, -43.9656, 112.61504, 113.57748, 0.67601, 0.67601, 0.67601, 1.00, 0.55637, 0.99147, 0.55637, 0.99147, -0.64882, -0.04456, 0.75964, -72.36694, -25.04286, -87.15018
2697, 779, -61.44968, -40.30257, 114.48455, 115.44638, 0.93381, 0.93381, 0.93381, 1.00, 0.49104, 0.98035, 0.49104, 0.98035, -0.13365, 0.34913, 0.9275, -74.82844, -22.50515, -88.49981
2698, 773, -59.09613, -36.82135, 112.56946, 113.53192, 0.65756, 0.65756, 0.65756, 1.00, 0.53314, 0.94095, 0.53314, 0.94095, -0.68326, -0.01881, 0.72993, -72.55225, -19.85979, -86.74441
2699, 778, -59.45202, -43.9656, 112.61504, 113.57748, 0.67601, 0.67601, 0.67601, 1.00, 0.55637, 0.99147, 0.55637, 0.99147, -0.64882, -0.04456, 0.75964, -72.36694, -25.04286, -87.15018
2700, 779, -61.44968, -40.30257, 114.48455, 115.44638, 0.93381, 0.93381, 0.93381, 1.00, 0.49104, 0.98035, 0.49104, 0.98035, -0.13365, 0.34913, 0.9275, -74.82844, -22.50515, -88.49981
2701, 776, -61.4146, -36.35789, 117.96581, 118.92647, 2.13477, 2.13477, 2.13477, 1.00, 0.41671, 0.94573, 0.41671, 0.94573, 0.16839, 0.12069, 0.9783, -78.35229, -19.8652, -87.53072
2702, 774, -61.13526, -36.79259, 114.22002, 115.18194, 0.92566, 0.92566, 0.92566, 1.00, 0.48999, 0.94186, 0.48999, 0.94186, -0.16669, 0.09134, 0.98177, -74.65133, -19.94337, -88.23164
2703, 773, -59.09613, -36.82135, 112.56946, 113.53192, 0.65756, 0.65756, 0.65756, 1.00, 0.53314, 0.94095, 0.53314, 0.94095, -0.68326, -0.01881, 0.72993, -72.55225, -19.85979, -86.74441
2704, 779, -61.44968, -40.30257, 114.48455, 115.44638, 0.93381, 0.93381, 0.93381, 1.00, 0.49104, 0.98035, 0.49104, 0.98035, -0.13365, 0.34913, 0.9275, -74.82844, -22.50515, -88.49981
2705, 774, -61.13526, -36.79259, 114.22002, 115.18194, 0.92566, 0.92566, 0.92566, 1.00, 0.48999, 0.94186, 0.48999, 0.94186, -0.16669, 0.09134, 0.98177, -74.65133, -19.94337, -88.23164
2706, 776, -61.4146, -36.35789, 117.96581, 118.92647, 2.13477, 2.13477, 2.13477, 1.00, 0.41671, 0.94573, 0.41671, 0.94573, 0.16839, 0.12069, 0.9783, -78.35229, -19.8652, -87.53072
2707, 779, -61.44968, -40.30257, 114.48455, 115.44638, 0.93381, 0.93381, 0.93381, 1.00, 0.49104, 0.98035, 0.49104, 0.98035, -0.13365, 0.34913, 0.9275, -74.82844, -22.50515, -88.49981
2708, 780, -60.79072, -38.23778, 118.57133, 119.5318, 2.0995, 2.0995, 2.0995, 1.00, 0.4093, 0.98167, 0.4093, 0.98167, 0.21077, 0.49161, 0.84492, -78.69785, -21.26659, -86.8139
2709, 773, -59.09613, -36.82135, 112.56946, 113.53192, 0.65756, 0.65756, 0.65756, 1.00, 0.53314, 0.94095, 0.53314, 0.94095, -0.68326, -0.01881, 0.72993, -72.55225, -19.85979, -86.74441
2710, 739, -54.00282, -36.83191, 110.26994, 111.23317, 0.37214, 0.37214, 0.37214, 1.00, 0.63385, 0.93945, 0.63385, 0.93945, -0.88718, -0.12349, 0.4446, -69.07018, -19.72194, -82.5629
2711, 778, -59.45202, -43.9656, 112.61504, 113.57748, 0.67601, 0.67601, 0.67601, 1.00, 0.55637, 0.99147, 0.55637, 0.99147, -0.64882, -0.04456, 0.75964, -72.36694, -25.04286, -87.15018
