VTX, IDX, SV_POSITION.x, SV_POSITION.y, SV_POSITION.z, SV_POSITION.w, COLOR.x, COLOR.y, COLOR.z, COLOR.w, TEXCOORD0.x, TEXCOORD0.y, TEXCOORD1.x, TEXCOORD1.y, NORMAL.x, NORMAL.y, NORMAL.z, WORLDPOS.x, WORLDPOS.y, WORLDPOS.z
0, 0, -27.94204, 19.26259, 111.73318, 112.69593, 0.80, 0.80, 0.00, 1.00, 0.44849, 0.14128, 0.44849, 0.14128, -0.02884, -0.35291, 0.93406, -27.94204, 19.26259, 111.73318
1, 1, -28.59129, 21.38158, 111.11469, 112.07766, 0.80, 0.80, 0.00, 1.00, 0.44849, 0.00096, 0.44849, 0.00096, 0.02265, -0.22322, 0.97336, -28.59129, 21.38158, 111.11469
2, 2, -26.86738, 22.69801, 111.2854, 112.24831, 0.80, 0.80, 0.00, 1.00, 0.64421, 0.00096, 0.64421, 0.00096, -0.50356, -0.15305, 0.84903, -26.86738, 22.69801, 111.2854
3, 0, -27.94204, 19.26259, 111.73318, 112.69593, 0.80, 0.80, 0.00, 1.00, 0.44849, 0.14128, 0.44849, 0.14128, -0.02884, -0.35291, 0.93406, -27.94204, 19.26259, 111.73318
4, 2, -26.86738, 22.69801, 111.2854, 112.24831, 0.80, 0.80, 0.00, 1.00, 0.64421, 0.00096, 0.64421, 0.00096, -0.50356, -0.15305, 0.84903, -26.86738, 22.69801, 111.2854
5, 3, -25.96495, 21.56761, 112.35197, 113.31451, 0.80, 0.80, 0.00, 1.00, 0.68555, 0.13161, 0.68555, 0.13161, -0.61608, -0.16802, 0.76816, -25.96495, 21.56761, 112.35197
6, 3, -25.96495, 21.56761, 112.35197, 113.31451, 0.80, 0.80, 0.00, 1.00, 0.68555, 0.13161, 0.68555, 0.13161, -0.61608, -0.16802, 0.76816, -25.96495, 21.56761, 112.35197
7, 2, -26.86738, 22.69801, 111.2854, 112.24831, 0.80, 0.80, 0.00, 1.00, 0.64421, 0.00096, 0.64421, 0.00096, -0.50356, -0.15305, 0.84903, -26.86738, 22.69801, 111.2854
8, 4, -25.77877, 23.25159, 112.1515, 113.11412, 0.80, 0.80, 0.00, 1.00, 0.74824, 0.07275, 0.74824, 0.07275, -0.66668, -0.09478, 0.73785, -25.77877, 23.25159, 112.1515
9, 5, -10.1955, -21.84813, 104.98282, 105.94782, 0.80, 0.80, 0.00, 1.00, 0.17143, 0.09234, 0.17143, 0.09234, 0.10419, -0.6274, 0.77079, -10.1955, -21.84813, 104.98282
10, 6, -11.58289, -25.43911, 108.27025, 109.23416, 0.80, 0.80, 0.00, 1.00, 0.08136, 0.13403, 0.08136, 0.13403, 0.14234, -0.63592, 0.75761, -11.58289, -25.43911, 108.27025
11, 7, -12.18011, -22.11152, 105.51037, 106.4752, 0.80, 0.80, 0.00, 1.00, 0.12471, 0.08883, 0.12471, 0.08883, 0.12837, -0.64401, 0.75328, -12.18011, -22.11152, 105.51037
12, 5, -10.1955, -21.84813, 104.98282, 105.94782, 0.80, 0.80, 0.00, 1.00, 0.17143, 0.09234, 0.17143, 0.09234, 0.10419, -0.6274, 0.77079, -10.1955, -21.84813, 104.98282
13, 8, -9.83779, -25.01642, 107.48444, 108.44862, 0.80, 0.80, 0.00, 1.00, 0.12373, 0.13903, 0.12373, 0.13903, 0.1058, -0.61963, 0.77682, -9.83779, -25.01642, 107.48444
14, 6, -11.58289, -25.43911, 108.27025, 109.23416, 0.80, 0.80, 0.00, 1.00, 0.08136, 0.13403, 0.08136, 0.13403, 0.14234, -0.63592, 0.75761, -11.58289, -25.43911, 108.27025
15, 7, -12.18011, -22.11152, 105.51037, 106.4752, 0.80, 0.80, 0.00, 1.00, 0.12471, 0.08883, 0.12471, 0.08883, 0.12837, -0.64401, 0.75328, -12.18011, -22.11152, 105.51037
16, 6, -11.58289, -25.43911, 108.27025, 109.23416, 0.80, 0.80, 0.00, 1.00, 0.08136, 0.13403, 0.08136, 0.13403, 0.14234, -0.63592, 0.75761, -11.58289, -25.43911, 108.27025
17, 9, -13.66957, -22.92696, 106.57738, 107.54185, 0.80, 0.80, 0.00, 1.00, 0.07377, 0.08963, 0.07377, 0.08963, 0.1557, -0.64479, 0.74743, -13.66957, -22.92696, 106.57738
18, 8, -9.83779, -25.01642, 107.48444, 108.44862, 0.80, 0.80, 0.00, 1.00, 0.12373, 0.13903, 0.12373, 0.13903, 0.1058, -0.61963, 0.77682, -9.83779, -25.01642, 107.48444
19, 5, -10.1955, -21.84813, 104.98282, 105.94782, 0.80, 0.80, 0.00, 1.00, 0.17143, 0.09234, 0.17143, 0.09234, 0.10419, -0.6274, 0.77079, -10.1955, -21.84813, 104.98282
20, 10, -8.64644, -23.57684, 106.26786, 107.23244, 0.80, 0.80, 0.00, 1.00, 0.16611, 0.12918, 0.16611, 0.12918, 0.04101, -0.61739, 0.78469, -8.64644, -23.57684, 106.26786
21, 11, -10.07319, -18.32169, 106.5347, 107.49918, 0.80, 0.80, 0.00, 1.00, 0.17579, 0.04419, 0.17579, 0.04419, 0.11718, 0.81183, 0.57142, -10.07319, -18.32169, 106.5347
22, 12, -10.55987, -15.90586, 108.72569, 109.68945, 0.80, 0.80, 0.00, 1.00, 0.13161, 0.00331, 0.13161, 0.00331, 0.23919, 0.88079, 0.40806, -10.55987, -15.90586, 108.72569
23, 13, -9.71811, -15.97858, 108.65536, 109.61914, 0.80, 0.80, 0.00, 1.00, 0.17648, 0.0044, 0.17648, 0.0044, 0.00346, 0.87235, 0.48833, -9.71811, -15.97858, 108.65536
24, 11, -10.07319, -18.32169, 106.5347, 107.49918, 0.80, 0.80, 0.00, 1.00, 0.17579, 0.04419, 0.17579, 0.04419, 0.11718, 0.81183, 0.57142, -10.07319, -18.32169, 106.5347
25, 14, -12.28401, -18.44879, 106.96162, 107.92596, 0.80, 0.80, 0.00, 1.00, 0.12673, 0.04318, 0.12673, 0.04318, 0.39566, 0.78206, 0.48072, -12.28401, -18.44879, 106.96162
26, 12, -10.55987, -15.90586, 108.72569, 109.68945, 0.80, 0.80, 0.00, 1.00, 0.13161, 0.00331, 0.13161, 0.00331, 0.23919, 0.88079, 0.40806, -10.55987, -15.90586, 108.72569
27, 15, -11.05709, -22.69246, 110.4852, 111.44837, 0.80, 0.80, 0.00, 1.00, 0.32124, 0.0475, 0.32124, 0.0475, -0.43303, -0.40898, -0.80232, -11.05709, -22.69246, 110.4852
28, 16, -9.02166, -18.08938, 109.91949, 110.88286, 0.80, 0.80, 0.00, 1.00, 0.27177, 0.00674, 0.27177, 0.00674, -0.60185, -0.22862, -0.76407, -9.02166, -18.08938, 109.91949
29, 17, -10.51353, -18.46343, 110.68082, 111.64392, 0.80, 0.80, 0.00, 1.00, 0.31673, 0.00658, 0.31673, 0.00658, -0.48125, -0.27833, -0.83022, -10.51353, -18.46343, 110.68082
30, 15, -11.05709, -22.69246, 110.4852, 111.44837, 0.80, 0.80, 0.00, 1.00, 0.32124, 0.0475, 0.32124, 0.0475, -0.43303, -0.40898, -0.80232, -11.05709, -22.69246, 110.4852
31, 18, -9.16278, -22.32538, 109.71632, 110.67976, 0.80, 0.80, 0.00, 1.00, 0.27484, 0.04949, 0.27484, 0.04949, -0.66014, -0.41849, -0.6226, -9.16278, -22.32538, 109.71632
32, 16, -9.02166, -18.08938, 109.91949, 110.88286, 0.80, 0.80, 0.00, 1.00, 0.27177, 0.00674, 0.27177, 0.00674, -0.60185, -0.22862, -0.76407, -9.02166, -18.08938, 109.91949
33, 14, -12.28401, -18.44879, 106.96162, 107.92596, 0.80, 0.80, 0.00, 1.00, 0.12673, 0.04318, 0.12673, 0.04318, 0.39566, 0.78206, 0.48072, -12.28401, -18.44879, 106.96162
34, 19, -11.88202, -16.57091, 109.65829, 110.62174, 0.80, 0.80, 0.00, 1.00, 0.06758, 0.0022, 0.06758, 0.0022, 0.54713, 0.81672, 0.18147, -11.88202, -16.57091, 109.65829
35, 12, -10.55987, -15.90586, 108.72569, 109.68945, 0.80, 0.80, 0.00, 1.00, 0.13161, 0.00331, 0.13161, 0.00331, 0.23919, 0.88079, 0.40806, -10.55987, -15.90586, 108.72569
36, 14, -12.28401, -18.44879, 106.96162, 107.92596, 0.80, 0.80, 0.00, 1.00, 0.12673, 0.04318, 0.12673, 0.04318, 0.39566, 0.78206, 0.48072, -12.28401, -18.44879, 106.96162
37, 20, -13.82508, -19.33411, 108.11337, 109.07734, 0.80, 0.80, 0.00, 1.00, 0.06962, 0.04232, 0.06962, 0.04232, 0.63596, 0.66804, 0.38507, -13.82508, -19.33411, 108.11337
38, 19, -11.88202, -16.57091, 109.65829, 110.62174, 0.80, 0.80, 0.00, 1.00, 0.06758, 0.0022, 0.06758, 0.0022, 0.54713, 0.81672, 0.18147, -11.88202, -16.57091, 109.65829
39, 21, -13.82508, -19.33411, 108.11337, 109.07734, 0.80, 0.80, 0.00, 1.00, 0.06953, 0.04232, 0.06953, 0.04232, 0.69042, -0.21224, -0.69027, -13.82508, -19.33411, 108.11337
40, 22, -10.51353, -18.46343, 110.68082, 111.64392, 0.80, 0.80, 0.00, 1.00, 0.00909, 0.00308, 0.00909, 0.00308, 0.62647, -0.10822, -0.77067, -10.51353, -18.46343, 110.68082
41, 23, -11.88202, -16.57091, 109.65829, 110.62174, 0.80, 0.80, 0.00, 1.00, 0.06744, 0.00219, 0.06744, 0.00219, 0.62184, -0.14697, -0.76801, -11.88202, -16.57091, 109.65829
42, 21, -13.82508, -19.33411, 108.11337, 109.07734, 0.80, 0.80, 0.00, 1.00, 0.06953, 0.04232, 0.06953, 0.04232, 0.69042, -0.21224, -0.69027, -13.82508, -19.33411, 108.11337
43, 24, -11.05709, -22.69246, 110.4852, 111.44837, 0.80, 0.80, 0.00, 1.00, 0.00573, 0.04991, 0.00573, 0.04991, 0.74392, -0.29912, -0.59616, -11.05709, -22.69246, 110.4852
44, 22, -10.51353, -18.46343, 110.68082, 111.64392, 0.80, 0.80, 0.00, 1.00, 0.00909, 0.00308, 0.00909, 0.00308, 0.62647, -0.10822, -0.77067, -10.51353, -18.46343, 110.68082
45, 18, -9.16278, -22.32538, 109.71632, 110.67976, 0.80, 0.80, 0.00, 1.00, 0.27484, 0.04949, 0.27484, 0.04949, -0.66014, -0.41849, -0.6226, -9.16278, -22.32538, 109.71632
46, 25, -8.69768, -17.22256, 109.472, 110.4355, 0.80, 0.80, 0.00, 1.00, 0.22293, 0.00477, 0.22293, 0.00477, -0.83442, -0.15459, -0.52738, -8.69768, -17.22256, 109.472
47, 16, -9.02166, -18.08938, 109.91949, 110.88286, 0.80, 0.80, 0.00, 1.00, 0.27177, 0.00674, 0.27177, 0.00674, -0.60185, -0.22862, -0.76407, -9.02166, -18.08938, 109.91949
48, 18, -9.16278, -22.32538, 109.71632, 110.67976, 0.80, 0.80, 0.00, 1.00, 0.27484, 0.04949, 0.27484, 0.04949, -0.66014, -0.41849, -0.6226, -9.16278, -22.32538, 109.71632
49, 26, -8.02396, -20.65734, 108.32235, 109.28624, 0.80, 0.80, 0.00, 1.00, 0.22844, 0.04552, 0.22844, 0.04552, -0.85897, -0.34713, -0.37436, -8.02396, -20.65734, 108.32235
50, 25, -8.69768, -17.22256, 109.472, 110.4355, 0.80, 0.80, 0.00, 1.00, 0.22293, 0.00477, 0.22293, 0.00477, -0.83442, -0.15459, -0.52738, -8.69768, -17.22256, 109.472
51, 27, -8.02396, -20.65734, 108.32235, 109.28624, 0.80, 0.80, 0.00, 1.00, 0.22837, 0.04551, 0.22837, 0.04551, -0.77306, 0.44288, 0.45246, -8.02396, -20.65734, 108.32235
52, 28, -9.71811, -15.97858, 108.65536, 109.61914, 0.80, 0.80, 0.00, 1.00, 0.17658, 0.0044, 0.17658, 0.0044, -0.77578, 0.49246, 0.3927, -9.71811, -15.97858, 108.65536
53, 29, -8.69768, -17.22256, 109.472, 110.4355, 0.80, 0.80, 0.00, 1.00, 0.22281, 0.00477, 0.22281, 0.00477, -0.77373, 0.49251, 0.39667, -8.69768, -17.22256, 109.472
54, 27, -8.02396, -20.65734, 108.32235, 109.28624, 0.80, 0.80, 0.00, 1.00, 0.22837, 0.04551, 0.22837, 0.04551, -0.77306, 0.44288, 0.45246, -8.02396, -20.65734, 108.32235
55, 30, -10.07319, -18.32169, 106.5347, 107.49918, 0.80, 0.80, 0.00, 1.00, 0.17578, 0.04431, 0.17578, 0.04431, -0.76738, 0.39093, 0.50667, -10.07319, -18.32169, 106.5347
56, 28, -9.71811, -15.97858, 108.65536, 109.61914, 0.80, 0.80, 0.00, 1.00, 0.17658, 0.0044, 0.17658, 0.0044, -0.77578, 0.49246, 0.3927, -9.71811, -15.97858, 108.65536
57, 31, -10.40736, -20.5115, 105.49869, 106.46352, 0.80, 0.80, 0.00, 1.00, 0.172, 0.07336, 0.172, 0.07336, 0.17497, 0.65642, 0.7331, -10.40736, -20.5115, 105.49869
58, 14, -12.28401, -18.44879, 106.96162, 107.92596, 0.80, 0.80, 0.00, 1.00, 0.12673, 0.04318, 0.12673, 0.04318, 0.39566, 0.78206, 0.48072, -12.28401, -18.44879, 106.96162
59, 11, -10.07319, -18.32169, 106.5347, 107.49918, 0.80, 0.80, 0.00, 1.00, 0.17579, 0.04419, 0.17579, 0.04419, 0.11718, 0.81183, 0.57142, -10.07319, -18.32169, 106.5347
60, 31, -10.40736, -20.5115, 105.49869, 106.46352, 0.80, 0.80, 0.00, 1.00, 0.172, 0.07336, 0.172, 0.07336, 0.17497, 0.65642, 0.7331, -10.40736, -20.5115, 105.49869
61, 32, -12.53587, -20.59869, 105.87617, 106.84088, 0.80, 0.80, 0.00, 1.00, 0.12388, 0.07229, 0.12388, 0.07229, 0.44986, 0.52815, 0.7193, -12.53587, -20.59869, 105.87617
62, 14, -12.28401, -18.44879, 106.96162, 107.92596, 0.80, 0.80, 0.00, 1.00, 0.12673, 0.04318, 0.12673, 0.04318, 0.39566, 0.78206, 0.48072, -12.28401, -18.44879, 106.96162
63, 33, -11.23713, -24.80146, 109.36033, 110.32388, 0.80, 0.80, 0.00, 1.00, 0.32207, 0.07652, 0.32207, 0.07652, -0.35034, -0.80106, -0.48465, -11.23713, -24.80146, 109.36033
64, 18, -9.16278, -22.32538, 109.71632, 110.67976, 0.80, 0.80, 0.00, 1.00, 0.27484, 0.04949, 0.27484, 0.04949, -0.66014, -0.41849, -0.6226, -9.16278, -22.32538, 109.71632
65, 15, -11.05709, -22.69246, 110.4852, 111.44837, 0.80, 0.80, 0.00, 1.00, 0.32124, 0.0475, 0.32124, 0.0475, -0.43303, -0.40898, -0.80232, -11.05709, -22.69246, 110.4852
66, 33, -11.23713, -24.80146, 109.36033, 110.32388, 0.80, 0.80, 0.00, 1.00, 0.32207, 0.07652, 0.32207, 0.07652, -0.35034, -0.80106, -0.48465, -11.23713, -24.80146, 109.36033
67, 34, -9.42391, -24.47178, 108.64133, 109.60512, 0.80, 0.80, 0.00, 1.00, 0.27439, 0.07848, 0.27439, 0.07848, -0.61536, -0.75377, -0.22879, -9.42391, -24.47178, 108.64133
68, 18, -9.16278, -22.32538, 109.71632, 110.67976, 0.80, 0.80, 0.00, 1.00, 0.27484, 0.04949, 0.27484, 0.04949, -0.66014, -0.41849, -0.6226, -9.16278, -22.32538, 109.71632
69, 32, -12.53587, -20.59869, 105.87617, 106.84088, 0.80, 0.80, 0.00, 1.00, 0.12388, 0.07229, 0.12388, 0.07229, 0.44986, 0.52815, 0.7193, -12.53587, -20.59869, 105.87617
70, 20, -13.82508, -19.33411, 108.11337, 109.07734, 0.80, 0.80, 0.00, 1.00, 0.06962, 0.04232, 0.06962, 0.04232, 0.63596, 0.66804, 0.38507, -13.82508, -19.33411, 108.11337
71, 14, -12.28401, -18.44879, 106.96162, 107.92596, 0.80, 0.80, 0.00, 1.00, 0.12673, 0.04318, 0.12673, 0.04318, 0.39566, 0.78206, 0.48072, -12.28401, -18.44879, 106.96162
72, 32, -12.53587, -20.59869, 105.87617, 106.84088, 0.80, 0.80, 0.00, 1.00, 0.12388, 0.07229, 0.12388, 0.07229, 0.44986, 0.52815, 0.7193, -12.53587, -20.59869, 105.87617
73, 35, -13.99471, -21.44508, 106.97797, 107.94231, 0.80, 0.80, 0.00, 1.00, 0.0705, 0.0715, 0.0705, 0.0715, 0.65067, 0.34184, 0.67692, -13.99471, -21.44508, 106.97797
74, 20, -13.82508, -19.33411, 108.11337, 109.07734, 0.80, 0.80, 0.00, 1.00, 0.06962, 0.04232, 0.06962, 0.04232, 0.63596, 0.66804, 0.38507, -13.82508, -19.33411, 108.11337
75, 36, -13.99471, -21.44508, 106.97797, 107.94231, 0.80, 0.80, 0.00, 1.00, 0.0705, 0.0714, 0.0705, 0.0714, 0.77889, -0.42805, -0.4567, -13.99471, -21.44508, 106.97797
76, 24, -11.05709, -22.69246, 110.4852, 111.44837, 0.80, 0.80, 0.00, 1.00, 0.00573, 0.04991, 0.00573, 0.04991, 0.74392, -0.29912, -0.59616, -11.05709, -22.69246, 110.4852
77, 21, -13.82508, -19.33411, 108.11337, 109.07734, 0.80, 0.80, 0.00, 1.00, 0.06953, 0.04232, 0.06953, 0.04232, 0.69042, -0.21224, -0.69027, -13.82508, -19.33411, 108.11337
78, 36, -13.99471, -21.44508, 106.97797, 107.94231, 0.80, 0.80, 0.00, 1.00, 0.0705, 0.0714, 0.0705, 0.0714, 0.77889, -0.42805, -0.4567, -13.99471, -21.44508, 106.97797
79, 37, -11.23713, -24.80146, 109.36033, 110.32388, 0.80, 0.80, 0.00, 1.00, 0.0081, 0.07893, 0.0081, 0.07893, 0.78061, -0.46771, -0.41283, -11.23713, -24.80146, 109.36033
80, 24, -11.05709, -22.69246, 110.4852, 111.44837, 0.80, 0.80, 0.00, 1.00, 0.00573, 0.04991, 0.00573, 0.04991, 0.74392, -0.29912, -0.59616, -11.05709, -22.69246, 110.4852
81, 34, -9.42391, -24.47178, 108.64133, 109.60512, 0.80, 0.80, 0.00, 1.00, 0.27439, 0.07848, 0.27439, 0.07848, -0.61536, -0.75377, -0.22879, -9.42391, -24.47178, 108.64133
82, 26, -8.02396, -20.65734, 108.32235, 109.28624, 0.80, 0.80, 0.00, 1.00, 0.22844, 0.04552, 0.22844, 0.04552, -0.85897, -0.34713, -0.37436, -8.02396, -20.65734, 108.32235
83, 18, -9.16278, -22.32538, 109.71632, 110.67976, 0.80, 0.80, 0.00, 1.00, 0.27484, 0.04949, 0.27484, 0.04949, -0.66014, -0.41849, -0.6226, -9.16278, -22.32538, 109.71632
84, 34, -9.42391, -24.47178, 108.64133, 109.60512, 0.80, 0.80, 0.00, 1.00, 0.27439, 0.07848, 0.27439, 0.07848, -0.61536, -0.75377, -0.22879, -9.42391, -24.47178, 108.64133
85, 38, -8.36674, -22.84849, 107.29324, 108.25748, 0.80, 0.80, 0.00, 1.00, 0.22639, 0.07458, 0.22639, 0.07458, -0.79788, -0.59976, -0.05, -8.36674, -22.84849, 107.29324
86, 26, -8.02396, -20.65734, 108.32235, 109.28624, 0.80, 0.80, 0.00, 1.00, 0.22844, 0.04552, 0.22844, 0.04552, -0.85897, -0.34713, -0.37436, -8.02396, -20.65734, 108.32235
87, 39, -8.36674, -22.84849, 107.29324, 108.25748, 0.80, 0.80, 0.00, 1.00, 0.22633, 0.07458, 0.22633, 0.07458, -0.76962, 0.39868, 0.49716, -8.36674, -22.84849, 107.29324
88, 30, -10.07319, -18.32169, 106.5347, 107.49918, 0.80, 0.80, 0.00, 1.00, 0.17578, 0.04431, 0.17578, 0.04431, -0.76738, 0.39093, 0.50667, -10.07319, -18.32169, 106.5347
89, 27, -8.02396, -20.65734, 108.32235, 109.28624, 0.80, 0.80, 0.00, 1.00, 0.22837, 0.04551, 0.22837, 0.04551, -0.77306, 0.44288, 0.45246, -8.02396, -20.65734, 108.32235
90, 39, -8.36674, -22.84849, 107.29324, 108.25748, 0.80, 0.80, 0.00, 1.00, 0.22633, 0.07458, 0.22633, 0.07458, -0.76962, 0.39868, 0.49716, -8.36674, -22.84849, 107.29324
91, 40, -10.40736, -20.5115, 105.49869, 106.46352, 0.80, 0.80, 0.00, 1.00, 0.17202, 0.07336, 0.17202, 0.07336, -0.77274, 0.45132, 0.44462, -10.40736, -20.5115, 105.49869
92, 30, -10.07319, -18.32169, 106.5347, 107.49918, 0.80, 0.80, 0.00, 1.00, 0.17578, 0.04431, 0.17578, 0.04431, -0.76738, 0.39093, 0.50667, -10.07319, -18.32169, 106.5347
93, 41, -10.1955, -21.84813, 104.98282, 105.94782, 0.80, 0.80, 0.00, 1.00, 0.17143, 0.0923, 0.17143, 0.0923, 0.22825, 0.4768, 0.84802, -10.1955, -21.84813, 104.98282
94, 32, -12.53587, -20.59869, 105.87617, 106.84088, 0.80, 0.80, 0.00, 1.00, 0.12388, 0.07229, 0.12388, 0.07229, 0.44986, 0.52815, 0.7193, -12.53587, -20.59869, 105.87617
95, 31, -10.40736, -20.5115, 105.49869, 106.46352, 0.80, 0.80, 0.00, 1.00, 0.172, 0.07336, 0.172, 0.07336, 0.17497, 0.65642, 0.7331, -10.40736, -20.5115, 105.49869
96, 41, -10.1955, -21.84813, 104.98282, 105.94782, 0.80, 0.80, 0.00, 1.00, 0.17143, 0.0923, 0.17143, 0.0923, 0.22825, 0.4768, 0.84802, -10.1955, -21.84813, 104.98282
97, 42, -12.18011, -22.11152, 105.51037, 106.4752, 0.80, 0.80, 0.00, 1.00, 0.12403, 0.08898, 0.12403, 0.08898, 0.5184, 0.27035, 0.81024, -12.18011, -22.11152, 105.51037
98, 32, -12.53587, -20.59869, 105.87617, 106.84088, 0.80, 0.80, 0.00, 1.00, 0.12388, 0.07229, 0.12388, 0.07229, 0.44986, 0.52815, 0.7193, -12.53587, -20.59869, 105.87617
99, 43, -11.58289, -25.43911, 108.27025, 109.23416, 0.80, 0.80, 0.00, 1.00, 0.31885, 0.09196, 0.31885, 0.09196, -0.26329, -0.95797, -0.11257, -11.58289, -25.43911, 108.27025
100, 34, -9.42391, -24.47178, 108.64133, 109.60512, 0.80, 0.80, 0.00, 1.00, 0.27439, 0.07848, 0.27439, 0.07848, -0.61536, -0.75377, -0.22879, -9.42391, -24.47178, 108.64133
101, 33, -11.23713, -24.80146, 109.36033, 110.32388, 0.80, 0.80, 0.00, 1.00, 0.32207, 0.07652, 0.32207, 0.07652, -0.35034, -0.80106, -0.48465, -11.23713, -24.80146, 109.36033
102, 43, -11.58289, -25.43911, 108.27025, 109.23416, 0.80, 0.80, 0.00, 1.00, 0.31885, 0.09196, 0.31885, 0.09196, -0.26329, -0.95797, -0.11257, -11.58289, -25.43911, 108.27025
103, 44, -9.83779, -25.01642, 107.48444, 108.44862, 0.80, 0.80, 0.00, 1.00, 0.27475, 0.09369, 0.27475, 0.09369, -0.60826, -0.79315, 0.01247, -9.83779, -25.01642, 107.48444
104, 34, -9.42391, -24.47178, 108.64133, 109.60512, 0.80, 0.80, 0.00, 1.00, 0.27439, 0.07848, 0.27439, 0.07848, -0.61536, -0.75377, -0.22879, -9.42391, -24.47178, 108.64133
105, 42, -12.18011, -22.11152, 105.51037, 106.4752, 0.80, 0.80, 0.00, 1.00, 0.12403, 0.08898, 0.12403, 0.08898, 0.5184, 0.27035, 0.81024, -12.18011, -22.11152, 105.51037
106, 35, -13.99471, -21.44508, 106.97797, 107.94231, 0.80, 0.80, 0.00, 1.00, 0.0705, 0.0715, 0.0705, 0.0715, 0.65067, 0.34184, 0.67692, -13.99471, -21.44508, 106.97797
107, 32, -12.53587, -20.59869, 105.87617, 106.84088, 0.80, 0.80, 0.00, 1.00, 0.12388, 0.07229, 0.12388, 0.07229, 0.44986, 0.52815, 0.7193, -12.53587, -20.59869, 105.87617
108, 42, -12.18011, -22.11152, 105.51037, 106.4752, 0.80, 0.80, 0.00, 1.00, 0.12403, 0.08898, 0.12403, 0.08898, 0.5184, 0.27035, 0.81024, -12.18011, -22.11152, 105.51037
109, 45, -13.66957, -22.92696, 106.57738, 107.54185, 0.80, 0.80, 0.00, 1.00, 0.07376, 0.08962, 0.07376, 0.08962, 0.61876, 0.23472, 0.74857, -13.66957, -22.92696, 106.57738
110, 35, -13.99471, -21.44508, 106.97797, 107.94231, 0.80, 0.80, 0.00, 1.00, 0.0705, 0.0715, 0.0705, 0.0715, 0.65067, 0.34184, 0.67692, -13.99471, -21.44508, 106.97797
111, 46, -13.66957, -22.92696, 106.57738, 107.54185, 0.80, 0.80, 0.00, 1.00, 0.0737, 0.08961, 0.0737, 0.08961, 0.78066, -0.49973, -0.37339, -13.66957, -22.92696, 106.57738
112, 37, -11.23713, -24.80146, 109.36033, 110.32388, 0.80, 0.80, 0.00, 1.00, 0.0081, 0.07893, 0.0081, 0.07893, 0.78061, -0.46771, -0.41283, -11.23713, -24.80146, 109.36033
113, 36, -13.99471, -21.44508, 106.97797, 107.94231, 0.80, 0.80, 0.00, 1.00, 0.0705, 0.0714, 0.0705, 0.0714, 0.77889, -0.42805, -0.4567, -13.99471, -21.44508, 106.97797
114, 46, -13.66957, -22.92696, 106.57738, 107.54185, 0.80, 0.80, 0.00, 1.00, 0.0737, 0.08961, 0.0737, 0.08961, 0.78066, -0.49973, -0.37339, -13.66957, -22.92696, 106.57738
115, 47, -11.58289, -25.43911, 108.27025, 109.23416, 0.80, 0.80, 0.00, 1.00, 0.00648, 0.09305, 0.00648, 0.09305, 0.77536, -0.52322, -0.35169, -11.58289, -25.43911, 108.27025
116, 37, -11.23713, -24.80146, 109.36033, 110.32388, 0.80, 0.80, 0.00, 1.00, 0.0081, 0.07893, 0.0081, 0.07893, 0.78061, -0.46771, -0.41283, -11.23713, -24.80146, 109.36033
117, 44, -9.83779, -25.01642, 107.48444, 108.44862, 0.80, 0.80, 0.00, 1.00, 0.27475, 0.09369, 0.27475, 0.09369, -0.60826, -0.79315, 0.01247, -9.83779, -25.01642, 107.48444
118, 38, -8.36674, -22.84849, 107.29324, 108.25748, 0.80, 0.80, 0.00, 1.00, 0.22639, 0.07458, 0.22639, 0.07458, -0.79788, -0.59976, -0.05, -8.36674, -22.84849, 107.29324
119, 34, -9.42391, -24.47178, 108.64133, 109.60512, 0.80, 0.80, 0.00, 1.00, 0.27439, 0.07848, 0.27439, 0.07848, -0.61536, -0.75377, -0.22879, -9.42391, -24.47178, 108.64133
120, 44, -9.83779, -25.01642, 107.48444, 108.44862, 0.80, 0.80, 0.00, 1.00, 0.27475, 0.09369, 0.27475, 0.09369, -0.60826, -0.79315, 0.01247, -9.83779, -25.01642, 107.48444
121, 48, -8.64644, -23.57684, 106.26786, 107.23244, 0.80, 0.80, 0.00, 1.00, 0.22155, 0.09023, 0.22155, 0.09023, -0.74165, -0.66923, -0.0322, -8.64644, -23.57684, 106.26786
122, 38, -8.36674, -22.84849, 107.29324, 108.25748, 0.80, 0.80, 0.00, 1.00, 0.22639, 0.07458, 0.22639, 0.07458, -0.79788, -0.59976, -0.05, -8.36674, -22.84849, 107.29324
123, 49, -8.64644, -23.57684, 106.26786, 107.23244, 0.80, 0.80, 0.00, 1.00, 0.22148, 0.09023, 0.22148, 0.09023, -0.77317, 0.50379, 0.3834, -8.64644, -23.57684, 106.26786
124, 40, -10.40736, -20.5115, 105.49869, 106.46352, 0.80, 0.80, 0.00, 1.00, 0.17202, 0.07336, 0.17202, 0.07336, -0.77274, 0.45132, 0.44462, -10.40736, -20.5115, 105.49869
125, 39, -8.36674, -22.84849, 107.29324, 108.25748, 0.80, 0.80, 0.00, 1.00, 0.22633, 0.07458, 0.22633, 0.07458, -0.76962, 0.39868, 0.49716, -8.36674, -22.84849, 107.29324
126, 49, -8.64644, -23.57684, 106.26786, 107.23244, 0.80, 0.80, 0.00, 1.00, 0.22148, 0.09023, 0.22148, 0.09023, -0.77317, 0.50379, 0.3834, -8.64644, -23.57684, 106.26786
127, 50, -10.1955, -21.84813, 104.98282, 105.94782, 0.80, 0.80, 0.00, 1.00, 0.17145, 0.0923, 0.17145, 0.0923, -0.76606, 0.49419, 0.40928, -10.1955, -21.84813, 104.98282
128, 40, -10.40736, -20.5115, 105.49869, 106.46352, 0.80, 0.80, 0.00, 1.00, 0.17202, 0.07336, 0.17202, 0.07336, -0.77274, 0.45132, 0.44462, -10.40736, -20.5115, 105.49869
129, 51, -8.06881, -9.58524, 112.98637, 113.94872, 0.80, 0.80, 0.00, 1.00, 0.84986, 0.04749, 0.84986, 0.04749, -0.40122, 0.65187, 0.64262, -8.06881, -9.58524, 112.98637
130, 52, -10.0194, -6.53918, 115.07262, 116.03426, 0.80, 0.80, 0.00, 1.00, 0.81563, 0.00882, 0.81563, 0.00882, 0.07756, 0.76385, 0.64009, -10.0194, -6.53918, 115.07262
131, 53, -7.90131, -6.30326, 114.66869, 115.63047, 0.80, 0.80, 0.00, 1.00, 0.85038, 0.00812, 0.85038, 0.00812, -0.4977, 0.58976, 0.635, -7.90131, -6.30326, 114.66869
132, 51, -8.06881, -9.58524, 112.98637, 113.94872, 0.80, 0.80, 0.00, 1.00, 0.84986, 0.04749, 0.84986, 0.04749, -0.40122, 0.65187, 0.64262, -8.06881, -9.58524, 112.98637
133, 54, -10.56131, -9.27942, 113.03609, 113.99841, 0.80, 0.80, 0.00, 1.00, 0.81401, 0.04676, 0.81401, 0.04676, -0.02535, 0.79376, 0.6071, -10.56131, -9.27942, 113.03609
134, 52, -10.0194, -6.53918, 115.07262, 116.03426, 0.80, 0.80, 0.00, 1.00, 0.81563, 0.00882, 0.81563, 0.00882, 0.07756, 0.76385, 0.64009, -10.0194, -6.53918, 115.07262
135, 55, -9.90038, -14.11864, 117.11451, 118.07547, 0.80, 0.80, 0.00, 1.00, 0.92383, 0.04943, 0.92383, 0.04943, 0.24759, -0.80836, -0.53341, -9.90038, -14.11864, 117.11451
136, 56, -7.06614, -9.75871, 117.74568, 118.70643, 0.80, 0.80, 0.00, 1.00, 0.89628, 0.0081, 0.89628, 0.0081, -0.59238, -0.56561, -0.57268, -7.06614, -9.75871, 117.74568
137, 57, -9.70267, -10.53074, 118.97652, 119.93686, 0.80, 0.80, 0.00, 1.00, 0.92295, 0.00834, 0.92295, 0.00834, 0.43943, -0.61608, -0.65281, -9.70267, -10.53074, 118.97652
138, 55, -9.90038, -14.11864, 117.11451, 118.07547, 0.80, 0.80, 0.00, 1.00, 0.92383, 0.04943, 0.92383, 0.04943, 0.24759, -0.80836, -0.53341, -9.90038, -14.11864, 117.11451
139, 58, -7.14503, -13.53313, 115.98972, 116.95106, 0.80, 0.80, 0.00, 1.00, 0.89729, 0.04995, 0.89729, 0.04995, -0.71403, -0.61367, -0.33536, -7.14503, -13.53313, 115.98972
140, 56, -7.06614, -9.75871, 117.74568, 118.70643, 0.80, 0.80, 0.00, 1.00, 0.89628, 0.0081, 0.89628, 0.0081, -0.59238, -0.56561, -0.57268, -7.06614, -9.75871, 117.74568
141, 59, -10.56131, -9.27942, 113.03609, 113.99841, 0.80, 0.80, 0.00, 1.00, 0.98858, 0.04646, 0.98858, 0.04646, 0.72409, 0.56418, 0.3952, -10.56131, -9.27942, 113.03609
142, 60, -12.33437, -7.7494, 116.68205, 117.64316, 0.80, 0.80, 0.00, 1.00, 0.95474, 0.00771, 0.95474, 0.00771, 0.93357, 0.33253, 0.12768, -12.33437, -7.7494, 116.68205
143, 61, -10.0194, -6.53918, 115.07262, 116.03426, 0.80, 0.80, 0.00, 1.00, 0.9902, 0.00882, 0.9902, 0.00882, 0.59509, 0.71556, 0.36463, -10.0194, -6.53918, 115.07262
144, 59, -10.56131, -9.27942, 113.03609, 113.99841, 0.80, 0.80, 0.00, 1.00, 0.98858, 0.04646, 0.98858, 0.04646, 0.72409, 0.56418, 0.3952, -10.56131, -9.27942, 113.03609
145, 62, -12.49366, -10.97145, 115.0386, 116.00026, 0.80, 0.80, 0.00, 1.00, 0.95589, 0.0481, 0.95589, 0.0481, 0.99813, 0.0442, 0.00303, -12.49366, -10.97145, 115.0386
146, 60, -12.33437, -7.7494, 116.68205, 117.64316, 0.80, 0.80, 0.00, 1.00, 0.95474, 0.00771, 0.95474, 0.00771, 0.93357, 0.33253, 0.12768, -12.33437, -7.7494, 116.68205
147, 62, -12.49366, -10.97145, 115.0386, 116.00026, 0.80, 0.80, 0.00, 1.00, 0.95589, 0.0481, 0.95589, 0.0481, 0.99813, 0.0442, 0.00303, -12.49366, -10.97145, 115.0386
148, 57, -9.70267, -10.53074, 118.97652, 119.93686, 0.80, 0.80, 0.00, 1.00, 0.92295, 0.00834, 0.92295, 0.00834, 0.43943, -0.61608, -0.65281, -9.70267, -10.53074, 118.97652
149, 60, -12.33437, -7.7494, 116.68205, 117.64316, 0.80, 0.80, 0.00, 1.00, 0.95474, 0.00771, 0.95474, 0.00771, 0.93357, 0.33253, 0.12768, -12.33437, -7.7494, 116.68205
150, 62, -12.49366, -10.97145, 115.0386, 116.00026, 0.80, 0.80, 0.00, 1.00, 0.95589, 0.0481, 0.95589, 0.0481, 0.99813, 0.0442, 0.00303, -12.49366, -10.97145, 115.0386
151, 55, -9.90038, -14.11864, 117.11451, 118.07547, 0.80, 0.80, 0.00, 1.00, 0.92383, 0.04943, 0.92383, 0.04943, 0.24759, -0.80836, -0.53341, -9.90038, -14.11864, 117.11451
152, 57, -9.70267, -10.53074, 118.97652, 119.93686, 0.80, 0.80, 0.00, 1.00, 0.92295, 0.00834, 0.92295, 0.00834, 0.43943, -0.61608, -0.65281, -9.70267, -10.53074, 118.97652
153, 58, -7.14503, -13.53313, 115.98972, 116.95106, 0.80, 0.80, 0.00, 1.00, 0.89729, 0.04995, 0.89729, 0.04995, -0.71403, -0.61367, -0.33536, -7.14503, -13.53313, 115.98972
154, 63, -5.95312, -8.18355, 116.40375, 117.36494, 0.80, 0.80, 0.00, 1.00, 0.87489, 0.00678, 0.87489, 0.00678, -0.99041, -0.11477, -0.0646, -5.95312, -8.18355, 116.40375
155, 56, -7.06614, -9.75871, 117.74568, 118.70643, 0.80, 0.80, 0.00, 1.00, 0.89628, 0.0081, 0.89628, 0.0081, -0.59238, -0.56561, -0.57268, -7.06614, -9.75871, 117.74568
156, 58, -7.14503, -13.53313, 115.98972, 116.95106, 0.80, 0.80, 0.00, 1.00, 0.89729, 0.04995, 0.89729, 0.04995, -0.71403, -0.61367, -0.33536, -7.14503, -13.53313, 115.98972
157, 64, -6.14219, -11.74051, 114.56865, 115.53046, 0.80, 0.80, 0.00, 1.00, 0.87444, 0.04921, 0.87444, 0.04921, -0.95929, -0.02535, 0.27804, -6.14219, -11.74051, 114.56865
158, 63, -5.95312, -8.18355, 116.40375, 117.36494, 0.80, 0.80, 0.00, 1.00, 0.87489, 0.00678, 0.87489, 0.00678, -0.99041, -0.11477, -0.0646, -5.95312, -8.18355, 116.40375
159, 64, -6.14219, -11.74051, 114.56865, 115.53046, 0.80, 0.80, 0.00, 1.00, 0.87444, 0.04921, 0.87444, 0.04921, -0.95929, -0.02535, 0.27804, -6.14219, -11.74051, 114.56865
160, 53, -7.90131, -6.30326, 114.66869, 115.63047, 0.80, 0.80, 0.00, 1.00, 0.85038, 0.00812, 0.85038, 0.00812, -0.4977, 0.58976, 0.635, -7.90131, -6.30326, 114.66869
161, 63, -5.95312, -8.18355, 116.40375, 117.36494, 0.80, 0.80, 0.00, 1.00, 0.87489, 0.00678, 0.87489, 0.00678, -0.99041, -0.11477, -0.0646, -5.95312, -8.18355, 116.40375
162, 64, -6.14219, -11.74051, 114.56865, 115.53046, 0.80, 0.80, 0.00, 1.00, 0.87444, 0.04921, 0.87444, 0.04921, -0.95929, -0.02535, 0.27804, -6.14219, -11.74051, 114.56865
163, 51, -8.06881, -9.58524, 112.98637, 113.94872, 0.80, 0.80, 0.00, 1.00, 0.84986, 0.04749, 0.84986, 0.04749, -0.40122, 0.65187, 0.64262, -8.06881, -9.58524, 112.98637
164, 53, -7.90131, -6.30326, 114.66869, 115.63047, 0.80, 0.80, 0.00, 1.00, 0.85038, 0.00812, 0.85038, 0.00812, -0.4977, 0.58976, 0.635, -7.90131, -6.30326, 114.66869
165, 65, -9.71811, -15.97858, 108.65536, 109.61914, 0.80, 0.80, 0.00, 1.00, 0.83237, 0.12965, 0.83237, 0.12965, -0.28286, 0.70883, 0.64542, -9.71811, -15.97858, 108.65536
166, 54, -10.56131, -9.27942, 113.03609, 113.99841, 0.80, 0.80, 0.00, 1.00, 0.81401, 0.04676, 0.81401, 0.04676, -0.02535, 0.79376, 0.6071, -10.56131, -9.27942, 113.03609
167, 51, -8.06881, -9.58524, 112.98637, 113.94872, 0.80, 0.80, 0.00, 1.00, 0.84986, 0.04749, 0.84986, 0.04749, -0.40122, 0.65187, 0.64262, -8.06881, -9.58524, 112.98637
168, 65, -9.71811, -15.97858, 108.65536, 109.61914, 0.80, 0.80, 0.00, 1.00, 0.83237, 0.12965, 0.83237, 0.12965, -0.28286, 0.70883, 0.64542, -9.71811, -15.97858, 108.65536
169, 66, -10.55987, -15.90586, 108.72569, 109.68945, 0.80, 0.80, 0.00, 1.00, 0.81382, 0.12904, 0.81382, 0.12904, 0.02105, 0.78037, 0.62435, -10.55987, -15.90586, 108.72569
170, 54, -10.56131, -9.27942, 113.03609, 113.99841, 0.80, 0.80, 0.00, 1.00, 0.81401, 0.04676, 0.81401, 0.04676, -0.02535, 0.79376, 0.6071, -10.56131, -9.27942, 113.03609
171, 67, -10.51353, -18.46343, 110.68082, 111.64392, 0.80, 0.80, 0.00, 1.00, 0.92921, 0.13049, 0.92921, 0.13049, 0.05252, -0.95799, -0.28141, -10.51353, -18.46343, 110.68082
172, 58, -7.14503, -13.53313, 115.98972, 116.95106, 0.80, 0.80, 0.00, 1.00, 0.89729, 0.04995, 0.89729, 0.04995, -0.71403, -0.61367, -0.33536, -7.14503, -13.53313, 115.98972
173, 55, -9.90038, -14.11864, 117.11451, 118.07547, 0.80, 0.80, 0.00, 1.00, 0.92383, 0.04943, 0.92383, 0.04943, 0.24759, -0.80836, -0.53341, -9.90038, -14.11864, 117.11451
174, 67, -10.51353, -18.46343, 110.68082, 111.64392, 0.80, 0.80, 0.00, 1.00, 0.92921, 0.13049, 0.92921, 0.13049, 0.05252, -0.95799, -0.28141, -10.51353, -18.46343, 110.68082
175, 68, -9.02166, -18.08938, 109.91949, 110.88286, 0.80, 0.80, 0.00, 1.00, 0.89311, 0.13102, 0.89311, 0.13102, -0.35321, -0.90975, -0.2172, -9.02166, -18.08938, 109.91949
176, 69, -7.14503, -13.53313, 115.98972, 116.95106, 0.80, 0.80, 0.00, 1.00, 0.89732, 0.04996, 0.89732, 0.04996, -0.35321, -0.90975, -0.2172, -7.14503, -13.53313, 115.98972
177, 70, -10.55987, -15.90586, 108.72569, 109.68945, 0.80, 0.80, 0.00, 1.00, 0.99048, 0.13054, 0.99048, 0.13054, 0.69649, 0.58973, 0.40739, -10.55987, -15.90586, 108.72569
178, 62, -12.49366, -10.97145, 115.0386, 116.00026, 0.80, 0.80, 0.00, 1.00, 0.95589, 0.0481, 0.95589, 0.0481, 0.99813, 0.0442, 0.00303, -12.49366, -10.97145, 115.0386
179, 59, -10.56131, -9.27942, 113.03609, 113.99841, 0.80, 0.80, 0.00, 1.00, 0.98858, 0.04646, 0.98858, 0.04646, 0.72409, 0.56418, 0.3952, -10.56131, -9.27942, 113.03609
180, 70, -10.55987, -15.90586, 108.72569, 109.68945, 0.80, 0.80, 0.00, 1.00, 0.99048, 0.13054, 0.99048, 0.13054, 0.69649, 0.58973, 0.40739, -10.55987, -15.90586, 108.72569
181, 71, -11.88202, -16.57091, 109.65829, 110.62174, 0.80, 0.80, 0.00, 1.00, 0.95856, 0.1299, 0.95856, 0.1299, 0.97503, -0.21667, -0.02563, -11.88202, -16.57091, 109.65829
182, 62, -12.49366, -10.97145, 115.0386, 116.00026, 0.80, 0.80, 0.00, 1.00, 0.95589, 0.0481, 0.95589, 0.0481, 0.99813, 0.0442, 0.00303, -12.49366, -10.97145, 115.0386
183, 71, -11.88202, -16.57091, 109.65829, 110.62174, 0.80, 0.80, 0.00, 1.00, 0.95856, 0.1299, 0.95856, 0.1299, 0.97503, -0.21667, -0.02563, -11.88202, -16.57091, 109.65829
184, 55, -9.90038, -14.11864, 117.11451, 118.07547, 0.80, 0.80, 0.00, 1.00, 0.92383, 0.04943, 0.92383, 0.04943, 0.24759, -0.80836, -0.53341, -9.90038, -14.11864, 117.11451
185, 62, -12.49366, -10.97145, 115.0386, 116.00026, 0.80, 0.80, 0.00, 1.00, 0.95589, 0.0481, 0.95589, 0.0481, 0.99813, 0.0442, 0.00303, -12.49366, -10.97145, 115.0386
186, 71, -11.88202, -16.57091, 109.65829, 110.62174, 0.80, 0.80, 0.00, 1.00, 0.95856, 0.1299, 0.95856, 0.1299, 0.97503, -0.21667, -0.02563, -11.88202, -16.57091, 109.65829
187, 67, -10.51353, -18.46343, 110.68082, 111.64392, 0.80, 0.80, 0.00, 1.00, 0.92921, 0.13049, 0.92921, 0.13049, 0.05252, -0.95799, -0.28141, -10.51353, -18.46343, 110.68082
188, 55, -9.90038, -14.11864, 117.11451, 118.07547, 0.80, 0.80, 0.00, 1.00, 0.92383, 0.04943, 0.92383, 0.04943, 0.24759, -0.80836, -0.53341, -9.90038, -14.11864, 117.11451
189, 72, -9.02166, -18.08938, 109.91949, 110.88286, 0.80, 0.80, 0.00, 1.00, 0.89315, 0.131, 0.89315, 0.131, -0.85447, -0.51129, 0.08425, -9.02166, -18.08938, 109.91949
190, 64, -6.14219, -11.74051, 114.56865, 115.53046, 0.80, 0.80, 0.00, 1.00, 0.87444, 0.04921, 0.87444, 0.04921, -0.95929, -0.02535, 0.27804, -6.14219, -11.74051, 114.56865
191, 58, -7.14503, -13.53313, 115.98972, 116.95106, 0.80, 0.80, 0.00, 1.00, 0.89729, 0.04995, 0.89729, 0.04995, -0.71403, -0.61367, -0.33536, -7.14503, -13.53313, 115.98972
192, 72, -9.02166, -18.08938, 109.91949, 110.88286, 0.80, 0.80, 0.00, 1.00, 0.89315, 0.131, 0.89315, 0.131, -0.85447, -0.51129, 0.08425, -9.02166, -18.08938, 109.91949
193, 73, -8.69768, -17.22256, 109.472, 110.4355, 0.80, 0.80, 0.00, 1.00, 0.86425, 0.13012, 0.86425, 0.13012, -0.88567, 0.11574, 0.44763, -8.69768, -17.22256, 109.472
194, 64, -6.14219, -11.74051, 114.56865, 115.53046, 0.80, 0.80, 0.00, 1.00, 0.87444, 0.04921, 0.87444, 0.04921, -0.95929, -0.02535, 0.27804, -6.14219, -11.74051, 114.56865
195, 73, -8.69768, -17.22256, 109.472, 110.4355, 0.80, 0.80, 0.00, 1.00, 0.86425, 0.13012, 0.86425, 0.13012, -0.88567, 0.11574, 0.44763, -8.69768, -17.22256, 109.472
196, 51, -8.06881, -9.58524, 112.98637, 113.94872, 0.80, 0.80, 0.00, 1.00, 0.84986, 0.04749, 0.84986, 0.04749, -0.40122, 0.65187, 0.64262, -8.06881, -9.58524, 112.98637
197, 64, -6.14219, -11.74051, 114.56865, 115.53046, 0.80, 0.80, 0.00, 1.00, 0.87444, 0.04921, 0.87444, 0.04921, -0.95929, -0.02535, 0.27804, -6.14219, -11.74051, 114.56865
198, 73, -8.69768, -17.22256, 109.472, 110.4355, 0.80, 0.80, 0.00, 1.00, 0.86425, 0.13012, 0.86425, 0.13012, -0.88567, 0.11574, 0.44763, -8.69768, -17.22256, 109.472
199, 65, -9.71811, -15.97858, 108.65536, 109.61914, 0.80, 0.80, 0.00, 1.00, 0.83237, 0.12965, 0.83237, 0.12965, -0.28286, 0.70883, 0.64542, -9.71811, -15.97858, 108.65536
200, 51, -8.06881, -9.58524, 112.98637, 113.94872, 0.80, 0.80, 0.00, 1.00, 0.84986, 0.04749, 0.84986, 0.04749, -0.40122, 0.65187, 0.64262, -8.06881, -9.58524, 112.98637
201, 74, -9.17262, 9.52215, 120.16476, 121.12471, 0.80, 0.80, 0.00, 1.00, 0.90, 0.24736, 0.90, 0.24736, -0.84543, 0.33126, 0.41697, -9.17262, 9.52215, 120.16476
202, 75, -11.75126, 13.46423, 117.46484, 118.42568, 0.80, 0.80, 0.00, 1.00, 0.99013, 0.19746, 0.99013, 0.19746, -0.78236, 0.44097, 0.43813, -11.75126, 13.46423, 117.46484
203, 76, -9.18038, 13.91597, 121.56848, 122.52796, 0.80, 0.80, 0.00, 1.00, 0.87617, 0.20965, 0.87617, 0.20965, -0.88045, 0.38711, -0.2709, -9.18038, 13.91597, 121.56848
204, 74, -9.17262, 9.52215, 120.16476, 121.12471, 0.80, 0.80, 0.00, 1.00, 0.90, 0.24736, 0.90, 0.24736, -0.84543, 0.33126, 0.41697, -9.17262, 9.52215, 120.16476
205, 77, -10.74509, 8.38142, 117.38892, 118.34979, 0.80, 0.80, 0.00, 1.00, 0.99122, 0.2465, 0.99122, 0.2465, -0.8142, 0.33358, 0.47344, -10.74509, 8.38142, 117.38892
206, 75, -11.75126, 13.46423, 117.46484, 118.42568, 0.80, 0.80, 0.00, 1.00, 0.99013, 0.19746, 0.99013, 0.19746, -0.78236, 0.44097, 0.43813, -11.75126, 13.46423, 117.46484
207, 76, -9.18038, 13.91597, 121.56848, 122.52796, 0.80, 0.80, 0.00, 1.00, 0.87617, 0.20965, 0.87617, 0.20965, -0.88045, 0.38711, -0.2709, -9.18038, 13.91597, 121.56848
208, 75, -11.75126, 13.46423, 117.46484, 118.42568, 0.80, 0.80, 0.00, 1.00, 0.99013, 0.19746, 0.99013, 0.19746, -0.78236, 0.44097, 0.43813, -11.75126, 13.46423, 117.46484
209, 78, -12.02606, 18.78905, 120.99722, 121.95689, 0.80, 0.80, 0.00, 1.00, 0.89775, 0.14833, 0.89775, 0.14833, -0.7903, 0.60898, 0.05793, -12.02606, 18.78905, 120.99722
210, 78, -12.02606, 18.78905, 120.99722, 121.95689, 0.80, 0.80, 0.00, 1.00, 0.89775, 0.14833, 0.89775, 0.14833, -0.7903, 0.60898, 0.05793, -12.02606, 18.78905, 120.99722
211, 75, -11.75126, 13.46423, 117.46484, 118.42568, 0.80, 0.80, 0.00, 1.00, 0.99013, 0.19746, 0.99013, 0.19746, -0.78236, 0.44097, 0.43813, -11.75126, 13.46423, 117.46484
212, 79, -13.70318, 18.16175, 118.07744, 119.03808, 0.80, 0.80, 0.00, 1.00, 0.99046, 0.14853, 0.99046, 0.14853, -0.72646, 0.56204, 0.39378, -13.70318, 18.16175, 118.07744
213, 80, -12.02606, 18.78905, 120.99722, 121.95689, 0.80, 0.80, 0.00, 1.00, 0.78808, 0.10212, 0.78808, 0.10212, -0.5314, 0.83207, -0.15656, -12.02606, 18.78905, 120.99722
214, 81, -13.70318, 18.16175, 118.07744, 119.03808, 0.80, 0.80, 0.00, 1.00, 0.73217, 0.10346, 0.73217, 0.10346, -0.31395, 0.8502, 0.42187, -13.70318, 18.16175, 118.07744
215, 82, -13.71861, 20.2081, 120.98909, 121.94876, 0.80, 0.80, 0.00, 1.00, 0.78005, 0.11705, 0.78005, 0.11705, -0.34171, 0.93678, -0.07232, -13.71861, 20.2081, 120.98909
216, 82, -13.71861, 20.2081, 120.98909, 121.94876, 0.80, 0.80, 0.00, 1.00, 0.78005, 0.11705, 0.78005, 0.11705, -0.34171, 0.93678, -0.07232, -13.71861, 20.2081, 120.98909
217, 81, -13.70318, 18.16175, 118.07744, 119.03808, 0.80, 0.80, 0.00, 1.00, 0.73217, 0.10346, 0.73217, 0.10346, -0.31395, 0.8502, 0.42187, -13.70318, 18.16175, 118.07744
218, 83, -14.81721, 19.43427, 118.80759, 119.76799, 0.80, 0.80, 0.00, 1.00, 0.73853, 0.11711, 0.73853, 0.11711, -0.078, 0.90402, 0.41977, -14.81721, 19.43427, 118.80759
219, 84, -8.57995, 10.33758, 122.26472, 123.22397, 0.80, 0.80, 0.00, 1.00, 0.867, 0.24465, 0.867, 0.24465, -0.82955, 0.26532, -0.48964, -8.57995, 10.33758, 122.26472
220, 85, -13.39339, 13.53343, 124.83267, 125.79106, 0.80, 0.80, 0.00, 1.00, 0.80945, 0.21055, 0.80945, 0.21055, -0.37147, 0.35345, -0.85759, -13.39339, 13.53343, 124.83267
221, 86, -12.17997, 8.82627, 124.41017, 125.3687, 0.80, 0.80, 0.00, 1.00, 0.80765, 0.24557, 0.80765, 0.24557, 0.20377, -0.1953, -0.95837, -12.17997, 8.82627, 124.41017
222, 84, -8.57995, 10.33758, 122.26472, 123.22397, 0.80, 0.80, 0.00, 1.00, 0.867, 0.24465, 0.867, 0.24465, -0.82955, 0.26532, -0.48964, -8.57995, 10.33758, 122.26472
223, 76, -9.18038, 13.91597, 121.56848, 122.52796, 0.80, 0.80, 0.00, 1.00, 0.87617, 0.20965, 0.87617, 0.20965, -0.88045, 0.38711, -0.2709, -9.18038, 13.91597, 121.56848
224, 85, -13.39339, 13.53343, 124.83267, 125.79106, 0.80, 0.80, 0.00, 1.00, 0.80945, 0.21055, 0.80945, 0.21055, -0.37147, 0.35345, -0.85759, -13.39339, 13.53343, 124.83267
225, 87, -10.74509, 8.38142, 117.38892, 118.34979, 0.80, 0.80, 0.00, 1.00, 0.61898, 0.24905, 0.61898, 0.24905, 0.1613, 0.05503, 0.9844, -10.74509, 8.38142, 117.38892
226, 88, -15.54944, 5.88584, 120.73133, 121.69109, 0.80, 0.80, 0.00, 1.00, 0.71846, 0.24832, 0.71846, 0.24832, 0.66354, -0.27421, 0.69487, -15.54944, 5.88584, 120.73133
227, 89, -15.77082, 9.96575, 118.02259, 118.98325, 0.80, 0.80, 0.00, 1.00, 0.70424, 0.21431, 0.70424, 0.21431, 0.10659, 0.04485, 0.99232, -15.77082, 9.96575, 118.02259
228, 90, -11.75126, 13.46423, 117.46484, 118.42568, 0.80, 0.80, 0.00, 1.00, 0.61758, 0.20001, 0.61758, 0.20001, 0.15997, 0.19084, 0.96756, -11.75126, 13.46423, 117.46484
229, 87, -10.74509, 8.38142, 117.38892, 118.34979, 0.80, 0.80, 0.00, 1.00, 0.61898, 0.24905, 0.61898, 0.24905, 0.1613, 0.05503, 0.9844, -10.74509, 8.38142, 117.38892
230, 89, -15.77082, 9.96575, 118.02259, 118.98325, 0.80, 0.80, 0.00, 1.00, 0.70424, 0.21431, 0.70424, 0.21431, 0.10659, 0.04485, 0.99232, -15.77082, 9.96575, 118.02259
231, 76, -9.18038, 13.91597, 121.56848, 122.52796, 0.80, 0.80, 0.00, 1.00, 0.87617, 0.20965, 0.87617, 0.20965, -0.88045, 0.38711, -0.2709, -9.18038, 13.91597, 121.56848
232, 91, -14.50047, 18.83643, 123.62933, 124.58813, 0.80, 0.80, 0.00, 1.00, 0.81012, 0.14623, 0.81012, 0.14623, -0.56613, 0.27887, -0.77456, -14.50047, 18.83643, 123.62933
233, 85, -13.39339, 13.53343, 124.83267, 125.79106, 0.80, 0.80, 0.00, 1.00, 0.80945, 0.21055, 0.80945, 0.21055, -0.37147, 0.35345, -0.85759, -13.39339, 13.53343, 124.83267
234, 76, -9.18038, 13.91597, 121.56848, 122.52796, 0.80, 0.80, 0.00, 1.00, 0.87617, 0.20965, 0.87617, 0.20965, -0.88045, 0.38711, -0.2709, -9.18038, 13.91597, 121.56848
235, 78, -12.02606, 18.78905, 120.99722, 121.95689, 0.80, 0.80, 0.00, 1.00, 0.89775, 0.14833, 0.89775, 0.14833, -0.7903, 0.60898, 0.05793, -12.02606, 18.78905, 120.99722
236, 91, -14.50047, 18.83643, 123.62933, 124.58813, 0.80, 0.80, 0.00, 1.00, 0.81012, 0.14623, 0.81012, 0.14623, -0.56613, 0.27887, -0.77456, -14.50047, 18.83643, 123.62933
237, 92, -13.70318, 18.16175, 118.07744, 119.03808, 0.80, 0.80, 0.00, 1.00, 0.61774, 0.14789, 0.61774, 0.14789, 0.02784, 0.18287, 0.9818, -13.70318, 18.16175, 118.07744
238, 89, -15.77082, 9.96575, 118.02259, 118.98325, 0.80, 0.80, 0.00, 1.00, 0.70424, 0.21431, 0.70424, 0.21431, 0.10659, 0.04485, 0.99232, -15.77082, 9.96575, 118.02259
239, 93, -17.65924, 17.25346, 117.58838, 118.54919, 0.80, 0.80, 0.00, 1.00, 0.69579, 0.14495, 0.69579, 0.14495, -0.13231, 0.12811, 0.98193, -17.65924, 17.25346, 117.58838
240, 92, -13.70318, 18.16175, 118.07744, 119.03808, 0.80, 0.80, 0.00, 1.00, 0.61774, 0.14789, 0.61774, 0.14789, 0.02784, 0.18287, 0.9818, -13.70318, 18.16175, 118.07744
241, 90, -11.75126, 13.46423, 117.46484, 118.42568, 0.80, 0.80, 0.00, 1.00, 0.61758, 0.20001, 0.61758, 0.20001, 0.15997, 0.19084, 0.96756, -11.75126, 13.46423, 117.46484
242, 89, -15.77082, 9.96575, 118.02259, 118.98325, 0.80, 0.80, 0.00, 1.00, 0.70424, 0.21431, 0.70424, 0.21431, 0.10659, 0.04485, 0.99232, -15.77082, 9.96575, 118.02259
243, 82, -13.71861, 20.2081, 120.98909, 121.94876, 0.80, 0.80, 0.00, 1.00, 0.78005, 0.11705, 0.78005, 0.11705, -0.34171, 0.93678, -0.07232, -13.71861, 20.2081, 120.98909
244, 94, -15.6173, 20.68734, 122.39803, 123.35723, 0.80, 0.80, 0.00, 1.00, 0.7888, 0.14547, 0.7888, 0.14547, -0.25813, 0.93126, -0.25614, -15.6173, 20.68734, 122.39803
245, 95, -14.50047, 18.83643, 123.62933, 124.58813, 0.80, 0.80, 0.00, 1.00, 0.80958, 0.14557, 0.80958, 0.14557, -0.47573, 0.68822, -0.54667, -14.50047, 18.83643, 123.62933
246, 80, -12.02606, 18.78905, 120.99722, 121.95689, 0.80, 0.80, 0.00, 1.00, 0.78808, 0.10212, 0.78808, 0.10212, -0.5314, 0.83207, -0.15656, -12.02606, 18.78905, 120.99722
247, 82, -13.71861, 20.2081, 120.98909, 121.94876, 0.80, 0.80, 0.00, 1.00, 0.78005, 0.11705, 0.78005, 0.11705, -0.34171, 0.93678, -0.07232, -13.71861, 20.2081, 120.98909
248, 95, -14.50047, 18.83643, 123.62933, 124.58813, 0.80, 0.80, 0.00, 1.00, 0.80958, 0.14557, 0.80958, 0.14557, -0.47573, 0.68822, -0.54667, -14.50047, 18.83643, 123.62933
249, 82, -13.71861, 20.2081, 120.98909, 121.94876, 0.80, 0.80, 0.00, 1.00, 0.78005, 0.11705, 0.78005, 0.11705, -0.34171, 0.93678, -0.07232, -13.71861, 20.2081, 120.98909
250, 96, -17.17929, 19.59901, 119.30486, 120.26509, 0.80, 0.80, 0.00, 1.00, 0.72992, 0.14557, 0.72992, 0.14557, 0.04086, 0.96748, 0.24908, -17.17929, 19.59901, 119.30486
251, 94, -15.6173, 20.68734, 122.39803, 123.35723, 0.80, 0.80, 0.00, 1.00, 0.7888, 0.14547, 0.7888, 0.14547, -0.25813, 0.93126, -0.25614, -15.6173, 20.68734, 122.39803
252, 82, -13.71861, 20.2081, 120.98909, 121.94876, 0.80, 0.80, 0.00, 1.00, 0.78005, 0.11705, 0.78005, 0.11705, -0.34171, 0.93678, -0.07232, -13.71861, 20.2081, 120.98909
253, 83, -14.81721, 19.43427, 118.80759, 119.76799, 0.80, 0.80, 0.00, 1.00, 0.73853, 0.11711, 0.73853, 0.11711, -0.078, 0.90402, 0.41977, -14.81721, 19.43427, 118.80759
254, 96, -17.17929, 19.59901, 119.30486, 120.26509, 0.80, 0.80, 0.00, 1.00, 0.72992, 0.14557, 0.72992, 0.14557, 0.04086, 0.96748, 0.24908, -17.17929, 19.59901, 119.30486
255, 83, -14.81721, 19.43427, 118.80759, 119.76799, 0.80, 0.80, 0.00, 1.00, 0.73853, 0.11711, 0.73853, 0.11711, -0.078, 0.90402, 0.41977, -14.81721, 19.43427, 118.80759
256, 97, -17.65924, 17.25346, 117.58838, 118.54919, 0.80, 0.80, 0.00, 1.00, 0.69529, 0.14565, 0.69529, 0.14565, 0.05852, 0.78325, 0.61833, -17.65924, 17.25346, 117.58838
257, 96, -17.17929, 19.59901, 119.30486, 120.26509, 0.80, 0.80, 0.00, 1.00, 0.72992, 0.14557, 0.72992, 0.14557, 0.04086, 0.96748, 0.24908, -17.17929, 19.59901, 119.30486
258, 83, -14.81721, 19.43427, 118.80759, 119.76799, 0.80, 0.80, 0.00, 1.00, 0.73853, 0.11711, 0.73853, 0.11711, -0.078, 0.90402, 0.41977, -14.81721, 19.43427, 118.80759
259, 81, -13.70318, 18.16175, 118.07744, 119.03808, 0.80, 0.80, 0.00, 1.00, 0.73217, 0.10346, 0.73217, 0.10346, -0.31395, 0.8502, 0.42187, -13.70318, 18.16175, 118.07744
260, 97, -17.65924, 17.25346, 117.58838, 118.54919, 0.80, 0.80, 0.00, 1.00, 0.69529, 0.14565, 0.69529, 0.14565, 0.05852, 0.78325, 0.61833, -17.65924, 17.25346, 117.58838
261, 98, -11.83713, 2.23651, 117.32439, 118.28528, 0.80, 0.80, 0.00, 1.00, 0.66835, 0.29778, 0.66835, 0.29778, 0.19798, 0.04175, 0.97834, -11.83713, 2.23651, 117.32439
262, 88, -15.54944, 5.88584, 120.73133, 121.69109, 0.80, 0.80, 0.00, 1.00, 0.71846, 0.24832, 0.71846, 0.24832, 0.66354, -0.27421, 0.69487, -15.54944, 5.88584, 120.73133
263, 87, -10.74509, 8.38142, 117.38892, 118.34979, 0.80, 0.80, 0.00, 1.00, 0.61898, 0.24905, 0.61898, 0.24905, 0.1613, 0.05503, 0.9844, -10.74509, 8.38142, 117.38892
264, 98, -11.83713, 2.23651, 117.32439, 118.28528, 0.80, 0.80, 0.00, 1.00, 0.66835, 0.29778, 0.66835, 0.29778, 0.19798, 0.04175, 0.97834, -11.83713, 2.23651, 117.32439
265, 99, -13.56544, -0.17722, 119.17139, 120.13166, 0.80, 0.80, 0.00, 1.00, 0.70995, 0.31396, 0.70995, 0.31396, 0.87262, -0.41976, 0.24659, -13.56544, -0.17722, 119.17139
266, 88, -15.54944, 5.88584, 120.73133, 121.69109, 0.80, 0.80, 0.00, 1.00, 0.71846, 0.24832, 0.71846, 0.24832, 0.66354, -0.27421, 0.69487, -15.54944, 5.88584, 120.73133
267, 99, -13.56544, -0.17722, 119.17139, 120.13166, 0.80, 0.80, 0.00, 1.00, 0.70995, 0.31396, 0.70995, 0.31396, 0.87262, -0.41976, 0.24659, -13.56544, -0.17722, 119.17139
268, 86, -12.17997, 8.82627, 124.41017, 125.3687, 0.80, 0.80, 0.00, 1.00, 0.80765, 0.24557, 0.80765, 0.24557, 0.20377, -0.1953, -0.95837, -12.17997, 8.82627, 124.41017
269, 88, -15.54944, 5.88584, 120.73133, 121.69109, 0.80, 0.80, 0.00, 1.00, 0.71846, 0.24832, 0.71846, 0.24832, 0.66354, -0.27421, 0.69487, -15.54944, 5.88584, 120.73133
270, 99, -13.56544, -0.17722, 119.17139, 120.13166, 0.80, 0.80, 0.00, 1.00, 0.70995, 0.31396, 0.70995, 0.31396, 0.87262, -0.41976, 0.24659, -13.56544, -0.17722, 119.17139
271, 100, -10.97208, 1.82956, 123.64607, 124.60486, 0.80, 0.80, 0.00, 1.00, 0.79836, 0.31124, 0.79836, 0.31124, 0.68107, -0.46747, -0.56227, -10.97208, 1.82956, 123.64607
272, 86, -12.17997, 8.82627, 124.41017, 125.3687, 0.80, 0.80, 0.00, 1.00, 0.80765, 0.24557, 0.80765, 0.24557, 0.20377, -0.1953, -0.95837, -12.17997, 8.82627, 124.41017
273, 101, -7.71107, 4.60763, 123.3414, 124.30029, 0.80, 0.80, 0.00, 1.00, 0.85923, 0.2996, 0.85923, 0.2996, -0.65282, 0.0166, -0.75612, -7.71107, 4.60763, 123.3414
274, 84, -8.57995, 10.33758, 122.26472, 123.22397, 0.80, 0.80, 0.00, 1.00, 0.867, 0.24465, 0.867, 0.24465, -0.82955, 0.26532, -0.48964, -8.57995, 10.33758, 122.26472
275, 86, -12.17997, 8.82627, 124.41017, 125.3687, 0.80, 0.80, 0.00, 1.00, 0.80765, 0.24557, 0.80765, 0.24557, 0.20377, -0.1953, -0.95837, -12.17997, 8.82627, 124.41017
276, 101, -7.71107, 4.60763, 123.3414, 124.30029, 0.80, 0.80, 0.00, 1.00, 0.85923, 0.2996, 0.85923, 0.2996, -0.65282, 0.0166, -0.75612, -7.71107, 4.60763, 123.3414
277, 102, -6.85231, 3.52042, 120.98463, 121.94431, 0.80, 0.80, 0.00, 1.00, 0.90049, 0.31033, 0.90049, 0.31033, -0.95917, 0.27921, 0.01916, -6.85231, 3.52042, 120.98463
278, 84, -8.57995, 10.33758, 122.26472, 123.22397, 0.80, 0.80, 0.00, 1.00, 0.867, 0.24465, 0.867, 0.24465, -0.82955, 0.26532, -0.48964, -8.57995, 10.33758, 122.26472
279, 77, -10.74509, 8.38142, 117.38892, 118.34979, 0.80, 0.80, 0.00, 1.00, 0.99122, 0.2465, 0.99122, 0.2465, -0.8142, 0.33358, 0.47344, -10.74509, 8.38142, 117.38892
280, 74, -9.17262, 9.52215, 120.16476, 121.12471, 0.80, 0.80, 0.00, 1.00, 0.90, 0.24736, 0.90, 0.24736, -0.84543, 0.33126, 0.41697, -9.17262, 9.52215, 120.16476
281, 103, -8.77458, 1.87555, 117.85764, 118.81835, 0.80, 0.80, 0.00, 1.00, 0.98934, 0.31183, 0.98934, 0.31183, -0.81844, 0.28935, 0.4947, -8.77458, 1.87555, 117.85764
282, 102, -6.85231, 3.52042, 120.98463, 121.94431, 0.80, 0.80, 0.00, 1.00, 0.90049, 0.31033, 0.90049, 0.31033, -0.95917, 0.27921, 0.01916, -6.85231, 3.52042, 120.98463
283, 103, -8.77458, 1.87555, 117.85764, 118.81835, 0.80, 0.80, 0.00, 1.00, 0.98934, 0.31183, 0.98934, 0.31183, -0.81844, 0.28935, 0.4947, -8.77458, 1.87555, 117.85764
284, 74, -9.17262, 9.52215, 120.16476, 121.12471, 0.80, 0.80, 0.00, 1.00, 0.90, 0.24736, 0.90, 0.24736, -0.84543, 0.33126, 0.41697, -9.17262, 9.52215, 120.16476
285, 98, -11.83713, 2.23651, 117.32439, 118.28528, 0.80, 0.80, 0.00, 1.00, 0.66835, 0.29778, 0.66835, 0.29778, 0.19798, 0.04175, 0.97834, -11.83713, 2.23651, 117.32439
286, 87, -10.74509, 8.38142, 117.38892, 118.34979, 0.80, 0.80, 0.00, 1.00, 0.61898, 0.24905, 0.61898, 0.24905, 0.1613, 0.05503, 0.9844, -10.74509, 8.38142, 117.38892
287, 104, -8.77458, 1.87555, 117.85764, 118.81835, 0.80, 0.80, 0.00, 1.00, 0.61655, 0.31439, 0.61655, 0.31439, -0.17604, 0.15503, 0.97113, -8.77458, 1.87555, 117.85764
288, 101, -7.71107, 4.60763, 123.3414, 124.30029, 0.80, 0.80, 0.00, 1.00, 0.85923, 0.2996, 0.85923, 0.2996, -0.65282, 0.0166, -0.75612, -7.71107, 4.60763, 123.3414
289, 86, -12.17997, 8.82627, 124.41017, 125.3687, 0.80, 0.80, 0.00, 1.00, 0.80765, 0.24557, 0.80765, 0.24557, 0.20377, -0.1953, -0.95837, -12.17997, 8.82627, 124.41017
290, 105, -9.61102, -0.78123, 123.82608, 124.78481, 0.80, 0.80, 0.00, 1.00, 0.80882, 0.34002, 0.80882, 0.34002, 0.39194, -0.12871, -0.9099, -9.61102, -0.78123, 123.82608
291, 106, -8.30589, -0.99737, 117.91245, 118.87315, 0.80, 0.80, 0.00, 1.00, 0.61687, 0.34162, 0.61687, 0.34162, -0.11695, 0.08677, 0.98836, -8.30589, -0.99737, 117.91245
292, 98, -11.83713, 2.23651, 117.32439, 118.28528, 0.80, 0.80, 0.00, 1.00, 0.66835, 0.29778, 0.66835, 0.29778, 0.19798, 0.04175, 0.97834, -11.83713, 2.23651, 117.32439
293, 104, -8.77458, 1.87555, 117.85764, 118.81835, 0.80, 0.80, 0.00, 1.00, 0.61655, 0.31439, 0.61655, 0.31439, -0.17604, 0.15503, 0.97113, -8.77458, 1.87555, 117.85764
294, 106, -8.30589, -0.99737, 117.91245, 118.87315, 0.80, 0.80, 0.00, 1.00, 0.61687, 0.34162, 0.61687, 0.34162, -0.11695, 0.08677, 0.98836, -8.30589, -0.99737, 117.91245
295, 107, -10.00198, -1.93272, 117.93578, 118.89647, 0.80, 0.80, 0.00, 1.00, 0.66031, 0.3427, 0.66031, 0.3427, 0.37285, -0.02274, 0.92659, -10.00198, -1.93272, 117.93578
296, 98, -11.83713, 2.23651, 117.32439, 118.28528, 0.80, 0.80, 0.00, 1.00, 0.66835, 0.29778, 0.66835, 0.29778, 0.19798, 0.04175, 0.97834, -11.83713, 2.23651, 117.32439
297, 105, -9.61102, -0.78123, 123.82608, 124.78481, 0.80, 0.80, 0.00, 1.00, 0.80882, 0.34002, 0.80882, 0.34002, 0.39194, -0.12871, -0.9099, -9.61102, -0.78123, 123.82608
298, 86, -12.17997, 8.82627, 124.41017, 125.3687, 0.80, 0.80, 0.00, 1.00, 0.80765, 0.24557, 0.80765, 0.24557, 0.20377, -0.1953, -0.95837, -12.17997, 8.82627, 124.41017
299, 100, -10.97208, 1.82956, 123.64607, 124.60486, 0.80, 0.80, 0.00, 1.00, 0.79836, 0.31124, 0.79836, 0.31124, 0.68107, -0.46747, -0.56227, -10.97208, 1.82956, 123.64607
300, 105, -9.61102, -0.78123, 123.82608, 124.78481, 0.80, 0.80, 0.00, 1.00, 0.80882, 0.34002, 0.80882, 0.34002, 0.39194, -0.12871, -0.9099, -9.61102, -0.78123, 123.82608
301, 108, -7.21828, 0.11877, 123.00182, 123.96082, 0.80, 0.80, 0.00, 1.00, 0.85691, 0.34094, 0.85691, 0.34094, -0.53202, 0.25654, -0.80581, -7.21828, 0.11877, 123.00182
302, 101, -7.71107, 4.60763, 123.3414, 124.30029, 0.80, 0.80, 0.00, 1.00, 0.85923, 0.2996, 0.85923, 0.2996, -0.65282, 0.0166, -0.75612, -7.71107, 4.60763, 123.3414
303, 107, -10.00198, -1.93272, 117.93578, 118.89647, 0.80, 0.80, 0.00, 1.00, 0.66031, 0.3427, 0.66031, 0.3427, 0.37285, -0.02274, 0.92659, -10.00198, -1.93272, 117.93578
304, 99, -13.56544, -0.17722, 119.17139, 120.13166, 0.80, 0.80, 0.00, 1.00, 0.70995, 0.31396, 0.70995, 0.31396, 0.87262, -0.41976, 0.24659, -13.56544, -0.17722, 119.17139
305, 98, -11.83713, 2.23651, 117.32439, 118.28528, 0.80, 0.80, 0.00, 1.00, 0.66835, 0.29778, 0.66835, 0.29778, 0.19798, 0.04175, 0.97834, -11.83713, 2.23651, 117.32439
306, 107, -10.00198, -1.93272, 117.93578, 118.89647, 0.80, 0.80, 0.00, 1.00, 0.66031, 0.3427, 0.66031, 0.3427, 0.37285, -0.02274, 0.92659, -10.00198, -1.93272, 117.93578
307, 109, -12.17528, -2.62189, 119.27572, 120.23596, 0.80, 0.80, 0.00, 1.00, 0.70581, 0.34132, 0.70581, 0.34132, 0.96175, -0.13979, 0.23185, -12.17528, -2.62189, 119.27572
308, 99, -13.56544, -0.17722, 119.17139, 120.13166, 0.80, 0.80, 0.00, 1.00, 0.70995, 0.31396, 0.70995, 0.31396, 0.87262, -0.41976, 0.24659, -13.56544, -0.17722, 119.17139
309, 109, -12.17528, -2.62189, 119.27572, 120.23596, 0.80, 0.80, 0.00, 1.00, 0.70581, 0.34132, 0.70581, 0.34132, 0.96175, -0.13979, 0.23185, -12.17528, -2.62189, 119.27572
310, 100, -10.97208, 1.82956, 123.64607, 124.60486, 0.80, 0.80, 0.00, 1.00, 0.79836, 0.31124, 0.79836, 0.31124, 0.68107, -0.46747, -0.56227, -10.97208, 1.82956, 123.64607
311, 99, -13.56544, -0.17722, 119.17139, 120.13166, 0.80, 0.80, 0.00, 1.00, 0.70995, 0.31396, 0.70995, 0.31396, 0.87262, -0.41976, 0.24659, -13.56544, -0.17722, 119.17139
312, 109, -12.17528, -2.62189, 119.27572, 120.23596, 0.80, 0.80, 0.00, 1.00, 0.70581, 0.34132, 0.70581, 0.34132, 0.96175, -0.13979, 0.23185, -12.17528, -2.62189, 119.27572
313, 105, -9.61102, -0.78123, 123.82608, 124.78481, 0.80, 0.80, 0.00, 1.00, 0.80882, 0.34002, 0.80882, 0.34002, 0.39194, -0.12871, -0.9099, -9.61102, -0.78123, 123.82608
314, 100, -10.97208, 1.82956, 123.64607, 124.60486, 0.80, 0.80, 0.00, 1.00, 0.79836, 0.31124, 0.79836, 0.31124, 0.68107, -0.46747, -0.56227, -10.97208, 1.82956, 123.64607
315, 108, -7.21828, 0.11877, 123.00182, 123.96082, 0.80, 0.80, 0.00, 1.00, 0.85691, 0.34094, 0.85691, 0.34094, -0.53202, 0.25654, -0.80581, -7.21828, 0.11877, 123.00182
316, 102, -6.85231, 3.52042, 120.98463, 121.94431, 0.80, 0.80, 0.00, 1.00, 0.90049, 0.31033, 0.90049, 0.31033, -0.95917, 0.27921, 0.01916, -6.85231, 3.52042, 120.98463
317, 101, -7.71107, 4.60763, 123.3414, 124.30029, 0.80, 0.80, 0.00, 1.00, 0.85923, 0.2996, 0.85923, 0.2996, -0.65282, 0.0166, -0.75612, -7.71107, 4.60763, 123.3414
318, 108, -7.21828, 0.11877, 123.00182, 123.96082, 0.80, 0.80, 0.00, 1.00, 0.85691, 0.34094, 0.85691, 0.34094, -0.53202, 0.25654, -0.80581, -7.21828, 0.11877, 123.00182
319, 110, -6.28349, 0.59352, 121.54596, 122.50545, 0.80, 0.80, 0.00, 1.00, 0.89202, 0.33907, 0.89202, 0.33907, -0.83778, 0.53805, -0.08523, -6.28349, 0.59352, 121.54596
320, 102, -6.85231, 3.52042, 120.98463, 121.94431, 0.80, 0.80, 0.00, 1.00, 0.90049, 0.31033, 0.90049, 0.31033, -0.95917, 0.27921, 0.01916, -6.85231, 3.52042, 120.98463
321, 110, -6.28349, 0.59352, 121.54596, 122.50545, 0.80, 0.80, 0.00, 1.00, 0.89202, 0.33907, 0.89202, 0.33907, -0.83778, 0.53805, -0.08523, -6.28349, 0.59352, 121.54596
322, 103, -8.77458, 1.87555, 117.85764, 118.81835, 0.80, 0.80, 0.00, 1.00, 0.98934, 0.31183, 0.98934, 0.31183, -0.81844, 0.28935, 0.4947, -8.77458, 1.87555, 117.85764
323, 102, -6.85231, 3.52042, 120.98463, 121.94431, 0.80, 0.80, 0.00, 1.00, 0.90049, 0.31033, 0.90049, 0.31033, -0.95917, 0.27921, 0.01916, -6.85231, 3.52042, 120.98463
324, 110, -6.28349, 0.59352, 121.54596, 122.50545, 0.80, 0.80, 0.00, 1.00, 0.89202, 0.33907, 0.89202, 0.33907, -0.83778, 0.53805, -0.08523, -6.28349, 0.59352, 121.54596
325, 111, -8.30589, -0.99737, 117.91245, 118.87315, 0.80, 0.80, 0.00, 1.00, 0.9901, 0.33906, 0.9901, 0.33906, -0.65579, 0.61741, 0.43306, -8.30589, -0.99737, 117.91245
326, 103, -8.77458, 1.87555, 117.85764, 118.81835, 0.80, 0.80, 0.00, 1.00, 0.98934, 0.31183, 0.98934, 0.31183, -0.81844, 0.28935, 0.4947, -8.77458, 1.87555, 117.85764
327, 112, -7.75489, -1.43469, 117.00415, 117.96515, 0.80, 0.80, 0.00, 1.00, 0.61703, 0.36159, 0.61703, 0.36159, 0.07046, 0.89741, 0.43501, -7.75489, -1.43469, 117.00415
328, 113, -10.00198, -1.93272, 117.93578, 118.89647, 0.80, 0.80, 0.00, 1.00, 0.66051, 0.34334, 0.66051, 0.34334, 0.1046, 0.48565, 0.86705, -10.00198, -1.93272, 117.93578
329, 114, -8.30589, -0.99737, 117.91245, 118.87315, 0.80, 0.80, 0.00, 1.00, 0.61691, 0.34226, 0.61691, 0.34226, 0.1224, 0.41734, 0.89961, -8.30589, -0.99737, 117.91245
330, 112, -7.75489, -1.43469, 117.00415, 117.96515, 0.80, 0.80, 0.00, 1.00, 0.61703, 0.36159, 0.61703, 0.36159, 0.07046, 0.89741, 0.43501, -7.75489, -1.43469, 117.00415
331, 115, -10.69271, -1.51066, 117.12491, 118.08586, 0.80, 0.80, 0.00, 1.00, 0.66085, 0.3621, 0.66085, 0.3621, 0.09555, 0.84077, 0.53233, -10.69271, -1.51066, 117.12491
332, 113, -10.00198, -1.93272, 117.93578, 118.89647, 0.80, 0.80, 0.00, 1.00, 0.66051, 0.34334, 0.66051, 0.34334, 0.1046, 0.48565, 0.86705, -10.00198, -1.93272, 117.93578
333, 116, -9.1428, -6.97319, 123.14254, 124.10149, 0.80, 0.80, 0.00, 1.00, 0.80364, 0.35882, 0.80364, 0.35882, 0.24341, -0.59263, -0.76701, -9.1428, -6.97319, 123.14254
334, 108, -7.21828, 0.11877, 123.00182, 123.96082, 0.80, 0.80, 0.00, 1.00, 0.85691, 0.34094, 0.85691, 0.34094, -0.53202, 0.25654, -0.80581, -7.21828, 0.11877, 123.00182
335, 105, -9.61102, -0.78123, 123.82608, 124.78481, 0.80, 0.80, 0.00, 1.00, 0.80882, 0.34002, 0.80882, 0.34002, 0.39194, -0.12871, -0.9099, -9.61102, -0.78123, 123.82608
336, 116, -9.1428, -6.97319, 123.14254, 124.10149, 0.80, 0.80, 0.00, 1.00, 0.80364, 0.35882, 0.80364, 0.35882, 0.24341, -0.59263, -0.76701, -9.1428, -6.97319, 123.14254
337, 117, -5.84441, -6.26022, 122.00259, 122.96193, 0.80, 0.80, 0.00, 1.00, 0.85733, 0.35974, 0.85733, 0.35974, -0.68473, -0.50495, -0.52427, -5.84441, -6.26022, 122.00259
338, 108, -7.21828, 0.11877, 123.00182, 123.96082, 0.80, 0.80, 0.00, 1.00, 0.85691, 0.34094, 0.85691, 0.34094, -0.53202, 0.25654, -0.80581, -7.21828, 0.11877, 123.00182
339, 118, -10.69271, -1.51066, 117.12491, 118.08586, 0.80, 0.80, 0.00, 1.00, 0.66065, 0.36146, 0.66065, 0.36146, 0.66924, 0.68793, 0.27912, -10.69271, -1.51066, 117.12491
340, 109, -12.17528, -2.62189, 119.27572, 120.23596, 0.80, 0.80, 0.00, 1.00, 0.70581, 0.34132, 0.70581, 0.34132, 0.96175, -0.13979, 0.23185, -12.17528, -2.62189, 119.27572
341, 107, -10.00198, -1.93272, 117.93578, 118.89647, 0.80, 0.80, 0.00, 1.00, 0.66031, 0.3427, 0.66031, 0.3427, 0.37285, -0.02274, 0.92659, -10.00198, -1.93272, 117.93578
342, 118, -10.69271, -1.51066, 117.12491, 118.08586, 0.80, 0.80, 0.00, 1.00, 0.66065, 0.36146, 0.66065, 0.36146, 0.66924, 0.68793, 0.27912, -10.69271, -1.51066, 117.12491
343, 119, -13.03753, -3.28862, 119.37806, 120.33826, 0.80, 0.80, 0.00, 1.00, 0.7111, 0.3601, 0.7111, 0.3601, 0.95118, 0.26599, -0.15104, -13.03753, -3.28862, 119.37806
344, 109, -12.17528, -2.62189, 119.27572, 120.23596, 0.80, 0.80, 0.00, 1.00, 0.70581, 0.34132, 0.70581, 0.34132, 0.96175, -0.13979, 0.23185, -12.17528, -2.62189, 119.27572
345, 119, -13.03753, -3.28862, 119.37806, 120.33826, 0.80, 0.80, 0.00, 1.00, 0.7111, 0.3601, 0.7111, 0.3601, 0.95118, 0.26599, -0.15104, -13.03753, -3.28862, 119.37806
346, 105, -9.61102, -0.78123, 123.82608, 124.78481, 0.80, 0.80, 0.00, 1.00, 0.80882, 0.34002, 0.80882, 0.34002, 0.39194, -0.12871, -0.9099, -9.61102, -0.78123, 123.82608
347, 109, -12.17528, -2.62189, 119.27572, 120.23596, 0.80, 0.80, 0.00, 1.00, 0.70581, 0.34132, 0.70581, 0.34132, 0.96175, -0.13979, 0.23185, -12.17528, -2.62189, 119.27572
348, 119, -13.03753, -3.28862, 119.37806, 120.33826, 0.80, 0.80, 0.00, 1.00, 0.7111, 0.3601, 0.7111, 0.3601, 0.95118, 0.26599, -0.15104, -13.03753, -3.28862, 119.37806
349, 116, -9.1428, -6.97319, 123.14254, 124.10149, 0.80, 0.80, 0.00, 1.00, 0.80364, 0.35882, 0.80364, 0.35882, 0.24341, -0.59263, -0.76701, -9.1428, -6.97319, 123.14254
350, 105, -9.61102, -0.78123, 123.82608, 124.78481, 0.80, 0.80, 0.00, 1.00, 0.80882, 0.34002, 0.80882, 0.34002, 0.39194, -0.12871, -0.9099, -9.61102, -0.78123, 123.82608
351, 117, -5.84441, -6.26022, 122.00259, 122.96193, 0.80, 0.80, 0.00, 1.00, 0.85733, 0.35974, 0.85733, 0.35974, -0.68473, -0.50495, -0.52427, -5.84441, -6.26022, 122.00259
352, 110, -6.28349, 0.59352, 121.54596, 122.50545, 0.80, 0.80, 0.00, 1.00, 0.89202, 0.33907, 0.89202, 0.33907, -0.83778, 0.53805, -0.08523, -6.28349, 0.59352, 121.54596
353, 108, -7.21828, 0.11877, 123.00182, 123.96082, 0.80, 0.80, 0.00, 1.00, 0.85691, 0.34094, 0.85691, 0.34094, -0.53202, 0.25654, -0.80581, -7.21828, 0.11877, 123.00182
354, 117, -5.84441, -6.26022, 122.00259, 122.96193, 0.80, 0.80, 0.00, 1.00, 0.85733, 0.35974, 0.85733, 0.35974, -0.68473, -0.50495, -0.52427, -5.84441, -6.26022, 122.00259
355, 120, -4.65927, -4.25159, 120.03757, 120.99756, 0.80, 0.80, 0.00, 1.00, 0.9008, 0.35788, 0.9008, 0.35788, -0.97955, 0.19096, -0.04786, -4.65927, -4.25159, 120.03757
356, 110, -6.28349, 0.59352, 121.54596, 122.50545, 0.80, 0.80, 0.00, 1.00, 0.89202, 0.33907, 0.89202, 0.33907, -0.83778, 0.53805, -0.08523, -6.28349, 0.59352, 121.54596
357, 120, -4.65927, -4.25159, 120.03757, 120.99756, 0.80, 0.80, 0.00, 1.00, 0.9008, 0.35788, 0.9008, 0.35788, -0.97955, 0.19096, -0.04786, -4.65927, -4.25159, 120.03757
358, 111, -8.30589, -0.99737, 117.91245, 118.87315, 0.80, 0.80, 0.00, 1.00, 0.9901, 0.33906, 0.9901, 0.33906, -0.65579, 0.61741, 0.43306, -8.30589, -0.99737, 117.91245
359, 110, -6.28349, 0.59352, 121.54596, 122.50545, 0.80, 0.80, 0.00, 1.00, 0.89202, 0.33907, 0.89202, 0.33907, -0.83778, 0.53805, -0.08523, -6.28349, 0.59352, 121.54596
360, 120, -4.65927, -4.25159, 120.03757, 120.99756, 0.80, 0.80, 0.00, 1.00, 0.9008, 0.35788, 0.9008, 0.35788, -0.97955, 0.19096, -0.04786, -4.65927, -4.25159, 120.03757
361, 121, -7.75489, -1.43469, 117.00415, 117.96515, 0.80, 0.80, 0.00, 1.00, 0.98896, 0.35775, 0.98896, 0.35775, -0.74502, 0.60758, 0.27307, -7.75489, -1.43469, 117.00415
362, 111, -8.30589, -0.99737, 117.91245, 118.87315, 0.80, 0.80, 0.00, 1.00, 0.9901, 0.33906, 0.9901, 0.33906, -0.65579, 0.61741, 0.43306, -8.30589, -0.99737, 117.91245
363, 122, -7.68807, -4.99226, 114.49214, 115.45398, 0.80, 0.80, 0.00, 1.00, 0.61681, 0.40716, 0.61681, 0.40716, 0.15302, 0.55548, 0.81654, -7.68807, -4.99226, 114.49214
364, 115, -10.69271, -1.51066, 117.12491, 118.08586, 0.80, 0.80, 0.00, 1.00, 0.66085, 0.3621, 0.66085, 0.3621, 0.09555, 0.84077, 0.53233, -10.69271, -1.51066, 117.12491
365, 112, -7.75489, -1.43469, 117.00415, 117.96515, 0.80, 0.80, 0.00, 1.00, 0.61703, 0.36159, 0.61703, 0.36159, 0.07046, 0.89741, 0.43501, -7.75489, -1.43469, 117.00415
366, 122, -7.68807, -4.99226, 114.49214, 115.45398, 0.80, 0.80, 0.00, 1.00, 0.61681, 0.40716, 0.61681, 0.40716, 0.15302, 0.55548, 0.81654, -7.68807, -4.99226, 114.49214
367, 123, -10.32813, -5.27823, 114.99014, 115.95181, 0.80, 0.80, 0.00, 1.00, 0.65224, 0.40658, 0.65224, 0.40658, 0.19877, 0.2653, 0.94253, -10.32813, -5.27823, 114.99014
368, 115, -10.69271, -1.51066, 117.12491, 118.08586, 0.80, 0.80, 0.00, 1.00, 0.66085, 0.3621, 0.66085, 0.3621, 0.09555, 0.84077, 0.53233, -10.69271, -1.51066, 117.12491
369, 124, -9.7224, -10.13834, 119.78421, 120.74429, 0.80, 0.80, 0.00, 1.00, 0.79036, 0.40813, 0.79036, 0.40813, 0.23775, -0.93069, -0.2773, -9.7224, -10.13834, 119.78421
370, 117, -5.84441, -6.26022, 122.00259, 122.96193, 0.80, 0.80, 0.00, 1.00, 0.85733, 0.35974, 0.85733, 0.35974, -0.68473, -0.50495, -0.52427, -5.84441, -6.26022, 122.00259
371, 116, -9.1428, -6.97319, 123.14254, 124.10149, 0.80, 0.80, 0.00, 1.00, 0.80364, 0.35882, 0.80364, 0.35882, 0.24341, -0.59263, -0.76701, -9.1428, -6.97319, 123.14254
372, 124, -9.7224, -10.13834, 119.78421, 120.74429, 0.80, 0.80, 0.00, 1.00, 0.79036, 0.40813, 0.79036, 0.40813, 0.23775, -0.93069, -0.2773, -9.7224, -10.13834, 119.78421
373, 125, -6.63583, -9.24757, 118.38818, 119.34872, 0.80, 0.80, 0.00, 1.00, 0.87804, 0.40966, 0.87804, 0.40966, -0.60, -0.79262, -0.10494, -6.63583, -9.24757, 118.38818
374, 117, -5.84441, -6.26022, 122.00259, 122.96193, 0.80, 0.80, 0.00, 1.00, 0.85733, 0.35974, 0.85733, 0.35974, -0.68473, -0.50495, -0.52427, -5.84441, -6.26022, 122.00259
375, 126, -10.32813, -5.27823, 114.99014, 115.95181, 0.80, 0.80, 0.00, 1.00, 0.65203, 0.40594, 0.65203, 0.40594, 0.67378, 0.34789, 0.65073, -10.32813, -5.27823, 114.99014
376, 119, -13.03753, -3.28862, 119.37806, 120.33826, 0.80, 0.80, 0.00, 1.00, 0.7111, 0.3601, 0.7111, 0.3601, 0.95118, 0.26599, -0.15104, -13.03753, -3.28862, 119.37806
377, 118, -10.69271, -1.51066, 117.12491, 118.08586, 0.80, 0.80, 0.00, 1.00, 0.66065, 0.36146, 0.66065, 0.36146, 0.66924, 0.68793, 0.27912, -10.69271, -1.51066, 117.12491
378, 126, -10.32813, -5.27823, 114.99014, 115.95181, 0.80, 0.80, 0.00, 1.00, 0.65203, 0.40594, 0.65203, 0.40594, 0.67378, 0.34789, 0.65073, -10.32813, -5.27823, 114.99014
379, 127, -13.00952, -6.70882, 116.86443, 117.82548, 0.80, 0.80, 0.00, 1.00, 0.70178, 0.40485, 0.70178, 0.40485, 0.89929, -0.30271, 0.31302, -13.00952, -6.70882, 116.86443
380, 119, -13.03753, -3.28862, 119.37806, 120.33826, 0.80, 0.80, 0.00, 1.00, 0.7111, 0.3601, 0.7111, 0.3601, 0.95118, 0.26599, -0.15104, -13.03753, -3.28862, 119.37806
381, 127, -13.00952, -6.70882, 116.86443, 117.82548, 0.80, 0.80, 0.00, 1.00, 0.70178, 0.40485, 0.70178, 0.40485, 0.89929, -0.30271, 0.31302, -13.00952, -6.70882, 116.86443
382, 116, -9.1428, -6.97319, 123.14254, 124.10149, 0.80, 0.80, 0.00, 1.00, 0.80364, 0.35882, 0.80364, 0.35882, 0.24341, -0.59263, -0.76701, -9.1428, -6.97319, 123.14254
383, 119, -13.03753, -3.28862, 119.37806, 120.33826, 0.80, 0.80, 0.00, 1.00, 0.7111, 0.3601, 0.7111, 0.3601, 0.95118, 0.26599, -0.15104, -13.03753, -3.28862, 119.37806
384, 127, -13.00952, -6.70882, 116.86443, 117.82548, 0.80, 0.80, 0.00, 1.00, 0.70178, 0.40485, 0.70178, 0.40485, 0.89929, -0.30271, 0.31302, -13.00952, -6.70882, 116.86443
385, 124, -9.7224, -10.13834, 119.78421, 120.74429, 0.80, 0.80, 0.00, 1.00, 0.79036, 0.40813, 0.79036, 0.40813, 0.23775, -0.93069, -0.2773, -9.7224, -10.13834, 119.78421
386, 116, -9.1428, -6.97319, 123.14254, 124.10149, 0.80, 0.80, 0.00, 1.00, 0.80364, 0.35882, 0.80364, 0.35882, 0.24341, -0.59263, -0.76701, -9.1428, -6.97319, 123.14254
387, 125, -6.63583, -9.24757, 118.38818, 119.34872, 0.80, 0.80, 0.00, 1.00, 0.87804, 0.40966, 0.87804, 0.40966, -0.60, -0.79262, -0.10494, -6.63583, -9.24757, 118.38818
388, 120, -4.65927, -4.25159, 120.03757, 120.99756, 0.80, 0.80, 0.00, 1.00, 0.9008, 0.35788, 0.9008, 0.35788, -0.97955, 0.19096, -0.04786, -4.65927, -4.25159, 120.03757
389, 117, -5.84441, -6.26022, 122.00259, 122.96193, 0.80, 0.80, 0.00, 1.00, 0.85733, 0.35974, 0.85733, 0.35974, -0.68473, -0.50495, -0.52427, -5.84441, -6.26022, 122.00259
390, 125, -6.63583, -9.24757, 118.38818, 119.34872, 0.80, 0.80, 0.00, 1.00, 0.87804, 0.40966, 0.87804, 0.40966, -0.60, -0.79262, -0.10494, -6.63583, -9.24757, 118.38818
391, 128, -5.2571, -7.34137, 116.68313, 117.64423, 0.80, 0.80, 0.00, 1.00, 0.92605, 0.40659, 0.92605, 0.40659, -0.90155, -0.21413, 0.37359, -5.2571, -7.34137, 116.68313
392, 120, -4.65927, -4.25159, 120.03757, 120.99756, 0.80, 0.80, 0.00, 1.00, 0.9008, 0.35788, 0.9008, 0.35788, -0.97955, 0.19096, -0.04786, -4.65927, -4.25159, 120.03757
393, 128, -5.2571, -7.34137, 116.68313, 117.64423, 0.80, 0.80, 0.00, 1.00, 0.92605, 0.40659, 0.92605, 0.40659, -0.90155, -0.21413, 0.37359, -5.2571, -7.34137, 116.68313
394, 121, -7.75489, -1.43469, 117.00415, 117.96515, 0.80, 0.80, 0.00, 1.00, 0.98896, 0.35775, 0.98896, 0.35775, -0.74502, 0.60758, 0.27307, -7.75489, -1.43469, 117.00415
395, 120, -4.65927, -4.25159, 120.03757, 120.99756, 0.80, 0.80, 0.00, 1.00, 0.9008, 0.35788, 0.9008, 0.35788, -0.97955, 0.19096, -0.04786, -4.65927, -4.25159, 120.03757
396, 128, -5.2571, -7.34137, 116.68313, 117.64423, 0.80, 0.80, 0.00, 1.00, 0.92605, 0.40659, 0.92605, 0.40659, -0.90155, -0.21413, 0.37359, -5.2571, -7.34137, 116.68313
397, 129, -7.68807, -4.99226, 114.49214, 115.45398, 0.80, 0.80, 0.00, 1.00, 0.98879, 0.40333, 0.98879, 0.40333, -0.67111, 0.10289, 0.7329, -7.68807, -4.99226, 114.49214
398, 121, -7.75489, -1.43469, 117.00415, 117.96515, 0.80, 0.80, 0.00, 1.00, 0.98896, 0.35775, 0.98896, 0.35775, -0.74502, 0.60758, 0.27307, -7.75489, -1.43469, 117.00415
399, 130, -7.90131, -6.30326, 114.66869, 115.63047, 0.80, 0.80, 0.00, 1.00, 0.61683, 0.41609, 0.61683, 0.41609, 0.17855, 0.01817, 0.98278, -7.90131, -6.30326, 114.66869
400, 123, -10.32813, -5.27823, 114.99014, 115.95181, 0.80, 0.80, 0.00, 1.00, 0.65224, 0.40658, 0.65224, 0.40658, 0.19877, 0.2653, 0.94253, -10.32813, -5.27823, 114.99014
401, 122, -7.68807, -4.99226, 114.49214, 115.45398, 0.80, 0.80, 0.00, 1.00, 0.61681, 0.40716, 0.61681, 0.40716, 0.15302, 0.55548, 0.81654, -7.68807, -4.99226, 114.49214
402, 130, -7.90131, -6.30326, 114.66869, 115.63047, 0.80, 0.80, 0.00, 1.00, 0.61683, 0.41609, 0.61683, 0.41609, 0.17855, 0.01817, 0.98278, -7.90131, -6.30326, 114.66869
403, 131, -10.0194, -6.53918, 115.07262, 116.03426, 0.80, 0.80, 0.00, 1.00, 0.65123, 0.41554, 0.65123, 0.41554, 0.17916, 0.01599, 0.98271, -10.0194, -6.53918, 115.07262
404, 123, -10.32813, -5.27823, 114.99014, 115.95181, 0.80, 0.80, 0.00, 1.00, 0.65224, 0.40658, 0.65224, 0.40658, 0.19877, 0.2653, 0.94253, -10.32813, -5.27823, 114.99014
405, 132, -9.70267, -10.53074, 118.97652, 119.93686, 0.80, 0.80, 0.00, 1.00, 0.78671, 0.41705, 0.78671, 0.41705, 0.01514, -0.98637, -0.16314, -9.70267, -10.53074, 118.97652
406, 125, -6.63583, -9.24757, 118.38818, 119.34872, 0.80, 0.80, 0.00, 1.00, 0.87804, 0.40966, 0.87804, 0.40966, -0.60, -0.79262, -0.10494, -6.63583, -9.24757, 118.38818
407, 124, -9.7224, -10.13834, 119.78421, 120.74429, 0.80, 0.80, 0.00, 1.00, 0.79036, 0.40813, 0.79036, 0.40813, 0.23775, -0.93069, -0.2773, -9.7224, -10.13834, 119.78421
408, 132, -9.70267, -10.53074, 118.97652, 119.93686, 0.80, 0.80, 0.00, 1.00, 0.78671, 0.41705, 0.78671, 0.41705, 0.01514, -0.98637, -0.16314, -9.70267, -10.53074, 118.97652
409, 133, -7.06614, -9.75871, 117.74568, 118.70643, 0.80, 0.80, 0.00, 1.00, 0.88177, 0.41855, 0.88177, 0.41855, -0.59116, -0.80331, 0.06672, -7.06614, -9.75871, 117.74568
410, 125, -6.63583, -9.24757, 118.38818, 119.34872, 0.80, 0.80, 0.00, 1.00, 0.87804, 0.40966, 0.87804, 0.40966, -0.60, -0.79262, -0.10494, -6.63583, -9.24757, 118.38818
411, 134, -10.0194, -6.53918, 115.07262, 116.03426, 0.80, 0.80, 0.00, 1.00, 0.65102, 0.4149, 0.65102, 0.4149, 0.50322, -0.09743, 0.85756, -10.0194, -6.53918, 115.07262
412, 127, -13.00952, -6.70882, 116.86443, 117.82548, 0.80, 0.80, 0.00, 1.00, 0.70178, 0.40485, 0.70178, 0.40485, 0.89929, -0.30271, 0.31302, -13.00952, -6.70882, 116.86443
413, 126, -10.32813, -5.27823, 114.99014, 115.95181, 0.80, 0.80, 0.00, 1.00, 0.65203, 0.40594, 0.65203, 0.40594, 0.67378, 0.34789, 0.65073, -10.32813, -5.27823, 114.99014
414, 134, -10.0194, -6.53918, 115.07262, 116.03426, 0.80, 0.80, 0.00, 1.00, 0.65102, 0.4149, 0.65102, 0.4149, 0.50322, -0.09743, 0.85756, -10.0194, -6.53918, 115.07262
415, 135, -12.33437, -7.7494, 116.68205, 117.64316, 0.80, 0.80, 0.00, 1.00, 0.70282, 0.41383, 0.70282, 0.41383, 0.76685, -0.5855, 0.26044, -12.33437, -7.7494, 116.68205
416, 127, -13.00952, -6.70882, 116.86443, 117.82548, 0.80, 0.80, 0.00, 1.00, 0.70178, 0.40485, 0.70178, 0.40485, 0.89929, -0.30271, 0.31302, -13.00952, -6.70882, 116.86443
417, 135, -12.33437, -7.7494, 116.68205, 117.64316, 0.80, 0.80, 0.00, 1.00, 0.70282, 0.41383, 0.70282, 0.41383, 0.76685, -0.5855, 0.26044, -12.33437, -7.7494, 116.68205
418, 124, -9.7224, -10.13834, 119.78421, 120.74429, 0.80, 0.80, 0.00, 1.00, 0.79036, 0.40813, 0.79036, 0.40813, 0.23775, -0.93069, -0.2773, -9.7224, -10.13834, 119.78421
419, 127, -13.00952, -6.70882, 116.86443, 117.82548, 0.80, 0.80, 0.00, 1.00, 0.70178, 0.40485, 0.70178, 0.40485, 0.89929, -0.30271, 0.31302, -13.00952, -6.70882, 116.86443
420, 135, -12.33437, -7.7494, 116.68205, 117.64316, 0.80, 0.80, 0.00, 1.00, 0.70282, 0.41383, 0.70282, 0.41383, 0.76685, -0.5855, 0.26044, -12.33437, -7.7494, 116.68205
421, 132, -9.70267, -10.53074, 118.97652, 119.93686, 0.80, 0.80, 0.00, 1.00, 0.78671, 0.41705, 0.78671, 0.41705, 0.01514, -0.98637, -0.16314, -9.70267, -10.53074, 118.97652
422, 124, -9.7224, -10.13834, 119.78421, 120.74429, 0.80, 0.80, 0.00, 1.00, 0.79036, 0.40813, 0.79036, 0.40813, 0.23775, -0.93069, -0.2773, -9.7224, -10.13834, 119.78421
423, 133, -7.06614, -9.75871, 117.74568, 118.70643, 0.80, 0.80, 0.00, 1.00, 0.88177, 0.41855, 0.88177, 0.41855, -0.59116, -0.80331, 0.06672, -7.06614, -9.75871, 117.74568
424, 128, -5.2571, -7.34137, 116.68313, 117.64423, 0.80, 0.80, 0.00, 1.00, 0.92605, 0.40659, 0.92605, 0.40659, -0.90155, -0.21413, 0.37359, -5.2571, -7.34137, 116.68313
425, 125, -6.63583, -9.24757, 118.38818, 119.34872, 0.80, 0.80, 0.00, 1.00, 0.87804, 0.40966, 0.87804, 0.40966, -0.60, -0.79262, -0.10494, -6.63583, -9.24757, 118.38818
426, 133, -7.06614, -9.75871, 117.74568, 118.70643, 0.80, 0.80, 0.00, 1.00, 0.88177, 0.41855, 0.88177, 0.41855, -0.59116, -0.80331, 0.06672, -7.06614, -9.75871, 117.74568
427, 136, -5.95312, -8.18355, 116.40375, 117.36494, 0.80, 0.80, 0.00, 1.00, 0.9282, 0.41554, 0.9282, 0.41554, -0.6518, -0.3482, 0.67242, -5.95312, -8.18355, 116.40375
428, 128, -5.2571, -7.34137, 116.68313, 117.64423, 0.80, 0.80, 0.00, 1.00, 0.92605, 0.40659, 0.92605, 0.40659, -0.90155, -0.21413, 0.37359, -5.2571, -7.34137, 116.68313
429, 136, -5.95312, -8.18355, 116.40375, 117.36494, 0.80, 0.80, 0.00, 1.00, 0.9282, 0.41554, 0.9282, 0.41554, -0.6518, -0.3482, 0.67242, -5.95312, -8.18355, 116.40375
430, 129, -7.68807, -4.99226, 114.49214, 115.45398, 0.80, 0.80, 0.00, 1.00, 0.98879, 0.40333, 0.98879, 0.40333, -0.67111, 0.10289, 0.7329, -7.68807, -4.99226, 114.49214
431, 128, -5.2571, -7.34137, 116.68313, 117.64423, 0.80, 0.80, 0.00, 1.00, 0.92605, 0.40659, 0.92605, 0.40659, -0.90155, -0.21413, 0.37359, -5.2571, -7.34137, 116.68313
432, 136, -5.95312, -8.18355, 116.40375, 117.36494, 0.80, 0.80, 0.00, 1.00, 0.9282, 0.41554, 0.9282, 0.41554, -0.6518, -0.3482, 0.67242, -5.95312, -8.18355, 116.40375
433, 137, -7.90131, -6.30326, 114.66869, 115.63047, 0.80, 0.80, 0.00, 1.00, 0.9888, 0.41224, 0.9888, 0.41224, -0.54084, -0.13046, 0.82978, -7.90131, -6.30326, 114.66869
434, 129, -7.68807, -4.99226, 114.49214, 115.45398, 0.80, 0.80, 0.00, 1.00, 0.98879, 0.40333, 0.98879, 0.40333, -0.67111, 0.10289, 0.7329, -7.68807, -4.99226, 114.49214
435, 74, -9.17262, 9.52215, 120.16476, 121.12471, 0.80, 0.80, 0.00, 1.00, 0.90, 0.24736, 0.90, 0.24736, -0.84543, 0.33126, 0.41697, -9.17262, 9.52215, 120.16476
436, 76, -9.18038, 13.91597, 121.56848, 122.52796, 0.80, 0.80, 0.00, 1.00, 0.87617, 0.20965, 0.87617, 0.20965, -0.88045, 0.38711, -0.2709, -9.18038, 13.91597, 121.56848
437, 84, -8.57995, 10.33758, 122.26472, 123.22397, 0.80, 0.80, 0.00, 1.00, 0.867, 0.24465, 0.867, 0.24465, -0.82955, 0.26532, -0.48964, -8.57995, 10.33758, 122.26472
438, 84, -8.57995, 10.33758, 122.26472, 123.22397, 0.80, 0.80, 0.00, 1.00, 0.867, 0.24465, 0.867, 0.24465, -0.82955, 0.26532, -0.48964, -8.57995, 10.33758, 122.26472
439, 102, -6.85231, 3.52042, 120.98463, 121.94431, 0.80, 0.80, 0.00, 1.00, 0.90049, 0.31033, 0.90049, 0.31033, -0.95917, 0.27921, 0.01916, -6.85231, 3.52042, 120.98463
440, 74, -9.17262, 9.52215, 120.16476, 121.12471, 0.80, 0.80, 0.00, 1.00, 0.90, 0.24736, 0.90, 0.24736, -0.84543, 0.33126, 0.41697, -9.17262, 9.52215, 120.16476
441, 138, -18.37239, -26.6617, 120.01777, 120.97776, 0.80, 0.80, 0.00, 1.00, 0.33113, 0.13508, 0.33113, 0.13508, -0.14605, -0.11205, 0.98291, -18.37239, -26.6617, 120.01777
442, 139, -14.67463, -25.35822, 122.93694, 123.89596, 0.80, 0.80, 0.00, 1.00, 0.25092, 0.13517, 0.25092, 0.13517, -0.86217, -0.0579, 0.50329, -14.67463, -25.35822, 122.93694
443, 140, -16.1713, -49.23834, 126.02955, 126.98753, 0.80, 0.80, 0.00, 1.00, 0.29349, 0.44726, 0.29349, 0.44726, -0.5844, -0.35874, 0.72786, -16.1713, -49.23834, 126.02955
444, 141, -20.4036, -45.09988, 135.33057, 136.28545, 0.80, 0.80, 0.00, 1.00, 0.14472, 0.4727, 0.14472, 0.4727, 0.05053, 0.04081, -0.99789, -20.4036, -45.09988, 135.33057
445, 142, -21.78818, -24.55125, 128.54869, 129.50584, 0.80, 0.80, 0.00, 1.00, 0.14033, 0.15646, 0.14033, 0.15646, -0.16499, -0.98617, -0.01558, -21.78818, -24.55125, 128.54869
446, 143, -26.25874, -25.20995, 128.21385, 129.17111, 0.80, 0.80, 0.00, 1.00, 0.10614, 0.16404, 0.10614, 0.16404, 0.98507, -0.14482, 0.093, -26.25874, -25.20995, 128.21385
447, 144, -24.46745, -46.16307, 134.40407, 135.35927, 0.80, 0.80, 0.00, 1.00, 0.10165, 0.48498, 0.10165, 0.48498, 0.88011, -0.11259, -0.46122, -24.46745, -46.16307, 134.40407
448, 141, -20.4036, -45.09988, 135.33057, 136.28545, 0.80, 0.80, 0.00, 1.00, 0.14472, 0.4727, 0.14472, 0.4727, 0.05053, 0.04081, -0.99789, -20.4036, -45.09988, 135.33057
449, 143, -26.25874, -25.20995, 128.21385, 129.17111, 0.80, 0.80, 0.00, 1.00, 0.10614, 0.16404, 0.10614, 0.16404, 0.98507, -0.14482, 0.093, -26.25874, -25.20995, 128.21385
450, 144, -24.46745, -46.16307, 134.40407, 135.35927, 0.80, 0.80, 0.00, 1.00, 0.10165, 0.48498, 0.10165, 0.48498, 0.88011, -0.11259, -0.46122, -24.46745, -46.16307, 134.40407
451, 143, -26.25874, -25.20995, 128.21385, 129.17111, 0.80, 0.80, 0.00, 1.00, 0.10614, 0.16404, 0.10614, 0.16404, 0.98507, -0.14482, 0.093, -26.25874, -25.20995, 128.21385
452, 145, -24.09566, -25.03752, 124.74397, 125.70239, 0.80, 0.80, 0.00, 1.00, 0.07378, 0.15933, 0.07378, 0.15933, 0.99011, 0.02835, 0.13738, -24.09566, -25.03752, 124.74397
453, 146, -24.88725, -48.1816, 129.78833, 130.74507, 0.80, 0.80, 0.00, 1.00, 0.05031, 0.47586, 0.05031, 0.47586, 0.99467, -0.09621, 0.03699, -24.88725, -48.1816, 129.78833
454, 144, -24.46745, -46.16307, 134.40407, 135.35927, 0.80, 0.80, 0.00, 1.00, 0.10165, 0.48498, 0.10165, 0.48498, 0.88011, -0.11259, -0.46122, -24.46745, -46.16307, 134.40407
455, 145, -24.09566, -25.03752, 124.74397, 125.70239, 0.80, 0.80, 0.00, 1.00, 0.07378, 0.15933, 0.07378, 0.15933, 0.99011, 0.02835, 0.13738, -24.09566, -25.03752, 124.74397
456, 147, -23.44703, -49.23885, 125.59419, 126.55233, 0.80, 0.80, 0.00, 1.00, 0.36069, 0.45539, 0.36069, 0.45539, 0.11495, -0.37381, 0.92035, -23.44703, -49.23885, 125.59419
457, 148, -22.68141, -25.81226, 121.26048, 122.22006, 0.80, 0.80, 0.00, 1.00, 0.38772, 0.14075, 0.38772, 0.14075, 0.30814, -0.06693, 0.94898, -22.68141, -25.81226, 121.26048
458, 138, -18.37239, -26.6617, 120.01777, 120.97776, 0.80, 0.80, 0.00, 1.00, 0.33113, 0.13508, 0.33113, 0.13508, -0.14605, -0.11205, 0.98291, -18.37239, -26.6617, 120.01777
459, 140, -16.1713, -49.23834, 126.02955, 126.98753, 0.80, 0.80, 0.00, 1.00, 0.29349, 0.44726, 0.29349, 0.44726, -0.5844, -0.35874, 0.72786, -16.1713, -49.23834, 126.02955
460, 147, -23.44703, -49.23885, 125.59419, 126.55233, 0.80, 0.80, 0.00, 1.00, 0.36069, 0.45539, 0.36069, 0.45539, 0.11495, -0.37381, 0.92035, -23.44703, -49.23885, 125.59419
461, 138, -18.37239, -26.6617, 120.01777, 120.97776, 0.80, 0.80, 0.00, 1.00, 0.33113, 0.13508, 0.33113, 0.13508, -0.14605, -0.11205, 0.98291, -18.37239, -26.6617, 120.01777
462, 149, -23.44703, -49.23885, 125.59419, 126.55233, 0.80, 0.80, 0.00, 1.00, 0.00917, 0.45539, 0.00917, 0.45539, 0.9416, 0.00568, 0.33669, -23.44703, -49.23885, 125.59419
463, 145, -24.09566, -25.03752, 124.74397, 125.70239, 0.80, 0.80, 0.00, 1.00, 0.07378, 0.15933, 0.07378, 0.15933, 0.99011, 0.02835, 0.13738, -24.09566, -25.03752, 124.74397
464, 150, -22.68141, -25.81226, 121.26048, 122.22006, 0.80, 0.80, 0.00, 1.00, 0.03616, 0.14075, 0.03616, 0.14075, 0.93214, 0.00899, 0.36198, -22.68141, -25.81226, 121.26048
465, 149, -23.44703, -49.23885, 125.59419, 126.55233, 0.80, 0.80, 0.00, 1.00, 0.00917, 0.45539, 0.00917, 0.45539, 0.9416, 0.00568, 0.33669, -23.44703, -49.23885, 125.59419
466, 146, -24.88725, -48.1816, 129.78833, 130.74507, 0.80, 0.80, 0.00, 1.00, 0.05031, 0.47586, 0.05031, 0.47586, 0.99467, -0.09621, 0.03699, -24.88725, -48.1816, 129.78833
467, 145, -24.09566, -25.03752, 124.74397, 125.70239, 0.80, 0.80, 0.00, 1.00, 0.07378, 0.15933, 0.07378, 0.15933, 0.99011, 0.02835, 0.13738, -24.09566, -25.03752, 124.74397
468, 151, -13.83614, -47.09393, 130.30373, 131.2603, 0.80, 0.80, 0.00, 1.00, 0.24336, 0.44936, 0.24336, 0.44936, -0.9592, -0.25578, 0.12045, -13.83614, -47.09393, 130.30373
469, 139, -14.67463, -25.35822, 122.93694, 123.89596, 0.80, 0.80, 0.00, 1.00, 0.25092, 0.13517, 0.25092, 0.13517, -0.86217, -0.0579, 0.50329, -14.67463, -25.35822, 122.93694
470, 152, -13.98102, -24.08414, 125.1736, 126.13187, 0.80, 0.80, 0.00, 1.00, 0.21674, 0.13527, 0.21674, 0.13527, -0.99811, 0.00019, 0.06142, -13.98102, -24.08414, 125.1736
471, 151, -13.83614, -47.09393, 130.30373, 131.2603, 0.80, 0.80, 0.00, 1.00, 0.24336, 0.44936, 0.24336, 0.44936, -0.9592, -0.25578, 0.12045, -13.83614, -47.09393, 130.30373
472, 140, -16.1713, -49.23834, 126.02955, 126.98753, 0.80, 0.80, 0.00, 1.00, 0.29349, 0.44726, 0.29349, 0.44726, -0.5844, -0.35874, 0.72786, -16.1713, -49.23834, 126.02955
473, 139, -14.67463, -25.35822, 122.93694, 123.89596, 0.80, 0.80, 0.00, 1.00, 0.25092, 0.13517, 0.25092, 0.13517, -0.86217, -0.0579, 0.50329, -14.67463, -25.35822, 122.93694
474, 141, -20.4036, -45.09988, 135.33057, 136.28545, 0.80, 0.80, 0.00, 1.00, 0.14472, 0.4727, 0.14472, 0.4727, 0.05053, 0.04081, -0.99789, -20.4036, -45.09988, 135.33057
475, 153, -16.74766, -22.84545, 128.80957, 129.76663, 0.80, 0.80, 0.00, 1.00, 0.18641, 0.13501, 0.18641, 0.13501, -0.99556, -0.00437, -0.09399, -16.74766, -22.84545, 128.80957
476, 142, -21.78818, -24.55125, 128.54869, 129.50584, 0.80, 0.80, 0.00, 1.00, 0.14033, 0.15646, 0.14033, 0.15646, -0.16499, -0.98617, -0.01558, -21.78818, -24.55125, 128.54869
477, 141, -20.4036, -45.09988, 135.33057, 136.28545, 0.80, 0.80, 0.00, 1.00, 0.14472, 0.4727, 0.14472, 0.4727, 0.05053, 0.04081, -0.99789, -20.4036, -45.09988, 135.33057
478, 154, -14.0244, -44.69725, 134.13158, 135.08687, 0.80, 0.80, 0.00, 1.00, 0.2056, 0.44908, 0.2056, 0.44908, -0.73626, -0.12793, -0.66449, -14.0244, -44.69725, 134.13158
479, 153, -16.74766, -22.84545, 128.80957, 129.76663, 0.80, 0.80, 0.00, 1.00, 0.18641, 0.13501, 0.18641, 0.13501, -0.99556, -0.00437, -0.09399, -16.74766, -22.84545, 128.80957
480, 154, -14.0244, -44.69725, 134.13158, 135.08687, 0.80, 0.80, 0.00, 1.00, 0.2056, 0.44908, 0.2056, 0.44908, -0.73626, -0.12793, -0.66449, -14.0244, -44.69725, 134.13158
481, 152, -13.98102, -24.08414, 125.1736, 126.13187, 0.80, 0.80, 0.00, 1.00, 0.21674, 0.13527, 0.21674, 0.13527, -0.99811, 0.00019, 0.06142, -13.98102, -24.08414, 125.1736
482, 153, -16.74766, -22.84545, 128.80957, 129.76663, 0.80, 0.80, 0.00, 1.00, 0.18641, 0.13501, 0.18641, 0.13501, -0.99556, -0.00437, -0.09399, -16.74766, -22.84545, 128.80957
483, 154, -14.0244, -44.69725, 134.13158, 135.08687, 0.80, 0.80, 0.00, 1.00, 0.2056, 0.44908, 0.2056, 0.44908, -0.73626, -0.12793, -0.66449, -14.0244, -44.69725, 134.13158
484, 151, -13.83614, -47.09393, 130.30373, 131.2603, 0.80, 0.80, 0.00, 1.00, 0.24336, 0.44936, 0.24336, 0.44936, -0.9592, -0.25578, 0.12045, -13.83614, -47.09393, 130.30373
485, 152, -13.98102, -24.08414, 125.1736, 126.13187, 0.80, 0.80, 0.00, 1.00, 0.21674, 0.13527, 0.21674, 0.13527, -0.99811, 0.00019, 0.06142, -13.98102, -24.08414, 125.1736
486, 155, -24.37468, -51.98238, 133.4014, 134.35693, 0.80, 0.80, 0.00, 1.00, 0.10182, 0.55266, 0.10182, 0.55266, 0.77113, -0.21935, -0.59718, -24.37468, -51.98238, 133.4014
487, 141, -20.4036, -45.09988, 135.33057, 136.28545, 0.80, 0.80, 0.00, 1.00, 0.14472, 0.4727, 0.14472, 0.4727, 0.05053, 0.04081, -0.99789, -20.4036, -45.09988, 135.33057
488, 144, -24.46745, -46.16307, 134.40407, 135.35927, 0.80, 0.80, 0.00, 1.00, 0.10165, 0.48498, 0.10165, 0.48498, 0.88011, -0.11259, -0.46122, -24.46745, -46.16307, 134.40407
489, 155, -24.37468, -51.98238, 133.4014, 134.35693, 0.80, 0.80, 0.00, 1.00, 0.10182, 0.55266, 0.10182, 0.55266, 0.77113, -0.21935, -0.59718, -24.37468, -51.98238, 133.4014
490, 156, -22.27209, -48.34674, 134.23483, 135.19009, 0.80, 0.80, 0.00, 1.00, 0.16244, 0.5428, 0.16244, 0.5428, 0.4346, 0.26152, -0.86021, -22.27209, -48.34674, 134.23483
491, 141, -20.4036, -45.09988, 135.33057, 136.28545, 0.80, 0.80, 0.00, 1.00, 0.14472, 0.4727, 0.14472, 0.4727, 0.05053, 0.04081, -0.99789, -20.4036, -45.09988, 135.33057
492, 157, -22.75798, -54.32217, 131.69595, 132.65205, 0.80, 0.80, 0.00, 1.00, 0.05249, 0.54608, 0.05249, 0.54608, 0.67058, -0.74088, 0.00112, -22.75798, -54.32217, 131.69595
493, 144, -24.46745, -46.16307, 134.40407, 135.35927, 0.80, 0.80, 0.00, 1.00, 0.10165, 0.48498, 0.10165, 0.48498, 0.88011, -0.11259, -0.46122, -24.46745, -46.16307, 134.40407
494, 146, -24.88725, -48.1816, 129.78833, 130.74507, 0.80, 0.80, 0.00, 1.00, 0.05031, 0.47586, 0.05031, 0.47586, 0.99467, -0.09621, 0.03699, -24.88725, -48.1816, 129.78833
495, 157, -22.75798, -54.32217, 131.69595, 132.65205, 0.80, 0.80, 0.00, 1.00, 0.05249, 0.54608, 0.05249, 0.54608, 0.67058, -0.74088, 0.00112, -22.75798, -54.32217, 131.69595
496, 155, -24.37468, -51.98238, 133.4014, 134.35693, 0.80, 0.80, 0.00, 1.00, 0.10182, 0.55266, 0.10182, 0.55266, 0.77113, -0.21935, -0.59718, -24.37468, -51.98238, 133.4014
497, 144, -24.46745, -46.16307, 134.40407, 135.35927, 0.80, 0.80, 0.00, 1.00, 0.10165, 0.48498, 0.10165, 0.48498, 0.88011, -0.11259, -0.46122, -24.46745, -46.16307, 134.40407
498, 158, -17.2285, -52.97107, 130.40353, 131.36006, 0.80, 0.80, 0.00, 1.00, 0.3103, 0.52581, 0.3103, 0.52581, -0.74769, -0.65419, 0.09353, -17.2285, -52.97107, 130.40353
499, 147, -23.44703, -49.23885, 125.59419, 126.55233, 0.80, 0.80, 0.00, 1.00, 0.36069, 0.45539, 0.36069, 0.45539, 0.11495, -0.37381, 0.92035, -23.44703, -49.23885, 125.59419
500, 140, -16.1713, -49.23834, 126.02955, 126.98753, 0.80, 0.80, 0.00, 1.00, 0.29349, 0.44726, 0.29349, 0.44726, -0.5844, -0.35874, 0.72786, -16.1713, -49.23834, 126.02955
501, 158, -17.2285, -52.97107, 130.40353, 131.36006, 0.80, 0.80, 0.00, 1.00, 0.3103, 0.52581, 0.3103, 0.52581, -0.74769, -0.65419, 0.09353, -17.2285, -52.97107, 130.40353
502, 159, -20.59846, -55.14308, 130.10788, 131.06451, 0.80, 0.80, 0.00, 1.00, 0.36257, 0.53132, 0.36257, 0.53132, -0.43452, -0.8846, 0.15636, -20.59846, -55.14308, 130.10788
503, 147, -23.44703, -49.23885, 125.59419, 126.55233, 0.80, 0.80, 0.00, 1.00, 0.36069, 0.45539, 0.36069, 0.45539, 0.11495, -0.37381, 0.92035, -23.44703, -49.23885, 125.59419
504, 160, -20.59846, -55.14308, 130.10788, 131.06451, 0.80, 0.80, 0.00, 1.00, 0.0111, 0.53132, 0.0111, 0.53132, 0.31334, -0.9309, 0.18039, -20.59846, -55.14308, 130.10788
505, 161, -24.88725, -48.1816, 129.78833, 130.74507, 0.80, 0.80, 0.00, 1.00, 0.05039, 0.47586, 0.05039, 0.47586, 0.83225, -0.47716, 0.28226, -24.88725, -48.1816, 129.78833
506, 162, -23.44703, -49.23885, 125.59419, 126.55233, 0.80, 0.80, 0.00, 1.00, 0.00918, 0.45539, 0.00918, 0.45539, 0.83438, -0.48309, 0.26539, -23.44703, -49.23885, 125.59419
507, 160, -20.59846, -55.14308, 130.10788, 131.06451, 0.80, 0.80, 0.00, 1.00, 0.0111, 0.53132, 0.0111, 0.53132, 0.31334, -0.9309, 0.18039, -20.59846, -55.14308, 130.10788
508, 163, -22.75798, -54.32217, 131.69595, 132.65205, 0.80, 0.80, 0.00, 1.00, 0.05258, 0.54608, 0.05258, 0.54608, 0.30374, -0.93097, 0.19562, -22.75798, -54.32217, 131.69595
509, 161, -24.88725, -48.1816, 129.78833, 130.74507, 0.80, 0.80, 0.00, 1.00, 0.05039, 0.47586, 0.05039, 0.47586, 0.83225, -0.47716, 0.28226, -24.88725, -48.1816, 129.78833
510, 164, -17.02846, -48.50957, 132.48808, 133.44392, 0.80, 0.80, 0.00, 1.00, 0.25611, 0.52596, 0.25611, 0.52596, -0.90755, -0.0088, -0.41517, -17.02846, -48.50957, 132.48808
511, 140, -16.1713, -49.23834, 126.02955, 126.98753, 0.80, 0.80, 0.00, 1.00, 0.29349, 0.44726, 0.29349, 0.44726, -0.5844, -0.35874, 0.72786, -16.1713, -49.23834, 126.02955
512, 151, -13.83614, -47.09393, 130.30373, 131.2603, 0.80, 0.80, 0.00, 1.00, 0.24336, 0.44936, 0.24336, 0.44936, -0.9592, -0.25578, 0.12045, -13.83614, -47.09393, 130.30373
513, 164, -17.02846, -48.50957, 132.48808, 133.44392, 0.80, 0.80, 0.00, 1.00, 0.25611, 0.52596, 0.25611, 0.52596, -0.90755, -0.0088, -0.41517, -17.02846, -48.50957, 132.48808
514, 158, -17.2285, -52.97107, 130.40353, 131.36006, 0.80, 0.80, 0.00, 1.00, 0.3103, 0.52581, 0.3103, 0.52581, -0.74769, -0.65419, 0.09353, -17.2285, -52.97107, 130.40353
515, 140, -16.1713, -49.23834, 126.02955, 126.98753, 0.80, 0.80, 0.00, 1.00, 0.29349, 0.44726, 0.29349, 0.44726, -0.5844, -0.35874, 0.72786, -16.1713, -49.23834, 126.02955
516, 156, -22.27209, -48.34674, 134.23483, 135.19009, 0.80, 0.80, 0.00, 1.00, 0.16244, 0.5428, 0.16244, 0.5428, 0.4346, 0.26152, -0.86021, -22.27209, -48.34674, 134.23483
517, 154, -14.0244, -44.69725, 134.13158, 135.08687, 0.80, 0.80, 0.00, 1.00, 0.2056, 0.44908, 0.2056, 0.44908, -0.73626, -0.12793, -0.66449, -14.0244, -44.69725, 134.13158
518, 141, -20.4036, -45.09988, 135.33057, 136.28545, 0.80, 0.80, 0.00, 1.00, 0.14472, 0.4727, 0.14472, 0.4727, 0.05053, 0.04081, -0.99789, -20.4036, -45.09988, 135.33057
519, 156, -22.27209, -48.34674, 134.23483, 135.19009, 0.80, 0.80, 0.00, 1.00, 0.16244, 0.5428, 0.16244, 0.5428, 0.4346, 0.26152, -0.86021, -22.27209, -48.34674, 134.23483
520, 165, -19.47377, -45.62351, 134.09325, 135.04855, 0.80, 0.80, 0.00, 1.00, 0.20809, 0.52575, 0.20809, 0.52575, -0.42945, 0.30214, -0.84851, -19.47377, -45.62351, 134.09325
521, 154, -14.0244, -44.69725, 134.13158, 135.08687, 0.80, 0.80, 0.00, 1.00, 0.2056, 0.44908, 0.2056, 0.44908, -0.73626, -0.12793, -0.66449, -14.0244, -44.69725, 134.13158
522, 165, -19.47377, -45.62351, 134.09325, 135.04855, 0.80, 0.80, 0.00, 1.00, 0.20809, 0.52575, 0.20809, 0.52575, -0.42945, 0.30214, -0.84851, -19.47377, -45.62351, 134.09325
523, 151, -13.83614, -47.09393, 130.30373, 131.2603, 0.80, 0.80, 0.00, 1.00, 0.24336, 0.44936, 0.24336, 0.44936, -0.9592, -0.25578, 0.12045, -13.83614, -47.09393, 130.30373
524, 154, -14.0244, -44.69725, 134.13158, 135.08687, 0.80, 0.80, 0.00, 1.00, 0.2056, 0.44908, 0.2056, 0.44908, -0.73626, -0.12793, -0.66449, -14.0244, -44.69725, 134.13158
525, 165, -19.47377, -45.62351, 134.09325, 135.04855, 0.80, 0.80, 0.00, 1.00, 0.20809, 0.52575, 0.20809, 0.52575, -0.42945, 0.30214, -0.84851, -19.47377, -45.62351, 134.09325
526, 164, -17.02846, -48.50957, 132.48808, 133.44392, 0.80, 0.80, 0.00, 1.00, 0.25611, 0.52596, 0.25611, 0.52596, -0.90755, -0.0088, -0.41517, -17.02846, -48.50957, 132.48808
527, 151, -13.83614, -47.09393, 130.30373, 131.2603, 0.80, 0.80, 0.00, 1.00, 0.24336, 0.44936, 0.24336, 0.44936, -0.9592, -0.25578, 0.12045, -13.83614, -47.09393, 130.30373
528, 166, -22.05609, -54.73702, 139.32536, 140.27893, 0.80, 0.80, 0.00, 1.00, 0.91128, 0.48716, 0.91128, 0.48716, 0.76974, 0.34516, -0.53429, -22.05609, -54.73702, 139.32536
529, 167, -22.27209, -48.34674, 134.23483, 135.19009, 0.80, 0.80, 0.00, 1.00, 0.89725, 0.42902, 0.89725, 0.42902, 0.70586, 0.47495, -0.52226, -22.27209, -48.34674, 134.23483
530, 168, -24.37468, -51.98238, 133.4014, 134.35693, 0.80, 0.80, 0.00, 1.00, 0.92246, 0.43041, 0.92246, 0.43041, 0.77056, 0.3722, -0.51446, -24.37468, -51.98238, 133.4014
531, 166, -22.05609, -54.73702, 139.32536, 140.27893, 0.80, 0.80, 0.00, 1.00, 0.91128, 0.48716, 0.91128, 0.48716, 0.76974, 0.34516, -0.53429, -22.05609, -54.73702, 139.32536
532, 169, -19.91217, -50.41205, 139.91225, 140.86562, 0.80, 0.80, 0.00, 1.00, 0.87231, 0.47948, 0.87231, 0.47948, 0.61978, 0.50095, -0.60117, -19.91217, -50.41205, 139.91225
533, 167, -22.27209, -48.34674, 134.23483, 135.19009, 0.80, 0.80, 0.00, 1.00, 0.89725, 0.42902, 0.89725, 0.42902, 0.70586, 0.47495, -0.52226, -22.27209, -48.34674, 134.23483
534, 170, -20.42975, -57.51498, 136.48074, 137.43526, 0.80, 0.80, 0.00, 1.00, 0.96337, 0.47594, 0.96337, 0.47594, 0.54202, -0.78778, 0.28791, -20.42975, -57.51498, 136.48074
535, 171, -24.37468, -51.98238, 133.4014, 134.35693, 0.80, 0.80, 0.00, 1.00, 0.92343, 0.43706, 0.92343, 0.43706, 0.7371, -0.67047, 0.07393, -24.37468, -51.98238, 133.4014
536, 172, -22.75798, -54.32217, 131.69595, 132.65205, 0.80, 0.80, 0.00, 1.00, 0.95569, 0.4343, 0.95569, 0.4343, 0.58968, -0.77031, 0.23759, -22.75798, -54.32217, 131.69595
537, 170, -20.42975, -57.51498, 136.48074, 137.43526, 0.80, 0.80, 0.00, 1.00, 0.96337, 0.47594, 0.96337, 0.47594, 0.54202, -0.78778, 0.28791, -20.42975, -57.51498, 136.48074
538, 173, -22.05609, -54.73702, 139.32536, 140.27893, 0.80, 0.80, 0.00, 1.00, 0.92291, 0.48464, 0.92291, 0.48464, 0.7881, -0.60541, 0.10267, -22.05609, -54.73702, 139.32536
539, 171, -24.37468, -51.98238, 133.4014, 134.35693, 0.80, 0.80, 0.00, 1.00, 0.92343, 0.43706, 0.92343, 0.43706, 0.7371, -0.67047, 0.07393, -24.37468, -51.98238, 133.4014
540, 174, -17.01537, -58.77629, 135.68382, 136.6386, 0.80, 0.80, 0.00, 1.00, 0.73448, 0.47956, 0.73448, 0.47956, -0.50175, -0.63804, 0.58065, -17.01537, -58.77629, 135.68382
541, 175, -20.59846, -55.14308, 130.10788, 131.06451, 0.80, 0.80, 0.00, 1.00, 0.71594, 0.42934, 0.71594, 0.42934, -0.39569, -0.60224, 0.69049, -20.59846, -55.14308, 130.10788
542, 176, -17.2285, -52.97107, 130.40353, 131.36006, 0.80, 0.80, 0.00, 1.00, 0.74168, 0.42874, 0.74168, 0.42874, -0.76412, -0.22775, 0.60157, -17.2285, -52.97107, 130.40353
543, 177, -14.52373, -56.93491, 136.2657, 137.22028, 0.80, 0.80, 0.00, 1.00, 0.76451, 0.47946, 0.76451, 0.47946, -0.86959, -0.29607, 0.3915, -14.52373, -56.93491, 136.2657
544, 174, -17.01537, -58.77629, 135.68382, 136.6386, 0.80, 0.80, 0.00, 1.00, 0.73448, 0.47956, 0.73448, 0.47956, -0.50175, -0.63804, 0.58065, -17.01537, -58.77629, 135.68382
545, 176, -17.2285, -52.97107, 130.40353, 131.36006, 0.80, 0.80, 0.00, 1.00, 0.74168, 0.42874, 0.74168, 0.42874, -0.76412, -0.22775, 0.60157, -17.2285, -52.97107, 130.40353
546, 170, -20.42975, -57.51498, 136.48074, 137.43526, 0.80, 0.80, 0.00, 1.00, 0.96337, 0.47594, 0.96337, 0.47594, 0.54202, -0.78778, 0.28791, -20.42975, -57.51498, 136.48074
547, 172, -22.75798, -54.32217, 131.69595, 132.65205, 0.80, 0.80, 0.00, 1.00, 0.95569, 0.4343, 0.95569, 0.4343, 0.58968, -0.77031, 0.23759, -22.75798, -54.32217, 131.69595
548, 178, -20.59846, -55.14308, 130.10788, 131.06451, 0.80, 0.80, 0.00, 1.00, 0.98763, 0.43219, 0.98763, 0.43219, 0.36829, -0.84811, 0.37654, -20.59846, -55.14308, 130.10788
549, 179, -17.01537, -58.77629, 135.68382, 136.6386, 0.80, 0.80, 0.00, 1.00, 0.99852, 0.47698, 0.99852, 0.47698, 0.31752, -0.85036, 0.41542, -17.01537, -58.77629, 135.68382
550, 170, -20.42975, -57.51498, 136.48074, 137.43526, 0.80, 0.80, 0.00, 1.00, 0.96337, 0.47594, 0.96337, 0.47594, 0.54202, -0.78778, 0.28791, -20.42975, -57.51498, 136.48074
551, 178, -20.59846, -55.14308, 130.10788, 131.06451, 0.80, 0.80, 0.00, 1.00, 0.98763, 0.43219, 0.98763, 0.43219, 0.36829, -0.84811, 0.37654, -20.59846, -55.14308, 130.10788
552, 180, -13.46268, -51.23191, 138.72026, 139.67403, 0.80, 0.80, 0.00, 1.00, 0.81, 0.47876, 0.81, 0.47876, -0.89344, 0.44476, -0.04637, -13.46268, -51.23191, 138.72026
553, 176, -17.2285, -52.97107, 130.40353, 131.36006, 0.80, 0.80, 0.00, 1.00, 0.74168, 0.42874, 0.74168, 0.42874, -0.76412, -0.22775, 0.60157, -17.2285, -52.97107, 130.40353
554, 181, -17.02846, -48.50957, 132.48808, 133.44392, 0.80, 0.80, 0.00, 1.00, 0.80834, 0.42881, 0.80834, 0.42881, -0.7296, 0.68263, 0.01987, -17.02846, -48.50957, 132.48808
555, 180, -13.46268, -51.23191, 138.72026, 139.67403, 0.80, 0.80, 0.00, 1.00, 0.81, 0.47876, 0.81, 0.47876, -0.89344, 0.44476, -0.04637, -13.46268, -51.23191, 138.72026
556, 177, -14.52373, -56.93491, 136.2657, 137.22028, 0.80, 0.80, 0.00, 1.00, 0.76451, 0.47946, 0.76451, 0.47946, -0.86959, -0.29607, 0.3915, -14.52373, -56.93491, 136.2657
557, 176, -17.2285, -52.97107, 130.40353, 131.36006, 0.80, 0.80, 0.00, 1.00, 0.74168, 0.42874, 0.74168, 0.42874, -0.76412, -0.22775, 0.60157, -17.2285, -52.97107, 130.40353
558, 169, -19.91217, -50.41205, 139.91225, 140.86562, 0.80, 0.80, 0.00, 1.00, 0.87231, 0.47948, 0.87231, 0.47948, 0.61978, 0.50095, -0.60117, -19.91217, -50.41205, 139.91225
559, 182, -19.47377, -45.62351, 134.09325, 135.04855, 0.80, 0.80, 0.00, 1.00, 0.86247, 0.42872, 0.86247, 0.42872, 0.11269, 0.85341, -0.50472, -19.47377, -45.62351, 134.09325
560, 167, -22.27209, -48.34674, 134.23483, 135.19009, 0.80, 0.80, 0.00, 1.00, 0.89725, 0.42902, 0.89725, 0.42902, 0.70586, 0.47495, -0.52226, -22.27209, -48.34674, 134.23483
561, 169, -19.91217, -50.41205, 139.91225, 140.86562, 0.80, 0.80, 0.00, 1.00, 0.87231, 0.47948, 0.87231, 0.47948, 0.61978, 0.50095, -0.60117, -19.91217, -50.41205, 139.91225
562, 183, -17.16427, -48.7975, 140.39223, 141.34543, 0.80, 0.80, 0.00, 1.00, 0.84635, 0.47958, 0.84635, 0.47958, -0.07712, 0.81267, -0.57398, -17.16427, -48.7975, 140.39223
563, 182, -19.47377, -45.62351, 134.09325, 135.04855, 0.80, 0.80, 0.00, 1.00, 0.86247, 0.42872, 0.86247, 0.42872, 0.11269, 0.85341, -0.50472, -19.47377, -45.62351, 134.09325
564, 183, -17.16427, -48.7975, 140.39223, 141.34543, 0.80, 0.80, 0.00, 1.00, 0.84635, 0.47958, 0.84635, 0.47958, -0.07712, 0.81267, -0.57398, -17.16427, -48.7975, 140.39223
565, 181, -17.02846, -48.50957, 132.48808, 133.44392, 0.80, 0.80, 0.00, 1.00, 0.80834, 0.42881, 0.80834, 0.42881, -0.7296, 0.68263, 0.01987, -17.02846, -48.50957, 132.48808
566, 182, -19.47377, -45.62351, 134.09325, 135.04855, 0.80, 0.80, 0.00, 1.00, 0.86247, 0.42872, 0.86247, 0.42872, 0.11269, 0.85341, -0.50472, -19.47377, -45.62351, 134.09325
567, 183, -17.16427, -48.7975, 140.39223, 141.34543, 0.80, 0.80, 0.00, 1.00, 0.84635, 0.47958, 0.84635, 0.47958, -0.07712, 0.81267, -0.57398, -17.16427, -48.7975, 140.39223
568, 180, -13.46268, -51.23191, 138.72026, 139.67403, 0.80, 0.80, 0.00, 1.00, 0.81, 0.47876, 0.81, 0.47876, -0.89344, 0.44476, -0.04637, -13.46268, -51.23191, 138.72026
569, 181, -17.02846, -48.50957, 132.48808, 133.44392, 0.80, 0.80, 0.00, 1.00, 0.80834, 0.42881, 0.80834, 0.42881, -0.7296, 0.68263, 0.01987, -17.02846, -48.50957, 132.48808
570, 184, -16.58676, -65.33864, 151.94437, 152.89372, 0.80, 0.80, 0.00, 1.00, 0.90361, 0.60723, 0.90361, 0.60723, 0.84241, 0.34679, -0.40791, -16.58676, -65.33864, 151.94437
571, 169, -19.91217, -50.41205, 139.91225, 140.86562, 0.80, 0.80, 0.00, 1.00, 0.87231, 0.47948, 0.87231, 0.47948, 0.61978, 0.50095, -0.60117, -19.91217, -50.41205, 139.91225
572, 166, -22.05609, -54.73702, 139.32536, 140.27893, 0.80, 0.80, 0.00, 1.00, 0.91128, 0.48716, 0.91128, 0.48716, 0.76974, 0.34516, -0.53429, -22.05609, -54.73702, 139.32536
573, 184, -16.58676, -65.33864, 151.94437, 152.89372, 0.80, 0.80, 0.00, 1.00, 0.90361, 0.60723, 0.90361, 0.60723, 0.84241, 0.34679, -0.40791, -16.58676, -65.33864, 151.94437
574, 185, -15.37267, -63.42604, 153.03857, 153.98756, 0.80, 0.80, 0.00, 1.00, 0.86396, 0.60688, 0.86396, 0.60688, 0.66927, 0.43775, -0.59735, -15.37267, -63.42604, 153.03857
575, 169, -19.91217, -50.41205, 139.91225, 140.86562, 0.80, 0.80, 0.00, 1.00, 0.87231, 0.47948, 0.87231, 0.47948, 0.61978, 0.50095, -0.60117, -19.91217, -50.41205, 139.91225
576, 186, -15.74661, -66.30757, 151.20001, 152.14961, 0.80, 0.80, 0.00, 1.00, 0.95139, 0.60668, 0.95139, 0.60668, 0.63034, -0.44342, 0.63189, -15.74661, -66.30757, 151.20001
577, 173, -22.05609, -54.73702, 139.32536, 140.27893, 0.80, 0.80, 0.00, 1.00, 0.92291, 0.48464, 0.92291, 0.48464, 0.7881, -0.60541, 0.10267, -22.05609, -54.73702, 139.32536
578, 170, -20.42975, -57.51498, 136.48074, 137.43526, 0.80, 0.80, 0.00, 1.00, 0.96337, 0.47594, 0.96337, 0.47594, 0.54202, -0.78778, 0.28791, -20.42975, -57.51498, 136.48074
579, 186, -15.74661, -66.30757, 151.20001, 152.14961, 0.80, 0.80, 0.00, 1.00, 0.95139, 0.60668, 0.95139, 0.60668, 0.63034, -0.44342, 0.63189, -15.74661, -66.30757, 151.20001
580, 187, -16.58676, -65.33864, 151.94437, 152.89372, 0.80, 0.80, 0.00, 1.00, 0.92935, 0.60822, 0.92935, 0.60822, 0.78039, -0.32154, 0.52998, -16.58676, -65.33864, 151.94437
581, 173, -22.05609, -54.73702, 139.32536, 140.27893, 0.80, 0.80, 0.00, 1.00, 0.92291, 0.48464, 0.92291, 0.48464, 0.7881, -0.60541, 0.10267, -22.05609, -54.73702, 139.32536
582, 188, -13.18095, -65.80705, 152.00833, 152.95766, 0.80, 0.80, 0.00, 1.00, 0.76975, 0.60446, 0.76975, 0.60446, -0.7715, -0.57935, 0.2547, -13.18095, -65.80705, 152.00833
583, 174, -17.01537, -58.77629, 135.68382, 136.6386, 0.80, 0.80, 0.00, 1.00, 0.73448, 0.47956, 0.73448, 0.47956, -0.50175, -0.63804, 0.58065, -17.01537, -58.77629, 135.68382
584, 177, -14.52373, -56.93491, 136.2657, 137.22028, 0.80, 0.80, 0.00, 1.00, 0.76451, 0.47946, 0.76451, 0.47946, -0.86959, -0.29607, 0.3915, -14.52373, -56.93491, 136.2657
585, 188, -13.18095, -65.80705, 152.00833, 152.95766, 0.80, 0.80, 0.00, 1.00, 0.76975, 0.60446, 0.76975, 0.60446, -0.7715, -0.57935, 0.2547, -13.18095, -65.80705, 152.00833
586, 189, -14.43771, -66.50258, 150.90129, 151.85098, 0.80, 0.80, 0.00, 1.00, 0.74022, 0.60392, 0.74022, 0.60392, -0.60055, -0.66189, 0.44402, -14.43771, -66.50258, 150.90129
587, 174, -17.01537, -58.77629, 135.68382, 136.6386, 0.80, 0.80, 0.00, 1.00, 0.73448, 0.47956, 0.73448, 0.47956, -0.50175, -0.63804, 0.58065, -17.01537, -58.77629, 135.68382
588, 190, -14.43771, -66.50258, 150.90129, 151.85098, 0.80, 0.80, 0.00, 1.00, 0.97059, 0.60313, 0.97059, 0.60313, 0.24623, -0.61898, 0.74173, -14.43771, -66.50258, 150.90129
589, 170, -20.42975, -57.51498, 136.48074, 137.43526, 0.80, 0.80, 0.00, 1.00, 0.96337, 0.47594, 0.96337, 0.47594, 0.54202, -0.78778, 0.28791, -20.42975, -57.51498, 136.48074
590, 179, -17.01537, -58.77629, 135.68382, 136.6386, 0.80, 0.80, 0.00, 1.00, 0.99852, 0.47698, 0.99852, 0.47698, 0.31752, -0.85036, 0.41542, -17.01537, -58.77629, 135.68382
591, 190, -14.43771, -66.50258, 150.90129, 151.85098, 0.80, 0.80, 0.00, 1.00, 0.97059, 0.60313, 0.97059, 0.60313, 0.24623, -0.61898, 0.74173, -14.43771, -66.50258, 150.90129
592, 186, -15.74661, -66.30757, 151.20001, 152.14961, 0.80, 0.80, 0.00, 1.00, 0.95139, 0.60668, 0.95139, 0.60668, 0.63034, -0.44342, 0.63189, -15.74661, -66.30757, 151.20001
593, 170, -20.42975, -57.51498, 136.48074, 137.43526, 0.80, 0.80, 0.00, 1.00, 0.96337, 0.47594, 0.96337, 0.47594, 0.54202, -0.78778, 0.28791, -20.42975, -57.51498, 136.48074
594, 191, -13.34148, -63.84516, 153.47507, 154.4239, 0.80, 0.80, 0.00, 1.00, 0.80086, 0.60553, 0.80086, 0.60553, -0.89766, -0.1261, -0.41444, -13.34148, -63.84516, 153.47507
595, 177, -14.52373, -56.93491, 136.2657, 137.22028, 0.80, 0.80, 0.00, 1.00, 0.76451, 0.47946, 0.76451, 0.47946, -0.86959, -0.29607, 0.3915, -14.52373, -56.93491, 136.2657
596, 180, -13.46268, -51.23191, 138.72026, 139.67403, 0.80, 0.80, 0.00, 1.00, 0.81, 0.47876, 0.81, 0.47876, -0.89344, 0.44476, -0.04637, -13.46268, -51.23191, 138.72026
597, 191, -13.34148, -63.84516, 153.47507, 154.4239, 0.80, 0.80, 0.00, 1.00, 0.80086, 0.60553, 0.80086, 0.60553, -0.89766, -0.1261, -0.41444, -13.34148, -63.84516, 153.47507
598, 188, -13.18095, -65.80705, 152.00833, 152.95766, 0.80, 0.80, 0.00, 1.00, 0.76975, 0.60446, 0.76975, 0.60446, -0.7715, -0.57935, 0.2547, -13.18095, -65.80705, 152.00833
599, 177, -14.52373, -56.93491, 136.2657, 137.22028, 0.80, 0.80, 0.00, 1.00, 0.76451, 0.47946, 0.76451, 0.47946, -0.86959, -0.29607, 0.3915, -14.52373, -56.93491, 136.2657
600, 185, -15.37267, -63.42604, 153.03857, 153.98756, 0.80, 0.80, 0.00, 1.00, 0.86396, 0.60688, 0.86396, 0.60688, 0.66927, 0.43775, -0.59735, -15.37267, -63.42604, 153.03857
601, 183, -17.16427, -48.7975, 140.39223, 141.34543, 0.80, 0.80, 0.00, 1.00, 0.84635, 0.47958, 0.84635, 0.47958, -0.07712, 0.81267, -0.57398, -17.16427, -48.7975, 140.39223
602, 169, -19.91217, -50.41205, 139.91225, 140.86562, 0.80, 0.80, 0.00, 1.00, 0.87231, 0.47948, 0.87231, 0.47948, 0.61978, 0.50095, -0.60117, -19.91217, -50.41205, 139.91225
603, 185, -15.37267, -63.42604, 153.03857, 153.98756, 0.80, 0.80, 0.00, 1.00, 0.86396, 0.60688, 0.86396, 0.60688, 0.66927, 0.43775, -0.59735, -15.37267, -63.42604, 153.03857
604, 192, -14.2223, -62.92367, 153.84924, 154.79796, 0.80, 0.80, 0.00, 1.00, 0.8338, 0.60579, 0.8338, 0.60579, -0.15878, 0.41051, -0.89453, -14.2223, -62.92367, 153.84924
605, 183, -17.16427, -48.7975, 140.39223, 141.34543, 0.80, 0.80, 0.00, 1.00, 0.84635, 0.47958, 0.84635, 0.47958, -0.07712, 0.81267, -0.57398, -17.16427, -48.7975, 140.39223
606, 192, -14.2223, -62.92367, 153.84924, 154.79796, 0.80, 0.80, 0.00, 1.00, 0.8338, 0.60579, 0.8338, 0.60579, -0.15878, 0.41051, -0.89453, -14.2223, -62.92367, 153.84924
607, 180, -13.46268, -51.23191, 138.72026, 139.67403, 0.80, 0.80, 0.00, 1.00, 0.81, 0.47876, 0.81, 0.47876, -0.89344, 0.44476, -0.04637, -13.46268, -51.23191, 138.72026
608, 183, -17.16427, -48.7975, 140.39223, 141.34543, 0.80, 0.80, 0.00, 1.00, 0.84635, 0.47958, 0.84635, 0.47958, -0.07712, 0.81267, -0.57398, -17.16427, -48.7975, 140.39223
609, 192, -14.2223, -62.92367, 153.84924, 154.79796, 0.80, 0.80, 0.00, 1.00, 0.8338, 0.60579, 0.8338, 0.60579, -0.15878, 0.41051, -0.89453, -14.2223, -62.92367, 153.84924
610, 191, -13.34148, -63.84516, 153.47507, 154.4239, 0.80, 0.80, 0.00, 1.00, 0.80086, 0.60553, 0.80086, 0.60553, -0.89766, -0.1261, -0.41444, -13.34148, -63.84516, 153.47507
611, 180, -13.46268, -51.23191, 138.72026, 139.67403, 0.80, 0.80, 0.00, 1.00, 0.81, 0.47876, 0.81, 0.47876, -0.89344, 0.44476, -0.04637, -13.46268, -51.23191, 138.72026
612, 193, -22.95296, -72.56798, 150.09406, 151.04402, 0.80, 0.80, 0.00, 1.00, 0.47813, 0.44864, 0.47813, 0.44864, 0.34859, -0.8371, -0.41743, -22.95296, -72.56798, 150.09406
613, 194, -23.55873, -73.92469, 148.4706, 149.42111, 0.80, 0.80, 0.00, 1.00, 0.46676, 0.42347, 0.46676, 0.42347, 0.3231, -0.83481, -0.4418, -23.55873, -73.92469, 148.4706
614, 195, -20.14174, -76.46681, 147.91066, 148.86136, 0.80, 0.80, 0.00, 1.00, 0.40971, 0.43767, 0.40971, 0.43767, 0.34226, -0.83663, -0.42358, -20.14174, -76.46681, 147.91066
615, 193, -22.95296, -72.56798, 150.09406, 151.04402, 0.80, 0.80, 0.00, 1.00, 0.47813, 0.44864, 0.47813, 0.44864, 0.34859, -0.8371, -0.41743, -22.95296, -72.56798, 150.09406
616, 195, -20.14174, -76.46681, 147.91066, 148.86136, 0.80, 0.80, 0.00, 1.00, 0.40971, 0.43767, 0.40971, 0.43767, 0.34226, -0.83663, -0.42358, -20.14174, -76.46681, 147.91066
617, 196, -19.04959, -76.83816, 148.23911, 149.1897, 0.80, 0.80, 0.00, 1.00, 0.3972, 0.44864, 0.3972, 0.44864, 0.36118, -0.83785, -0.40505, -19.04959, -76.83816, 148.23911
618, 193, -22.95296, -72.56798, 150.09406, 151.04402, 0.80, 0.80, 0.00, 1.00, 0.47813, 0.44864, 0.47813, 0.44864, 0.34859, -0.8371, -0.41743, -22.95296, -72.56798, 150.09406
619, 196, -19.04959, -76.83816, 148.23911, 149.1897, 0.80, 0.80, 0.00, 1.00, 0.3972, 0.44864, 0.3972, 0.44864, 0.36118, -0.83785, -0.40505, -19.04959, -76.83816, 148.23911
620, 197, -21.73677, -71.7821, 151.69415, 152.6436, 0.80, 0.80, 0.00, 1.00, 0.47895, 0.49995, 0.47895, 0.49995, 0.36132, -0.83793, -0.40477, -21.73677, -71.7821, 151.69415
621, 196, -19.04959, -76.83816, 148.23911, 149.1897, 0.80, 0.80, 0.00, 1.00, 0.3972, 0.44864, 0.3972, 0.44864, 0.36118, -0.83785, -0.40505, -19.04959, -76.83816, 148.23911
622, 198, -17.20026, -75.74503, 150.56738, 151.51718, 0.80, 0.80, 0.00, 1.00, 0.3972, 0.51328, 0.3972, 0.51328, 0.36154, -0.83797, -0.40448, -17.20026, -75.74503, 150.56738
623, 197, -21.73677, -71.7821, 151.69415, 152.6436, 0.80, 0.80, 0.00, 1.00, 0.47895, 0.49995, 0.47895, 0.49995, 0.36132, -0.83793, -0.40477, -21.73677, -71.7821, 151.69415
624, 198, -17.20026, -75.74503, 150.56738, 151.51718, 0.80, 0.80, 0.00, 1.00, 0.3972, 0.51328, 0.3972, 0.51328, 0.36154, -0.83797, -0.40448, -17.20026, -75.74503, 150.56738
625, 199, -16.26337, -67.94113, 157.31793, 158.2655, 0.80, 0.80, 0.00, 1.00, 0.47606, 0.58889, 0.47606, 0.58889, 0.28276, -0.81409, -0.50377, -16.26337, -67.94113, 157.31793
626, 197, -21.73677, -71.7821, 151.69415, 152.6436, 0.80, 0.80, 0.00, 1.00, 0.47895, 0.49995, 0.47895, 0.49995, 0.36132, -0.83793, -0.40477, -21.73677, -71.7821, 151.69415
627, 199, -16.26337, -67.94113, 157.31793, 158.2655, 0.80, 0.80, 0.00, 1.00, 0.47606, 0.58889, 0.47606, 0.58889, 0.28276, -0.81409, -0.50377, -16.26337, -67.94113, 157.31793
628, 198, -17.20026, -75.74503, 150.56738, 151.51718, 0.80, 0.80, 0.00, 1.00, 0.3972, 0.51328, 0.3972, 0.51328, 0.36154, -0.83797, -0.40448, -17.20026, -75.74503, 150.56738
629, 200, -13.2043, -71.28767, 155.86421, 156.81226, 0.80, 0.80, 0.00, 1.00, 0.41264, 0.58889, 0.41264, 0.58889, 0.2826, -0.81398, -0.50404, -13.2043, -71.28767, 155.86421
630, 200, -13.2043, -71.28767, 155.86421, 156.81226, 0.80, 0.80, 0.00, 1.00, 0.41264, 0.58889, 0.41264, 0.58889, 0.2826, -0.81398, -0.50404, -13.2043, -71.28767, 155.86421
631, 201, -14.59063, -68.37273, 157.68263, 158.63007, 0.80, 0.80, 0.00, 1.00, 0.45706, 0.60475, 0.45706, 0.60475, 0.28238, -0.81389, -0.50431, -14.59063, -68.37273, 157.68263
632, 199, -16.26337, -67.94113, 157.31793, 158.2655, 0.80, 0.80, 0.00, 1.00, 0.47606, 0.58889, 0.47606, 0.58889, 0.28276, -0.81409, -0.50377, -16.26337, -67.94113, 157.31793
633, 200, -13.2043, -71.28767, 155.86421, 156.81226, 0.80, 0.80, 0.00, 1.00, 0.41264, 0.58889, 0.41264, 0.58889, 0.2826, -0.81398, -0.50404, -13.2043, -71.28767, 155.86421
634, 202, -13.14977, -69.94899, 156.99791, 157.94559, 0.80, 0.80, 0.00, 1.00, 0.42718, 0.60475, 0.42718, 0.60475, 0.28238, -0.81389, -0.50431, -13.14977, -69.94899, 156.99791
635, 201, -14.59063, -68.37273, 157.68263, 158.63007, 0.80, 0.80, 0.00, 1.00, 0.45706, 0.60475, 0.45706, 0.60475, 0.28238, -0.81389, -0.50431, -14.59063, -68.37273, 157.68263
636, 203, -18.10841, -66.87286, 151.88371, 152.83308, 0.80, 0.80, 0.00, 1.00, 0.613, 0.50877, 0.613, 0.50877, 0.71174, 0.68007, -0.16249, -18.10841, -66.87286, 151.88371
637, 204, -15.37267, -63.42604, 153.03857, 153.98756, 0.80, 0.80, 0.00, 1.00, 0.66336, 0.47671, 0.66336, 0.47671, 0.59182, 0.79871, -0.08456, -15.37267, -63.42604, 153.03857
638, 205, -16.58676, -65.33864, 151.94437, 152.89372, 0.80, 0.80, 0.00, 1.00, 0.63352, 0.488, 0.63352, 0.488, 0.55141, 0.79876, 0.22961, -16.58676, -65.33864, 151.94437
639, 203, -18.10841, -66.87286, 151.88371, 152.83308, 0.80, 0.80, 0.00, 1.00, 0.613, 0.50877, 0.613, 0.50877, 0.71174, 0.68007, -0.16249, -18.10841, -66.87286, 151.88371
640, 206, -16.35105, -64.50237, 153.61641, 154.5652, 0.80, 0.80, 0.00, 1.00, 0.65619, 0.49774, 0.65619, 0.49774, 0.63075, 0.66213, -0.39953, -16.35105, -64.50237, 153.61641
641, 204, -15.37267, -63.42604, 153.03857, 153.98756, 0.80, 0.80, 0.00, 1.00, 0.66336, 0.47671, 0.66336, 0.47671, 0.59182, 0.79871, -0.08456, -15.37267, -63.42604, 153.03857
642, 207, -16.9399, -68.33683, 150.87173, 151.82144, 0.80, 0.80, 0.00, 1.00, 0.60121, 0.46273, 0.60121, 0.46273, 0.12664, 0.65483, 0.74177, -16.9399, -68.33683, 150.87173
643, 208, -16.58676, -65.33864, 151.94437, 152.89372, 0.80, 0.80, 0.00, 1.00, 0.6264, 0.43644, 0.6264, 0.43644, 0.3296, 0.58674, 0.73578, -16.58676, -65.33864, 151.94437
644, 209, -15.74661, -66.30757, 151.20001, 152.14961, 0.80, 0.80, 0.00, 1.00, 0.62276, 0.45986, 0.62276, 0.45986, 0.21503, 0.48391, 0.84499, -15.74661, -66.30757, 151.20001
645, 207, -16.9399, -68.33683, 150.87173, 151.82144, 0.80, 0.80, 0.00, 1.00, 0.60121, 0.46273, 0.60121, 0.46273, 0.12664, 0.65483, 0.74177, -16.9399, -68.33683, 150.87173
646, 210, -18.10841, -66.87286, 151.88371, 152.83308, 0.80, 0.80, 0.00, 1.00, 0.60648, 0.4294, 0.60648, 0.4294, 0.16661, 0.70128, 0.68954, -18.10841, -66.87286, 151.88371
647, 208, -16.58676, -65.33864, 151.94437, 152.89372, 0.80, 0.80, 0.00, 1.00, 0.6264, 0.43644, 0.6264, 0.43644, 0.3296, 0.58674, 0.73578, -16.58676, -65.33864, 151.94437
648, 211, -13.32251, -67.79228, 152.19391, 153.14319, 0.80, 0.80, 0.00, 1.00, 0.65226, 0.50274, 0.65226, 0.50274, -0.90864, -0.06707, 0.40803, -13.32251, -67.79228, 152.19391
649, 212, -14.43771, -66.50258, 150.90129, 151.85098, 0.80, 0.80, 0.00, 1.00, 0.63415, 0.48306, 0.63415, 0.48306, -0.69979, -0.036, 0.71135, -14.43771, -66.50258, 150.90129
650, 213, -13.18095, -65.80705, 152.00833, 152.95766, 0.80, 0.80, 0.00, 1.00, 0.65918, 0.48292, 0.65918, 0.48292, -0.98127, -0.0704, 0.1672, -13.18095, -65.80705, 152.00833
651, 211, -13.32251, -67.79228, 152.19391, 153.14319, 0.80, 0.80, 0.00, 1.00, 0.65226, 0.50274, 0.65226, 0.50274, -0.90864, -0.06707, 0.40803, -13.32251, -67.79228, 152.19391
652, 214, -15.13099, -68.80534, 150.58521, 151.535, 0.80, 0.80, 0.00, 1.00, 0.61603, 0.50288, 0.61603, 0.50288, -0.70477, -0.05072, 0.7055, -15.13099, -68.80534, 150.58521
653, 212, -14.43771, -66.50258, 150.90129, 151.85098, 0.80, 0.80, 0.00, 1.00, 0.63415, 0.48306, 0.63415, 0.48306, -0.69979, -0.036, 0.71135, -14.43771, -66.50258, 150.90129
654, 215, -15.13099, -68.80534, 150.58521, 151.535, 0.80, 0.80, 0.00, 1.00, 0.61265, 0.49168, 0.61265, 0.49168, 0.10187, 0.5347, 0.83586, -15.13099, -68.80534, 150.58521
655, 209, -15.74661, -66.30757, 151.20001, 152.14961, 0.80, 0.80, 0.00, 1.00, 0.62276, 0.45986, 0.62276, 0.45986, 0.21503, 0.48391, 0.84499, -15.74661, -66.30757, 151.20001
656, 216, -14.43771, -66.50258, 150.90129, 151.85098, 0.80, 0.80, 0.00, 1.00, 0.63066, 0.48026, 0.63066, 0.48026, 0.19184, 0.40866, 0.88914, -14.43771, -66.50258, 150.90129
657, 215, -15.13099, -68.80534, 150.58521, 151.535, 0.80, 0.80, 0.00, 1.00, 0.61265, 0.49168, 0.61265, 0.49168, 0.10187, 0.5347, 0.83586, -15.13099, -68.80534, 150.58521
658, 207, -16.9399, -68.33683, 150.87173, 151.82144, 0.80, 0.80, 0.00, 1.00, 0.60121, 0.46273, 0.60121, 0.46273, 0.12664, 0.65483, 0.74177, -16.9399, -68.33683, 150.87173
659, 209, -15.74661, -66.30757, 151.20001, 152.14961, 0.80, 0.80, 0.00, 1.00, 0.62276, 0.45986, 0.62276, 0.45986, 0.21503, 0.48391, 0.84499, -15.74661, -66.30757, 151.20001
660, 217, -13.49019, -65.05801, 154.29868, 155.24724, 0.80, 0.80, 0.00, 1.00, 0.68234, 0.5018, 0.68234, 0.5018, -0.99537, 0.0185, -0.06161, -13.49019, -65.05801, 154.29868
661, 213, -13.18095, -65.80705, 152.00833, 152.95766, 0.80, 0.80, 0.00, 1.00, 0.65918, 0.48292, 0.65918, 0.48292, -0.98127, -0.0704, 0.1672, -13.18095, -65.80705, 152.00833
662, 218, -13.34148, -63.84516, 153.47507, 154.4239, 0.80, 0.80, 0.00, 1.00, 0.67997, 0.48197, 0.67997, 0.48197, -0.98754, -0.05521, -0.12765, -13.34148, -63.84516, 153.47507
663, 217, -13.49019, -65.05801, 154.29868, 155.24724, 0.80, 0.80, 0.00, 1.00, 0.68234, 0.5018, 0.68234, 0.5018, -0.99537, 0.0185, -0.06161, -13.49019, -65.05801, 154.29868
664, 211, -13.32251, -67.79228, 152.19391, 153.14319, 0.80, 0.80, 0.00, 1.00, 0.65226, 0.50274, 0.65226, 0.50274, -0.90864, -0.06707, 0.40803, -13.32251, -67.79228, 152.19391
665, 213, -13.18095, -65.80705, 152.00833, 152.95766, 0.80, 0.80, 0.00, 1.00, 0.65918, 0.48292, 0.65918, 0.48292, -0.98127, -0.0704, 0.1672, -13.18095, -65.80705, 152.00833
666, 206, -16.35105, -64.50237, 153.61641, 154.5652, 0.80, 0.80, 0.00, 1.00, 0.65619, 0.49774, 0.65619, 0.49774, 0.63075, 0.66213, -0.39953, -16.35105, -64.50237, 153.61641
667, 219, -14.2223, -62.92367, 153.84924, 154.79796, 0.80, 0.80, 0.00, 1.00, 0.68422, 0.47557, 0.68422, 0.47557, 0.48874, 0.75666, -0.42932, -14.2223, -62.92367, 153.84924
668, 204, -15.37267, -63.42604, 153.03857, 153.98756, 0.80, 0.80, 0.00, 1.00, 0.66336, 0.47671, 0.66336, 0.47671, 0.59182, 0.79871, -0.08456, -15.37267, -63.42604, 153.03857
669, 206, -16.35105, -64.50237, 153.61641, 154.5652, 0.80, 0.80, 0.00, 1.00, 0.65619, 0.49774, 0.65619, 0.49774, 0.63075, 0.66213, -0.39953, -16.35105, -64.50237, 153.61641
670, 220, -14.70961, -63.78846, 154.81528, 155.76367, 0.80, 0.80, 0.00, 1.00, 0.68637, 0.49661, 0.68637, 0.49661, 0.53851, 0.66834, -0.50915, -14.70961, -63.78846, 154.81528
671, 219, -14.2223, -62.92367, 153.84924, 154.79796, 0.80, 0.80, 0.00, 1.00, 0.68422, 0.47557, 0.68422, 0.47557, 0.48874, 0.75666, -0.42932, -14.2223, -62.92367, 153.84924
672, 221, -14.70961, -63.78846, 154.81528, 155.76367, 0.80, 0.80, 0.00, 1.00, 0.70022, 0.49868, 0.70022, 0.49868, -0.48173, 0.44817, -0.74854, -14.70961, -63.78846, 154.81528
673, 222, -13.34148, -63.84516, 153.47507, 154.4239, 0.80, 0.80, 0.00, 1.00, 0.72368, 0.47984, 0.72368, 0.47984, -0.63312, 0.36047, -0.6799, -13.34148, -63.84516, 153.47507
674, 223, -14.2223, -62.92367, 153.84924, 154.79796, 0.80, 0.80, 0.00, 1.00, 0.70521, 0.47975, 0.70521, 0.47975, -0.63358, 0.35911, -0.68018, -14.2223, -62.92367, 153.84924
675, 221, -14.70961, -63.78846, 154.81528, 155.76367, 0.80, 0.80, 0.00, 1.00, 0.70022, 0.49868, 0.70022, 0.49868, -0.48173, 0.44817, -0.74854, -14.70961, -63.78846, 154.81528
676, 224, -13.49019, -65.05801, 154.29868, 155.24724, 0.80, 0.80, 0.00, 1.00, 0.72573, 0.49878, 0.72573, 0.49878, -0.65931, 0.43437, -0.60819, -13.49019, -65.05801, 154.29868
677, 222, -13.34148, -63.84516, 153.47507, 154.4239, 0.80, 0.80, 0.00, 1.00, 0.72368, 0.47984, 0.72368, 0.47984, -0.63312, 0.36047, -0.6799, -13.34148, -63.84516, 153.47507
678, 225, -23.55873, -73.92469, 148.4706, 149.42111, 0.80, 0.80, 0.00, 1.00, 0.50024, 0.57157, 0.50024, 0.57157, 0.85657, 0.50155, -0.10043, -23.55873, -73.92469, 148.4706
679, 226, -22.48781, -71.57322, 149.50037, 150.45053, 0.80, 0.80, 0.00, 1.00, 0.52788, 0.55185, 0.52788, 0.55185, 0.71089, 0.68288, -0.15417, -22.48781, -71.57322, 149.50037
680, 227, -22.98861, -72.51521, 147.57893, 148.52974, 0.80, 0.80, 0.00, 1.00, 0.4989, 0.54593, 0.4989, 0.54593, 0.70709, 0.70218, -0.04644, -22.98861, -72.51521, 147.57893
681, 225, -23.55873, -73.92469, 148.4706, 149.42111, 0.80, 0.80, 0.00, 1.00, 0.50024, 0.57157, 0.50024, 0.57157, 0.85657, 0.50155, -0.10043, -23.55873, -73.92469, 148.4706
682, 228, -22.95296, -72.56798, 150.09406, 151.04402, 0.80, 0.80, 0.00, 1.00, 0.52788, 0.57, 0.52788, 0.57, 0.75974, 0.58111, -0.28444, -22.95296, -72.56798, 150.09406
683, 226, -22.48781, -71.57322, 149.50037, 150.45053, 0.80, 0.80, 0.00, 1.00, 0.52788, 0.55185, 0.52788, 0.55185, 0.71089, 0.68288, -0.15417, -22.48781, -71.57322, 149.50037
684, 226, -22.48781, -71.57322, 149.50037, 150.45053, 0.80, 0.80, 0.00, 1.00, 0.52788, 0.55185, 0.52788, 0.55185, 0.71089, 0.68288, -0.15417, -22.48781, -71.57322, 149.50037
685, 228, -22.95296, -72.56798, 150.09406, 151.04402, 0.80, 0.80, 0.00, 1.00, 0.52788, 0.57, 0.52788, 0.57, 0.75974, 0.58111, -0.28444, -22.95296, -72.56798, 150.09406
686, 229, -21.29658, -70.73713, 150.98981, 151.93948, 0.80, 0.80, 0.00, 1.00, 0.58286, 0.55047, 0.58286, 0.55047, 0.65953, 0.67349, -0.32742, -21.29658, -70.73713, 150.98981
687, 229, -21.29658, -70.73713, 150.98981, 151.93948, 0.80, 0.80, 0.00, 1.00, 0.58286, 0.55047, 0.58286, 0.55047, 0.65953, 0.67349, -0.32742, -21.29658, -70.73713, 150.98981
688, 228, -22.95296, -72.56798, 150.09406, 151.04402, 0.80, 0.80, 0.00, 1.00, 0.52788, 0.57, 0.52788, 0.57, 0.75974, 0.58111, -0.28444, -22.95296, -72.56798, 150.09406
689, 230, -21.73677, -71.7821, 151.69415, 152.6436, 0.80, 0.80, 0.00, 1.00, 0.5842, 0.57, 0.5842, 0.57, 0.68519, 0.59575, -0.41425, -21.73677, -71.7821, 151.69415
690, 229, -21.29658, -70.73713, 150.98981, 151.93948, 0.80, 0.80, 0.00, 1.00, 0.58286, 0.55047, 0.58286, 0.55047, 0.65953, 0.67349, -0.32742, -21.29658, -70.73713, 150.98981
691, 230, -21.73677, -71.7821, 151.69415, 152.6436, 0.80, 0.80, 0.00, 1.00, 0.5842, 0.57, 0.5842, 0.57, 0.68519, 0.59575, -0.41425, -21.73677, -71.7821, 151.69415
692, 231, -15.98194, -66.91939, 156.42441, 157.37227, 0.80, 0.80, 0.00, 1.00, 0.67917, 0.54944, 0.67917, 0.54944, 0.69619, 0.54684, -0.46087, -15.98194, -66.91939, 156.42441
693, 231, -15.98194, -66.91939, 156.42441, 157.37227, 0.80, 0.80, 0.00, 1.00, 0.67917, 0.54944, 0.67917, 0.54944, 0.69619, 0.54684, -0.46087, -15.98194, -66.91939, 156.42441
694, 230, -21.73677, -71.7821, 151.69415, 152.6436, 0.80, 0.80, 0.00, 1.00, 0.5842, 0.57, 0.5842, 0.57, 0.68519, 0.59575, -0.41425, -21.73677, -71.7821, 151.69415
695, 232, -16.26337, -67.94113, 157.31793, 158.2655, 0.80, 0.80, 0.00, 1.00, 0.68185, 0.57014, 0.68185, 0.57014, 0.68721, 0.58262, -0.42934, -16.26337, -67.94113, 157.31793
696, 233, -15.98194, -66.91939, 156.42441, 157.37227, 0.80, 0.80, 0.00, 1.00, 0.69902, 0.55084, 0.69902, 0.55084, 0.10345, 0.57477, -0.80858, -15.98194, -66.91939, 156.42441
697, 234, -16.26337, -67.94113, 157.31793, 158.2655, 0.80, 0.80, 0.00, 1.00, 0.69837, 0.57075, 0.69837, 0.57075, 0.05822, 0.61502, -0.78301, -16.26337, -67.94113, 157.31793
698, 235, -14.11503, -66.99851, 156.74361, 157.69136, 0.80, 0.80, 0.00, 1.00, 0.71007, 0.54633, 0.71007, 0.54633, -0.31619, 0.52566, -0.7857, -14.11503, -66.99851, 156.74361
699, 234, -16.26337, -67.94113, 157.31793, 158.2655, 0.80, 0.80, 0.00, 1.00, 0.69837, 0.57075, 0.69837, 0.57075, 0.05822, 0.61502, -0.78301, -16.26337, -67.94113, 157.31793
700, 236, -14.59063, -68.37273, 157.68263, 158.63007, 0.80, 0.80, 0.00, 1.00, 0.70942, 0.57075, 0.70942, 0.57075, -0.43639, 0.3696, -0.81616, -14.59063, -68.37273, 157.68263
701, 235, -14.11503, -66.99851, 156.74361, 157.69136, 0.80, 0.80, 0.00, 1.00, 0.71007, 0.54633, 0.71007, 0.54633, -0.31619, 0.52566, -0.7857, -14.11503, -66.99851, 156.74361
702, 237, -18.74347, -75.66943, 147.72098, 148.67174, 0.80, 0.80, 0.00, 1.00, 0.52674, 0.55375, 0.52674, 0.55375, -0.53035, -0.23624, 0.81201, -18.74347, -75.66943, 147.72098
703, 238, -20.14174, -76.46681, 147.91066, 148.86136, 0.80, 0.80, 0.00, 1.00, 0.51498, 0.57085, 0.51498, 0.57085, -0.13539, -0.43525, 0.88723, -20.14174, -76.46681, 147.91066
704, 239, -19.73065, -74.88337, 147.09457, 148.04555, 0.80, 0.80, 0.00, 1.00, 0.51367, 0.54669, 0.51367, 0.54669, -0.39673, -0.14368, 0.90448, -19.73065, -74.88337, 147.09457
705, 240, -19.04959, -76.83816, 148.23911, 149.1897, 0.80, 0.80, 0.00, 1.00, 0.52674, 0.57085, 0.52674, 0.57085, -0.58066, -0.45822, 0.67017, -19.04959, -76.83816, 148.23911
706, 238, -20.14174, -76.46681, 147.91066, 148.86136, 0.80, 0.80, 0.00, 1.00, 0.51498, 0.57085, 0.51498, 0.57085, -0.13539, -0.43525, 0.88723, -20.14174, -76.46681, 147.91066
707, 237, -18.74347, -75.66943, 147.72098, 148.67174, 0.80, 0.80, 0.00, 1.00, 0.52674, 0.55375, 0.52674, 0.55375, -0.53035, -0.23624, 0.81201, -18.74347, -75.66943, 147.72098
708, 240, -19.04959, -76.83816, 148.23911, 149.1897, 0.80, 0.80, 0.00, 1.00, 0.52674, 0.57085, 0.52674, 0.57085, -0.58066, -0.45822, 0.67017, -19.04959, -76.83816, 148.23911
709, 237, -18.74347, -75.66943, 147.72098, 148.67174, 0.80, 0.80, 0.00, 1.00, 0.52674, 0.55375, 0.52674, 0.55375, -0.53035, -0.23624, 0.81201, -18.74347, -75.66943, 147.72098
710, 241, -16.9191, -74.52608, 149.9386, 150.88863, 0.80, 0.80, 0.00, 1.00, 0.5947, 0.55245, 0.5947, 0.55245, -0.80214, -0.25154, 0.53848, -16.9191, -74.52608, 149.9386
711, 240, -19.04959, -76.83816, 148.23911, 149.1897, 0.80, 0.80, 0.00, 1.00, 0.52674, 0.57085, 0.52674, 0.57085, -0.58066, -0.45822, 0.67017, -19.04959, -76.83816, 148.23911
712, 241, -16.9191, -74.52608, 149.9386, 150.88863, 0.80, 0.80, 0.00, 1.00, 0.5947, 0.55245, 0.5947, 0.55245, -0.80214, -0.25154, 0.53848, -16.9191, -74.52608, 149.9386
713, 242, -17.20026, -75.74503, 150.56738, 151.51718, 0.80, 0.80, 0.00, 1.00, 0.59601, 0.57085, 0.59601, 0.57085, -0.80191, -0.43061, 0.40955, -17.20026, -75.74503, 150.56738
714, 242, -17.20026, -75.74503, 150.56738, 151.51718, 0.80, 0.80, 0.00, 1.00, 0.59601, 0.57085, 0.59601, 0.57085, -0.80191, -0.43061, 0.40955, -17.20026, -75.74503, 150.56738
715, 241, -16.9191, -74.52608, 149.9386, 150.88863, 0.80, 0.80, 0.00, 1.00, 0.5947, 0.55245, 0.5947, 0.55245, -0.80214, -0.25154, 0.53848, -16.9191, -74.52608, 149.9386
716, 243, -13.0308, -70.14785, 155.02197, 155.97029, 0.80, 0.80, 0.00, 1.00, 0.67443, 0.55148, 0.67443, 0.55148, -0.91135, -0.29337, 0.2818, -13.0308, -70.14785, 155.02197
717, 242, -17.20026, -75.74503, 150.56738, 151.51718, 0.80, 0.80, 0.00, 1.00, 0.59601, 0.57085, 0.59601, 0.57085, -0.80191, -0.43061, 0.40955, -17.20026, -75.74503, 150.56738
718, 243, -13.0308, -70.14785, 155.02197, 155.97029, 0.80, 0.80, 0.00, 1.00, 0.67443, 0.55148, 0.67443, 0.55148, -0.91135, -0.29337, 0.2818, -13.0308, -70.14785, 155.02197
719, 244, -13.2043, -71.28767, 155.86421, 156.81226, 0.80, 0.80, 0.00, 1.00, 0.67705, 0.57098, 0.67705, 0.57098, -0.94896, -0.28832, 0.10863, -13.2043, -71.28767, 155.86421
720, 244, -13.2043, -71.28767, 155.86421, 156.81226, 0.80, 0.80, 0.00, 1.00, 0.67705, 0.57098, 0.67705, 0.57098, -0.94896, -0.28832, 0.10863, -13.2043, -71.28767, 155.86421
721, 243, -13.0308, -70.14785, 155.02197, 155.97029, 0.80, 0.80, 0.00, 1.00, 0.67443, 0.55148, 0.67443, 0.55148, -0.91135, -0.29337, 0.2818, -13.0308, -70.14785, 155.02197
722, 245, -12.78211, -68.4567, 156.11018, 157.05814, 0.80, 0.80, 0.00, 1.00, 0.69404, 0.54707, 0.69404, 0.54707, -0.99464, -0.06548, 0.04133, -12.78211, -68.4567, 156.11018
723, 246, -13.14977, -69.94899, 156.99791, 157.94559, 0.80, 0.80, 0.00, 1.00, 0.69404, 0.57098, 0.69404, 0.57098, -0.9664, -0.22718, -0.09553, -13.14977, -69.94899, 156.99791
724, 244, -13.2043, -71.28767, 155.86421, 156.81226, 0.80, 0.80, 0.00, 1.00, 0.67705, 0.57098, 0.67705, 0.57098, -0.94896, -0.28832, 0.10863, -13.2043, -71.28767, 155.86421
725, 245, -12.78211, -68.4567, 156.11018, 157.05814, 0.80, 0.80, 0.00, 1.00, 0.69404, 0.54707, 0.69404, 0.54707, -0.99464, -0.06548, 0.04133, -12.78211, -68.4567, 156.11018
726, 235, -14.11503, -66.99851, 156.74361, 157.69136, 0.80, 0.80, 0.00, 1.00, 0.71007, 0.54633, 0.71007, 0.54633, -0.31619, 0.52566, -0.7857, -14.11503, -66.99851, 156.74361
727, 236, -14.59063, -68.37273, 157.68263, 158.63007, 0.80, 0.80, 0.00, 1.00, 0.70942, 0.57075, 0.70942, 0.57075, -0.43639, 0.3696, -0.81616, -14.59063, -68.37273, 157.68263
728, 247, -12.78211, -68.4567, 156.11018, 157.05814, 0.80, 0.80, 0.00, 1.00, 0.72613, 0.54633, 0.72613, 0.54633, -0.6523, 0.31427, -0.68462, -12.78211, -68.4567, 156.11018
729, 236, -14.59063, -68.37273, 157.68263, 158.63007, 0.80, 0.80, 0.00, 1.00, 0.70942, 0.57075, 0.70942, 0.57075, -0.43639, 0.3696, -0.81616, -14.59063, -68.37273, 157.68263
730, 248, -13.14977, -69.94899, 156.99791, 157.94559, 0.80, 0.80, 0.00, 1.00, 0.72678, 0.57075, 0.72678, 0.57075, -0.62841, 0.23837, -0.73561, -13.14977, -69.94899, 156.99791
731, 247, -12.78211, -68.4567, 156.11018, 157.05814, 0.80, 0.80, 0.00, 1.00, 0.72613, 0.54633, 0.72613, 0.54633, -0.6523, 0.31427, -0.68462, -12.78211, -68.4567, 156.11018
732, 249, -23.55873, -73.92469, 148.4706, 149.42111, 0.80, 0.80, 0.00, 1.00, 0.55825, 0.52848, 0.55825, 0.52848, 0.3811, -0.32291, 0.86237, -23.55873, -73.92469, 148.4706
733, 250, -22.98861, -72.51521, 147.57893, 148.52974, 0.80, 0.80, 0.00, 1.00, 0.55657, 0.50775, 0.55657, 0.50775, 0.38061, -0.34346, 0.85463, -22.98861, -72.51521, 147.57893
734, 251, -19.73065, -74.88337, 147.09457, 148.04555, 0.80, 0.80, 0.00, 1.00, 0.50171, 0.50648, 0.50171, 0.50648, 0.3811, -0.32291, 0.86237, -19.73065, -74.88337, 147.09457
735, 249, -23.55873, -73.92469, 148.4706, 149.42111, 0.80, 0.80, 0.00, 1.00, 0.55825, 0.52848, 0.55825, 0.52848, 0.3811, -0.32291, 0.86237, -23.55873, -73.92469, 148.4706
736, 251, -19.73065, -74.88337, 147.09457, 148.04555, 0.80, 0.80, 0.00, 1.00, 0.50171, 0.50648, 0.50171, 0.50648, 0.3811, -0.32291, 0.86237, -19.73065, -74.88337, 147.09457
737, 252, -20.14174, -76.46681, 147.91066, 148.86136, 0.80, 0.80, 0.00, 1.00, 0.50002, 0.5272, 0.50002, 0.5272, 0.38141, -0.3022, 0.8697, -20.14174, -76.46681, 147.91066
738, 253, -22.98861, -72.51521, 147.57893, 148.52974, 0.80, 0.80, 0.00, 1.00, 0.49574, 0.43934, 0.49574, 0.43934, -0.16817, 0.73303, 0.65616, -22.98861, -72.51521, 147.57893
739, 254, -20.80595, -70.20371, 149.67853, 150.62865, 0.80, 0.80, 0.00, 1.00, 0.55726, 0.43544, 0.55726, 0.43544, -0.12087, 0.80194, 0.58166, -20.80595, -70.20371, 149.67853
740, 255, -18.09189, -72.97671, 148.34016, 149.29071, 0.80, 0.80, 0.00, 1.00, 0.55726, 0.50127, 0.55726, 0.50127, -0.13566, 0.7561, 0.63716, -18.09189, -72.97671, 148.34016
741, 253, -22.98861, -72.51521, 147.57893, 148.52974, 0.80, 0.80, 0.00, 1.00, 0.49574, 0.43934, 0.49574, 0.43934, -0.16817, 0.73303, 0.65616, -22.98861, -72.51521, 147.57893
742, 255, -18.09189, -72.97671, 148.34016, 149.29071, 0.80, 0.80, 0.00, 1.00, 0.55726, 0.50127, 0.55726, 0.50127, -0.13566, 0.7561, 0.63716, -18.09189, -72.97671, 148.34016
743, 256, -19.73065, -74.88337, 147.09457, 148.04555, 0.80, 0.80, 0.00, 1.00, 0.51087, 0.5034, 0.51087, 0.5034, -0.17154, 0.67008, 0.71951, -19.73065, -74.88337, 147.09457
744, 255, -18.09189, -72.97671, 148.34016, 149.29071, 0.80, 0.80, 0.00, 1.00, 0.55726, 0.50127, 0.55726, 0.50127, -0.13566, 0.7561, 0.63716, -18.09189, -72.97671, 148.34016
745, 207, -16.9399, -68.33683, 150.87173, 151.82144, 0.80, 0.80, 0.00, 1.00, 0.60121, 0.46273, 0.60121, 0.46273, 0.12664, 0.65483, 0.74177, -16.9399, -68.33683, 150.87173
746, 215, -15.13099, -68.80534, 150.58521, 151.535, 0.80, 0.80, 0.00, 1.00, 0.61265, 0.49168, 0.61265, 0.49168, 0.10187, 0.5347, 0.83586, -15.13099, -68.80534, 150.58521
747, 207, -16.9399, -68.33683, 150.87173, 151.82144, 0.80, 0.80, 0.00, 1.00, 0.60121, 0.46273, 0.60121, 0.46273, 0.12664, 0.65483, 0.74177, -16.9399, -68.33683, 150.87173
748, 255, -18.09189, -72.97671, 148.34016, 149.29071, 0.80, 0.80, 0.00, 1.00, 0.55726, 0.50127, 0.55726, 0.50127, -0.13566, 0.7561, 0.63716, -18.09189, -72.97671, 148.34016
749, 254, -20.80595, -70.20371, 149.67853, 150.62865, 0.80, 0.80, 0.00, 1.00, 0.55726, 0.43544, 0.55726, 0.43544, -0.12087, 0.80194, 0.58166, -20.80595, -70.20371, 149.67853
750, 207, -16.9399, -68.33683, 150.87173, 151.82144, 0.80, 0.80, 0.00, 1.00, 0.60121, 0.46273, 0.60121, 0.46273, 0.12664, 0.65483, 0.74177, -16.9399, -68.33683, 150.87173
751, 254, -20.80595, -70.20371, 149.67853, 150.62865, 0.80, 0.80, 0.00, 1.00, 0.55726, 0.43544, 0.55726, 0.43544, -0.12087, 0.80194, 0.58166, -20.80595, -70.20371, 149.67853
752, 210, -18.10841, -66.87286, 151.88371, 152.83308, 0.80, 0.80, 0.00, 1.00, 0.60648, 0.4294, 0.60648, 0.4294, 0.16661, 0.70128, 0.68954, -18.10841, -66.87286, 151.88371
753, 239, -19.73065, -74.88337, 147.09457, 148.04555, 0.80, 0.80, 0.00, 1.00, 0.51367, 0.54669, 0.51367, 0.54669, -0.39673, -0.14368, 0.90448, -19.73065, -74.88337, 147.09457
754, 257, -18.09189, -72.97671, 148.34016, 149.29071, 0.80, 0.80, 0.00, 1.00, 0.56032, 0.53081, 0.56032, 0.53081, -0.71532, 0.06816, 0.69339, -18.09189, -72.97671, 148.34016
755, 237, -18.74347, -75.66943, 147.72098, 148.67174, 0.80, 0.80, 0.00, 1.00, 0.52674, 0.55375, 0.52674, 0.55375, -0.53035, -0.23624, 0.81201, -18.74347, -75.66943, 147.72098
756, 237, -18.74347, -75.66943, 147.72098, 148.67174, 0.80, 0.80, 0.00, 1.00, 0.52674, 0.55375, 0.52674, 0.55375, -0.53035, -0.23624, 0.81201, -18.74347, -75.66943, 147.72098
757, 257, -18.09189, -72.97671, 148.34016, 149.29071, 0.80, 0.80, 0.00, 1.00, 0.56032, 0.53081, 0.56032, 0.53081, -0.71532, 0.06816, 0.69339, -18.09189, -72.97671, 148.34016
758, 241, -16.9191, -74.52608, 149.9386, 150.88863, 0.80, 0.80, 0.00, 1.00, 0.5947, 0.55245, 0.5947, 0.55245, -0.80214, -0.25154, 0.53848, -16.9191, -74.52608, 149.9386
759, 241, -16.9191, -74.52608, 149.9386, 150.88863, 0.80, 0.80, 0.00, 1.00, 0.5947, 0.55245, 0.5947, 0.55245, -0.80214, -0.25154, 0.53848, -16.9191, -74.52608, 149.9386
760, 257, -18.09189, -72.97671, 148.34016, 149.29071, 0.80, 0.80, 0.00, 1.00, 0.56032, 0.53081, 0.56032, 0.53081, -0.71532, 0.06816, 0.69339, -18.09189, -72.97671, 148.34016
761, 214, -15.13099, -68.80534, 150.58521, 151.535, 0.80, 0.80, 0.00, 1.00, 0.61603, 0.50288, 0.61603, 0.50288, -0.70477, -0.05072, 0.7055, -15.13099, -68.80534, 150.58521
762, 241, -16.9191, -74.52608, 149.9386, 150.88863, 0.80, 0.80, 0.00, 1.00, 0.5947, 0.55245, 0.5947, 0.55245, -0.80214, -0.25154, 0.53848, -16.9191, -74.52608, 149.9386
763, 214, -15.13099, -68.80534, 150.58521, 151.535, 0.80, 0.80, 0.00, 1.00, 0.61603, 0.50288, 0.61603, 0.50288, -0.70477, -0.05072, 0.7055, -15.13099, -68.80534, 150.58521
764, 211, -13.32251, -67.79228, 152.19391, 153.14319, 0.80, 0.80, 0.00, 1.00, 0.65226, 0.50274, 0.65226, 0.50274, -0.90864, -0.06707, 0.40803, -13.32251, -67.79228, 152.19391
765, 241, -16.9191, -74.52608, 149.9386, 150.88863, 0.80, 0.80, 0.00, 1.00, 0.5947, 0.55245, 0.5947, 0.55245, -0.80214, -0.25154, 0.53848, -16.9191, -74.52608, 149.9386
766, 211, -13.32251, -67.79228, 152.19391, 153.14319, 0.80, 0.80, 0.00, 1.00, 0.65226, 0.50274, 0.65226, 0.50274, -0.90864, -0.06707, 0.40803, -13.32251, -67.79228, 152.19391
767, 243, -13.0308, -70.14785, 155.02197, 155.97029, 0.80, 0.80, 0.00, 1.00, 0.67443, 0.55148, 0.67443, 0.55148, -0.91135, -0.29337, 0.2818, -13.0308, -70.14785, 155.02197
768, 226, -22.48781, -71.57322, 149.50037, 150.45053, 0.80, 0.80, 0.00, 1.00, 0.52788, 0.55185, 0.52788, 0.55185, 0.71089, 0.68288, -0.15417, -22.48781, -71.57322, 149.50037
769, 258, -20.80595, -70.20371, 149.67853, 150.62865, 0.80, 0.80, 0.00, 1.00, 0.56228, 0.52987, 0.56228, 0.52987, 0.55462, 0.82342, -0.09868, -20.80595, -70.20371, 149.67853
770, 227, -22.98861, -72.51521, 147.57893, 148.52974, 0.80, 0.80, 0.00, 1.00, 0.4989, 0.54593, 0.4989, 0.54593, 0.70709, 0.70218, -0.04644, -22.98861, -72.51521, 147.57893
771, 226, -22.48781, -71.57322, 149.50037, 150.45053, 0.80, 0.80, 0.00, 1.00, 0.52788, 0.55185, 0.52788, 0.55185, 0.71089, 0.68288, -0.15417, -22.48781, -71.57322, 149.50037
772, 229, -21.29658, -70.73713, 150.98981, 151.93948, 0.80, 0.80, 0.00, 1.00, 0.58286, 0.55047, 0.58286, 0.55047, 0.65953, 0.67349, -0.32742, -21.29658, -70.73713, 150.98981
773, 258, -20.80595, -70.20371, 149.67853, 150.62865, 0.80, 0.80, 0.00, 1.00, 0.56228, 0.52987, 0.56228, 0.52987, 0.55462, 0.82342, -0.09868, -20.80595, -70.20371, 149.67853
774, 229, -21.29658, -70.73713, 150.98981, 151.93948, 0.80, 0.80, 0.00, 1.00, 0.58286, 0.55047, 0.58286, 0.55047, 0.65953, 0.67349, -0.32742, -21.29658, -70.73713, 150.98981
775, 203, -18.10841, -66.87286, 151.88371, 152.83308, 0.80, 0.80, 0.00, 1.00, 0.613, 0.50877, 0.613, 0.50877, 0.71174, 0.68007, -0.16249, -18.10841, -66.87286, 151.88371
776, 258, -20.80595, -70.20371, 149.67853, 150.62865, 0.80, 0.80, 0.00, 1.00, 0.56228, 0.52987, 0.56228, 0.52987, 0.55462, 0.82342, -0.09868, -20.80595, -70.20371, 149.67853
777, 229, -21.29658, -70.73713, 150.98981, 151.93948, 0.80, 0.80, 0.00, 1.00, 0.58286, 0.55047, 0.58286, 0.55047, 0.65953, 0.67349, -0.32742, -21.29658, -70.73713, 150.98981
778, 231, -15.98194, -66.91939, 156.42441, 157.37227, 0.80, 0.80, 0.00, 1.00, 0.67917, 0.54944, 0.67917, 0.54944, 0.69619, 0.54684, -0.46087, -15.98194, -66.91939, 156.42441
779, 203, -18.10841, -66.87286, 151.88371, 152.83308, 0.80, 0.80, 0.00, 1.00, 0.613, 0.50877, 0.613, 0.50877, 0.71174, 0.68007, -0.16249, -18.10841, -66.87286, 151.88371
780, 231, -15.98194, -66.91939, 156.42441, 157.37227, 0.80, 0.80, 0.00, 1.00, 0.67917, 0.54944, 0.67917, 0.54944, 0.69619, 0.54684, -0.46087, -15.98194, -66.91939, 156.42441
781, 206, -16.35105, -64.50237, 153.61641, 154.5652, 0.80, 0.80, 0.00, 1.00, 0.65619, 0.49774, 0.65619, 0.49774, 0.63075, 0.66213, -0.39953, -16.35105, -64.50237, 153.61641
782, 203, -18.10841, -66.87286, 151.88371, 152.83308, 0.80, 0.80, 0.00, 1.00, 0.613, 0.50877, 0.613, 0.50877, 0.71174, 0.68007, -0.16249, -18.10841, -66.87286, 151.88371
783, 231, -15.98194, -66.91939, 156.42441, 157.37227, 0.80, 0.80, 0.00, 1.00, 0.67917, 0.54944, 0.67917, 0.54944, 0.69619, 0.54684, -0.46087, -15.98194, -66.91939, 156.42441
784, 220, -14.70961, -63.78846, 154.81528, 155.76367, 0.80, 0.80, 0.00, 1.00, 0.68637, 0.49661, 0.68637, 0.49661, 0.53851, 0.66834, -0.50915, -14.70961, -63.78846, 154.81528
785, 206, -16.35105, -64.50237, 153.61641, 154.5652, 0.80, 0.80, 0.00, 1.00, 0.65619, 0.49774, 0.65619, 0.49774, 0.63075, 0.66213, -0.39953, -16.35105, -64.50237, 153.61641
786, 233, -15.98194, -66.91939, 156.42441, 157.37227, 0.80, 0.80, 0.00, 1.00, 0.69902, 0.55084, 0.69902, 0.55084, 0.10345, 0.57477, -0.80858, -15.98194, -66.91939, 156.42441
787, 235, -14.11503, -66.99851, 156.74361, 157.69136, 0.80, 0.80, 0.00, 1.00, 0.71007, 0.54633, 0.71007, 0.54633, -0.31619, 0.52566, -0.7857, -14.11503, -66.99851, 156.74361
788, 221, -14.70961, -63.78846, 154.81528, 155.76367, 0.80, 0.80, 0.00, 1.00, 0.70022, 0.49868, 0.70022, 0.49868, -0.48173, 0.44817, -0.74854, -14.70961, -63.78846, 154.81528
789, 245, -12.78211, -68.4567, 156.11018, 157.05814, 0.80, 0.80, 0.00, 1.00, 0.69404, 0.54707, 0.69404, 0.54707, -0.99464, -0.06548, 0.04133, -12.78211, -68.4567, 156.11018
790, 243, -13.0308, -70.14785, 155.02197, 155.97029, 0.80, 0.80, 0.00, 1.00, 0.67443, 0.55148, 0.67443, 0.55148, -0.91135, -0.29337, 0.2818, -13.0308, -70.14785, 155.02197
791, 211, -13.32251, -67.79228, 152.19391, 153.14319, 0.80, 0.80, 0.00, 1.00, 0.65226, 0.50274, 0.65226, 0.50274, -0.90864, -0.06707, 0.40803, -13.32251, -67.79228, 152.19391
792, 245, -12.78211, -68.4567, 156.11018, 157.05814, 0.80, 0.80, 0.00, 1.00, 0.69404, 0.54707, 0.69404, 0.54707, -0.99464, -0.06548, 0.04133, -12.78211, -68.4567, 156.11018
793, 211, -13.32251, -67.79228, 152.19391, 153.14319, 0.80, 0.80, 0.00, 1.00, 0.65226, 0.50274, 0.65226, 0.50274, -0.90864, -0.06707, 0.40803, -13.32251, -67.79228, 152.19391
794, 217, -13.49019, -65.05801, 154.29868, 155.24724, 0.80, 0.80, 0.00, 1.00, 0.68234, 0.5018, 0.68234, 0.5018, -0.99537, 0.0185, -0.06161, -13.49019, -65.05801, 154.29868
795, 224, -13.49019, -65.05801, 154.29868, 155.24724, 0.80, 0.80, 0.00, 1.00, 0.72573, 0.49878, 0.72573, 0.49878, -0.65931, 0.43437, -0.60819, -13.49019, -65.05801, 154.29868
796, 235, -14.11503, -66.99851, 156.74361, 157.69136, 0.80, 0.80, 0.00, 1.00, 0.71007, 0.54633, 0.71007, 0.54633, -0.31619, 0.52566, -0.7857, -14.11503, -66.99851, 156.74361
797, 247, -12.78211, -68.4567, 156.11018, 157.05814, 0.80, 0.80, 0.00, 1.00, 0.72613, 0.54633, 0.72613, 0.54633, -0.6523, 0.31427, -0.68462, -12.78211, -68.4567, 156.11018
798, 235, -14.11503, -66.99851, 156.74361, 157.69136, 0.80, 0.80, 0.00, 1.00, 0.71007, 0.54633, 0.71007, 0.54633, -0.31619, 0.52566, -0.7857, -14.11503, -66.99851, 156.74361
799, 224, -13.49019, -65.05801, 154.29868, 155.24724, 0.80, 0.80, 0.00, 1.00, 0.72573, 0.49878, 0.72573, 0.49878, -0.65931, 0.43437, -0.60819, -13.49019, -65.05801, 154.29868
800, 221, -14.70961, -63.78846, 154.81528, 155.76367, 0.80, 0.80, 0.00, 1.00, 0.70022, 0.49868, 0.70022, 0.49868, -0.48173, 0.44817, -0.74854, -14.70961, -63.78846, 154.81528
801, 259, -25.2628, 17.4262, 116.36952, 117.33073, 0.80, 0.80, 0.00, 1.00, 0.33854, 0.04987, 0.33854, 0.04987, -0.66458, -0.24245, 0.70529, -25.2628, 17.4262, 116.36952
802, 260, -24.64011, 21.08637, 117.01692, 117.97792, 0.80, 0.80, 0.00, 1.00, 0.35388, 0.02254, 0.35388, 0.02254, -0.76834, 0.08657, 0.63255, -24.64011, 21.08637, 117.01692
803, 261, -23.94107, 20.34568, 117.84879, 118.8095, 0.80, 0.80, 0.00, 1.00, 0.36012, 0.04638, 0.36012, 0.04638, -0.7823, 0.06272, 0.61808, -23.94107, 20.34568, 117.84879
804, 262, -24.64011, 21.08637, 117.01692, 117.97792, 0.80, 0.80, 0.00, 1.00, 0.3538, 0.02288, 0.3538, 0.02288, -0.82341, 0.41684, 0.38286, -24.64011, 21.08637, 117.01692
805, 263, -24.83605, 24.47089, 118.58258, 119.54305, 0.80, 0.80, 0.00, 1.00, 0.40394, 0.00465, 0.40394, 0.00465, -0.77728, 0.6176, 0.11426, -24.83605, 24.47089, 118.58258
806, 264, -23.94107, 20.34568, 117.84879, 118.8095, 0.80, 0.80, 0.00, 1.00, 0.36004, 0.04671, 0.36004, 0.04671, -0.86302, 0.37822, 0.33224, -23.94107, 20.34568, 117.84879
807, 265, -27.19015, 13.97266, 118.34225, 119.3028, 0.80, 0.80, 0.00, 1.00, 0.32881, 0.12721, 0.32881, 0.12721, 0.25805, -0.53614, 0.80285, -27.19015, 13.97266, 118.34225
808, 266, -26.4201, 16.63894, 116.70621, 117.6673, 0.80, 0.80, 0.00, 1.00, 0.33048, 0.05465, 0.33048, 0.05465, -0.13589, -0.60282, 0.78507, -26.4201, 16.63894, 116.70621
809, 259, -25.2628, 17.4262, 116.36952, 117.33073, 0.80, 0.80, 0.00, 1.00, 0.33854, 0.04987, 0.33854, 0.04987, -0.66458, -0.24245, 0.70529, -25.2628, 17.4262, 116.36952
810, 265, -27.19015, 13.97266, 118.34225, 119.3028, 0.80, 0.80, 0.00, 1.00, 0.32881, 0.12721, 0.32881, 0.12721, 0.25805, -0.53614, 0.80285, -27.19015, 13.97266, 118.34225
811, 259, -25.2628, 17.4262, 116.36952, 117.33073, 0.80, 0.80, 0.00, 1.00, 0.33854, 0.04987, 0.33854, 0.04987, -0.66458, -0.24245, 0.70529, -25.2628, 17.4262, 116.36952
812, 267, -23.76799, 16.92643, 118.27763, 119.2382, 0.80, 0.80, 0.00, 1.00, 0.36494, 0.10422, 0.36494, 0.10422, -0.45675, -0.22657, 0.85928, -23.76799, 16.92643, 118.27763
813, 267, -23.76799, 16.92643, 118.27763, 119.2382, 0.80, 0.80, 0.00, 1.00, 0.36494, 0.10422, 0.36494, 0.10422, -0.45675, -0.22657, 0.85928, -23.76799, 16.92643, 118.27763
814, 259, -25.2628, 17.4262, 116.36952, 117.33073, 0.80, 0.80, 0.00, 1.00, 0.33854, 0.04987, 0.33854, 0.04987, -0.66458, -0.24245, 0.70529, -25.2628, 17.4262, 116.36952
815, 261, -23.94107, 20.34568, 117.84879, 118.8095, 0.80, 0.80, 0.00, 1.00, 0.36012, 0.04638, 0.36012, 0.04638, -0.7823, 0.06272, 0.61808, -23.94107, 20.34568, 117.84879
816, 264, -23.94107, 20.34568, 117.84879, 118.8095, 0.80, 0.80, 0.00, 1.00, 0.36004, 0.04671, 0.36004, 0.04671, -0.86302, 0.37822, 0.33224, -23.94107, 20.34568, 117.84879
817, 263, -24.83605, 24.47089, 118.58258, 119.54305, 0.80, 0.80, 0.00, 1.00, 0.40394, 0.00465, 0.40394, 0.00465, -0.77728, 0.6176, 0.11426, -24.83605, 24.47089, 118.58258
818, 268, -22.50431, 20.69855, 120.32636, 121.28625, 0.80, 0.80, 0.00, 1.00, 0.40507, 0.07599, 0.40507, 0.07599, -0.87192, 0.48391, 0.06462, -22.50431, 20.69855, 120.32636
819, 264, -23.94107, 20.34568, 117.84879, 118.8095, 0.80, 0.80, 0.00, 1.00, 0.36004, 0.04671, 0.36004, 0.04671, -0.86302, 0.37822, 0.33224, -23.94107, 20.34568, 117.84879
820, 268, -22.50431, 20.69855, 120.32636, 121.28625, 0.80, 0.80, 0.00, 1.00, 0.40507, 0.07599, 0.40507, 0.07599, -0.87192, 0.48391, 0.06462, -22.50431, 20.69855, 120.32636
821, 269, -23.76799, 16.92643, 118.27763, 119.2382, 0.80, 0.80, 0.00, 1.00, 0.36486, 0.10456, 0.36486, 0.10456, -0.80268, 0.17786, 0.56779, -23.76799, 16.92643, 118.27763
822, 268, -22.50431, 20.69855, 120.32636, 121.28625, 0.80, 0.80, 0.00, 1.00, 0.40507, 0.07599, 0.40507, 0.07599, -0.87192, 0.48391, 0.06462, -22.50431, 20.69855, 120.32636
823, 263, -24.83605, 24.47089, 118.58258, 119.54305, 0.80, 0.80, 0.00, 1.00, 0.40394, 0.00465, 0.40394, 0.00465, -0.77728, 0.6176, 0.11426, -24.83605, 24.47089, 118.58258
824, 270, -26.40154, 25.01421, 119.56041, 120.52056, 0.80, 0.80, 0.00, 1.00, 0.42678, 0.00025, 0.42678, 0.00025, -0.20091, 0.80366, -0.559, -26.40154, 25.01421, 119.56041
825, 268, -22.50431, 20.69855, 120.32636, 121.28625, 0.80, 0.80, 0.00, 1.00, 0.40507, 0.07599, 0.40507, 0.07599, -0.87192, 0.48391, 0.06462, -22.50431, 20.69855, 120.32636
826, 270, -26.40154, 25.01421, 119.56041, 120.52056, 0.80, 0.80, 0.00, 1.00, 0.42678, 0.00025, 0.42678, 0.00025, -0.20091, 0.80366, -0.559, -26.40154, 25.01421, 119.56041
827, 271, -25.66196, 22.07432, 122.81293, 123.77199, 0.80, 0.80, 0.00, 1.00, 0.43519, 0.06053, 0.43519, 0.06053, -0.24644, 0.56445, -0.78697, -25.66196, 22.07432, 122.81293
828, 271, -25.66196, 22.07432, 122.81293, 123.77199, 0.80, 0.80, 0.00, 1.00, 0.43519, 0.06053, 0.43519, 0.06053, -0.24644, 0.56445, -0.78697, -25.66196, 22.07432, 122.81293
829, 270, -26.40154, 25.01421, 119.56041, 120.52056, 0.80, 0.80, 0.00, 1.00, 0.42678, 0.00025, 0.42678, 0.00025, -0.20091, 0.80366, -0.559, -26.40154, 25.01421, 119.56041
830, 272, -27.91143, 24.63531, 119.98975, 120.94975, 0.80, 0.80, 0.00, 1.00, 0.439, -0.00075, 0.439, -0.00075, 0.19854, 0.7344, -0.64788, -27.91143, 24.63531, 119.98975
831, 273, -26.39103, 15.31757, 114.89009, 115.85179, 0.80, 0.80, 0.00, 1.00, 0.39733, 0.41452, 0.39733, 0.41452, -0.26588, -0.85777, 0.43872, -26.39103, 15.31757, 114.89009
832, 274, -25.55725, 19.99183, 113.00212, 113.96445, 0.80, 0.80, 0.00, 1.00, 0.4328, 0.34516, 0.4328, 0.34516, -0.62162, -0.28129, 0.72962, -25.55725, 19.99183, 113.00212
833, 275, -24.95338, 16.95737, 115.32771, 116.28927, 0.80, 0.80, 0.00, 1.00, 0.42681, 0.41326, 0.42681, 0.41326, -0.84959, -0.51827, 0.08836, -24.95338, 16.95737, 115.32771
834, 276, -27.35273, 17.63844, 112.74435, 113.70677, 0.80, 0.80, 0.00, 1.00, 0.39649, 0.35562, 0.39649, 0.35562, -0.17014, -0.67635, 0.71552, -27.35273, 17.63844, 112.74435
835, 274, -25.55725, 19.99183, 113.00212, 113.96445, 0.80, 0.80, 0.00, 1.00, 0.4328, 0.34516, 0.4328, 0.34516, -0.62162, -0.28129, 0.72962, -25.55725, 19.99183, 113.00212
836, 273, -26.39103, 15.31757, 114.89009, 115.85179, 0.80, 0.80, 0.00, 1.00, 0.39733, 0.41452, 0.39733, 0.41452, -0.26588, -0.85777, 0.43872, -26.39103, 15.31757, 114.89009
837, 277, -27.57743, 18.11278, 112.14095, 113.10358, 0.80, 0.80, 0.00, 1.00, 0.39738, 0.33798, 0.39738, 0.33798, -0.10228, -0.52741, 0.84227, -27.57743, 18.11278, 112.14095
838, 274, -25.55725, 19.99183, 113.00212, 113.96445, 0.80, 0.80, 0.00, 1.00, 0.4328, 0.34516, 0.4328, 0.34516, -0.62162, -0.28129, 0.72962, -25.55725, 19.99183, 113.00212
839, 276, -27.35273, 17.63844, 112.74435, 113.70677, 0.80, 0.80, 0.00, 1.00, 0.39649, 0.35562, 0.39649, 0.35562, -0.17014, -0.67635, 0.71552, -27.35273, 17.63844, 112.74435
840, 277, -27.57743, 18.11278, 112.14095, 113.10358, 0.80, 0.80, 0.00, 1.00, 0.39738, 0.33798, 0.39738, 0.33798, -0.10228, -0.52741, 0.84227, -27.57743, 18.11278, 112.14095
841, 278, -27.94204, 19.26259, 111.73318, 112.69593, 0.80, 0.80, 0.00, 1.00, 0.39649, 0.31324, 0.39649, 0.31324, -0.01965, -0.33021, 0.94255, -27.94204, 19.26259, 111.73318
842, 274, -25.55725, 19.99183, 113.00212, 113.96445, 0.80, 0.80, 0.00, 1.00, 0.4328, 0.34516, 0.4328, 0.34516, -0.62162, -0.28129, 0.72962, -25.55725, 19.99183, 113.00212
843, 274, -25.55725, 19.99183, 113.00212, 113.96445, 0.80, 0.80, 0.00, 1.00, 0.4328, 0.34516, 0.4328, 0.34516, -0.62162, -0.28129, 0.72962, -25.55725, 19.99183, 113.00212
844, 278, -27.94204, 19.26259, 111.73318, 112.69593, 0.80, 0.80, 0.00, 1.00, 0.39649, 0.31324, 0.39649, 0.31324, -0.01965, -0.33021, 0.94255, -27.94204, 19.26259, 111.73318
845, 279, -25.96495, 21.56761, 112.35197, 113.31451, 0.80, 0.80, 0.00, 1.00, 0.43423, 0.31062, 0.43423, 0.31062, -0.51021, -0.14692, 0.84614, -25.96495, 21.56761, 112.35197
846, 280, -29.39036, 23.7057, 109.92677, 110.89012, 0.80, 0.80, 0.00, 1.00, 0.39567, 0.21373, 0.39567, 0.21373, -0.00341, -0.2896, 0.95599, -29.39036, 23.7057, 109.92677
847, 281, -27.81389, 25.52496, 110.61993, 111.58306, 0.80, 0.80, 0.00, 1.00, 0.42726, 0.21528, 0.42726, 0.21528, -0.5361, 0.106, 0.83628, -27.81389, 25.52496, 110.61993
848, 282, -26.86738, 22.69801, 111.2854, 112.24831, 0.80, 0.80, 0.00, 1.00, 0.42919, 0.25769, 0.42919, 0.25769, -0.52158, 0.01372, 0.85188, -26.86738, 22.69801, 111.2854
849, 282, -26.86738, 22.69801, 111.2854, 112.24831, 0.80, 0.80, 0.00, 1.00, 0.42919, 0.25769, 0.42919, 0.25769, -0.52158, 0.01372, 0.85188, -26.86738, 22.69801, 111.2854
850, 283, -28.59129, 21.38158, 111.11469, 112.07766, 0.80, 0.80, 0.00, 1.00, 0.39649, 0.25639, 0.39649, 0.25639, -0.05395, -0.41398, 0.90753, -28.59129, 21.38158, 111.11469
851, 280, -29.39036, 23.7057, 109.92677, 110.89012, 0.80, 0.80, 0.00, 1.00, 0.39567, 0.21373, 0.39567, 0.21373, -0.00341, -0.2896, 0.95599, -29.39036, 23.7057, 109.92677
852, 284, -29.39036, 23.7057, 109.92677, 110.89012, 0.80, 0.80, 0.00, 1.00, 0.39618, 0.21377, 0.39618, 0.21377, 0.11257, 0.01778, 0.9924, -29.39036, 23.7057, 109.92677
853, 285, -30.11084, 26.39942, 109.75499, 110.71841, 0.80, 0.80, 0.00, 1.00, 0.42794, 0.21506, 0.42794, 0.21506, 0.24013, 0.39945, 0.88382, -30.11084, 26.39942, 109.75499
854, 286, -28.21564, 27.42489, 110.49193, 111.45509, 0.80, 0.80, 0.00, 1.00, 0.44333, 0.18059, 0.44333, 0.18059, -0.46907, 0.3629, 0.80417, -28.21564, 27.42489, 110.49193
855, 284, -29.39036, 23.7057, 109.92677, 110.89012, 0.80, 0.80, 0.00, 1.00, 0.39618, 0.21377, 0.39618, 0.21377, 0.11257, 0.01778, 0.9924, -29.39036, 23.7057, 109.92677
856, 286, -28.21564, 27.42489, 110.49193, 111.45509, 0.80, 0.80, 0.00, 1.00, 0.44333, 0.18059, 0.44333, 0.18059, -0.46907, 0.3629, 0.80417, -28.21564, 27.42489, 110.49193
857, 287, -27.81389, 25.52496, 110.61993, 111.58306, 0.80, 0.80, 0.00, 1.00, 0.42484, 0.18234, 0.42484, 0.18234, -0.48557, 0.1993, 0.85008, -27.81389, 25.52496, 110.61993
858, 288, -26.4201, 16.63894, 116.70621, 117.6673, 0.80, 0.80, 0.00, 1.00, 0.39905, 0.42646, 0.39905, 0.42646, -0.35494, -0.88754, -0.29285, -26.4201, 16.63894, 116.70621
859, 273, -26.39103, 15.31757, 114.89009, 115.85179, 0.80, 0.80, 0.00, 1.00, 0.39733, 0.41452, 0.39733, 0.41452, -0.26588, -0.85777, 0.43872, -26.39103, 15.31757, 114.89009
860, 275, -24.95338, 16.95737, 115.32771, 116.28927, 0.80, 0.80, 0.00, 1.00, 0.42681, 0.41326, 0.42681, 0.41326, -0.84959, -0.51827, 0.08836, -24.95338, 16.95737, 115.32771
861, 288, -26.4201, 16.63894, 116.70621, 117.6673, 0.80, 0.80, 0.00, 1.00, 0.39905, 0.42646, 0.39905, 0.42646, -0.35494, -0.88754, -0.29285, -26.4201, 16.63894, 116.70621
862, 275, -24.95338, 16.95737, 115.32771, 116.28927, 0.80, 0.80, 0.00, 1.00, 0.42681, 0.41326, 0.42681, 0.41326, -0.84959, -0.51827, 0.08836, -24.95338, 16.95737, 115.32771
863, 289, -25.2628, 17.4262, 116.36952, 117.33073, 0.80, 0.80, 0.00, 1.00, 0.41852, 0.42068, 0.41852, 0.42068, -0.73435, -0.60967, -0.29593, -25.2628, 17.4262, 116.36952
864, 289, -25.2628, 17.4262, 116.36952, 117.33073, 0.80, 0.80, 0.00, 1.00, 0.41852, 0.42068, 0.41852, 0.42068, -0.73435, -0.60967, -0.29593, -25.2628, 17.4262, 116.36952
865, 275, -24.95338, 16.95737, 115.32771, 116.28927, 0.80, 0.80, 0.00, 1.00, 0.42681, 0.41326, 0.42681, 0.41326, -0.84959, -0.51827, 0.08836, -24.95338, 16.95737, 115.32771
866, 290, -24.64011, 21.08637, 117.01692, 117.97792, 0.80, 0.80, 0.00, 1.00, 0.48682, 0.40128, 0.48682, 0.40128, -0.96897, -0.2092, -0.12312, -24.64011, 21.08637, 117.01692
867, 282, -26.86738, 22.69801, 111.2854, 112.24831, 0.80, 0.80, 0.00, 1.00, 0.42919, 0.25769, 0.42919, 0.25769, -0.52158, 0.01372, 0.85188, -26.86738, 22.69801, 111.2854
868, 281, -27.81389, 25.52496, 110.61993, 111.58306, 0.80, 0.80, 0.00, 1.00, 0.42726, 0.21528, 0.42726, 0.21528, -0.5361, 0.106, 0.83628, -27.81389, 25.52496, 110.61993
869, 291, -26.63707, 26.42718, 111.48917, 112.452, 0.80, 0.80, 0.00, 1.00, 0.45139, 0.227, 0.45139, 0.227, -0.6172, 0.1378, 0.77338, -26.63707, 26.42718, 111.48917
870, 282, -26.86738, 22.69801, 111.2854, 112.24831, 0.80, 0.80, 0.00, 1.00, 0.42919, 0.25769, 0.42919, 0.25769, -0.52158, 0.01372, 0.85188, -26.86738, 22.69801, 111.2854
871, 291, -26.63707, 26.42718, 111.48917, 112.452, 0.80, 0.80, 0.00, 1.00, 0.45139, 0.227, 0.45139, 0.227, -0.6172, 0.1378, 0.77338, -26.63707, 26.42718, 111.48917
872, 292, -25.77877, 23.25159, 112.1515, 113.11412, 0.80, 0.80, 0.00, 1.00, 0.44396, 0.28677, 0.44396, 0.28677, -0.63244, 0.13364, 0.7617, -25.77877, 23.25159, 112.1515
873, 293, -25.96495, 21.56761, 112.35197, 113.31451, 0.80, 0.80, 0.00, 1.00, 0.43445, 0.31062, 0.43445, 0.31062, -0.64653, -0.08276, 0.75698, -25.96495, 21.56761, 112.35197
874, 294, -25.77877, 23.25159, 112.1515, 113.11412, 0.80, 0.80, 0.00, 1.00, 0.44418, 0.28677, 0.44418, 0.28677, -0.80028, 0.20385, 0.56221, -25.77877, 23.25159, 112.1515
875, 295, -24.99836, 22.63158, 112.96054, 113.92289, 0.80, 0.80, 0.00, 1.00, 0.45208, 0.31432, 0.45208, 0.31432, -0.86023, 0.06947, 0.50308, -24.99836, 22.63158, 112.96054
876, 296, -25.55725, 19.99183, 113.00212, 113.96445, 0.80, 0.80, 0.00, 1.00, 0.43301, 0.34516, 0.43301, 0.34516, -0.72331, -0.10786, 0.68048, -25.55725, 19.99183, 113.00212
877, 293, -25.96495, 21.56761, 112.35197, 113.31451, 0.80, 0.80, 0.00, 1.00, 0.43445, 0.31062, 0.43445, 0.31062, -0.64653, -0.08276, 0.75698, -25.96495, 21.56761, 112.35197
878, 295, -24.99836, 22.63158, 112.96054, 113.92289, 0.80, 0.80, 0.00, 1.00, 0.45208, 0.31432, 0.45208, 0.31432, -0.86023, 0.06947, 0.50308, -24.99836, 22.63158, 112.96054
879, 296, -25.55725, 19.99183, 113.00212, 113.96445, 0.80, 0.80, 0.00, 1.00, 0.43301, 0.34516, 0.43301, 0.34516, -0.72331, -0.10786, 0.68048, -25.55725, 19.99183, 113.00212
880, 295, -24.99836, 22.63158, 112.96054, 113.92289, 0.80, 0.80, 0.00, 1.00, 0.45208, 0.31432, 0.45208, 0.31432, -0.86023, 0.06947, 0.50308, -24.99836, 22.63158, 112.96054
881, 297, -24.80423, 21.02937, 113.71935, 114.68143, 0.80, 0.80, 0.00, 1.00, 0.44661, 0.34908, 0.44661, 0.34908, -0.97219, -0.01678, 0.22884, -24.80423, 21.02937, 113.71935
882, 275, -24.95338, 16.95737, 115.32771, 116.28927, 0.80, 0.80, 0.00, 1.00, 0.42681, 0.41326, 0.42681, 0.41326, -0.84959, -0.51827, 0.08836, -24.95338, 16.95737, 115.32771
883, 274, -25.55725, 19.99183, 113.00212, 113.96445, 0.80, 0.80, 0.00, 1.00, 0.4328, 0.34516, 0.4328, 0.34516, -0.62162, -0.28129, 0.72962, -25.55725, 19.99183, 113.00212
884, 298, -24.80423, 21.02937, 113.71935, 114.68143, 0.80, 0.80, 0.00, 1.00, 0.44639, 0.34908, 0.44639, 0.34908, -0.93702, -0.15036, 0.31177, -24.80423, 21.02937, 113.71935
885, 275, -24.95338, 16.95737, 115.32771, 116.28927, 0.80, 0.80, 0.00, 1.00, 0.42681, 0.41326, 0.42681, 0.41326, -0.84959, -0.51827, 0.08836, -24.95338, 16.95737, 115.32771
886, 298, -24.80423, 21.02937, 113.71935, 114.68143, 0.80, 0.80, 0.00, 1.00, 0.44639, 0.34908, 0.44639, 0.34908, -0.93702, -0.15036, 0.31177, -24.80423, 21.02937, 113.71935
887, 290, -24.64011, 21.08637, 117.01692, 117.97792, 0.80, 0.80, 0.00, 1.00, 0.48682, 0.40128, 0.48682, 0.40128, -0.96897, -0.2092, -0.12312, -24.64011, 21.08637, 117.01692
888, 297, -24.80423, 21.02937, 113.71935, 114.68143, 0.80, 0.80, 0.00, 1.00, 0.44661, 0.34908, 0.44661, 0.34908, -0.97219, -0.01678, 0.22884, -24.80423, 21.02937, 113.71935
889, 295, -24.99836, 22.63158, 112.96054, 113.92289, 0.80, 0.80, 0.00, 1.00, 0.45208, 0.31432, 0.45208, 0.31432, -0.86023, 0.06947, 0.50308, -24.99836, 22.63158, 112.96054
890, 299, -24.91008, 25.30251, 115.18935, 116.15096, 0.80, 0.80, 0.00, 1.00, 0.51159, 0.31455, 0.51159, 0.31455, -0.98424, 0.15856, 0.06303, -24.91008, 25.30251, 115.18935
891, 297, -24.80423, 21.02937, 113.71935, 114.68143, 0.80, 0.80, 0.00, 1.00, 0.44661, 0.34908, 0.44661, 0.34908, -0.97219, -0.01678, 0.22884, -24.80423, 21.02937, 113.71935
892, 300, -24.4672, 22.60534, 116.78145, 117.74252, 0.80, 0.80, 0.00, 1.00, 0.51356, 0.37896, 0.51356, 0.37896, -0.99736, 0.0472, -0.02852, -24.4672, 22.60534, 116.78145
893, 301, -24.64011, 21.08637, 117.01692, 117.97792, 0.80, 0.80, 0.00, 1.00, 0.48703, 0.40128, 0.48703, 0.40128, -0.98491, -0.14275, -0.08569, -24.64011, 21.08637, 117.01692
894, 300, -24.4672, 22.60534, 116.78145, 117.74252, 0.80, 0.80, 0.00, 1.00, 0.51356, 0.37896, 0.51356, 0.37896, -0.99736, 0.0472, -0.02852, -24.4672, 22.60534, 116.78145
895, 297, -24.80423, 21.02937, 113.71935, 114.68143, 0.80, 0.80, 0.00, 1.00, 0.44661, 0.34908, 0.44661, 0.34908, -0.97219, -0.01678, 0.22884, -24.80423, 21.02937, 113.71935
896, 299, -24.91008, 25.30251, 115.18935, 116.15096, 0.80, 0.80, 0.00, 1.00, 0.51159, 0.31455, 0.51159, 0.31455, -0.98424, 0.15856, 0.06303, -24.91008, 25.30251, 115.18935
897, 295, -24.99836, 22.63158, 112.96054, 113.92289, 0.80, 0.80, 0.00, 1.00, 0.45208, 0.31432, 0.45208, 0.31432, -0.86023, 0.06947, 0.50308, -24.99836, 22.63158, 112.96054
898, 294, -25.77877, 23.25159, 112.1515, 113.11412, 0.80, 0.80, 0.00, 1.00, 0.44418, 0.28677, 0.44418, 0.28677, -0.80028, 0.20385, 0.56221, -25.77877, 23.25159, 112.1515
899, 302, -25.18003, 26.42632, 114.4032, 115.36506, 0.80, 0.80, 0.00, 1.00, 0.50903, 0.28505, 0.50903, 0.28505, -0.9126, 0.30393, 0.26998, -25.18003, 26.42632, 114.4032
900, 295, -24.99836, 22.63158, 112.96054, 113.92289, 0.80, 0.80, 0.00, 1.00, 0.45208, 0.31432, 0.45208, 0.31432, -0.86023, 0.06947, 0.50308, -24.99836, 22.63158, 112.96054
901, 302, -25.18003, 26.42632, 114.4032, 115.36506, 0.80, 0.80, 0.00, 1.00, 0.50903, 0.28505, 0.50903, 0.28505, -0.9126, 0.30393, 0.26998, -25.18003, 26.42632, 114.4032
902, 299, -24.91008, 25.30251, 115.18935, 116.15096, 0.80, 0.80, 0.00, 1.00, 0.51159, 0.31455, 0.51159, 0.31455, -0.98424, 0.15856, 0.06303, -24.91008, 25.30251, 115.18935
903, 302, -25.18003, 26.42632, 114.4032, 115.36506, 0.80, 0.80, 0.00, 1.00, 0.50903, 0.28505, 0.50903, 0.28505, -0.9126, 0.30393, 0.26998, -25.18003, 26.42632, 114.4032
904, 294, -25.77877, 23.25159, 112.1515, 113.11412, 0.80, 0.80, 0.00, 1.00, 0.44418, 0.28677, 0.44418, 0.28677, -0.80028, 0.20385, 0.56221, -25.77877, 23.25159, 112.1515
905, 303, -26.63707, 26.42718, 111.48917, 112.452, 0.80, 0.80, 0.00, 1.00, 0.45161, 0.227, 0.45161, 0.227, -0.88537, 0.24119, 0.39498, -26.63707, 26.42718, 111.48917
906, 302, -25.18003, 26.42632, 114.4032, 115.36506, 0.80, 0.80, 0.00, 1.00, 0.50903, 0.28505, 0.50903, 0.28505, -0.9126, 0.30393, 0.26998, -25.18003, 26.42632, 114.4032
907, 303, -26.63707, 26.42718, 111.48917, 112.452, 0.80, 0.80, 0.00, 1.00, 0.45161, 0.227, 0.45161, 0.227, -0.88537, 0.24119, 0.39498, -26.63707, 26.42718, 111.48917
908, 304, -26.11053, 28.53332, 113.07375, 114.03606, 0.80, 0.80, 0.00, 1.00, 0.50946, 0.22644, 0.50946, 0.22644, -0.91046, 0.31019, 0.27009, -26.11053, 28.53332, 113.07375
909, 305, -26.63707, 26.42718, 111.48917, 112.452, 0.80, 0.80, 0.00, 1.00, 0.44778, 0.16183, 0.44778, 0.16183, -0.6448, 0.39744, 0.6517, -26.63707, 26.42718, 111.48917
910, 287, -27.81389, 25.52496, 110.61993, 111.58306, 0.80, 0.80, 0.00, 1.00, 0.42484, 0.18234, 0.42484, 0.18234, -0.48557, 0.1993, 0.85008, -27.81389, 25.52496, 110.61993
911, 286, -28.21564, 27.42489, 110.49193, 111.45509, 0.80, 0.80, 0.00, 1.00, 0.44333, 0.18059, 0.44333, 0.18059, -0.46907, 0.3629, 0.80417, -28.21564, 27.42489, 110.49193
912, 305, -26.63707, 26.42718, 111.48917, 112.452, 0.80, 0.80, 0.00, 1.00, 0.44778, 0.16183, 0.44778, 0.16183, -0.6448, 0.39744, 0.6517, -26.63707, 26.42718, 111.48917
913, 286, -28.21564, 27.42489, 110.49193, 111.45509, 0.80, 0.80, 0.00, 1.00, 0.44333, 0.18059, 0.44333, 0.18059, -0.46907, 0.3629, 0.80417, -28.21564, 27.42489, 110.49193
914, 306, -27.38263, 29.69035, 112.13383, 113.09645, 0.80, 0.80, 0.00, 1.00, 0.49524, 0.16213, 0.49524, 0.16213, -0.55432, 0.66039, 0.5056, -27.38263, 29.69035, 112.13383
915, 305, -26.63707, 26.42718, 111.48917, 112.452, 0.80, 0.80, 0.00, 1.00, 0.44778, 0.16183, 0.44778, 0.16183, -0.6448, 0.39744, 0.6517, -26.63707, 26.42718, 111.48917
916, 306, -27.38263, 29.69035, 112.13383, 113.09645, 0.80, 0.80, 0.00, 1.00, 0.49524, 0.16213, 0.49524, 0.16213, -0.55432, 0.66039, 0.5056, -27.38263, 29.69035, 112.13383
917, 307, -26.11053, 28.53332, 113.07375, 114.03606, 0.80, 0.80, 0.00, 1.00, 0.49757, 0.14886, 0.49757, 0.14886, -0.70805, 0.59061, 0.38548, -26.11053, 28.53332, 113.07375
918, 285, -30.11084, 26.39942, 109.75499, 110.71841, 0.80, 0.80, 0.00, 1.00, 0.42794, 0.21506, 0.42794, 0.21506, 0.24013, 0.39945, 0.88382, -30.11084, 26.39942, 109.75499
919, 308, -30.46671, 28.70672, 111.13858, 112.10153, 0.80, 0.80, 0.00, 1.00, 0.45335, 0.2274, 0.45335, 0.2274, 0.33378, 0.74706, 0.57415, -30.46671, 28.70672, 111.13858
920, 309, -28.73068, 29.1006, 110.83447, 111.79752, 0.80, 0.80, 0.00, 1.00, 0.46816, 0.18293, 0.46816, 0.18293, -0.07971, 0.77095, 0.63138, -28.73068, 29.1006, 110.83447
921, 285, -30.11084, 26.39942, 109.75499, 110.71841, 0.80, 0.80, 0.00, 1.00, 0.42794, 0.21506, 0.42794, 0.21506, 0.24013, 0.39945, 0.88382, -30.11084, 26.39942, 109.75499
922, 309, -28.73068, 29.1006, 110.83447, 111.79752, 0.80, 0.80, 0.00, 1.00, 0.46816, 0.18293, 0.46816, 0.18293, -0.07971, 0.77095, 0.63138, -28.73068, 29.1006, 110.83447
923, 286, -28.21564, 27.42489, 110.49193, 111.45509, 0.80, 0.80, 0.00, 1.00, 0.44333, 0.18059, 0.44333, 0.18059, -0.46907, 0.3629, 0.80417, -28.21564, 27.42489, 110.49193
924, 286, -28.21564, 27.42489, 110.49193, 111.45509, 0.80, 0.80, 0.00, 1.00, 0.44333, 0.18059, 0.44333, 0.18059, -0.46907, 0.3629, 0.80417, -28.21564, 27.42489, 110.49193
925, 309, -28.73068, 29.1006, 110.83447, 111.79752, 0.80, 0.80, 0.00, 1.00, 0.46816, 0.18293, 0.46816, 0.18293, -0.07971, 0.77095, 0.63138, -28.73068, 29.1006, 110.83447
926, 306, -27.38263, 29.69035, 112.13383, 113.09645, 0.80, 0.80, 0.00, 1.00, 0.49524, 0.16213, 0.49524, 0.16213, -0.55432, 0.66039, 0.5056, -27.38263, 29.69035, 112.13383
927, 309, -28.73068, 29.1006, 110.83447, 111.79752, 0.80, 0.80, 0.00, 1.00, 0.46816, 0.18293, 0.46816, 0.18293, -0.07971, 0.77095, 0.63138, -28.73068, 29.1006, 110.83447
928, 310, -30.75687, 31.55901, 113.72655, 114.68864, 0.80, 0.80, 0.00, 1.00, 0.55016, 0.22415, 0.55016, 0.22415, 0.35477, 0.88356, 0.30484, -30.75687, 31.55901, 113.72655
929, 311, -28.86992, 32.03837, 113.64728, 114.60939, 0.80, 0.80, 0.00, 1.00, 0.55016, 0.18074, 0.55016, 0.18074, -0.05749, 0.9814, 0.18267, -28.86992, 32.03837, 113.64728
930, 309, -28.73068, 29.1006, 110.83447, 111.79752, 0.80, 0.80, 0.00, 1.00, 0.46816, 0.18293, 0.46816, 0.18293, -0.07971, 0.77095, 0.63138, -28.73068, 29.1006, 110.83447
931, 308, -30.46671, 28.70672, 111.13858, 112.10153, 0.80, 0.80, 0.00, 1.00, 0.45335, 0.2274, 0.45335, 0.2274, 0.33378, 0.74706, 0.57415, -30.46671, 28.70672, 111.13858
932, 310, -30.75687, 31.55901, 113.72655, 114.68864, 0.80, 0.80, 0.00, 1.00, 0.55016, 0.22415, 0.55016, 0.22415, 0.35477, 0.88356, 0.30484, -30.75687, 31.55901, 113.72655
933, 306, -27.38263, 29.69035, 112.13383, 113.09645, 0.80, 0.80, 0.00, 1.00, 0.49524, 0.16213, 0.49524, 0.16213, -0.55432, 0.66039, 0.5056, -27.38263, 29.69035, 112.13383
934, 309, -28.73068, 29.1006, 110.83447, 111.79752, 0.80, 0.80, 0.00, 1.00, 0.46816, 0.18293, 0.46816, 0.18293, -0.07971, 0.77095, 0.63138, -28.73068, 29.1006, 110.83447
935, 311, -28.86992, 32.03837, 113.64728, 114.60939, 0.80, 0.80, 0.00, 1.00, 0.55016, 0.18074, 0.55016, 0.18074, -0.05749, 0.9814, 0.18267, -28.86992, 32.03837, 113.64728
936, 306, -27.38263, 29.69035, 112.13383, 113.09645, 0.80, 0.80, 0.00, 1.00, 0.49524, 0.16213, 0.49524, 0.16213, -0.55432, 0.66039, 0.5056, -27.38263, 29.69035, 112.13383
937, 311, -28.86992, 32.03837, 113.64728, 114.60939, 0.80, 0.80, 0.00, 1.00, 0.55016, 0.18074, 0.55016, 0.18074, -0.05749, 0.9814, 0.18267, -28.86992, 32.03837, 113.64728
938, 312, -27.51006, 31.71748, 114.04073, 115.00272, 0.80, 0.80, 0.00, 1.00, 0.55127, 0.16103, 0.55127, 0.16103, -0.48739, 0.87276, -0.00753, -27.51006, 31.71748, 114.04073
939, 306, -27.38263, 29.69035, 112.13383, 113.09645, 0.80, 0.80, 0.00, 1.00, 0.49524, 0.16213, 0.49524, 0.16213, -0.55432, 0.66039, 0.5056, -27.38263, 29.69035, 112.13383
940, 312, -27.51006, 31.71748, 114.04073, 115.00272, 0.80, 0.80, 0.00, 1.00, 0.55127, 0.16103, 0.55127, 0.16103, -0.48739, 0.87276, -0.00753, -27.51006, 31.71748, 114.04073
941, 307, -26.11053, 28.53332, 113.07375, 114.03606, 0.80, 0.80, 0.00, 1.00, 0.49757, 0.14886, 0.49757, 0.14886, -0.70805, 0.59061, 0.38548, -26.11053, 28.53332, 113.07375
942, 307, -26.11053, 28.53332, 113.07375, 114.03606, 0.80, 0.80, 0.00, 1.00, 0.49757, 0.14886, 0.49757, 0.14886, -0.70805, 0.59061, 0.38548, -26.11053, 28.53332, 113.07375
943, 312, -27.51006, 31.71748, 114.04073, 115.00272, 0.80, 0.80, 0.00, 1.00, 0.55127, 0.16103, 0.55127, 0.16103, -0.48739, 0.87276, -0.00753, -27.51006, 31.71748, 114.04073
944, 313, -26.36974, 30.65099, 114.78484, 115.74657, 0.80, 0.80, 0.00, 1.00, 0.55127, 0.14899, 0.55127, 0.14899, -0.59305, 0.79989, -0.08656, -26.36974, 30.65099, 114.78484
945, 302, -25.18003, 26.42632, 114.4032, 115.36506, 0.80, 0.80, 0.00, 1.00, 0.50903, 0.28505, 0.50903, 0.28505, -0.9126, 0.30393, 0.26998, -25.18003, 26.42632, 114.4032
946, 304, -26.11053, 28.53332, 113.07375, 114.03606, 0.80, 0.80, 0.00, 1.00, 0.50946, 0.22644, 0.50946, 0.22644, -0.91046, 0.31019, 0.27009, -26.11053, 28.53332, 113.07375
947, 314, -26.36974, 30.65099, 114.78484, 115.74657, 0.80, 0.80, 0.00, 1.00, 0.55034, 0.22487, 0.55034, 0.22487, -0.83416, 0.54315, -0.08666, -26.36974, 30.65099, 114.78484
948, 302, -25.18003, 26.42632, 114.4032, 115.36506, 0.80, 0.80, 0.00, 1.00, 0.50903, 0.28505, 0.50903, 0.28505, -0.9126, 0.30393, 0.26998, -25.18003, 26.42632, 114.4032
949, 314, -26.36974, 30.65099, 114.78484, 115.74657, 0.80, 0.80, 0.00, 1.00, 0.55034, 0.22487, 0.55034, 0.22487, -0.83416, 0.54315, -0.08666, -26.36974, 30.65099, 114.78484
950, 315, -25.2922, 28.62504, 116.0826, 117.0439, 0.80, 0.80, 0.00, 1.00, 0.54659, 0.28123, 0.54659, 0.28123, -0.82701, 0.48501, -0.28095, -25.2922, 28.62504, 116.0826
951, 299, -24.91008, 25.30251, 115.18935, 116.15096, 0.80, 0.80, 0.00, 1.00, 0.51159, 0.31455, 0.51159, 0.31455, -0.98424, 0.15856, 0.06303, -24.91008, 25.30251, 115.18935
952, 302, -25.18003, 26.42632, 114.4032, 115.36506, 0.80, 0.80, 0.00, 1.00, 0.50903, 0.28505, 0.50903, 0.28505, -0.9126, 0.30393, 0.26998, -25.18003, 26.42632, 114.4032
953, 315, -25.2922, 28.62504, 116.0826, 117.0439, 0.80, 0.80, 0.00, 1.00, 0.54659, 0.28123, 0.54659, 0.28123, -0.82701, 0.48501, -0.28095, -25.2922, 28.62504, 116.0826
954, 299, -24.91008, 25.30251, 115.18935, 116.15096, 0.80, 0.80, 0.00, 1.00, 0.51159, 0.31455, 0.51159, 0.31455, -0.98424, 0.15856, 0.06303, -24.91008, 25.30251, 115.18935
955, 315, -25.2922, 28.62504, 116.0826, 117.0439, 0.80, 0.80, 0.00, 1.00, 0.54659, 0.28123, 0.54659, 0.28123, -0.82701, 0.48501, -0.28095, -25.2922, 28.62504, 116.0826
956, 316, -25.16756, 27.14899, 116.95786, 117.91888, 0.80, 0.80, 0.00, 1.00, 0.55114, 0.31553, 0.55114, 0.31553, -0.87037, 0.35374, -0.33945, -25.16756, 27.14899, 116.95786
957, 300, -24.4672, 22.60534, 116.78145, 117.74252, 0.80, 0.80, 0.00, 1.00, 0.51356, 0.37896, 0.51356, 0.37896, -0.99736, 0.0472, -0.02852, -24.4672, 22.60534, 116.78145
958, 299, -24.91008, 25.30251, 115.18935, 116.15096, 0.80, 0.80, 0.00, 1.00, 0.51159, 0.31455, 0.51159, 0.31455, -0.98424, 0.15856, 0.06303, -24.91008, 25.30251, 115.18935
959, 316, -25.16756, 27.14899, 116.95786, 117.91888, 0.80, 0.80, 0.00, 1.00, 0.55114, 0.31553, 0.55114, 0.31553, -0.87037, 0.35374, -0.33945, -25.16756, 27.14899, 116.95786
960, 300, -24.4672, 22.60534, 116.78145, 117.74252, 0.80, 0.80, 0.00, 1.00, 0.51356, 0.37896, 0.51356, 0.37896, -0.99736, 0.0472, -0.02852, -24.4672, 22.60534, 116.78145
961, 316, -25.16756, 27.14899, 116.95786, 117.91888, 0.80, 0.80, 0.00, 1.00, 0.55114, 0.31553, 0.55114, 0.31553, -0.87037, 0.35374, -0.33945, -25.16756, 27.14899, 116.95786
962, 317, -24.83605, 24.47089, 118.58258, 119.54305, 0.80, 0.80, 0.00, 1.00, 0.5597, 0.37925, 0.5597, 0.37925, -0.86426, 0.22889, -0.44543, -24.83605, 24.47089, 118.58258
963, 301, -24.64011, 21.08637, 117.01692, 117.97792, 0.80, 0.80, 0.00, 1.00, 0.48703, 0.40128, 0.48703, 0.40128, -0.98491, -0.14275, -0.08569, -24.64011, 21.08637, 117.01692
964, 300, -24.4672, 22.60534, 116.78145, 117.74252, 0.80, 0.80, 0.00, 1.00, 0.51356, 0.37896, 0.51356, 0.37896, -0.99736, 0.0472, -0.02852, -24.4672, 22.60534, 116.78145
965, 317, -24.83605, 24.47089, 118.58258, 119.54305, 0.80, 0.80, 0.00, 1.00, 0.5597, 0.37925, 0.5597, 0.37925, -0.86426, 0.22889, -0.44543, -24.83605, 24.47089, 118.58258
966, 312, -27.51006, 31.71748, 114.04073, 115.00272, 0.80, 0.80, 0.00, 1.00, 0.55127, 0.16103, 0.55127, 0.16103, -0.48739, 0.87276, -0.00753, -27.51006, 31.71748, 114.04073
967, 311, -28.86992, 32.03837, 113.64728, 114.60939, 0.80, 0.80, 0.00, 1.00, 0.55016, 0.18074, 0.55016, 0.18074, -0.05749, 0.9814, 0.18267, -28.86992, 32.03837, 113.64728
968, 318, -28.98623, 32.09064, 114.9071, 115.8688, 0.80, 0.80, 0.00, 1.00, 0.579, 0.18414, 0.579, 0.18414, -0.12941, 0.91864, -0.37221, -28.98623, 32.09064, 114.9071
969, 313, -26.36974, 30.65099, 114.78484, 115.74657, 0.80, 0.80, 0.00, 1.00, 0.55127, 0.14899, 0.55127, 0.14899, -0.59305, 0.79989, -0.08656, -26.36974, 30.65099, 114.78484
970, 312, -27.51006, 31.71748, 114.04073, 115.00272, 0.80, 0.80, 0.00, 1.00, 0.55127, 0.16103, 0.55127, 0.16103, -0.48739, 0.87276, -0.00753, -27.51006, 31.71748, 114.04073
971, 319, -28.17664, 31.00919, 116.05486, 117.01617, 0.80, 0.80, 0.00, 1.00, 0.60997, 0.17511, 0.60997, 0.17511, -0.23186, 0.80276, -0.54821, -28.17664, 31.00919, 116.05486
972, 319, -28.17664, 31.00919, 116.05486, 117.01617, 0.80, 0.80, 0.00, 1.00, 0.60997, 0.17511, 0.60997, 0.17511, -0.23186, 0.80276, -0.54821, -28.17664, 31.00919, 116.05486
973, 312, -27.51006, 31.71748, 114.04073, 115.00272, 0.80, 0.80, 0.00, 1.00, 0.55127, 0.16103, 0.55127, 0.16103, -0.48739, 0.87276, -0.00753, -27.51006, 31.71748, 114.04073
974, 318, -28.98623, 32.09064, 114.9071, 115.8688, 0.80, 0.80, 0.00, 1.00, 0.579, 0.18414, 0.579, 0.18414, -0.12941, 0.91864, -0.37221, -28.98623, 32.09064, 114.9071
975, 315, -25.2922, 28.62504, 116.0826, 117.0439, 0.80, 0.80, 0.00, 1.00, 0.54659, 0.28123, 0.54659, 0.28123, -0.82701, 0.48501, -0.28095, -25.2922, 28.62504, 116.0826
976, 314, -26.36974, 30.65099, 114.78484, 115.74657, 0.80, 0.80, 0.00, 1.00, 0.55034, 0.22487, 0.55034, 0.22487, -0.83416, 0.54315, -0.08666, -26.36974, 30.65099, 114.78484
977, 320, -28.17664, 31.00919, 116.05486, 117.01617, 0.80, 0.80, 0.00, 1.00, 0.58419, 0.22272, 0.58419, 0.22272, -0.32661, 0.6806, -0.65457, -28.17664, 31.00919, 116.05486
978, 315, -25.2922, 28.62504, 116.0826, 117.0439, 0.80, 0.80, 0.00, 1.00, 0.54659, 0.28123, 0.54659, 0.28123, -0.82701, 0.48501, -0.28095, -25.2922, 28.62504, 116.0826
979, 320, -28.17664, 31.00919, 116.05486, 117.01617, 0.80, 0.80, 0.00, 1.00, 0.58419, 0.22272, 0.58419, 0.22272, -0.32661, 0.6806, -0.65457, -28.17664, 31.00919, 116.05486
980, 321, -27.12012, 29.18829, 117.53782, 118.49864, 0.80, 0.80, 0.00, 1.00, 0.58059, 0.27908, 0.58059, 0.27908, -0.37839, 0.58015, -0.71998, -27.12012, 29.18829, 117.53782
981, 316, -25.16756, 27.14899, 116.95786, 117.91888, 0.80, 0.80, 0.00, 1.00, 0.55114, 0.31553, 0.55114, 0.31553, -0.87037, 0.35374, -0.33945, -25.16756, 27.14899, 116.95786
982, 315, -25.2922, 28.62504, 116.0826, 117.0439, 0.80, 0.80, 0.00, 1.00, 0.54659, 0.28123, 0.54659, 0.28123, -0.82701, 0.48501, -0.28095, -25.2922, 28.62504, 116.0826
983, 321, -27.12012, 29.18829, 117.53782, 118.49864, 0.80, 0.80, 0.00, 1.00, 0.58059, 0.27908, 0.58059, 0.27908, -0.37839, 0.58015, -0.71998, -27.12012, 29.18829, 117.53782
984, 316, -25.16756, 27.14899, 116.95786, 117.91888, 0.80, 0.80, 0.00, 1.00, 0.55114, 0.31553, 0.55114, 0.31553, -0.87037, 0.35374, -0.33945, -25.16756, 27.14899, 116.95786
985, 321, -27.12012, 29.18829, 117.53782, 118.49864, 0.80, 0.80, 0.00, 1.00, 0.58059, 0.27908, 0.58059, 0.27908, -0.37839, 0.58015, -0.71998, -27.12012, 29.18829, 117.53782
986, 322, -26.47885, 27.71014, 118.28494, 119.24552, 0.80, 0.80, 0.00, 1.00, 0.57904, 0.31584, 0.57904, 0.31584, -0.45944, 0.46974, -0.75245, -26.47885, 27.71014, 118.28494
987, 317, -24.83605, 24.47089, 118.58258, 119.54305, 0.80, 0.80, 0.00, 1.00, 0.5597, 0.37925, 0.5597, 0.37925, -0.86426, 0.22889, -0.44543, -24.83605, 24.47089, 118.58258
988, 316, -25.16756, 27.14899, 116.95786, 117.91888, 0.80, 0.80, 0.00, 1.00, 0.55114, 0.31553, 0.55114, 0.31553, -0.87037, 0.35374, -0.33945, -25.16756, 27.14899, 116.95786
989, 322, -26.47885, 27.71014, 118.28494, 119.24552, 0.80, 0.80, 0.00, 1.00, 0.57904, 0.31584, 0.57904, 0.31584, -0.45944, 0.46974, -0.75245, -26.47885, 27.71014, 118.28494
990, 317, -24.83605, 24.47089, 118.58258, 119.54305, 0.80, 0.80, 0.00, 1.00, 0.5597, 0.37925, 0.5597, 0.37925, -0.86426, 0.22889, -0.44543, -24.83605, 24.47089, 118.58258
991, 322, -26.47885, 27.71014, 118.28494, 119.24552, 0.80, 0.80, 0.00, 1.00, 0.57904, 0.31584, 0.57904, 0.31584, -0.45944, 0.46974, -0.75245, -26.47885, 27.71014, 118.28494
992, 323, -26.40154, 25.01421, 119.56041, 120.52056, 0.80, 0.80, 0.00, 1.00, 0.5884, 0.37215, 0.5884, 0.37215, -0.3016, 0.37975, -0.8733, -26.40154, 25.01421, 119.56041
993, 324, -28.68162, 27.0229, 119.06644, 120.02675, 0.80, 0.80, 0.00, 1.00, 0.60972, 0.31473, 0.60972, 0.31473, 0.03215, 0.36104, -0.93084, -28.68162, 27.0229, 119.06644
994, 323, -26.40154, 25.01421, 119.56041, 120.52056, 0.80, 0.80, 0.00, 1.00, 0.5884, 0.37215, 0.5884, 0.37215, -0.3016, 0.37975, -0.8733, -26.40154, 25.01421, 119.56041
995, 322, -26.47885, 27.71014, 118.28494, 119.24552, 0.80, 0.80, 0.00, 1.00, 0.57904, 0.31584, 0.57904, 0.31584, -0.45944, 0.46974, -0.75245, -26.47885, 27.71014, 118.28494
996, 323, -26.40154, 25.01421, 119.56041, 120.52056, 0.80, 0.80, 0.00, 1.00, 0.5884, 0.37215, 0.5884, 0.37215, -0.3016, 0.37975, -0.8733, -26.40154, 25.01421, 119.56041
997, 324, -28.68162, 27.0229, 119.06644, 120.02675, 0.80, 0.80, 0.00, 1.00, 0.60972, 0.31473, 0.60972, 0.31473, 0.03215, 0.36104, -0.93084, -28.68162, 27.0229, 119.06644
998, 325, -27.91143, 24.63531, 119.98975, 120.94975, 0.80, 0.80, 0.00, 1.00, 0.61158, 0.36739, 0.61158, 0.36739, 0.01292, 0.31345, -0.94837, -27.91143, 24.63531, 119.98975
999, 324, -28.68162, 27.0229, 119.06644, 120.02675, 0.80, 0.80, 0.00, 1.00, 0.60972, 0.31473, 0.60972, 0.31473, 0.03215, 0.36104, -0.93084, -28.68162, 27.0229, 119.06644
1000, 322, -26.47885, 27.71014, 118.28494, 119.24552, 0.80, 0.80, 0.00, 1.00, 0.57904, 0.31584, 0.57904, 0.31584, -0.45944, 0.46974, -0.75245, -26.47885, 27.71014, 118.28494
1001, 321, -27.12012, 29.18829, 117.53782, 118.49864, 0.80, 0.80, 0.00, 1.00, 0.58059, 0.27908, 0.58059, 0.27908, -0.37839, 0.58015, -0.71998, -27.12012, 29.18829, 117.53782
1002, 324, -28.68162, 27.0229, 119.06644, 120.02675, 0.80, 0.80, 0.00, 1.00, 0.60972, 0.31473, 0.60972, 0.31473, 0.03215, 0.36104, -0.93084, -28.68162, 27.0229, 119.06644
1003, 321, -27.12012, 29.18829, 117.53782, 118.49864, 0.80, 0.80, 0.00, 1.00, 0.58059, 0.27908, 0.58059, 0.27908, -0.37839, 0.58015, -0.71998, -27.12012, 29.18829, 117.53782
1004, 326, -29.31604, 28.91854, 118.1991, 119.15971, 0.80, 0.80, 0.00, 1.00, 0.60881, 0.27062, 0.60881, 0.27062, 0.09356, 0.50735, -0.85549, -29.31604, 28.91854, 118.1991
1005, 326, -29.31604, 28.91854, 118.1991, 119.15971, 0.80, 0.80, 0.00, 1.00, 0.60881, 0.27062, 0.60881, 0.27062, 0.09356, 0.50735, -0.85549, -29.31604, 28.91854, 118.1991
1006, 321, -27.12012, 29.18829, 117.53782, 118.49864, 0.80, 0.80, 0.00, 1.00, 0.58059, 0.27908, 0.58059, 0.27908, -0.37839, 0.58015, -0.71998, -27.12012, 29.18829, 117.53782
1007, 320, -28.17664, 31.00919, 116.05486, 117.01617, 0.80, 0.80, 0.00, 1.00, 0.58419, 0.22272, 0.58419, 0.22272, -0.32661, 0.6806, -0.65457, -28.17664, 31.00919, 116.05486
1008, 326, -29.31604, 28.91854, 118.1991, 119.15971, 0.80, 0.80, 0.00, 1.00, 0.60881, 0.27062, 0.60881, 0.27062, 0.09356, 0.50735, -0.85549, -29.31604, 28.91854, 118.1991
1009, 320, -28.17664, 31.00919, 116.05486, 117.01617, 0.80, 0.80, 0.00, 1.00, 0.58419, 0.22272, 0.58419, 0.22272, -0.32661, 0.6806, -0.65457, -28.17664, 31.00919, 116.05486
1010, 327, -30.07021, 30.90877, 116.77228, 117.73335, 0.80, 0.80, 0.00, 1.00, 0.60935, 0.21549, 0.60935, 0.21549, 0.10788, 0.54016, -0.83346, -30.07021, 30.90877, 116.77228
1011, 328, -30.07021, 30.90877, 116.77228, 117.73335, 0.80, 0.80, 0.00, 1.00, 0.6094, 0.21557, 0.6094, 0.21557, 0.21279, 0.76238, -0.61, -30.07021, 30.90877, 116.77228
1012, 319, -28.17664, 31.00919, 116.05486, 117.01617, 0.80, 0.80, 0.00, 1.00, 0.60997, 0.17511, 0.60997, 0.17511, -0.23186, 0.80276, -0.54821, -28.17664, 31.00919, 116.05486
1013, 329, -30.57372, 31.88439, 115.28882, 116.25038, 0.80, 0.80, 0.00, 1.00, 0.58422, 0.22302, 0.58422, 0.22302, 0.27627, 0.87428, -0.3979, -30.57372, 31.88439, 115.28882
1014, 329, -30.57372, 31.88439, 115.28882, 116.25038, 0.80, 0.80, 0.00, 1.00, 0.58422, 0.22302, 0.58422, 0.22302, 0.27627, 0.87428, -0.3979, -30.57372, 31.88439, 115.28882
1015, 319, -28.17664, 31.00919, 116.05486, 117.01617, 0.80, 0.80, 0.00, 1.00, 0.60997, 0.17511, 0.60997, 0.17511, -0.23186, 0.80276, -0.54821, -28.17664, 31.00919, 116.05486
1016, 318, -28.98623, 32.09064, 114.9071, 115.8688, 0.80, 0.80, 0.00, 1.00, 0.579, 0.18414, 0.579, 0.18414, -0.12941, 0.91864, -0.37221, -28.98623, 32.09064, 114.9071
1017, 329, -30.57372, 31.88439, 115.28882, 116.25038, 0.80, 0.80, 0.00, 1.00, 0.58422, 0.22302, 0.58422, 0.22302, 0.27627, 0.87428, -0.3979, -30.57372, 31.88439, 115.28882
1018, 311, -28.86992, 32.03837, 113.64728, 114.60939, 0.80, 0.80, 0.00, 1.00, 0.55016, 0.18074, 0.55016, 0.18074, -0.05749, 0.9814, 0.18267, -28.86992, 32.03837, 113.64728
1019, 310, -30.75687, 31.55901, 113.72655, 114.68864, 0.80, 0.80, 0.00, 1.00, 0.55016, 0.22415, 0.55016, 0.22415, 0.35477, 0.88356, 0.30484, -30.75687, 31.55901, 113.72655
1020, 311, -28.86992, 32.03837, 113.64728, 114.60939, 0.80, 0.80, 0.00, 1.00, 0.55016, 0.18074, 0.55016, 0.18074, -0.05749, 0.9814, 0.18267, -28.86992, 32.03837, 113.64728
1021, 329, -30.57372, 31.88439, 115.28882, 116.25038, 0.80, 0.80, 0.00, 1.00, 0.58422, 0.22302, 0.58422, 0.22302, 0.27627, 0.87428, -0.3979, -30.57372, 31.88439, 115.28882
1022, 318, -28.98623, 32.09064, 114.9071, 115.8688, 0.80, 0.80, 0.00, 1.00, 0.579, 0.18414, 0.579, 0.18414, -0.12941, 0.91864, -0.37221, -28.98623, 32.09064, 114.9071
1023, 1, -28.59129, 21.38158, 111.11469, 112.07766, 0.80, 0.80, 0.00, 1.00, 0.44849, 0.00096, 0.44849, 0.00096, 0.02265, -0.22322, 0.97336, -28.59129, 21.38158, 111.11469
1024, 0, -27.94204, 19.26259, 111.73318, 112.69593, 0.80, 0.80, 0.00, 1.00, 0.44849, 0.14128, 0.44849, 0.14128, -0.02884, -0.35291, 0.93406, -27.94204, 19.26259, 111.73318
1025, 330, -30.41857, 21.07456, 111.85585, 112.81857, 0.80, 0.80, 0.00, 1.00, 0.64421, 0.00096, 0.64421, 0.00096, 0.4373, -0.49689, 0.74822, -30.41857, 21.07456, 111.85585
1026, 330, -30.41857, 21.07456, 111.85585, 112.81857, 0.80, 0.80, 0.00, 1.00, 0.64421, 0.00096, 0.64421, 0.00096, 0.4373, -0.49689, 0.74822, -30.41857, 21.07456, 111.85585
1027, 0, -27.94204, 19.26259, 111.73318, 112.69593, 0.80, 0.80, 0.00, 1.00, 0.44849, 0.14128, 0.44849, 0.14128, -0.02884, -0.35291, 0.93406, -27.94204, 19.26259, 111.73318
1028, 331, -30.26805, 19.6004, 113.0432, 114.00552, 0.80, 0.80, 0.00, 1.00, 0.68555, 0.13161, 0.68555, 0.13161, 0.49673, -0.57471, 0.64893, -30.26805, 19.6004, 113.0432
1029, 330, -30.41857, 21.07456, 111.85585, 112.81857, 0.80, 0.80, 0.00, 1.00, 0.64421, 0.00096, 0.64421, 0.00096, 0.4373, -0.49689, 0.74822, -30.41857, 21.07456, 111.85585
1030, 331, -30.26805, 19.6004, 113.0432, 114.00552, 0.80, 0.80, 0.00, 1.00, 0.68555, 0.13161, 0.68555, 0.13161, 0.49673, -0.57471, 0.64893, -30.26805, 19.6004, 113.0432
1031, 332, -31.22184, 20.76325, 113.02586, 113.98818, 0.80, 0.80, 0.00, 1.00, 0.74824, 0.07275, 0.74824, 0.07275, 0.57554, -0.54875, 0.60475, -31.22184, 20.76325, 113.02586
1032, 333, -37.69247, -27.49665, 141.14386, 142.0968, 0.80, 0.80, 0.00, 1.00, 0.08136, 0.13403, 0.08136, 0.13403, 0.04924, -0.99828, -0.02329, -37.69247, -27.49665, 141.14386
1033, 334, -41.93514, -27.57418, 139.56232, 140.51581, 0.80, 0.80, 0.00, 1.00, 0.17143, 0.09234, 0.17143, 0.09234, 0.08488, -0.99518, -0.04383, -41.93514, -27.57418, 139.56232
1034, 335, -40.27199, -28.09191, 138.43333, 139.38719, 0.80, 0.80, 0.00, 1.00, 0.12471, 0.08883, 0.12471, 0.08883, 0.05104, -0.99766, -0.03988, -40.27199, -28.09191, 138.43333
1035, 336, -39.43899, -27.21316, 141.9592, 142.91187, 0.80, 0.80, 0.00, 1.00, 0.12373, 0.13903, 0.12373, 0.13903, 0.0915, -0.99489, -0.0364, -39.43899, -27.21316, 141.9592
1036, 334, -41.93514, -27.57418, 139.56232, 140.51581, 0.80, 0.80, 0.00, 1.00, 0.17143, 0.09234, 0.17143, 0.09234, 0.08488, -0.99518, -0.04383, -41.93514, -27.57418, 139.56232
1037, 333, -37.69247, -27.49665, 141.14386, 142.0968, 0.80, 0.80, 0.00, 1.00, 0.08136, 0.13403, 0.08136, 0.13403, 0.04924, -0.99828, -0.02329, -37.69247, -27.49665, 141.14386
1038, 333, -37.69247, -27.49665, 141.14386, 142.0968, 0.80, 0.80, 0.00, 1.00, 0.08136, 0.13403, 0.08136, 0.13403, 0.04924, -0.99828, -0.02329, -37.69247, -27.49665, 141.14386
1039, 335, -40.27199, -28.09191, 138.43333, 139.38719, 0.80, 0.80, 0.00, 1.00, 0.12471, 0.08883, 0.12471, 0.08883, 0.05104, -0.99766, -0.03988, -40.27199, -28.09191, 138.43333
1040, 337, -38.36549, -28.26888, 138.05574, 139.00974, 0.80, 0.80, 0.00, 1.00, 0.07377, 0.08963, 0.07377, 0.08963, 0.0304, -0.99908, -0.02108, -38.36549, -28.26888, 138.05574
1041, 334, -41.93514, -27.57418, 139.56232, 140.51581, 0.80, 0.80, 0.00, 1.00, 0.17143, 0.09234, 0.17143, 0.09234, 0.08488, -0.99518, -0.04383, -41.93514, -27.57418, 139.56232
1042, 336, -39.43899, -27.21316, 141.9592, 142.91187, 0.80, 0.80, 0.00, 1.00, 0.12373, 0.13903, 0.12373, 0.13903, 0.0915, -0.99489, -0.0364, -39.43899, -27.21316, 141.9592
1043, 338, -41.45663, -26.88366, 141.80074, 142.75348, 0.80, 0.80, 0.00, 1.00, 0.16611, 0.12918, 0.16611, 0.12918, 0.137, -0.98687, -0.08255, -41.45663, -26.88366, 141.80074
1044, 339, -40.86943, -20.28121, 137.65138, 138.6055, 0.80, 0.80, 0.00, 1.00, 0.13161, 0.00331, 0.13161, 0.00331, 0.54909, 0.22524, 0.80361, -40.86943, -20.28121, 137.65138
1045, 340, -41.98048, -23.72644, 138.47864, 139.43248, 0.80, 0.80, 0.00, 1.00, 0.17579, 0.04419, 0.17579, 0.04419, 0.68766, 0.08338, 0.71979, -41.98048, -23.72644, 138.47864
1046, 341, -41.41133, -20.0421, 138.25731, 139.21123, 0.80, 0.80, 0.00, 1.00, 0.17648, 0.0044, 0.17648, 0.0044, 0.73752, 0.2056, 0.64175, -41.41133, -20.0421, 138.25731
1047, 342, -40.29098, -24.34161, 137.1001, 138.0544, 0.80, 0.80, 0.00, 1.00, 0.12673, 0.04318, 0.12673, 0.04318, 0.44736, 0.07776, 0.88977, -40.29098, -24.34161, 137.1001
1048, 340, -41.98048, -23.72644, 138.47864, 139.43248, 0.80, 0.80, 0.00, 1.00, 0.17579, 0.04419, 0.17579, 0.04419, 0.68766, 0.08338, 0.71979, -41.98048, -23.72644, 138.47864
1049, 339, -40.86943, -20.28121, 137.65138, 138.6055, 0.80, 0.80, 0.00, 1.00, 0.13161, 0.00331, 0.13161, 0.00331, 0.54909, 0.22524, 0.80361, -40.86943, -20.28121, 137.65138
1050, 343, -40.31145, -19.98363, 140.06361, 141.01694, 0.80, 0.80, 0.00, 1.00, 0.27177, 0.00674, 0.27177, 0.00674, -0.21189, 0.52963, -0.82022, -40.31145, -19.98363, 140.06361
1051, 344, -37.28288, -23.3837, 140.88545, 141.83849, 0.80, 0.80, 0.00, 1.00, 0.32124, 0.0475, 0.32124, 0.0475, -0.42992, 0.40855, -0.80389, -37.28288, -23.3837, 140.88545
1052, 345, -38.75155, -20.15121, 139.39752, 140.35106, 0.80, 0.80, 0.00, 1.00, 0.31673, 0.00658, 0.31673, 0.00658, -0.35096, 0.5231, -0.77546, -38.75155, -20.15121, 139.39752
1053, 346, -39.09188, -23.05901, 141.83589, 142.78862, 0.80, 0.80, 0.00, 1.00, 0.27484, 0.04949, 0.27484, 0.04949, -0.18699, 0.31326, -0.92996, -39.09188, -23.05901, 141.83589
1054, 344, -37.28288, -23.3837, 140.88545, 141.83849, 0.80, 0.80, 0.00, 1.00, 0.32124, 0.0475, 0.32124, 0.0475, -0.42992, 0.40855, -0.80389, -37.28288, -23.3837, 140.88545
1055, 343, -40.31145, -19.98363, 140.06361, 141.01694, 0.80, 0.80, 0.00, 1.00, 0.27177, 0.00674, 0.27177, 0.00674, -0.21189, 0.52963, -0.82022, -40.31145, -19.98363, 140.06361
1056, 347, -39.20503, -20.41261, 137.28535, 138.23959, 0.80, 0.80, 0.00, 1.00, 0.06758, 0.0022, 0.06758, 0.0022, 0.19094, 0.2919, 0.93618, -39.20503, -20.41261, 137.28535
1057, 342, -40.29098, -24.34161, 137.1001, 138.0544, 0.80, 0.80, 0.00, 1.00, 0.12673, 0.04318, 0.12673, 0.04318, 0.44736, 0.07776, 0.88977, -40.29098, -24.34161, 137.1001
1058, 339, -40.86943, -20.28121, 137.65138, 138.6055, 0.80, 0.80, 0.00, 1.00, 0.13161, 0.00331, 0.13161, 0.00331, 0.54909, 0.22524, 0.80361, -40.86943, -20.28121, 137.65138
1059, 348, -38.27226, -24.5081, 136.74179, 137.69621, 0.80, 0.80, 0.00, 1.00, 0.06962, 0.04232, 0.06962, 0.04232, 0.18456, 0.02838, 0.98133, -38.27226, -24.5081, 136.74179
1060, 342, -40.29098, -24.34161, 137.1001, 138.0544, 0.80, 0.80, 0.00, 1.00, 0.12673, 0.04318, 0.12673, 0.04318, 0.44736, 0.07776, 0.88977, -40.29098, -24.34161, 137.1001
1061, 347, -39.20503, -20.41261, 137.28535, 138.23959, 0.80, 0.80, 0.00, 1.00, 0.06758, 0.0022, 0.06758, 0.0022, 0.19094, 0.2919, 0.93618, -39.20503, -20.41261, 137.28535
1062, 349, -38.75155, -20.15121, 139.39752, 140.35106, 0.80, 0.80, 0.00, 1.00, 0.00909, 0.00308, 0.00909, 0.00308, -0.9052, 0.37821, 0.18951, -38.75155, -20.15121, 139.39752
1063, 350, -38.27226, -24.5081, 136.74179, 137.69621, 0.80, 0.80, 0.00, 1.00, 0.06953, 0.04232, 0.06953, 0.04232, -0.94839, 0.23923, 0.20392, -38.27226, -24.5081, 136.74179
1064, 351, -39.20503, -20.41261, 137.28535, 138.23959, 0.80, 0.80, 0.00, 1.00, 0.06744, 0.00219, 0.06744, 0.00219, -0.92046, 0.35199, 0.16485, -39.20503, -20.41261, 137.28535
1065, 352, -37.28288, -23.3837, 140.88545, 141.83849, 0.80, 0.80, 0.00, 1.00, 0.00573, 0.04991, 0.00573, 0.04991, -0.96816, 0.10328, 0.22409, -37.28288, -23.3837, 140.88545
1066, 350, -38.27226, -24.5081, 136.74179, 137.69621, 0.80, 0.80, 0.00, 1.00, 0.06953, 0.04232, 0.06953, 0.04232, -0.94839, 0.23923, 0.20392, -38.27226, -24.5081, 136.74179
1067, 349, -38.75155, -20.15121, 139.39752, 140.35106, 0.80, 0.80, 0.00, 1.00, 0.00909, 0.00308, 0.00909, 0.00308, -0.9052, 0.37821, 0.18951, -38.75155, -20.15121, 139.39752
1068, 353, -41.08543, -19.68521, 139.77136, 140.72476, 0.80, 0.80, 0.00, 1.00, 0.22293, 0.00477, 0.22293, 0.00477, 0.11139, 0.44762, -0.88623, -41.08543, -19.68521, 139.77136
1069, 346, -39.09188, -23.05901, 141.83589, 142.78862, 0.80, 0.80, 0.00, 1.00, 0.27484, 0.04949, 0.27484, 0.04949, -0.18699, 0.31326, -0.92996, -39.09188, -23.05901, 141.83589
1070, 343, -40.31145, -19.98363, 140.06361, 141.01694, 0.80, 0.80, 0.00, 1.00, 0.27177, 0.00674, 0.27177, 0.00674, -0.21189, 0.52963, -0.82022, -40.31145, -19.98363, 140.06361
1071, 354, -41.27108, -22.76397, 141.48663, 142.43947, 0.80, 0.80, 0.00, 1.00, 0.22844, 0.04552, 0.22844, 0.04552, 0.12133, 0.21455, -0.9681, -41.27108, -22.76397, 141.48663
1072, 346, -39.09188, -23.05901, 141.83589, 142.78862, 0.80, 0.80, 0.00, 1.00, 0.27484, 0.04949, 0.27484, 0.04949, -0.18699, 0.31326, -0.92996, -39.09188, -23.05901, 141.83589
1073, 353, -41.08543, -19.68521, 139.77136, 140.72476, 0.80, 0.80, 0.00, 1.00, 0.22293, 0.00477, 0.22293, 0.00477, 0.11139, 0.44762, -0.88623, -41.08543, -19.68521, 139.77136
1074, 355, -41.41133, -20.0421, 138.25731, 139.21123, 0.80, 0.80, 0.00, 1.00, 0.17658, 0.0044, 0.17658, 0.0044, 0.96253, 0.17825, -0.2002, -41.41133, -20.0421, 138.25731
1075, 356, -41.27108, -22.76397, 141.48663, 142.43947, 0.80, 0.80, 0.00, 1.00, 0.22837, 0.04551, 0.22837, 0.04551, 0.9719, 0.1015, -0.20824, -41.27108, -22.76397, 141.48663
1076, 357, -41.08543, -19.68521, 139.77136, 140.72476, 0.80, 0.80, 0.00, 1.00, 0.22281, 0.00477, 0.22281, 0.00477, 0.9637, 0.17496, -0.1974, -41.08543, -19.68521, 139.77136
1077, 358, -41.98048, -23.72644, 138.47864, 139.43248, 0.80, 0.80, 0.00, 1.00, 0.17578, 0.04431, 0.17578, 0.04431, 0.9749, 0.02674, -0.21701, -41.98048, -23.72644, 138.47864
1078, 356, -41.27108, -22.76397, 141.48663, 142.43947, 0.80, 0.80, 0.00, 1.00, 0.22837, 0.04551, 0.22837, 0.04551, 0.9719, 0.1015, -0.20824, -41.27108, -22.76397, 141.48663
1079, 355, -41.41133, -20.0421, 138.25731, 139.21123, 0.80, 0.80, 0.00, 1.00, 0.17658, 0.0044, 0.17658, 0.0044, 0.96253, 0.17825, -0.2002, -41.41133, -20.0421, 138.25731
1080, 342, -40.29098, -24.34161, 137.1001, 138.0544, 0.80, 0.80, 0.00, 1.00, 0.12673, 0.04318, 0.12673, 0.04318, 0.44736, 0.07776, 0.88977, -40.29098, -24.34161, 137.1001
1081, 359, -41.84546, -26.29132, 138.94949, 139.90317, 0.80, 0.80, 0.00, 1.00, 0.172, 0.07336, 0.172, 0.07336, 0.6714, -0.14769, 0.72475, -41.84546, -26.29132, 138.94949
1082, 340, -41.98048, -23.72644, 138.47864, 139.43248, 0.80, 0.80, 0.00, 1.00, 0.17579, 0.04419, 0.17579, 0.04419, 0.68766, 0.08338, 0.71979, -41.98048, -23.72644, 138.47864
1083, 360, -40.25306, -26.89129, 137.59683, 138.55096, 0.80, 0.80, 0.00, 1.00, 0.12388, 0.07229, 0.12388, 0.07229, 0.42986, -0.27323, 0.85932, -40.25306, -26.89129, 137.59683
1084, 359, -41.84546, -26.29132, 138.94949, 139.90317, 0.80, 0.80, 0.00, 1.00, 0.172, 0.07336, 0.172, 0.07336, 0.6714, -0.14769, 0.72475, -41.84546, -26.29132, 138.94949
1085, 342, -40.29098, -24.34161, 137.1001, 138.0544, 0.80, 0.80, 0.00, 1.00, 0.12673, 0.04318, 0.12673, 0.04318, 0.44736, 0.07776, 0.88977, -40.29098, -24.34161, 137.1001
1086, 346, -39.09188, -23.05901, 141.83589, 142.78862, 0.80, 0.80, 0.00, 1.00, 0.27484, 0.04949, 0.27484, 0.04949, -0.18699, 0.31326, -0.92996, -39.09188, -23.05901, 141.83589
1087, 361, -37.32889, -25.91262, 141.40305, 142.35591, 0.80, 0.80, 0.00, 1.00, 0.32207, 0.07652, 0.32207, 0.07652, -0.4871, -0.09584, -0.86686, -37.32889, -25.91262, 141.40305
1088, 344, -37.28288, -23.3837, 140.88545, 141.83849, 0.80, 0.80, 0.00, 1.00, 0.32124, 0.0475, 0.32124, 0.0475, -0.42992, 0.40855, -0.80389, -37.28288, -23.3837, 140.88545
1089, 362, -39.04199, -25.60052, 142.32744, 143.28, 0.80, 0.80, 0.00, 1.00, 0.27439, 0.07848, 0.27439, 0.07848, -0.14595, -0.20315, -0.96717, -39.04199, -25.60052, 142.32744
1090, 361, -37.32889, -25.91262, 141.40305, 142.35591, 0.80, 0.80, 0.00, 1.00, 0.32207, 0.07652, 0.32207, 0.07652, -0.4871, -0.09584, -0.86686, -37.32889, -25.91262, 141.40305
1091, 346, -39.09188, -23.05901, 141.83589, 142.78862, 0.80, 0.80, 0.00, 1.00, 0.27484, 0.04949, 0.27484, 0.04949, -0.18699, 0.31326, -0.92996, -39.09188, -23.05901, 141.83589
1092, 348, -38.27226, -24.5081, 136.74179, 137.69621, 0.80, 0.80, 0.00, 1.00, 0.06962, 0.04232, 0.06962, 0.04232, 0.18456, 0.02838, 0.98133, -38.27226, -24.5081, 136.74179
1093, 360, -40.25306, -26.89129, 137.59683, 138.55096, 0.80, 0.80, 0.00, 1.00, 0.12388, 0.07229, 0.12388, 0.07229, 0.42986, -0.27323, 0.85932, -40.25306, -26.89129, 137.59683
1094, 342, -40.29098, -24.34161, 137.1001, 138.0544, 0.80, 0.80, 0.00, 1.00, 0.12673, 0.04318, 0.12673, 0.04318, 0.44736, 0.07776, 0.88977, -40.29098, -24.34161, 137.1001
1095, 363, -38.33144, -27.04376, 137.26465, 138.2189, 0.80, 0.80, 0.00, 1.00, 0.0705, 0.0715, 0.0705, 0.0715, 0.18676, -0.40123, 0.89562, -38.33144, -27.04376, 137.26465
1096, 360, -40.25306, -26.89129, 137.59683, 138.55096, 0.80, 0.80, 0.00, 1.00, 0.12388, 0.07229, 0.12388, 0.07229, 0.42986, -0.27323, 0.85932, -40.25306, -26.89129, 137.59683
1097, 348, -38.27226, -24.5081, 136.74179, 137.69621, 0.80, 0.80, 0.00, 1.00, 0.06962, 0.04232, 0.06962, 0.04232, 0.18456, 0.02838, 0.98133, -38.27226, -24.5081, 136.74179
1098, 352, -37.28288, -23.3837, 140.88545, 141.83849, 0.80, 0.80, 0.00, 1.00, 0.00573, 0.04991, 0.00573, 0.04991, -0.96816, 0.10328, 0.22409, -37.28288, -23.3837, 140.88545
1099, 364, -38.33144, -27.04376, 137.26465, 138.2189, 0.80, 0.80, 0.00, 1.00, 0.0705, 0.0714, 0.0705, 0.0714, -0.97049, -0.08986, 0.21983, -38.33144, -27.04376, 137.26465
1100, 350, -38.27226, -24.5081, 136.74179, 137.69621, 0.80, 0.80, 0.00, 1.00, 0.06953, 0.04232, 0.06953, 0.04232, -0.94839, 0.23923, 0.20392, -38.27226, -24.5081, 136.74179
1101, 365, -37.32889, -25.91262, 141.40305, 142.35591, 0.80, 0.80, 0.00, 1.00, 0.0081, 0.07893, 0.0081, 0.07893, -0.9651, -0.14827, 0.21187, -37.32889, -25.91262, 141.40305
1102, 364, -38.33144, -27.04376, 137.26465, 138.2189, 0.80, 0.80, 0.00, 1.00, 0.0705, 0.0714, 0.0705, 0.0714, -0.97049, -0.08986, 0.21983, -38.33144, -27.04376, 137.26465
1103, 352, -37.28288, -23.3837, 140.88545, 141.83849, 0.80, 0.80, 0.00, 1.00, 0.00573, 0.04991, 0.00573, 0.04991, -0.96816, 0.10328, 0.22409, -37.28288, -23.3837, 140.88545
1104, 354, -41.27108, -22.76397, 141.48663, 142.43947, 0.80, 0.80, 0.00, 1.00, 0.22844, 0.04552, 0.22844, 0.04552, 0.12133, 0.21455, -0.9681, -41.27108, -22.76397, 141.48663
1105, 362, -39.04199, -25.60052, 142.32744, 143.28, 0.80, 0.80, 0.00, 1.00, 0.27439, 0.07848, 0.27439, 0.07848, -0.14595, -0.20315, -0.96717, -39.04199, -25.60052, 142.32744
1106, 346, -39.09188, -23.05901, 141.83589, 142.78862, 0.80, 0.80, 0.00, 1.00, 0.27484, 0.04949, 0.27484, 0.04949, -0.18699, 0.31326, -0.92996, -39.09188, -23.05901, 141.83589
1107, 366, -41.12553, -25.32695, 141.95396, 142.90665, 0.80, 0.80, 0.00, 1.00, 0.22639, 0.07458, 0.22639, 0.07458, 0.1523, -0.20012, -0.96686, -41.12553, -25.32695, 141.95396
1108, 362, -39.04199, -25.60052, 142.32744, 143.28, 0.80, 0.80, 0.00, 1.00, 0.27439, 0.07848, 0.27439, 0.07848, -0.14595, -0.20315, -0.96717, -39.04199, -25.60052, 142.32744
1109, 354, -41.27108, -22.76397, 141.48663, 142.43947, 0.80, 0.80, 0.00, 1.00, 0.22844, 0.04552, 0.22844, 0.04552, 0.12133, 0.21455, -0.9681, -41.27108, -22.76397, 141.48663
1110, 358, -41.98048, -23.72644, 138.47864, 139.43248, 0.80, 0.80, 0.00, 1.00, 0.17578, 0.04431, 0.17578, 0.04431, 0.9749, 0.02674, -0.21701, -41.98048, -23.72644, 138.47864
1111, 367, -41.12553, -25.32695, 141.95396, 142.90665, 0.80, 0.80, 0.00, 1.00, 0.22633, 0.07458, 0.22633, 0.07458, 0.97444, 0.03921, -0.2172, -41.12553, -25.32695, 141.95396
1112, 356, -41.27108, -22.76397, 141.48663, 142.43947, 0.80, 0.80, 0.00, 1.00, 0.22837, 0.04551, 0.22837, 0.04551, 0.9719, 0.1015, -0.20824, -41.27108, -22.76397, 141.48663
1113, 368, -41.84546, -26.29132, 138.94949, 139.90317, 0.80, 0.80, 0.00, 1.00, 0.17202, 0.07336, 0.17202, 0.07336, 0.97124, 0.1127, -0.20558, -41.84546, -26.29132, 138.94949
1114, 367, -41.12553, -25.32695, 141.95396, 142.90665, 0.80, 0.80, 0.00, 1.00, 0.22633, 0.07458, 0.22633, 0.07458, 0.97444, 0.03921, -0.2172, -41.12553, -25.32695, 141.95396
1115, 358, -41.98048, -23.72644, 138.47864, 139.43248, 0.80, 0.80, 0.00, 1.00, 0.17578, 0.04431, 0.17578, 0.04431, 0.9749, 0.02674, -0.21701, -41.98048, -23.72644, 138.47864
1116, 360, -40.25306, -26.89129, 137.59683, 138.55096, 0.80, 0.80, 0.00, 1.00, 0.12388, 0.07229, 0.12388, 0.07229, 0.42986, -0.27323, 0.85932, -40.25306, -26.89129, 137.59683
1117, 369, -41.93514, -27.57418, 139.56232, 140.51581, 0.80, 0.80, 0.00, 1.00, 0.17143, 0.0923, 0.17143, 0.0923, 0.61724, -0.35913, 0.69857, -41.93514, -27.57418, 139.56232
1118, 359, -41.84546, -26.29132, 138.94949, 139.90317, 0.80, 0.80, 0.00, 1.00, 0.172, 0.07336, 0.172, 0.07336, 0.6714, -0.14769, 0.72475, -41.84546, -26.29132, 138.94949
1119, 370, -40.27199, -28.09191, 138.43333, 139.38719, 0.80, 0.80, 0.00, 1.00, 0.12403, 0.08898, 0.12403, 0.08898, 0.31209, -0.52065, 0.79351, -40.27199, -28.09191, 138.43333
1120, 369, -41.93514, -27.57418, 139.56232, 140.51581, 0.80, 0.80, 0.00, 1.00, 0.17143, 0.0923, 0.17143, 0.0923, 0.61724, -0.35913, 0.69857, -41.93514, -27.57418, 139.56232
1121, 360, -40.25306, -26.89129, 137.59683, 138.55096, 0.80, 0.80, 0.00, 1.00, 0.12388, 0.07229, 0.12388, 0.07229, 0.42986, -0.27323, 0.85932, -40.25306, -26.89129, 137.59683
1122, 362, -39.04199, -25.60052, 142.32744, 143.28, 0.80, 0.80, 0.00, 1.00, 0.27439, 0.07848, 0.27439, 0.07848, -0.14595, -0.20315, -0.96717, -39.04199, -25.60052, 142.32744
1123, 371, -37.69247, -27.49665, 141.14386, 142.0968, 0.80, 0.80, 0.00, 1.00, 0.31885, 0.09196, 0.31885, 0.09196, -0.39438, -0.48853, -0.7773, -37.69247, -27.49665, 141.14386
1124, 361, -37.32889, -25.91262, 141.40305, 142.35591, 0.80, 0.80, 0.00, 1.00, 0.32207, 0.07652, 0.32207, 0.07652, -0.4871, -0.09584, -0.86686, -37.32889, -25.91262, 141.40305
1125, 372, -39.43899, -27.21316, 141.9592, 142.91187, 0.80, 0.80, 0.00, 1.00, 0.27475, 0.09369, 0.27475, 0.09369, -0.02398, -0.40787, -0.91178, -39.43899, -27.21316, 141.9592
1126, 371, -37.69247, -27.49665, 141.14386, 142.0968, 0.80, 0.80, 0.00, 1.00, 0.31885, 0.09196, 0.31885, 0.09196, -0.39438, -0.48853, -0.7773, -37.69247, -27.49665, 141.14386
1127, 362, -39.04199, -25.60052, 142.32744, 143.28, 0.80, 0.80, 0.00, 1.00, 0.27439, 0.07848, 0.27439, 0.07848, -0.14595, -0.20315, -0.96717, -39.04199, -25.60052, 142.32744
1128, 363, -38.33144, -27.04376, 137.26465, 138.2189, 0.80, 0.80, 0.00, 1.00, 0.0705, 0.0715, 0.0705, 0.0715, 0.18676, -0.40123, 0.89562, -38.33144, -27.04376, 137.26465
1129, 370, -40.27199, -28.09191, 138.43333, 139.38719, 0.80, 0.80, 0.00, 1.00, 0.12403, 0.08898, 0.12403, 0.08898, 0.31209, -0.52065, 0.79351, -40.27199, -28.09191, 138.43333
1130, 360, -40.25306, -26.89129, 137.59683, 138.55096, 0.80, 0.80, 0.00, 1.00, 0.12388, 0.07229, 0.12388, 0.07229, 0.42986, -0.27323, 0.85932, -40.25306, -26.89129, 137.59683
1131, 373, -38.36549, -28.26888, 138.05574, 139.00974, 0.80, 0.80, 0.00, 1.00, 0.07376, 0.08962, 0.07376, 0.08962, 0.19526, -0.51747, 0.83202, -38.36549, -28.26888, 138.05574
1132, 370, -40.27199, -28.09191, 138.43333, 139.38719, 0.80, 0.80, 0.00, 1.00, 0.12403, 0.08898, 0.12403, 0.08898, 0.31209, -0.52065, 0.79351, -40.27199, -28.09191, 138.43333
1133, 363, -38.33144, -27.04376, 137.26465, 138.2189, 0.80, 0.80, 0.00, 1.00, 0.0705, 0.0715, 0.0705, 0.0715, 0.18676, -0.40123, 0.89562, -38.33144, -27.04376, 137.26465
1134, 365, -37.32889, -25.91262, 141.40305, 142.35591, 0.80, 0.80, 0.00, 1.00, 0.0081, 0.07893, 0.0081, 0.07893, -0.9651, -0.14827, 0.21187, -37.32889, -25.91262, 141.40305
1135, 374, -38.36549, -28.26888, 138.05574, 139.00974, 0.80, 0.80, 0.00, 1.00, 0.0737, 0.08961, 0.0737, 0.08961, -0.95749, -0.19812, 0.20562, -38.36549, -28.26888, 138.05574
1136, 364, -38.33144, -27.04376, 137.26465, 138.2189, 0.80, 0.80, 0.00, 1.00, 0.0705, 0.0714, 0.0705, 0.0714, -0.97049, -0.08986, 0.21983, -38.33144, -27.04376, 137.26465
1137, 375, -37.69247, -27.49665, 141.14386, 142.0968, 0.80, 0.80, 0.00, 1.00, 0.00648, 0.09305, 0.00648, 0.09305, -0.95303, -0.22836, 0.19477, -37.69247, -27.49665, 141.14386
1138, 374, -38.36549, -28.26888, 138.05574, 139.00974, 0.80, 0.80, 0.00, 1.00, 0.0737, 0.08961, 0.0737, 0.08961, -0.95749, -0.19812, 0.20562, -38.36549, -28.26888, 138.05574
1139, 365, -37.32889, -25.91262, 141.40305, 142.35591, 0.80, 0.80, 0.00, 1.00, 0.0081, 0.07893, 0.0081, 0.07893, -0.9651, -0.14827, 0.21187, -37.32889, -25.91262, 141.40305
1140, 366, -41.12553, -25.32695, 141.95396, 142.90665, 0.80, 0.80, 0.00, 1.00, 0.22639, 0.07458, 0.22639, 0.07458, 0.1523, -0.20012, -0.96686, -41.12553, -25.32695, 141.95396
1141, 372, -39.43899, -27.21316, 141.9592, 142.91187, 0.80, 0.80, 0.00, 1.00, 0.27475, 0.09369, 0.27475, 0.09369, -0.02398, -0.40787, -0.91178, -39.43899, -27.21316, 141.9592
1142, 362, -39.04199, -25.60052, 142.32744, 143.28, 0.80, 0.80, 0.00, 1.00, 0.27439, 0.07848, 0.27439, 0.07848, -0.14595, -0.20315, -0.96717, -39.04199, -25.60052, 142.32744
1143, 376, -41.45663, -26.88366, 141.80074, 142.75348, 0.80, 0.80, 0.00, 1.00, 0.22155, 0.09023, 0.22155, 0.09023, 0.09342, -0.26907, -0.9576, -41.45663, -26.88366, 141.80074
1144, 372, -39.43899, -27.21316, 141.9592, 142.91187, 0.80, 0.80, 0.00, 1.00, 0.27475, 0.09369, 0.27475, 0.09369, -0.02398, -0.40787, -0.91178, -39.43899, -27.21316, 141.9592
1145, 366, -41.12553, -25.32695, 141.95396, 142.90665, 0.80, 0.80, 0.00, 1.00, 0.22639, 0.07458, 0.22639, 0.07458, 0.1523, -0.20012, -0.96686, -41.12553, -25.32695, 141.95396
1146, 368, -41.84546, -26.29132, 138.94949, 139.90317, 0.80, 0.80, 0.00, 1.00, 0.17202, 0.07336, 0.17202, 0.07336, 0.97124, 0.1127, -0.20558, -41.84546, -26.29132, 138.94949
1147, 377, -41.45663, -26.88366, 141.80074, 142.75348, 0.80, 0.80, 0.00, 1.00, 0.22148, 0.09023, 0.22148, 0.09023, 0.96105, 0.19195, -0.19457, -41.45663, -26.88366, 141.80074
1148, 367, -41.12553, -25.32695, 141.95396, 142.90665, 0.80, 0.80, 0.00, 1.00, 0.22633, 0.07458, 0.22633, 0.07458, 0.97444, 0.03921, -0.2172, -41.12553, -25.32695, 141.95396
1149, 378, -41.93514, -27.57418, 139.56232, 140.51581, 0.80, 0.80, 0.00, 1.00, 0.17145, 0.0923, 0.17145, 0.0923, 0.96752, 0.16529, -0.18679, -41.93514, -27.57418, 139.56232
1150, 377, -41.45663, -26.88366, 141.80074, 142.75348, 0.80, 0.80, 0.00, 1.00, 0.22148, 0.09023, 0.22148, 0.09023, 0.96105, 0.19195, -0.19457, -41.45663, -26.88366, 141.80074
1151, 368, -41.84546, -26.29132, 138.94949, 139.90317, 0.80, 0.80, 0.00, 1.00, 0.17202, 0.07336, 0.17202, 0.07336, 0.97124, 0.1127, -0.20558, -41.84546, -26.29132, 138.94949
1152, 379, -38.02425, -7.36803, 138.2655, 139.21941, 0.80, 0.80, 0.00, 1.00, 0.81563, 0.00882, 0.81563, 0.00882, 0.69036, 0.31662, 0.64934, -38.02425, -7.36803, 138.2655
1153, 380, -40.22963, -10.83524, 139.65048, 140.60394, 0.80, 0.80, 0.00, 1.00, 0.84986, 0.04749, 0.84986, 0.04749, 0.93991, 0.24802, 0.23126, -40.22963, -10.83524, 139.65048
1154, 381, -39.66796, -6.88232, 139.58601, 140.53949, 0.80, 0.80, 0.00, 1.00, 0.85038, 0.00812, 0.85038, 0.00812, 0.96947, 0.20463, 0.12897, -39.66796, -6.88232, 139.58601
1155, 382, -38.73922, -11.16509, 137.71599, 138.67009, 0.80, 0.80, 0.00, 1.00, 0.81401, 0.04676, 0.81401, 0.04676, 0.74111, 0.36534, 0.562, -38.73922, -11.16509, 137.71599
1156, 380, -40.22963, -10.83524, 139.65048, 140.60394, 0.80, 0.80, 0.00, 1.00, 0.84986, 0.04749, 0.84986, 0.04749, 0.93991, 0.24802, 0.23126, -40.22963, -10.83524, 139.65048
1157, 379, -38.02425, -7.36803, 138.2655, 139.21941, 0.80, 0.80, 0.00, 1.00, 0.81563, 0.00882, 0.81563, 0.00882, 0.69036, 0.31662, 0.64934, -38.02425, -7.36803, 138.2655
1158, 383, -37.11444, -7.75563, 142.73123, 143.68365, 0.80, 0.80, 0.00, 1.00, 0.89628, 0.0081, 0.89628, 0.0081, -0.25569, -0.15172, -0.95387, -37.11444, -7.75563, 142.73123
1159, 384, -35.0335, -12.66059, 141.62956, 142.58235, 0.80, 0.80, 0.00, 1.00, 0.92383, 0.04943, 0.92383, 0.04943, -0.83, -0.42909, -0.35448, -35.0335, -12.66059, 141.62956
1160, 385, -34.4106, -8.32124, 141.58095, 142.53375, 0.80, 0.80, 0.00, 1.00, 0.92295, 0.00834, 0.92295, 0.00834, -0.95657, -0.21444, -0.19332, -34.4106, -8.32124, 141.58095
1161, 386, -37.69077, -12.16117, 142.97607, 143.92842, 0.80, 0.80, 0.00, 1.00, 0.89729, 0.04995, 0.89729, 0.04995, -0.0345, -0.30835, -0.94982, -37.69077, -12.16117, 142.97607
1162, 384, -35.0335, -12.66059, 141.62956, 142.58235, 0.80, 0.80, 0.00, 1.00, 0.92383, 0.04943, 0.92383, 0.04943, -0.83, -0.42909, -0.35448, -35.0335, -12.66059, 141.62956
1163, 383, -37.11444, -7.75563, 142.73123, 143.68365, 0.80, 0.80, 0.00, 1.00, 0.89628, 0.0081, 0.89628, 0.0081, -0.25569, -0.15172, -0.95387, -37.11444, -7.75563, 142.73123
1164, 387, -35.13635, -7.99736, 137.66992, 138.62404, 0.80, 0.80, 0.00, 1.00, 0.95474, 0.00771, 0.95474, 0.00771, -0.35056, 0.16269, 0.92136, -35.13635, -7.99736, 137.66992
1165, 388, -38.73922, -11.16509, 137.71599, 138.67009, 0.80, 0.80, 0.00, 1.00, 0.98858, 0.04646, 0.98858, 0.04646, 0.05136, 0.23452, 0.9699, -38.73922, -11.16509, 137.71599
1166, 389, -38.02425, -7.36803, 138.2655, 139.21941, 0.80, 0.80, 0.00, 1.00, 0.9902, 0.00882, 0.9902, 0.00882, 0.16582, 0.38727, 0.90613, -38.02425, -7.36803, 138.2655
1167, 390, -35.68458, -11.87169, 137.74098, 138.69507, 0.80, 0.80, 0.00, 1.00, 0.95589, 0.0481, 0.95589, 0.0481, -0.5864, -0.02291, 0.8086, -35.68458, -11.87169, 137.74098
1168, 388, -38.73922, -11.16509, 137.71599, 138.67009, 0.80, 0.80, 0.00, 1.00, 0.98858, 0.04646, 0.98858, 0.04646, 0.05136, 0.23452, 0.9699, -38.73922, -11.16509, 137.71599
1169, 387, -35.13635, -7.99736, 137.66992, 138.62404, 0.80, 0.80, 0.00, 1.00, 0.95474, 0.00771, 0.95474, 0.00771, -0.35056, 0.16269, 0.92136, -35.13635, -7.99736, 137.66992
1170, 385, -34.4106, -8.32124, 141.58095, 142.53375, 0.80, 0.80, 0.00, 1.00, 0.92295, 0.00834, 0.92295, 0.00834, -0.95657, -0.21444, -0.19332, -34.4106, -8.32124, 141.58095
1171, 390, -35.68458, -11.87169, 137.74098, 138.69507, 0.80, 0.80, 0.00, 1.00, 0.95589, 0.0481, 0.95589, 0.0481, -0.5864, -0.02291, 0.8086, -35.68458, -11.87169, 137.74098
1172, 387, -35.13635, -7.99736, 137.66992, 138.62404, 0.80, 0.80, 0.00, 1.00, 0.95474, 0.00771, 0.95474, 0.00771, -0.35056, 0.16269, 0.92136, -35.13635, -7.99736, 137.66992
1173, 384, -35.0335, -12.66059, 141.62956, 142.58235, 0.80, 0.80, 0.00, 1.00, 0.92383, 0.04943, 0.92383, 0.04943, -0.83, -0.42909, -0.35448, -35.0335, -12.66059, 141.62956
1174, 390, -35.68458, -11.87169, 137.74098, 138.69507, 0.80, 0.80, 0.00, 1.00, 0.95589, 0.0481, 0.95589, 0.0481, -0.5864, -0.02291, 0.8086, -35.68458, -11.87169, 137.74098
1175, 385, -34.4106, -8.32124, 141.58095, 142.53375, 0.80, 0.80, 0.00, 1.00, 0.92295, 0.00834, 0.92295, 0.00834, -0.95657, -0.21444, -0.19332, -34.4106, -8.32124, 141.58095
1176, 391, -39.13728, -6.94363, 142.44456, 143.39709, 0.80, 0.80, 0.00, 1.00, 0.87489, 0.00678, 0.87489, 0.00678, 0.51189, -0.00597, -0.85799, -39.13728, -6.94363, 142.44456
1177, 386, -37.69077, -12.16117, 142.97607, 143.92842, 0.80, 0.80, 0.00, 1.00, 0.89729, 0.04995, 0.89729, 0.04995, -0.0345, -0.30835, -0.94982, -37.69077, -12.16117, 142.97607
1178, 383, -37.11444, -7.75563, 142.73123, 143.68365, 0.80, 0.80, 0.00, 1.00, 0.89628, 0.0081, 0.89628, 0.0081, -0.25569, -0.15172, -0.95387, -37.11444, -7.75563, 142.73123
1179, 392, -39.7506, -11.23705, 142.50314, 143.45564, 0.80, 0.80, 0.00, 1.00, 0.87444, 0.04921, 0.87444, 0.04921, 0.76625, -0.10872, -0.6319, -39.7506, -11.23705, 142.50314
1180, 386, -37.69077, -12.16117, 142.97607, 143.92842, 0.80, 0.80, 0.00, 1.00, 0.89729, 0.04995, 0.89729, 0.04995, -0.0345, -0.30835, -0.94982, -37.69077, -12.16117, 142.97607
1181, 391, -39.13728, -6.94363, 142.44456, 143.39709, 0.80, 0.80, 0.00, 1.00, 0.87489, 0.00678, 0.87489, 0.00678, 0.51189, -0.00597, -0.85799, -39.13728, -6.94363, 142.44456
1182, 381, -39.66796, -6.88232, 139.58601, 140.53949, 0.80, 0.80, 0.00, 1.00, 0.85038, 0.00812, 0.85038, 0.00812, 0.96947, 0.20463, 0.12897, -39.66796, -6.88232, 139.58601
1183, 392, -39.7506, -11.23705, 142.50314, 143.45564, 0.80, 0.80, 0.00, 1.00, 0.87444, 0.04921, 0.87444, 0.04921, 0.76625, -0.10872, -0.6319, -39.7506, -11.23705, 142.50314
1184, 391, -39.13728, -6.94363, 142.44456, 143.39709, 0.80, 0.80, 0.00, 1.00, 0.87489, 0.00678, 0.87489, 0.00678, 0.51189, -0.00597, -0.85799, -39.13728, -6.94363, 142.44456
1185, 380, -40.22963, -10.83524, 139.65048, 140.60394, 0.80, 0.80, 0.00, 1.00, 0.84986, 0.04749, 0.84986, 0.04749, 0.93991, 0.24802, 0.23126, -40.22963, -10.83524, 139.65048
1186, 392, -39.7506, -11.23705, 142.50314, 143.45564, 0.80, 0.80, 0.00, 1.00, 0.87444, 0.04921, 0.87444, 0.04921, 0.76625, -0.10872, -0.6319, -39.7506, -11.23705, 142.50314
1187, 381, -39.66796, -6.88232, 139.58601, 140.53949, 0.80, 0.80, 0.00, 1.00, 0.85038, 0.00812, 0.85038, 0.00812, 0.96947, 0.20463, 0.12897, -39.66796, -6.88232, 139.58601
1188, 382, -38.73922, -11.16509, 137.71599, 138.67009, 0.80, 0.80, 0.00, 1.00, 0.81401, 0.04676, 0.81401, 0.04676, 0.74111, 0.36534, 0.562, -38.73922, -11.16509, 137.71599
1189, 393, -41.41133, -20.0421, 138.25731, 139.21123, 0.80, 0.80, 0.00, 1.00, 0.83237, 0.12965, 0.83237, 0.12965, 0.92461, 0.03833, 0.3764, -41.41133, -20.0421, 138.25731
1190, 380, -40.22963, -10.83524, 139.65048, 140.60394, 0.80, 0.80, 0.00, 1.00, 0.84986, 0.04749, 0.84986, 0.04749, 0.93991, 0.24802, 0.23126, -40.22963, -10.83524, 139.65048
1191, 394, -40.86943, -20.28121, 137.65138, 138.6055, 0.80, 0.80, 0.00, 1.00, 0.81382, 0.12904, 0.81382, 0.12904, 0.7625, 0.0423, 0.64399, -40.86943, -20.28121, 137.65138
1192, 393, -41.41133, -20.0421, 138.25731, 139.21123, 0.80, 0.80, 0.00, 1.00, 0.83237, 0.12965, 0.83237, 0.12965, 0.92461, 0.03833, 0.3764, -41.41133, -20.0421, 138.25731
1193, 382, -38.73922, -11.16509, 137.71599, 138.67009, 0.80, 0.80, 0.00, 1.00, 0.81401, 0.04676, 0.81401, 0.04676, 0.74111, 0.36534, 0.562, -38.73922, -11.16509, 137.71599
1194, 386, -37.69077, -12.16117, 142.97607, 143.92842, 0.80, 0.80, 0.00, 1.00, 0.89729, 0.04995, 0.89729, 0.04995, -0.0345, -0.30835, -0.94982, -37.69077, -12.16117, 142.97607
1195, 395, -38.75155, -20.15121, 139.39752, 140.35106, 0.80, 0.80, 0.00, 1.00, 0.92921, 0.13049, 0.92921, 0.13049, -0.68976, -0.42437, -0.58523, -38.75155, -20.15121, 139.39752
1196, 384, -35.0335, -12.66059, 141.62956, 142.58235, 0.80, 0.80, 0.00, 1.00, 0.92383, 0.04943, 0.92383, 0.04943, -0.83, -0.42909, -0.35448, -35.0335, -12.66059, 141.62956
1197, 396, -40.31145, -19.98363, 140.06361, 141.01694, 0.80, 0.80, 0.00, 1.00, 0.89311, 0.13102, 0.89311, 0.13102, -0.37839, -0.36295, -0.85045, -40.31145, -19.98363, 140.06361
1198, 395, -38.75155, -20.15121, 139.39752, 140.35106, 0.80, 0.80, 0.00, 1.00, 0.92921, 0.13049, 0.92921, 0.13049, -0.68976, -0.42437, -0.58523, -38.75155, -20.15121, 139.39752
1199, 397, -37.69077, -12.16117, 142.97607, 143.92842, 0.80, 0.80, 0.00, 1.00, 0.89732, 0.04996, 0.89732, 0.04996, -0.28344, -0.64372, -0.71018, -37.69077, -12.16117, 142.97607
1200, 390, -35.68458, -11.87169, 137.74098, 138.69507, 0.80, 0.80, 0.00, 1.00, 0.95589, 0.0481, 0.95589, 0.0481, -0.5864, -0.02291, 0.8086, -35.68458, -11.87169, 137.74098
1201, 398, -40.86943, -20.28121, 137.65138, 138.6055, 0.80, 0.80, 0.00, 1.00, 0.99048, 0.13054, 0.99048, 0.13054, 0.12131, -0.05044, 0.99025, -40.86943, -20.28121, 137.65138
1202, 388, -38.73922, -11.16509, 137.71599, 138.67009, 0.80, 0.80, 0.00, 1.00, 0.98858, 0.04646, 0.98858, 0.04646, 0.05136, 0.23452, 0.9699, -38.73922, -11.16509, 137.71599
1203, 399, -39.20503, -20.41261, 137.28535, 138.23959, 0.80, 0.80, 0.00, 1.00, 0.95856, 0.1299, 0.95856, 0.1299, -0.72144, -0.30782, 0.61897, -39.20503, -20.41261, 137.28535
1204, 398, -40.86943, -20.28121, 137.65138, 138.6055, 0.80, 0.80, 0.00, 1.00, 0.99048, 0.13054, 0.99048, 0.13054, 0.12131, -0.05044, 0.99025, -40.86943, -20.28121, 137.65138
1205, 390, -35.68458, -11.87169, 137.74098, 138.69507, 0.80, 0.80, 0.00, 1.00, 0.95589, 0.0481, 0.95589, 0.0481, -0.5864, -0.02291, 0.8086, -35.68458, -11.87169, 137.74098
1206, 384, -35.0335, -12.66059, 141.62956, 142.58235, 0.80, 0.80, 0.00, 1.00, 0.92383, 0.04943, 0.92383, 0.04943, -0.83, -0.42909, -0.35448, -35.0335, -12.66059, 141.62956
1207, 399, -39.20503, -20.41261, 137.28535, 138.23959, 0.80, 0.80, 0.00, 1.00, 0.95856, 0.1299, 0.95856, 0.1299, -0.72144, -0.30782, 0.61897, -39.20503, -20.41261, 137.28535
1208, 390, -35.68458, -11.87169, 137.74098, 138.69507, 0.80, 0.80, 0.00, 1.00, 0.95589, 0.0481, 0.95589, 0.0481, -0.5864, -0.02291, 0.8086, -35.68458, -11.87169, 137.74098
1209, 395, -38.75155, -20.15121, 139.39752, 140.35106, 0.80, 0.80, 0.00, 1.00, 0.92921, 0.13049, 0.92921, 0.13049, -0.68976, -0.42437, -0.58523, -38.75155, -20.15121, 139.39752
1210, 399, -39.20503, -20.41261, 137.28535, 138.23959, 0.80, 0.80, 0.00, 1.00, 0.95856, 0.1299, 0.95856, 0.1299, -0.72144, -0.30782, 0.61897, -39.20503, -20.41261, 137.28535
1211, 384, -35.0335, -12.66059, 141.62956, 142.58235, 0.80, 0.80, 0.00, 1.00, 0.92383, 0.04943, 0.92383, 0.04943, -0.83, -0.42909, -0.35448, -35.0335, -12.66059, 141.62956
1212, 392, -39.7506, -11.23705, 142.50314, 143.45564, 0.80, 0.80, 0.00, 1.00, 0.87444, 0.04921, 0.87444, 0.04921, 0.76625, -0.10872, -0.6319, -39.7506, -11.23705, 142.50314
1213, 400, -40.31145, -19.98363, 140.06361, 141.01694, 0.80, 0.80, 0.00, 1.00, 0.89315, 0.131, 0.89315, 0.131, 0.31327, -0.23086, -0.92017, -40.31145, -19.98363, 140.06361
1214, 386, -37.69077, -12.16117, 142.97607, 143.92842, 0.80, 0.80, 0.00, 1.00, 0.89729, 0.04995, 0.89729, 0.04995, -0.0345, -0.30835, -0.94982, -37.69077, -12.16117, 142.97607
1215, 401, -41.08543, -19.68521, 139.77136, 140.72476, 0.80, 0.80, 0.00, 1.00, 0.86425, 0.13012, 0.86425, 0.13012, 0.87147, -0.08577, -0.48107, -41.08543, -19.68521, 139.77136
1216, 400, -40.31145, -19.98363, 140.06361, 141.01694, 0.80, 0.80, 0.00, 1.00, 0.89315, 0.131, 0.89315, 0.131, 0.31327, -0.23086, -0.92017, -40.31145, -19.98363, 140.06361
1217, 392, -39.7506, -11.23705, 142.50314, 143.45564, 0.80, 0.80, 0.00, 1.00, 0.87444, 0.04921, 0.87444, 0.04921, 0.76625, -0.10872, -0.6319, -39.7506, -11.23705, 142.50314
1218, 380, -40.22963, -10.83524, 139.65048, 140.60394, 0.80, 0.80, 0.00, 1.00, 0.84986, 0.04749, 0.84986, 0.04749, 0.93991, 0.24802, 0.23126, -40.22963, -10.83524, 139.65048
1219, 401, -41.08543, -19.68521, 139.77136, 140.72476, 0.80, 0.80, 0.00, 1.00, 0.86425, 0.13012, 0.86425, 0.13012, 0.87147, -0.08577, -0.48107, -41.08543, -19.68521, 139.77136
1220, 392, -39.7506, -11.23705, 142.50314, 143.45564, 0.80, 0.80, 0.00, 1.00, 0.87444, 0.04921, 0.87444, 0.04921, 0.76625, -0.10872, -0.6319, -39.7506, -11.23705, 142.50314
1221, 393, -41.41133, -20.0421, 138.25731, 139.21123, 0.80, 0.80, 0.00, 1.00, 0.83237, 0.12965, 0.83237, 0.12965, 0.92461, 0.03833, 0.3764, -41.41133, -20.0421, 138.25731
1222, 401, -41.08543, -19.68521, 139.77136, 140.72476, 0.80, 0.80, 0.00, 1.00, 0.86425, 0.13012, 0.86425, 0.13012, 0.87147, -0.08577, -0.48107, -41.08543, -19.68521, 139.77136
1223, 380, -40.22963, -10.83524, 139.65048, 140.60394, 0.80, 0.80, 0.00, 1.00, 0.84986, 0.04749, 0.84986, 0.04749, 0.93991, 0.24802, 0.23126, -40.22963, -10.83524, 139.65048
1224, 402, -37.81551, 10.27021, 130.9192, 131.87556, 0.80, 0.80, 0.00, 1.00, 0.99013, 0.19746, 0.99013, 0.19746, 0.93389, 0.30713, -0.17887, -37.81551, 10.27021, 130.9192
1225, 403, -36.87239, 9.58744, 135.46317, 136.41801, 0.80, 0.80, 0.00, 1.00, 0.90, 0.24736, 0.90, 0.24736, 0.92801, 0.236, -0.28546, -36.87239, 9.58744, 135.46317
1226, 404, -36.27769, 14.14426, 134.5266, 135.48175, 0.80, 0.80, 0.00, 1.00, 0.87617, 0.20965, 0.87617, 0.20965, 0.46797, 0.62796, -0.62094, -36.27769, 14.14426, 134.5266
1227, 405, -37.92095, 6.32687, 133.44495, 134.40047, 0.80, 0.80, 0.00, 1.00, 0.99122, 0.2465, 0.99122, 0.2465, 0.94977, 0.20437, -0.23353, -37.92095, 6.32687, 133.44495
1228, 403, -36.87239, 9.58744, 135.46317, 136.41801, 0.80, 0.80, 0.00, 1.00, 0.90, 0.24736, 0.90, 0.24736, 0.92801, 0.236, -0.28546, -36.87239, 9.58744, 135.46317
1229, 402, -37.81551, 10.27021, 130.9192, 131.87556, 0.80, 0.80, 0.00, 1.00, 0.99013, 0.19746, 0.99013, 0.19746, 0.93389, 0.30713, -0.17887, -37.81551, 10.27021, 130.9192
1230, 402, -37.81551, 10.27021, 130.9192, 131.87556, 0.80, 0.80, 0.00, 1.00, 0.99013, 0.19746, 0.99013, 0.19746, 0.93389, 0.30713, -0.17887, -37.81551, 10.27021, 130.9192
1231, 404, -36.27769, 14.14426, 134.5266, 135.48175, 0.80, 0.80, 0.00, 1.00, 0.87617, 0.20965, 0.87617, 0.20965, 0.46797, 0.62796, -0.62094, -36.27769, 14.14426, 134.5266
1232, 406, -35.49223, 16.76833, 130.49527, 131.45178, 0.80, 0.80, 0.00, 1.00, 0.89775, 0.14833, 0.89775, 0.14833, 0.71046, 0.63833, -0.29459, -35.49223, 16.76833, 130.49527
1233, 402, -37.81551, 10.27021, 130.9192, 131.87556, 0.80, 0.80, 0.00, 1.00, 0.99013, 0.19746, 0.99013, 0.19746, 0.93389, 0.30713, -0.17887, -37.81551, 10.27021, 130.9192
1234, 406, -35.49223, 16.76833, 130.49527, 131.45178, 0.80, 0.80, 0.00, 1.00, 0.89775, 0.14833, 0.89775, 0.14833, 0.71046, 0.63833, -0.29459, -35.49223, 16.76833, 130.49527
1235, 407, -36.64701, 13.81499, 128.14584, 129.10312, 0.80, 0.80, 0.00, 1.00, 0.99046, 0.14853, 0.99046, 0.14853, 0.90007, 0.42144, -0.10443, -36.64701, 13.81499, 128.14584
1236, 408, -36.64701, 13.81499, 128.14584, 129.10312, 0.80, 0.80, 0.00, 1.00, 0.73217, 0.10346, 0.73217, 0.10346, 0.73961, 0.57534, 0.34778, -36.64701, 13.81499, 128.14584
1237, 409, -35.49223, 16.76833, 130.49527, 131.45178, 0.80, 0.80, 0.00, 1.00, 0.78808, 0.10212, 0.78808, 0.10212, 0.45353, 0.88488, -0.10469, -35.49223, 16.76833, 130.49527
1238, 410, -34.59345, 17.27032, 128.80365, 129.76071, 0.80, 0.80, 0.00, 1.00, 0.78005, 0.11705, 0.78005, 0.11705, 0.42363, 0.89696, 0.12551, -34.59345, 17.27032, 128.80365
1239, 408, -36.64701, 13.81499, 128.14584, 129.10312, 0.80, 0.80, 0.00, 1.00, 0.73217, 0.10346, 0.73217, 0.10346, 0.73961, 0.57534, 0.34778, -36.64701, 13.81499, 128.14584
1240, 410, -34.59345, 17.27032, 128.80365, 129.76071, 0.80, 0.80, 0.00, 1.00, 0.78005, 0.11705, 0.78005, 0.11705, 0.42363, 0.89696, 0.12551, -34.59345, 17.27032, 128.80365
1241, 411, -35.51845, 14.86847, 127.26691, 128.22449, 0.80, 0.80, 0.00, 1.00, 0.73853, 0.11711, 0.73853, 0.11711, 0.60388, 0.57783, 0.54813, -35.51845, 14.86847, 127.26691
1242, 412, -31.03371, 11.3244, 132.60524, 133.56104, 0.80, 0.80, 0.00, 1.00, 0.80945, 0.21055, 0.80945, 0.21055, -0.27409, 0.33715, -0.89976, -31.03371, 11.3244, 132.60524
1243, 413, -35.6963, 11.76785, 136.59637, 137.55084, 0.80, 0.80, 0.00, 1.00, 0.867, 0.24465, 0.867, 0.24465, 0.24373, 0.62218, -0.74318, -35.6963, 11.76785, 136.59637
1244, 414, -31.56423, 10.2737, 135.72037, 136.67513, 0.80, 0.80, 0.00, 1.00, 0.80765, 0.24557, 0.80765, 0.24557, -0.87638, 0.2662, -0.39925, -31.56423, 10.2737, 135.72037
1245, 404, -36.27769, 14.14426, 134.5266, 135.48175, 0.80, 0.80, 0.00, 1.00, 0.87617, 0.20965, 0.87617, 0.20965, 0.46797, 0.62796, -0.62094, -36.27769, 14.14426, 134.5266
1246, 413, -35.6963, 11.76785, 136.59637, 137.55084, 0.80, 0.80, 0.00, 1.00, 0.867, 0.24465, 0.867, 0.24465, 0.24373, 0.62218, -0.74318, -35.6963, 11.76785, 136.59637
1247, 412, -31.03371, 11.3244, 132.60524, 133.56104, 0.80, 0.80, 0.00, 1.00, 0.80945, 0.21055, 0.80945, 0.21055, -0.27409, 0.33715, -0.89976, -31.03371, 11.3244, 132.60524
1248, 415, -31.80362, 4.06229, 128.30923, 129.26646, 0.80, 0.80, 0.00, 1.00, 0.71846, 0.24832, 0.71846, 0.24832, 0.0373, -0.1727, 0.98339, -31.80362, 4.06229, 128.30923
1249, 416, -37.92095, 6.32687, 133.44495, 134.40047, 0.80, 0.80, 0.00, 1.00, 0.61898, 0.24905, 0.61898, 0.24905, 0.62552, -0.46696, 0.62383, -37.92095, 6.32687, 133.44495
1250, 417, -34.43156, 5.97626, 129.71031, 130.66708, 0.80, 0.80, 0.00, 1.00, 0.70424, 0.21431, 0.70424, 0.21431, 0.66301, -0.46923, 0.58202, -34.43156, 5.97626, 129.71031
1251, 416, -37.92095, 6.32687, 133.44495, 134.40047, 0.80, 0.80, 0.00, 1.00, 0.61898, 0.24905, 0.61898, 0.24905, 0.62552, -0.46696, 0.62383, -37.92095, 6.32687, 133.44495
1252, 418, -37.81551, 10.27021, 130.9192, 131.87556, 0.80, 0.80, 0.00, 1.00, 0.61758, 0.20001, 0.61758, 0.20001, 0.65186, -0.34287, 0.67519, -37.81551, 10.27021, 130.9192
1253, 417, -34.43156, 5.97626, 129.71031, 130.66708, 0.80, 0.80, 0.00, 1.00, 0.70424, 0.21431, 0.70424, 0.21431, 0.66301, -0.46923, 0.58202, -34.43156, 5.97626, 129.71031
1254, 419, -31.87128, 17.34882, 130.05858, 131.01523, 0.80, 0.80, 0.00, 1.00, 0.81012, 0.14623, 0.81012, 0.14623, -0.12515, 0.72414, -0.67747, -31.87128, 17.34882, 130.05858
1255, 404, -36.27769, 14.14426, 134.5266, 135.48175, 0.80, 0.80, 0.00, 1.00, 0.87617, 0.20965, 0.87617, 0.20965, 0.46797, 0.62796, -0.62094, -36.27769, 14.14426, 134.5266
1256, 412, -31.03371, 11.3244, 132.60524, 133.56104, 0.80, 0.80, 0.00, 1.00, 0.80945, 0.21055, 0.80945, 0.21055, -0.27409, 0.33715, -0.89976, -31.03371, 11.3244, 132.60524
1257, 406, -35.49223, 16.76833, 130.49527, 131.45178, 0.80, 0.80, 0.00, 1.00, 0.89775, 0.14833, 0.89775, 0.14833, 0.71046, 0.63833, -0.29459, -35.49223, 16.76833, 130.49527
1258, 404, -36.27769, 14.14426, 134.5266, 135.48175, 0.80, 0.80, 0.00, 1.00, 0.87617, 0.20965, 0.87617, 0.20965, 0.46797, 0.62796, -0.62094, -36.27769, 14.14426, 134.5266
1259, 419, -31.87128, 17.34882, 130.05858, 131.01523, 0.80, 0.80, 0.00, 1.00, 0.81012, 0.14623, 0.81012, 0.14623, -0.12515, 0.72414, -0.67747, -31.87128, 17.34882, 130.05858
1260, 417, -34.43156, 5.97626, 129.71031, 130.66708, 0.80, 0.80, 0.00, 1.00, 0.70424, 0.21431, 0.70424, 0.21431, 0.66301, -0.46923, 0.58202, -34.43156, 5.97626, 129.71031
1261, 420, -36.64701, 13.81499, 128.14584, 129.10312, 0.80, 0.80, 0.00, 1.00, 0.61774, 0.14789, 0.61774, 0.14789, 0.74348, -0.33181, 0.57921, -36.64701, 13.81499, 128.14584
1262, 421, -34.4241, 11.12474, 125.51683, 126.47499, 0.80, 0.80, 0.00, 1.00, 0.69579, 0.14495, 0.69579, 0.14495, 0.8296, -0.34838, 0.43447, -34.4241, 11.12474, 125.51683
1263, 418, -37.81551, 10.27021, 130.9192, 131.87556, 0.80, 0.80, 0.00, 1.00, 0.61758, 0.20001, 0.61758, 0.20001, 0.65186, -0.34287, 0.67519, -37.81551, 10.27021, 130.9192
1264, 420, -36.64701, 13.81499, 128.14584, 129.10312, 0.80, 0.80, 0.00, 1.00, 0.61774, 0.14789, 0.61774, 0.14789, 0.74348, -0.33181, 0.57921, -36.64701, 13.81499, 128.14584
1265, 417, -34.43156, 5.97626, 129.71031, 130.66708, 0.80, 0.80, 0.00, 1.00, 0.70424, 0.21431, 0.70424, 0.21431, 0.66301, -0.46923, 0.58202, -34.43156, 5.97626, 129.71031
1266, 422, -32.34497, 17.72966, 128.00749, 128.96483, 0.80, 0.80, 0.00, 1.00, 0.7888, 0.14547, 0.7888, 0.14547, 0.23628, 0.96684, 0.09661, -32.34497, 17.72966, 128.00749
1267, 410, -34.59345, 17.27032, 128.80365, 129.76071, 0.80, 0.80, 0.00, 1.00, 0.78005, 0.11705, 0.78005, 0.11705, 0.42363, 0.89696, 0.12551, -34.59345, 17.27032, 128.80365
1268, 423, -31.87128, 17.34882, 130.05858, 131.01523, 0.80, 0.80, 0.00, 1.00, 0.80958, 0.14557, 0.80958, 0.14557, 0.09618, 0.94359, -0.31639, -31.87128, 17.34882, 130.05858
1269, 410, -34.59345, 17.27032, 128.80365, 129.76071, 0.80, 0.80, 0.00, 1.00, 0.78005, 0.11705, 0.78005, 0.11705, 0.42363, 0.89696, 0.12551, -34.59345, 17.27032, 128.80365
1270, 409, -35.49223, 16.76833, 130.49527, 131.45178, 0.80, 0.80, 0.00, 1.00, 0.78808, 0.10212, 0.78808, 0.10212, 0.45353, 0.88488, -0.10469, -35.49223, 16.76833, 130.49527
1271, 423, -31.87128, 17.34882, 130.05858, 131.01523, 0.80, 0.80, 0.00, 1.00, 0.80958, 0.14557, 0.80958, 0.14557, 0.09618, 0.94359, -0.31639, -31.87128, 17.34882, 130.05858
1272, 424, -33.65486, 14.32981, 125.82233, 126.78038, 0.80, 0.80, 0.00, 1.00, 0.72992, 0.14557, 0.72992, 0.14557, 0.42286, 0.69334, 0.58288, -33.65486, 14.32981, 125.82233
1273, 410, -34.59345, 17.27032, 128.80365, 129.76071, 0.80, 0.80, 0.00, 1.00, 0.78005, 0.11705, 0.78005, 0.11705, 0.42363, 0.89696, 0.12551, -34.59345, 17.27032, 128.80365
1274, 422, -32.34497, 17.72966, 128.00749, 128.96483, 0.80, 0.80, 0.00, 1.00, 0.7888, 0.14547, 0.7888, 0.14547, 0.23628, 0.96684, 0.09661, -32.34497, 17.72966, 128.00749
1275, 411, -35.51845, 14.86847, 127.26691, 128.22449, 0.80, 0.80, 0.00, 1.00, 0.73853, 0.11711, 0.73853, 0.11711, 0.60388, 0.57783, 0.54813, -35.51845, 14.86847, 127.26691
1276, 410, -34.59345, 17.27032, 128.80365, 129.76071, 0.80, 0.80, 0.00, 1.00, 0.78005, 0.11705, 0.78005, 0.11705, 0.42363, 0.89696, 0.12551, -34.59345, 17.27032, 128.80365
1277, 424, -33.65486, 14.32981, 125.82233, 126.78038, 0.80, 0.80, 0.00, 1.00, 0.72992, 0.14557, 0.72992, 0.14557, 0.42286, 0.69334, 0.58288, -33.65486, 14.32981, 125.82233
1278, 425, -34.4241, 11.12474, 125.51683, 126.47499, 0.80, 0.80, 0.00, 1.00, 0.69529, 0.14565, 0.69529, 0.14565, 0.62772, 0.35188, 0.69336, -34.4241, 11.12474, 125.51683
1279, 411, -35.51845, 14.86847, 127.26691, 128.22449, 0.80, 0.80, 0.00, 1.00, 0.73853, 0.11711, 0.73853, 0.11711, 0.60388, 0.57783, 0.54813, -35.51845, 14.86847, 127.26691
1280, 424, -33.65486, 14.32981, 125.82233, 126.78038, 0.80, 0.80, 0.00, 1.00, 0.72992, 0.14557, 0.72992, 0.14557, 0.42286, 0.69334, 0.58288, -33.65486, 14.32981, 125.82233
1281, 408, -36.64701, 13.81499, 128.14584, 129.10312, 0.80, 0.80, 0.00, 1.00, 0.73217, 0.10346, 0.73217, 0.10346, 0.73961, 0.57534, 0.34778, -36.64701, 13.81499, 128.14584
1282, 411, -35.51845, 14.86847, 127.26691, 128.22449, 0.80, 0.80, 0.00, 1.00, 0.73853, 0.11711, 0.73853, 0.11711, 0.60388, 0.57783, 0.54813, -35.51845, 14.86847, 127.26691
1283, 425, -34.4241, 11.12474, 125.51683, 126.47499, 0.80, 0.80, 0.00, 1.00, 0.69529, 0.14565, 0.69529, 0.14565, 0.62772, 0.35188, 0.69336, -34.4241, 11.12474, 125.51683
1284, 415, -31.80362, 4.06229, 128.30923, 129.26646, 0.80, 0.80, 0.00, 1.00, 0.71846, 0.24832, 0.71846, 0.24832, 0.0373, -0.1727, 0.98339, -31.80362, 4.06229, 128.30923
1285, 426, -36.56787, 0.62469, 134.922, 135.87701, 0.80, 0.80, 0.00, 1.00, 0.66835, 0.29778, 0.66835, 0.29778, 0.59427, -0.48218, 0.64255, -36.56787, 0.62469, 134.922
1286, 416, -37.92095, 6.32687, 133.44495, 134.40047, 0.80, 0.80, 0.00, 1.00, 0.61898, 0.24905, 0.61898, 0.24905, 0.62552, -0.46696, 0.62383, -37.92095, 6.32687, 133.44495
1287, 427, -33.74801, -1.04096, 135.52129, 136.47612, 0.80, 0.80, 0.00, 1.00, 0.70995, 0.31396, 0.70995, 0.31396, -0.48966, -0.64233, 0.5887, -33.74801, -1.04096, 135.52129
1288, 426, -36.56787, 0.62469, 134.922, 135.87701, 0.80, 0.80, 0.00, 1.00, 0.66835, 0.29778, 0.66835, 0.29778, 0.59427, -0.48218, 0.64255, -36.56787, 0.62469, 134.922
1289, 415, -31.80362, 4.06229, 128.30923, 129.26646, 0.80, 0.80, 0.00, 1.00, 0.71846, 0.24832, 0.71846, 0.24832, 0.0373, -0.1727, 0.98339, -31.80362, 4.06229, 128.30923
1290, 414, -31.56423, 10.2737, 135.72037, 136.67513, 0.80, 0.80, 0.00, 1.00, 0.80765, 0.24557, 0.80765, 0.24557, -0.87638, 0.2662, -0.39925, -31.56423, 10.2737, 135.72037
1291, 427, -33.74801, -1.04096, 135.52129, 136.47612, 0.80, 0.80, 0.00, 1.00, 0.70995, 0.31396, 0.70995, 0.31396, -0.48966, -0.64233, 0.5887, -33.74801, -1.04096, 135.52129
1292, 415, -31.80362, 4.06229, 128.30923, 129.26646, 0.80, 0.80, 0.00, 1.00, 0.71846, 0.24832, 0.71846, 0.24832, 0.0373, -0.1727, 0.98339, -31.80362, 4.06229, 128.30923
1293, 428, -32.11422, 4.38171, 138.75322, 139.70697, 0.80, 0.80, 0.00, 1.00, 0.79836, 0.31124, 0.79836, 0.31124, -0.96703, -0.24967, 0.03063, -32.11422, 4.38171, 138.75322
1294, 427, -33.74801, -1.04096, 135.52129, 136.47612, 0.80, 0.80, 0.00, 1.00, 0.70995, 0.31396, 0.70995, 0.31396, -0.48966, -0.64233, 0.5887, -33.74801, -1.04096, 135.52129
1295, 414, -31.56423, 10.2737, 135.72037, 136.67513, 0.80, 0.80, 0.00, 1.00, 0.80765, 0.24557, 0.80765, 0.24557, -0.87638, 0.2662, -0.39925, -31.56423, 10.2737, 135.72037
1296, 413, -35.6963, 11.76785, 136.59637, 137.55084, 0.80, 0.80, 0.00, 1.00, 0.867, 0.24465, 0.867, 0.24465, 0.24373, 0.62218, -0.74318, -35.6963, 11.76785, 136.59637
1297, 429, -34.73674, 7.90184, 139.82826, 140.78166, 0.80, 0.80, 0.00, 1.00, 0.85923, 0.2996, 0.85923, 0.2996, -0.12979, 0.50817, -0.85058, -34.73674, 7.90184, 139.82826
1298, 414, -31.56423, 10.2737, 135.72037, 136.67513, 0.80, 0.80, 0.00, 1.00, 0.80765, 0.24557, 0.80765, 0.24557, -0.87638, 0.2662, -0.39925, -31.56423, 10.2737, 135.72037
1299, 430, -36.99996, 5.93658, 139.66924, 140.62268, 0.80, 0.80, 0.00, 1.00, 0.90049, 0.31033, 0.90049, 0.31033, 0.69764, 0.40846, -0.58735, -36.99996, 5.93658, 139.66924
1300, 429, -34.73674, 7.90184, 139.82826, 140.78166, 0.80, 0.80, 0.00, 1.00, 0.85923, 0.2996, 0.85923, 0.2996, -0.12979, 0.50817, -0.85058, -34.73674, 7.90184, 139.82826
1301, 413, -35.6963, 11.76785, 136.59637, 137.55084, 0.80, 0.80, 0.00, 1.00, 0.867, 0.24465, 0.867, 0.24465, 0.24373, 0.62218, -0.74318, -35.6963, 11.76785, 136.59637
1302, 403, -36.87239, 9.58744, 135.46317, 136.41801, 0.80, 0.80, 0.00, 1.00, 0.90, 0.24736, 0.90, 0.24736, 0.92801, 0.236, -0.28546, -36.87239, 9.58744, 135.46317
1303, 405, -37.92095, 6.32687, 133.44495, 134.40047, 0.80, 0.80, 0.00, 1.00, 0.99122, 0.2465, 0.99122, 0.2465, 0.94977, 0.20437, -0.23353, -37.92095, 6.32687, 133.44495
1304, 431, -38.04401, 1.89606, 137.42418, 138.37837, 0.80, 0.80, 0.00, 1.00, 0.98934, 0.31183, 0.98934, 0.31183, 0.95555, 0.15709, -0.24611, -38.04401, 1.89606, 137.42418
1305, 431, -38.04401, 1.89606, 137.42418, 138.37837, 0.80, 0.80, 0.00, 1.00, 0.98934, 0.31183, 0.98934, 0.31183, 0.95555, 0.15709, -0.24611, -38.04401, 1.89606, 137.42418
1306, 430, -36.99996, 5.93658, 139.66924, 140.62268, 0.80, 0.80, 0.00, 1.00, 0.90049, 0.31033, 0.90049, 0.31033, 0.69764, 0.40846, -0.58735, -36.99996, 5.93658, 139.66924
1307, 403, -36.87239, 9.58744, 135.46317, 136.41801, 0.80, 0.80, 0.00, 1.00, 0.90, 0.24736, 0.90, 0.24736, 0.92801, 0.236, -0.28546, -36.87239, 9.58744, 135.46317
1308, 416, -37.92095, 6.32687, 133.44495, 134.40047, 0.80, 0.80, 0.00, 1.00, 0.61898, 0.24905, 0.61898, 0.24905, 0.62552, -0.46696, 0.62383, -37.92095, 6.32687, 133.44495
1309, 426, -36.56787, 0.62469, 134.922, 135.87701, 0.80, 0.80, 0.00, 1.00, 0.66835, 0.29778, 0.66835, 0.29778, 0.59427, -0.48218, 0.64255, -36.56787, 0.62469, 134.922
1310, 432, -38.04401, 1.89606, 137.42418, 138.37837, 0.80, 0.80, 0.00, 1.00, 0.61655, 0.31439, 0.61655, 0.31439, 0.8569, -0.31195, 0.40835, -38.04401, 1.89606, 137.42418
1311, 414, -31.56423, 10.2737, 135.72037, 136.67513, 0.80, 0.80, 0.00, 1.00, 0.80765, 0.24557, 0.80765, 0.24557, -0.87638, 0.2662, -0.39925, -31.56423, 10.2737, 135.72037
1312, 429, -34.73674, 7.90184, 139.82826, 140.78166, 0.80, 0.80, 0.00, 1.00, 0.85923, 0.2996, 0.85923, 0.2996, -0.12979, 0.50817, -0.85058, -34.73674, 7.90184, 139.82826
1313, 433, -32.53043, 2.83378, 140.73888, 141.69196, 0.80, 0.80, 0.00, 1.00, 0.80882, 0.34002, 0.80882, 0.34002, -0.94177, 0.2637, -0.20457, -32.53043, 2.83378, 140.73888
1314, 426, -36.56787, 0.62469, 134.922, 135.87701, 0.80, 0.80, 0.00, 1.00, 0.66835, 0.29778, 0.66835, 0.29778, 0.59427, -0.48218, 0.64255, -36.56787, 0.62469, 134.922
1315, 434, -37.96382, -0.31611, 138.83061, 139.78433, 0.80, 0.80, 0.00, 1.00, 0.61687, 0.34162, 0.61687, 0.34162, 0.81308, -0.38961, 0.43072, -37.96382, -0.31611, 138.83061
1316, 432, -38.04401, 1.89606, 137.42418, 138.37837, 0.80, 0.80, 0.00, 1.00, 0.61655, 0.31439, 0.61655, 0.31439, 0.8569, -0.31195, 0.40835, -38.04401, 1.89606, 137.42418
1317, 435, -36.76485, -1.79466, 138.01804, 138.97203, 0.80, 0.80, 0.00, 1.00, 0.66031, 0.3427, 0.66031, 0.3427, 0.42839, -0.54451, 0.72014, -36.76485, -1.79466, 138.01804
1318, 434, -37.96382, -0.31611, 138.83061, 139.78433, 0.80, 0.80, 0.00, 1.00, 0.61687, 0.34162, 0.61687, 0.34162, 0.81308, -0.38961, 0.43072, -37.96382, -0.31611, 138.83061
1319, 426, -36.56787, 0.62469, 134.922, 135.87701, 0.80, 0.80, 0.00, 1.00, 0.66835, 0.29778, 0.66835, 0.29778, 0.59427, -0.48218, 0.64255, -36.56787, 0.62469, 134.922
1320, 414, -31.56423, 10.2737, 135.72037, 136.67513, 0.80, 0.80, 0.00, 1.00, 0.80765, 0.24557, 0.80765, 0.24557, -0.87638, 0.2662, -0.39925, -31.56423, 10.2737, 135.72037
1321, 433, -32.53043, 2.83378, 140.73888, 141.69196, 0.80, 0.80, 0.00, 1.00, 0.80882, 0.34002, 0.80882, 0.34002, -0.94177, 0.2637, -0.20457, -32.53043, 2.83378, 140.73888
1322, 428, -32.11422, 4.38171, 138.75322, 139.70697, 0.80, 0.80, 0.00, 1.00, 0.79836, 0.31124, 0.79836, 0.31124, -0.96703, -0.24967, 0.03063, -32.11422, 4.38171, 138.75322
1323, 436, -34.79322, 4.09476, 141.65326, 142.60603, 0.80, 0.80, 0.00, 1.00, 0.85691, 0.34094, 0.85691, 0.34094, -0.17552, 0.71408, -0.67695, -34.79322, 4.09476, 141.65326
1324, 433, -32.53043, 2.83378, 140.73888, 141.69196, 0.80, 0.80, 0.00, 1.00, 0.80882, 0.34002, 0.80882, 0.34002, -0.94177, 0.2637, -0.20457, -32.53043, 2.83378, 140.73888
1325, 429, -34.73674, 7.90184, 139.82826, 140.78166, 0.80, 0.80, 0.00, 1.00, 0.85923, 0.2996, 0.85923, 0.2996, -0.12979, 0.50817, -0.85058, -34.73674, 7.90184, 139.82826
1326, 427, -33.74801, -1.04096, 135.52129, 136.47612, 0.80, 0.80, 0.00, 1.00, 0.70995, 0.31396, 0.70995, 0.31396, -0.48966, -0.64233, 0.5887, -33.74801, -1.04096, 135.52129
1327, 435, -36.76485, -1.79466, 138.01804, 138.97203, 0.80, 0.80, 0.00, 1.00, 0.66031, 0.3427, 0.66031, 0.3427, 0.42839, -0.54451, 0.72014, -36.76485, -1.79466, 138.01804
1328, 426, -36.56787, 0.62469, 134.922, 135.87701, 0.80, 0.80, 0.00, 1.00, 0.66835, 0.29778, 0.66835, 0.29778, 0.59427, -0.48218, 0.64255, -36.56787, 0.62469, 134.922
1329, 437, -34.2612, -2.48079, 137.42894, 138.38313, 0.80, 0.80, 0.00, 1.00, 0.70581, 0.34132, 0.70581, 0.34132, -0.47897, -0.41358, 0.77333, -34.2612, -2.48079, 137.42894
1330, 435, -36.76485, -1.79466, 138.01804, 138.97203, 0.80, 0.80, 0.00, 1.00, 0.66031, 0.3427, 0.66031, 0.3427, 0.42839, -0.54451, 0.72014, -36.76485, -1.79466, 138.01804
1331, 427, -33.74801, -1.04096, 135.52129, 136.47612, 0.80, 0.80, 0.00, 1.00, 0.70995, 0.31396, 0.70995, 0.31396, -0.48966, -0.64233, 0.5887, -33.74801, -1.04096, 135.52129
1332, 428, -32.11422, 4.38171, 138.75322, 139.70697, 0.80, 0.80, 0.00, 1.00, 0.79836, 0.31124, 0.79836, 0.31124, -0.96703, -0.24967, 0.03063, -32.11422, 4.38171, 138.75322
1333, 437, -34.2612, -2.48079, 137.42894, 138.38313, 0.80, 0.80, 0.00, 1.00, 0.70581, 0.34132, 0.70581, 0.34132, -0.47897, -0.41358, 0.77333, -34.2612, -2.48079, 137.42894
1334, 427, -33.74801, -1.04096, 135.52129, 136.47612, 0.80, 0.80, 0.00, 1.00, 0.70995, 0.31396, 0.70995, 0.31396, -0.48966, -0.64233, 0.5887, -33.74801, -1.04096, 135.52129
1335, 433, -32.53043, 2.83378, 140.73888, 141.69196, 0.80, 0.80, 0.00, 1.00, 0.80882, 0.34002, 0.80882, 0.34002, -0.94177, 0.2637, -0.20457, -32.53043, 2.83378, 140.73888
1336, 437, -34.2612, -2.48079, 137.42894, 138.38313, 0.80, 0.80, 0.00, 1.00, 0.70581, 0.34132, 0.70581, 0.34132, -0.47897, -0.41358, 0.77333, -34.2612, -2.48079, 137.42894
1337, 428, -32.11422, 4.38171, 138.75322, 139.70697, 0.80, 0.80, 0.00, 1.00, 0.79836, 0.31124, 0.79836, 0.31124, -0.96703, -0.24967, 0.03063, -32.11422, 4.38171, 138.75322
1338, 430, -36.99996, 5.93658, 139.66924, 140.62268, 0.80, 0.80, 0.00, 1.00, 0.90049, 0.31033, 0.90049, 0.31033, 0.69764, 0.40846, -0.58735, -36.99996, 5.93658, 139.66924
1339, 436, -34.79322, 4.09476, 141.65326, 142.60603, 0.80, 0.80, 0.00, 1.00, 0.85691, 0.34094, 0.85691, 0.34094, -0.17552, 0.71408, -0.67695, -34.79322, 4.09476, 141.65326
1340, 429, -34.73674, 7.90184, 139.82826, 140.78166, 0.80, 0.80, 0.00, 1.00, 0.85923, 0.2996, 0.85923, 0.2996, -0.12979, 0.50817, -0.85058, -34.73674, 7.90184, 139.82826
1341, 438, -36.57992, 4.02002, 141.41173, 142.36459, 0.80, 0.80, 0.00, 1.00, 0.89202, 0.33907, 0.89202, 0.33907, 0.61722, 0.65721, -0.43142, -36.57992, 4.02002, 141.41173
1342, 436, -34.79322, 4.09476, 141.65326, 142.60603, 0.80, 0.80, 0.00, 1.00, 0.85691, 0.34094, 0.85691, 0.34094, -0.17552, 0.71408, -0.67695, -34.79322, 4.09476, 141.65326
1343, 430, -36.99996, 5.93658, 139.66924, 140.62268, 0.80, 0.80, 0.00, 1.00, 0.90049, 0.31033, 0.90049, 0.31033, 0.69764, 0.40846, -0.58735, -36.99996, 5.93658, 139.66924
1344, 431, -38.04401, 1.89606, 137.42418, 138.37837, 0.80, 0.80, 0.00, 1.00, 0.98934, 0.31183, 0.98934, 0.31183, 0.95555, 0.15709, -0.24611, -38.04401, 1.89606, 137.42418
1345, 438, -36.57992, 4.02002, 141.41173, 142.36459, 0.80, 0.80, 0.00, 1.00, 0.89202, 0.33907, 0.89202, 0.33907, 0.61722, 0.65721, -0.43142, -36.57992, 4.02002, 141.41173
1346, 430, -36.99996, 5.93658, 139.66924, 140.62268, 0.80, 0.80, 0.00, 1.00, 0.90049, 0.31033, 0.90049, 0.31033, 0.69764, 0.40846, -0.58735, -36.99996, 5.93658, 139.66924
1347, 439, -37.96382, -0.31611, 138.83061, 139.78433, 0.80, 0.80, 0.00, 1.00, 0.9901, 0.33906, 0.9901, 0.33906, 0.89918, 0.43598, -0.00754, -37.96382, -0.31611, 138.83061
1348, 438, -36.57992, 4.02002, 141.41173, 142.36459, 0.80, 0.80, 0.00, 1.00, 0.89202, 0.33907, 0.89202, 0.33907, 0.61722, 0.65721, -0.43142, -36.57992, 4.02002, 141.41173
1349, 431, -38.04401, 1.89606, 137.42418, 138.37837, 0.80, 0.80, 0.00, 1.00, 0.98934, 0.31183, 0.98934, 0.31183, 0.95555, 0.15709, -0.24611, -38.04401, 1.89606, 137.42418
1350, 440, -36.76485, -1.79466, 138.01804, 138.97203, 0.80, 0.80, 0.00, 1.00, 0.66051, 0.34334, 0.66051, 0.34334, 0.69596, -0.03221, 0.71615, -36.76485, -1.79466, 138.01804
1351, 441, -38.89702, -1.14435, 139.33734, 140.29091, 0.80, 0.80, 0.00, 1.00, 0.61703, 0.36159, 0.61703, 0.36159, 0.60228, 0.53723, 0.58949, -38.89702, -1.14435, 139.33734
1352, 442, -37.96382, -0.31611, 138.83061, 139.78433, 0.80, 0.80, 0.00, 1.00, 0.61691, 0.34226, 0.61691, 0.34226, 0.68931, -0.10967, 0.7149, -37.96382, -0.31611, 138.83061
1353, 443, -37.00692, -1.8743, 137.21928, 138.17354, 0.80, 0.80, 0.00, 1.00, 0.66085, 0.3621, 0.66085, 0.3621, 0.63347, 0.43702, 0.6375, -37.00692, -1.8743, 137.21928
1354, 441, -38.89702, -1.14435, 139.33734, 140.29091, 0.80, 0.80, 0.00, 1.00, 0.61703, 0.36159, 0.61703, 0.36159, 0.60228, 0.53723, 0.58949, -38.89702, -1.14435, 139.33734
1355, 440, -36.76485, -1.79466, 138.01804, 138.97203, 0.80, 0.80, 0.00, 1.00, 0.66051, 0.34334, 0.66051, 0.34334, 0.69596, -0.03221, 0.71615, -36.76485, -1.79466, 138.01804
1356, 436, -34.79322, 4.09476, 141.65326, 142.60603, 0.80, 0.80, 0.00, 1.00, 0.85691, 0.34094, 0.85691, 0.34094, -0.17552, 0.71408, -0.67695, -34.79322, 4.09476, 141.65326
1357, 444, -32.21535, -2.4753, 142.91525, 143.86761, 0.80, 0.80, 0.00, 1.00, 0.80364, 0.35882, 0.80364, 0.35882, -0.90851, -0.12373, -0.39699, -32.21535, -2.4753, 142.91525
1358, 433, -32.53043, 2.83378, 140.73888, 141.69196, 0.80, 0.80, 0.00, 1.00, 0.80882, 0.34002, 0.80882, 0.34002, -0.94177, 0.2637, -0.20457, -32.53043, 2.83378, 140.73888
1359, 445, -35.23859, -1.73771, 144.62234, 145.57414, 0.80, 0.80, 0.00, 1.00, 0.85733, 0.35974, 0.85733, 0.35974, -0.14282, -0.11948, -0.98162, -35.23859, -1.73771, 144.62234
1360, 444, -32.21535, -2.4753, 142.91525, 143.86761, 0.80, 0.80, 0.00, 1.00, 0.80364, 0.35882, 0.80364, 0.35882, -0.90851, -0.12373, -0.39699, -32.21535, -2.4753, 142.91525
1361, 436, -34.79322, 4.09476, 141.65326, 142.60603, 0.80, 0.80, 0.00, 1.00, 0.85691, 0.34094, 0.85691, 0.34094, -0.17552, 0.71408, -0.67695, -34.79322, 4.09476, 141.65326
1362, 437, -34.2612, -2.48079, 137.42894, 138.38313, 0.80, 0.80, 0.00, 1.00, 0.70581, 0.34132, 0.70581, 0.34132, -0.47897, -0.41358, 0.77333, -34.2612, -2.48079, 137.42894
1363, 446, -37.00692, -1.8743, 137.21928, 138.17354, 0.80, 0.80, 0.00, 1.00, 0.66065, 0.36146, 0.66065, 0.36146, 0.05064, 0.40352, 0.91278, -37.00692, -1.8743, 137.21928
1364, 435, -36.76485, -1.79466, 138.01804, 138.97203, 0.80, 0.80, 0.00, 1.00, 0.66031, 0.3427, 0.66031, 0.3427, 0.42839, -0.54451, 0.72014, -36.76485, -1.79466, 138.01804
1365, 447, -33.49106, -2.60267, 137.08154, 138.03586, 0.80, 0.80, 0.00, 1.00, 0.7111, 0.3601, 0.7111, 0.3601, -0.58115, 0.24902, 0.77369, -33.49106, -2.60267, 137.08154
1366, 446, -37.00692, -1.8743, 137.21928, 138.17354, 0.80, 0.80, 0.00, 1.00, 0.66065, 0.36146, 0.66065, 0.36146, 0.05064, 0.40352, 0.91278, -37.00692, -1.8743, 137.21928
1367, 437, -34.2612, -2.48079, 137.42894, 138.38313, 0.80, 0.80, 0.00, 1.00, 0.70581, 0.34132, 0.70581, 0.34132, -0.47897, -0.41358, 0.77333, -34.2612, -2.48079, 137.42894
1368, 433, -32.53043, 2.83378, 140.73888, 141.69196, 0.80, 0.80, 0.00, 1.00, 0.80882, 0.34002, 0.80882, 0.34002, -0.94177, 0.2637, -0.20457, -32.53043, 2.83378, 140.73888
1369, 447, -33.49106, -2.60267, 137.08154, 138.03586, 0.80, 0.80, 0.00, 1.00, 0.7111, 0.3601, 0.7111, 0.3601, -0.58115, 0.24902, 0.77369, -33.49106, -2.60267, 137.08154
1370, 437, -34.2612, -2.48079, 137.42894, 138.38313, 0.80, 0.80, 0.00, 1.00, 0.70581, 0.34132, 0.70581, 0.34132, -0.47897, -0.41358, 0.77333, -34.2612, -2.48079, 137.42894
1371, 444, -32.21535, -2.4753, 142.91525, 143.86761, 0.80, 0.80, 0.00, 1.00, 0.80364, 0.35882, 0.80364, 0.35882, -0.90851, -0.12373, -0.39699, -32.21535, -2.4753, 142.91525
1372, 447, -33.49106, -2.60267, 137.08154, 138.03586, 0.80, 0.80, 0.00, 1.00, 0.7111, 0.3601, 0.7111, 0.3601, -0.58115, 0.24902, 0.77369, -33.49106, -2.60267, 137.08154
1373, 433, -32.53043, 2.83378, 140.73888, 141.69196, 0.80, 0.80, 0.00, 1.00, 0.80882, 0.34002, 0.80882, 0.34002, -0.94177, 0.2637, -0.20457, -32.53043, 2.83378, 140.73888
1374, 438, -36.57992, 4.02002, 141.41173, 142.36459, 0.80, 0.80, 0.00, 1.00, 0.89202, 0.33907, 0.89202, 0.33907, 0.61722, 0.65721, -0.43142, -36.57992, 4.02002, 141.41173
1375, 445, -35.23859, -1.73771, 144.62234, 145.57414, 0.80, 0.80, 0.00, 1.00, 0.85733, 0.35974, 0.85733, 0.35974, -0.14282, -0.11948, -0.98162, -35.23859, -1.73771, 144.62234
1376, 436, -34.79322, 4.09476, 141.65326, 142.60603, 0.80, 0.80, 0.00, 1.00, 0.85691, 0.34094, 0.85691, 0.34094, -0.17552, 0.71408, -0.67695, -34.79322, 4.09476, 141.65326
1377, 448, -37.87283, -0.92, 143.96004, 144.91205, 0.80, 0.80, 0.00, 1.00, 0.9008, 0.35788, 0.9008, 0.35788, 0.63326, 0.24585, -0.7327, -37.87283, -0.92, 143.96004
1378, 445, -35.23859, -1.73771, 144.62234, 145.57414, 0.80, 0.80, 0.00, 1.00, 0.85733, 0.35974, 0.85733, 0.35974, -0.14282, -0.11948, -0.98162, -35.23859, -1.73771, 144.62234
1379, 438, -36.57992, 4.02002, 141.41173, 142.36459, 0.80, 0.80, 0.00, 1.00, 0.89202, 0.33907, 0.89202, 0.33907, 0.61722, 0.65721, -0.43142, -36.57992, 4.02002, 141.41173
1380, 439, -37.96382, -0.31611, 138.83061, 139.78433, 0.80, 0.80, 0.00, 1.00, 0.9901, 0.33906, 0.9901, 0.33906, 0.89918, 0.43598, -0.00754, -37.96382, -0.31611, 138.83061
1381, 448, -37.87283, -0.92, 143.96004, 144.91205, 0.80, 0.80, 0.00, 1.00, 0.9008, 0.35788, 0.9008, 0.35788, 0.63326, 0.24585, -0.7327, -37.87283, -0.92, 143.96004
1382, 438, -36.57992, 4.02002, 141.41173, 142.36459, 0.80, 0.80, 0.00, 1.00, 0.89202, 0.33907, 0.89202, 0.33907, 0.61722, 0.65721, -0.43142, -36.57992, 4.02002, 141.41173
1383, 449, -38.89702, -1.14435, 139.33734, 140.29091, 0.80, 0.80, 0.00, 1.00, 0.98896, 0.35775, 0.98896, 0.35775, 0.87355, 0.42176, -0.24007, -38.89702, -1.14435, 139.33734
1384, 448, -37.87283, -0.92, 143.96004, 144.91205, 0.80, 0.80, 0.00, 1.00, 0.9008, 0.35788, 0.9008, 0.35788, 0.63326, 0.24585, -0.7327, -37.87283, -0.92, 143.96004
1385, 439, -37.96382, -0.31611, 138.83061, 139.78433, 0.80, 0.80, 0.00, 1.00, 0.9901, 0.33906, 0.9901, 0.33906, 0.89918, 0.43598, -0.00754, -37.96382, -0.31611, 138.83061
1386, 443, -37.00692, -1.8743, 137.21928, 138.17354, 0.80, 0.80, 0.00, 1.00, 0.66085, 0.3621, 0.66085, 0.3621, 0.63347, 0.43702, 0.6375, -37.00692, -1.8743, 137.21928
1387, 450, -40.19015, -5.79751, 139.26369, 140.21727, 0.80, 0.80, 0.00, 1.00, 0.61681, 0.40716, 0.61681, 0.40716, 0.68855, 0.0429, 0.72269, -40.19015, -5.79751, 139.26369
1388, 441, -38.89702, -1.14435, 139.33734, 140.29091, 0.80, 0.80, 0.00, 1.00, 0.61703, 0.36159, 0.61703, 0.36159, 0.60228, 0.53723, 0.58949, -38.89702, -1.14435, 139.33734
1389, 451, -38.14719, -6.39931, 137.61269, 138.56682, 0.80, 0.80, 0.00, 1.00, 0.65224, 0.40658, 0.65224, 0.40658, 0.63841, -0.27284, 0.71849, -38.14719, -6.39931, 137.61269
1390, 450, -40.19015, -5.79751, 139.26369, 140.21727, 0.80, 0.80, 0.00, 1.00, 0.61681, 0.40716, 0.61681, 0.40716, 0.68855, 0.0429, 0.72269, -40.19015, -5.79751, 139.26369
1391, 443, -37.00692, -1.8743, 137.21928, 138.17354, 0.80, 0.80, 0.00, 1.00, 0.66085, 0.3621, 0.66085, 0.3621, 0.63347, 0.43702, 0.6375, -37.00692, -1.8743, 137.21928
1392, 445, -35.23859, -1.73771, 144.62234, 145.57414, 0.80, 0.80, 0.00, 1.00, 0.85733, 0.35974, 0.85733, 0.35974, -0.14282, -0.11948, -0.98162, -35.23859, -1.73771, 144.62234
1393, 452, -33.84914, -7.47903, 141.83377, 142.7865, 0.80, 0.80, 0.00, 1.00, 0.79036, 0.40813, 0.79036, 0.40813, -0.69175, -0.6655, -0.27879, -33.84914, -7.47903, 141.83377
1394, 444, -32.21535, -2.4753, 142.91525, 143.86761, 0.80, 0.80, 0.00, 1.00, 0.80364, 0.35882, 0.80364, 0.35882, -0.90851, -0.12373, -0.39699, -32.21535, -2.4753, 142.91525
1395, 453, -36.97715, -6.80016, 143.20584, 144.15811, 0.80, 0.80, 0.00, 1.00, 0.87804, 0.40966, 0.87804, 0.40966, -0.01084, -0.58716, -0.80873, -36.97715, -6.80016, 143.20584
1396, 452, -33.84914, -7.47903, 141.83377, 142.7865, 0.80, 0.80, 0.00, 1.00, 0.79036, 0.40813, 0.79036, 0.40813, -0.69175, -0.6655, -0.27879, -33.84914, -7.47903, 141.83377
1397, 445, -35.23859, -1.73771, 144.62234, 145.57414, 0.80, 0.80, 0.00, 1.00, 0.85733, 0.35974, 0.85733, 0.35974, -0.14282, -0.11948, -0.98162, -35.23859, -1.73771, 144.62234
1398, 447, -33.49106, -2.60267, 137.08154, 138.03586, 0.80, 0.80, 0.00, 1.00, 0.7111, 0.3601, 0.7111, 0.3601, -0.58115, 0.24902, 0.77369, -33.49106, -2.60267, 137.08154
1399, 454, -38.14719, -6.39931, 137.61269, 138.56682, 0.80, 0.80, 0.00, 1.00, 0.65203, 0.40594, 0.65203, 0.40594, 0.17802, -0.07945, 0.97988, -38.14719, -6.39931, 137.61269
1400, 446, -37.00692, -1.8743, 137.21928, 138.17354, 0.80, 0.80, 0.00, 1.00, 0.66065, 0.36146, 0.66065, 0.36146, 0.05064, 0.40352, 0.91278, -37.00692, -1.8743, 137.21928
1401, 455, -34.78873, -7.147, 136.93642, 137.89078, 0.80, 0.80, 0.00, 1.00, 0.70178, 0.40485, 0.70178, 0.40485, -0.44197, -0.47374, 0.76077, -34.78873, -7.147, 136.93642
1402, 454, -38.14719, -6.39931, 137.61269, 138.56682, 0.80, 0.80, 0.00, 1.00, 0.65203, 0.40594, 0.65203, 0.40594, 0.17802, -0.07945, 0.97988, -38.14719, -6.39931, 137.61269
1403, 447, -33.49106, -2.60267, 137.08154, 138.03586, 0.80, 0.80, 0.00, 1.00, 0.7111, 0.3601, 0.7111, 0.3601, -0.58115, 0.24902, 0.77369, -33.49106, -2.60267, 137.08154
1404, 444, -32.21535, -2.4753, 142.91525, 143.86761, 0.80, 0.80, 0.00, 1.00, 0.80364, 0.35882, 0.80364, 0.35882, -0.90851, -0.12373, -0.39699, -32.21535, -2.4753, 142.91525
1405, 455, -34.78873, -7.147, 136.93642, 137.89078, 0.80, 0.80, 0.00, 1.00, 0.70178, 0.40485, 0.70178, 0.40485, -0.44197, -0.47374, 0.76077, -34.78873, -7.147, 136.93642
1406, 447, -33.49106, -2.60267, 137.08154, 138.03586, 0.80, 0.80, 0.00, 1.00, 0.7111, 0.3601, 0.7111, 0.3601, -0.58115, 0.24902, 0.77369, -33.49106, -2.60267, 137.08154
1407, 452, -33.84914, -7.47903, 141.83377, 142.7865, 0.80, 0.80, 0.00, 1.00, 0.79036, 0.40813, 0.79036, 0.40813, -0.69175, -0.6655, -0.27879, -33.84914, -7.47903, 141.83377
1408, 455, -34.78873, -7.147, 136.93642, 137.89078, 0.80, 0.80, 0.00, 1.00, 0.70178, 0.40485, 0.70178, 0.40485, -0.44197, -0.47374, 0.76077, -34.78873, -7.147, 136.93642
1409, 444, -32.21535, -2.4753, 142.91525, 143.86761, 0.80, 0.80, 0.00, 1.00, 0.80364, 0.35882, 0.80364, 0.35882, -0.90851, -0.12373, -0.39699, -32.21535, -2.4753, 142.91525
1410, 448, -37.87283, -0.92, 143.96004, 144.91205, 0.80, 0.80, 0.00, 1.00, 0.9008, 0.35788, 0.9008, 0.35788, 0.63326, 0.24585, -0.7327, -37.87283, -0.92, 143.96004
1411, 453, -36.97715, -6.80016, 143.20584, 144.15811, 0.80, 0.80, 0.00, 1.00, 0.87804, 0.40966, 0.87804, 0.40966, -0.01084, -0.58716, -0.80873, -36.97715, -6.80016, 143.20584
1412, 445, -35.23859, -1.73771, 144.62234, 145.57414, 0.80, 0.80, 0.00, 1.00, 0.85733, 0.35974, 0.85733, 0.35974, -0.14282, -0.11948, -0.98162, -35.23859, -1.73771, 144.62234
1413, 456, -39.50727, -5.86026, 142.84392, 143.79631, 0.80, 0.80, 0.00, 1.00, 0.92605, 0.40659, 0.92605, 0.40659, 0.72615, -0.32281, -0.60573, -39.50727, -5.86026, 142.84392
1414, 453, -36.97715, -6.80016, 143.20584, 144.15811, 0.80, 0.80, 0.00, 1.00, 0.87804, 0.40966, 0.87804, 0.40966, -0.01084, -0.58716, -0.80873, -36.97715, -6.80016, 143.20584
1415, 448, -37.87283, -0.92, 143.96004, 144.91205, 0.80, 0.80, 0.00, 1.00, 0.9008, 0.35788, 0.9008, 0.35788, 0.63326, 0.24585, -0.7327, -37.87283, -0.92, 143.96004
1416, 449, -38.89702, -1.14435, 139.33734, 140.29091, 0.80, 0.80, 0.00, 1.00, 0.98896, 0.35775, 0.98896, 0.35775, 0.87355, 0.42176, -0.24007, -38.89702, -1.14435, 139.33734
1417, 456, -39.50727, -5.86026, 142.84392, 143.79631, 0.80, 0.80, 0.00, 1.00, 0.92605, 0.40659, 0.92605, 0.40659, 0.72615, -0.32281, -0.60573, -39.50727, -5.86026, 142.84392
1418, 448, -37.87283, -0.92, 143.96004, 144.91205, 0.80, 0.80, 0.00, 1.00, 0.9008, 0.35788, 0.9008, 0.35788, 0.63326, 0.24585, -0.7327, -37.87283, -0.92, 143.96004
1419, 457, -40.19015, -5.79751, 139.26369, 140.21727, 0.80, 0.80, 0.00, 1.00, 0.98879, 0.40333, 0.98879, 0.40333, 0.95782, -0.25159, -0.13265, -40.19015, -5.79751, 139.26369
1420, 456, -39.50727, -5.86026, 142.84392, 143.79631, 0.80, 0.80, 0.00, 1.00, 0.92605, 0.40659, 0.92605, 0.40659, 0.72615, -0.32281, -0.60573, -39.50727, -5.86026, 142.84392
1421, 449, -38.89702, -1.14435, 139.33734, 140.29091, 0.80, 0.80, 0.00, 1.00, 0.98896, 0.35775, 0.98896, 0.35775, 0.87355, 0.42176, -0.24007, -38.89702, -1.14435, 139.33734
1422, 451, -38.14719, -6.39931, 137.61269, 138.56682, 0.80, 0.80, 0.00, 1.00, 0.65224, 0.40658, 0.65224, 0.40658, 0.63841, -0.27284, 0.71849, -38.14719, -6.39931, 137.61269
1423, 458, -39.66796, -6.88232, 139.58601, 140.53949, 0.80, 0.80, 0.00, 1.00, 0.61683, 0.41609, 0.61683, 0.41609, 0.58478, -0.50355, 0.63477, -39.66796, -6.88232, 139.58601
1424, 450, -40.19015, -5.79751, 139.26369, 140.21727, 0.80, 0.80, 0.00, 1.00, 0.61681, 0.40716, 0.61681, 0.40716, 0.68855, 0.0429, 0.72269, -40.19015, -5.79751, 139.26369
1425, 459, -38.02425, -7.36803, 138.2655, 139.21941, 0.80, 0.80, 0.00, 1.00, 0.65123, 0.41554, 0.65123, 0.41554, 0.58353, -0.50541, 0.63445, -38.02425, -7.36803, 138.2655
1426, 458, -39.66796, -6.88232, 139.58601, 140.53949, 0.80, 0.80, 0.00, 1.00, 0.61683, 0.41609, 0.61683, 0.41609, 0.58478, -0.50355, 0.63477, -39.66796, -6.88232, 139.58601
1427, 451, -38.14719, -6.39931, 137.61269, 138.56682, 0.80, 0.80, 0.00, 1.00, 0.65224, 0.40658, 0.65224, 0.40658, 0.63841, -0.27284, 0.71849, -38.14719, -6.39931, 137.61269
1428, 453, -36.97715, -6.80016, 143.20584, 144.15811, 0.80, 0.80, 0.00, 1.00, 0.87804, 0.40966, 0.87804, 0.40966, -0.01084, -0.58716, -0.80873, -36.97715, -6.80016, 143.20584
1429, 460, -34.4106, -8.32124, 141.58095, 142.53375, 0.80, 0.80, 0.00, 1.00, 0.78671, 0.41705, 0.78671, 0.41705, -0.49822, -0.75894, -0.4185, -34.4106, -8.32124, 141.58095
1430, 452, -33.84914, -7.47903, 141.83377, 142.7865, 0.80, 0.80, 0.00, 1.00, 0.79036, 0.40813, 0.79036, 0.40813, -0.69175, -0.6655, -0.27879, -33.84914, -7.47903, 141.83377
1431, 461, -37.11444, -7.75563, 142.73123, 143.68365, 0.80, 0.80, 0.00, 1.00, 0.88177, 0.41855, 0.88177, 0.41855, 0.09958, -0.68563, -0.72049, -37.11444, -7.75563, 142.73123
1432, 460, -34.4106, -8.32124, 141.58095, 142.53375, 0.80, 0.80, 0.00, 1.00, 0.78671, 0.41705, 0.78671, 0.41705, -0.49822, -0.75894, -0.4185, -34.4106, -8.32124, 141.58095
1433, 453, -36.97715, -6.80016, 143.20584, 144.15811, 0.80, 0.80, 0.00, 1.00, 0.87804, 0.40966, 0.87804, 0.40966, -0.01084, -0.58716, -0.80873, -36.97715, -6.80016, 143.20584
1434, 455, -34.78873, -7.147, 136.93642, 137.89078, 0.80, 0.80, 0.00, 1.00, 0.70178, 0.40485, 0.70178, 0.40485, -0.44197, -0.47374, 0.76077, -34.78873, -7.147, 136.93642
1435, 462, -38.02425, -7.36803, 138.2655, 139.21941, 0.80, 0.80, 0.00, 1.00, 0.65102, 0.4149, 0.65102, 0.4149, 0.25649, -0.5567, 0.78921, -38.02425, -7.36803, 138.2655
1436, 454, -38.14719, -6.39931, 137.61269, 138.56682, 0.80, 0.80, 0.00, 1.00, 0.65203, 0.40594, 0.65203, 0.40594, 0.17802, -0.07945, 0.97988, -38.14719, -6.39931, 137.61269
1437, 463, -35.13635, -7.99736, 137.66992, 138.62404, 0.80, 0.80, 0.00, 1.00, 0.70282, 0.41383, 0.70282, 0.41383, -0.50591, -0.68022, 0.52945, -35.13635, -7.99736, 137.66992
1438, 462, -38.02425, -7.36803, 138.2655, 139.21941, 0.80, 0.80, 0.00, 1.00, 0.65102, 0.4149, 0.65102, 0.4149, 0.25649, -0.5567, 0.78921, -38.02425, -7.36803, 138.2655
1439, 455, -34.78873, -7.147, 136.93642, 137.89078, 0.80, 0.80, 0.00, 1.00, 0.70178, 0.40485, 0.70178, 0.40485, -0.44197, -0.47374, 0.76077, -34.78873, -7.147, 136.93642
1440, 452, -33.84914, -7.47903, 141.83377, 142.7865, 0.80, 0.80, 0.00, 1.00, 0.79036, 0.40813, 0.79036, 0.40813, -0.69175, -0.6655, -0.27879, -33.84914, -7.47903, 141.83377
1441, 463, -35.13635, -7.99736, 137.66992, 138.62404, 0.80, 0.80, 0.00, 1.00, 0.70282, 0.41383, 0.70282, 0.41383, -0.50591, -0.68022, 0.52945, -35.13635, -7.99736, 137.66992
1442, 455, -34.78873, -7.147, 136.93642, 137.89078, 0.80, 0.80, 0.00, 1.00, 0.70178, 0.40485, 0.70178, 0.40485, -0.44197, -0.47374, 0.76077, -34.78873, -7.147, 136.93642
1443, 460, -34.4106, -8.32124, 141.58095, 142.53375, 0.80, 0.80, 0.00, 1.00, 0.78671, 0.41705, 0.78671, 0.41705, -0.49822, -0.75894, -0.4185, -34.4106, -8.32124, 141.58095
1444, 463, -35.13635, -7.99736, 137.66992, 138.62404, 0.80, 0.80, 0.00, 1.00, 0.70282, 0.41383, 0.70282, 0.41383, -0.50591, -0.68022, 0.52945, -35.13635, -7.99736, 137.66992
1445, 452, -33.84914, -7.47903, 141.83377, 142.7865, 0.80, 0.80, 0.00, 1.00, 0.79036, 0.40813, 0.79036, 0.40813, -0.69175, -0.6655, -0.27879, -33.84914, -7.47903, 141.83377
1446, 456, -39.50727, -5.86026, 142.84392, 143.79631, 0.80, 0.80, 0.00, 1.00, 0.92605, 0.40659, 0.92605, 0.40659, 0.72615, -0.32281, -0.60573, -39.50727, -5.86026, 142.84392
1447, 461, -37.11444, -7.75563, 142.73123, 143.68365, 0.80, 0.80, 0.00, 1.00, 0.88177, 0.41855, 0.88177, 0.41855, 0.09958, -0.68563, -0.72049, -37.11444, -7.75563, 142.73123
1448, 453, -36.97715, -6.80016, 143.20584, 144.15811, 0.80, 0.80, 0.00, 1.00, 0.87804, 0.40966, 0.87804, 0.40966, -0.01084, -0.58716, -0.80873, -36.97715, -6.80016, 143.20584
1449, 464, -39.13728, -6.94363, 142.44456, 143.39709, 0.80, 0.80, 0.00, 1.00, 0.9282, 0.41554, 0.9282, 0.41554, 0.73233, -0.60672, -0.30722, -39.13728, -6.94363, 142.44456
1450, 461, -37.11444, -7.75563, 142.73123, 143.68365, 0.80, 0.80, 0.00, 1.00, 0.88177, 0.41855, 0.88177, 0.41855, 0.09958, -0.68563, -0.72049, -37.11444, -7.75563, 142.73123
1451, 456, -39.50727, -5.86026, 142.84392, 143.79631, 0.80, 0.80, 0.00, 1.00, 0.92605, 0.40659, 0.92605, 0.40659, 0.72615, -0.32281, -0.60573, -39.50727, -5.86026, 142.84392
1452, 457, -40.19015, -5.79751, 139.26369, 140.21727, 0.80, 0.80, 0.00, 1.00, 0.98879, 0.40333, 0.98879, 0.40333, 0.95782, -0.25159, -0.13265, -40.19015, -5.79751, 139.26369
1453, 464, -39.13728, -6.94363, 142.44456, 143.39709, 0.80, 0.80, 0.00, 1.00, 0.9282, 0.41554, 0.9282, 0.41554, 0.73233, -0.60672, -0.30722, -39.13728, -6.94363, 142.44456
1454, 456, -39.50727, -5.86026, 142.84392, 143.79631, 0.80, 0.80, 0.00, 1.00, 0.92605, 0.40659, 0.92605, 0.40659, 0.72615, -0.32281, -0.60573, -39.50727, -5.86026, 142.84392
1455, 465, -39.66796, -6.88232, 139.58601, 140.53949, 0.80, 0.80, 0.00, 1.00, 0.9888, 0.41224, 0.9888, 0.41224, 0.85771, -0.50873, -0.0641, -39.66796, -6.88232, 139.58601
1456, 464, -39.13728, -6.94363, 142.44456, 143.39709, 0.80, 0.80, 0.00, 1.00, 0.9282, 0.41554, 0.9282, 0.41554, 0.73233, -0.60672, -0.30722, -39.13728, -6.94363, 142.44456
1457, 457, -40.19015, -5.79751, 139.26369, 140.21727, 0.80, 0.80, 0.00, 1.00, 0.98879, 0.40333, 0.98879, 0.40333, 0.95782, -0.25159, -0.13265, -40.19015, -5.79751, 139.26369
1458, 404, -36.27769, 14.14426, 134.5266, 135.48175, 0.80, 0.80, 0.00, 1.00, 0.87617, 0.20965, 0.87617, 0.20965, 0.46797, 0.62796, -0.62094, -36.27769, 14.14426, 134.5266
1459, 403, -36.87239, 9.58744, 135.46317, 136.41801, 0.80, 0.80, 0.00, 1.00, 0.90, 0.24736, 0.90, 0.24736, 0.92801, 0.236, -0.28546, -36.87239, 9.58744, 135.46317
1460, 413, -35.6963, 11.76785, 136.59637, 137.55084, 0.80, 0.80, 0.00, 1.00, 0.867, 0.24465, 0.867, 0.24465, 0.24373, 0.62218, -0.74318, -35.6963, 11.76785, 136.59637
1461, 430, -36.99996, 5.93658, 139.66924, 140.62268, 0.80, 0.80, 0.00, 1.00, 0.90049, 0.31033, 0.90049, 0.31033, 0.69764, 0.40846, -0.58735, -36.99996, 5.93658, 139.66924
1462, 413, -35.6963, 11.76785, 136.59637, 137.55084, 0.80, 0.80, 0.00, 1.00, 0.867, 0.24465, 0.867, 0.24465, 0.24373, 0.62218, -0.74318, -35.6963, 11.76785, 136.59637
1463, 403, -36.87239, 9.58744, 135.46317, 136.41801, 0.80, 0.80, 0.00, 1.00, 0.90, 0.24736, 0.90, 0.24736, 0.92801, 0.236, -0.28546, -36.87239, 9.58744, 135.46317
1464, 466, -22.32604, -25.53646, 134.47943, 135.43462, 0.80, 0.80, 0.00, 1.00, 0.25092, 0.13517, 0.25092, 0.13517, -0.53178, -0.63648, -0.54866, -22.32604, -25.53646, 134.47943
1465, 467, -26.10637, -22.90042, 136.74448, 137.6989, 0.80, 0.80, 0.00, 1.00, 0.33113, 0.13508, 0.33113, 0.13508, 0.15282, -0.29031, -0.9427, -26.10637, -22.90042, 136.74448
1466, 468, -34.21012, -43.63062, 132.51268, 133.46851, 0.80, 0.80, 0.00, 1.00, 0.29349, 0.44726, 0.29349, 0.44726, -0.0928, -0.72205, -0.67878, -34.21012, -43.63062, 132.51268
1467, 142, -21.78818, -24.55125, 128.54869, 129.50584, 0.80, 0.80, 0.00, 1.00, 0.14033, 0.15646, 0.14033, 0.15646, -0.16499, -0.98617, -0.01558, -21.78818, -24.55125, 128.54869
1468, 469, -34.58534, -39.29752, 122.43291, 123.3921, 0.80, 0.80, 0.00, 1.00, 0.14472, 0.4727, 0.14472, 0.4727, -0.18774, 0.17807, 0.96454, -34.58534, -39.29752, 122.43291
1469, 143, -26.25874, -25.20995, 128.21385, 129.17111, 0.80, 0.80, 0.00, 1.00, 0.10614, 0.16404, 0.10614, 0.16404, 0.98507, -0.14482, 0.093, -26.25874, -25.20995, 128.21385
1470, 469, -34.58534, -39.29752, 122.43291, 123.3921, 0.80, 0.80, 0.00, 1.00, 0.14472, 0.4727, 0.14472, 0.4727, -0.18774, 0.17807, 0.96454, -34.58534, -39.29752, 122.43291
1471, 470, -38.32613, -36.66513, 122.67097, 123.63008, 0.80, 0.80, 0.00, 1.00, 0.10165, 0.48498, 0.10165, 0.48498, 0.65513, 0.51149, 0.54595, -38.32613, -36.66513, 122.67097
1472, 143, -26.25874, -25.20995, 128.21385, 129.17111, 0.80, 0.80, 0.00, 1.00, 0.10614, 0.16404, 0.10614, 0.16404, 0.98507, -0.14482, 0.093, -26.25874, -25.20995, 128.21385
1473, 143, -26.25874, -25.20995, 128.21385, 129.17111, 0.80, 0.80, 0.00, 1.00, 0.10614, 0.16404, 0.10614, 0.16404, 0.98507, -0.14482, 0.093, -26.25874, -25.20995, 128.21385
1474, 470, -38.32613, -36.66513, 122.67097, 123.63008, 0.80, 0.80, 0.00, 1.00, 0.10165, 0.48498, 0.10165, 0.48498, 0.65513, 0.51149, 0.54595, -38.32613, -36.66513, 122.67097
1475, 471, -29.28796, -18.22724, 131.01022, 131.96655, 0.80, 0.80, 0.00, 1.00, 0.07378, 0.15933, 0.07378, 0.15933, 0.77862, 0.61886, -0.05642, -29.28796, -18.22724, 131.01022
1476, 470, -38.32613, -36.66513, 122.67097, 123.63008, 0.80, 0.80, 0.00, 1.00, 0.10165, 0.48498, 0.10165, 0.48498, 0.65513, 0.51149, 0.54595, -38.32613, -36.66513, 122.67097
1477, 472, -40.0771, -36.7827, 127.22055, 128.17815, 0.80, 0.80, 0.00, 1.00, 0.05031, 0.47586, 0.05031, 0.47586, 0.83547, 0.53741, 0.06822, -40.0771, -36.7827, 127.22055
1478, 471, -29.28796, -18.22724, 131.01022, 131.96655, 0.80, 0.80, 0.00, 1.00, 0.07378, 0.15933, 0.07378, 0.15933, 0.77862, 0.61886, -0.05642, -29.28796, -18.22724, 131.01022
1479, 473, -28.92105, -19.11233, 134.71182, 135.66692, 0.80, 0.80, 0.00, 1.00, 0.38772, 0.14075, 0.38772, 0.14075, 0.47129, 0.02951, -0.88134, -28.92105, -19.11233, 134.71182
1480, 474, -39.89646, -37.73605, 131.63725, 132.59337, 0.80, 0.80, 0.00, 1.00, 0.36069, 0.45539, 0.36069, 0.45539, 0.49733, -0.32298, -0.80379, -39.89646, -37.73605, 131.63725
1481, 467, -26.10637, -22.90042, 136.74448, 137.6989, 0.80, 0.80, 0.00, 1.00, 0.33113, 0.13508, 0.33113, 0.13508, 0.15282, -0.29031, -0.9427, -26.10637, -22.90042, 136.74448
1482, 474, -39.89646, -37.73605, 131.63725, 132.59337, 0.80, 0.80, 0.00, 1.00, 0.36069, 0.45539, 0.36069, 0.45539, 0.49733, -0.32298, -0.80379, -39.89646, -37.73605, 131.63725
1483, 468, -34.21012, -43.63062, 132.51268, 133.46851, 0.80, 0.80, 0.00, 1.00, 0.29349, 0.44726, 0.29349, 0.44726, -0.0928, -0.72205, -0.67878, -34.21012, -43.63062, 132.51268
1484, 467, -26.10637, -22.90042, 136.74448, 137.6989, 0.80, 0.80, 0.00, 1.00, 0.33113, 0.13508, 0.33113, 0.13508, 0.15282, -0.29031, -0.9427, -26.10637, -22.90042, 136.74448
1485, 471, -29.28796, -18.22724, 131.01022, 131.96655, 0.80, 0.80, 0.00, 1.00, 0.07378, 0.15933, 0.07378, 0.15933, 0.77862, 0.61886, -0.05642, -29.28796, -18.22724, 131.01022
1486, 475, -39.89646, -37.73605, 131.63725, 132.59337, 0.80, 0.80, 0.00, 1.00, 0.00917, 0.45539, 0.00917, 0.45539, 0.79493, 0.54833, -0.24918, -39.89646, -37.73605, 131.63725
1487, 476, -28.92105, -19.11233, 134.71182, 135.66692, 0.80, 0.80, 0.00, 1.00, 0.03616, 0.14075, 0.03616, 0.14075, 0.79078, 0.5421, -0.27525, -28.92105, -19.11233, 134.71182
1488, 472, -40.0771, -36.7827, 127.22055, 128.17815, 0.80, 0.80, 0.00, 1.00, 0.05031, 0.47586, 0.05031, 0.47586, 0.83547, 0.53741, 0.06822, -40.0771, -36.7827, 127.22055
1489, 475, -39.89646, -37.73605, 131.63725, 132.59337, 0.80, 0.80, 0.00, 1.00, 0.00917, 0.45539, 0.00917, 0.45539, 0.79493, 0.54833, -0.24918, -39.89646, -37.73605, 131.63725
1490, 471, -29.28796, -18.22724, 131.01022, 131.96655, 0.80, 0.80, 0.00, 1.00, 0.07378, 0.15933, 0.07378, 0.15933, 0.77862, 0.61886, -0.05642, -29.28796, -18.22724, 131.01022
1491, 466, -22.32604, -25.53646, 134.47943, 135.43462, 0.80, 0.80, 0.00, 1.00, 0.25092, 0.13517, 0.25092, 0.13517, -0.53178, -0.63648, -0.54866, -22.32604, -25.53646, 134.47943
1492, 477, -30.95257, -44.85697, 128.63255, 129.58968, 0.80, 0.80, 0.00, 1.00, 0.24336, 0.44936, 0.24336, 0.44936, -0.56768, -0.80459, -0.14249, -30.95257, -44.85697, 128.63255
1493, 478, -20.96062, -25.63982, 132.34607, 133.30196, 0.80, 0.80, 0.00, 1.00, 0.21674, 0.13527, 0.21674, 0.13527, -0.76131, -0.62483, -0.14344, -20.96062, -25.63982, 132.34607
1494, 468, -34.21012, -43.63062, 132.51268, 133.46851, 0.80, 0.80, 0.00, 1.00, 0.29349, 0.44726, 0.29349, 0.44726, -0.0928, -0.72205, -0.67878, -34.21012, -43.63062, 132.51268
1495, 477, -30.95257, -44.85697, 128.63255, 129.58968, 0.80, 0.80, 0.00, 1.00, 0.24336, 0.44936, 0.24336, 0.44936, -0.56768, -0.80459, -0.14249, -30.95257, -44.85697, 128.63255
1496, 466, -22.32604, -25.53646, 134.47943, 135.43462, 0.80, 0.80, 0.00, 1.00, 0.25092, 0.13517, 0.25092, 0.13517, -0.53178, -0.63648, -0.54866, -22.32604, -25.53646, 134.47943
1497, 153, -16.74766, -22.84545, 128.80957, 129.76663, 0.80, 0.80, 0.00, 1.00, 0.18641, 0.13501, 0.18641, 0.13501, -0.99556, -0.00437, -0.09399, -16.74766, -22.84545, 128.80957
1498, 469, -34.58534, -39.29752, 122.43291, 123.3921, 0.80, 0.80, 0.00, 1.00, 0.14472, 0.4727, 0.14472, 0.4727, -0.18774, 0.17807, 0.96454, -34.58534, -39.29752, 122.43291
1499, 142, -21.78818, -24.55125, 128.54869, 129.50584, 0.80, 0.80, 0.00, 1.00, 0.14033, 0.15646, 0.14033, 0.15646, -0.16499, -0.98617, -0.01558, -21.78818, -24.55125, 128.54869
1500, 479, -29.58177, -43.7716, 124.72357, 125.68199, 0.80, 0.80, 0.00, 1.00, 0.2056, 0.44908, 0.2056, 0.44908, -0.63003, -0.47742, 0.61102, -29.58177, -43.7716, 124.72357
1501, 469, -34.58534, -39.29752, 122.43291, 123.3921, 0.80, 0.80, 0.00, 1.00, 0.14472, 0.4727, 0.14472, 0.4727, -0.18774, 0.17807, 0.96454, -34.58534, -39.29752, 122.43291
1502, 153, -16.74766, -22.84545, 128.80957, 129.76663, 0.80, 0.80, 0.00, 1.00, 0.18641, 0.13501, 0.18641, 0.13501, -0.99556, -0.00437, -0.09399, -16.74766, -22.84545, 128.80957
1503, 478, -20.96062, -25.63982, 132.34607, 133.30196, 0.80, 0.80, 0.00, 1.00, 0.21674, 0.13527, 0.21674, 0.13527, -0.76131, -0.62483, -0.14344, -20.96062, -25.63982, 132.34607
1504, 479, -29.58177, -43.7716, 124.72357, 125.68199, 0.80, 0.80, 0.00, 1.00, 0.2056, 0.44908, 0.2056, 0.44908, -0.63003, -0.47742, 0.61102, -29.58177, -43.7716, 124.72357
1505, 153, -16.74766, -22.84545, 128.80957, 129.76663, 0.80, 0.80, 0.00, 1.00, 0.18641, 0.13501, 0.18641, 0.13501, -0.99556, -0.00437, -0.09399, -16.74766, -22.84545, 128.80957
1506, 477, -30.95257, -44.85697, 128.63255, 129.58968, 0.80, 0.80, 0.00, 1.00, 0.24336, 0.44936, 0.24336, 0.44936, -0.56768, -0.80459, -0.14249, -30.95257, -44.85697, 128.63255
1507, 479, -29.58177, -43.7716, 124.72357, 125.68199, 0.80, 0.80, 0.00, 1.00, 0.2056, 0.44908, 0.2056, 0.44908, -0.63003, -0.47742, 0.61102, -29.58177, -43.7716, 124.72357
1508, 478, -20.96062, -25.63982, 132.34607, 133.30196, 0.80, 0.80, 0.00, 1.00, 0.21674, 0.13527, 0.21674, 0.13527, -0.76131, -0.62483, -0.14344, -20.96062, -25.63982, 132.34607
1509, 469, -34.58534, -39.29752, 122.43291, 123.3921, 0.80, 0.80, 0.00, 1.00, 0.14472, 0.4727, 0.14472, 0.4727, -0.18774, 0.17807, 0.96454, -34.58534, -39.29752, 122.43291
1510, 480, -39.80412, -44.34896, 122.82742, 123.78648, 0.80, 0.80, 0.00, 1.00, 0.10182, 0.55266, 0.10182, 0.55266, 0.0886, -0.25699, 0.95998, -39.80412, -44.34896, 122.82742
1511, 470, -38.32613, -36.66513, 122.67097, 123.63008, 0.80, 0.80, 0.00, 1.00, 0.10165, 0.48498, 0.10165, 0.48498, 0.65513, 0.51149, 0.54595, -38.32613, -36.66513, 122.67097
1512, 481, -36.96939, -41.56009, 123.11689, 124.07585, 0.80, 0.80, 0.00, 1.00, 0.16244, 0.5428, 0.16244, 0.5428, -0.42201, 0.12526, 0.89733, -36.96939, -41.56009, 123.11689
1513, 480, -39.80412, -44.34896, 122.82742, 123.78648, 0.80, 0.80, 0.00, 1.00, 0.10182, 0.55266, 0.10182, 0.55266, 0.0886, -0.25699, 0.95998, -39.80412, -44.34896, 122.82742
1514, 469, -34.58534, -39.29752, 122.43291, 123.3921, 0.80, 0.80, 0.00, 1.00, 0.14472, 0.4727, 0.14472, 0.4727, -0.18774, 0.17807, 0.96454, -34.58534, -39.29752, 122.43291
1515, 470, -38.32613, -36.66513, 122.67097, 123.63008, 0.80, 0.80, 0.00, 1.00, 0.10165, 0.48498, 0.10165, 0.48498, 0.65513, 0.51149, 0.54595, -38.32613, -36.66513, 122.67097
1516, 482, -40.59952, -45.29475, 125.50816, 126.46633, 0.80, 0.80, 0.00, 1.00, 0.05249, 0.54608, 0.05249, 0.54608, 0.58187, -0.65445, 0.47143, -40.59952, -45.29475, 125.50816
1517, 472, -40.0771, -36.7827, 127.22055, 128.17815, 0.80, 0.80, 0.00, 1.00, 0.05031, 0.47586, 0.05031, 0.47586, 0.83547, 0.53741, 0.06822, -40.0771, -36.7827, 127.22055
1518, 480, -39.80412, -44.34896, 122.82742, 123.78648, 0.80, 0.80, 0.00, 1.00, 0.10182, 0.55266, 0.10182, 0.55266, 0.0886, -0.25699, 0.95998, -39.80412, -44.34896, 122.82742
1519, 482, -40.59952, -45.29475, 125.50816, 126.46633, 0.80, 0.80, 0.00, 1.00, 0.05249, 0.54608, 0.05249, 0.54608, 0.58187, -0.65445, 0.47143, -40.59952, -45.29475, 125.50816
1520, 470, -38.32613, -36.66513, 122.67097, 123.63008, 0.80, 0.80, 0.00, 1.00, 0.10165, 0.48498, 0.10165, 0.48498, 0.65513, 0.51149, 0.54595, -38.32613, -36.66513, 122.67097
1521, 474, -39.89646, -37.73605, 131.63725, 132.59337, 0.80, 0.80, 0.00, 1.00, 0.36069, 0.45539, 0.36069, 0.45539, 0.49733, -0.32298, -0.80379, -39.89646, -37.73605, 131.63725
1522, 483, -37.70854, -43.06722, 130.05133, 131.008, 0.80, 0.80, 0.00, 1.00, 0.3103, 0.52581, 0.3103, 0.52581, -0.26188, -0.689, -0.6683, -37.70854, -43.06722, 130.05133
1523, 468, -34.21012, -43.63062, 132.51268, 133.46851, 0.80, 0.80, 0.00, 1.00, 0.29349, 0.44726, 0.29349, 0.44726, -0.0928, -0.72205, -0.67878, -34.21012, -43.63062, 132.51268
1524, 484, -40.58862, -44.94525, 128.18729, 129.14455, 0.80, 0.80, 0.00, 1.00, 0.36257, 0.53132, 0.36257, 0.53132, 0.03151, -0.87002, -0.48158, -40.58862, -44.94525, 128.18729
1525, 483, -37.70854, -43.06722, 130.05133, 131.008, 0.80, 0.80, 0.00, 1.00, 0.3103, 0.52581, 0.3103, 0.52581, -0.26188, -0.689, -0.6683, -37.70854, -43.06722, 130.05133
1526, 474, -39.89646, -37.73605, 131.63725, 132.59337, 0.80, 0.80, 0.00, 1.00, 0.36069, 0.45539, 0.36069, 0.45539, 0.49733, -0.32298, -0.80379, -39.89646, -37.73605, 131.63725
1527, 485, -40.0771, -36.7827, 127.22055, 128.17815, 0.80, 0.80, 0.00, 1.00, 0.05039, 0.47586, 0.05039, 0.47586, 0.98485, 0.11528, -0.10172, -40.0771, -36.7827, 127.22055
1528, 486, -40.58862, -44.94525, 128.18729, 129.14455, 0.80, 0.80, 0.00, 1.00, 0.0111, 0.53132, 0.0111, 0.53132, 0.53068, -0.83793, 0.07282, -40.58862, -44.94525, 128.18729
1529, 487, -39.89646, -37.73605, 131.63725, 132.59337, 0.80, 0.80, 0.00, 1.00, 0.00918, 0.45539, 0.00918, 0.45539, 0.98658, 0.11398, -0.08388, -39.89646, -37.73605, 131.63725
1530, 488, -40.59952, -45.29475, 125.50816, 126.46633, 0.80, 0.80, 0.00, 1.00, 0.05258, 0.54608, 0.05258, 0.54608, 0.53598, -0.83589, 0.05574, -40.59952, -45.29475, 125.50816
1531, 486, -40.58862, -44.94525, 128.18729, 129.14455, 0.80, 0.80, 0.00, 1.00, 0.0111, 0.53132, 0.0111, 0.53132, 0.53068, -0.83793, 0.07282, -40.58862, -44.94525, 128.18729
1532, 485, -40.0771, -36.7827, 127.22055, 128.17815, 0.80, 0.80, 0.00, 1.00, 0.05039, 0.47586, 0.05039, 0.47586, 0.98485, 0.11528, -0.10172, -40.0771, -36.7827, 127.22055
1533, 468, -34.21012, -43.63062, 132.51268, 133.46851, 0.80, 0.80, 0.00, 1.00, 0.29349, 0.44726, 0.29349, 0.44726, -0.0928, -0.72205, -0.67878, -34.21012, -43.63062, 132.51268
1534, 489, -34.96449, -40.40309, 128.03951, 128.99683, 0.80, 0.80, 0.00, 1.00, 0.25611, 0.52596, 0.25611, 0.52596, -0.87909, -0.17866, -0.42947, -34.96449, -40.40309, 128.03951
1535, 477, -30.95257, -44.85697, 128.63255, 129.58968, 0.80, 0.80, 0.00, 1.00, 0.24336, 0.44936, 0.24336, 0.44936, -0.56768, -0.80459, -0.14249, -30.95257, -44.85697, 128.63255
1536, 483, -37.70854, -43.06722, 130.05133, 131.008, 0.80, 0.80, 0.00, 1.00, 0.3103, 0.52581, 0.3103, 0.52581, -0.26188, -0.689, -0.6683, -37.70854, -43.06722, 130.05133
1537, 489, -34.96449, -40.40309, 128.03951, 128.99683, 0.80, 0.80, 0.00, 1.00, 0.25611, 0.52596, 0.25611, 0.52596, -0.87909, -0.17866, -0.42947, -34.96449, -40.40309, 128.03951
1538, 468, -34.21012, -43.63062, 132.51268, 133.46851, 0.80, 0.80, 0.00, 1.00, 0.29349, 0.44726, 0.29349, 0.44726, -0.0928, -0.72205, -0.67878, -34.21012, -43.63062, 132.51268
1539, 479, -29.58177, -43.7716, 124.72357, 125.68199, 0.80, 0.80, 0.00, 1.00, 0.2056, 0.44908, 0.2056, 0.44908, -0.63003, -0.47742, 0.61102, -29.58177, -43.7716, 124.72357
1540, 481, -36.96939, -41.56009, 123.11689, 124.07585, 0.80, 0.80, 0.00, 1.00, 0.16244, 0.5428, 0.16244, 0.5428, -0.42201, 0.12526, 0.89733, -36.96939, -41.56009, 123.11689
1541, 469, -34.58534, -39.29752, 122.43291, 123.3921, 0.80, 0.80, 0.00, 1.00, 0.14472, 0.4727, 0.14472, 0.4727, -0.18774, 0.17807, 0.96454, -34.58534, -39.29752, 122.43291
1542, 490, -34.62722, -38.94427, 124.67252, 125.63096, 0.80, 0.80, 0.00, 1.00, 0.20809, 0.52575, 0.20809, 0.52575, -0.96662, 0.08351, 0.23083, -34.62722, -38.94427, 124.67252
1543, 481, -36.96939, -41.56009, 123.11689, 124.07585, 0.80, 0.80, 0.00, 1.00, 0.16244, 0.5428, 0.16244, 0.5428, -0.42201, 0.12526, 0.89733, -36.96939, -41.56009, 123.11689
1544, 479, -29.58177, -43.7716, 124.72357, 125.68199, 0.80, 0.80, 0.00, 1.00, 0.2056, 0.44908, 0.2056, 0.44908, -0.63003, -0.47742, 0.61102, -29.58177, -43.7716, 124.72357
1545, 477, -30.95257, -44.85697, 128.63255, 129.58968, 0.80, 0.80, 0.00, 1.00, 0.24336, 0.44936, 0.24336, 0.44936, -0.56768, -0.80459, -0.14249, -30.95257, -44.85697, 128.63255
1546, 490, -34.62722, -38.94427, 124.67252, 125.63096, 0.80, 0.80, 0.00, 1.00, 0.20809, 0.52575, 0.20809, 0.52575, -0.96662, 0.08351, 0.23083, -34.62722, -38.94427, 124.67252
1547, 479, -29.58177, -43.7716, 124.72357, 125.68199, 0.80, 0.80, 0.00, 1.00, 0.2056, 0.44908, 0.2056, 0.44908, -0.63003, -0.47742, 0.61102, -29.58177, -43.7716, 124.72357
1548, 489, -34.96449, -40.40309, 128.03951, 128.99683, 0.80, 0.80, 0.00, 1.00, 0.25611, 0.52596, 0.25611, 0.52596, -0.87909, -0.17866, -0.42947, -34.96449, -40.40309, 128.03951
1549, 490, -34.62722, -38.94427, 124.67252, 125.63096, 0.80, 0.80, 0.00, 1.00, 0.20809, 0.52575, 0.20809, 0.52575, -0.96662, 0.08351, 0.23083, -34.62722, -38.94427, 124.67252
1550, 477, -30.95257, -44.85697, 128.63255, 129.58968, 0.80, 0.80, 0.00, 1.00, 0.24336, 0.44936, 0.24336, 0.44936, -0.56768, -0.80459, -0.14249, -30.95257, -44.85697, 128.63255
1551, 491, -36.96939, -41.56009, 123.11689, 124.07585, 0.80, 0.80, 0.00, 1.00, 0.89725, 0.42902, 0.89725, 0.42902, -0.04518, 0.42581, 0.90058, -36.96939, -41.56009, 123.11689
1552, 492, -34.75894, -50.38726, 121.89188, 122.85126, 0.80, 0.80, 0.00, 1.00, 0.91128, 0.48716, 0.91128, 0.48716, 0.01388, 0.30355, 0.94997, -34.75894, -50.38726, 121.89188
1553, 493, -39.80412, -44.34896, 122.82742, 123.78648, 0.80, 0.80, 0.00, 1.00, 0.92246, 0.43041, 0.92246, 0.43041, 0.02337, 0.33383, 0.93942, -39.80412, -44.34896, 122.82742
1554, 494, -31.90374, -46.83207, 122.19386, 123.15313, 0.80, 0.80, 0.00, 1.00, 0.87231, 0.47948, 0.87231, 0.47948, -0.16371, 0.42708, 0.88662, -31.90374, -46.83207, 122.19386
1555, 492, -34.75894, -50.38726, 121.89188, 122.85126, 0.80, 0.80, 0.00, 1.00, 0.91128, 0.48716, 0.91128, 0.48716, 0.01388, 0.30355, 0.94997, -34.75894, -50.38726, 121.89188
1556, 491, -36.96939, -41.56009, 123.11689, 124.07585, 0.80, 0.80, 0.00, 1.00, 0.89725, 0.42902, 0.89725, 0.42902, -0.04518, 0.42581, 0.90058, -36.96939, -41.56009, 123.11689
1557, 495, -39.80412, -44.34896, 122.82742, 123.78648, 0.80, 0.80, 0.00, 1.00, 0.92343, 0.43706, 0.92343, 0.43706, 0.66292, -0.56519, 0.47966, -39.80412, -44.34896, 122.82742
1558, 496, -36.47924, -51.01133, 125.31067, 126.26891, 0.80, 0.80, 0.00, 1.00, 0.96337, 0.47594, 0.96337, 0.47594, 0.72424, -0.6555, 0.18699, -36.47924, -51.01133, 125.31067
1559, 497, -40.59952, -45.29475, 125.50816, 126.46633, 0.80, 0.80, 0.00, 1.00, 0.95569, 0.4343, 0.95569, 0.4343, 0.7131, -0.64391, 0.25662, -40.59952, -45.29475, 125.50816
1560, 498, -34.75894, -50.38726, 121.89188, 122.85126, 0.80, 0.80, 0.00, 1.00, 0.92291, 0.48464, 0.92291, 0.48464, 0.70255, -0.49137, 0.50392, -34.75894, -50.38726, 121.89188
1561, 496, -36.47924, -51.01133, 125.31067, 126.26891, 0.80, 0.80, 0.00, 1.00, 0.96337, 0.47594, 0.96337, 0.47594, 0.72424, -0.6555, 0.18699, -36.47924, -51.01133, 125.31067
1562, 495, -39.80412, -44.34896, 122.82742, 123.78648, 0.80, 0.80, 0.00, 1.00, 0.92343, 0.43706, 0.92343, 0.43706, 0.66292, -0.56519, 0.47966, -39.80412, -44.34896, 122.82742
1563, 499, -40.58862, -44.94525, 128.18729, 129.14455, 0.80, 0.80, 0.00, 1.00, 0.71594, 0.42934, 0.71594, 0.42934, 0.39307, -0.48606, -0.77787, -40.58862, -44.94525, 128.18729
1564, 500, -35.21687, -51.49413, 128.58716, 129.5443, 0.80, 0.80, 0.00, 1.00, 0.73448, 0.47956, 0.73448, 0.47956, 0.25214, -0.55288, -0.79076, -35.21687, -51.49413, 128.58716
1565, 501, -37.70854, -43.06722, 130.05133, 131.008, 0.80, 0.80, 0.00, 1.00, 0.74168, 0.42874, 0.74168, 0.42874, 0.01463, -0.17565, -0.9822, -37.70854, -43.06722, 130.05133
1566, 500, -35.21687, -51.49413, 128.58716, 129.5443, 0.80, 0.80, 0.00, 1.00, 0.73448, 0.47956, 0.73448, 0.47956, 0.25214, -0.55288, -0.79076, -35.21687, -51.49413, 128.58716
1567, 502, -32.76663, -50.12318, 129.71078, 130.66756, 0.80, 0.80, 0.00, 1.00, 0.76451, 0.47946, 0.76451, 0.47946, -0.19355, -0.29387, -0.93234, -32.76663, -50.12318, 129.71078
1568, 501, -37.70854, -43.06722, 130.05133, 131.008, 0.80, 0.80, 0.00, 1.00, 0.74168, 0.42874, 0.74168, 0.42874, 0.01463, -0.17565, -0.9822, -37.70854, -43.06722, 130.05133
1569, 497, -40.59952, -45.29475, 125.50816, 126.46633, 0.80, 0.80, 0.00, 1.00, 0.95569, 0.4343, 0.95569, 0.4343, 0.7131, -0.64391, 0.25662, -40.59952, -45.29475, 125.50816
1570, 496, -36.47924, -51.01133, 125.31067, 126.26891, 0.80, 0.80, 0.00, 1.00, 0.96337, 0.47594, 0.96337, 0.47594, 0.72424, -0.6555, 0.18699, -36.47924, -51.01133, 125.31067
1571, 503, -40.58862, -44.94525, 128.18729, 129.14455, 0.80, 0.80, 0.00, 1.00, 0.98763, 0.43219, 0.98763, 0.43219, 0.69358, -0.71329, -0.006, -40.58862, -44.94525, 128.18729
1572, 496, -36.47924, -51.01133, 125.31067, 126.26891, 0.80, 0.80, 0.00, 1.00, 0.96337, 0.47594, 0.96337, 0.47594, 0.72424, -0.6555, 0.18699, -36.47924, -51.01133, 125.31067
1573, 504, -35.21687, -51.49413, 128.58716, 129.5443, 0.80, 0.80, 0.00, 1.00, 0.99852, 0.47698, 0.99852, 0.47698, 0.69098, -0.71266, -0.06985, -35.21687, -51.49413, 128.58716
1574, 503, -40.58862, -44.94525, 128.18729, 129.14455, 0.80, 0.80, 0.00, 1.00, 0.98763, 0.43219, 0.98763, 0.43219, 0.69358, -0.71329, -0.006, -40.58862, -44.94525, 128.18729
1575, 501, -37.70854, -43.06722, 130.05133, 131.008, 0.80, 0.80, 0.00, 1.00, 0.74168, 0.42874, 0.74168, 0.42874, 0.01463, -0.17565, -0.9822, -37.70854, -43.06722, 130.05133
1576, 505, -28.90285, -46.55411, 127.85724, 128.81462, 0.80, 0.80, 0.00, 1.00, 0.81, 0.47876, 0.81, 0.47876, -0.69272, 0.33636, -0.62945, -28.90285, -46.55411, 127.85724
1577, 506, -34.96449, -40.40309, 128.03951, 128.99683, 0.80, 0.80, 0.00, 1.00, 0.80834, 0.42881, 0.80834, 0.42881, -0.591, 0.59633, -0.53325, -34.96449, -40.40309, 128.03951
1578, 502, -32.76663, -50.12318, 129.71078, 130.66756, 0.80, 0.80, 0.00, 1.00, 0.76451, 0.47946, 0.76451, 0.47946, -0.19355, -0.29387, -0.93234, -32.76663, -50.12318, 129.71078
1579, 505, -28.90285, -46.55411, 127.85724, 128.81462, 0.80, 0.80, 0.00, 1.00, 0.81, 0.47876, 0.81, 0.47876, -0.69272, 0.33636, -0.62945, -28.90285, -46.55411, 127.85724
1580, 501, -37.70854, -43.06722, 130.05133, 131.008, 0.80, 0.80, 0.00, 1.00, 0.74168, 0.42874, 0.74168, 0.42874, 0.01463, -0.17565, -0.9822, -37.70854, -43.06722, 130.05133
1581, 507, -34.62722, -38.94427, 124.67252, 125.63096, 0.80, 0.80, 0.00, 1.00, 0.86247, 0.42872, 0.86247, 0.42872, -0.48691, 0.73949, 0.45638, -34.62722, -38.94427, 124.67252
1582, 494, -31.90374, -46.83207, 122.19386, 123.15313, 0.80, 0.80, 0.00, 1.00, 0.87231, 0.47948, 0.87231, 0.47948, -0.16371, 0.42708, 0.88662, -31.90374, -46.83207, 122.19386
1583, 491, -36.96939, -41.56009, 123.11689, 124.07585, 0.80, 0.80, 0.00, 1.00, 0.89725, 0.42902, 0.89725, 0.42902, -0.04518, 0.42581, 0.90058, -36.96939, -41.56009, 123.11689
1584, 508, -29.42213, -45.5883, 123.61649, 124.57529, 0.80, 0.80, 0.00, 1.00, 0.84635, 0.47958, 0.84635, 0.47958, -0.64938, 0.66783, 0.35316, -29.42213, -45.5883, 123.61649
1585, 494, -31.90374, -46.83207, 122.19386, 123.15313, 0.80, 0.80, 0.00, 1.00, 0.87231, 0.47948, 0.87231, 0.47948, -0.16371, 0.42708, 0.88662, -31.90374, -46.83207, 122.19386
1586, 507, -34.62722, -38.94427, 124.67252, 125.63096, 0.80, 0.80, 0.00, 1.00, 0.86247, 0.42872, 0.86247, 0.42872, -0.48691, 0.73949, 0.45638, -34.62722, -38.94427, 124.67252
1587, 506, -34.96449, -40.40309, 128.03951, 128.99683, 0.80, 0.80, 0.00, 1.00, 0.80834, 0.42881, 0.80834, 0.42881, -0.591, 0.59633, -0.53325, -34.96449, -40.40309, 128.03951
1588, 508, -29.42213, -45.5883, 123.61649, 124.57529, 0.80, 0.80, 0.00, 1.00, 0.84635, 0.47958, 0.84635, 0.47958, -0.64938, 0.66783, 0.35316, -29.42213, -45.5883, 123.61649
1589, 507, -34.62722, -38.94427, 124.67252, 125.63096, 0.80, 0.80, 0.00, 1.00, 0.86247, 0.42872, 0.86247, 0.42872, -0.48691, 0.73949, 0.45638, -34.62722, -38.94427, 124.67252
1590, 505, -28.90285, -46.55411, 127.85724, 128.81462, 0.80, 0.80, 0.00, 1.00, 0.81, 0.47876, 0.81, 0.47876, -0.69272, 0.33636, -0.62945, -28.90285, -46.55411, 127.85724
1591, 508, -29.42213, -45.5883, 123.61649, 124.57529, 0.80, 0.80, 0.00, 1.00, 0.84635, 0.47958, 0.84635, 0.47958, -0.64938, 0.66783, 0.35316, -29.42213, -45.5883, 123.61649
1592, 506, -34.96449, -40.40309, 128.03951, 128.99683, 0.80, 0.80, 0.00, 1.00, 0.80834, 0.42881, 0.80834, 0.42881, -0.591, 0.59633, -0.53325, -34.96449, -40.40309, 128.03951
1593, 494, -31.90374, -46.83207, 122.19386, 123.15313, 0.80, 0.80, 0.00, 1.00, 0.87231, 0.47948, 0.87231, 0.47948, -0.16371, 0.42708, 0.88662, -31.90374, -46.83207, 122.19386
1594, 509, -24.13463, -68.64606, 120.75391, 121.71367, 0.80, 0.80, 0.00, 1.00, 0.90361, 0.60723, 0.90361, 0.60723, -0.08992, 0.29632, 0.9486, -24.13463, -68.64606, 120.75391
1595, 492, -34.75894, -50.38726, 121.89188, 122.85126, 0.80, 0.80, 0.00, 1.00, 0.91128, 0.48716, 0.91128, 0.48716, 0.01388, 0.30355, 0.94997, -34.75894, -50.38726, 121.89188
1596, 510, -22.29579, -67.14443, 121.10958, 122.06921, 0.80, 0.80, 0.00, 1.00, 0.86396, 0.60688, 0.86396, 0.60688, -0.33997, 0.36306, 0.86573, -22.29579, -67.14443, 121.10958
1597, 509, -24.13463, -68.64606, 120.75391, 121.71367, 0.80, 0.80, 0.00, 1.00, 0.90361, 0.60723, 0.90361, 0.60723, -0.08992, 0.29632, 0.9486, -24.13463, -68.64606, 120.75391
1598, 494, -31.90374, -46.83207, 122.19386, 123.15313, 0.80, 0.80, 0.00, 1.00, 0.87231, 0.47948, 0.87231, 0.47948, -0.16371, 0.42708, 0.88662, -31.90374, -46.83207, 122.19386
1599, 498, -34.75894, -50.38726, 121.89188, 122.85126, 0.80, 0.80, 0.00, 1.00, 0.92291, 0.48464, 0.92291, 0.48464, 0.70255, -0.49137, 0.50392, -34.75894, -50.38726, 121.89188
1600, 511, -24.68262, -69.02939, 121.91782, 122.87717, 0.80, 0.80, 0.00, 1.00, 0.95139, 0.60668, 0.95139, 0.60668, 0.8699, -0.361, 0.31903, -24.68262, -69.02939, 121.91782
1601, 496, -36.47924, -51.01133, 125.31067, 126.26891, 0.80, 0.80, 0.00, 1.00, 0.96337, 0.47594, 0.96337, 0.47594, 0.72424, -0.6555, 0.18699, -36.47924, -51.01133, 125.31067
1602, 512, -24.13463, -68.64606, 120.75391, 121.71367, 0.80, 0.80, 0.00, 1.00, 0.92935, 0.60822, 0.92935, 0.60822, 0.82037, -0.25227, 0.50186, -24.13463, -68.64606, 120.75391
1603, 511, -24.68262, -69.02939, 121.91782, 122.87717, 0.80, 0.80, 0.00, 1.00, 0.95139, 0.60668, 0.95139, 0.60668, 0.8699, -0.361, 0.31903, -24.68262, -69.02939, 121.91782
1604, 498, -34.75894, -50.38726, 121.89188, 122.85126, 0.80, 0.80, 0.00, 1.00, 0.92291, 0.48464, 0.92291, 0.48464, 0.70255, -0.49137, 0.50392, -34.75894, -50.38726, 121.89188
1605, 500, -35.21687, -51.49413, 128.58716, 129.5443, 0.80, 0.80, 0.00, 1.00, 0.73448, 0.47956, 0.73448, 0.47956, 0.25214, -0.55288, -0.79076, -35.21687, -51.49413, 128.58716
1606, 513, -22.86363, -68.43319, 123.82569, 124.78442, 0.80, 0.80, 0.00, 1.00, 0.76975, 0.60446, 0.76975, 0.60446, 0.00263, -0.54458, -0.83448, -22.86363, -68.43319, 123.82569
1607, 502, -32.76663, -50.12318, 129.71078, 130.66756, 0.80, 0.80, 0.00, 1.00, 0.76451, 0.47946, 0.76451, 0.47946, -0.19355, -0.29387, -0.93234, -32.76663, -50.12318, 129.71078
1608, 514, -24.49254, -68.8109, 123.20485, 124.16378, 0.80, 0.80, 0.00, 1.00, 0.74022, 0.60392, 0.74022, 0.60392, 0.25079, -0.60301, -0.75321, -24.49254, -68.8109, 123.20485
1609, 513, -22.86363, -68.43319, 123.82569, 124.78442, 0.80, 0.80, 0.00, 1.00, 0.76975, 0.60446, 0.76975, 0.60446, 0.00263, -0.54458, -0.83448, -22.86363, -68.43319, 123.82569
1610, 500, -35.21687, -51.49413, 128.58716, 129.5443, 0.80, 0.80, 0.00, 1.00, 0.73448, 0.47956, 0.73448, 0.47956, 0.25214, -0.55288, -0.79076, -35.21687, -51.49413, 128.58716
1611, 496, -36.47924, -51.01133, 125.31067, 126.26891, 0.80, 0.80, 0.00, 1.00, 0.96337, 0.47594, 0.96337, 0.47594, 0.72424, -0.6555, 0.18699, -36.47924, -51.01133, 125.31067
1612, 515, -24.49254, -68.8109, 123.20485, 124.16378, 0.80, 0.80, 0.00, 1.00, 0.97059, 0.60313, 0.97059, 0.60313, 0.84307, -0.52251, -0.08499, -24.49254, -68.8109, 123.20485
1613, 504, -35.21687, -51.49413, 128.58716, 129.5443, 0.80, 0.80, 0.00, 1.00, 0.99852, 0.47698, 0.99852, 0.47698, 0.69098, -0.71266, -0.06985, -35.21687, -51.49413, 128.58716
1614, 511, -24.68262, -69.02939, 121.91782, 122.87717, 0.80, 0.80, 0.00, 1.00, 0.95139, 0.60668, 0.95139, 0.60668, 0.8699, -0.361, 0.31903, -24.68262, -69.02939, 121.91782
1615, 515, -24.49254, -68.8109, 123.20485, 124.16378, 0.80, 0.80, 0.00, 1.00, 0.97059, 0.60313, 0.97059, 0.60313, 0.84307, -0.52251, -0.08499, -24.49254, -68.8109, 123.20485
1616, 496, -36.47924, -51.01133, 125.31067, 126.26891, 0.80, 0.80, 0.00, 1.00, 0.96337, 0.47594, 0.96337, 0.47594, 0.72424, -0.6555, 0.18699, -36.47924, -51.01133, 125.31067
1617, 502, -32.76663, -50.12318, 129.71078, 130.66756, 0.80, 0.80, 0.00, 1.00, 0.76451, 0.47946, 0.76451, 0.47946, -0.19355, -0.29387, -0.93234, -32.76663, -50.12318, 129.71078
1618, 516, -21.20109, -67.33232, 122.84045, 123.7995, 0.80, 0.80, 0.00, 1.00, 0.80086, 0.60553, 0.80086, 0.60553, -0.70944, -0.17696, -0.6739, -21.20109, -67.33232, 122.84045
1619, 505, -28.90285, -46.55411, 127.85724, 128.81462, 0.80, 0.80, 0.00, 1.00, 0.81, 0.47876, 0.81, 0.47876, -0.69272, 0.33636, -0.62945, -28.90285, -46.55411, 127.85724
1620, 513, -22.86363, -68.43319, 123.82569, 124.78442, 0.80, 0.80, 0.00, 1.00, 0.76975, 0.60446, 0.76975, 0.60446, 0.00263, -0.54458, -0.83448, -22.86363, -68.43319, 123.82569
1621, 516, -21.20109, -67.33232, 122.84045, 123.7995, 0.80, 0.80, 0.00, 1.00, 0.80086, 0.60553, 0.80086, 0.60553, -0.70944, -0.17696, -0.6739, -21.20109, -67.33232, 122.84045
1622, 502, -32.76663, -50.12318, 129.71078, 130.66756, 0.80, 0.80, 0.00, 1.00, 0.76451, 0.47946, 0.76451, 0.47946, -0.19355, -0.29387, -0.93234, -32.76663, -50.12318, 129.71078
1623, 508, -29.42213, -45.5883, 123.61649, 124.57529, 0.80, 0.80, 0.00, 1.00, 0.84635, 0.47958, 0.84635, 0.47958, -0.64938, 0.66783, 0.35316, -29.42213, -45.5883, 123.61649
1624, 510, -22.29579, -67.14443, 121.10958, 122.06921, 0.80, 0.80, 0.00, 1.00, 0.86396, 0.60688, 0.86396, 0.60688, -0.33997, 0.36306, 0.86573, -22.29579, -67.14443, 121.10958
1625, 494, -31.90374, -46.83207, 122.19386, 123.15313, 0.80, 0.80, 0.00, 1.00, 0.87231, 0.47948, 0.87231, 0.47948, -0.16371, 0.42708, 0.88662, -31.90374, -46.83207, 122.19386
1626, 517, -21.01624, -66.8286, 121.76841, 122.72782, 0.80, 0.80, 0.00, 1.00, 0.8338, 0.60579, 0.8338, 0.60579, -0.92633, 0.29817, 0.21526, -21.01624, -66.8286, 121.76841
1627, 510, -22.29579, -67.14443, 121.10958, 122.06921, 0.80, 0.80, 0.00, 1.00, 0.86396, 0.60688, 0.86396, 0.60688, -0.33997, 0.36306, 0.86573, -22.29579, -67.14443, 121.10958
1628, 508, -29.42213, -45.5883, 123.61649, 124.57529, 0.80, 0.80, 0.00, 1.00, 0.84635, 0.47958, 0.84635, 0.47958, -0.64938, 0.66783, 0.35316, -29.42213, -45.5883, 123.61649
1629, 505, -28.90285, -46.55411, 127.85724, 128.81462, 0.80, 0.80, 0.00, 1.00, 0.81, 0.47876, 0.81, 0.47876, -0.69272, 0.33636, -0.62945, -28.90285, -46.55411, 127.85724
1630, 517, -21.01624, -66.8286, 121.76841, 122.72782, 0.80, 0.80, 0.00, 1.00, 0.8338, 0.60579, 0.8338, 0.60579, -0.92633, 0.29817, 0.21526, -21.01624, -66.8286, 121.76841
1631, 508, -29.42213, -45.5883, 123.61649, 124.57529, 0.80, 0.80, 0.00, 1.00, 0.84635, 0.47958, 0.84635, 0.47958, -0.64938, 0.66783, 0.35316, -29.42213, -45.5883, 123.61649
1632, 516, -21.20109, -67.33232, 122.84045, 123.7995, 0.80, 0.80, 0.00, 1.00, 0.80086, 0.60553, 0.80086, 0.60553, -0.70944, -0.17696, -0.6739, -21.20109, -67.33232, 122.84045
1633, 517, -21.01624, -66.8286, 121.76841, 122.72782, 0.80, 0.80, 0.00, 1.00, 0.8338, 0.60579, 0.8338, 0.60579, -0.92633, 0.29817, 0.21526, -21.01624, -66.8286, 121.76841
1634, 505, -28.90285, -46.55411, 127.85724, 128.81462, 0.80, 0.80, 0.00, 1.00, 0.81, 0.47876, 0.81, 0.47876, -0.69272, 0.33636, -0.62945, -28.90285, -46.55411, 127.85724
1635, 518, -31.7791, -74.69434, 117.756, 118.71675, 0.80, 0.80, 0.00, 1.00, 0.46676, 0.42347, 0.46676, 0.42347, 0.10897, -0.8596, 0.48618, -31.7791, -74.69434, 117.756
1636, 519, -29.77953, -74.80396, 117.3286, 118.28949, 0.80, 0.80, 0.00, 1.00, 0.47813, 0.44864, 0.47813, 0.44864, 0.14153, -0.8496, 0.49516, -29.77953, -74.80396, 117.3286
1637, 520, -31.45687, -76.52071, 121.33132, 122.29088, 0.80, 0.80, 0.00, 1.00, 0.40971, 0.43767, 0.40971, 0.43767, 0.13341, -0.8522, 0.49297, -31.45687, -76.52071, 121.33132
1638, 520, -31.45687, -76.52071, 121.33132, 122.29088, 0.80, 0.80, 0.00, 1.00, 0.40971, 0.43767, 0.40971, 0.43767, 0.13341, -0.8522, 0.49297, -31.45687, -76.52071, 121.33132
1639, 519, -29.77953, -74.80396, 117.3286, 118.28949, 0.80, 0.80, 0.00, 1.00, 0.47813, 0.44864, 0.47813, 0.44864, 0.14153, -0.8496, 0.49516, -29.77953, -74.80396, 117.3286
1640, 521, -30.815, -77.11728, 122.17799, 123.13726, 0.80, 0.80, 0.00, 1.00, 0.3972, 0.44864, 0.3972, 0.44864, 0.15774, -0.8442, 0.49942, -30.815, -77.11728, 122.17799
1641, 521, -30.815, -77.11728, 122.17799, 123.13726, 0.80, 0.80, 0.00, 1.00, 0.3972, 0.44864, 0.3972, 0.44864, 0.15774, -0.8442, 0.49942, -30.815, -77.11728, 122.17799
1642, 519, -29.77953, -74.80396, 117.3286, 118.28949, 0.80, 0.80, 0.00, 1.00, 0.47813, 0.44864, 0.47813, 0.44864, 0.14153, -0.8496, 0.49516, -29.77953, -74.80396, 117.3286
1643, 522, -27.70782, -75.39444, 117.52831, 118.48914, 0.80, 0.80, 0.00, 1.00, 0.47895, 0.49995, 0.47895, 0.49995, 0.15807, -0.84415, 0.49939, -27.70782, -75.39444, 117.52831
1644, 523, -27.78003, -78.02143, 122.54477, 123.50392, 0.80, 0.80, 0.00, 1.00, 0.3972, 0.51328, 0.3972, 0.51328, 0.15842, -0.84406, 0.49942, -27.78003, -78.02143, 122.54477
1645, 521, -30.815, -77.11728, 122.17799, 123.13726, 0.80, 0.80, 0.00, 1.00, 0.3972, 0.44864, 0.3972, 0.44864, 0.15774, -0.8442, 0.49942, -30.815, -77.11728, 122.17799
1646, 522, -27.70782, -75.39444, 117.52831, 118.48914, 0.80, 0.80, 0.00, 1.00, 0.47895, 0.49995, 0.47895, 0.49995, 0.15807, -0.84415, 0.49939, -27.70782, -75.39444, 117.52831
1647, 524, -19.6091, -73.49277, 119.81161, 120.77168, 0.80, 0.80, 0.00, 1.00, 0.47606, 0.58889, 0.47606, 0.58889, -0.26252, -0.86503, 0.41881, -19.6091, -73.49277, 119.81161
1648, 523, -27.78003, -78.02143, 122.54477, 123.50392, 0.80, 0.80, 0.00, 1.00, 0.3972, 0.51328, 0.3972, 0.51328, 0.15842, -0.84406, 0.49942, -27.78003, -78.02143, 122.54477
1649, 522, -27.70782, -75.39444, 117.52831, 118.48914, 0.80, 0.80, 0.00, 1.00, 0.47895, 0.49995, 0.47895, 0.49995, 0.15807, -0.84415, 0.49939, -27.70782, -75.39444, 117.52831
1650, 523, -27.78003, -78.02143, 122.54477, 123.50392, 0.80, 0.80, 0.00, 1.00, 0.3972, 0.51328, 0.3972, 0.51328, 0.15842, -0.84406, 0.49942, -27.78003, -78.02143, 122.54477
1651, 524, -19.6091, -73.49277, 119.81161, 120.77168, 0.80, 0.80, 0.00, 1.00, 0.47606, 0.58889, 0.47606, 0.58889, -0.26252, -0.86503, 0.41881, -19.6091, -73.49277, 119.81161
1652, 525, -20.4206, -75.30572, 123.61207, 124.57086, 0.80, 0.80, 0.00, 1.00, 0.41264, 0.58889, 0.41264, 0.58889, -0.26283, -0.86496, 0.41877, -20.4206, -75.30572, 123.61207
1653, 526, -18.7197, -73.72994, 121.25181, 122.2114, 0.80, 0.80, 0.00, 1.00, 0.45706, 0.60475, 0.45706, 0.60475, -0.26318, -0.86491, 0.41867, -18.7197, -73.72994, 121.25181
1654, 525, -20.4206, -75.30572, 123.61207, 124.57086, 0.80, 0.80, 0.00, 1.00, 0.41264, 0.58889, 0.41264, 0.58889, -0.26283, -0.86496, 0.41877, -20.4206, -75.30572, 123.61207
1655, 524, -19.6091, -73.49277, 119.81161, 120.77168, 0.80, 0.80, 0.00, 1.00, 0.47606, 0.58889, 0.47606, 0.58889, -0.26252, -0.86503, 0.41881, -19.6091, -73.49277, 119.81161
1656, 527, -19.10193, -74.58386, 123.04187, 124.00085, 0.80, 0.80, 0.00, 1.00, 0.42718, 0.60475, 0.42718, 0.60475, -0.26318, -0.86491, 0.41867, -19.10193, -74.58386, 123.04187
1657, 525, -20.4206, -75.30572, 123.61207, 124.57086, 0.80, 0.80, 0.00, 1.00, 0.41264, 0.58889, 0.41264, 0.58889, -0.26283, -0.86496, 0.41877, -20.4206, -75.30572, 123.61207
1658, 526, -18.7197, -73.72994, 121.25181, 122.2114, 0.80, 0.80, 0.00, 1.00, 0.45706, 0.60475, 0.45706, 0.60475, -0.26318, -0.86491, 0.41867, -18.7197, -73.72994, 121.25181
1659, 528, -22.29579, -67.14443, 121.10958, 122.06921, 0.80, 0.80, 0.00, 1.00, 0.66336, 0.47671, 0.66336, 0.47671, 0.05999, 0.78151, 0.613, -22.29579, -67.14443, 121.10958
1660, 529, -25.07275, -70.33986, 119.72367, 120.68376, 0.80, 0.80, 0.00, 1.00, 0.613, 0.50877, 0.613, 0.50877, 0.04775, 0.65512, 0.74834, -25.07275, -70.33986, 119.72367
1661, 530, -24.13463, -68.64606, 120.75391, 121.71367, 0.80, 0.80, 0.00, 1.00, 0.63352, 0.488, 0.63352, 0.488, 0.33242, 0.8192, 0.455, -24.13463, -68.64606, 120.75391
1662, 531, -22.35287, -68.6039, 120.2665, 121.22641, 0.80, 0.80, 0.00, 1.00, 0.65619, 0.49774, 0.65619, 0.49774, -0.19848, 0.60867, 0.76398, -22.35287, -68.6039, 120.2665
1663, 529, -25.07275, -70.33986, 119.72367, 120.68376, 0.80, 0.80, 0.00, 1.00, 0.613, 0.50877, 0.613, 0.50877, 0.04775, 0.65512, 0.74834, -25.07275, -70.33986, 119.72367
1664, 528, -22.29579, -67.14443, 121.10958, 122.06921, 0.80, 0.80, 0.00, 1.00, 0.66336, 0.47671, 0.66336, 0.47671, 0.05999, 0.78151, 0.613, -22.29579, -67.14443, 121.10958
1665, 532, -24.13463, -68.64606, 120.75391, 121.71367, 0.80, 0.80, 0.00, 1.00, 0.6264, 0.43644, 0.6264, 0.43644, 0.73498, 0.66968, 0.04674, -24.13463, -68.64606, 120.75391
1666, 533, -25.83636, -70.99152, 121.35712, 122.31667, 0.80, 0.80, 0.00, 1.00, 0.60121, 0.46273, 0.60121, 0.46273, 0.65516, 0.73721, -0.13973, -25.83636, -70.99152, 121.35712
1667, 534, -24.68262, -69.02939, 121.91782, 122.87717, 0.80, 0.80, 0.00, 1.00, 0.62276, 0.45986, 0.62276, 0.45986, 0.80266, 0.58078, -0.10536, -24.68262, -69.02939, 121.91782
1668, 535, -25.07275, -70.33986, 119.72367, 120.68376, 0.80, 0.80, 0.00, 1.00, 0.60648, 0.4294, 0.60648, 0.4294, 0.61741, 0.77699, -0.08078, -25.07275, -70.33986, 119.72367
1669, 533, -25.83636, -70.99152, 121.35712, 122.31667, 0.80, 0.80, 0.00, 1.00, 0.60121, 0.46273, 0.60121, 0.46273, 0.65516, 0.73721, -0.13973, -25.83636, -70.99152, 121.35712
1670, 532, -24.13463, -68.64606, 120.75391, 121.71367, 0.80, 0.80, 0.00, 1.00, 0.6264, 0.43644, 0.6264, 0.43644, 0.73498, 0.66968, 0.04674, -24.13463, -68.64606, 120.75391
1671, 536, -24.49254, -68.8109, 123.20485, 124.16378, 0.80, 0.80, 0.00, 1.00, 0.63415, 0.48306, 0.63415, 0.48306, 0.38791, 0.04795, -0.92015, -24.49254, -68.8109, 123.20485
1672, 537, -23.13643, -70.38505, 124.01924, 124.9779, 0.80, 0.80, 0.00, 1.00, 0.65226, 0.50274, 0.65226, 0.50274, 0.03345, -0.01979, -0.99752, -23.13643, -70.38505, 124.01924
1673, 538, -22.86363, -68.43319, 123.82569, 124.78442, 0.80, 0.80, 0.00, 1.00, 0.65918, 0.48292, 0.65918, 0.48292, -0.21468, -0.05222, -0.97208, -22.86363, -68.43319, 123.82569
1674, 539, -25.49716, -70.93258, 123.13319, 124.09216, 0.80, 0.80, 0.00, 1.00, 0.61603, 0.50288, 0.61603, 0.50288, 0.38228, 0.03268, -0.92314, -25.49716, -70.93258, 123.13319
1675, 537, -23.13643, -70.38505, 124.01924, 124.9779, 0.80, 0.80, 0.00, 1.00, 0.65226, 0.50274, 0.65226, 0.50274, 0.03345, -0.01979, -0.99752, -23.13643, -70.38505, 124.01924
1676, 536, -24.49254, -68.8109, 123.20485, 124.16378, 0.80, 0.80, 0.00, 1.00, 0.63415, 0.48306, 0.63415, 0.48306, 0.38791, 0.04795, -0.92015, -24.49254, -68.8109, 123.20485
1677, 534, -24.68262, -69.02939, 121.91782, 122.87717, 0.80, 0.80, 0.00, 1.00, 0.62276, 0.45986, 0.62276, 0.45986, 0.80266, 0.58078, -0.10536, -24.68262, -69.02939, 121.91782
1678, 540, -25.49716, -70.93258, 123.13319, 124.09216, 0.80, 0.80, 0.00, 1.00, 0.61265, 0.49168, 0.61265, 0.49168, 0.74529, 0.62961, -0.20397, -25.49716, -70.93258, 123.13319
1679, 541, -24.49254, -68.8109, 123.20485, 124.16378, 0.80, 0.80, 0.00, 1.00, 0.63066, 0.48026, 0.63066, 0.48026, 0.84264, 0.51158, -0.14698, -24.49254, -68.8109, 123.20485
1680, 533, -25.83636, -70.99152, 121.35712, 122.31667, 0.80, 0.80, 0.00, 1.00, 0.60121, 0.46273, 0.60121, 0.46273, 0.65516, 0.73721, -0.13973, -25.83636, -70.99152, 121.35712
1681, 540, -25.49716, -70.93258, 123.13319, 124.09216, 0.80, 0.80, 0.00, 1.00, 0.61265, 0.49168, 0.61265, 0.49168, 0.74529, 0.62961, -0.20397, -25.49716, -70.93258, 123.13319
1682, 534, -24.68262, -69.02939, 121.91782, 122.87717, 0.80, 0.80, 0.00, 1.00, 0.62276, 0.45986, 0.62276, 0.45986, 0.80266, 0.58078, -0.10536, -24.68262, -69.02939, 121.91782
1683, 538, -22.86363, -68.43319, 123.82569, 124.78442, 0.80, 0.80, 0.00, 1.00, 0.65918, 0.48292, 0.65918, 0.48292, -0.21468, -0.05222, -0.97208, -22.86363, -68.43319, 123.82569
1684, 542, -20.74255, -68.86787, 122.67612, 123.63523, 0.80, 0.80, 0.00, 1.00, 0.68234, 0.5018, 0.68234, 0.5018, -0.43967, 0.00819, -0.89328, -20.74255, -68.86787, 122.67612
1685, 543, -21.20109, -67.33232, 122.84045, 123.7995, 0.80, 0.80, 0.00, 1.00, 0.67997, 0.48197, 0.67997, 0.48197, -0.48896, -0.07262, -0.8639, -21.20109, -67.33232, 122.84045
1686, 537, -23.13643, -70.38505, 124.01924, 124.9779, 0.80, 0.80, 0.00, 1.00, 0.65226, 0.50274, 0.65226, 0.50274, 0.03345, -0.01979, -0.99752, -23.13643, -70.38505, 124.01924
1687, 542, -20.74255, -68.86787, 122.67612, 123.63523, 0.80, 0.80, 0.00, 1.00, 0.68234, 0.5018, 0.68234, 0.5018, -0.43967, 0.00819, -0.89328, -20.74255, -68.86787, 122.67612
1688, 538, -22.86363, -68.43319, 123.82569, 124.78442, 0.80, 0.80, 0.00, 1.00, 0.65918, 0.48292, 0.65918, 0.48292, -0.21468, -0.05222, -0.97208, -22.86363, -68.43319, 123.82569
1689, 544, -21.01624, -66.8286, 121.76841, 122.72782, 0.80, 0.80, 0.00, 1.00, 0.68422, 0.47557, 0.68422, 0.47557, -0.29071, 0.69822, 0.64861, -21.01624, -66.8286, 121.76841
1690, 531, -22.35287, -68.6039, 120.2665, 121.22641, 0.80, 0.80, 0.00, 1.00, 0.65619, 0.49774, 0.65619, 0.49774, -0.19848, 0.60867, 0.76398, -22.35287, -68.6039, 120.2665
1691, 528, -22.29579, -67.14443, 121.10958, 122.06921, 0.80, 0.80, 0.00, 1.00, 0.66336, 0.47671, 0.66336, 0.47671, 0.05999, 0.78151, 0.613, -22.29579, -67.14443, 121.10958
1692, 545, -20.48914, -68.17557, 121.1936, 122.15321, 0.80, 0.80, 0.00, 1.00, 0.68637, 0.49661, 0.68637, 0.49661, -0.33495, 0.6014, 0.72132, -20.48914, -68.17557, 121.1936
1693, 531, -22.35287, -68.6039, 120.2665, 121.22641, 0.80, 0.80, 0.00, 1.00, 0.65619, 0.49774, 0.65619, 0.49774, -0.19848, 0.60867, 0.76398, -22.35287, -68.6039, 120.2665
1694, 544, -21.01624, -66.8286, 121.76841, 122.72782, 0.80, 0.80, 0.00, 1.00, 0.68422, 0.47557, 0.68422, 0.47557, -0.29071, 0.69822, 0.64861, -21.01624, -66.8286, 121.76841
1695, 546, -21.20109, -67.33232, 122.84045, 123.7995, 0.80, 0.80, 0.00, 1.00, 0.72368, 0.47984, 0.72368, 0.47984, -0.9057, 0.27317, -0.30676, -21.20109, -67.33232, 122.84045
1696, 547, -20.48914, -68.17557, 121.1936, 122.15321, 0.80, 0.80, 0.00, 1.00, 0.70022, 0.49868, 0.70022, 0.49868, -0.92042, 0.35208, -0.13698, -20.48914, -68.17557, 121.1936
1697, 548, -21.01624, -66.8286, 121.76841, 122.72782, 0.80, 0.80, 0.00, 1.00, 0.70521, 0.47975, 0.70521, 0.47975, -0.90599, 0.27179, -0.30714, -21.01624, -66.8286, 121.76841
1698, 549, -20.74255, -68.86787, 122.67612, 123.63523, 0.80, 0.80, 0.00, 1.00, 0.72573, 0.49878, 0.72573, 0.49878, -0.85826, 0.35481, -0.35524, -20.74255, -68.86787, 122.67612
1699, 547, -20.48914, -68.17557, 121.1936, 122.15321, 0.80, 0.80, 0.00, 1.00, 0.70022, 0.49868, 0.70022, 0.49868, -0.92042, 0.35208, -0.13698, -20.48914, -68.17557, 121.1936
1700, 546, -21.20109, -67.33232, 122.84045, 123.7995, 0.80, 0.80, 0.00, 1.00, 0.72368, 0.47984, 0.72368, 0.47984, -0.9057, 0.27317, -0.30676, -21.20109, -67.33232, 122.84045
1701, 550, -29.63219, -73.54874, 117.7935, 118.75423, 0.80, 0.80, 0.00, 1.00, 0.52788, 0.55185, 0.52788, 0.55185, -0.02189, 0.70542, 0.70208, -29.63219, -73.54874, 117.7935
1702, 551, -31.7791, -74.69434, 117.756, 118.71675, 0.80, 0.80, 0.00, 1.00, 0.50024, 0.57157, 0.50024, 0.57157, 0.15716, 0.57933, 0.79405, -31.7791, -74.69434, 117.756
1703, 552, -31.65131, -72.87465, 118.36134, 119.32188, 0.80, 0.80, 0.00, 1.00, 0.4989, 0.54593, 0.4989, 0.54593, 0.05461, 0.75701, 0.64318, -31.65131, -72.87465, 118.36134
1704, 553, -29.77953, -74.80396, 117.3286, 118.28949, 0.80, 0.80, 0.00, 1.00, 0.52788, 0.57, 0.52788, 0.57, -0.06452, 0.57788, 0.80922, -29.77953, -74.80396, 117.3286
1705, 551, -31.7791, -74.69434, 117.756, 118.71675, 0.80, 0.80, 0.00, 1.00, 0.50024, 0.57157, 0.50024, 0.57157, 0.15716, 0.57933, 0.79405, -31.7791, -74.69434, 117.756
1706, 550, -29.63219, -73.54874, 117.7935, 118.75423, 0.80, 0.80, 0.00, 1.00, 0.52788, 0.55185, 0.52788, 0.55185, -0.02189, 0.70542, 0.70208, -29.63219, -73.54874, 117.7935
1707, 553, -29.77953, -74.80396, 117.3286, 118.28949, 0.80, 0.80, 0.00, 1.00, 0.52788, 0.57, 0.52788, 0.57, -0.06452, 0.57788, 0.80922, -29.77953, -74.80396, 117.3286
1708, 550, -29.63219, -73.54874, 117.7935, 118.75423, 0.80, 0.80, 0.00, 1.00, 0.52788, 0.55185, 0.52788, 0.55185, -0.02189, 0.70542, 0.70208, -29.63219, -73.54874, 117.7935
1709, 554, -27.63679, -74.01359, 118.01029, 118.97095, 0.80, 0.80, 0.00, 1.00, 0.58286, 0.55047, 0.58286, 0.55047, -0.18077, 0.6327, 0.74835, -27.63679, -74.01359, 118.01029
1710, 553, -29.77953, -74.80396, 117.3286, 118.28949, 0.80, 0.80, 0.00, 1.00, 0.52788, 0.57, 0.52788, 0.57, -0.06452, 0.57788, 0.80922, -29.77953, -74.80396, 117.3286
1711, 554, -27.63679, -74.01359, 118.01029, 118.97095, 0.80, 0.80, 0.00, 1.00, 0.58286, 0.55047, 0.58286, 0.55047, -0.18077, 0.6327, 0.74835, -27.63679, -74.01359, 118.01029
1712, 555, -27.70782, -75.39444, 117.52831, 118.48914, 0.80, 0.80, 0.00, 1.00, 0.5842, 0.57, 0.5842, 0.57, -0.20896, 0.53732, 0.81364, -27.70782, -75.39444, 117.52831
1713, 555, -27.70782, -75.39444, 117.52831, 118.48914, 0.80, 0.80, 0.00, 1.00, 0.5842, 0.57, 0.5842, 0.57, -0.20896, 0.53732, 0.81364, -27.70782, -75.39444, 117.52831
1714, 554, -27.63679, -74.01359, 118.01029, 118.97095, 0.80, 0.80, 0.00, 1.00, 0.58286, 0.55047, 0.58286, 0.55047, -0.18077, 0.6327, 0.74835, -27.63679, -74.01359, 118.01029
1715, 556, -20.11809, -72.07518, 120.15176, 121.11172, 0.80, 0.80, 0.00, 1.00, 0.67917, 0.54944, 0.67917, 0.54944, -0.21677, 0.48744, 0.84286, -20.11809, -72.07518, 120.15176
1716, 555, -27.70782, -75.39444, 117.52831, 118.48914, 0.80, 0.80, 0.00, 1.00, 0.5842, 0.57, 0.5842, 0.57, -0.20896, 0.53732, 0.81364, -27.70782, -75.39444, 117.52831
1717, 556, -20.11809, -72.07518, 120.15176, 121.11172, 0.80, 0.80, 0.00, 1.00, 0.67917, 0.54944, 0.67917, 0.54944, -0.21677, 0.48744, 0.84286, -20.11809, -72.07518, 120.15176
1718, 557, -19.6091, -73.49277, 119.81161, 120.77168, 0.80, 0.80, 0.00, 1.00, 0.68185, 0.57014, 0.68185, 0.57014, -0.19531, 0.5266, 0.82402, -19.6091, -73.49277, 119.81161
1719, 558, -19.6091, -73.49277, 119.81161, 120.77168, 0.80, 0.80, 0.00, 1.00, 0.69837, 0.57075, 0.69837, 0.57075, -0.76387, 0.51446, 0.3814, -19.6091, -73.49277, 119.81161
1720, 559, -20.11809, -72.07518, 120.15176, 121.11172, 0.80, 0.80, 0.00, 1.00, 0.69902, 0.55084, 0.69902, 0.55084, -0.76549, 0.47169, 0.43117, -20.11809, -72.07518, 120.15176
1721, 560, -19.12698, -71.9264, 121.71066, 122.67009, 0.80, 0.80, 0.00, 1.00, 0.71007, 0.54633, 0.71007, 0.54633, -0.89973, 0.42472, 0.03332, -19.12698, -71.9264, 121.71066
1722, 561, -18.7197, -73.72994, 121.25181, 122.2114, 0.80, 0.80, 0.00, 1.00, 0.70942, 0.57075, 0.70942, 0.57075, -0.95625, 0.26637, -0.07261, -18.7197, -73.72994, 121.25181
1723, 558, -19.6091, -73.49277, 119.81161, 120.77168, 0.80, 0.80, 0.00, 1.00, 0.69837, 0.57075, 0.69837, 0.57075, -0.76387, 0.51446, 0.3814, -19.6091, -73.49277, 119.81161
1724, 560, -19.12698, -71.9264, 121.71066, 122.67009, 0.80, 0.80, 0.00, 1.00, 0.71007, 0.54633, 0.71007, 0.54633, -0.89973, 0.42472, 0.03332, -19.12698, -71.9264, 121.71066
1725, 562, -31.45687, -76.52071, 121.33132, 122.29088, 0.80, 0.80, 0.00, 1.00, 0.51498, 0.57085, 0.51498, 0.57085, 0.79376, -0.14376, -0.5877, -31.45687, -76.52071, 121.33132
1726, 563, -30.62548, -75.76781, 122.44529, 123.40448, 0.80, 0.80, 0.00, 1.00, 0.52674, 0.55375, 0.52674, 0.55375, 0.46974, -0.05073, -0.88054, -30.62548, -75.76781, 122.44529
1727, 564, -31.28689, -74.60679, 121.73907, 122.6985, 0.80, 0.80, 0.00, 1.00, 0.51367, 0.54669, 0.51367, 0.54669, 0.57473, 0.08739, -0.81267, -31.28689, -74.60679, 121.73907
1728, 562, -31.45687, -76.52071, 121.33132, 122.29088, 0.80, 0.80, 0.00, 1.00, 0.51498, 0.57085, 0.51498, 0.57085, 0.79376, -0.14376, -0.5877, -31.45687, -76.52071, 121.33132
1729, 565, -30.815, -77.11728, 122.17799, 123.13726, 0.80, 0.80, 0.00, 1.00, 0.52674, 0.57085, 0.52674, 0.57085, 0.41299, -0.31035, -0.85468, -30.815, -77.11728, 122.17799
1730, 563, -30.62548, -75.76781, 122.44529, 123.40448, 0.80, 0.80, 0.00, 1.00, 0.52674, 0.55375, 0.52674, 0.55375, 0.46974, -0.05073, -0.88054, -30.62548, -75.76781, 122.44529
1731, 563, -30.62548, -75.76781, 122.44529, 123.40448, 0.80, 0.80, 0.00, 1.00, 0.52674, 0.55375, 0.52674, 0.55375, 0.46974, -0.05073, -0.88054, -30.62548, -75.76781, 122.44529
1732, 565, -30.815, -77.11728, 122.17799, 123.13726, 0.80, 0.80, 0.00, 1.00, 0.52674, 0.57085, 0.52674, 0.57085, 0.41299, -0.31035, -0.85468, -30.815, -77.11728, 122.17799
1733, 566, -27.66681, -76.54633, 122.82917, 123.78822, 0.80, 0.80, 0.00, 1.00, 0.5947, 0.55245, 0.5947, 0.55245, 0.12608, -0.19857, -0.97006, -27.66681, -76.54633, 122.82917
1734, 566, -27.66681, -76.54633, 122.82917, 123.78822, 0.80, 0.80, 0.00, 1.00, 0.5947, 0.55245, 0.5947, 0.55245, 0.12608, -0.19857, -0.97006, -27.66681, -76.54633, 122.82917
1735, 565, -30.815, -77.11728, 122.17799, 123.13726, 0.80, 0.80, 0.00, 1.00, 0.52674, 0.57085, 0.52674, 0.57085, 0.41299, -0.31035, -0.85468, -30.815, -77.11728, 122.17799
1736, 567, -27.78003, -78.02143, 122.54477, 123.50392, 0.80, 0.80, 0.00, 1.00, 0.59601, 0.57085, 0.59601, 0.57085, 0.08871, -0.40566, -0.90686, -27.78003, -78.02143, 122.54477
1737, 566, -27.66681, -76.54633, 122.82917, 123.78822, 0.80, 0.80, 0.00, 1.00, 0.5947, 0.55245, 0.5947, 0.55245, 0.12608, -0.19857, -0.97006, -27.66681, -76.54633, 122.82917
1738, 567, -27.78003, -78.02143, 122.54477, 123.50392, 0.80, 0.80, 0.00, 1.00, 0.59601, 0.57085, 0.59601, 0.57085, 0.08871, -0.40566, -0.90686, -27.78003, -78.02143, 122.54477
1739, 568, -20.90095, -73.82416, 123.81812, 124.77686, 0.80, 0.80, 0.00, 1.00, 0.67443, 0.55148, 0.67443, 0.55148, -0.058, -0.25882, -0.96137, -20.90095, -73.82416, 123.81812
1740, 568, -20.90095, -73.82416, 123.81812, 124.77686, 0.80, 0.80, 0.00, 1.00, 0.67443, 0.55148, 0.67443, 0.55148, -0.058, -0.25882, -0.96137, -20.90095, -73.82416, 123.81812
1741, 567, -27.78003, -78.02143, 122.54477, 123.50392, 0.80, 0.80, 0.00, 1.00, 0.59601, 0.57085, 0.59601, 0.57085, 0.08871, -0.40566, -0.90686, -27.78003, -78.02143, 122.54477
1742, 569, -20.4206, -75.30572, 123.61207, 124.57086, 0.80, 0.80, 0.00, 1.00, 0.67705, 0.57098, 0.67705, 0.57098, -0.23165, -0.27473, -0.92928, -20.4206, -75.30572, 123.61207
1743, 568, -20.90095, -73.82416, 123.81812, 124.77686, 0.80, 0.80, 0.00, 1.00, 0.67443, 0.55148, 0.67443, 0.55148, -0.058, -0.25882, -0.96137, -20.90095, -73.82416, 123.81812
1744, 569, -20.4206, -75.30572, 123.61207, 124.57086, 0.80, 0.80, 0.00, 1.00, 0.67705, 0.57098, 0.67705, 0.57098, -0.23165, -0.27473, -0.92928, -20.4206, -75.30572, 123.61207
1745, 570, -19.48057, -72.71635, 123.36662, 124.32549, 0.80, 0.80, 0.00, 1.00, 0.69404, 0.54707, 0.69404, 0.54707, -0.33568, -0.06251, -0.93582, -19.48057, -72.71635, 123.36662
1746, 569, -20.4206, -75.30572, 123.61207, 124.57086, 0.80, 0.80, 0.00, 1.00, 0.67705, 0.57098, 0.67705, 0.57098, -0.23165, -0.27473, -0.92928, -20.4206, -75.30572, 123.61207
1747, 571, -19.10193, -74.58386, 123.04187, 124.00085, 0.80, 0.80, 0.00, 1.00, 0.69404, 0.57098, 0.69404, 0.57098, -0.43224, -0.23882, -0.86425, -19.10193, -74.58386, 123.04187
1748, 570, -19.48057, -72.71635, 123.36662, 124.32549, 0.80, 0.80, 0.00, 1.00, 0.69404, 0.54707, 0.69404, 0.54707, -0.33568, -0.06251, -0.93582, -19.48057, -72.71635, 123.36662
1749, 561, -18.7197, -73.72994, 121.25181, 122.2114, 0.80, 0.80, 0.00, 1.00, 0.70942, 0.57075, 0.70942, 0.57075, -0.95625, 0.26637, -0.07261, -18.7197, -73.72994, 121.25181
1750, 560, -19.12698, -71.9264, 121.71066, 122.67009, 0.80, 0.80, 0.00, 1.00, 0.71007, 0.54633, 0.71007, 0.54633, -0.89973, 0.42472, 0.03332, -19.12698, -71.9264, 121.71066
1751, 572, -19.48057, -72.71635, 123.36662, 124.32549, 0.80, 0.80, 0.00, 1.00, 0.72613, 0.54633, 0.72613, 0.54633, -0.91221, 0.22685, -0.32464, -19.48057, -72.71635, 123.36662
1752, 573, -19.10193, -74.58386, 123.04187, 124.00085, 0.80, 0.80, 0.00, 1.00, 0.72678, 0.57075, 0.72678, 0.57075, -0.94132, 0.14571, -0.28633, -19.10193, -74.58386, 123.04187
1753, 561, -18.7197, -73.72994, 121.25181, 122.2114, 0.80, 0.80, 0.00, 1.00, 0.70942, 0.57075, 0.70942, 0.57075, -0.95625, 0.26637, -0.07261, -18.7197, -73.72994, 121.25181
1754, 572, -19.48057, -72.71635, 123.36662, 124.32549, 0.80, 0.80, 0.00, 1.00, 0.72613, 0.54633, 0.72613, 0.54633, -0.91221, 0.22685, -0.32464, -19.48057, -72.71635, 123.36662
1755, 574, -31.65131, -72.87465, 118.36134, 119.32188, 0.80, 0.80, 0.00, 1.00, 0.55657, 0.50775, 0.55657, 0.50775, 0.98645, 0.01912, -0.12876, -31.65131, -72.87465, 118.36134
1756, 575, -31.7791, -74.69434, 117.756, 118.71675, 0.80, 0.80, 0.00, 1.00, 0.55825, 0.52848, 0.55825, 0.52848, 0.98541, 0.04072, -0.1319, -31.7791, -74.69434, 117.756
1757, 576, -31.28689, -74.60679, 121.73907, 122.6985, 0.80, 0.80, 0.00, 1.00, 0.50171, 0.50648, 0.50171, 0.50648, 0.98541, 0.04072, -0.1319, -31.28689, -74.60679, 121.73907
1758, 576, -31.28689, -74.60679, 121.73907, 122.6985, 0.80, 0.80, 0.00, 1.00, 0.50171, 0.50648, 0.50171, 0.50648, 0.98541, 0.04072, -0.1319, -31.28689, -74.60679, 121.73907
1759, 575, -31.7791, -74.69434, 117.756, 118.71675, 0.80, 0.80, 0.00, 1.00, 0.55825, 0.52848, 0.55825, 0.52848, 0.98541, 0.04072, -0.1319, -31.7791, -74.69434, 117.756
1760, 577, -31.45687, -76.52071, 121.33132, 122.29088, 0.80, 0.80, 0.00, 1.00, 0.50002, 0.5272, 0.50002, 0.5272, 0.98389, 0.06231, -0.13497, -31.45687, -76.52071, 121.33132
1761, 578, -28.17983, -72.60587, 118.88598, 119.84635, 0.80, 0.80, 0.00, 1.00, 0.55726, 0.43544, 0.55726, 0.43544, 0.11229, 0.90828, -0.38742, -28.17983, -72.60587, 118.88598
1762, 579, -31.65131, -72.87465, 118.36134, 119.32188, 0.80, 0.80, 0.00, 1.00, 0.49574, 0.43934, 0.49574, 0.43934, 0.17309, 0.86006, -0.46815, -31.65131, -72.87465, 118.36134
1763, 580, -28.8645, -74.01469, 122.24306, 123.20232, 0.80, 0.80, 0.00, 1.00, 0.55726, 0.50127, 0.55726, 0.50127, 0.16557, 0.88095, -0.43001, -28.8645, -74.01469, 122.24306
1764, 580, -28.8645, -74.01469, 122.24306, 123.20232, 0.80, 0.80, 0.00, 1.00, 0.55726, 0.50127, 0.55726, 0.50127, 0.16557, 0.88095, -0.43001, -28.8645, -74.01469, 122.24306
1765, 579, -31.65131, -72.87465, 118.36134, 119.32188, 0.80, 0.80, 0.00, 1.00, 0.49574, 0.43934, 0.49574, 0.43934, 0.17309, 0.86006, -0.46815, -31.65131, -72.87465, 118.36134
1766, 581, -31.28689, -74.60679, 121.73907, 122.6985, 0.80, 0.80, 0.00, 1.00, 0.51087, 0.5034, 0.51087, 0.5034, 0.24434, 0.82133, -0.50548, -31.28689, -74.60679, 121.73907
1767, 533, -25.83636, -70.99152, 121.35712, 122.31667, 0.80, 0.80, 0.00, 1.00, 0.60121, 0.46273, 0.60121, 0.46273, 0.65516, 0.73721, -0.13973, -25.83636, -70.99152, 121.35712
1768, 580, -28.8645, -74.01469, 122.24306, 123.20232, 0.80, 0.80, 0.00, 1.00, 0.55726, 0.50127, 0.55726, 0.50127, 0.16557, 0.88095, -0.43001, -28.8645, -74.01469, 122.24306
1769, 540, -25.49716, -70.93258, 123.13319, 124.09216, 0.80, 0.80, 0.00, 1.00, 0.61265, 0.49168, 0.61265, 0.49168, 0.74529, 0.62961, -0.20397, -25.49716, -70.93258, 123.13319
1770, 580, -28.8645, -74.01469, 122.24306, 123.20232, 0.80, 0.80, 0.00, 1.00, 0.55726, 0.50127, 0.55726, 0.50127, 0.16557, 0.88095, -0.43001, -28.8645, -74.01469, 122.24306
1771, 533, -25.83636, -70.99152, 121.35712, 122.31667, 0.80, 0.80, 0.00, 1.00, 0.60121, 0.46273, 0.60121, 0.46273, 0.65516, 0.73721, -0.13973, -25.83636, -70.99152, 121.35712
1772, 578, -28.17983, -72.60587, 118.88598, 119.84635, 0.80, 0.80, 0.00, 1.00, 0.55726, 0.43544, 0.55726, 0.43544, 0.11229, 0.90828, -0.38742, -28.17983, -72.60587, 118.88598
1773, 578, -28.17983, -72.60587, 118.88598, 119.84635, 0.80, 0.80, 0.00, 1.00, 0.55726, 0.43544, 0.55726, 0.43544, 0.11229, 0.90828, -0.38742, -28.17983, -72.60587, 118.88598
1774, 533, -25.83636, -70.99152, 121.35712, 122.31667, 0.80, 0.80, 0.00, 1.00, 0.60121, 0.46273, 0.60121, 0.46273, 0.65516, 0.73721, -0.13973, -25.83636, -70.99152, 121.35712
1775, 535, -25.07275, -70.33986, 119.72367, 120.68376, 0.80, 0.80, 0.00, 1.00, 0.60648, 0.4294, 0.60648, 0.4294, 0.61741, 0.77699, -0.08078, -25.07275, -70.33986, 119.72367
1776, 582, -28.8645, -74.01469, 122.24306, 123.20232, 0.80, 0.80, 0.00, 1.00, 0.56032, 0.53081, 0.56032, 0.53081, 0.17572, 0.16204, -0.96934, -28.8645, -74.01469, 122.24306
1777, 564, -31.28689, -74.60679, 121.73907, 122.6985, 0.80, 0.80, 0.00, 1.00, 0.51367, 0.54669, 0.51367, 0.54669, 0.57473, 0.08739, -0.81267, -31.28689, -74.60679, 121.73907
1778, 563, -30.62548, -75.76781, 122.44529, 123.40448, 0.80, 0.80, 0.00, 1.00, 0.52674, 0.55375, 0.52674, 0.55375, 0.46974, -0.05073, -0.88054, -30.62548, -75.76781, 122.44529
1779, 582, -28.8645, -74.01469, 122.24306, 123.20232, 0.80, 0.80, 0.00, 1.00, 0.56032, 0.53081, 0.56032, 0.53081, 0.17572, 0.16204, -0.96934, -28.8645, -74.01469, 122.24306
1780, 563, -30.62548, -75.76781, 122.44529, 123.40448, 0.80, 0.80, 0.00, 1.00, 0.52674, 0.55375, 0.52674, 0.55375, 0.46974, -0.05073, -0.88054, -30.62548, -75.76781, 122.44529
1781, 566, -27.66681, -76.54633, 122.82917, 123.78822, 0.80, 0.80, 0.00, 1.00, 0.5947, 0.55245, 0.5947, 0.55245, 0.12608, -0.19857, -0.97006, -27.66681, -76.54633, 122.82917
1782, 582, -28.8645, -74.01469, 122.24306, 123.20232, 0.80, 0.80, 0.00, 1.00, 0.56032, 0.53081, 0.56032, 0.53081, 0.17572, 0.16204, -0.96934, -28.8645, -74.01469, 122.24306
1783, 566, -27.66681, -76.54633, 122.82917, 123.78822, 0.80, 0.80, 0.00, 1.00, 0.5947, 0.55245, 0.5947, 0.55245, 0.12608, -0.19857, -0.97006, -27.66681, -76.54633, 122.82917
1784, 539, -25.49716, -70.93258, 123.13319, 124.09216, 0.80, 0.80, 0.00, 1.00, 0.61603, 0.50288, 0.61603, 0.50288, 0.38228, 0.03268, -0.92314, -25.49716, -70.93258, 123.13319
1785, 539, -25.49716, -70.93258, 123.13319, 124.09216, 0.80, 0.80, 0.00, 1.00, 0.61603, 0.50288, 0.61603, 0.50288, 0.38228, 0.03268, -0.92314, -25.49716, -70.93258, 123.13319
1786, 566, -27.66681, -76.54633, 122.82917, 123.78822, 0.80, 0.80, 0.00, 1.00, 0.5947, 0.55245, 0.5947, 0.55245, 0.12608, -0.19857, -0.97006, -27.66681, -76.54633, 122.82917
1787, 537, -23.13643, -70.38505, 124.01924, 124.9779, 0.80, 0.80, 0.00, 1.00, 0.65226, 0.50274, 0.65226, 0.50274, 0.03345, -0.01979, -0.99752, -23.13643, -70.38505, 124.01924
1788, 537, -23.13643, -70.38505, 124.01924, 124.9779, 0.80, 0.80, 0.00, 1.00, 0.65226, 0.50274, 0.65226, 0.50274, 0.03345, -0.01979, -0.99752, -23.13643, -70.38505, 124.01924
1789, 566, -27.66681, -76.54633, 122.82917, 123.78822, 0.80, 0.80, 0.00, 1.00, 0.5947, 0.55245, 0.5947, 0.55245, 0.12608, -0.19857, -0.97006, -27.66681, -76.54633, 122.82917
1790, 568, -20.90095, -73.82416, 123.81812, 124.77686, 0.80, 0.80, 0.00, 1.00, 0.67443, 0.55148, 0.67443, 0.55148, -0.058, -0.25882, -0.96137, -20.90095, -73.82416, 123.81812
1791, 583, -28.17983, -72.60587, 118.88598, 119.84635, 0.80, 0.80, 0.00, 1.00, 0.56228, 0.52987, 0.56228, 0.52987, -0.10489, 0.82669, 0.54325, -28.17983, -72.60587, 118.88598
1792, 550, -29.63219, -73.54874, 117.7935, 118.75423, 0.80, 0.80, 0.00, 1.00, 0.52788, 0.55185, 0.52788, 0.55185, -0.02189, 0.70542, 0.70208, -29.63219, -73.54874, 117.7935
1793, 552, -31.65131, -72.87465, 118.36134, 119.32188, 0.80, 0.80, 0.00, 1.00, 0.4989, 0.54593, 0.4989, 0.54593, 0.05461, 0.75701, 0.64318, -31.65131, -72.87465, 118.36134
1794, 554, -27.63679, -74.01359, 118.01029, 118.97095, 0.80, 0.80, 0.00, 1.00, 0.58286, 0.55047, 0.58286, 0.55047, -0.18077, 0.6327, 0.74835, -27.63679, -74.01359, 118.01029
1795, 550, -29.63219, -73.54874, 117.7935, 118.75423, 0.80, 0.80, 0.00, 1.00, 0.52788, 0.55185, 0.52788, 0.55185, -0.02189, 0.70542, 0.70208, -29.63219, -73.54874, 117.7935
1796, 583, -28.17983, -72.60587, 118.88598, 119.84635, 0.80, 0.80, 0.00, 1.00, 0.56228, 0.52987, 0.56228, 0.52987, -0.10489, 0.82669, 0.54325, -28.17983, -72.60587, 118.88598
1797, 529, -25.07275, -70.33986, 119.72367, 120.68376, 0.80, 0.80, 0.00, 1.00, 0.613, 0.50877, 0.613, 0.50877, 0.04775, 0.65512, 0.74834, -25.07275, -70.33986, 119.72367
1798, 554, -27.63679, -74.01359, 118.01029, 118.97095, 0.80, 0.80, 0.00, 1.00, 0.58286, 0.55047, 0.58286, 0.55047, -0.18077, 0.6327, 0.74835, -27.63679, -74.01359, 118.01029
1799, 583, -28.17983, -72.60587, 118.88598, 119.84635, 0.80, 0.80, 0.00, 1.00, 0.56228, 0.52987, 0.56228, 0.52987, -0.10489, 0.82669, 0.54325, -28.17983, -72.60587, 118.88598
1800, 556, -20.11809, -72.07518, 120.15176, 121.11172, 0.80, 0.80, 0.00, 1.00, 0.67917, 0.54944, 0.67917, 0.54944, -0.21677, 0.48744, 0.84286, -20.11809, -72.07518, 120.15176
1801, 554, -27.63679, -74.01359, 118.01029, 118.97095, 0.80, 0.80, 0.00, 1.00, 0.58286, 0.55047, 0.58286, 0.55047, -0.18077, 0.6327, 0.74835, -27.63679, -74.01359, 118.01029
1802, 529, -25.07275, -70.33986, 119.72367, 120.68376, 0.80, 0.80, 0.00, 1.00, 0.613, 0.50877, 0.613, 0.50877, 0.04775, 0.65512, 0.74834, -25.07275, -70.33986, 119.72367
1803, 531, -22.35287, -68.6039, 120.2665, 121.22641, 0.80, 0.80, 0.00, 1.00, 0.65619, 0.49774, 0.65619, 0.49774, -0.19848, 0.60867, 0.76398, -22.35287, -68.6039, 120.2665
1804, 556, -20.11809, -72.07518, 120.15176, 121.11172, 0.80, 0.80, 0.00, 1.00, 0.67917, 0.54944, 0.67917, 0.54944, -0.21677, 0.48744, 0.84286, -20.11809, -72.07518, 120.15176
1805, 529, -25.07275, -70.33986, 119.72367, 120.68376, 0.80, 0.80, 0.00, 1.00, 0.613, 0.50877, 0.613, 0.50877, 0.04775, 0.65512, 0.74834, -25.07275, -70.33986, 119.72367
1806, 545, -20.48914, -68.17557, 121.1936, 122.15321, 0.80, 0.80, 0.00, 1.00, 0.68637, 0.49661, 0.68637, 0.49661, -0.33495, 0.6014, 0.72132, -20.48914, -68.17557, 121.1936
1807, 556, -20.11809, -72.07518, 120.15176, 121.11172, 0.80, 0.80, 0.00, 1.00, 0.67917, 0.54944, 0.67917, 0.54944, -0.21677, 0.48744, 0.84286, -20.11809, -72.07518, 120.15176
1808, 531, -22.35287, -68.6039, 120.2665, 121.22641, 0.80, 0.80, 0.00, 1.00, 0.65619, 0.49774, 0.65619, 0.49774, -0.19848, 0.60867, 0.76398, -22.35287, -68.6039, 120.2665
1809, 560, -19.12698, -71.9264, 121.71066, 122.67009, 0.80, 0.80, 0.00, 1.00, 0.71007, 0.54633, 0.71007, 0.54633, -0.89973, 0.42472, 0.03332, -19.12698, -71.9264, 121.71066
1810, 559, -20.11809, -72.07518, 120.15176, 121.11172, 0.80, 0.80, 0.00, 1.00, 0.69902, 0.55084, 0.69902, 0.55084, -0.76549, 0.47169, 0.43117, -20.11809, -72.07518, 120.15176
1811, 547, -20.48914, -68.17557, 121.1936, 122.15321, 0.80, 0.80, 0.00, 1.00, 0.70022, 0.49868, 0.70022, 0.49868, -0.92042, 0.35208, -0.13698, -20.48914, -68.17557, 121.1936
1812, 568, -20.90095, -73.82416, 123.81812, 124.77686, 0.80, 0.80, 0.00, 1.00, 0.67443, 0.55148, 0.67443, 0.55148, -0.058, -0.25882, -0.96137, -20.90095, -73.82416, 123.81812
1813, 570, -19.48057, -72.71635, 123.36662, 124.32549, 0.80, 0.80, 0.00, 1.00, 0.69404, 0.54707, 0.69404, 0.54707, -0.33568, -0.06251, -0.93582, -19.48057, -72.71635, 123.36662
1814, 537, -23.13643, -70.38505, 124.01924, 124.9779, 0.80, 0.80, 0.00, 1.00, 0.65226, 0.50274, 0.65226, 0.50274, 0.03345, -0.01979, -0.99752, -23.13643, -70.38505, 124.01924
1815, 537, -23.13643, -70.38505, 124.01924, 124.9779, 0.80, 0.80, 0.00, 1.00, 0.65226, 0.50274, 0.65226, 0.50274, 0.03345, -0.01979, -0.99752, -23.13643, -70.38505, 124.01924
1816, 570, -19.48057, -72.71635, 123.36662, 124.32549, 0.80, 0.80, 0.00, 1.00, 0.69404, 0.54707, 0.69404, 0.54707, -0.33568, -0.06251, -0.93582, -19.48057, -72.71635, 123.36662
1817, 542, -20.74255, -68.86787, 122.67612, 123.63523, 0.80, 0.80, 0.00, 1.00, 0.68234, 0.5018, 0.68234, 0.5018, -0.43967, 0.00819, -0.89328, -20.74255, -68.86787, 122.67612
1818, 560, -19.12698, -71.9264, 121.71066, 122.67009, 0.80, 0.80, 0.00, 1.00, 0.71007, 0.54633, 0.71007, 0.54633, -0.89973, 0.42472, 0.03332, -19.12698, -71.9264, 121.71066
1819, 549, -20.74255, -68.86787, 122.67612, 123.63523, 0.80, 0.80, 0.00, 1.00, 0.72573, 0.49878, 0.72573, 0.49878, -0.85826, 0.35481, -0.35524, -20.74255, -68.86787, 122.67612
1820, 572, -19.48057, -72.71635, 123.36662, 124.32549, 0.80, 0.80, 0.00, 1.00, 0.72613, 0.54633, 0.72613, 0.54633, -0.91221, 0.22685, -0.32464, -19.48057, -72.71635, 123.36662
1821, 549, -20.74255, -68.86787, 122.67612, 123.63523, 0.80, 0.80, 0.00, 1.00, 0.72573, 0.49878, 0.72573, 0.49878, -0.85826, 0.35481, -0.35524, -20.74255, -68.86787, 122.67612
1822, 560, -19.12698, -71.9264, 121.71066, 122.67009, 0.80, 0.80, 0.00, 1.00, 0.71007, 0.54633, 0.71007, 0.54633, -0.89973, 0.42472, 0.03332, -19.12698, -71.9264, 121.71066
1823, 547, -20.48914, -68.17557, 121.1936, 122.15321, 0.80, 0.80, 0.00, 1.00, 0.70022, 0.49868, 0.70022, 0.49868, -0.92042, 0.35208, -0.13698, -20.48914, -68.17557, 121.1936
1824, 584, -29.65114, 18.79554, 117.82188, 118.78261, 0.80, 0.80, 0.00, 1.00, 0.35388, 0.02254, 0.35388, 0.02254, 0.74737, -0.46735, 0.47015, -29.65114, 18.79554, 117.82188
1825, 585, -27.73812, 16.29458, 116.76715, 117.72823, 0.80, 0.80, 0.00, 1.00, 0.33854, 0.04987, 0.33854, 0.04987, 0.47381, -0.65847, 0.58331, -27.73812, 16.29458, 116.76715
1826, 586, -29.59333, 17.7617, 118.75674, 119.71716, 0.80, 0.80, 0.00, 1.00, 0.36012, 0.04638, 0.36012, 0.04638, 0.73989, -0.49357, 0.45498, -29.59333, 17.7617, 118.75674
1827, 587, -30.55511, 21.85638, 119.50127, 120.46144, 0.80, 0.80, 0.00, 1.00, 0.40394, 0.00465, 0.40394, 0.00465, 0.99556, -0.03029, -0.07569, -30.55511, 21.85638, 119.50127
1828, 588, -29.65114, 18.79554, 117.82188, 118.78261, 0.80, 0.80, 0.00, 1.00, 0.3538, 0.02288, 0.3538, 0.02288, 0.95229, -0.2321, 0.1926, -29.65114, 18.79554, 117.82188
1829, 589, -29.59333, 17.7617, 118.75674, 119.71716, 0.80, 0.80, 0.00, 1.00, 0.36004, 0.04671, 0.36004, 0.04671, 0.94783, -0.28356, 0.13822, -29.59333, 17.7617, 118.75674
1830, 266, -26.4201, 16.63894, 116.70621, 117.6673, 0.80, 0.80, 0.00, 1.00, 0.33048, 0.05465, 0.33048, 0.05465, -0.13589, -0.60282, 0.78507, -26.4201, 16.63894, 116.70621
1831, 265, -27.19015, 13.97266, 118.34225, 119.3028, 0.80, 0.80, 0.00, 1.00, 0.32881, 0.12721, 0.32881, 0.12721, 0.25805, -0.53614, 0.80285, -27.19015, 13.97266, 118.34225
1832, 585, -27.73812, 16.29458, 116.76715, 117.72823, 0.80, 0.80, 0.00, 1.00, 0.33854, 0.04987, 0.33854, 0.04987, 0.47381, -0.65847, 0.58331, -27.73812, 16.29458, 116.76715
1833, 585, -27.73812, 16.29458, 116.76715, 117.72823, 0.80, 0.80, 0.00, 1.00, 0.33854, 0.04987, 0.33854, 0.04987, 0.47381, -0.65847, 0.58331, -27.73812, 16.29458, 116.76715
1834, 265, -27.19015, 13.97266, 118.34225, 119.3028, 0.80, 0.80, 0.00, 1.00, 0.32881, 0.12721, 0.32881, 0.12721, 0.25805, -0.53614, 0.80285, -27.19015, 13.97266, 118.34225
1835, 590, -29.79016, 16.17229, 120.93108, 121.89076, 0.80, 0.80, 0.00, 1.00, 0.36494, 0.10422, 0.36494, 0.10422, 0.84473, -0.44443, 0.29566, -29.79016, 16.17229, 120.93108
1836, 585, -27.73812, 16.29458, 116.76715, 117.72823, 0.80, 0.80, 0.00, 1.00, 0.33854, 0.04987, 0.33854, 0.04987, 0.47381, -0.65847, 0.58331, -27.73812, 16.29458, 116.76715
1837, 590, -29.79016, 16.17229, 120.93108, 121.89076, 0.80, 0.80, 0.00, 1.00, 0.36494, 0.10422, 0.36494, 0.10422, 0.84473, -0.44443, 0.29566, -29.79016, 16.17229, 120.93108
1838, 586, -29.59333, 17.7617, 118.75674, 119.71716, 0.80, 0.80, 0.00, 1.00, 0.36012, 0.04638, 0.36012, 0.04638, 0.73989, -0.49357, 0.45498, -29.59333, 17.7617, 118.75674
1839, 587, -30.55511, 21.85638, 119.50127, 120.46144, 0.80, 0.80, 0.00, 1.00, 0.40394, 0.00465, 0.40394, 0.00465, 0.99556, -0.03029, -0.07569, -30.55511, 21.85638, 119.50127
1840, 589, -29.59333, 17.7617, 118.75674, 119.71716, 0.80, 0.80, 0.00, 1.00, 0.36004, 0.04671, 0.36004, 0.04671, 0.94783, -0.28356, 0.13822, -29.59333, 17.7617, 118.75674
1841, 591, -29.46033, 19.82748, 123.39127, 124.35014, 0.80, 0.80, 0.00, 1.00, 0.40507, 0.07599, 0.40507, 0.07599, 0.74187, 0.21378, -0.63424, -29.46033, 19.82748, 123.39127
1842, 591, -29.46033, 19.82748, 123.39127, 124.35014, 0.80, 0.80, 0.00, 1.00, 0.40507, 0.07599, 0.40507, 0.07599, 0.74187, 0.21378, -0.63424, -29.46033, 19.82748, 123.39127
1843, 589, -29.59333, 17.7617, 118.75674, 119.71716, 0.80, 0.80, 0.00, 1.00, 0.36004, 0.04671, 0.36004, 0.04671, 0.94783, -0.28356, 0.13822, -29.59333, 17.7617, 118.75674
1844, 592, -29.79016, 16.17229, 120.93108, 121.89076, 0.80, 0.80, 0.00, 1.00, 0.36486, 0.10456, 0.36486, 0.10456, 0.97152, -0.11913, -0.20054, -29.79016, 16.17229, 120.93108
1845, 587, -30.55511, 21.85638, 119.50127, 120.46144, 0.80, 0.80, 0.00, 1.00, 0.40394, 0.00465, 0.40394, 0.00465, 0.99556, -0.03029, -0.07569, -30.55511, 21.85638, 119.50127
1846, 591, -29.46033, 19.82748, 123.39127, 124.35014, 0.80, 0.80, 0.00, 1.00, 0.40507, 0.07599, 0.40507, 0.07599, 0.74187, 0.21378, -0.63424, -29.46033, 19.82748, 123.39127
1847, 593, -29.33744, 23.67204, 120.03203, 120.99202, 0.80, 0.80, 0.00, 1.00, 0.42678, 0.00025, 0.42678, 0.00025, 0.55772, 0.52642, -0.64028, -29.33744, 23.67204, 120.03203
1848, 593, -29.33744, 23.67204, 120.03203, 120.99202, 0.80, 0.80, 0.00, 1.00, 0.42678, 0.00025, 0.42678, 0.00025, 0.55772, 0.52642, -0.64028, -29.33744, 23.67204, 120.03203
1849, 591, -29.46033, 19.82748, 123.39127, 124.35014, 0.80, 0.80, 0.00, 1.00, 0.40507, 0.07599, 0.40507, 0.07599, 0.74187, 0.21378, -0.63424, -29.46033, 19.82748, 123.39127
1850, 271, -25.66196, 22.07432, 122.81293, 123.77199, 0.80, 0.80, 0.00, 1.00, 0.43519, 0.06053, 0.43519, 0.06053, -0.24644, 0.56445, -0.78697, -25.66196, 22.07432, 122.81293
1851, 593, -29.33744, 23.67204, 120.03203, 120.99202, 0.80, 0.80, 0.00, 1.00, 0.42678, 0.00025, 0.42678, 0.00025, 0.55772, 0.52642, -0.64028, -29.33744, 23.67204, 120.03203
1852, 271, -25.66196, 22.07432, 122.81293, 123.77199, 0.80, 0.80, 0.00, 1.00, 0.43519, 0.06053, 0.43519, 0.06053, -0.24644, 0.56445, -0.78697, -25.66196, 22.07432, 122.81293
1853, 272, -27.91143, 24.63531, 119.98975, 120.94975, 0.80, 0.80, 0.00, 1.00, 0.439, -0.00075, 0.439, -0.00075, 0.19854, 0.7344, -0.64788, -27.91143, 24.63531, 119.98975
1854, 594, -29.67237, 18.11056, 113.66316, 114.62527, 0.80, 0.80, 0.00, 1.00, 0.4328, 0.34516, 0.4328, 0.34516, 0.42151, -0.66251, 0.61785, -29.67237, 18.11056, 113.66316
1855, 273, -26.39103, 15.31757, 114.89009, 115.85179, 0.80, 0.80, 0.00, 1.00, 0.39733, 0.41452, 0.39733, 0.41452, -0.26588, -0.85777, 0.43872, -26.39103, 15.31757, 114.89009
1856, 595, -28.06979, 15.53268, 115.82832, 116.78972, 0.80, 0.80, 0.00, 1.00, 0.42681, 0.41326, 0.42681, 0.41326, 0.3211, -0.94611, -0.03707, -28.06979, 15.53268, 115.82832
1857, 594, -29.67237, 18.11056, 113.66316, 114.62527, 0.80, 0.80, 0.00, 1.00, 0.4328, 0.34516, 0.4328, 0.34516, 0.42151, -0.66251, 0.61785, -29.67237, 18.11056, 113.66316
1858, 276, -27.35273, 17.63844, 112.74435, 113.70677, 0.80, 0.80, 0.00, 1.00, 0.39649, 0.35562, 0.39649, 0.35562, -0.17014, -0.67635, 0.71552, -27.35273, 17.63844, 112.74435
1859, 273, -26.39103, 15.31757, 114.89009, 115.85179, 0.80, 0.80, 0.00, 1.00, 0.39733, 0.41452, 0.39733, 0.41452, -0.26588, -0.85777, 0.43872, -26.39103, 15.31757, 114.89009
1860, 594, -29.67237, 18.11056, 113.66316, 114.62527, 0.80, 0.80, 0.00, 1.00, 0.4328, 0.34516, 0.4328, 0.34516, 0.42151, -0.66251, 0.61785, -29.67237, 18.11056, 113.66316
1861, 277, -27.57743, 18.11278, 112.14095, 113.10358, 0.80, 0.80, 0.00, 1.00, 0.39738, 0.33798, 0.39738, 0.33798, -0.10228, -0.52741, 0.84227, -27.57743, 18.11278, 112.14095
1862, 276, -27.35273, 17.63844, 112.74435, 113.70677, 0.80, 0.80, 0.00, 1.00, 0.39649, 0.35562, 0.39649, 0.35562, -0.17014, -0.67635, 0.71552, -27.35273, 17.63844, 112.74435
1863, 278, -27.94204, 19.26259, 111.73318, 112.69593, 0.80, 0.80, 0.00, 1.00, 0.39649, 0.31324, 0.39649, 0.31324, -0.01965, -0.33021, 0.94255, -27.94204, 19.26259, 111.73318
1864, 277, -27.57743, 18.11278, 112.14095, 113.10358, 0.80, 0.80, 0.00, 1.00, 0.39738, 0.33798, 0.39738, 0.33798, -0.10228, -0.52741, 0.84227, -27.57743, 18.11278, 112.14095
1865, 594, -29.67237, 18.11056, 113.66316, 114.62527, 0.80, 0.80, 0.00, 1.00, 0.4328, 0.34516, 0.4328, 0.34516, 0.42151, -0.66251, 0.61785, -29.67237, 18.11056, 113.66316
1866, 278, -27.94204, 19.26259, 111.73318, 112.69593, 0.80, 0.80, 0.00, 1.00, 0.39649, 0.31324, 0.39649, 0.31324, -0.01965, -0.33021, 0.94255, -27.94204, 19.26259, 111.73318
1867, 594, -29.67237, 18.11056, 113.66316, 114.62527, 0.80, 0.80, 0.00, 1.00, 0.4328, 0.34516, 0.4328, 0.34516, 0.42151, -0.66251, 0.61785, -29.67237, 18.11056, 113.66316
1868, 596, -30.26805, 19.6004, 113.0432, 114.00552, 0.80, 0.80, 0.00, 1.00, 0.43423, 0.31062, 0.43423, 0.31062, 0.44564, -0.49624, 0.74372, -30.26805, 19.6004, 113.0432
1869, 597, -31.1771, 23.98744, 111.16019, 112.12314, 0.80, 0.80, 0.00, 1.00, 0.42726, 0.21528, 0.42726, 0.21528, 0.62427, -0.31807, 0.71196, -31.1771, 23.98744, 111.16019
1870, 280, -29.39036, 23.7057, 109.92677, 110.89012, 0.80, 0.80, 0.00, 1.00, 0.39567, 0.21373, 0.39567, 0.21373, -0.00341, -0.2896, 0.95599, -29.39036, 23.7057, 109.92677
1871, 598, -30.41857, 21.07456, 111.85585, 112.81857, 0.80, 0.80, 0.00, 1.00, 0.42919, 0.25769, 0.42919, 0.25769, 0.55755, -0.38065, 0.73625, -30.41857, 21.07456, 111.85585
1872, 283, -28.59129, 21.38158, 111.11469, 112.07766, 0.80, 0.80, 0.00, 1.00, 0.39649, 0.25639, 0.39649, 0.25639, -0.05395, -0.41398, 0.90753, -28.59129, 21.38158, 111.11469
1873, 598, -30.41857, 21.07456, 111.85585, 112.81857, 0.80, 0.80, 0.00, 1.00, 0.42919, 0.25769, 0.42919, 0.25769, 0.55755, -0.38065, 0.73625, -30.41857, 21.07456, 111.85585
1874, 280, -29.39036, 23.7057, 109.92677, 110.89012, 0.80, 0.80, 0.00, 1.00, 0.39567, 0.21373, 0.39567, 0.21373, -0.00341, -0.2896, 0.95599, -29.39036, 23.7057, 109.92677
1875, 285, -30.11084, 26.39942, 109.75499, 110.71841, 0.80, 0.80, 0.00, 1.00, 0.42794, 0.21506, 0.42794, 0.21506, 0.24013, 0.39945, 0.88382, -30.11084, 26.39942, 109.75499
1876, 284, -29.39036, 23.7057, 109.92677, 110.89012, 0.80, 0.80, 0.00, 1.00, 0.39618, 0.21377, 0.39618, 0.21377, 0.11257, 0.01778, 0.9924, -29.39036, 23.7057, 109.92677
1877, 599, -31.76682, 25.80143, 111.06238, 112.02536, 0.80, 0.80, 0.00, 1.00, 0.44333, 0.18059, 0.44333, 0.18059, 0.73186, -0.07599, 0.67549, -31.76682, 25.80143, 111.06238
1878, 599, -31.76682, 25.80143, 111.06238, 112.02536, 0.80, 0.80, 0.00, 1.00, 0.44333, 0.18059, 0.44333, 0.18059, 0.73186, -0.07599, 0.67549, -31.76682, 25.80143, 111.06238
1879, 284, -29.39036, 23.7057, 109.92677, 110.89012, 0.80, 0.80, 0.00, 1.00, 0.39618, 0.21377, 0.39618, 0.21377, 0.11257, 0.01778, 0.9924, -29.39036, 23.7057, 109.92677
1880, 600, -31.1771, 23.98744, 111.16019, 112.12314, 0.80, 0.80, 0.00, 1.00, 0.42484, 0.18234, 0.42484, 0.18234, 0.64853, -0.21516, 0.72857, -31.1771, 23.98744, 111.16019
1881, 273, -26.39103, 15.31757, 114.89009, 115.85179, 0.80, 0.80, 0.00, 1.00, 0.39733, 0.41452, 0.39733, 0.41452, -0.26588, -0.85777, 0.43872, -26.39103, 15.31757, 114.89009
1882, 288, -26.4201, 16.63894, 116.70621, 117.6673, 0.80, 0.80, 0.00, 1.00, 0.39905, 0.42646, 0.39905, 0.42646, -0.35494, -0.88754, -0.29285, -26.4201, 16.63894, 116.70621
1883, 595, -28.06979, 15.53268, 115.82832, 116.78972, 0.80, 0.80, 0.00, 1.00, 0.42681, 0.41326, 0.42681, 0.41326, 0.3211, -0.94611, -0.03707, -28.06979, 15.53268, 115.82832
1884, 595, -28.06979, 15.53268, 115.82832, 116.78972, 0.80, 0.80, 0.00, 1.00, 0.42681, 0.41326, 0.42681, 0.41326, 0.3211, -0.94611, -0.03707, -28.06979, 15.53268, 115.82832
1885, 288, -26.4201, 16.63894, 116.70621, 117.6673, 0.80, 0.80, 0.00, 1.00, 0.39905, 0.42646, 0.39905, 0.42646, -0.35494, -0.88754, -0.29285, -26.4201, 16.63894, 116.70621
1886, 601, -27.73812, 16.29458, 116.76715, 117.72823, 0.80, 0.80, 0.00, 1.00, 0.41852, 0.42068, 0.41852, 0.42068, 0.10499, -0.91641, -0.38586, -27.73812, 16.29458, 116.76715
1887, 595, -28.06979, 15.53268, 115.82832, 116.78972, 0.80, 0.80, 0.00, 1.00, 0.42681, 0.41326, 0.42681, 0.41326, 0.3211, -0.94611, -0.03707, -28.06979, 15.53268, 115.82832
1888, 601, -27.73812, 16.29458, 116.76715, 117.72823, 0.80, 0.80, 0.00, 1.00, 0.41852, 0.42068, 0.41852, 0.42068, 0.10499, -0.91641, -0.38586, -27.73812, 16.29458, 116.76715
1889, 602, -29.65114, 18.79554, 117.82188, 118.78261, 0.80, 0.80, 0.00, 1.00, 0.48682, 0.40128, 0.48682, 0.40128, 0.5677, -0.77078, -0.28776, -29.65114, 18.79554, 117.82188
1890, 597, -31.1771, 23.98744, 111.16019, 112.12314, 0.80, 0.80, 0.00, 1.00, 0.42726, 0.21528, 0.42726, 0.21528, 0.62427, -0.31807, 0.71196, -31.1771, 23.98744, 111.16019
1891, 598, -30.41857, 21.07456, 111.85585, 112.81857, 0.80, 0.80, 0.00, 1.00, 0.42919, 0.25769, 0.42919, 0.25769, 0.55755, -0.38065, 0.73625, -30.41857, 21.07456, 111.85585
1892, 603, -32.20163, 23.88329, 112.38303, 113.34557, 0.80, 0.80, 0.00, 1.00, 0.45139, 0.227, 0.45139, 0.227, 0.69338, -0.34115, 0.63296, -32.20163, 23.88329, 112.38303
1893, 603, -32.20163, 23.88329, 112.38303, 113.34557, 0.80, 0.80, 0.00, 1.00, 0.45139, 0.227, 0.45139, 0.227, 0.69338, -0.34115, 0.63296, -32.20163, 23.88329, 112.38303
1894, 598, -30.41857, 21.07456, 111.85585, 112.81857, 0.80, 0.80, 0.00, 1.00, 0.42919, 0.25769, 0.42919, 0.25769, 0.55755, -0.38065, 0.73625, -30.41857, 21.07456, 111.85585
1895, 604, -31.22184, 20.76325, 113.02586, 113.98818, 0.80, 0.80, 0.00, 1.00, 0.44396, 0.28677, 0.44396, 0.28677, 0.69994, -0.35329, 0.61894, -31.22184, 20.76325, 113.02586
1896, 605, -31.22184, 20.76325, 113.02586, 113.98818, 0.80, 0.80, 0.00, 1.00, 0.44418, 0.28677, 0.44418, 0.28677, 0.83281, -0.39297, 0.38723, -31.22184, 20.76325, 113.02586
1897, 606, -30.26805, 19.6004, 113.0432, 114.00552, 0.80, 0.80, 0.00, 1.00, 0.43445, 0.31062, 0.43445, 0.31062, 0.57171, -0.52798, 0.62645, -30.26805, 19.6004, 113.0432
1898, 607, -31.28574, 19.75725, 113.97052, 114.93253, 0.80, 0.80, 0.00, 1.00, 0.45208, 0.31432, 0.45208, 0.31432, 0.78095, -0.53031, 0.32724, -31.28574, 19.75725, 113.97052
1899, 606, -30.26805, 19.6004, 113.0432, 114.00552, 0.80, 0.80, 0.00, 1.00, 0.43445, 0.31062, 0.43445, 0.31062, 0.57171, -0.52798, 0.62645, -30.26805, 19.6004, 113.0432
1900, 608, -29.67237, 18.11056, 113.66316, 114.62527, 0.80, 0.80, 0.00, 1.00, 0.43301, 0.34516, 0.43301, 0.34516, 0.5988, -0.59103, 0.53882, -29.67237, 18.11056, 113.66316
1901, 607, -31.28574, 19.75725, 113.97052, 114.93253, 0.80, 0.80, 0.00, 1.00, 0.45208, 0.31432, 0.45208, 0.31432, 0.78095, -0.53031, 0.32724, -31.28574, 19.75725, 113.97052
1902, 607, -31.28574, 19.75725, 113.97052, 114.93253, 0.80, 0.80, 0.00, 1.00, 0.45208, 0.31432, 0.45208, 0.31432, 0.78095, -0.53031, 0.32724, -31.28574, 19.75725, 113.97052
1903, 608, -29.67237, 18.11056, 113.66316, 114.62527, 0.80, 0.80, 0.00, 1.00, 0.43301, 0.34516, 0.43301, 0.34516, 0.5988, -0.59103, 0.53882, -29.67237, 18.11056, 113.66316
1904, 609, -30.48626, 18.43178, 114.63209, 115.59387, 0.80, 0.80, 0.00, 1.00, 0.44661, 0.34908, 0.44661, 0.34908, 0.75843, -0.64925, 0.04341, -30.48626, 18.43178, 114.63209
1905, 594, -29.67237, 18.11056, 113.66316, 114.62527, 0.80, 0.80, 0.00, 1.00, 0.4328, 0.34516, 0.4328, 0.34516, 0.42151, -0.66251, 0.61785, -29.67237, 18.11056, 113.66316
1906, 595, -28.06979, 15.53268, 115.82832, 116.78972, 0.80, 0.80, 0.00, 1.00, 0.42681, 0.41326, 0.42681, 0.41326, 0.3211, -0.94611, -0.03707, -28.06979, 15.53268, 115.82832
1907, 610, -30.48626, 18.43178, 114.63209, 115.59387, 0.80, 0.80, 0.00, 1.00, 0.44639, 0.34908, 0.44639, 0.34908, 0.66254, -0.73493, 0.14039, -30.48626, 18.43178, 114.63209
1908, 610, -30.48626, 18.43178, 114.63209, 115.59387, 0.80, 0.80, 0.00, 1.00, 0.44639, 0.34908, 0.44639, 0.34908, 0.66254, -0.73493, 0.14039, -30.48626, 18.43178, 114.63209
1909, 595, -28.06979, 15.53268, 115.82832, 116.78972, 0.80, 0.80, 0.00, 1.00, 0.42681, 0.41326, 0.42681, 0.41326, 0.3211, -0.94611, -0.03707, -28.06979, 15.53268, 115.82832
1910, 602, -29.65114, 18.79554, 117.82188, 118.78261, 0.80, 0.80, 0.00, 1.00, 0.48682, 0.40128, 0.48682, 0.40128, 0.5677, -0.77078, -0.28776, -29.65114, 18.79554, 117.82188
1911, 607, -31.28574, 19.75725, 113.97052, 114.93253, 0.80, 0.80, 0.00, 1.00, 0.45208, 0.31432, 0.45208, 0.31432, 0.78095, -0.53031, 0.32724, -31.28574, 19.75725, 113.97052
1912, 609, -30.48626, 18.43178, 114.63209, 115.59387, 0.80, 0.80, 0.00, 1.00, 0.44661, 0.34908, 0.44661, 0.34908, 0.75843, -0.64925, 0.04341, -30.48626, 18.43178, 114.63209
1913, 611, -31.88445, 22.11412, 116.30969, 117.27092, 0.80, 0.80, 0.00, 1.00, 0.51159, 0.31455, 0.51159, 0.31455, 0.84818, -0.51111, -0.1333, -31.88445, 22.11412, 116.30969
1914, 612, -30.53148, 19.833, 117.75559, 118.71634, 0.80, 0.80, 0.00, 1.00, 0.51356, 0.37896, 0.51356, 0.37896, 0.76993, -0.59866, -0.21788, -30.53148, 19.833, 117.75559
1915, 609, -30.48626, 18.43178, 114.63209, 115.59387, 0.80, 0.80, 0.00, 1.00, 0.44661, 0.34908, 0.44661, 0.34908, 0.75843, -0.64925, 0.04341, -30.48626, 18.43178, 114.63209
1916, 613, -29.65114, 18.79554, 117.82188, 118.78261, 0.80, 0.80, 0.00, 1.00, 0.48703, 0.40128, 0.48703, 0.40128, 0.62894, -0.73255, -0.2586, -29.65114, 18.79554, 117.82188
1917, 609, -30.48626, 18.43178, 114.63209, 115.59387, 0.80, 0.80, 0.00, 1.00, 0.44661, 0.34908, 0.44661, 0.34908, 0.75843, -0.64925, 0.04341, -30.48626, 18.43178, 114.63209
1918, 612, -30.53148, 19.833, 117.75559, 118.71634, 0.80, 0.80, 0.00, 1.00, 0.51356, 0.37896, 0.51356, 0.37896, 0.76993, -0.59866, -0.21788, -30.53148, 19.833, 117.75559
1919, 611, -31.88445, 22.11412, 116.30969, 117.27092, 0.80, 0.80, 0.00, 1.00, 0.51159, 0.31455, 0.51159, 0.31455, 0.84818, -0.51111, -0.1333, -31.88445, 22.11412, 116.30969
1920, 605, -31.22184, 20.76325, 113.02586, 113.98818, 0.80, 0.80, 0.00, 1.00, 0.44418, 0.28677, 0.44418, 0.28677, 0.83281, -0.39297, 0.38723, -31.22184, 20.76325, 113.02586
1921, 607, -31.28574, 19.75725, 113.97052, 114.93253, 0.80, 0.80, 0.00, 1.00, 0.45208, 0.31432, 0.45208, 0.31432, 0.78095, -0.53031, 0.32724, -31.28574, 19.75725, 113.97052
1922, 614, -32.42096, 23.11607, 115.56635, 116.52783, 0.80, 0.80, 0.00, 1.00, 0.50903, 0.28505, 0.50903, 0.28505, 0.92591, -0.36796, 0.07299, -32.42096, 23.11607, 115.56635
1923, 614, -32.42096, 23.11607, 115.56635, 116.52783, 0.80, 0.80, 0.00, 1.00, 0.50903, 0.28505, 0.50903, 0.28505, 0.92591, -0.36796, 0.07299, -32.42096, 23.11607, 115.56635
1924, 607, -31.28574, 19.75725, 113.97052, 114.93253, 0.80, 0.80, 0.00, 1.00, 0.45208, 0.31432, 0.45208, 0.31432, 0.78095, -0.53031, 0.32724, -31.28574, 19.75725, 113.97052
1925, 611, -31.88445, 22.11412, 116.30969, 117.27092, 0.80, 0.80, 0.00, 1.00, 0.51159, 0.31455, 0.51159, 0.31455, 0.84818, -0.51111, -0.1333, -31.88445, 22.11412, 116.30969
1926, 605, -31.22184, 20.76325, 113.02586, 113.98818, 0.80, 0.80, 0.00, 1.00, 0.44418, 0.28677, 0.44418, 0.28677, 0.83281, -0.39297, 0.38723, -31.22184, 20.76325, 113.02586
1927, 614, -32.42096, 23.11607, 115.56635, 116.52783, 0.80, 0.80, 0.00, 1.00, 0.50903, 0.28505, 0.50903, 0.28505, 0.92591, -0.36796, 0.07299, -32.42096, 23.11607, 115.56635
1928, 615, -32.20163, 23.88329, 112.38303, 113.34557, 0.80, 0.80, 0.00, 1.00, 0.45161, 0.227, 0.45161, 0.227, 0.88894, -0.40724, 0.20487, -32.20163, 23.88329, 112.38303
1929, 615, -32.20163, 23.88329, 112.38303, 113.34557, 0.80, 0.80, 0.00, 1.00, 0.45161, 0.227, 0.45161, 0.227, 0.88894, -0.40724, 0.20487, -32.20163, 23.88329, 112.38303
1930, 614, -32.42096, 23.11607, 115.56635, 116.52783, 0.80, 0.80, 0.00, 1.00, 0.50903, 0.28505, 0.50903, 0.28505, 0.92591, -0.36796, 0.07299, -32.42096, 23.11607, 115.56635
1931, 616, -33.06668, 25.35324, 114.19117, 115.15311, 0.80, 0.80, 0.00, 1.00, 0.50946, 0.22644, 0.50946, 0.22644, 0.92832, -0.36181, 0.07307, -33.06668, 25.35324, 114.19117
1932, 600, -31.1771, 23.98744, 111.16019, 112.12314, 0.80, 0.80, 0.00, 1.00, 0.42484, 0.18234, 0.42484, 0.18234, 0.64853, -0.21516, 0.72857, -31.1771, 23.98744, 111.16019
1933, 617, -32.20163, 23.88329, 112.38303, 113.34557, 0.80, 0.80, 0.00, 1.00, 0.44778, 0.16183, 0.44778, 0.16183, 0.85668, -0.15129, 0.49082, -32.20163, 23.88329, 112.38303
1934, 599, -31.76682, 25.80143, 111.06238, 112.02536, 0.80, 0.80, 0.00, 1.00, 0.44333, 0.18059, 0.44333, 0.18059, 0.73186, -0.07599, 0.67549, -31.76682, 25.80143, 111.06238
1935, 599, -31.76682, 25.80143, 111.06238, 112.02536, 0.80, 0.80, 0.00, 1.00, 0.44333, 0.18059, 0.44333, 0.18059, 0.73186, -0.07599, 0.67549, -31.76682, 25.80143, 111.06238
1936, 617, -32.20163, 23.88329, 112.38303, 113.34557, 0.80, 0.80, 0.00, 1.00, 0.44778, 0.16183, 0.44778, 0.16183, 0.85668, -0.15129, 0.49082, -32.20163, 23.88329, 112.38303
1937, 618, -32.9152, 27.16108, 113.02256, 113.98489, 0.80, 0.80, 0.00, 1.00, 0.49524, 0.16213, 0.49524, 0.16213, 0.92932, 0.11818, 0.34663, -32.9152, 27.16108, 113.02256
1938, 618, -32.9152, 27.16108, 113.02256, 113.98489, 0.80, 0.80, 0.00, 1.00, 0.49524, 0.16213, 0.49524, 0.16213, 0.92932, 0.11818, 0.34663, -32.9152, 27.16108, 113.02256
1939, 617, -32.20163, 23.88329, 112.38303, 113.34557, 0.80, 0.80, 0.00, 1.00, 0.44778, 0.16183, 0.44778, 0.16183, 0.85668, -0.15129, 0.49082, -32.20163, 23.88329, 112.38303
1940, 619, -33.06668, 25.35324, 114.19117, 115.15311, 0.80, 0.80, 0.00, 1.00, 0.49757, 0.14886, 0.49757, 0.14886, 0.97729, -0.02531, 0.2049, -33.06668, 25.35324, 114.19117
1941, 308, -30.46671, 28.70672, 111.13858, 112.10153, 0.80, 0.80, 0.00, 1.00, 0.45335, 0.2274, 0.45335, 0.2274, 0.33378, 0.74706, 0.57415, -30.46671, 28.70672, 111.13858
1942, 285, -30.11084, 26.39942, 109.75499, 110.71841, 0.80, 0.80, 0.00, 1.00, 0.42794, 0.21506, 0.42794, 0.21506, 0.24013, 0.39945, 0.88382, -30.11084, 26.39942, 109.75499
1943, 620, -32.03105, 27.59181, 111.36463, 112.32751, 0.80, 0.80, 0.00, 1.00, 0.46816, 0.18293, 0.46816, 0.18293, 0.66864, 0.49746, 0.5512, -32.03105, 27.59181, 111.36463
1944, 620, -32.03105, 27.59181, 111.36463, 112.32751, 0.80, 0.80, 0.00, 1.00, 0.46816, 0.18293, 0.46816, 0.18293, 0.66864, 0.49746, 0.5512, -32.03105, 27.59181, 111.36463
1945, 285, -30.11084, 26.39942, 109.75499, 110.71841, 0.80, 0.80, 0.00, 1.00, 0.42794, 0.21506, 0.42794, 0.21506, 0.24013, 0.39945, 0.88382, -30.11084, 26.39942, 109.75499
1946, 599, -31.76682, 25.80143, 111.06238, 112.02536, 0.80, 0.80, 0.00, 1.00, 0.44333, 0.18059, 0.44333, 0.18059, 0.73186, -0.07599, 0.67549, -31.76682, 25.80143, 111.06238
1947, 620, -32.03105, 27.59181, 111.36463, 112.32751, 0.80, 0.80, 0.00, 1.00, 0.46816, 0.18293, 0.46816, 0.18293, 0.66864, 0.49746, 0.5512, -32.03105, 27.59181, 111.36463
1948, 599, -31.76682, 25.80143, 111.06238, 112.02536, 0.80, 0.80, 0.00, 1.00, 0.44333, 0.18059, 0.44333, 0.18059, 0.73186, -0.07599, 0.67549, -31.76682, 25.80143, 111.06238
1949, 618, -32.9152, 27.16108, 113.02256, 113.98489, 0.80, 0.80, 0.00, 1.00, 0.49524, 0.16213, 0.49524, 0.16213, 0.92932, 0.11818, 0.34663, -32.9152, 27.16108, 113.02256
1950, 310, -30.75687, 31.55901, 113.72655, 114.68864, 0.80, 0.80, 0.00, 1.00, 0.55016, 0.22415, 0.55016, 0.22415, 0.35477, 0.88356, 0.30484, -30.75687, 31.55901, 113.72655
1951, 620, -32.03105, 27.59181, 111.36463, 112.32751, 0.80, 0.80, 0.00, 1.00, 0.46816, 0.18293, 0.46816, 0.18293, 0.66864, 0.49746, 0.5512, -32.03105, 27.59181, 111.36463
1952, 621, -32.40525, 30.42216, 114.21518, 115.17711, 0.80, 0.80, 0.00, 1.00, 0.55016, 0.18074, 0.55016, 0.18074, 0.70231, 0.70373, 0.10126, -32.40525, 30.42216, 114.21518
1953, 308, -30.46671, 28.70672, 111.13858, 112.10153, 0.80, 0.80, 0.00, 1.00, 0.45335, 0.2274, 0.45335, 0.2274, 0.33378, 0.74706, 0.57415, -30.46671, 28.70672, 111.13858
1954, 620, -32.03105, 27.59181, 111.36463, 112.32751, 0.80, 0.80, 0.00, 1.00, 0.46816, 0.18293, 0.46816, 0.18293, 0.66864, 0.49746, 0.5512, -32.03105, 27.59181, 111.36463
1955, 310, -30.75687, 31.55901, 113.72655, 114.68864, 0.80, 0.80, 0.00, 1.00, 0.55016, 0.22415, 0.55016, 0.22415, 0.35477, 0.88356, 0.30484, -30.75687, 31.55901, 113.72655
1956, 620, -32.03105, 27.59181, 111.36463, 112.32751, 0.80, 0.80, 0.00, 1.00, 0.46816, 0.18293, 0.46816, 0.18293, 0.66864, 0.49746, 0.5512, -32.03105, 27.59181, 111.36463
1957, 618, -32.9152, 27.16108, 113.02256, 113.98489, 0.80, 0.80, 0.00, 1.00, 0.49524, 0.16213, 0.49524, 0.16213, 0.92932, 0.11818, 0.34663, -32.9152, 27.16108, 113.02256
1958, 621, -32.40525, 30.42216, 114.21518, 115.17711, 0.80, 0.80, 0.00, 1.00, 0.55016, 0.18074, 0.55016, 0.18074, 0.70231, 0.70373, 0.10126, -32.40525, 30.42216, 114.21518
1959, 621, -32.40525, 30.42216, 114.21518, 115.17711, 0.80, 0.80, 0.00, 1.00, 0.55016, 0.18074, 0.55016, 0.18074, 0.70231, 0.70373, 0.10126, -32.40525, 30.42216, 114.21518
1960, 618, -32.9152, 27.16108, 113.02256, 113.98489, 0.80, 0.80, 0.00, 1.00, 0.49524, 0.16213, 0.49524, 0.16213, 0.92932, 0.11818, 0.34663, -32.9152, 27.16108, 113.02256
1961, 622, -33.16011, 29.1345, 114.94834, 115.91003, 0.80, 0.80, 0.00, 1.00, 0.55127, 0.16103, 0.55127, 0.16103, 0.91878, 0.35886, -0.15819, -33.16011, 29.1345, 114.94834
1962, 622, -33.16011, 29.1345, 114.94834, 115.91003, 0.80, 0.80, 0.00, 1.00, 0.55127, 0.16103, 0.55127, 0.16103, 0.91878, 0.35886, -0.15819, -33.16011, 29.1345, 114.94834
1963, 618, -32.9152, 27.16108, 113.02256, 113.98489, 0.80, 0.80, 0.00, 1.00, 0.49524, 0.16213, 0.49524, 0.16213, 0.92932, 0.11818, 0.34663, -32.9152, 27.16108, 113.02256
1964, 619, -33.06668, 25.35324, 114.19117, 115.15311, 0.80, 0.80, 0.00, 1.00, 0.49757, 0.14886, 0.49757, 0.14886, 0.97729, -0.02531, 0.2049, -33.06668, 25.35324, 114.19117
1965, 622, -33.16011, 29.1345, 114.94834, 115.91003, 0.80, 0.80, 0.00, 1.00, 0.55127, 0.16103, 0.55127, 0.16103, 0.91878, 0.35886, -0.15819, -33.16011, 29.1345, 114.94834
1966, 619, -33.06668, 25.35324, 114.19117, 115.15311, 0.80, 0.80, 0.00, 1.00, 0.49757, 0.14886, 0.49757, 0.14886, 0.97729, -0.02531, 0.2049, -33.06668, 25.35324, 114.19117
1967, 623, -33.31213, 27.47721, 115.90004, 116.8614, 0.80, 0.80, 0.00, 1.00, 0.55127, 0.14899, 0.55127, 0.14899, 0.93654, 0.24089, -0.25045, -33.31213, 27.47721, 115.90004
1968, 616, -33.06668, 25.35324, 114.19117, 115.15311, 0.80, 0.80, 0.00, 1.00, 0.50946, 0.22644, 0.50946, 0.22644, 0.92832, -0.36181, 0.07307, -33.06668, 25.35324, 114.19117
1969, 614, -32.42096, 23.11607, 115.56635, 116.52783, 0.80, 0.80, 0.00, 1.00, 0.50903, 0.28505, 0.50903, 0.28505, 0.92591, -0.36796, 0.07299, -32.42096, 23.11607, 115.56635
1970, 624, -33.31213, 27.47721, 115.90004, 116.8614, 0.80, 0.80, 0.00, 1.00, 0.55034, 0.22487, 0.55034, 0.22487, 0.9531, -0.11002, -0.27816, -33.31213, 27.47721, 115.90004
1971, 624, -33.31213, 27.47721, 115.90004, 116.8614, 0.80, 0.80, 0.00, 1.00, 0.55034, 0.22487, 0.55034, 0.22487, 0.9531, -0.11002, -0.27816, -33.31213, 27.47721, 115.90004
1972, 614, -32.42096, 23.11607, 115.56635, 116.52783, 0.80, 0.80, 0.00, 1.00, 0.50903, 0.28505, 0.50903, 0.28505, 0.92591, -0.36796, 0.07299, -32.42096, 23.11607, 115.56635
1973, 625, -32.82202, 25.18271, 117.29216, 118.25307, 0.80, 0.80, 0.00, 1.00, 0.54659, 0.28123, 0.54659, 0.28123, 0.87444, -0.13679, -0.46326, -32.82202, 25.18271, 117.29216
1974, 614, -32.42096, 23.11607, 115.56635, 116.52783, 0.80, 0.80, 0.00, 1.00, 0.50903, 0.28505, 0.50903, 0.28505, 0.92591, -0.36796, 0.07299, -32.42096, 23.11607, 115.56635
1975, 611, -31.88445, 22.11412, 116.30969, 117.27092, 0.80, 0.80, 0.00, 1.00, 0.51159, 0.31455, 0.51159, 0.31455, 0.84818, -0.51111, -0.1333, -31.88445, 22.11412, 116.30969
1976, 625, -32.82202, 25.18271, 117.29216, 118.25307, 0.80, 0.80, 0.00, 1.00, 0.54659, 0.28123, 0.54659, 0.28123, 0.87444, -0.13679, -0.46326, -32.82202, 25.18271, 117.29216
1977, 625, -32.82202, 25.18271, 117.29216, 118.25307, 0.80, 0.80, 0.00, 1.00, 0.54659, 0.28123, 0.54659, 0.28123, 0.87444, -0.13679, -0.46326, -32.82202, 25.18271, 117.29216
1978, 611, -31.88445, 22.11412, 116.30969, 117.27092, 0.80, 0.80, 0.00, 1.00, 0.51159, 0.31455, 0.51159, 0.31455, 0.84818, -0.51111, -0.1333, -31.88445, 22.11412, 116.30969
1979, 626, -31.99247, 24.02891, 118.05419, 119.01485, 0.80, 0.80, 0.00, 1.00, 0.55114, 0.31553, 0.55114, 0.31553, 0.81227, -0.26119, -0.51974, -31.99247, 24.02891, 118.05419
1980, 611, -31.88445, 22.11412, 116.30969, 117.27092, 0.80, 0.80, 0.00, 1.00, 0.51159, 0.31455, 0.51159, 0.31455, 0.84818, -0.51111, -0.1333, -31.88445, 22.11412, 116.30969
1981, 612, -30.53148, 19.833, 117.75559, 118.71634, 0.80, 0.80, 0.00, 1.00, 0.51356, 0.37896, 0.51356, 0.37896, 0.76993, -0.59866, -0.21788, -30.53148, 19.833, 117.75559
1982, 626, -31.99247, 24.02891, 118.05419, 119.01485, 0.80, 0.80, 0.00, 1.00, 0.55114, 0.31553, 0.55114, 0.31553, 0.81227, -0.26119, -0.51974, -31.99247, 24.02891, 118.05419
1983, 626, -31.99247, 24.02891, 118.05419, 119.01485, 0.80, 0.80, 0.00, 1.00, 0.55114, 0.31553, 0.55114, 0.31553, 0.81227, -0.26119, -0.51974, -31.99247, 24.02891, 118.05419
1984, 612, -30.53148, 19.833, 117.75559, 118.71634, 0.80, 0.80, 0.00, 1.00, 0.51356, 0.37896, 0.51356, 0.37896, 0.76993, -0.59866, -0.21788, -30.53148, 19.833, 117.75559
1985, 627, -30.55511, 21.85638, 119.50127, 120.46144, 0.80, 0.80, 0.00, 1.00, 0.5597, 0.37925, 0.5597, 0.37925, 0.70838, -0.34584, -0.61393, -30.55511, 21.85638, 119.50127
1986, 612, -30.53148, 19.833, 117.75559, 118.71634, 0.80, 0.80, 0.00, 1.00, 0.51356, 0.37896, 0.51356, 0.37896, 0.76993, -0.59866, -0.21788, -30.53148, 19.833, 117.75559
1987, 613, -29.65114, 18.79554, 117.82188, 118.78261, 0.80, 0.80, 0.00, 1.00, 0.48703, 0.40128, 0.48703, 0.40128, 0.62894, -0.73255, -0.2586, -29.65114, 18.79554, 117.82188
1988, 627, -30.55511, 21.85638, 119.50127, 120.46144, 0.80, 0.80, 0.00, 1.00, 0.5597, 0.37925, 0.5597, 0.37925, 0.70838, -0.34584, -0.61393, -30.55511, 21.85638, 119.50127
1989, 621, -32.40525, 30.42216, 114.21518, 115.17711, 0.80, 0.80, 0.00, 1.00, 0.55016, 0.18074, 0.55016, 0.18074, 0.70231, 0.70373, 0.10126, -32.40525, 30.42216, 114.21518
1990, 622, -33.16011, 29.1345, 114.94834, 115.91003, 0.80, 0.80, 0.00, 1.00, 0.55127, 0.16103, 0.55127, 0.16103, 0.91878, 0.35886, -0.15819, -33.16011, 29.1345, 114.94834
1991, 628, -31.96612, 30.72836, 115.38578, 116.34732, 0.80, 0.80, 0.00, 1.00, 0.579, 0.18414, 0.579, 0.18414, 0.61244, 0.64753, -0.45169, -31.96612, 30.72836, 115.38578
1992, 622, -33.16011, 29.1345, 114.94834, 115.91003, 0.80, 0.80, 0.00, 1.00, 0.55127, 0.16103, 0.55127, 0.16103, 0.91878, 0.35886, -0.15819, -33.16011, 29.1345, 114.94834
1993, 623, -33.31213, 27.47721, 115.90004, 116.8614, 0.80, 0.80, 0.00, 1.00, 0.55127, 0.14899, 0.55127, 0.14899, 0.93654, 0.24089, -0.25045, -33.31213, 27.47721, 115.90004
1994, 629, -31.74395, 29.37836, 116.6279, 117.58902, 0.80, 0.80, 0.00, 1.00, 0.60997, 0.17511, 0.60997, 0.17511, 0.58229, 0.50523, -0.63544, -31.74395, 29.37836, 116.6279
1995, 622, -33.16011, 29.1345, 114.94834, 115.91003, 0.80, 0.80, 0.00, 1.00, 0.55127, 0.16103, 0.55127, 0.16103, 0.91878, 0.35886, -0.15819, -33.16011, 29.1345, 114.94834
1996, 629, -31.74395, 29.37836, 116.6279, 117.58902, 0.80, 0.80, 0.00, 1.00, 0.60997, 0.17511, 0.60997, 0.17511, 0.58229, 0.50523, -0.63544, -31.74395, 29.37836, 116.6279
1997, 628, -31.96612, 30.72836, 115.38578, 116.34732, 0.80, 0.80, 0.00, 1.00, 0.579, 0.18414, 0.579, 0.18414, 0.61244, 0.64753, -0.45169, -31.96612, 30.72836, 115.38578
1998, 624, -33.31213, 27.47721, 115.90004, 116.8614, 0.80, 0.80, 0.00, 1.00, 0.55034, 0.22487, 0.55034, 0.22487, 0.9531, -0.11002, -0.27816, -33.31213, 27.47721, 115.90004
1999, 625, -32.82202, 25.18271, 117.29216, 118.25307, 0.80, 0.80, 0.00, 1.00, 0.54659, 0.28123, 0.54659, 0.28123, 0.87444, -0.13679, -0.46326, -32.82202, 25.18271, 117.29216
2000, 630, -31.74395, 29.37836, 116.6279, 117.58902, 0.80, 0.80, 0.00, 1.00, 0.58419, 0.22272, 0.58419, 0.22272, 0.55539, 0.35827, -0.74908, -31.74395, 29.37836, 116.6279
2001, 630, -31.74395, 29.37836, 116.6279, 117.58902, 0.80, 0.80, 0.00, 1.00, 0.58419, 0.22272, 0.58419, 0.22272, 0.55539, 0.35827, -0.74908, -31.74395, 29.37836, 116.6279
2002, 625, -32.82202, 25.18271, 117.29216, 118.25307, 0.80, 0.80, 0.00, 1.00, 0.54659, 0.28123, 0.54659, 0.28123, 0.87444, -0.13679, -0.46326, -32.82202, 25.18271, 117.29216
2003, 631, -31.27486, 27.28892, 118.20522, 119.16582, 0.80, 0.80, 0.00, 1.00, 0.58059, 0.27908, 0.58059, 0.27908, 0.51786, 0.25261, -0.81601, -31.27486, 27.28892, 118.20522
2004, 625, -32.82202, 25.18271, 117.29216, 118.25307, 0.80, 0.80, 0.00, 1.00, 0.54659, 0.28123, 0.54659, 0.28123, 0.87444, -0.13679, -0.46326, -32.82202, 25.18271, 117.29216
2005, 626, -31.99247, 24.02891, 118.05419, 119.01485, 0.80, 0.80, 0.00, 1.00, 0.55114, 0.31553, 0.55114, 0.31553, 0.81227, -0.26119, -0.51974, -31.99247, 24.02891, 118.05419
2006, 631, -31.27486, 27.28892, 118.20522, 119.16582, 0.80, 0.80, 0.00, 1.00, 0.58059, 0.27908, 0.58059, 0.27908, 0.51786, 0.25261, -0.81601, -31.27486, 27.28892, 118.20522
2007, 631, -31.27486, 27.28892, 118.20522, 119.16582, 0.80, 0.80, 0.00, 1.00, 0.58059, 0.27908, 0.58059, 0.27908, 0.51786, 0.25261, -0.81601, -31.27486, 27.28892, 118.20522
2008, 626, -31.99247, 24.02891, 118.05419, 119.01485, 0.80, 0.80, 0.00, 1.00, 0.55114, 0.31553, 0.55114, 0.31553, 0.81227, -0.26119, -0.51974, -31.99247, 24.02891, 118.05419
2009, 632, -30.86856, 25.70335, 118.9901, 119.95043, 0.80, 0.80, 0.00, 1.00, 0.57904, 0.31584, 0.57904, 0.31584, 0.50202, 0.11837, -0.85547, -30.86856, 25.70335, 118.9901
2010, 626, -31.99247, 24.02891, 118.05419, 119.01485, 0.80, 0.80, 0.00, 1.00, 0.55114, 0.31553, 0.55114, 0.31553, 0.81227, -0.26119, -0.51974, -31.99247, 24.02891, 118.05419
2011, 627, -30.55511, 21.85638, 119.50127, 120.46144, 0.80, 0.80, 0.00, 1.00, 0.5597, 0.37925, 0.5597, 0.37925, 0.70838, -0.34584, -0.61393, -30.55511, 21.85638, 119.50127
2012, 632, -30.86856, 25.70335, 118.9901, 119.95043, 0.80, 0.80, 0.00, 1.00, 0.57904, 0.31584, 0.57904, 0.31584, 0.50202, 0.11837, -0.85547, -30.86856, 25.70335, 118.9901
2013, 632, -30.86856, 25.70335, 118.9901, 119.95043, 0.80, 0.80, 0.00, 1.00, 0.57904, 0.31584, 0.57904, 0.31584, 0.50202, 0.11837, -0.85547, -30.86856, 25.70335, 118.9901
2014, 627, -30.55511, 21.85638, 119.50127, 120.46144, 0.80, 0.80, 0.00, 1.00, 0.5597, 0.37925, 0.5597, 0.37925, 0.70838, -0.34584, -0.61393, -30.55511, 21.85638, 119.50127
2015, 633, -29.33744, 23.67204, 120.03203, 120.99202, 0.80, 0.80, 0.00, 1.00, 0.5884, 0.37215, 0.5884, 0.37215, 0.30418, 0.15836, -0.9382, -29.33744, 23.67204, 120.03203
2016, 633, -29.33744, 23.67204, 120.03203, 120.99202, 0.80, 0.80, 0.00, 1.00, 0.5884, 0.37215, 0.5884, 0.37215, 0.30418, 0.15836, -0.9382, -29.33744, 23.67204, 120.03203
2017, 324, -28.68162, 27.0229, 119.06644, 120.02675, 0.80, 0.80, 0.00, 1.00, 0.60972, 0.31473, 0.60972, 0.31473, 0.03215, 0.36104, -0.93084, -28.68162, 27.0229, 119.06644
2018, 632, -30.86856, 25.70335, 118.9901, 119.95043, 0.80, 0.80, 0.00, 1.00, 0.57904, 0.31584, 0.57904, 0.31584, 0.50202, 0.11837, -0.85547, -30.86856, 25.70335, 118.9901
2019, 324, -28.68162, 27.0229, 119.06644, 120.02675, 0.80, 0.80, 0.00, 1.00, 0.60972, 0.31473, 0.60972, 0.31473, 0.03215, 0.36104, -0.93084, -28.68162, 27.0229, 119.06644
2020, 633, -29.33744, 23.67204, 120.03203, 120.99202, 0.80, 0.80, 0.00, 1.00, 0.5884, 0.37215, 0.5884, 0.37215, 0.30418, 0.15836, -0.9382, -29.33744, 23.67204, 120.03203
2021, 325, -27.91143, 24.63531, 119.98975, 120.94975, 0.80, 0.80, 0.00, 1.00, 0.61158, 0.36739, 0.61158, 0.36739, 0.01292, 0.31345, -0.94837, -27.91143, 24.63531, 119.98975
2022, 632, -30.86856, 25.70335, 118.9901, 119.95043, 0.80, 0.80, 0.00, 1.00, 0.57904, 0.31584, 0.57904, 0.31584, 0.50202, 0.11837, -0.85547, -30.86856, 25.70335, 118.9901
2023, 324, -28.68162, 27.0229, 119.06644, 120.02675, 0.80, 0.80, 0.00, 1.00, 0.60972, 0.31473, 0.60972, 0.31473, 0.03215, 0.36104, -0.93084, -28.68162, 27.0229, 119.06644
2024, 631, -31.27486, 27.28892, 118.20522, 119.16582, 0.80, 0.80, 0.00, 1.00, 0.58059, 0.27908, 0.58059, 0.27908, 0.51786, 0.25261, -0.81601, -31.27486, 27.28892, 118.20522
2025, 631, -31.27486, 27.28892, 118.20522, 119.16582, 0.80, 0.80, 0.00, 1.00, 0.58059, 0.27908, 0.58059, 0.27908, 0.51786, 0.25261, -0.81601, -31.27486, 27.28892, 118.20522
2026, 324, -28.68162, 27.0229, 119.06644, 120.02675, 0.80, 0.80, 0.00, 1.00, 0.60972, 0.31473, 0.60972, 0.31473, 0.03215, 0.36104, -0.93084, -28.68162, 27.0229, 119.06644
2027, 326, -29.31604, 28.91854, 118.1991, 119.15971, 0.80, 0.80, 0.00, 1.00, 0.60881, 0.27062, 0.60881, 0.27062, 0.09356, 0.50735, -0.85549, -29.31604, 28.91854, 118.1991
2028, 631, -31.27486, 27.28892, 118.20522, 119.16582, 0.80, 0.80, 0.00, 1.00, 0.58059, 0.27908, 0.58059, 0.27908, 0.51786, 0.25261, -0.81601, -31.27486, 27.28892, 118.20522
2029, 326, -29.31604, 28.91854, 118.1991, 119.15971, 0.80, 0.80, 0.00, 1.00, 0.60881, 0.27062, 0.60881, 0.27062, 0.09356, 0.50735, -0.85549, -29.31604, 28.91854, 118.1991
2030, 630, -31.74395, 29.37836, 116.6279, 117.58902, 0.80, 0.80, 0.00, 1.00, 0.58419, 0.22272, 0.58419, 0.22272, 0.55539, 0.35827, -0.74908, -31.74395, 29.37836, 116.6279
2031, 630, -31.74395, 29.37836, 116.6279, 117.58902, 0.80, 0.80, 0.00, 1.00, 0.58419, 0.22272, 0.58419, 0.22272, 0.55539, 0.35827, -0.74908, -31.74395, 29.37836, 116.6279
2032, 326, -29.31604, 28.91854, 118.1991, 119.15971, 0.80, 0.80, 0.00, 1.00, 0.60881, 0.27062, 0.60881, 0.27062, 0.09356, 0.50735, -0.85549, -29.31604, 28.91854, 118.1991
2033, 327, -30.07021, 30.90877, 116.77228, 117.73335, 0.80, 0.80, 0.00, 1.00, 0.60935, 0.21549, 0.60935, 0.21549, 0.10788, 0.54016, -0.83346, -30.07021, 30.90877, 116.77228
2034, 629, -31.74395, 29.37836, 116.6279, 117.58902, 0.80, 0.80, 0.00, 1.00, 0.60997, 0.17511, 0.60997, 0.17511, 0.58229, 0.50523, -0.63544, -31.74395, 29.37836, 116.6279
2035, 328, -30.07021, 30.90877, 116.77228, 117.73335, 0.80, 0.80, 0.00, 1.00, 0.6094, 0.21557, 0.6094, 0.21557, 0.21279, 0.76238, -0.61, -30.07021, 30.90877, 116.77228
2036, 329, -30.57372, 31.88439, 115.28882, 116.25038, 0.80, 0.80, 0.00, 1.00, 0.58422, 0.22302, 0.58422, 0.22302, 0.27627, 0.87428, -0.3979, -30.57372, 31.88439, 115.28882
2037, 629, -31.74395, 29.37836, 116.6279, 117.58902, 0.80, 0.80, 0.00, 1.00, 0.60997, 0.17511, 0.60997, 0.17511, 0.58229, 0.50523, -0.63544, -31.74395, 29.37836, 116.6279
2038, 329, -30.57372, 31.88439, 115.28882, 116.25038, 0.80, 0.80, 0.00, 1.00, 0.58422, 0.22302, 0.58422, 0.22302, 0.27627, 0.87428, -0.3979, -30.57372, 31.88439, 115.28882
2039, 628, -31.96612, 30.72836, 115.38578, 116.34732, 0.80, 0.80, 0.00, 1.00, 0.579, 0.18414, 0.579, 0.18414, 0.61244, 0.64753, -0.45169, -31.96612, 30.72836, 115.38578
2040, 621, -32.40525, 30.42216, 114.21518, 115.17711, 0.80, 0.80, 0.00, 1.00, 0.55016, 0.18074, 0.55016, 0.18074, 0.70231, 0.70373, 0.10126, -32.40525, 30.42216, 114.21518
2041, 329, -30.57372, 31.88439, 115.28882, 116.25038, 0.80, 0.80, 0.00, 1.00, 0.58422, 0.22302, 0.58422, 0.22302, 0.27627, 0.87428, -0.3979, -30.57372, 31.88439, 115.28882
2042, 310, -30.75687, 31.55901, 113.72655, 114.68864, 0.80, 0.80, 0.00, 1.00, 0.55016, 0.22415, 0.55016, 0.22415, 0.35477, 0.88356, 0.30484, -30.75687, 31.55901, 113.72655
2043, 329, -30.57372, 31.88439, 115.28882, 116.25038, 0.80, 0.80, 0.00, 1.00, 0.58422, 0.22302, 0.58422, 0.22302, 0.27627, 0.87428, -0.3979, -30.57372, 31.88439, 115.28882
2044, 621, -32.40525, 30.42216, 114.21518, 115.17711, 0.80, 0.80, 0.00, 1.00, 0.55016, 0.18074, 0.55016, 0.18074, 0.70231, 0.70373, 0.10126, -32.40525, 30.42216, 114.21518
2045, 628, -31.96612, 30.72836, 115.38578, 116.34732, 0.80, 0.80, 0.00, 1.00, 0.579, 0.18414, 0.579, 0.18414, 0.61244, 0.64753, -0.45169, -31.96612, 30.72836, 115.38578
2046, 634, -17.17929, 19.59901, 119.30486, 120.26509, 0.80, 0.80, 0.00, 1.00, 0.00704, 0.58912, 0.00704, 0.58912, 0.03663, 0.99692, 0.06772, -17.17929, 19.59901, 119.30486
2047, 635, -22.50431, 20.69855, 120.32636, 121.28625, 0.80, 0.80, 0.00, 1.00, 0.1167, 0.56472, 0.1167, 0.56472, -0.09652, 0.99384, -0.05373, -22.50431, 20.69855, 120.32636
2048, 636, -15.6173, 20.68734, 122.39803, 123.35723, 0.80, 0.80, 0.00, 1.00, 0.00688, 0.58894, 0.00688, 0.58894, -0.07314, 0.92601, -0.36959, -15.6173, 20.68734, 122.39803
2049, 637, -17.43772, -10.22991, 121.35246, 122.312, 0.80, 0.80, 0.00, 1.00, 0.05065, 0.87207, 0.05065, 0.87207, -0.89726, 0.30966, 0.31468, -17.43772, -10.22991, 121.35246
2050, 638, -14.97052, -6.46902, 125.70071, 126.65881, 0.80, 0.80, 0.00, 1.00, 0.05235, 0.84249, 0.05235, 0.84249, -0.94072, -0.02916, -0.33538, -14.97052, -6.46902, 125.70071
2051, 639, -16.26925, -8.61793, 124.98706, 125.9454, 0.80, 0.80, 0.00, 1.00, 0.10315, 0.8678, 0.10315, 0.8678, -0.95907, 0.25278, 0.12757, -16.26925, -8.61793, 124.98706
2052, 639, -16.26925, -8.61793, 124.98706, 125.9454, 0.80, 0.80, 0.00, 1.00, 0.10315, 0.8678, 0.10315, 0.8678, -0.95907, 0.25278, 0.12757, -16.26925, -8.61793, 124.98706
2053, 638, -14.97052, -6.46902, 125.70071, 126.65881, 0.80, 0.80, 0.00, 1.00, 0.05235, 0.84249, 0.05235, 0.84249, -0.94072, -0.02916, -0.33538, -14.97052, -6.46902, 125.70071
2054, 640, -16.00779, -5.04593, 128.8002, 129.75726, 0.80, 0.80, 0.00, 1.00, 0.0913, 0.83742, 0.0913, 0.83742, -0.89487, -0.08334, -0.43654, -16.00779, -5.04593, 128.8002
2055, 640, -16.00779, -5.04593, 128.8002, 129.75726, 0.80, 0.80, 0.00, 1.00, 0.0913, 0.83742, 0.0913, 0.83742, -0.89487, -0.08334, -0.43654, -16.00779, -5.04593, 128.8002
2056, 638, -14.97052, -6.46902, 125.70071, 126.65881, 0.80, 0.80, 0.00, 1.00, 0.05235, 0.84249, 0.05235, 0.84249, -0.94072, -0.02916, -0.33538, -14.97052, -6.46902, 125.70071
2057, 641, -14.35954, -3.73695, 124.86916, 125.82754, 0.80, 0.80, 0.00, 1.00, 0.03203, 0.8169, 0.03203, 0.8169, -0.974, -0.15078, -0.16411, -14.35954, -3.73695, 124.86916
2058, 640, -16.00779, -5.04593, 128.8002, 129.75726, 0.80, 0.80, 0.00, 1.00, 0.0913, 0.83742, 0.0913, 0.83742, -0.89487, -0.08334, -0.43654, -16.00779, -5.04593, 128.8002
2059, 641, -14.35954, -3.73695, 124.86916, 125.82754, 0.80, 0.80, 0.00, 1.00, 0.03203, 0.8169, 0.03203, 0.8169, -0.974, -0.15078, -0.16411, -14.35954, -3.73695, 124.86916
2060, 642, -15.62626, -3.03343, 128.20993, 129.16721, 0.80, 0.80, 0.00, 1.00, 0.07775, 0.8185, 0.07775, 0.8185, -0.83001, -0.10166, -0.54687, -15.62626, -3.03343, 128.20993
2061, 642, -15.62626, -3.03343, 128.20993, 129.16721, 0.80, 0.80, 0.00, 1.00, 0.07775, 0.8185, 0.07775, 0.8185, -0.83001, -0.10166, -0.54687, -15.62626, -3.03343, 128.20993
2062, 641, -14.35954, -3.73695, 124.86916, 125.82754, 0.80, 0.80, 0.00, 1.00, 0.03203, 0.8169, 0.03203, 0.8169, -0.974, -0.15078, -0.16411, -14.35954, -3.73695, 124.86916
2063, 643, -12.17997, 8.82627, 124.41017, 125.3687, 0.80, 0.80, 0.00, 1.00, 0.01288, 0.70971, 0.01288, 0.70971, -0.89939, 0.00247, -0.43512, -12.17997, 8.82627, 124.41017
2064, 641, -14.35954, -3.73695, 124.86916, 125.82754, 0.80, 0.80, 0.00, 1.00, 0.03203, 0.8169, 0.03203, 0.8169, -0.974, -0.15078, -0.16411, -14.35954, -3.73695, 124.86916
2065, 644, -15.54944, 5.88584, 120.73133, 121.69109, 0.80, 0.80, 0.00, 1.00, 0.01965, 0.71244, 0.01965, 0.71244, -0.89917, 0.0204, 0.43514, -15.54944, 5.88584, 120.73133
2066, 643, -12.17997, 8.82627, 124.41017, 125.3687, 0.80, 0.80, 0.00, 1.00, 0.01288, 0.70971, 0.01288, 0.70971, -0.89939, 0.00247, -0.43512, -12.17997, 8.82627, 124.41017
2067, 639, -16.26925, -8.61793, 124.98706, 125.9454, 0.80, 0.80, 0.00, 1.00, 0.10315, 0.8678, 0.10315, 0.8678, -0.95907, 0.25278, 0.12757, -16.26925, -8.61793, 124.98706
2068, 645, -17.31736, -4.7712, 130.4856, 131.44211, 0.80, 0.80, 0.00, 1.00, 0.12686, 0.83751, 0.12686, 0.83751, -0.52409, 0.00585, -0.85063, -17.31736, -4.7712, 130.4856
2069, 646, -16.4743, -8.42931, 126.42113, 127.37898, 0.80, 0.80, 0.00, 1.00, 0.13025, 0.86896, 0.13025, 0.86896, -0.87378, 0.29031, -0.39016, -16.4743, -8.42931, 126.42113
2070, 645, -17.31736, -4.7712, 130.4856, 131.44211, 0.80, 0.80, 0.00, 1.00, 0.12686, 0.83751, 0.12686, 0.83751, -0.52409, 0.00585, -0.85063, -17.31736, -4.7712, 130.4856
2071, 639, -16.26925, -8.61793, 124.98706, 125.9454, 0.80, 0.80, 0.00, 1.00, 0.10315, 0.8678, 0.10315, 0.8678, -0.95907, 0.25278, 0.12757, -16.26925, -8.61793, 124.98706
2072, 640, -16.00779, -5.04593, 128.8002, 129.75726, 0.80, 0.80, 0.00, 1.00, 0.0913, 0.83742, 0.0913, 0.83742, -0.89487, -0.08334, -0.43654, -16.00779, -5.04593, 128.8002
2073, 645, -17.31736, -4.7712, 130.4856, 131.44211, 0.80, 0.80, 0.00, 1.00, 0.12686, 0.83751, 0.12686, 0.83751, -0.52409, 0.00585, -0.85063, -17.31736, -4.7712, 130.4856
2074, 640, -16.00779, -5.04593, 128.8002, 129.75726, 0.80, 0.80, 0.00, 1.00, 0.0913, 0.83742, 0.0913, 0.83742, -0.89487, -0.08334, -0.43654, -16.00779, -5.04593, 128.8002
2075, 642, -15.62626, -3.03343, 128.20993, 129.16721, 0.80, 0.80, 0.00, 1.00, 0.07775, 0.8185, 0.07775, 0.8185, -0.83001, -0.10166, -0.54687, -15.62626, -3.03343, 128.20993
2076, 645, -17.31736, -4.7712, 130.4856, 131.44211, 0.80, 0.80, 0.00, 1.00, 0.12686, 0.83751, 0.12686, 0.83751, -0.52409, 0.00585, -0.85063, -17.31736, -4.7712, 130.4856
2077, 642, -15.62626, -3.03343, 128.20993, 129.16721, 0.80, 0.80, 0.00, 1.00, 0.07775, 0.8185, 0.07775, 0.8185, -0.83001, -0.10166, -0.54687, -15.62626, -3.03343, 128.20993
2078, 647, -17.55011, -2.44122, 130.02148, 130.97815, 0.80, 0.80, 0.00, 1.00, 0.12517, 0.81486, 0.12517, 0.81486, -0.33003, -0.00041, -0.94306, -17.55011, -2.44122, 130.02148
2079, 647, -17.55011, -2.44122, 130.02148, 130.97815, 0.80, 0.80, 0.00, 1.00, 0.12517, 0.81486, 0.12517, 0.81486, -0.33003, -0.00041, -0.94306, -17.55011, -2.44122, 130.02148
2080, 642, -15.62626, -3.03343, 128.20993, 129.16721, 0.80, 0.80, 0.00, 1.00, 0.07775, 0.8185, 0.07775, 0.8185, -0.83001, -0.10166, -0.54687, -15.62626, -3.03343, 128.20993
2081, 643, -12.17997, 8.82627, 124.41017, 125.3687, 0.80, 0.80, 0.00, 1.00, 0.01288, 0.70971, 0.01288, 0.70971, -0.89939, 0.00247, -0.43512, -12.17997, 8.82627, 124.41017
2082, 647, -17.55011, -2.44122, 130.02148, 130.97815, 0.80, 0.80, 0.00, 1.00, 0.12517, 0.81486, 0.12517, 0.81486, -0.33003, -0.00041, -0.94306, -17.55011, -2.44122, 130.02148
2083, 643, -12.17997, 8.82627, 124.41017, 125.3687, 0.80, 0.80, 0.00, 1.00, 0.01288, 0.70971, 0.01288, 0.70971, -0.89939, 0.00247, -0.43512, -12.17997, 8.82627, 124.41017
2084, 648, -17.8377, 12.84698, 128.29118, 129.24843, 0.80, 0.80, 0.00, 1.00, 0.10993, 0.6832, 0.10993, 0.6832, -0.36212, 0.25055, -0.89688, -17.8377, 12.84698, 128.29118
2085, 648, -17.8377, 12.84698, 128.29118, 129.24843, 0.80, 0.80, 0.00, 1.00, 0.10993, 0.6832, 0.10993, 0.6832, -0.36212, 0.25055, -0.89688, -17.8377, 12.84698, 128.29118
2086, 643, -12.17997, 8.82627, 124.41017, 125.3687, 0.80, 0.80, 0.00, 1.00, 0.01288, 0.70971, 0.01288, 0.70971, -0.89939, 0.00247, -0.43512, -12.17997, 8.82627, 124.41017
2087, 649, -13.39339, 13.53343, 124.83267, 125.79106, 0.80, 0.80, 0.00, 1.00, 0.00667, 0.67494, 0.00667, 0.67494, -0.52208, 0.33687, -0.78251, -13.39339, 13.53343, 124.83267
2088, 648, -17.8377, 12.84698, 128.29118, 129.24843, 0.80, 0.80, 0.00, 1.00, 0.10993, 0.6832, 0.10993, 0.6832, -0.36212, 0.25055, -0.89688, -17.8377, 12.84698, 128.29118
2089, 649, -13.39339, 13.53343, 124.83267, 125.79106, 0.80, 0.80, 0.00, 1.00, 0.00667, 0.67494, 0.00667, 0.67494, -0.52208, 0.33687, -0.78251, -13.39339, 13.53343, 124.83267
2090, 650, -14.50047, 18.83643, 123.62933, 124.58813, 0.80, 0.80, 0.00, 1.00, 0.00704, 0.61106, 0.00704, 0.61106, -0.48535, 0.39611, -0.77836, -14.50047, 18.83643, 123.62933
2091, 648, -17.8377, 12.84698, 128.29118, 129.24843, 0.80, 0.80, 0.00, 1.00, 0.10993, 0.6832, 0.10993, 0.6832, -0.36212, 0.25055, -0.89688, -17.8377, 12.84698, 128.29118
2092, 650, -14.50047, 18.83643, 123.62933, 124.58813, 0.80, 0.80, 0.00, 1.00, 0.00704, 0.61106, 0.00704, 0.61106, -0.48535, 0.39611, -0.77836, -14.50047, 18.83643, 123.62933
2093, 651, -19.03125, 19.2243, 126.50047, 127.45831, 0.80, 0.80, 0.00, 1.00, 0.10823, 0.6179, 0.10823, 0.6179, -0.26508, 0.54916, -0.7917, -19.03125, 19.2243, 126.50047
2094, 651, -19.03125, 19.2243, 126.50047, 127.45831, 0.80, 0.80, 0.00, 1.00, 0.10823, 0.6179, 0.10823, 0.6179, -0.26508, 0.54916, -0.7917, -19.03125, 19.2243, 126.50047
2095, 650, -14.50047, 18.83643, 123.62933, 124.58813, 0.80, 0.80, 0.00, 1.00, 0.00704, 0.61106, 0.00704, 0.61106, -0.48535, 0.39611, -0.77836, -14.50047, 18.83643, 123.62933
2096, 652, -20.09158, 21.01963, 124.50919, 125.46768, 0.80, 0.80, 0.00, 1.00, 0.10823, 0.59, 0.10823, 0.59, -0.10682, 0.88368, -0.45516, -20.09158, 21.01963, 124.50919
2097, 652, -20.09158, 21.01963, 124.50919, 125.46768, 0.80, 0.80, 0.00, 1.00, 0.10823, 0.59, 0.10823, 0.59, -0.10682, 0.88368, -0.45516, -20.09158, 21.01963, 124.50919
2098, 650, -14.50047, 18.83643, 123.62933, 124.58813, 0.80, 0.80, 0.00, 1.00, 0.00704, 0.61106, 0.00704, 0.61106, -0.48535, 0.39611, -0.77836, -14.50047, 18.83643, 123.62933
2099, 636, -15.6173, 20.68734, 122.39803, 123.35723, 0.80, 0.80, 0.00, 1.00, 0.00688, 0.58894, 0.00688, 0.58894, -0.07314, 0.92601, -0.36959, -15.6173, 20.68734, 122.39803
2100, 636, -15.6173, 20.68734, 122.39803, 123.35723, 0.80, 0.80, 0.00, 1.00, 0.00688, 0.58894, 0.00688, 0.58894, -0.07314, 0.92601, -0.36959, -15.6173, 20.68734, 122.39803
2101, 635, -22.50431, 20.69855, 120.32636, 121.28625, 0.80, 0.80, 0.00, 1.00, 0.1167, 0.56472, 0.1167, 0.56472, -0.09652, 0.99384, -0.05373, -22.50431, 20.69855, 120.32636
2102, 652, -20.09158, 21.01963, 124.50919, 125.46768, 0.80, 0.80, 0.00, 1.00, 0.10823, 0.59, 0.10823, 0.59, -0.10682, 0.88368, -0.45516, -20.09158, 21.01963, 124.50919
2103, 653, -18.26596, -8.18019, 128.93181, 129.88882, 0.80, 0.80, 0.00, 1.00, 0.19239, 0.8691, 0.19239, 0.8691, -0.82749, 0.19832, -0.52529, -18.26596, -8.18019, 128.93181
2104, 645, -17.31736, -4.7712, 130.4856, 131.44211, 0.80, 0.80, 0.00, 1.00, 0.12686, 0.83751, 0.12686, 0.83751, -0.52409, 0.00585, -0.85063, -17.31736, -4.7712, 130.4856
2105, 654, -20.69012, -5.41454, 130.82977, 131.78616, 0.80, 0.80, 0.00, 1.00, 0.19239, 0.83712, 0.19239, 0.83712, -0.30523, 0.13009, -0.94243, -20.69012, -5.41454, 130.82977
2106, 653, -18.26596, -8.18019, 128.93181, 129.88882, 0.80, 0.80, 0.00, 1.00, 0.19239, 0.8691, 0.19239, 0.8691, -0.82749, 0.19832, -0.52529, -18.26596, -8.18019, 128.93181
2107, 646, -16.4743, -8.42931, 126.42113, 127.37898, 0.80, 0.80, 0.00, 1.00, 0.13025, 0.86896, 0.13025, 0.86896, -0.87378, 0.29031, -0.39016, -16.4743, -8.42931, 126.42113
2108, 645, -17.31736, -4.7712, 130.4856, 131.44211, 0.80, 0.80, 0.00, 1.00, 0.12686, 0.83751, 0.12686, 0.83751, -0.52409, 0.00585, -0.85063, -17.31736, -4.7712, 130.4856
2109, 654, -20.69012, -5.41454, 130.82977, 131.78616, 0.80, 0.80, 0.00, 1.00, 0.19239, 0.83712, 0.19239, 0.83712, -0.30523, 0.13009, -0.94243, -20.69012, -5.41454, 130.82977
2110, 647, -17.55011, -2.44122, 130.02148, 130.97815, 0.80, 0.80, 0.00, 1.00, 0.12517, 0.81486, 0.12517, 0.81486, -0.33003, -0.00041, -0.94306, -17.55011, -2.44122, 130.02148
2111, 655, -20.97144, -3.32961, 130.43822, 131.39474, 0.80, 0.80, 0.00, 1.00, 0.19239, 0.81677, 0.19239, 0.81677, -0.31829, 0.04796, -0.94586, -20.97144, -3.32961, 130.43822
2112, 647, -17.55011, -2.44122, 130.02148, 130.97815, 0.80, 0.80, 0.00, 1.00, 0.12517, 0.81486, 0.12517, 0.81486, -0.33003, -0.00041, -0.94306, -17.55011, -2.44122, 130.02148
2113, 654, -20.69012, -5.41454, 130.82977, 131.78616, 0.80, 0.80, 0.00, 1.00, 0.19239, 0.83712, 0.19239, 0.83712, -0.30523, 0.13009, -0.94243, -20.69012, -5.41454, 130.82977
2114, 645, -17.31736, -4.7712, 130.4856, 131.44211, 0.80, 0.80, 0.00, 1.00, 0.12686, 0.83751, 0.12686, 0.83751, -0.52409, 0.00585, -0.85063, -17.31736, -4.7712, 130.4856
2115, 647, -17.55011, -2.44122, 130.02148, 130.97815, 0.80, 0.80, 0.00, 1.00, 0.12517, 0.81486, 0.12517, 0.81486, -0.33003, -0.00041, -0.94306, -17.55011, -2.44122, 130.02148
2116, 656, -22.00798, 12.24366, 129.12941, 130.08636, 0.80, 0.80, 0.00, 1.00, 0.19239, 0.67902, 0.19239, 0.67902, -0.36067, 0.19995, -0.91006, -22.00798, 12.24366, 129.12941
2117, 655, -20.97144, -3.32961, 130.43822, 131.39474, 0.80, 0.80, 0.00, 1.00, 0.19239, 0.81677, 0.19239, 0.81677, -0.31829, 0.04796, -0.94586, -20.97144, -3.32961, 130.43822
2118, 647, -17.55011, -2.44122, 130.02148, 130.97815, 0.80, 0.80, 0.00, 1.00, 0.12517, 0.81486, 0.12517, 0.81486, -0.33003, -0.00041, -0.94306, -17.55011, -2.44122, 130.02148
2119, 648, -17.8377, 12.84698, 128.29118, 129.24843, 0.80, 0.80, 0.00, 1.00, 0.10993, 0.6832, 0.10993, 0.6832, -0.36212, 0.25055, -0.89688, -17.8377, 12.84698, 128.29118
2120, 656, -22.00798, 12.24366, 129.12941, 130.08636, 0.80, 0.80, 0.00, 1.00, 0.19239, 0.67902, 0.19239, 0.67902, -0.36067, 0.19995, -0.91006, -22.00798, 12.24366, 129.12941
2121, 648, -17.8377, 12.84698, 128.29118, 129.24843, 0.80, 0.80, 0.00, 1.00, 0.10993, 0.6832, 0.10993, 0.6832, -0.36212, 0.25055, -0.89688, -17.8377, 12.84698, 128.29118
2122, 657, -23.64708, 19.61127, 126.73891, 127.69666, 0.80, 0.80, 0.00, 1.00, 0.19239, 0.6012, 0.19239, 0.6012, -0.24708, 0.56293, -0.78786, -23.64708, 19.61127, 126.73891
2123, 656, -22.00798, 12.24366, 129.12941, 130.08636, 0.80, 0.80, 0.00, 1.00, 0.19239, 0.67902, 0.19239, 0.67902, -0.36067, 0.19995, -0.91006, -22.00798, 12.24366, 129.12941
2124, 648, -17.8377, 12.84698, 128.29118, 129.24843, 0.80, 0.80, 0.00, 1.00, 0.10993, 0.6832, 0.10993, 0.6832, -0.36212, 0.25055, -0.89688, -17.8377, 12.84698, 128.29118
2125, 651, -19.03125, 19.2243, 126.50047, 127.45831, 0.80, 0.80, 0.00, 1.00, 0.10823, 0.6179, 0.10823, 0.6179, -0.26508, 0.54916, -0.7917, -19.03125, 19.2243, 126.50047
2126, 657, -23.64708, 19.61127, 126.73891, 127.69666, 0.80, 0.80, 0.00, 1.00, 0.19239, 0.6012, 0.19239, 0.6012, -0.24708, 0.56293, -0.78786, -23.64708, 19.61127, 126.73891
2127, 651, -19.03125, 19.2243, 126.50047, 127.45831, 0.80, 0.80, 0.00, 1.00, 0.10823, 0.6179, 0.10823, 0.6179, -0.26508, 0.54916, -0.7917, -19.03125, 19.2243, 126.50047
2128, 652, -20.09158, 21.01963, 124.50919, 125.46768, 0.80, 0.80, 0.00, 1.00, 0.10823, 0.59, 0.10823, 0.59, -0.10682, 0.88368, -0.45516, -20.09158, 21.01963, 124.50919
2129, 657, -23.64708, 19.61127, 126.73891, 127.69666, 0.80, 0.80, 0.00, 1.00, 0.19239, 0.6012, 0.19239, 0.6012, -0.24708, 0.56293, -0.78786, -23.64708, 19.61127, 126.73891
2130, 652, -20.09158, 21.01963, 124.50919, 125.46768, 0.80, 0.80, 0.00, 1.00, 0.10823, 0.59, 0.10823, 0.59, -0.10682, 0.88368, -0.45516, -20.09158, 21.01963, 124.50919
2131, 658, -24.30421, 20.69337, 125.50024, 126.4584, 0.80, 0.80, 0.00, 1.00, 0.19239, 0.58414, 0.19239, 0.58414, -0.0332, 0.90405, -0.4256, -24.30421, 20.69337, 125.50024
2132, 657, -23.64708, 19.61127, 126.73891, 127.69666, 0.80, 0.80, 0.00, 1.00, 0.19239, 0.6012, 0.19239, 0.6012, -0.24708, 0.56293, -0.78786, -23.64708, 19.61127, 126.73891
2133, 652, -20.09158, 21.01963, 124.50919, 125.46768, 0.80, 0.80, 0.00, 1.00, 0.10823, 0.59, 0.10823, 0.59, -0.10682, 0.88368, -0.45516, -20.09158, 21.01963, 124.50919
2134, 635, -22.50431, 20.69855, 120.32636, 121.28625, 0.80, 0.80, 0.00, 1.00, 0.1167, 0.56472, 0.1167, 0.56472, -0.09652, 0.99384, -0.05373, -22.50431, 20.69855, 120.32636
2135, 658, -24.30421, 20.69337, 125.50024, 126.4584, 0.80, 0.80, 0.00, 1.00, 0.19239, 0.58414, 0.19239, 0.58414, -0.0332, 0.90405, -0.4256, -24.30421, 20.69337, 125.50024
2136, 635, -22.50431, 20.69855, 120.32636, 121.28625, 0.80, 0.80, 0.00, 1.00, 0.1167, 0.56472, 0.1167, 0.56472, -0.09652, 0.99384, -0.05373, -22.50431, 20.69855, 120.32636
2137, 659, -25.66196, 22.07432, 122.81293, 123.77199, 0.80, 0.80, 0.00, 1.00, 0.19239, 0.55536, 0.19239, 0.55536, -0.05844, 0.87829, -0.47397, -25.66196, 22.07432, 122.81293
2138, 658, -24.30421, 20.69337, 125.50024, 126.4584, 0.80, 0.80, 0.00, 1.00, 0.19239, 0.58414, 0.19239, 0.58414, -0.0332, 0.90405, -0.4256, -24.30421, 20.69337, 125.50024
2139, 660, -16.76407, -11.92522, 121.2038, 122.16339, 0.80, 0.80, 0.00, 1.00, 0.03926, 0.88833, 0.03926, 0.88833, -0.79251, 0.52063, 0.31759, -16.76407, -11.92522, 121.2038
2140, 637, -17.43772, -10.22991, 121.35246, 122.312, 0.80, 0.80, 0.00, 1.00, 0.05065, 0.87207, 0.05065, 0.87207, -0.89726, 0.30966, 0.31468, -17.43772, -10.22991, 121.35246
2141, 639, -16.26925, -8.61793, 124.98706, 125.9454, 0.80, 0.80, 0.00, 1.00, 0.10315, 0.8678, 0.10315, 0.8678, -0.95907, 0.25278, 0.12757, -16.26925, -8.61793, 124.98706
2142, 660, -16.76407, -11.92522, 121.2038, 122.16339, 0.80, 0.80, 0.00, 1.00, 0.03926, 0.88833, 0.03926, 0.88833, -0.79251, 0.52063, 0.31759, -16.76407, -11.92522, 121.2038
2143, 639, -16.26925, -8.61793, 124.98706, 125.9454, 0.80, 0.80, 0.00, 1.00, 0.10315, 0.8678, 0.10315, 0.8678, -0.95907, 0.25278, 0.12757, -16.26925, -8.61793, 124.98706
2144, 661, -15.36089, -10.71948, 124.90658, 125.86494, 0.80, 0.80, 0.00, 1.00, 0.09007, 0.88833, 0.09007, 0.88833, -0.87925, 0.46217, 0.11539, -15.36089, -10.71948, 124.90658
2145, 662, -15.62094, -10.28445, 126.86244, 127.82016, 0.80, 0.80, 0.00, 1.00, 0.12702, 0.88833, 0.12702, 0.88833, -0.80585, 0.51305, -0.29561, -15.62094, -10.28445, 126.86244
2146, 639, -16.26925, -8.61793, 124.98706, 125.9454, 0.80, 0.80, 0.00, 1.00, 0.10315, 0.8678, 0.10315, 0.8678, -0.95907, 0.25278, 0.12757, -16.26925, -8.61793, 124.98706
2147, 646, -16.4743, -8.42931, 126.42113, 127.37898, 0.80, 0.80, 0.00, 1.00, 0.13025, 0.86896, 0.13025, 0.86896, -0.87378, 0.29031, -0.39016, -16.4743, -8.42931, 126.42113
2148, 662, -15.62094, -10.28445, 126.86244, 127.82016, 0.80, 0.80, 0.00, 1.00, 0.12702, 0.88833, 0.12702, 0.88833, -0.80585, 0.51305, -0.29561, -15.62094, -10.28445, 126.86244
2149, 661, -15.36089, -10.71948, 124.90658, 125.86494, 0.80, 0.80, 0.00, 1.00, 0.09007, 0.88833, 0.09007, 0.88833, -0.87925, 0.46217, 0.11539, -15.36089, -10.71948, 124.90658
2150, 639, -16.26925, -8.61793, 124.98706, 125.9454, 0.80, 0.80, 0.00, 1.00, 0.10315, 0.8678, 0.10315, 0.8678, -0.95907, 0.25278, 0.12757, -16.26925, -8.61793, 124.98706
2151, 663, -17.29061, -9.93212, 129.62662, 130.5834, 0.80, 0.80, 0.00, 1.00, 0.19239, 0.88833, 0.19239, 0.88833, -0.69222, 0.5484, -0.46912, -17.29061, -9.93212, 129.62662
2152, 646, -16.4743, -8.42931, 126.42113, 127.37898, 0.80, 0.80, 0.00, 1.00, 0.13025, 0.86896, 0.13025, 0.86896, -0.87378, 0.29031, -0.39016, -16.4743, -8.42931, 126.42113
2153, 653, -18.26596, -8.18019, 128.93181, 129.88882, 0.80, 0.80, 0.00, 1.00, 0.19239, 0.8691, 0.19239, 0.8691, -0.82749, 0.19832, -0.52529, -18.26596, -8.18019, 128.93181
2154, 663, -17.29061, -9.93212, 129.62662, 130.5834, 0.80, 0.80, 0.00, 1.00, 0.19239, 0.88833, 0.19239, 0.88833, -0.69222, 0.5484, -0.46912, -17.29061, -9.93212, 129.62662
2155, 662, -15.62094, -10.28445, 126.86244, 127.82016, 0.80, 0.80, 0.00, 1.00, 0.12702, 0.88833, 0.12702, 0.88833, -0.80585, 0.51305, -0.29561, -15.62094, -10.28445, 126.86244
2156, 646, -16.4743, -8.42931, 126.42113, 127.37898, 0.80, 0.80, 0.00, 1.00, 0.13025, 0.86896, 0.13025, 0.86896, -0.87378, 0.29031, -0.39016, -16.4743, -8.42931, 126.42113
2157, 664, -16.15514, -13.52543, 121.09644, 122.05607, 0.80, 0.80, 0.00, 1.00, 0.02936, 0.9037, 0.02936, 0.9037, -0.89032, 0.32562, 0.31826, -16.15514, -13.52543, 121.09644
2158, 660, -16.76407, -11.92522, 121.2038, 122.16339, 0.80, 0.80, 0.00, 1.00, 0.03926, 0.88833, 0.03926, 0.88833, -0.79251, 0.52063, 0.31759, -16.76407, -11.92522, 121.2038
2159, 661, -15.36089, -10.71948, 124.90658, 125.86494, 0.80, 0.80, 0.00, 1.00, 0.09007, 0.88833, 0.09007, 0.88833, -0.87925, 0.46217, 0.11539, -15.36089, -10.71948, 124.90658
2160, 664, -16.15514, -13.52543, 121.09644, 122.05607, 0.80, 0.80, 0.00, 1.00, 0.02936, 0.9037, 0.02936, 0.9037, -0.89032, 0.32562, 0.31826, -16.15514, -13.52543, 121.09644
2161, 661, -15.36089, -10.71948, 124.90658, 125.86494, 0.80, 0.80, 0.00, 1.00, 0.09007, 0.88833, 0.09007, 0.88833, -0.87925, 0.46217, 0.11539, -15.36089, -10.71948, 124.90658
2162, 665, -14.94036, -12.28302, 124.93692, 125.89527, 0.80, 0.80, 0.00, 1.00, 0.08452, 0.90333, 0.08452, 0.90333, -0.94173, 0.30847, 0.13411, -14.94036, -12.28302, 124.93692
2163, 666, -20.33038, -20.3988, 119.42068, 120.38087, 0.80, 0.80, 0.00, 1.00, 0.01731, 0.95368, 0.01731, 0.95368, -0.67531, 0.06863, 0.73433, -20.33038, -20.3988, 119.42068
2164, 664, -16.15514, -13.52543, 121.09644, 122.05607, 0.80, 0.80, 0.00, 1.00, 0.02936, 0.9037, 0.02936, 0.9037, -0.89032, 0.32562, 0.31826, -16.15514, -13.52543, 121.09644
2165, 667, -16.47426, -19.87344, 122.82355, 123.78261, 0.80, 0.80, 0.00, 1.00, 0.07944, 0.95603, 0.07944, 0.95603, -0.85013, 0.03377, 0.52548, -16.47426, -19.87344, 122.82355
2166, 664, -16.15514, -13.52543, 121.09644, 122.05607, 0.80, 0.80, 0.00, 1.00, 0.02936, 0.9037, 0.02936, 0.9037, -0.89032, 0.32562, 0.31826, -16.15514, -13.52543, 121.09644
2167, 665, -14.94036, -12.28302, 124.93692, 125.89527, 0.80, 0.80, 0.00, 1.00, 0.08452, 0.90333, 0.08452, 0.90333, -0.94173, 0.30847, 0.13411, -14.94036, -12.28302, 124.93692
2168, 667, -16.47426, -19.87344, 122.82355, 123.78261, 0.80, 0.80, 0.00, 1.00, 0.07944, 0.95603, 0.07944, 0.95603, -0.85013, 0.03377, 0.52548, -16.47426, -19.87344, 122.82355
2169, 667, -16.47426, -19.87344, 122.82355, 123.78261, 0.80, 0.80, 0.00, 1.00, 0.07944, 0.95603, 0.07944, 0.95603, -0.85013, 0.03377, 0.52548, -16.47426, -19.87344, 122.82355
2170, 665, -14.94036, -12.28302, 124.93692, 125.89527, 0.80, 0.80, 0.00, 1.00, 0.08452, 0.90333, 0.08452, 0.90333, -0.94173, 0.30847, 0.13411, -14.94036, -12.28302, 124.93692
2171, 668, -15.00514, -11.7537, 127.31541, 128.27298, 0.80, 0.80, 0.00, 1.00, 0.12686, 0.90379, 0.12686, 0.90379, -0.91221, 0.31122, -0.26647, -15.00514, -11.7537, 127.31541
2172, 669, -15.72319, -19.19944, 125.18423, 126.14251, 0.80, 0.80, 0.00, 1.00, 0.12686, 0.95481, 0.12686, 0.95481, -0.9943, -0.09064, 0.05603, -15.72319, -19.19944, 125.18423
2173, 667, -16.47426, -19.87344, 122.82355, 123.78261, 0.80, 0.80, 0.00, 1.00, 0.07944, 0.95603, 0.07944, 0.95603, -0.85013, 0.03377, 0.52548, -16.47426, -19.87344, 122.82355
2174, 668, -15.00514, -11.7537, 127.31541, 128.27298, 0.80, 0.80, 0.00, 1.00, 0.12686, 0.90379, 0.12686, 0.90379, -0.91221, 0.31122, -0.26647, -15.00514, -11.7537, 127.31541
2175, 668, -15.00514, -11.7537, 127.31541, 128.27298, 0.80, 0.80, 0.00, 1.00, 0.12686, 0.90379, 0.12686, 0.90379, -0.91221, 0.31122, -0.26647, -15.00514, -11.7537, 127.31541
2176, 661, -15.36089, -10.71948, 124.90658, 125.86494, 0.80, 0.80, 0.00, 1.00, 0.09007, 0.88833, 0.09007, 0.88833, -0.87925, 0.46217, 0.11539, -15.36089, -10.71948, 124.90658
2177, 662, -15.62094, -10.28445, 126.86244, 127.82016, 0.80, 0.80, 0.00, 1.00, 0.12702, 0.88833, 0.12702, 0.88833, -0.80585, 0.51305, -0.29561, -15.62094, -10.28445, 126.86244
2178, 665, -14.94036, -12.28302, 124.93692, 125.89527, 0.80, 0.80, 0.00, 1.00, 0.08452, 0.90333, 0.08452, 0.90333, -0.94173, 0.30847, 0.13411, -14.94036, -12.28302, 124.93692
2179, 661, -15.36089, -10.71948, 124.90658, 125.86494, 0.80, 0.80, 0.00, 1.00, 0.09007, 0.88833, 0.09007, 0.88833, -0.87925, 0.46217, 0.11539, -15.36089, -10.71948, 124.90658
2180, 668, -15.00514, -11.7537, 127.31541, 128.27298, 0.80, 0.80, 0.00, 1.00, 0.12686, 0.90379, 0.12686, 0.90379, -0.91221, 0.31122, -0.26647, -15.00514, -11.7537, 127.31541
2181, 670, -16.03521, -18.57762, 128.35869, 129.3159, 0.80, 0.80, 0.00, 1.00, 0.19239, 0.95578, 0.19239, 0.95578, -0.99419, -0.05266, -0.09386, -16.03521, -18.57762, 128.35869
2182, 668, -15.00514, -11.7537, 127.31541, 128.27298, 0.80, 0.80, 0.00, 1.00, 0.12686, 0.90379, 0.12686, 0.90379, -0.91221, 0.31122, -0.26647, -15.00514, -11.7537, 127.31541
2183, 671, -16.64771, -11.33031, 130.10014, 131.05678, 0.80, 0.80, 0.00, 1.00, 0.19239, 0.90324, 0.19239, 0.90324, -0.76601, 0.40017, -0.50308, -16.64771, -11.33031, 130.10014
2184, 668, -15.00514, -11.7537, 127.31541, 128.27298, 0.80, 0.80, 0.00, 1.00, 0.12686, 0.90379, 0.12686, 0.90379, -0.91221, 0.31122, -0.26647, -15.00514, -11.7537, 127.31541
2185, 670, -16.03521, -18.57762, 128.35869, 129.3159, 0.80, 0.80, 0.00, 1.00, 0.19239, 0.95578, 0.19239, 0.95578, -0.99419, -0.05266, -0.09386, -16.03521, -18.57762, 128.35869
2186, 669, -15.72319, -19.19944, 125.18423, 126.14251, 0.80, 0.80, 0.00, 1.00, 0.12686, 0.95481, 0.12686, 0.95481, -0.9943, -0.09064, 0.05603, -15.72319, -19.19944, 125.18423
2187, 671, -16.64771, -11.33031, 130.10014, 131.05678, 0.80, 0.80, 0.00, 1.00, 0.19239, 0.90324, 0.19239, 0.90324, -0.76601, 0.40017, -0.50308, -16.64771, -11.33031, 130.10014
2188, 662, -15.62094, -10.28445, 126.86244, 127.82016, 0.80, 0.80, 0.00, 1.00, 0.12702, 0.88833, 0.12702, 0.88833, -0.80585, 0.51305, -0.29561, -15.62094, -10.28445, 126.86244
2189, 663, -17.29061, -9.93212, 129.62662, 130.5834, 0.80, 0.80, 0.00, 1.00, 0.19239, 0.88833, 0.19239, 0.88833, -0.69222, 0.5484, -0.46912, -17.29061, -9.93212, 129.62662
2190, 668, -15.00514, -11.7537, 127.31541, 128.27298, 0.80, 0.80, 0.00, 1.00, 0.12686, 0.90379, 0.12686, 0.90379, -0.91221, 0.31122, -0.26647, -15.00514, -11.7537, 127.31541
2191, 662, -15.62094, -10.28445, 126.86244, 127.82016, 0.80, 0.80, 0.00, 1.00, 0.12702, 0.88833, 0.12702, 0.88833, -0.80585, 0.51305, -0.29561, -15.62094, -10.28445, 126.86244
2192, 671, -16.64771, -11.33031, 130.10014, 131.05678, 0.80, 0.80, 0.00, 1.00, 0.19239, 0.90324, 0.19239, 0.90324, -0.76601, 0.40017, -0.50308, -16.64771, -11.33031, 130.10014
2193, 672, -18.37239, -26.6617, 120.01777, 120.97776, 0.80, 0.80, 0.00, 1.00, 0.00937, 0.99597, 0.00937, 0.99597, -0.63695, -0.18332, 0.74879, -18.37239, -26.6617, 120.01777
2194, 666, -20.33038, -20.3988, 119.42068, 120.38087, 0.80, 0.80, 0.00, 1.00, 0.01731, 0.95368, 0.01731, 0.95368, -0.67531, 0.06863, 0.73433, -20.33038, -20.3988, 119.42068
2195, 667, -16.47426, -19.87344, 122.82355, 123.78261, 0.80, 0.80, 0.00, 1.00, 0.07944, 0.95603, 0.07944, 0.95603, -0.85013, 0.03377, 0.52548, -16.47426, -19.87344, 122.82355
2196, 672, -18.37239, -26.6617, 120.01777, 120.97776, 0.80, 0.80, 0.00, 1.00, 0.00937, 0.99597, 0.00937, 0.99597, -0.63695, -0.18332, 0.74879, -18.37239, -26.6617, 120.01777
2197, 667, -16.47426, -19.87344, 122.82355, 123.78261, 0.80, 0.80, 0.00, 1.00, 0.07944, 0.95603, 0.07944, 0.95603, -0.85013, 0.03377, 0.52548, -16.47426, -19.87344, 122.82355
2198, 673, -14.67463, -25.35822, 122.93694, 123.89596, 0.80, 0.80, 0.00, 1.00, 0.06986, 0.99604, 0.06986, 0.99604, -0.83702, -0.22353, 0.49943, -14.67463, -25.35822, 122.93694
2199, 674, -13.98102, -24.08414, 125.1736, 126.13187, 0.80, 0.80, 0.00, 1.00, 0.1188, 0.99611, 0.1188, 0.99611, -0.9571, -0.25739, 0.13303, -13.98102, -24.08414, 125.1736
2200, 667, -16.47426, -19.87344, 122.82355, 123.78261, 0.80, 0.80, 0.00, 1.00, 0.07944, 0.95603, 0.07944, 0.95603, -0.85013, 0.03377, 0.52548, -16.47426, -19.87344, 122.82355
2201, 669, -15.72319, -19.19944, 125.18423, 126.14251, 0.80, 0.80, 0.00, 1.00, 0.12686, 0.95481, 0.12686, 0.95481, -0.9943, -0.09064, 0.05603, -15.72319, -19.19944, 125.18423
2202, 674, -13.98102, -24.08414, 125.1736, 126.13187, 0.80, 0.80, 0.00, 1.00, 0.1188, 0.99611, 0.1188, 0.99611, -0.9571, -0.25739, 0.13303, -13.98102, -24.08414, 125.1736
2203, 673, -14.67463, -25.35822, 122.93694, 123.89596, 0.80, 0.80, 0.00, 1.00, 0.06986, 0.99604, 0.06986, 0.99604, -0.83702, -0.22353, 0.49943, -14.67463, -25.35822, 122.93694
2204, 667, -16.47426, -19.87344, 122.82355, 123.78261, 0.80, 0.80, 0.00, 1.00, 0.07944, 0.95603, 0.07944, 0.95603, -0.85013, 0.03377, 0.52548, -16.47426, -19.87344, 122.82355
2205, 675, -16.74766, -22.84545, 128.80957, 129.76663, 0.80, 0.80, 0.00, 1.00, 0.19239, 0.99593, 0.19239, 0.99593, -0.97521, -0.20118, -0.09207, -16.74766, -22.84545, 128.80957
2206, 669, -15.72319, -19.19944, 125.18423, 126.14251, 0.80, 0.80, 0.00, 1.00, 0.12686, 0.95481, 0.12686, 0.95481, -0.9943, -0.09064, 0.05603, -15.72319, -19.19944, 125.18423
2207, 670, -16.03521, -18.57762, 128.35869, 129.3159, 0.80, 0.80, 0.00, 1.00, 0.19239, 0.95578, 0.19239, 0.95578, -0.99419, -0.05266, -0.09386, -16.03521, -18.57762, 128.35869
2208, 669, -15.72319, -19.19944, 125.18423, 126.14251, 0.80, 0.80, 0.00, 1.00, 0.12686, 0.95481, 0.12686, 0.95481, -0.9943, -0.09064, 0.05603, -15.72319, -19.19944, 125.18423
2209, 675, -16.74766, -22.84545, 128.80957, 129.76663, 0.80, 0.80, 0.00, 1.00, 0.19239, 0.99593, 0.19239, 0.99593, -0.97521, -0.20118, -0.09207, -16.74766, -22.84545, 128.80957
2210, 674, -13.98102, -24.08414, 125.1736, 126.13187, 0.80, 0.80, 0.00, 1.00, 0.1188, 0.99611, 0.1188, 0.99611, -0.9571, -0.25739, 0.13303, -13.98102, -24.08414, 125.1736
2211, 676, -29.46033, 19.82748, 123.39127, 124.35014, 0.80, 0.80, 0.00, 1.00, 0.26807, 0.56472, 0.26807, 0.56472, 0.29732, 0.92792, -0.22429, -29.46033, 19.82748, 123.39127
2212, 677, -33.65486, 14.32981, 125.82233, 126.78038, 0.80, 0.80, 0.00, 1.00, 0.37774, 0.58912, 0.37774, 0.58912, 0.30249, 0.80826, 0.50475, -33.65486, 14.32981, 125.82233
2213, 678, -32.34497, 17.72966, 128.00749, 128.96483, 0.80, 0.80, 0.00, 1.00, 0.3779, 0.58894, 0.3779, 0.58894, 0.0358, 0.98332, 0.17825, -32.34497, 17.72966, 128.00749
2214, 679, -28.26516, -7.99913, 130.37718, 131.33372, 0.80, 0.80, 0.00, 1.00, 0.33243, 0.84249, 0.33243, 0.84249, 0.50099, -0.23795, -0.83113, -28.26516, -7.99913, 130.37718
2215, 680, -24.96183, -8.80018, 133.17502, 134.13063, 0.80, 0.80, 0.00, 1.00, 0.33412, 0.87207, 0.33412, 0.87207, -0.1043, 0.20976, -0.97217, -24.96183, -8.80018, 133.17502
2216, 681, -21.0064, -7.71777, 132.4305, 133.38635, 0.80, 0.80, 0.00, 1.00, 0.28162, 0.8678, 0.28162, 0.8678, -0.30257, 0.17007, -0.93783, -21.0064, -7.71777, 132.4305
2217, 679, -28.26516, -7.99913, 130.37718, 131.33372, 0.80, 0.80, 0.00, 1.00, 0.33243, 0.84249, 0.33243, 0.84249, 0.50099, -0.23795, -0.83113, -28.26516, -7.99913, 130.37718
2218, 681, -21.0064, -7.71777, 132.4305, 133.38635, 0.80, 0.80, 0.00, 1.00, 0.28162, 0.8678, 0.28162, 0.8678, -0.30257, 0.17007, -0.93783, -21.0064, -7.71777, 132.4305
2219, 682, -25.60467, -6.15044, 132.17596, 133.1319, 0.80, 0.80, 0.00, 1.00, 0.29348, 0.83742, 0.29348, 0.83742, 0.39153, -0.26963, -0.87889, -25.60467, -6.15044, 132.17596
2220, 679, -28.26516, -7.99913, 130.37718, 131.33372, 0.80, 0.80, 0.00, 1.00, 0.33243, 0.84249, 0.33243, 0.84249, 0.50099, -0.23795, -0.83113, -28.26516, -7.99913, 130.37718
2221, 682, -25.60467, -6.15044, 132.17596, 133.1319, 0.80, 0.80, 0.00, 1.00, 0.29348, 0.83742, 0.29348, 0.83742, 0.39153, -0.26963, -0.87889, -25.60467, -6.15044, 132.17596
2222, 683, -29.58347, -5.48908, 130.22427, 131.18086, 0.80, 0.80, 0.00, 1.00, 0.35275, 0.8169, 0.35275, 0.8169, 0.59865, -0.37853, -0.70489, -29.58347, -5.48908, 130.22427
2223, 683, -29.58347, -5.48908, 130.22427, 131.18086, 0.80, 0.80, 0.00, 1.00, 0.35275, 0.8169, 0.35275, 0.8169, 0.59865, -0.37853, -0.70489, -29.58347, -5.48908, 130.22427
2224, 682, -25.60467, -6.15044, 132.17596, 133.1319, 0.80, 0.80, 0.00, 1.00, 0.29348, 0.83742, 0.29348, 0.83742, 0.39153, -0.26963, -0.87889, -25.60467, -6.15044, 132.17596
2225, 684, -26.50932, -4.28597, 132.03813, 132.99411, 0.80, 0.80, 0.00, 1.00, 0.30702, 0.8185, 0.30702, 0.8185, 0.27126, -0.26115, -0.92556, -26.50932, -4.28597, 132.03813
2226, 683, -29.58347, -5.48908, 130.22427, 131.18086, 0.80, 0.80, 0.00, 1.00, 0.35275, 0.8169, 0.35275, 0.8169, 0.59865, -0.37853, -0.70489, -29.58347, -5.48908, 130.22427
2227, 684, -26.50932, -4.28597, 132.03813, 132.99411, 0.80, 0.80, 0.00, 1.00, 0.30702, 0.8185, 0.30702, 0.8185, 0.27126, -0.26115, -0.92556, -26.50932, -4.28597, 132.03813
2228, 685, -31.56423, 10.2737, 135.72037, 136.67513, 0.80, 0.80, 0.00, 1.00, 0.3719, 0.70971, 0.3719, 0.70971, 0.25439, 0.38483, -0.88636, -31.56423, 10.2737, 135.72037
2229, 686, -31.80362, 4.06229, 128.30923, 129.26646, 0.80, 0.80, 0.00, 1.00, 0.36512, 0.71244, 0.36512, 0.71244, 0.88193, -0.2683, -0.38546, -31.80362, 4.06229, 128.30923
2230, 683, -29.58347, -5.48908, 130.22427, 131.18086, 0.80, 0.80, 0.00, 1.00, 0.35275, 0.8169, 0.35275, 0.8169, 0.59865, -0.37853, -0.70489, -29.58347, -5.48908, 130.22427
2231, 685, -31.56423, 10.2737, 135.72037, 136.67513, 0.80, 0.80, 0.00, 1.00, 0.3719, 0.70971, 0.3719, 0.70971, 0.25439, 0.38483, -0.88636, -31.56423, 10.2737, 135.72037
2232, 687, -23.53802, -5.48714, 132.67375, 133.62953, 0.80, 0.80, 0.00, 1.00, 0.25791, 0.83751, 0.25791, 0.83751, -0.11598, -0.05325, -0.99096, -23.53802, -5.48714, 132.67375
2233, 681, -21.0064, -7.71777, 132.4305, 133.38635, 0.80, 0.80, 0.00, 1.00, 0.28162, 0.8678, 0.28162, 0.8678, -0.30257, 0.17007, -0.93783, -21.0064, -7.71777, 132.4305
2234, 688, -19.77302, -7.80248, 131.60435, 132.56049, 0.80, 0.80, 0.00, 1.00, 0.25453, 0.86896, 0.25453, 0.86896, -0.72188, 0.27117, -0.63668, -19.77302, -7.80248, 131.60435
2235, 681, -21.0064, -7.71777, 132.4305, 133.38635, 0.80, 0.80, 0.00, 1.00, 0.28162, 0.8678, 0.28162, 0.8678, -0.30257, 0.17007, -0.93783, -21.0064, -7.71777, 132.4305
2236, 687, -23.53802, -5.48714, 132.67375, 133.62953, 0.80, 0.80, 0.00, 1.00, 0.25791, 0.83751, 0.25791, 0.83751, -0.11598, -0.05325, -0.99096, -23.53802, -5.48714, 132.67375
2237, 682, -25.60467, -6.15044, 132.17596, 133.1319, 0.80, 0.80, 0.00, 1.00, 0.29348, 0.83742, 0.29348, 0.83742, 0.39153, -0.26963, -0.87889, -25.60467, -6.15044, 132.17596
2238, 682, -25.60467, -6.15044, 132.17596, 133.1319, 0.80, 0.80, 0.00, 1.00, 0.29348, 0.83742, 0.29348, 0.83742, 0.39153, -0.26963, -0.87889, -25.60467, -6.15044, 132.17596
2239, 687, -23.53802, -5.48714, 132.67375, 133.62953, 0.80, 0.80, 0.00, 1.00, 0.25791, 0.83751, 0.25791, 0.83751, -0.11598, -0.05325, -0.99096, -23.53802, -5.48714, 132.67375
2240, 684, -26.50932, -4.28597, 132.03813, 132.99411, 0.80, 0.80, 0.00, 1.00, 0.30702, 0.8185, 0.30702, 0.8185, 0.27126, -0.26115, -0.92556, -26.50932, -4.28597, 132.03813
2241, 684, -26.50932, -4.28597, 132.03813, 132.99411, 0.80, 0.80, 0.00, 1.00, 0.30702, 0.8185, 0.30702, 0.8185, 0.27126, -0.26115, -0.92556, -26.50932, -4.28597, 132.03813
2242, 687, -23.53802, -5.48714, 132.67375, 133.62953, 0.80, 0.80, 0.00, 1.00, 0.25791, 0.83751, 0.25791, 0.83751, -0.11598, -0.05325, -0.99096, -23.53802, -5.48714, 132.67375
2243, 689, -23.93154, -3.17566, 132.2662, 133.22211, 0.80, 0.80, 0.00, 1.00, 0.25961, 0.81486, 0.25961, 0.81486, -0.32, -0.00186, -0.9465, -23.93154, -3.17566, 132.2662
2244, 684, -26.50932, -4.28597, 132.03813, 132.99411, 0.80, 0.80, 0.00, 1.00, 0.30702, 0.8185, 0.30702, 0.8185, 0.27126, -0.26115, -0.92556, -26.50932, -4.28597, 132.03813
2245, 689, -23.93154, -3.17566, 132.2662, 133.22211, 0.80, 0.80, 0.00, 1.00, 0.25961, 0.81486, 0.25961, 0.81486, -0.32, -0.00186, -0.9465, -23.93154, -3.17566, 132.2662
2246, 685, -31.56423, 10.2737, 135.72037, 136.67513, 0.80, 0.80, 0.00, 1.00, 0.3719, 0.70971, 0.3719, 0.70971, 0.25439, 0.38483, -0.88636, -31.56423, 10.2737, 135.72037
2247, 685, -31.56423, 10.2737, 135.72037, 136.67513, 0.80, 0.80, 0.00, 1.00, 0.3719, 0.70971, 0.3719, 0.70971, 0.25439, 0.38483, -0.88636, -31.56423, 10.2737, 135.72037
2248, 689, -23.93154, -3.17566, 132.2662, 133.22211, 0.80, 0.80, 0.00, 1.00, 0.25961, 0.81486, 0.25961, 0.81486, -0.32, -0.00186, -0.9465, -23.93154, -3.17566, 132.2662
2249, 690, -25.41628, 11.89795, 131.63042, 132.58653, 0.80, 0.80, 0.00, 1.00, 0.27485, 0.6832, 0.27485, 0.6832, -0.33642, 0.24625, -0.90801, -25.41628, 11.89795, 131.63042
2250, 685, -31.56423, 10.2737, 135.72037, 136.67513, 0.80, 0.80, 0.00, 1.00, 0.3719, 0.70971, 0.3719, 0.70971, 0.25439, 0.38483, -0.88636, -31.56423, 10.2737, 135.72037
2251, 690, -25.41628, 11.89795, 131.63042, 132.58653, 0.80, 0.80, 0.00, 1.00, 0.27485, 0.6832, 0.27485, 0.6832, -0.33642, 0.24625, -0.90801, -25.41628, 11.89795, 131.63042
2252, 691, -31.03371, 11.3244, 132.60524, 133.56104, 0.80, 0.80, 0.00, 1.00, 0.37811, 0.67494, 0.37811, 0.67494, -0.12795, 0.27089, -0.95318, -31.03371, 11.3244, 132.60524
2253, 691, -31.03371, 11.3244, 132.60524, 133.56104, 0.80, 0.80, 0.00, 1.00, 0.37811, 0.67494, 0.37811, 0.67494, -0.12795, 0.27089, -0.95318, -31.03371, 11.3244, 132.60524
2254, 690, -25.41628, 11.89795, 131.63042, 132.58653, 0.80, 0.80, 0.00, 1.00, 0.27485, 0.6832, 0.27485, 0.6832, -0.33642, 0.24625, -0.90801, -25.41628, 11.89795, 131.63042
2255, 692, -31.87128, 17.34882, 130.05858, 131.01523, 0.80, 0.80, 0.00, 1.00, 0.37774, 0.61106, 0.37774, 0.61106, -0.14643, 0.8106, -0.56633, -31.87128, 17.34882, 130.05858
2256, 692, -31.87128, 17.34882, 130.05858, 131.01523, 0.80, 0.80, 0.00, 1.00, 0.37774, 0.61106, 0.37774, 0.61106, -0.14643, 0.8106, -0.56633, -31.87128, 17.34882, 130.05858
2257, 690, -25.41628, 11.89795, 131.63042, 132.58653, 0.80, 0.80, 0.00, 1.00, 0.27485, 0.6832, 0.27485, 0.6832, -0.33642, 0.24625, -0.90801, -25.41628, 11.89795, 131.63042
2258, 693, -26.76548, 18.25576, 129.90828, 130.86497, 0.80, 0.80, 0.00, 1.00, 0.27654, 0.6179, 0.27654, 0.6179, -0.24199, 0.5453, -0.8017, -26.76548, 18.25576, 129.90828
2259, 692, -31.87128, 17.34882, 130.05858, 131.01523, 0.80, 0.80, 0.00, 1.00, 0.37774, 0.61106, 0.37774, 0.61106, -0.14643, 0.8106, -0.56633, -31.87128, 17.34882, 130.05858
2260, 693, -26.76548, 18.25576, 129.90828, 130.86497, 0.80, 0.80, 0.00, 1.00, 0.27654, 0.6179, 0.27654, 0.6179, -0.24199, 0.5453, -0.8017, -26.76548, 18.25576, 129.90828
2261, 694, -27.82581, 20.0511, 127.91699, 128.87436, 0.80, 0.80, 0.00, 1.00, 0.27654, 0.59, 0.27654, 0.59, -0.01234, 0.86786, -0.49607, -27.82581, 20.0511, 127.91699
2262, 692, -31.87128, 17.34882, 130.05858, 131.01523, 0.80, 0.80, 0.00, 1.00, 0.37774, 0.61106, 0.37774, 0.61106, -0.14643, 0.8106, -0.56633, -31.87128, 17.34882, 130.05858
2263, 694, -27.82581, 20.0511, 127.91699, 128.87436, 0.80, 0.80, 0.00, 1.00, 0.27654, 0.59, 0.27654, 0.59, -0.01234, 0.86786, -0.49607, -27.82581, 20.0511, 127.91699
2264, 678, -32.34497, 17.72966, 128.00749, 128.96483, 0.80, 0.80, 0.00, 1.00, 0.3779, 0.58894, 0.3779, 0.58894, 0.0358, 0.98332, 0.17825, -32.34497, 17.72966, 128.00749
2265, 676, -29.46033, 19.82748, 123.39127, 124.35014, 0.80, 0.80, 0.00, 1.00, 0.26807, 0.56472, 0.26807, 0.56472, 0.29732, 0.92792, -0.22429, -29.46033, 19.82748, 123.39127
2266, 678, -32.34497, 17.72966, 128.00749, 128.96483, 0.80, 0.80, 0.00, 1.00, 0.3779, 0.58894, 0.3779, 0.58894, 0.0358, 0.98332, 0.17825, -32.34497, 17.72966, 128.00749
2267, 694, -27.82581, 20.0511, 127.91699, 128.87436, 0.80, 0.80, 0.00, 1.00, 0.27654, 0.59, 0.27654, 0.59, -0.01234, 0.86786, -0.49607, -27.82581, 20.0511, 127.91699
2268, 687, -23.53802, -5.48714, 132.67375, 133.62953, 0.80, 0.80, 0.00, 1.00, 0.25791, 0.83751, 0.25791, 0.83751, -0.11598, -0.05325, -0.99096, -23.53802, -5.48714, 132.67375
2269, 653, -18.26596, -8.18019, 128.93181, 129.88882, 0.80, 0.80, 0.00, 1.00, 0.19239, 0.8691, 0.19239, 0.8691, -0.82749, 0.19832, -0.52529, -18.26596, -8.18019, 128.93181
2270, 654, -20.69012, -5.41454, 130.82977, 131.78616, 0.80, 0.80, 0.00, 1.00, 0.19239, 0.83712, 0.19239, 0.83712, -0.30523, 0.13009, -0.94243, -20.69012, -5.41454, 130.82977
2271, 688, -19.77302, -7.80248, 131.60435, 132.56049, 0.80, 0.80, 0.00, 1.00, 0.25453, 0.86896, 0.25453, 0.86896, -0.72188, 0.27117, -0.63668, -19.77302, -7.80248, 131.60435
2272, 653, -18.26596, -8.18019, 128.93181, 129.88882, 0.80, 0.80, 0.00, 1.00, 0.19239, 0.8691, 0.19239, 0.8691, -0.82749, 0.19832, -0.52529, -18.26596, -8.18019, 128.93181
2273, 687, -23.53802, -5.48714, 132.67375, 133.62953, 0.80, 0.80, 0.00, 1.00, 0.25791, 0.83751, 0.25791, 0.83751, -0.11598, -0.05325, -0.99096, -23.53802, -5.48714, 132.67375
2274, 689, -23.93154, -3.17566, 132.2662, 133.22211, 0.80, 0.80, 0.00, 1.00, 0.25961, 0.81486, 0.25961, 0.81486, -0.32, -0.00186, -0.9465, -23.93154, -3.17566, 132.2662
2275, 654, -20.69012, -5.41454, 130.82977, 131.78616, 0.80, 0.80, 0.00, 1.00, 0.19239, 0.83712, 0.19239, 0.83712, -0.30523, 0.13009, -0.94243, -20.69012, -5.41454, 130.82977
2276, 655, -20.97144, -3.32961, 130.43822, 131.39474, 0.80, 0.80, 0.00, 1.00, 0.19239, 0.81677, 0.19239, 0.81677, -0.31829, 0.04796, -0.94586, -20.97144, -3.32961, 130.43822
2277, 654, -20.69012, -5.41454, 130.82977, 131.78616, 0.80, 0.80, 0.00, 1.00, 0.19239, 0.83712, 0.19239, 0.83712, -0.30523, 0.13009, -0.94243, -20.69012, -5.41454, 130.82977
2278, 689, -23.93154, -3.17566, 132.2662, 133.22211, 0.80, 0.80, 0.00, 1.00, 0.25961, 0.81486, 0.25961, 0.81486, -0.32, -0.00186, -0.9465, -23.93154, -3.17566, 132.2662
2279, 687, -23.53802, -5.48714, 132.67375, 133.62953, 0.80, 0.80, 0.00, 1.00, 0.25791, 0.83751, 0.25791, 0.83751, -0.11598, -0.05325, -0.99096, -23.53802, -5.48714, 132.67375
2280, 656, -22.00798, 12.24366, 129.12941, 130.08636, 0.80, 0.80, 0.00, 1.00, 0.19239, 0.67902, 0.19239, 0.67902, -0.36067, 0.19995, -0.91006, -22.00798, 12.24366, 129.12941
2281, 689, -23.93154, -3.17566, 132.2662, 133.22211, 0.80, 0.80, 0.00, 1.00, 0.25961, 0.81486, 0.25961, 0.81486, -0.32, -0.00186, -0.9465, -23.93154, -3.17566, 132.2662
2282, 655, -20.97144, -3.32961, 130.43822, 131.39474, 0.80, 0.80, 0.00, 1.00, 0.19239, 0.81677, 0.19239, 0.81677, -0.31829, 0.04796, -0.94586, -20.97144, -3.32961, 130.43822
2283, 690, -25.41628, 11.89795, 131.63042, 132.58653, 0.80, 0.80, 0.00, 1.00, 0.27485, 0.6832, 0.27485, 0.6832, -0.33642, 0.24625, -0.90801, -25.41628, 11.89795, 131.63042
2284, 689, -23.93154, -3.17566, 132.2662, 133.22211, 0.80, 0.80, 0.00, 1.00, 0.25961, 0.81486, 0.25961, 0.81486, -0.32, -0.00186, -0.9465, -23.93154, -3.17566, 132.2662
2285, 656, -22.00798, 12.24366, 129.12941, 130.08636, 0.80, 0.80, 0.00, 1.00, 0.19239, 0.67902, 0.19239, 0.67902, -0.36067, 0.19995, -0.91006, -22.00798, 12.24366, 129.12941
2286, 657, -23.64708, 19.61127, 126.73891, 127.69666, 0.80, 0.80, 0.00, 1.00, 0.19239, 0.6012, 0.19239, 0.6012, -0.24708, 0.56293, -0.78786, -23.64708, 19.61127, 126.73891
2287, 690, -25.41628, 11.89795, 131.63042, 132.58653, 0.80, 0.80, 0.00, 1.00, 0.27485, 0.6832, 0.27485, 0.6832, -0.33642, 0.24625, -0.90801, -25.41628, 11.89795, 131.63042
2288, 656, -22.00798, 12.24366, 129.12941, 130.08636, 0.80, 0.80, 0.00, 1.00, 0.19239, 0.67902, 0.19239, 0.67902, -0.36067, 0.19995, -0.91006, -22.00798, 12.24366, 129.12941
2289, 693, -26.76548, 18.25576, 129.90828, 130.86497, 0.80, 0.80, 0.00, 1.00, 0.27654, 0.6179, 0.27654, 0.6179, -0.24199, 0.5453, -0.8017, -26.76548, 18.25576, 129.90828
2290, 690, -25.41628, 11.89795, 131.63042, 132.58653, 0.80, 0.80, 0.00, 1.00, 0.27485, 0.6832, 0.27485, 0.6832, -0.33642, 0.24625, -0.90801, -25.41628, 11.89795, 131.63042
2291, 657, -23.64708, 19.61127, 126.73891, 127.69666, 0.80, 0.80, 0.00, 1.00, 0.19239, 0.6012, 0.19239, 0.6012, -0.24708, 0.56293, -0.78786, -23.64708, 19.61127, 126.73891
2292, 694, -27.82581, 20.0511, 127.91699, 128.87436, 0.80, 0.80, 0.00, 1.00, 0.27654, 0.59, 0.27654, 0.59, -0.01234, 0.86786, -0.49607, -27.82581, 20.0511, 127.91699
2293, 693, -26.76548, 18.25576, 129.90828, 130.86497, 0.80, 0.80, 0.00, 1.00, 0.27654, 0.6179, 0.27654, 0.6179, -0.24199, 0.5453, -0.8017, -26.76548, 18.25576, 129.90828
2294, 657, -23.64708, 19.61127, 126.73891, 127.69666, 0.80, 0.80, 0.00, 1.00, 0.19239, 0.6012, 0.19239, 0.6012, -0.24708, 0.56293, -0.78786, -23.64708, 19.61127, 126.73891
2295, 658, -24.30421, 20.69337, 125.50024, 126.4584, 0.80, 0.80, 0.00, 1.00, 0.19239, 0.58414, 0.19239, 0.58414, -0.0332, 0.90405, -0.4256, -24.30421, 20.69337, 125.50024
2296, 694, -27.82581, 20.0511, 127.91699, 128.87436, 0.80, 0.80, 0.00, 1.00, 0.27654, 0.59, 0.27654, 0.59, -0.01234, 0.86786, -0.49607, -27.82581, 20.0511, 127.91699
2297, 657, -23.64708, 19.61127, 126.73891, 127.69666, 0.80, 0.80, 0.00, 1.00, 0.19239, 0.6012, 0.19239, 0.6012, -0.24708, 0.56293, -0.78786, -23.64708, 19.61127, 126.73891
2298, 676, -29.46033, 19.82748, 123.39127, 124.35014, 0.80, 0.80, 0.00, 1.00, 0.26807, 0.56472, 0.26807, 0.56472, 0.29732, 0.92792, -0.22429, -29.46033, 19.82748, 123.39127
2299, 694, -27.82581, 20.0511, 127.91699, 128.87436, 0.80, 0.80, 0.00, 1.00, 0.27654, 0.59, 0.27654, 0.59, -0.01234, 0.86786, -0.49607, -27.82581, 20.0511, 127.91699
2300, 658, -24.30421, 20.69337, 125.50024, 126.4584, 0.80, 0.80, 0.00, 1.00, 0.19239, 0.58414, 0.19239, 0.58414, -0.0332, 0.90405, -0.4256, -24.30421, 20.69337, 125.50024
2301, 659, -25.66196, 22.07432, 122.81293, 123.77199, 0.80, 0.80, 0.00, 1.00, 0.19239, 0.55536, 0.19239, 0.55536, -0.05844, 0.87829, -0.47397, -25.66196, 22.07432, 122.81293
2302, 676, -29.46033, 19.82748, 123.39127, 124.35014, 0.80, 0.80, 0.00, 1.00, 0.26807, 0.56472, 0.26807, 0.56472, 0.29732, 0.92792, -0.22429, -29.46033, 19.82748, 123.39127
2303, 658, -24.30421, 20.69337, 125.50024, 126.4584, 0.80, 0.80, 0.00, 1.00, 0.19239, 0.58414, 0.19239, 0.58414, -0.0332, 0.90405, -0.4256, -24.30421, 20.69337, 125.50024
2304, 680, -24.96183, -8.80018, 133.17502, 134.13063, 0.80, 0.80, 0.00, 1.00, 0.33412, 0.87207, 0.33412, 0.87207, -0.1043, 0.20976, -0.97217, -24.96183, -8.80018, 133.17502
2305, 695, -24.89298, -10.38055, 133.97667, 134.93201, 0.80, 0.80, 0.00, 1.00, 0.34551, 0.88833, 0.34551, 0.88833, -0.0398, 0.42579, -0.90394, -24.89298, -10.38055, 133.97667
2306, 681, -21.0064, -7.71777, 132.4305, 133.38635, 0.80, 0.80, 0.00, 1.00, 0.28162, 0.8678, 0.28162, 0.8678, -0.30257, 0.17007, -0.93783, -21.0064, -7.71777, 132.4305
2307, 681, -21.0064, -7.71777, 132.4305, 133.38635, 0.80, 0.80, 0.00, 1.00, 0.28162, 0.8678, 0.28162, 0.8678, -0.30257, 0.17007, -0.93783, -21.0064, -7.71777, 132.4305
2308, 695, -24.89298, -10.38055, 133.97667, 134.93201, 0.80, 0.80, 0.00, 1.00, 0.34551, 0.88833, 0.34551, 0.88833, -0.0398, 0.42579, -0.90394, -24.89298, -10.38055, 133.97667
2309, 696, -20.79273, -9.68733, 133.44159, 134.39711, 0.80, 0.80, 0.00, 1.00, 0.29471, 0.88833, 0.29471, 0.88833, -0.26287, 0.38451, -0.8849, -20.79273, -9.68733, 133.44159
2310, 681, -21.0064, -7.71777, 132.4305, 133.38635, 0.80, 0.80, 0.00, 1.00, 0.28162, 0.8678, 0.28162, 0.8678, -0.30257, 0.17007, -0.93783, -21.0064, -7.71777, 132.4305
2311, 697, -19.09129, -9.62501, 132.31537, 133.27126, 0.80, 0.80, 0.00, 1.00, 0.25776, 0.88833, 0.25776, 0.88833, -0.59171, 0.48607, -0.64313, -19.09129, -9.62501, 132.31537
2312, 688, -19.77302, -7.80248, 131.60435, 132.56049, 0.80, 0.80, 0.00, 1.00, 0.25453, 0.86896, 0.25453, 0.86896, -0.72188, 0.27117, -0.63668, -19.77302, -7.80248, 131.60435
2313, 696, -20.79273, -9.68733, 133.44159, 134.39711, 0.80, 0.80, 0.00, 1.00, 0.29471, 0.88833, 0.29471, 0.88833, -0.26287, 0.38451, -0.8849, -20.79273, -9.68733, 133.44159
2314, 697, -19.09129, -9.62501, 132.31537, 133.27126, 0.80, 0.80, 0.00, 1.00, 0.25776, 0.88833, 0.25776, 0.88833, -0.59171, 0.48607, -0.64313, -19.09129, -9.62501, 132.31537
2315, 681, -21.0064, -7.71777, 132.4305, 133.38635, 0.80, 0.80, 0.00, 1.00, 0.28162, 0.8678, 0.28162, 0.8678, -0.30257, 0.17007, -0.93783, -21.0064, -7.71777, 132.4305
2316, 688, -19.77302, -7.80248, 131.60435, 132.56049, 0.80, 0.80, 0.00, 1.00, 0.25453, 0.86896, 0.25453, 0.86896, -0.72188, 0.27117, -0.63668, -19.77302, -7.80248, 131.60435
2317, 663, -17.29061, -9.93212, 129.62662, 130.5834, 0.80, 0.80, 0.00, 1.00, 0.19239, 0.88833, 0.19239, 0.88833, -0.69222, 0.5484, -0.46912, -17.29061, -9.93212, 129.62662
2318, 653, -18.26596, -8.18019, 128.93181, 129.88882, 0.80, 0.80, 0.00, 1.00, 0.19239, 0.8691, 0.19239, 0.8691, -0.82749, 0.19832, -0.52529, -18.26596, -8.18019, 128.93181
2319, 697, -19.09129, -9.62501, 132.31537, 133.27126, 0.80, 0.80, 0.00, 1.00, 0.25776, 0.88833, 0.25776, 0.88833, -0.59171, 0.48607, -0.64313, -19.09129, -9.62501, 132.31537
2320, 663, -17.29061, -9.93212, 129.62662, 130.5834, 0.80, 0.80, 0.00, 1.00, 0.19239, 0.88833, 0.19239, 0.88833, -0.69222, 0.5484, -0.46912, -17.29061, -9.93212, 129.62662
2321, 688, -19.77302, -7.80248, 131.60435, 132.56049, 0.80, 0.80, 0.00, 1.00, 0.25453, 0.86896, 0.25453, 0.86896, -0.72188, 0.27117, -0.63668, -19.77302, -7.80248, 131.60435
2322, 695, -24.89298, -10.38055, 133.97667, 134.93201, 0.80, 0.80, 0.00, 1.00, 0.34551, 0.88833, 0.34551, 0.88833, -0.0398, 0.42579, -0.90394, -24.89298, -10.38055, 133.97667
2323, 698, -24.80994, -11.88084, 134.69563, 135.65073, 0.80, 0.80, 0.00, 1.00, 0.35542, 0.9037, 0.35542, 0.9037, -0.09688, 0.22566, -0.96938, -24.80994, -11.88084, 134.69563
2324, 696, -20.79273, -9.68733, 133.44159, 134.39711, 0.80, 0.80, 0.00, 1.00, 0.29471, 0.88833, 0.29471, 0.88833, -0.26287, 0.38451, -0.8849, -20.79273, -9.68733, 133.44159
2325, 696, -20.79273, -9.68733, 133.44159, 134.39711, 0.80, 0.80, 0.00, 1.00, 0.29471, 0.88833, 0.29471, 0.88833, -0.26287, 0.38451, -0.8849, -20.79273, -9.68733, 133.44159
2326, 698, -24.80994, -11.88084, 134.69563, 135.65073, 0.80, 0.80, 0.00, 1.00, 0.35542, 0.9037, 0.35542, 0.9037, -0.09688, 0.22566, -0.96938, -24.80994, -11.88084, 134.69563
2327, 699, -20.66643, -11.19495, 133.93423, 134.88959, 0.80, 0.80, 0.00, 1.00, 0.30025, 0.90333, 0.30025, 0.90333, -0.28508, 0.22574, -0.93154, -20.66643, -11.19495, 133.93423
2328, 698, -24.80994, -11.88084, 134.69563, 135.65073, 0.80, 0.80, 0.00, 1.00, 0.35542, 0.9037, 0.35542, 0.9037, -0.09688, 0.22566, -0.96938, -24.80994, -11.88084, 134.69563
2329, 700, -21.9992, -16.52412, 136.31703, 137.27159, 0.80, 0.80, 0.00, 1.00, 0.36746, 0.95368, 0.36746, 0.95368, -0.52595, 0.06863, -0.84774, -21.9992, -16.52412, 136.31703
2330, 701, -17.55085, -17.37382, 133.72366, 134.67909, 0.80, 0.80, 0.00, 1.00, 0.30533, 0.95603, 0.30533, 0.95603, -0.73677, 0.03377, -0.6753, -17.55085, -17.37382, 133.72366
2331, 699, -20.66643, -11.19495, 133.93423, 134.88959, 0.80, 0.80, 0.00, 1.00, 0.30025, 0.90333, 0.30025, 0.90333, -0.28508, 0.22574, -0.93154, -20.66643, -11.19495, 133.93423
2332, 698, -24.80994, -11.88084, 134.69563, 135.65073, 0.80, 0.80, 0.00, 1.00, 0.35542, 0.9037, 0.35542, 0.9037, -0.09688, 0.22566, -0.96938, -24.80994, -11.88084, 134.69563
2333, 701, -17.55085, -17.37382, 133.72366, 134.67909, 0.80, 0.80, 0.00, 1.00, 0.30533, 0.95603, 0.30533, 0.95603, -0.73677, 0.03377, -0.6753, -17.55085, -17.37382, 133.72366
2334, 699, -20.66643, -11.19495, 133.93423, 134.88959, 0.80, 0.80, 0.00, 1.00, 0.30025, 0.90333, 0.30025, 0.90333, -0.28508, 0.22574, -0.93154, -20.66643, -11.19495, 133.93423
2335, 701, -17.55085, -17.37382, 133.72366, 134.67909, 0.80, 0.80, 0.00, 1.00, 0.30533, 0.95603, 0.30533, 0.95603, -0.73677, 0.03377, -0.6753, -17.55085, -17.37382, 133.72366
2336, 702, -18.48367, -11.09272, 132.78117, 133.73692, 0.80, 0.80, 0.00, 1.00, 0.25791, 0.90379, 0.25791, 0.90379, -0.6278, 0.27539, -0.72803, -18.48367, -11.09272, 132.78117
2337, 701, -17.55085, -17.37382, 133.72366, 134.67909, 0.80, 0.80, 0.00, 1.00, 0.30533, 0.95603, 0.30533, 0.95603, -0.73677, 0.03377, -0.6753, -17.55085, -17.37382, 133.72366
2338, 703, -16.34779, -17.74926, 131.50807, 132.46423, 0.80, 0.80, 0.00, 1.00, 0.25791, 0.95481, 0.25791, 0.95481, -0.96625, -0.09064, -0.24113, -16.34779, -17.74926, 131.50807
2339, 702, -18.48367, -11.09272, 132.78117, 133.73692, 0.80, 0.80, 0.00, 1.00, 0.25791, 0.90379, 0.25791, 0.90379, -0.6278, 0.27539, -0.72803, -18.48367, -11.09272, 132.78117
2340, 696, -20.79273, -9.68733, 133.44159, 134.39711, 0.80, 0.80, 0.00, 1.00, 0.29471, 0.88833, 0.29471, 0.88833, -0.26287, 0.38451, -0.8849, -20.79273, -9.68733, 133.44159
2341, 702, -18.48367, -11.09272, 132.78117, 133.73692, 0.80, 0.80, 0.00, 1.00, 0.25791, 0.90379, 0.25791, 0.90379, -0.6278, 0.27539, -0.72803, -18.48367, -11.09272, 132.78117
2342, 697, -19.09129, -9.62501, 132.31537, 133.27126, 0.80, 0.80, 0.00, 1.00, 0.25776, 0.88833, 0.25776, 0.88833, -0.59171, 0.48607, -0.64313, -19.09129, -9.62501, 132.31537
2343, 696, -20.79273, -9.68733, 133.44159, 134.39711, 0.80, 0.80, 0.00, 1.00, 0.29471, 0.88833, 0.29471, 0.88833, -0.26287, 0.38451, -0.8849, -20.79273, -9.68733, 133.44159
2344, 699, -20.66643, -11.19495, 133.93423, 134.88959, 0.80, 0.80, 0.00, 1.00, 0.30025, 0.90333, 0.30025, 0.90333, -0.28508, 0.22574, -0.93154, -20.66643, -11.19495, 133.93423
2345, 702, -18.48367, -11.09272, 132.78117, 133.73692, 0.80, 0.80, 0.00, 1.00, 0.25791, 0.90379, 0.25791, 0.90379, -0.6278, 0.27539, -0.72803, -18.48367, -11.09272, 132.78117
2346, 702, -18.48367, -11.09272, 132.78117, 133.73692, 0.80, 0.80, 0.00, 1.00, 0.25791, 0.90379, 0.25791, 0.90379, -0.6278, 0.27539, -0.72803, -18.48367, -11.09272, 132.78117
2347, 670, -16.03521, -18.57762, 128.35869, 129.3159, 0.80, 0.80, 0.00, 1.00, 0.19239, 0.95578, 0.19239, 0.95578, -0.99419, -0.05266, -0.09386, -16.03521, -18.57762, 128.35869
2348, 671, -16.64771, -11.33031, 130.10014, 131.05678, 0.80, 0.80, 0.00, 1.00, 0.19239, 0.90324, 0.19239, 0.90324, -0.76601, 0.40017, -0.50308, -16.64771, -11.33031, 130.10014
2349, 670, -16.03521, -18.57762, 128.35869, 129.3159, 0.80, 0.80, 0.00, 1.00, 0.19239, 0.95578, 0.19239, 0.95578, -0.99419, -0.05266, -0.09386, -16.03521, -18.57762, 128.35869
2350, 702, -18.48367, -11.09272, 132.78117, 133.73692, 0.80, 0.80, 0.00, 1.00, 0.25791, 0.90379, 0.25791, 0.90379, -0.6278, 0.27539, -0.72803, -18.48367, -11.09272, 132.78117
2351, 703, -16.34779, -17.74926, 131.50807, 132.46423, 0.80, 0.80, 0.00, 1.00, 0.25791, 0.95481, 0.25791, 0.95481, -0.96625, -0.09064, -0.24113, -16.34779, -17.74926, 131.50807
2352, 697, -19.09129, -9.62501, 132.31537, 133.27126, 0.80, 0.80, 0.00, 1.00, 0.25776, 0.88833, 0.25776, 0.88833, -0.59171, 0.48607, -0.64313, -19.09129, -9.62501, 132.31537
2353, 671, -16.64771, -11.33031, 130.10014, 131.05678, 0.80, 0.80, 0.00, 1.00, 0.19239, 0.90324, 0.19239, 0.90324, -0.76601, 0.40017, -0.50308, -16.64771, -11.33031, 130.10014
2354, 663, -17.29061, -9.93212, 129.62662, 130.5834, 0.80, 0.80, 0.00, 1.00, 0.19239, 0.88833, 0.19239, 0.88833, -0.69222, 0.5484, -0.46912, -17.29061, -9.93212, 129.62662
2355, 697, -19.09129, -9.62501, 132.31537, 133.27126, 0.80, 0.80, 0.00, 1.00, 0.25776, 0.88833, 0.25776, 0.88833, -0.59171, 0.48607, -0.64313, -19.09129, -9.62501, 132.31537
2356, 702, -18.48367, -11.09272, 132.78117, 133.73692, 0.80, 0.80, 0.00, 1.00, 0.25791, 0.90379, 0.25791, 0.90379, -0.6278, 0.27539, -0.72803, -18.48367, -11.09272, 132.78117
2357, 671, -16.64771, -11.33031, 130.10014, 131.05678, 0.80, 0.80, 0.00, 1.00, 0.19239, 0.90324, 0.19239, 0.90324, -0.76601, 0.40017, -0.50308, -16.64771, -11.33031, 130.10014
2358, 700, -21.9992, -16.52412, 136.31703, 137.27159, 0.80, 0.80, 0.00, 1.00, 0.36746, 0.95368, 0.36746, 0.95368, -0.52595, 0.06863, -0.84774, -21.9992, -16.52412, 136.31703
2359, 704, -26.10637, -22.90042, 136.74448, 137.6989, 0.80, 0.80, 0.00, 1.00, 0.3754, 0.99597, 0.3754, 0.99597, -0.2331, -0.62198, -0.74122, -26.10637, -22.90042, 136.74448
2360, 701, -17.55085, -17.37382, 133.72366, 134.67909, 0.80, 0.80, 0.00, 1.00, 0.30533, 0.95603, 0.30533, 0.95603, -0.73677, 0.03377, -0.6753, -17.55085, -17.37382, 133.72366
2361, 701, -17.55085, -17.37382, 133.72366, 134.67909, 0.80, 0.80, 0.00, 1.00, 0.30533, 0.95603, 0.30533, 0.95603, -0.73677, 0.03377, -0.6753, -17.55085, -17.37382, 133.72366
2362, 704, -26.10637, -22.90042, 136.74448, 137.6989, 0.80, 0.80, 0.00, 1.00, 0.3754, 0.99597, 0.3754, 0.99597, -0.2331, -0.62198, -0.74122, -26.10637, -22.90042, 136.74448
2363, 705, -22.32604, -25.53646, 134.47943, 135.43462, 0.80, 0.80, 0.00, 1.00, 0.31491, 0.99604, 0.31491, 0.99604, -0.41505, -0.74795, -0.5072, -22.32604, -25.53646, 134.47943
2364, 701, -17.55085, -17.37382, 133.72366, 134.67909, 0.80, 0.80, 0.00, 1.00, 0.30533, 0.95603, 0.30533, 0.95603, -0.73677, 0.03377, -0.6753, -17.55085, -17.37382, 133.72366
2365, 706, -20.96062, -25.63982, 132.34607, 133.30196, 0.80, 0.80, 0.00, 1.00, 0.26598, 0.99611, 0.26598, 0.99611, -0.56254, -0.80599, -0.15418, -20.96062, -25.63982, 132.34607
2366, 703, -16.34779, -17.74926, 131.50807, 132.46423, 0.80, 0.80, 0.00, 1.00, 0.25791, 0.95481, 0.25791, 0.95481, -0.96625, -0.09064, -0.24113, -16.34779, -17.74926, 131.50807
2367, 705, -22.32604, -25.53646, 134.47943, 135.43462, 0.80, 0.80, 0.00, 1.00, 0.31491, 0.99604, 0.31491, 0.99604, -0.41505, -0.74795, -0.5072, -22.32604, -25.53646, 134.47943
2368, 706, -20.96062, -25.63982, 132.34607, 133.30196, 0.80, 0.80, 0.00, 1.00, 0.26598, 0.99611, 0.26598, 0.99611, -0.56254, -0.80599, -0.15418, -20.96062, -25.63982, 132.34607
2369, 701, -17.55085, -17.37382, 133.72366, 134.67909, 0.80, 0.80, 0.00, 1.00, 0.30533, 0.95603, 0.30533, 0.95603, -0.73677, 0.03377, -0.6753, -17.55085, -17.37382, 133.72366
2370, 703, -16.34779, -17.74926, 131.50807, 132.46423, 0.80, 0.80, 0.00, 1.00, 0.25791, 0.95481, 0.25791, 0.95481, -0.96625, -0.09064, -0.24113, -16.34779, -17.74926, 131.50807
2371, 675, -16.74766, -22.84545, 128.80957, 129.76663, 0.80, 0.80, 0.00, 1.00, 0.19239, 0.99593, 0.19239, 0.99593, -0.97521, -0.20118, -0.09207, -16.74766, -22.84545, 128.80957
2372, 670, -16.03521, -18.57762, 128.35869, 129.3159, 0.80, 0.80, 0.00, 1.00, 0.19239, 0.95578, 0.19239, 0.95578, -0.99419, -0.05266, -0.09386, -16.03521, -18.57762, 128.35869
2373, 675, -16.74766, -22.84545, 128.80957, 129.76663, 0.80, 0.80, 0.00, 1.00, 0.19239, 0.99593, 0.19239, 0.99593, -0.97521, -0.20118, -0.09207, -16.74766, -22.84545, 128.80957
2374, 703, -16.34779, -17.74926, 131.50807, 132.46423, 0.80, 0.80, 0.00, 1.00, 0.25791, 0.95481, 0.25791, 0.95481, -0.96625, -0.09064, -0.24113, -16.34779, -17.74926, 131.50807
2375, 706, -20.96062, -25.63982, 132.34607, 133.30196, 0.80, 0.80, 0.00, 1.00, 0.26598, 0.99611, 0.26598, 0.99611, -0.56254, -0.80599, -0.15418, -20.96062, -25.63982, 132.34607
2376, 707, -19.02322, -9.48759, 120.96098, 121.92066, 0.80, 0.80, 0.00, 1.00, 0.73749, 0.84695, 0.73749, 0.84695, -0.42877, -0.28161, 0.85744, -19.02322, -9.48759, 120.96098
2377, 708, -27.18604, -12.03415, 123.84708, 124.8058, 0.80, 0.80, 0.00, 1.00, 0.63385, 0.87519, 0.63385, 0.87519, 0.84382, -0.09814, 0.52758, -27.18604, -12.03415, 123.84708
2378, 709, -23.88313, -9.99796, 121.51397, 122.47346, 0.80, 0.80, 0.00, 1.00, 0.63385, 0.84348, 0.63385, 0.84348, 0.22356, -0.4753, 0.85008, -23.88313, -9.99796, 121.51397
2379, 708, -27.18604, -12.03415, 123.84708, 124.8058, 0.80, 0.80, 0.00, 1.00, 0.63385, 0.87519, 0.63385, 0.87519, 0.84382, -0.09814, 0.52758, -27.18604, -12.03415, 123.84708
2380, 707, -19.02322, -9.48759, 120.96098, 121.92066, 0.80, 0.80, 0.00, 1.00, 0.73749, 0.84695, 0.73749, 0.84695, -0.42877, -0.28161, 0.85744, -19.02322, -9.48759, 120.96098
2381, 710, -23.42738, -11.73379, 120.12386, 121.08382, 0.80, 0.80, 0.00, 1.00, 0.74539, 0.87156, 0.74539, 0.87156, 0.23431, 0.11562, 0.96526, -23.42738, -11.73379, 120.12386
2382, 709, -23.88313, -9.99796, 121.51397, 122.47346, 0.80, 0.80, 0.00, 1.00, 0.63385, 0.84348, 0.63385, 0.84348, 0.22356, -0.4753, 0.85008, -23.88313, -9.99796, 121.51397
2383, 711, -24.58073, -8.22832, 119.95659, 120.9166, 0.80, 0.80, 0.00, 1.00, 0.63385, 0.82468, 0.63385, 0.82468, 0.23883, -0.42377, 0.87283, -24.58073, -8.22832, 119.95659
2384, 712, -18.17768, -6.79436, 119.102, 120.0623, 0.80, 0.80, 0.00, 1.00, 0.73768, 0.82474, 0.73768, 0.82474, -0.32668, -0.32842, 0.88533, -18.17768, -6.79436, 119.102
2385, 709, -23.88313, -9.99796, 121.51397, 122.47346, 0.80, 0.80, 0.00, 1.00, 0.63385, 0.84348, 0.63385, 0.84348, 0.22356, -0.4753, 0.85008, -23.88313, -9.99796, 121.51397
2386, 712, -18.17768, -6.79436, 119.102, 120.0623, 0.80, 0.80, 0.00, 1.00, 0.73768, 0.82474, 0.73768, 0.82474, -0.32668, -0.32842, 0.88533, -18.17768, -6.79436, 119.102
2387, 707, -19.02322, -9.48759, 120.96098, 121.92066, 0.80, 0.80, 0.00, 1.00, 0.73749, 0.84695, 0.73749, 0.84695, -0.42877, -0.28161, 0.85744, -19.02322, -9.48759, 120.96098
2388, 712, -18.17768, -6.79436, 119.102, 120.0623, 0.80, 0.80, 0.00, 1.00, 0.73768, 0.82474, 0.73768, 0.82474, -0.32668, -0.32842, 0.88533, -18.17768, -6.79436, 119.102
2389, 713, -19.98112, 1.25175, 117.26662, 118.22754, 0.80, 0.80, 0.00, 1.00, 0.747, 0.74537, 0.747, 0.74537, -0.06915, -0.22903, 0.97008, -19.98112, 1.25175, 117.26662
2390, 714, -17.75317, 2.59823, 118.00833, 118.96899, 0.80, 0.80, 0.00, 1.00, 0.80067, 0.74405, 0.80067, 0.74405, -0.67469, -0.10626, 0.72923, -17.75317, 2.59823, 118.00833
2391, 712, -18.17768, -6.79436, 119.102, 120.0623, 0.80, 0.80, 0.00, 1.00, 0.73768, 0.82474, 0.73768, 0.82474, -0.32668, -0.32842, 0.88533, -18.17768, -6.79436, 119.102
2392, 711, -24.58073, -8.22832, 119.95659, 120.9166, 0.80, 0.80, 0.00, 1.00, 0.63385, 0.82468, 0.63385, 0.82468, 0.23883, -0.42377, 0.87283, -24.58073, -8.22832, 119.95659
2393, 715, -26.17414, -0.02711, 118.85486, 119.81524, 0.80, 0.80, 0.00, 1.00, 0.63385, 0.74442, 0.63385, 0.74442, 0.3615, -0.28796, 0.88584, -26.17414, -0.02711, 118.85486
2394, 713, -19.98112, 1.25175, 117.26662, 118.22754, 0.80, 0.80, 0.00, 1.00, 0.747, 0.74537, 0.747, 0.74537, -0.06915, -0.22903, 0.97008, -19.98112, 1.25175, 117.26662
2395, 716, -20.39551, 4.56195, 116.50356, 117.46472, 0.80, 0.80, 0.00, 1.00, 0.747, 0.72113, 0.747, 0.72113, -0.11743, -0.01728, 0.99206, -20.39551, 4.56195, 116.50356
2396, 714, -17.75317, 2.59823, 118.00833, 118.96899, 0.80, 0.80, 0.00, 1.00, 0.80067, 0.74405, 0.80067, 0.74405, -0.67469, -0.10626, 0.72923, -17.75317, 2.59823, 118.00833
2397, 714, -17.75317, 2.59823, 118.00833, 118.96899, 0.80, 0.80, 0.00, 1.00, 0.80067, 0.74405, 0.80067, 0.74405, -0.67469, -0.10626, 0.72923, -17.75317, 2.59823, 118.00833
2398, 716, -20.39551, 4.56195, 116.50356, 117.46472, 0.80, 0.80, 0.00, 1.00, 0.747, 0.72113, 0.747, 0.72113, -0.11743, -0.01728, 0.99206, -20.39551, 4.56195, 116.50356
2399, 717, -18.25065, 6.07155, 117.19536, 118.1563, 0.80, 0.80, 0.00, 1.00, 0.80067, 0.71913, 0.80067, 0.71913, -0.53423, 0.0456, 0.84309, -18.25065, 6.07155, 117.19536
2400, 716, -20.39551, 4.56195, 116.50356, 117.46472, 0.80, 0.80, 0.00, 1.00, 0.747, 0.72113, 0.747, 0.72113, -0.11743, -0.01728, 0.99206, -20.39551, 4.56195, 116.50356
2401, 718, -27.19015, 13.97266, 118.34225, 119.3028, 0.80, 0.80, 0.00, 1.00, 0.63385, 0.63694, 0.63385, 0.63694, 0.41983, 0.26546, 0.86704, -27.19015, 13.97266, 118.34225
2402, 719, -19.7377, 17.21398, 117.72481, 118.68556, 0.80, 0.80, 0.00, 1.00, 0.7742, 0.6389, 0.7742, 0.6389, 0.04632, 0.60085, 0.79727, -19.7377, 17.21398, 117.72481
2403, 720, -26.57087, 3.10954, 118.03545, 118.99611, 0.80, 0.80, 0.00, 1.00, 0.63385, 0.72087, 0.63385, 0.72087, 0.35586, -0.22098, 0.90709, -26.57087, 3.10954, 118.03545
2404, 718, -27.19015, 13.97266, 118.34225, 119.3028, 0.80, 0.80, 0.00, 1.00, 0.63385, 0.63694, 0.63385, 0.63694, 0.41983, 0.26546, 0.86704, -27.19015, 13.97266, 118.34225
2405, 716, -20.39551, 4.56195, 116.50356, 117.46472, 0.80, 0.80, 0.00, 1.00, 0.747, 0.72113, 0.747, 0.72113, -0.11743, -0.01728, 0.99206, -20.39551, 4.56195, 116.50356
2406, 710, -23.42738, -11.73379, 120.12386, 121.08382, 0.80, 0.80, 0.00, 1.00, 0.74539, 0.87156, 0.74539, 0.87156, 0.23431, 0.11562, 0.96526, -23.42738, -11.73379, 120.12386
2407, 707, -19.02322, -9.48759, 120.96098, 121.92066, 0.80, 0.80, 0.00, 1.00, 0.73749, 0.84695, 0.73749, 0.84695, -0.42877, -0.28161, 0.85744, -19.02322, -9.48759, 120.96098
2408, 721, -16.13778, -6.90884, 124.4643, 125.42281, 0.80, 0.80, 0.00, 1.00, 0.80909, 0.84596, 0.80909, 0.84596, -0.78437, -0.03711, 0.61777, -16.13778, -6.90884, 124.4643
2409, 710, -23.42738, -11.73379, 120.12386, 121.08382, 0.80, 0.80, 0.00, 1.00, 0.74539, 0.87156, 0.74539, 0.87156, 0.23431, 0.11562, 0.96526, -23.42738, -11.73379, 120.12386
2410, 721, -16.13778, -6.90884, 124.4643, 125.42281, 0.80, 0.80, 0.00, 1.00, 0.80909, 0.84596, 0.80909, 0.84596, -0.78437, -0.03711, 0.61777, -16.13778, -6.90884, 124.4643
2411, 722, -19.19356, -10.88934, 121.03152, 121.99118, 0.80, 0.80, 0.00, 1.00, 0.79666, 0.87338, 0.79666, 0.87338, -0.17661, 0.29947, 0.93762, -19.19356, -10.88934, 121.03152
2412, 721, -16.13778, -6.90884, 124.4643, 125.42281, 0.80, 0.80, 0.00, 1.00, 0.80909, 0.84596, 0.80909, 0.84596, -0.78437, -0.03711, 0.61777, -16.13778, -6.90884, 124.4643
2413, 707, -19.02322, -9.48759, 120.96098, 121.92066, 0.80, 0.80, 0.00, 1.00, 0.73749, 0.84695, 0.73749, 0.84695, -0.42877, -0.28161, 0.85744, -19.02322, -9.48759, 120.96098
2414, 723, -15.41694, -4.38593, 123.64549, 124.60428, 0.80, 0.80, 0.00, 1.00, 0.81059, 0.82602, 0.81059, 0.82602, -0.82011, -0.26583, 0.50512, -15.41694, -4.38593, 123.64549
2415, 707, -19.02322, -9.48759, 120.96098, 121.92066, 0.80, 0.80, 0.00, 1.00, 0.73749, 0.84695, 0.73749, 0.84695, -0.42877, -0.28161, 0.85744, -19.02322, -9.48759, 120.96098
2416, 712, -18.17768, -6.79436, 119.102, 120.0623, 0.80, 0.80, 0.00, 1.00, 0.73768, 0.82474, 0.73768, 0.82474, -0.32668, -0.32842, 0.88533, -18.17768, -6.79436, 119.102
2417, 723, -15.41694, -4.38593, 123.64549, 124.60428, 0.80, 0.80, 0.00, 1.00, 0.81059, 0.82602, 0.81059, 0.82602, -0.82011, -0.26583, 0.50512, -15.41694, -4.38593, 123.64549
2418, 723, -15.41694, -4.38593, 123.64549, 124.60428, 0.80, 0.80, 0.00, 1.00, 0.81059, 0.82602, 0.81059, 0.82602, -0.82011, -0.26583, 0.50512, -15.41694, -4.38593, 123.64549
2419, 712, -18.17768, -6.79436, 119.102, 120.0623, 0.80, 0.80, 0.00, 1.00, 0.73768, 0.82474, 0.73768, 0.82474, -0.32668, -0.32842, 0.88533, -18.17768, -6.79436, 119.102
2420, 714, -17.75317, 2.59823, 118.00833, 118.96899, 0.80, 0.80, 0.00, 1.00, 0.80067, 0.74405, 0.80067, 0.74405, -0.67469, -0.10626, 0.72923, -17.75317, 2.59823, 118.00833
2421, 723, -15.41694, -4.38593, 123.64549, 124.60428, 0.80, 0.80, 0.00, 1.00, 0.81059, 0.82602, 0.81059, 0.82602, -0.82011, -0.26583, 0.50512, -15.41694, -4.38593, 123.64549
2422, 714, -17.75317, 2.59823, 118.00833, 118.96899, 0.80, 0.80, 0.00, 1.00, 0.80067, 0.74405, 0.80067, 0.74405, -0.67469, -0.10626, 0.72923, -17.75317, 2.59823, 118.00833
2423, 724, -15.94606, 5.67201, 120.50159, 121.46143, 0.80, 0.80, 0.00, 1.00, 0.83713, 0.73723, 0.83713, 0.73723, -0.74729, -0.18278, 0.63755, -15.94606, 5.67201, 120.50159
2424, 724, -15.94606, 5.67201, 120.50159, 121.46143, 0.80, 0.80, 0.00, 1.00, 0.83713, 0.73723, 0.83713, 0.73723, -0.74729, -0.18278, 0.63755, -15.94606, 5.67201, 120.50159
2425, 714, -17.75317, 2.59823, 118.00833, 118.96899, 0.80, 0.80, 0.00, 1.00, 0.80067, 0.74405, 0.80067, 0.74405, -0.67469, -0.10626, 0.72923, -17.75317, 2.59823, 118.00833
2426, 725, -15.77082, 9.96575, 118.02259, 118.98325, 0.80, 0.80, 0.00, 1.00, 0.83816, 0.70727, 0.83816, 0.70727, -0.53527, 0.12856, 0.8337, -15.77082, 9.96575, 118.02259
2427, 725, -15.77082, 9.96575, 118.02259, 118.98325, 0.80, 0.80, 0.00, 1.00, 0.83816, 0.70727, 0.83816, 0.70727, -0.53527, 0.12856, 0.8337, -15.77082, 9.96575, 118.02259
2428, 714, -17.75317, 2.59823, 118.00833, 118.96899, 0.80, 0.80, 0.00, 1.00, 0.80067, 0.74405, 0.80067, 0.74405, -0.67469, -0.10626, 0.72923, -17.75317, 2.59823, 118.00833
2429, 717, -18.25065, 6.07155, 117.19536, 118.1563, 0.80, 0.80, 0.00, 1.00, 0.80067, 0.71913, 0.80067, 0.71913, -0.53423, 0.0456, 0.84309, -18.25065, 6.07155, 117.19536
2430, 725, -15.77082, 9.96575, 118.02259, 118.98325, 0.80, 0.80, 0.00, 1.00, 0.83816, 0.70727, 0.83816, 0.70727, -0.53527, 0.12856, 0.8337, -15.77082, 9.96575, 118.02259
2431, 717, -18.25065, 6.07155, 117.19536, 118.1563, 0.80, 0.80, 0.00, 1.00, 0.80067, 0.71913, 0.80067, 0.71913, -0.53423, 0.0456, 0.84309, -18.25065, 6.07155, 117.19536
2432, 719, -19.7377, 17.21398, 117.72481, 118.68556, 0.80, 0.80, 0.00, 1.00, 0.7742, 0.6389, 0.7742, 0.6389, 0.04632, 0.60085, 0.79727, -19.7377, 17.21398, 117.72481
2433, 725, -15.77082, 9.96575, 118.02259, 118.98325, 0.80, 0.80, 0.00, 1.00, 0.83816, 0.70727, 0.83816, 0.70727, -0.53527, 0.12856, 0.8337, -15.77082, 9.96575, 118.02259
2434, 719, -19.7377, 17.21398, 117.72481, 118.68556, 0.80, 0.80, 0.00, 1.00, 0.7742, 0.6389, 0.7742, 0.6389, 0.04632, 0.60085, 0.79727, -19.7377, 17.21398, 117.72481
2435, 726, -17.65924, 17.25346, 117.58838, 118.54919, 0.80, 0.80, 0.00, 1.00, 0.83797, 0.64565, 0.83797, 0.64565, 0.06836, 0.48984, 0.86831, -17.65924, 17.25346, 117.58838
2436, 718, -27.19015, 13.97266, 118.34225, 119.3028, 0.80, 0.80, 0.00, 1.00, 0.63385, 0.63694, 0.63385, 0.63694, 0.41983, 0.26546, 0.86704, -27.19015, 13.97266, 118.34225
2437, 727, -23.76799, 16.92643, 118.27763, 119.2382, 0.80, 0.80, 0.00, 1.00, 0.69503, 0.62512, 0.69503, 0.62512, 0.14102, 0.65389, 0.74277, -23.76799, 16.92643, 118.27763
2438, 719, -19.7377, 17.21398, 117.72481, 118.68556, 0.80, 0.80, 0.00, 1.00, 0.7742, 0.6389, 0.7742, 0.6389, 0.04632, 0.60085, 0.79727, -19.7377, 17.21398, 117.72481
2439, 719, -19.7377, 17.21398, 117.72481, 118.68556, 0.80, 0.80, 0.00, 1.00, 0.7742, 0.6389, 0.7742, 0.6389, 0.04632, 0.60085, 0.79727, -19.7377, 17.21398, 117.72481
2440, 727, -23.76799, 16.92643, 118.27763, 119.2382, 0.80, 0.80, 0.00, 1.00, 0.69503, 0.62512, 0.69503, 0.62512, 0.14102, 0.65389, 0.74277, -23.76799, 16.92643, 118.27763
2441, 728, -17.17929, 19.59901, 119.30486, 120.26509, 0.80, 0.80, 0.00, 1.00, 0.83807, 0.63116, 0.83807, 0.63116, 0.16686, 0.87115, 0.46124, -17.17929, 19.59901, 119.30486
2442, 719, -19.7377, 17.21398, 117.72481, 118.68556, 0.80, 0.80, 0.00, 1.00, 0.7742, 0.6389, 0.7742, 0.6389, 0.04632, 0.60085, 0.79727, -19.7377, 17.21398, 117.72481
2443, 728, -17.17929, 19.59901, 119.30486, 120.26509, 0.80, 0.80, 0.00, 1.00, 0.83807, 0.63116, 0.83807, 0.63116, 0.16686, 0.87115, 0.46124, -17.17929, 19.59901, 119.30486
2444, 726, -17.65924, 17.25346, 117.58838, 118.54919, 0.80, 0.80, 0.00, 1.00, 0.83797, 0.64565, 0.83797, 0.64565, 0.06836, 0.48984, 0.86831, -17.65924, 17.25346, 117.58838
2445, 728, -17.17929, 19.59901, 119.30486, 120.26509, 0.80, 0.80, 0.00, 1.00, 0.83807, 0.63116, 0.83807, 0.63116, 0.16686, 0.87115, 0.46124, -17.17929, 19.59901, 119.30486
2446, 727, -23.76799, 16.92643, 118.27763, 119.2382, 0.80, 0.80, 0.00, 1.00, 0.69503, 0.62512, 0.69503, 0.62512, 0.14102, 0.65389, 0.74277, -23.76799, 16.92643, 118.27763
2447, 729, -22.50431, 20.69855, 120.32636, 121.28625, 0.80, 0.80, 0.00, 1.00, 0.70451, 0.61042, 0.70451, 0.61042, 0.10558, 0.74407, 0.65923, -22.50431, 20.69855, 120.32636
2448, 722, -19.19356, -10.88934, 121.03152, 121.99118, 0.80, 0.80, 0.00, 1.00, 0.79666, 0.87338, 0.79666, 0.87338, -0.17661, 0.29947, 0.93762, -19.19356, -10.88934, 121.03152
2449, 721, -16.13778, -6.90884, 124.4643, 125.42281, 0.80, 0.80, 0.00, 1.00, 0.80909, 0.84596, 0.80909, 0.84596, -0.78437, -0.03711, 0.61777, -16.13778, -6.90884, 124.4643
2450, 730, -14.97052, -6.46902, 125.70071, 126.65881, 0.80, 0.80, 0.00, 1.00, 0.83039, 0.84807, 0.83039, 0.84807, -0.77032, -0.10394, 0.62775, -14.97052, -6.46902, 125.70071
2451, 722, -19.19356, -10.88934, 121.03152, 121.99118, 0.80, 0.80, 0.00, 1.00, 0.79666, 0.87338, 0.79666, 0.87338, -0.17661, 0.29947, 0.93762, -19.19356, -10.88934, 121.03152
2452, 730, -14.97052, -6.46902, 125.70071, 126.65881, 0.80, 0.80, 0.00, 1.00, 0.83039, 0.84807, 0.83039, 0.84807, -0.77032, -0.10394, 0.62775, -14.97052, -6.46902, 125.70071
2453, 731, -17.43772, -10.22991, 121.35246, 122.312, 0.80, 0.80, 0.00, 1.00, 0.81639, 0.87164, 0.81639, 0.87164, -0.16833, 0.22211, 0.96038, -17.43772, -10.22991, 121.35246
2454, 730, -14.97052, -6.46902, 125.70071, 126.65881, 0.80, 0.80, 0.00, 1.00, 0.83039, 0.84807, 0.83039, 0.84807, -0.77032, -0.10394, 0.62775, -14.97052, -6.46902, 125.70071
2455, 721, -16.13778, -6.90884, 124.4643, 125.42281, 0.80, 0.80, 0.00, 1.00, 0.80909, 0.84596, 0.80909, 0.84596, -0.78437, -0.03711, 0.61777, -16.13778, -6.90884, 124.4643
2456, 723, -15.41694, -4.38593, 123.64549, 124.60428, 0.80, 0.80, 0.00, 1.00, 0.81059, 0.82602, 0.81059, 0.82602, -0.82011, -0.26583, 0.50512, -15.41694, -4.38593, 123.64549
2457, 730, -14.97052, -6.46902, 125.70071, 126.65881, 0.80, 0.80, 0.00, 1.00, 0.83039, 0.84807, 0.83039, 0.84807, -0.77032, -0.10394, 0.62775, -14.97052, -6.46902, 125.70071
2458, 723, -15.41694, -4.38593, 123.64549, 124.60428, 0.80, 0.80, 0.00, 1.00, 0.81059, 0.82602, 0.81059, 0.82602, -0.82011, -0.26583, 0.50512, -15.41694, -4.38593, 123.64549
2459, 732, -14.35954, -3.73695, 124.86916, 125.82754, 0.80, 0.80, 0.00, 1.00, 0.84244, 0.82475, 0.84244, 0.82475, -0.7383, -0.17877, 0.64904, -14.35954, -3.73695, 124.86916
2460, 732, -14.35954, -3.73695, 124.86916, 125.82754, 0.80, 0.80, 0.00, 1.00, 0.84244, 0.82475, 0.84244, 0.82475, -0.7383, -0.17877, 0.64904, -14.35954, -3.73695, 124.86916
2461, 724, -15.94606, 5.67201, 120.50159, 121.46143, 0.80, 0.80, 0.00, 1.00, 0.83713, 0.73723, 0.83713, 0.73723, -0.74729, -0.18278, 0.63755, -15.94606, 5.67201, 120.50159
2462, 733, -15.54944, 5.88584, 120.73133, 121.69109, 0.80, 0.80, 0.00, 1.00, 0.83841, 0.73597, 0.83841, 0.73597, -0.58336, -0.2763, 0.7627, -15.54944, 5.88584, 120.73133
2463, 732, -14.35954, -3.73695, 124.86916, 125.82754, 0.80, 0.80, 0.00, 1.00, 0.84244, 0.82475, 0.84244, 0.82475, -0.7383, -0.17877, 0.64904, -14.35954, -3.73695, 124.86916
2464, 723, -15.41694, -4.38593, 123.64549, 124.60428, 0.80, 0.80, 0.00, 1.00, 0.81059, 0.82602, 0.81059, 0.82602, -0.82011, -0.26583, 0.50512, -15.41694, -4.38593, 123.64549
2465, 724, -15.94606, 5.67201, 120.50159, 121.46143, 0.80, 0.80, 0.00, 1.00, 0.83713, 0.73723, 0.83713, 0.73723, -0.74729, -0.18278, 0.63755, -15.94606, 5.67201, 120.50159
2466, 733, -15.54944, 5.88584, 120.73133, 121.69109, 0.80, 0.80, 0.00, 1.00, 0.83841, 0.73597, 0.83841, 0.73597, -0.58336, -0.2763, 0.7627, -15.54944, 5.88584, 120.73133
2467, 724, -15.94606, 5.67201, 120.50159, 121.46143, 0.80, 0.80, 0.00, 1.00, 0.83713, 0.73723, 0.83713, 0.73723, -0.74729, -0.18278, 0.63755, -15.94606, 5.67201, 120.50159
2468, 725, -15.77082, 9.96575, 118.02259, 118.98325, 0.80, 0.80, 0.00, 1.00, 0.83816, 0.70727, 0.83816, 0.70727, -0.53527, 0.12856, 0.8337, -15.77082, 9.96575, 118.02259
2469, 734, -27.09632, -13.31558, 123.98255, 124.94122, 0.80, 0.80, 0.00, 1.00, 0.63385, 0.88546, 0.63385, 0.88546, 0.8361, -0.15224, 0.52702, -27.09632, -13.31558, 123.98255
2470, 708, -27.18604, -12.03415, 123.84708, 124.8058, 0.80, 0.80, 0.00, 1.00, 0.63385, 0.87519, 0.63385, 0.87519, 0.84382, -0.09814, 0.52758, -27.18604, -12.03415, 123.84708
2471, 710, -23.42738, -11.73379, 120.12386, 121.08382, 0.80, 0.80, 0.00, 1.00, 0.74539, 0.87156, 0.74539, 0.87156, 0.23431, 0.11562, 0.96526, -23.42738, -11.73379, 120.12386
2472, 734, -27.09632, -13.31558, 123.98255, 124.94122, 0.80, 0.80, 0.00, 1.00, 0.63385, 0.88546, 0.63385, 0.88546, 0.8361, -0.15224, 0.52702, -27.09632, -13.31558, 123.98255
2473, 710, -23.42738, -11.73379, 120.12386, 121.08382, 0.80, 0.80, 0.00, 1.00, 0.74539, 0.87156, 0.74539, 0.87156, 0.23431, 0.11562, 0.96526, -23.42738, -11.73379, 120.12386
2474, 735, -23.18488, -13.46288, 120.22771, 121.18763, 0.80, 0.80, 0.00, 1.00, 0.73225, 0.88546, 0.73225, 0.88546, 0.35741, -0.02864, 0.93351, -23.18488, -13.46288, 120.22771
2475, 735, -23.18488, -13.46288, 120.22771, 121.18763, 0.80, 0.80, 0.00, 1.00, 0.73225, 0.88546, 0.73225, 0.88546, 0.35741, -0.02864, 0.93351, -23.18488, -13.46288, 120.22771
2476, 710, -23.42738, -11.73379, 120.12386, 121.08382, 0.80, 0.80, 0.00, 1.00, 0.74539, 0.87156, 0.74539, 0.87156, 0.23431, 0.11562, 0.96526, -23.42738, -11.73379, 120.12386
2477, 736, -18.63845, -12.44077, 120.65131, 121.61109, 0.80, 0.80, 0.00, 1.00, 0.80282, 0.88546, 0.80282, 0.88546, -0.16716, 0.36046, 0.91767, -18.63845, -12.44077, 120.65131
2478, 736, -18.63845, -12.44077, 120.65131, 121.61109, 0.80, 0.80, 0.00, 1.00, 0.80282, 0.88546, 0.80282, 0.88546, -0.16716, 0.36046, 0.91767, -18.63845, -12.44077, 120.65131
2479, 710, -23.42738, -11.73379, 120.12386, 121.08382, 0.80, 0.80, 0.00, 1.00, 0.74539, 0.87156, 0.74539, 0.87156, 0.23431, 0.11562, 0.96526, -23.42738, -11.73379, 120.12386
2480, 722, -19.19356, -10.88934, 121.03152, 121.99118, 0.80, 0.80, 0.00, 1.00, 0.79666, 0.87338, 0.79666, 0.87338, -0.17661, 0.29947, 0.93762, -19.19356, -10.88934, 121.03152
2481, 736, -18.63845, -12.44077, 120.65131, 121.61109, 0.80, 0.80, 0.00, 1.00, 0.80282, 0.88546, 0.80282, 0.88546, -0.16716, 0.36046, 0.91767, -18.63845, -12.44077, 120.65131
2482, 722, -19.19356, -10.88934, 121.03152, 121.99118, 0.80, 0.80, 0.00, 1.00, 0.79666, 0.87338, 0.79666, 0.87338, -0.17661, 0.29947, 0.93762, -19.19356, -10.88934, 121.03152
2483, 737, -16.76407, -11.92522, 121.2038, 122.16339, 0.80, 0.80, 0.00, 1.00, 0.8201, 0.88546, 0.8201, 0.88546, -0.19193, 0.53693, 0.8215, -16.76407, -11.92522, 121.2038
2484, 738, -16.76407, -11.92522, 121.2038, 122.16339, 0.80, 0.80, 0.00, 1.00, 0.81144, 0.88546, 0.81144, 0.88546, -0.18797, 0.35483, 0.91584, -16.76407, -11.92522, 121.2038
2485, 722, -19.19356, -10.88934, 121.03152, 121.99118, 0.80, 0.80, 0.00, 1.00, 0.79666, 0.87338, 0.79666, 0.87338, -0.17661, 0.29947, 0.93762, -19.19356, -10.88934, 121.03152
2486, 731, -17.43772, -10.22991, 121.35246, 122.312, 0.80, 0.80, 0.00, 1.00, 0.81639, 0.87164, 0.81639, 0.87164, -0.16833, 0.22211, 0.96038, -17.43772, -10.22991, 121.35246
2487, 739, -27.40578, -18.39612, 127.2821, 128.23967, 0.80, 0.80, 0.00, 1.00, 0.63385, 0.93945, 0.63385, 0.93945, 0.98795, -0.12349, 0.09327, -27.40578, -18.39612, 127.2821
2488, 734, -27.09632, -13.31558, 123.98255, 124.94122, 0.80, 0.80, 0.00, 1.00, 0.63385, 0.88546, 0.63385, 0.88546, 0.8361, -0.15224, 0.52702, -27.09632, -13.31558, 123.98255
2489, 735, -23.18488, -13.46288, 120.22771, 121.18763, 0.80, 0.80, 0.00, 1.00, 0.73225, 0.88546, 0.73225, 0.88546, 0.35741, -0.02864, 0.93351, -23.18488, -13.46288, 120.22771
2490, 739, -27.40578, -18.39612, 127.2821, 128.23967, 0.80, 0.80, 0.00, 1.00, 0.63385, 0.93945, 0.63385, 0.93945, 0.98795, -0.12349, 0.09327, -27.40578, -18.39612, 127.2821
2491, 735, -23.18488, -13.46288, 120.22771, 121.18763, 0.80, 0.80, 0.00, 1.00, 0.73225, 0.88546, 0.73225, 0.88546, 0.35741, -0.02864, 0.93351, -23.18488, -13.46288, 120.22771
2492, 740, -25.61772, -19.75049, 122.21483, 123.17409, 0.80, 0.80, 0.00, 1.00, 0.73455, 0.94095, 0.73455, 0.94095, 0.90116, -0.01881, 0.43307, -25.61772, -19.75049, 122.21483
2493, 740, -25.61772, -19.75049, 122.21483, 123.17409, 0.80, 0.80, 0.00, 1.00, 0.73455, 0.94095, 0.73455, 0.94095, 0.90116, -0.01881, 0.43307, -25.61772, -19.75049, 122.21483
2494, 735, -23.18488, -13.46288, 120.22771, 121.18763, 0.80, 0.80, 0.00, 1.00, 0.73225, 0.88546, 0.73225, 0.88546, 0.35741, -0.02864, 0.93351, -23.18488, -13.46288, 120.22771
2495, 741, -24.15362, -20.34962, 120.11083, 121.0708, 0.80, 0.80, 0.00, 1.00, 0.7777, 0.94186, 0.7777, 0.94186, 0.51079, 0.09134, 0.85483, -24.15362, -20.34962, 120.11083
2496, 742, -18.4544, -14.21799, 120.48761, 121.44745, 0.80, 0.80, 0.00, 1.00, 0.80041, 0.89912, 0.80041, 0.89912, -0.17297, 0.24903, 0.95292, -18.4544, -14.21799, 120.48761
2497, 735, -23.18488, -13.46288, 120.22771, 121.18763, 0.80, 0.80, 0.00, 1.00, 0.73225, 0.88546, 0.73225, 0.88546, 0.35741, -0.02864, 0.93351, -23.18488, -13.46288, 120.22771
2498, 736, -18.63845, -12.44077, 120.65131, 121.61109, 0.80, 0.80, 0.00, 1.00, 0.80282, 0.88546, 0.80282, 0.88546, -0.16716, 0.36046, 0.91767, -18.63845, -12.44077, 120.65131
2499, 742, -18.4544, -14.21799, 120.48761, 121.44745, 0.80, 0.80, 0.00, 1.00, 0.80041, 0.89912, 0.80041, 0.89912, -0.17297, 0.24903, 0.95292, -18.4544, -14.21799, 120.48761
2500, 743, -20.33038, -20.3988, 119.42068, 120.38087, 0.80, 0.80, 0.00, 1.00, 0.82847, 0.941, 0.82847, 0.941, 0.19718, 0.12069, 0.97291, -20.33038, -20.3988, 119.42068
2501, 741, -24.15362, -20.34962, 120.11083, 121.0708, 0.80, 0.80, 0.00, 1.00, 0.7777, 0.94186, 0.7777, 0.94186, 0.51079, 0.09134, 0.85483, -24.15362, -20.34962, 120.11083
2502, 742, -18.4544, -14.21799, 120.48761, 121.44745, 0.80, 0.80, 0.00, 1.00, 0.80041, 0.89912, 0.80041, 0.89912, -0.17297, 0.24903, 0.95292, -18.4544, -14.21799, 120.48761
2503, 736, -18.63845, -12.44077, 120.65131, 121.61109, 0.80, 0.80, 0.00, 1.00, 0.80282, 0.88546, 0.80282, 0.88546, -0.16716, 0.36046, 0.91767, -18.63845, -12.44077, 120.65131
2504, 744, -16.15514, -13.52543, 121.09644, 122.05607, 0.80, 0.80, 0.00, 1.00, 0.82069, 0.89852, 0.82069, 0.89852, -0.24264, 0.29303, 0.9248, -16.15514, -13.52543, 121.09644
2505, 744, -16.15514, -13.52543, 121.09644, 122.05607, 0.80, 0.80, 0.00, 1.00, 0.82069, 0.89852, 0.82069, 0.89852, -0.24264, 0.29303, 0.9248, -16.15514, -13.52543, 121.09644
2506, 736, -18.63845, -12.44077, 120.65131, 121.61109, 0.80, 0.80, 0.00, 1.00, 0.80282, 0.88546, 0.80282, 0.88546, -0.16716, 0.36046, 0.91767, -18.63845, -12.44077, 120.65131
2507, 738, -16.76407, -11.92522, 121.2038, 122.16339, 0.80, 0.80, 0.00, 1.00, 0.81144, 0.88546, 0.81144, 0.88546, -0.18797, 0.35483, 0.91584, -16.76407, -11.92522, 121.2038
2508, 742, -18.4544, -14.21799, 120.48761, 121.44745, 0.80, 0.80, 0.00, 1.00, 0.80041, 0.89912, 0.80041, 0.89912, -0.17297, 0.24903, 0.95292, -18.4544, -14.21799, 120.48761
2509, 741, -24.15362, -20.34962, 120.11083, 121.0708, 0.80, 0.80, 0.00, 1.00, 0.7777, 0.94186, 0.7777, 0.94186, 0.51079, 0.09134, 0.85483, -24.15362, -20.34962, 120.11083
2510, 735, -23.18488, -13.46288, 120.22771, 121.18763, 0.80, 0.80, 0.00, 1.00, 0.73225, 0.88546, 0.73225, 0.88546, 0.35741, -0.02864, 0.93351, -23.18488, -13.46288, 120.22771
2511, 742, -18.4544, -14.21799, 120.48761, 121.44745, 0.80, 0.80, 0.00, 1.00, 0.80041, 0.89912, 0.80041, 0.89912, -0.17297, 0.24903, 0.95292, -18.4544, -14.21799, 120.48761
2512, 744, -16.15514, -13.52543, 121.09644, 122.05607, 0.80, 0.80, 0.00, 1.00, 0.82069, 0.89852, 0.82069, 0.89852, -0.24264, 0.29303, 0.9248, -16.15514, -13.52543, 121.09644
2513, 743, -20.33038, -20.3988, 119.42068, 120.38087, 0.80, 0.80, 0.00, 1.00, 0.82847, 0.941, 0.82847, 0.941, 0.19718, 0.12069, 0.97291, -20.33038, -20.3988, 119.42068
2514, 716, -20.39551, 4.56195, 116.50356, 117.46472, 0.80, 0.80, 0.00, 1.00, 0.747, 0.72113, 0.747, 0.72113, -0.11743, -0.01728, 0.99206, -20.39551, 4.56195, 116.50356
2515, 713, -19.98112, 1.25175, 117.26662, 118.22754, 0.80, 0.80, 0.00, 1.00, 0.747, 0.74537, 0.747, 0.74537, -0.06915, -0.22903, 0.97008, -19.98112, 1.25175, 117.26662
2516, 720, -26.57087, 3.10954, 118.03545, 118.99611, 0.80, 0.80, 0.00, 1.00, 0.63385, 0.72087, 0.63385, 0.72087, 0.35586, -0.22098, 0.90709, -26.57087, 3.10954, 118.03545
2517, 716, -20.39551, 4.56195, 116.50356, 117.46472, 0.80, 0.80, 0.00, 1.00, 0.747, 0.72113, 0.747, 0.72113, -0.11743, -0.01728, 0.99206, -20.39551, 4.56195, 116.50356
2518, 719, -19.7377, 17.21398, 117.72481, 118.68556, 0.80, 0.80, 0.00, 1.00, 0.7742, 0.6389, 0.7742, 0.6389, 0.04632, 0.60085, 0.79727, -19.7377, 17.21398, 117.72481
2519, 717, -18.25065, 6.07155, 117.19536, 118.1563, 0.80, 0.80, 0.00, 1.00, 0.80067, 0.71913, 0.80067, 0.71913, -0.53423, 0.0456, 0.84309, -18.25065, 6.07155, 117.19536
2520, 713, -19.98112, 1.25175, 117.26662, 118.22754, 0.80, 0.80, 0.00, 1.00, 0.747, 0.74537, 0.747, 0.74537, -0.06915, -0.22903, 0.97008, -19.98112, 1.25175, 117.26662
2521, 712, -18.17768, -6.79436, 119.102, 120.0623, 0.80, 0.80, 0.00, 1.00, 0.73768, 0.82474, 0.73768, 0.82474, -0.32668, -0.32842, 0.88533, -18.17768, -6.79436, 119.102
2522, 715, -26.17414, -0.02711, 118.85486, 119.81524, 0.80, 0.80, 0.00, 1.00, 0.63385, 0.74442, 0.63385, 0.74442, 0.3615, -0.28796, 0.88584, -26.17414, -0.02711, 118.85486
2523, 715, -26.17414, -0.02711, 118.85486, 119.81524, 0.80, 0.80, 0.00, 1.00, 0.63385, 0.74442, 0.63385, 0.74442, 0.3615, -0.28796, 0.88584, -26.17414, -0.02711, 118.85486
2524, 720, -26.57087, 3.10954, 118.03545, 118.99611, 0.80, 0.80, 0.00, 1.00, 0.63385, 0.72087, 0.63385, 0.72087, 0.35586, -0.22098, 0.90709, -26.57087, 3.10954, 118.03545
2525, 713, -19.98112, 1.25175, 117.26662, 118.22754, 0.80, 0.80, 0.00, 1.00, 0.747, 0.74537, 0.747, 0.74537, -0.06915, -0.22903, 0.97008, -19.98112, 1.25175, 117.26662
2526, 745, -26.25874, -25.20995, 128.21385, 129.17111, 0.80, 0.80, 0.00, 1.00, 0.63385, 0.9943, 0.63385, 0.9943, 0.97199, -0.21636, 0.09176, -26.25874, -25.20995, 128.21385
2527, 739, -27.40578, -18.39612, 127.2821, 128.23967, 0.80, 0.80, 0.00, 1.00, 0.63385, 0.93945, 0.63385, 0.93945, 0.98795, -0.12349, 0.09327, -27.40578, -18.39612, 127.2821
2528, 746, -24.09566, -25.03752, 124.74397, 125.70239, 0.80, 0.80, 0.00, 1.00, 0.71133, 0.99147, 0.71133, 0.99147, 0.98221, -0.01233, 0.18737, -24.09566, -25.03752, 124.74397
2529, 740, -25.61772, -19.75049, 122.21483, 123.17409, 0.80, 0.80, 0.00, 1.00, 0.73455, 0.94095, 0.73455, 0.94095, 0.90116, -0.01881, 0.43307, -25.61772, -19.75049, 122.21483
2530, 747, -22.68141, -25.81226, 121.26048, 122.22006, 0.80, 0.80, 0.00, 1.00, 0.77665, 0.98035, 0.77665, 0.98035, 0.64344, -0.06212, 0.76297, -22.68141, -25.81226, 121.26048
2531, 746, -24.09566, -25.03752, 124.74397, 125.70239, 0.80, 0.80, 0.00, 1.00, 0.71133, 0.99147, 0.71133, 0.99147, 0.98221, -0.01233, 0.18737, -24.09566, -25.03752, 124.74397
2532, 743, -20.33038, -20.3988, 119.42068, 120.38087, 0.80, 0.80, 0.00, 1.00, 0.82847, 0.941, 0.82847, 0.941, 0.19718, 0.12069, 0.97291, -20.33038, -20.3988, 119.42068
2533, 747, -22.68141, -25.81226, 121.26048, 122.22006, 0.80, 0.80, 0.00, 1.00, 0.77665, 0.98035, 0.77665, 0.98035, 0.64344, -0.06212, 0.76297, -22.68141, -25.81226, 121.26048
2534, 741, -24.15362, -20.34962, 120.11083, 121.0708, 0.80, 0.80, 0.00, 1.00, 0.7777, 0.94186, 0.7777, 0.94186, 0.51079, 0.09134, 0.85483, -24.15362, -20.34962, 120.11083
2535, 747, -22.68141, -25.81226, 121.26048, 122.22006, 0.80, 0.80, 0.00, 1.00, 0.77665, 0.98035, 0.77665, 0.98035, 0.64344, -0.06212, 0.76297, -22.68141, -25.81226, 121.26048
2536, 740, -25.61772, -19.75049, 122.21483, 123.17409, 0.80, 0.80, 0.00, 1.00, 0.73455, 0.94095, 0.73455, 0.94095, 0.90116, -0.01881, 0.43307, -25.61772, -19.75049, 122.21483
2537, 741, -24.15362, -20.34962, 120.11083, 121.0708, 0.80, 0.80, 0.00, 1.00, 0.7777, 0.94186, 0.7777, 0.94186, 0.51079, 0.09134, 0.85483, -24.15362, -20.34962, 120.11083
2538, 747, -22.68141, -25.81226, 121.26048, 122.22006, 0.80, 0.80, 0.00, 1.00, 0.77665, 0.98035, 0.77665, 0.98035, 0.64344, -0.06212, 0.76297, -22.68141, -25.81226, 121.26048
2539, 743, -20.33038, -20.3988, 119.42068, 120.38087, 0.80, 0.80, 0.00, 1.00, 0.82847, 0.941, 0.82847, 0.941, 0.19718, 0.12069, 0.97291, -20.33038, -20.3988, 119.42068
2540, 748, -18.37239, -26.6617, 120.01777, 120.97776, 0.80, 0.80, 0.00, 1.00, 0.83589, 0.97695, 0.83589, 0.97695, 0.31036, -0.1027, 0.94505, -18.37239, -26.6617, 120.01777
2541, 739, -27.40578, -18.39612, 127.2821, 128.23967, 0.80, 0.80, 0.00, 1.00, 0.63385, 0.93945, 0.63385, 0.93945, 0.98795, -0.12349, 0.09327, -27.40578, -18.39612, 127.2821
2542, 740, -25.61772, -19.75049, 122.21483, 123.17409, 0.80, 0.80, 0.00, 1.00, 0.73455, 0.94095, 0.73455, 0.94095, 0.90116, -0.01881, 0.43307, -25.61772, -19.75049, 122.21483
2543, 746, -24.09566, -25.03752, 124.74397, 125.70239, 0.80, 0.80, 0.00, 1.00, 0.71133, 0.99147, 0.71133, 0.99147, 0.98221, -0.01233, 0.18737, -24.09566, -25.03752, 124.74397
2544, 708, -27.18604, -12.03415, 123.84708, 124.8058, 0.80, 0.80, 0.00, 1.00, 0.63385, 0.87519, 0.63385, 0.87519, 0.84382, -0.09814, 0.52758, -27.18604, -12.03415, 123.84708
2545, 749, -27.97701, -10.51808, 124.11054, 125.06917, 0.80, 0.80, 0.00, 1.00, 0.54579, 0.84695, 0.54579, 0.84695, 0.77011, -0.45523, 0.44519, -27.97701, -10.51808, 124.11054
2546, 709, -23.88313, -9.99796, 121.51397, 122.47346, 0.80, 0.80, 0.00, 1.00, 0.63385, 0.84348, 0.63385, 0.84348, 0.22356, -0.4753, 0.85008, -23.88313, -9.99796, 121.51397
2547, 749, -27.97701, -10.51808, 124.11054, 125.06917, 0.80, 0.80, 0.00, 1.00, 0.54579, 0.84695, 0.54579, 0.84695, 0.77011, -0.45523, 0.44519, -27.97701, -10.51808, 124.11054
2548, 708, -27.18604, -12.03415, 123.84708, 124.8058, 0.80, 0.80, 0.00, 1.00, 0.63385, 0.87519, 0.63385, 0.87519, 0.84382, -0.09814, 0.52758, -27.18604, -12.03415, 123.84708
2549, 750, -28.88374, -10.69696, 128.69739, 129.6545, 0.80, 0.80, 0.00, 1.00, 0.53788, 0.87156, 0.53788, 0.87156, 0.97234, 0.02263, -0.23245, -28.88374, -10.69696, 128.69739
2550, 711, -24.58073, -8.22832, 119.95659, 120.9166, 0.80, 0.80, 0.00, 1.00, 0.63385, 0.82468, 0.63385, 0.82468, 0.23883, -0.42377, 0.87283, -24.58073, -8.22832, 119.95659
2551, 709, -23.88313, -9.99796, 121.51397, 122.47346, 0.80, 0.80, 0.00, 1.00, 0.63385, 0.84348, 0.63385, 0.84348, 0.22356, -0.4753, 0.85008, -23.88313, -9.99796, 121.51397
2552, 751, -30.14375, -8.17156, 123.31114, 124.27004, 0.80, 0.80, 0.00, 1.00, 0.51617, 0.82316, 0.51617, 0.82316, 0.69791, -0.4768, 0.53301, -30.14375, -8.17156, 123.31114
2553, 751, -30.14375, -8.17156, 123.31114, 124.27004, 0.80, 0.80, 0.00, 1.00, 0.51617, 0.82316, 0.51617, 0.82316, 0.69791, -0.4768, 0.53301, -30.14375, -8.17156, 123.31114
2554, 709, -23.88313, -9.99796, 121.51397, 122.47346, 0.80, 0.80, 0.00, 1.00, 0.63385, 0.84348, 0.63385, 0.84348, 0.22356, -0.4753, 0.85008, -23.88313, -9.99796, 121.51397
2555, 749, -27.97701, -10.51808, 124.11054, 125.06917, 0.80, 0.80, 0.00, 1.00, 0.54579, 0.84695, 0.54579, 0.84695, 0.77011, -0.45523, 0.44519, -27.97701, -10.51808, 124.11054
2556, 752, -31.38519, -0.02766, 122.58334, 123.54248, 0.80, 0.80, 0.00, 1.00, 0.52069, 0.74537, 0.52069, 0.74537, 0.70437, -0.35441, 0.6137, -31.38519, -0.02766, 122.58334
2557, 751, -30.14375, -8.17156, 123.31114, 124.27004, 0.80, 0.80, 0.00, 1.00, 0.51617, 0.82316, 0.51617, 0.82316, 0.69791, -0.4768, 0.53301, -30.14375, -8.17156, 123.31114
2558, 753, -32.29734, 0.96653, 124.78901, 125.74741, 0.80, 0.80, 0.00, 1.00, 0.48954, 0.74405, 0.48954, 0.74405, 0.9296, -0.3663, -0.00991, -32.29734, 0.96653, 124.78901
2559, 711, -24.58073, -8.22832, 119.95659, 120.9166, 0.80, 0.80, 0.00, 1.00, 0.63385, 0.82468, 0.63385, 0.82468, 0.23883, -0.42377, 0.87283, -24.58073, -8.22832, 119.95659
2560, 751, -30.14375, -8.17156, 123.31114, 124.27004, 0.80, 0.80, 0.00, 1.00, 0.51617, 0.82316, 0.51617, 0.82316, 0.69791, -0.4768, 0.53301, -30.14375, -8.17156, 123.31114
2561, 715, -26.17414, -0.02711, 118.85486, 119.81524, 0.80, 0.80, 0.00, 1.00, 0.63385, 0.74442, 0.63385, 0.74442, 0.3615, -0.28796, 0.88584, -26.17414, -0.02711, 118.85486
2562, 754, -31.90688, 3.12042, 121.57561, 122.5351, 0.80, 0.80, 0.00, 1.00, 0.52069, 0.72113, 0.52069, 0.72113, 0.77789, -0.16715, 0.60433, -31.90688, 3.12042, 121.57561
2563, 752, -31.38519, -0.02766, 122.58334, 123.54248, 0.80, 0.80, 0.00, 1.00, 0.52069, 0.74537, 0.52069, 0.74537, 0.70437, -0.35441, 0.6137, -31.38519, -0.02766, 122.58334
2564, 753, -32.29734, 0.96653, 124.78901, 125.74741, 0.80, 0.80, 0.00, 1.00, 0.48954, 0.74405, 0.48954, 0.74405, 0.9296, -0.3663, -0.00991, -32.29734, 0.96653, 124.78901
2565, 754, -31.90688, 3.12042, 121.57561, 122.5351, 0.80, 0.80, 0.00, 1.00, 0.52069, 0.72113, 0.52069, 0.72113, 0.77789, -0.16715, 0.60433, -31.90688, 3.12042, 121.57561
2566, 753, -32.29734, 0.96653, 124.78901, 125.74741, 0.80, 0.80, 0.00, 1.00, 0.48954, 0.74405, 0.48954, 0.74405, 0.9296, -0.3663, -0.00991, -32.29734, 0.96653, 124.78901
2567, 755, -32.93167, 4.2331, 123.66402, 124.6228, 0.80, 0.80, 0.00, 1.00, 0.48261, 0.71756, 0.48261, 0.71756, 0.95804, -0.2042, 0.19684, -32.93167, 4.2331, 123.66402
2568, 718, -27.19015, 13.97266, 118.34225, 119.3028, 0.80, 0.80, 0.00, 1.00, 0.63385, 0.63694, 0.63385, 0.63694, 0.41983, 0.26546, 0.86704, -27.19015, 13.97266, 118.34225
2569, 754, -31.90688, 3.12042, 121.57561, 122.5351, 0.80, 0.80, 0.00, 1.00, 0.52069, 0.72113, 0.52069, 0.72113, 0.77789, -0.16715, 0.60433, -31.90688, 3.12042, 121.57561
2570, 756, -32.99882, 10.31583, 124.16656, 125.12518, 0.80, 0.80, 0.00, 1.00, 0.49349, 0.6389, 0.49349, 0.6389, 0.71428, 0.11106, 0.68978, -32.99882, 10.31583, 124.16656
2571, 718, -27.19015, 13.97266, 118.34225, 119.3028, 0.80, 0.80, 0.00, 1.00, 0.63385, 0.63694, 0.63385, 0.63694, 0.41983, 0.26546, 0.86704, -27.19015, 13.97266, 118.34225
2572, 720, -26.57087, 3.10954, 118.03545, 118.99611, 0.80, 0.80, 0.00, 1.00, 0.63385, 0.72087, 0.63385, 0.72087, 0.35586, -0.22098, 0.90709, -26.57087, 3.10954, 118.03545
2573, 754, -31.90688, 3.12042, 121.57561, 122.5351, 0.80, 0.80, 0.00, 1.00, 0.52069, 0.72113, 0.52069, 0.72113, 0.77789, -0.16715, 0.60433, -31.90688, 3.12042, 121.57561
2574, 749, -27.97701, -10.51808, 124.11054, 125.06917, 0.80, 0.80, 0.00, 1.00, 0.54579, 0.84695, 0.54579, 0.84695, 0.77011, -0.45523, 0.44519, -27.97701, -10.51808, 124.11054
2575, 750, -28.88374, -10.69696, 128.69739, 129.6545, 0.80, 0.80, 0.00, 1.00, 0.53788, 0.87156, 0.53788, 0.87156, 0.97234, 0.02263, -0.23245, -28.88374, -10.69696, 128.69739
2576, 757, -28.14625, -8.29091, 128.68835, 129.64546, 0.80, 0.80, 0.00, 1.00, 0.48631, 0.84596, 0.48631, 0.84596, 0.95622, -0.28918, 0.01924, -28.14625, -8.29091, 128.68835
2577, 757, -28.14625, -8.29091, 128.68835, 129.64546, 0.80, 0.80, 0.00, 1.00, 0.48631, 0.84596, 0.48631, 0.84596, 0.95622, -0.28918, 0.01924, -28.14625, -8.29091, 128.68835
2578, 750, -28.88374, -10.69696, 128.69739, 129.6545, 0.80, 0.80, 0.00, 1.00, 0.53788, 0.87156, 0.53788, 0.87156, 0.97234, 0.02263, -0.23245, -28.88374, -10.69696, 128.69739
2579, 758, -26.08835, -9.57919, 131.86525, 132.8213, 0.80, 0.80, 0.00, 1.00, 0.48315, 0.87495, 0.48315, 0.87495, 0.77472, 0.17961, -0.60625, -26.08835, -9.57919, 131.86525
2580, 749, -27.97701, -10.51808, 124.11054, 125.06917, 0.80, 0.80, 0.00, 1.00, 0.54579, 0.84695, 0.54579, 0.84695, 0.77011, -0.45523, 0.44519, -27.97701, -10.51808, 124.11054
2581, 757, -28.14625, -8.29091, 128.68835, 129.64546, 0.80, 0.80, 0.00, 1.00, 0.48631, 0.84596, 0.48631, 0.84596, 0.95622, -0.28918, 0.01924, -28.14625, -8.29091, 128.68835
2582, 759, -29.51545, -6.00854, 128.60474, 129.56187, 0.80, 0.80, 0.00, 1.00, 0.46403, 0.8276, 0.46403, 0.8276, 0.85715, -0.50873, -0.07162, -29.51545, -6.00854, 128.60474
2583, 751, -30.14375, -8.17156, 123.31114, 124.27004, 0.80, 0.80, 0.00, 1.00, 0.51617, 0.82316, 0.51617, 0.82316, 0.69791, -0.4768, 0.53301, -30.14375, -8.17156, 123.31114
2584, 749, -27.97701, -10.51808, 124.11054, 125.06917, 0.80, 0.80, 0.00, 1.00, 0.54579, 0.84695, 0.54579, 0.84695, 0.77011, -0.45523, 0.44519, -27.97701, -10.51808, 124.11054
2585, 759, -29.51545, -6.00854, 128.60474, 129.56187, 0.80, 0.80, 0.00, 1.00, 0.46403, 0.8276, 0.46403, 0.8276, 0.85715, -0.50873, -0.07162, -29.51545, -6.00854, 128.60474
2586, 751, -30.14375, -8.17156, 123.31114, 124.27004, 0.80, 0.80, 0.00, 1.00, 0.51617, 0.82316, 0.51617, 0.82316, 0.69791, -0.4768, 0.53301, -30.14375, -8.17156, 123.31114
2587, 759, -29.51545, -6.00854, 128.60474, 129.56187, 0.80, 0.80, 0.00, 1.00, 0.46403, 0.8276, 0.46403, 0.8276, 0.85715, -0.50873, -0.07162, -29.51545, -6.00854, 128.60474
2588, 753, -32.29734, 0.96653, 124.78901, 125.74741, 0.80, 0.80, 0.00, 1.00, 0.48954, 0.74405, 0.48954, 0.74405, 0.9296, -0.3663, -0.00991, -32.29734, 0.96653, 124.78901
2589, 753, -32.29734, 0.96653, 124.78901, 125.74741, 0.80, 0.80, 0.00, 1.00, 0.48954, 0.74405, 0.48954, 0.74405, 0.9296, -0.3663, -0.00991, -32.29734, 0.96653, 124.78901
2590, 759, -29.51545, -6.00854, 128.60474, 129.56187, 0.80, 0.80, 0.00, 1.00, 0.46403, 0.8276, 0.46403, 0.8276, 0.85715, -0.50873, -0.07162, -29.51545, -6.00854, 128.60474
2591, 760, -31.72218, 3.90211, 127.85661, 128.814, 0.80, 0.80, 0.00, 1.00, 0.41844, 0.74352, 0.41844, 0.74352, 0.88603, -0.44752, -0.11496, -31.72218, 3.90211, 127.85661
2592, 753, -32.29734, 0.96653, 124.78901, 125.74741, 0.80, 0.80, 0.00, 1.00, 0.48954, 0.74405, 0.48954, 0.74405, 0.9296, -0.3663, -0.00991, -32.29734, 0.96653, 124.78901
2593, 760, -31.72218, 3.90211, 127.85661, 128.814, 0.80, 0.80, 0.00, 1.00, 0.41844, 0.74352, 0.41844, 0.74352, 0.88603, -0.44752, -0.11496, -31.72218, 3.90211, 127.85661
2594, 761, -34.43156, 5.97626, 129.71031, 130.66708, 0.80, 0.80, 0.00, 1.00, 0.40702, 0.71198, 0.40702, 0.71198, 0.97721, -0.19946, 0.05975, -34.43156, 5.97626, 129.71031
2595, 753, -32.29734, 0.96653, 124.78901, 125.74741, 0.80, 0.80, 0.00, 1.00, 0.48954, 0.74405, 0.48954, 0.74405, 0.9296, -0.3663, -0.00991, -32.29734, 0.96653, 124.78901
2596, 761, -34.43156, 5.97626, 129.71031, 130.66708, 0.80, 0.80, 0.00, 1.00, 0.40702, 0.71198, 0.40702, 0.71198, 0.97721, -0.19946, 0.05975, -34.43156, 5.97626, 129.71031
2597, 755, -32.93167, 4.2331, 123.66402, 124.6228, 0.80, 0.80, 0.00, 1.00, 0.48261, 0.71756, 0.48261, 0.71756, 0.95804, -0.2042, 0.19684, -32.93167, 4.2331, 123.66402
2598, 755, -32.93167, 4.2331, 123.66402, 124.6228, 0.80, 0.80, 0.00, 1.00, 0.48261, 0.71756, 0.48261, 0.71756, 0.95804, -0.2042, 0.19684, -32.93167, 4.2331, 123.66402
2599, 761, -34.43156, 5.97626, 129.71031, 130.66708, 0.80, 0.80, 0.00, 1.00, 0.40702, 0.71198, 0.40702, 0.71198, 0.97721, -0.19946, 0.05975, -34.43156, 5.97626, 129.71031
2600, 756, -32.99882, 10.31583, 124.16656, 125.12518, 0.80, 0.80, 0.00, 1.00, 0.49349, 0.6389, 0.49349, 0.6389, 0.71428, 0.11106, 0.68978, -32.99882, 10.31583, 124.16656
2601, 756, -32.99882, 10.31583, 124.16656, 125.12518, 0.80, 0.80, 0.00, 1.00, 0.49349, 0.6389, 0.49349, 0.6389, 0.71428, 0.11106, 0.68978, -32.99882, 10.31583, 124.16656
2602, 761, -34.43156, 5.97626, 129.71031, 130.66708, 0.80, 0.80, 0.00, 1.00, 0.40702, 0.71198, 0.40702, 0.71198, 0.97721, -0.19946, 0.05975, -34.43156, 5.97626, 129.71031
2603, 762, -34.4241, 11.12474, 125.51683, 126.47499, 0.80, 0.80, 0.00, 1.00, 0.40722, 0.65037, 0.40722, 0.65037, 0.72095, -0.02245, 0.69138, -34.4241, 11.12474, 125.51683
2604, 763, -29.79016, 16.17229, 120.93108, 121.89076, 0.80, 0.80, 0.00, 1.00, 0.57267, 0.62512, 0.57267, 0.62512, 0.61805, 0.57404, 0.53619, -29.79016, 16.17229, 120.93108
2605, 718, -27.19015, 13.97266, 118.34225, 119.3028, 0.80, 0.80, 0.00, 1.00, 0.63385, 0.63694, 0.63385, 0.63694, 0.41983, 0.26546, 0.86704, -27.19015, 13.97266, 118.34225
2606, 756, -32.99882, 10.31583, 124.16656, 125.12518, 0.80, 0.80, 0.00, 1.00, 0.49349, 0.6389, 0.49349, 0.6389, 0.71428, 0.11106, 0.68978, -32.99882, 10.31583, 124.16656
2607, 763, -29.79016, 16.17229, 120.93108, 121.89076, 0.80, 0.80, 0.00, 1.00, 0.57267, 0.62512, 0.57267, 0.62512, 0.61805, 0.57404, 0.53619, -29.79016, 16.17229, 120.93108
2608, 756, -32.99882, 10.31583, 124.16656, 125.12518, 0.80, 0.80, 0.00, 1.00, 0.49349, 0.6389, 0.49349, 0.6389, 0.71428, 0.11106, 0.68978, -32.99882, 10.31583, 124.16656
2609, 764, -33.65486, 14.32981, 125.82233, 126.78038, 0.80, 0.80, 0.00, 1.00, 0.40712, 0.63588, 0.40712, 0.63588, 0.46998, 0.48347, 0.7377, -33.65486, 14.32981, 125.82233
2610, 764, -33.65486, 14.32981, 125.82233, 126.78038, 0.80, 0.80, 0.00, 1.00, 0.40712, 0.63588, 0.40712, 0.63588, 0.46998, 0.48347, 0.7377, -33.65486, 14.32981, 125.82233
2611, 756, -32.99882, 10.31583, 124.16656, 125.12518, 0.80, 0.80, 0.00, 1.00, 0.49349, 0.6389, 0.49349, 0.6389, 0.71428, 0.11106, 0.68978, -32.99882, 10.31583, 124.16656
2612, 762, -34.4241, 11.12474, 125.51683, 126.47499, 0.80, 0.80, 0.00, 1.00, 0.40722, 0.65037, 0.40722, 0.65037, 0.72095, -0.02245, 0.69138, -34.4241, 11.12474, 125.51683
2613, 763, -29.79016, 16.17229, 120.93108, 121.89076, 0.80, 0.80, 0.00, 1.00, 0.57267, 0.62512, 0.57267, 0.62512, 0.61805, 0.57404, 0.53619, -29.79016, 16.17229, 120.93108
2614, 764, -33.65486, 14.32981, 125.82233, 126.78038, 0.80, 0.80, 0.00, 1.00, 0.40712, 0.63588, 0.40712, 0.63588, 0.46998, 0.48347, 0.7377, -33.65486, 14.32981, 125.82233
2615, 765, -29.46033, 19.82748, 123.39127, 124.35014, 0.80, 0.80, 0.00, 1.00, 0.56318, 0.61042, 0.56318, 0.61042, 0.6062, 0.66027, 0.44243, -29.46033, 19.82748, 123.39127
2616, 757, -28.14625, -8.29091, 128.68835, 129.64546, 0.80, 0.80, 0.00, 1.00, 0.48631, 0.84596, 0.48631, 0.84596, 0.95622, -0.28918, 0.01924, -28.14625, -8.29091, 128.68835
2617, 758, -26.08835, -9.57919, 131.86525, 132.8213, 0.80, 0.80, 0.00, 1.00, 0.48315, 0.87495, 0.48315, 0.87495, 0.77472, 0.17961, -0.60625, -26.08835, -9.57919, 131.86525
2618, 766, -28.26516, -7.99913, 130.37718, 131.33372, 0.80, 0.80, 0.00, 1.00, 0.44942, 0.85122, 0.44942, 0.85122, 0.93466, -0.35085, 0.04147, -28.26516, -7.99913, 130.37718
2619, 766, -28.26516, -7.99913, 130.37718, 131.33372, 0.80, 0.80, 0.00, 1.00, 0.44942, 0.85122, 0.44942, 0.85122, 0.93466, -0.35085, 0.04147, -28.26516, -7.99913, 130.37718
2620, 758, -26.08835, -9.57919, 131.86525, 132.8213, 0.80, 0.80, 0.00, 1.00, 0.48315, 0.87495, 0.48315, 0.87495, 0.77472, 0.17961, -0.60625, -26.08835, -9.57919, 131.86525
2621, 767, -24.96183, -8.80018, 133.17502, 134.13063, 0.80, 0.80, 0.00, 1.00, 0.44784, 0.87636, 0.44784, 0.87636, 0.79337, 0.10095, -0.60031, -24.96183, -8.80018, 133.17502
2622, 757, -28.14625, -8.29091, 128.68835, 129.64546, 0.80, 0.80, 0.00, 1.00, 0.48631, 0.84596, 0.48631, 0.84596, 0.95622, -0.28918, 0.01924, -28.14625, -8.29091, 128.68835
2623, 766, -28.26516, -7.99913, 130.37718, 131.33372, 0.80, 0.80, 0.00, 1.00, 0.44942, 0.85122, 0.44942, 0.85122, 0.93466, -0.35085, 0.04147, -28.26516, -7.99913, 130.37718
2624, 759, -29.51545, -6.00854, 128.60474, 129.56187, 0.80, 0.80, 0.00, 1.00, 0.46403, 0.8276, 0.46403, 0.8276, 0.85715, -0.50873, -0.07162, -29.51545, -6.00854, 128.60474
2625, 759, -29.51545, -6.00854, 128.60474, 129.56187, 0.80, 0.80, 0.00, 1.00, 0.46403, 0.8276, 0.46403, 0.8276, 0.85715, -0.50873, -0.07162, -29.51545, -6.00854, 128.60474
2626, 766, -28.26516, -7.99913, 130.37718, 131.33372, 0.80, 0.80, 0.00, 1.00, 0.44942, 0.85122, 0.44942, 0.85122, 0.93466, -0.35085, 0.04147, -28.26516, -7.99913, 130.37718
2627, 768, -29.58347, -5.48908, 130.22427, 131.18086, 0.80, 0.80, 0.00, 1.00, 0.43045, 0.82947, 0.43045, 0.82947, 0.90431, -0.41666, 0.08421, -29.58347, -5.48908, 130.22427
2628, 760, -31.72218, 3.90211, 127.85661, 128.814, 0.80, 0.80, 0.00, 1.00, 0.41844, 0.74352, 0.41844, 0.74352, 0.88603, -0.44752, -0.11496, -31.72218, 3.90211, 127.85661
2629, 768, -29.58347, -5.48908, 130.22427, 131.18086, 0.80, 0.80, 0.00, 1.00, 0.43045, 0.82947, 0.43045, 0.82947, 0.90431, -0.41666, 0.08421, -29.58347, -5.48908, 130.22427
2630, 769, -31.80362, 4.06229, 128.30923, 129.26646, 0.80, 0.80, 0.00, 1.00, 0.41889, 0.74069, 0.41889, 0.74069, 0.8539, -0.50927, 0.10052, -31.80362, 4.06229, 128.30923
2631, 759, -29.51545, -6.00854, 128.60474, 129.56187, 0.80, 0.80, 0.00, 1.00, 0.46403, 0.8276, 0.46403, 0.8276, 0.85715, -0.50873, -0.07162, -29.51545, -6.00854, 128.60474
2632, 768, -29.58347, -5.48908, 130.22427, 131.18086, 0.80, 0.80, 0.00, 1.00, 0.43045, 0.82947, 0.43045, 0.82947, 0.90431, -0.41666, 0.08421, -29.58347, -5.48908, 130.22427
2633, 760, -31.72218, 3.90211, 127.85661, 128.814, 0.80, 0.80, 0.00, 1.00, 0.41844, 0.74352, 0.41844, 0.74352, 0.88603, -0.44752, -0.11496, -31.72218, 3.90211, 127.85661
2634, 760, -31.72218, 3.90211, 127.85661, 128.814, 0.80, 0.80, 0.00, 1.00, 0.41844, 0.74352, 0.41844, 0.74352, 0.88603, -0.44752, -0.11496, -31.72218, 3.90211, 127.85661
2635, 769, -31.80362, 4.06229, 128.30923, 129.26646, 0.80, 0.80, 0.00, 1.00, 0.41889, 0.74069, 0.41889, 0.74069, 0.8539, -0.50927, 0.10052, -31.80362, 4.06229, 128.30923
2636, 761, -34.43156, 5.97626, 129.71031, 130.66708, 0.80, 0.80, 0.00, 1.00, 0.40702, 0.71198, 0.40702, 0.71198, 0.97721, -0.19946, 0.05975, -34.43156, 5.97626, 129.71031
2637, 708, -27.18604, -12.03415, 123.84708, 124.8058, 0.80, 0.80, 0.00, 1.00, 0.63385, 0.87519, 0.63385, 0.87519, 0.84382, -0.09814, 0.52758, -27.18604, -12.03415, 123.84708
2638, 734, -27.09632, -13.31558, 123.98255, 124.94122, 0.80, 0.80, 0.00, 1.00, 0.63385, 0.88546, 0.63385, 0.88546, 0.8361, -0.15224, 0.52702, -27.09632, -13.31558, 123.98255
2639, 750, -28.88374, -10.69696, 128.69739, 129.6545, 0.80, 0.80, 0.00, 1.00, 0.53788, 0.87156, 0.53788, 0.87156, 0.97234, 0.02263, -0.23245, -28.88374, -10.69696, 128.69739
2640, 750, -28.88374, -10.69696, 128.69739, 129.6545, 0.80, 0.80, 0.00, 1.00, 0.53788, 0.87156, 0.53788, 0.87156, 0.97234, 0.02263, -0.23245, -28.88374, -10.69696, 128.69739
2641, 734, -27.09632, -13.31558, 123.98255, 124.94122, 0.80, 0.80, 0.00, 1.00, 0.63385, 0.88546, 0.63385, 0.88546, 0.8361, -0.15224, 0.52702, -27.09632, -13.31558, 123.98255
2642, 770, -28.78019, -12.39967, 129.01956, 129.97655, 0.80, 0.80, 0.00, 1.00, 0.53544, 0.88546, 0.53544, 0.88546, 0.98978, -0.10832, -0.09273, -28.78019, -12.39967, 129.01956
2643, 750, -28.88374, -10.69696, 128.69739, 129.6545, 0.80, 0.80, 0.00, 1.00, 0.53788, 0.87156, 0.53788, 0.87156, 0.97234, 0.02263, -0.23245, -28.88374, -10.69696, 128.69739
2644, 770, -28.78019, -12.39967, 129.01956, 129.97655, 0.80, 0.80, 0.00, 1.00, 0.53544, 0.88546, 0.53544, 0.88546, 0.98978, -0.10832, -0.09273, -28.78019, -12.39967, 129.01956
2645, 771, -26.27699, -10.9893, 132.65366, 133.60945, 0.80, 0.80, 0.00, 1.00, 0.47007, 0.88703, 0.47007, 0.88703, 0.76547, 0.24296, -0.59584, -26.27699, -10.9893, 132.65366
2646, 750, -28.88374, -10.69696, 128.69739, 129.6545, 0.80, 0.80, 0.00, 1.00, 0.53788, 0.87156, 0.53788, 0.87156, 0.97234, 0.02263, -0.23245, -28.88374, -10.69696, 128.69739
2647, 771, -26.27699, -10.9893, 132.65366, 133.60945, 0.80, 0.80, 0.00, 1.00, 0.47007, 0.88703, 0.47007, 0.88703, 0.76547, 0.24296, -0.59584, -26.27699, -10.9893, 132.65366
2648, 758, -26.08835, -9.57919, 131.86525, 132.8213, 0.80, 0.80, 0.00, 1.00, 0.48315, 0.87495, 0.48315, 0.87495, 0.77472, 0.17961, -0.60625, -26.08835, -9.57919, 131.86525
2649, 758, -26.08835, -9.57919, 131.86525, 132.8213, 0.80, 0.80, 0.00, 1.00, 0.48315, 0.87495, 0.48315, 0.87495, 0.77472, 0.17961, -0.60625, -26.08835, -9.57919, 131.86525
2650, 771, -26.27699, -10.9893, 132.65366, 133.60945, 0.80, 0.80, 0.00, 1.00, 0.47007, 0.88703, 0.47007, 0.88703, 0.76547, 0.24296, -0.59584, -26.27699, -10.9893, 132.65366
2651, 772, -24.89298, -10.38055, 133.97667, 134.93201, 0.80, 0.80, 0.00, 1.00, 0.4372, 0.89018, 0.4372, 0.89018, 0.73308, 0.30124, -0.60979, -24.89298, -10.38055, 133.97667
2652, 758, -26.08835, -9.57919, 131.86525, 132.8213, 0.80, 0.80, 0.00, 1.00, 0.48315, 0.87495, 0.48315, 0.87495, 0.77472, 0.17961, -0.60625, -26.08835, -9.57919, 131.86525
2653, 772, -24.89298, -10.38055, 133.97667, 134.93201, 0.80, 0.80, 0.00, 1.00, 0.4372, 0.89018, 0.4372, 0.89018, 0.73308, 0.30124, -0.60979, -24.89298, -10.38055, 133.97667
2654, 767, -24.96183, -8.80018, 133.17502, 134.13063, 0.80, 0.80, 0.00, 1.00, 0.44784, 0.87636, 0.44784, 0.87636, 0.79337, 0.10095, -0.60031, -24.96183, -8.80018, 133.17502
2655, 734, -27.09632, -13.31558, 123.98255, 124.94122, 0.80, 0.80, 0.00, 1.00, 0.63385, 0.88546, 0.63385, 0.88546, 0.8361, -0.15224, 0.52702, -27.09632, -13.31558, 123.98255
2656, 739, -27.40578, -18.39612, 127.2821, 128.23967, 0.80, 0.80, 0.00, 1.00, 0.63385, 0.93945, 0.63385, 0.93945, 0.98795, -0.12349, 0.09327, -27.40578, -18.39612, 127.2821
2657, 770, -28.78019, -12.39967, 129.01956, 129.97655, 0.80, 0.80, 0.00, 1.00, 0.53544, 0.88546, 0.53544, 0.88546, 0.98978, -0.10832, -0.09273, -28.78019, -12.39967, 129.01956
2658, 770, -28.78019, -12.39967, 129.01956, 129.97655, 0.80, 0.80, 0.00, 1.00, 0.53544, 0.88546, 0.53544, 0.88546, 0.98978, -0.10832, -0.09273, -28.78019, -12.39967, 129.01956
2659, 739, -27.40578, -18.39612, 127.2821, 128.23967, 0.80, 0.80, 0.00, 1.00, 0.63385, 0.93945, 0.63385, 0.93945, 0.98795, -0.12349, 0.09327, -27.40578, -18.39612, 127.2821
2660, 773, -26.64588, -17.36331, 132.62462, 133.58041, 0.80, 0.80, 0.00, 1.00, 0.53314, 0.94095, 0.53314, 0.94095, 0.96629, -0.01881, -0.25677, -26.64588, -17.36331, 132.62462
2661, 770, -28.78019, -12.39967, 129.01956, 129.97655, 0.80, 0.80, 0.00, 1.00, 0.53544, 0.88546, 0.53544, 0.88546, 0.98978, -0.10832, -0.09273, -28.78019, -12.39967, 129.01956
2662, 773, -26.64588, -17.36331, 132.62462, 133.58041, 0.80, 0.80, 0.00, 1.00, 0.53314, 0.94095, 0.53314, 0.94095, 0.96629, -0.01881, -0.25677, -26.64588, -17.36331, 132.62462
2663, 774, -25.62228, -16.93967, 134.98062, 135.93562, 0.80, 0.80, 0.00, 1.00, 0.48999, 0.94186, 0.48999, 0.94186, 0.66175, 0.09134, -0.74413, -25.62228, -16.93967, 134.98062
2664, 770, -28.78019, -12.39967, 129.01956, 129.97655, 0.80, 0.80, 0.00, 1.00, 0.53544, 0.88546, 0.53544, 0.88546, 0.98978, -0.10832, -0.09273, -28.78019, -12.39967, 129.01956
2665, 775, -26.44801, -12.69904, 133.04788, 134.00354, 0.80, 0.80, 0.00, 1.00, 0.46382, 0.90069, 0.46382, 0.90069, 0.7865, 0.12814, -0.60415, -26.44801, -12.69904, 133.04788
2666, 771, -26.27699, -10.9893, 132.65366, 133.60945, 0.80, 0.80, 0.00, 1.00, 0.47007, 0.88703, 0.47007, 0.88703, 0.76547, 0.24296, -0.59584, -26.27699, -10.9893, 132.65366
2667, 776, -21.9992, -16.52412, 136.31703, 137.27159, 0.80, 0.80, 0.00, 1.00, 0.41671, 0.94573, 0.41671, 0.94573, 0.37578, 0.12069, -0.91881, -21.9992, -16.52412, 136.31703
2668, 775, -26.44801, -12.69904, 133.04788, 134.00354, 0.80, 0.80, 0.00, 1.00, 0.46382, 0.90069, 0.46382, 0.90069, 0.7865, 0.12814, -0.60415, -26.44801, -12.69904, 133.04788
2669, 774, -25.62228, -16.93967, 134.98062, 135.93562, 0.80, 0.80, 0.00, 1.00, 0.48999, 0.94186, 0.48999, 0.94186, 0.66175, 0.09134, -0.74413, -25.62228, -16.93967, 134.98062
2670, 771, -26.27699, -10.9893, 132.65366, 133.60945, 0.80, 0.80, 0.00, 1.00, 0.47007, 0.88703, 0.47007, 0.88703, 0.76547, 0.24296, -0.59584, -26.27699, -10.9893, 132.65366
2671, 775, -26.44801, -12.69904, 133.04788, 134.00354, 0.80, 0.80, 0.00, 1.00, 0.46382, 0.90069, 0.46382, 0.90069, 0.7865, 0.12814, -0.60415, -26.44801, -12.69904, 133.04788
2672, 777, -24.80994, -11.88084, 134.69563, 135.65073, 0.80, 0.80, 0.00, 1.00, 0.42796, 0.90324, 0.42796, 0.90324, 0.73304, 0.1701, -0.65857, -24.80994, -11.88084, 134.69563
2673, 771, -26.27699, -10.9893, 132.65366, 133.60945, 0.80, 0.80, 0.00, 1.00, 0.47007, 0.88703, 0.47007, 0.88703, 0.76547, 0.24296, -0.59584, -26.27699, -10.9893, 132.65366
2674, 777, -24.80994, -11.88084, 134.69563, 135.65073, 0.80, 0.80, 0.00, 1.00, 0.42796, 0.90324, 0.42796, 0.90324, 0.73304, 0.1701, -0.65857, -24.80994, -11.88084, 134.69563
2675, 772, -24.89298, -10.38055, 133.97667, 134.93201, 0.80, 0.80, 0.00, 1.00, 0.4372, 0.89018, 0.4372, 0.89018, 0.73308, 0.30124, -0.60979, -24.89298, -10.38055, 133.97667
2676, 774, -25.62228, -16.93967, 134.98062, 135.93562, 0.80, 0.80, 0.00, 1.00, 0.48999, 0.94186, 0.48999, 0.94186, 0.66175, 0.09134, -0.74413, -25.62228, -16.93967, 134.98062
2677, 775, -26.44801, -12.69904, 133.04788, 134.00354, 0.80, 0.80, 0.00, 1.00, 0.46382, 0.90069, 0.46382, 0.90069, 0.7865, 0.12814, -0.60415, -26.44801, -12.69904, 133.04788
2678, 770, -28.78019, -12.39967, 129.01956, 129.97655, 0.80, 0.80, 0.00, 1.00, 0.53544, 0.88546, 0.53544, 0.88546, 0.98978, -0.10832, -0.09273, -28.78019, -12.39967, 129.01956
2679, 777, -24.80994, -11.88084, 134.69563, 135.65073, 0.80, 0.80, 0.00, 1.00, 0.42796, 0.90324, 0.42796, 0.90324, 0.73304, 0.1701, -0.65857, -24.80994, -11.88084, 134.69563
2680, 775, -26.44801, -12.69904, 133.04788, 134.00354, 0.80, 0.80, 0.00, 1.00, 0.46382, 0.90069, 0.46382, 0.90069, 0.7865, 0.12814, -0.60415, -26.44801, -12.69904, 133.04788
2681, 776, -21.9992, -16.52412, 136.31703, 137.27159, 0.80, 0.80, 0.00, 1.00, 0.41671, 0.94573, 0.41671, 0.94573, 0.37578, 0.12069, -0.91881, -21.9992, -16.52412, 136.31703
2682, 752, -31.38519, -0.02766, 122.58334, 123.54248, 0.80, 0.80, 0.00, 1.00, 0.52069, 0.74537, 0.52069, 0.74537, 0.70437, -0.35441, 0.6137, -31.38519, -0.02766, 122.58334
2683, 754, -31.90688, 3.12042, 121.57561, 122.5351, 0.80, 0.80, 0.00, 1.00, 0.52069, 0.72113, 0.52069, 0.72113, 0.77789, -0.16715, 0.60433, -31.90688, 3.12042, 121.57561
2684, 720, -26.57087, 3.10954, 118.03545, 118.99611, 0.80, 0.80, 0.00, 1.00, 0.63385, 0.72087, 0.63385, 0.72087, 0.35586, -0.22098, 0.90709, -26.57087, 3.10954, 118.03545
2685, 756, -32.99882, 10.31583, 124.16656, 125.12518, 0.80, 0.80, 0.00, 1.00, 0.49349, 0.6389, 0.49349, 0.6389, 0.71428, 0.11106, 0.68978, -32.99882, 10.31583, 124.16656
2686, 754, -31.90688, 3.12042, 121.57561, 122.5351, 0.80, 0.80, 0.00, 1.00, 0.52069, 0.72113, 0.52069, 0.72113, 0.77789, -0.16715, 0.60433, -31.90688, 3.12042, 121.57561
2687, 755, -32.93167, 4.2331, 123.66402, 124.6228, 0.80, 0.80, 0.00, 1.00, 0.48261, 0.71756, 0.48261, 0.71756, 0.95804, -0.2042, 0.19684, -32.93167, 4.2331, 123.66402
2688, 751, -30.14375, -8.17156, 123.31114, 124.27004, 0.80, 0.80, 0.00, 1.00, 0.51617, 0.82316, 0.51617, 0.82316, 0.69791, -0.4768, 0.53301, -30.14375, -8.17156, 123.31114
2689, 752, -31.38519, -0.02766, 122.58334, 123.54248, 0.80, 0.80, 0.00, 1.00, 0.52069, 0.74537, 0.52069, 0.74537, 0.70437, -0.35441, 0.6137, -31.38519, -0.02766, 122.58334
2690, 715, -26.17414, -0.02711, 118.85486, 119.81524, 0.80, 0.80, 0.00, 1.00, 0.63385, 0.74442, 0.63385, 0.74442, 0.3615, -0.28796, 0.88584, -26.17414, -0.02711, 118.85486
2691, 720, -26.57087, 3.10954, 118.03545, 118.99611, 0.80, 0.80, 0.00, 1.00, 0.63385, 0.72087, 0.63385, 0.72087, 0.35586, -0.22098, 0.90709, -26.57087, 3.10954, 118.03545
2692, 715, -26.17414, -0.02711, 118.85486, 119.81524, 0.80, 0.80, 0.00, 1.00, 0.63385, 0.74442, 0.63385, 0.74442, 0.3615, -0.28796, 0.88584, -26.17414, -0.02711, 118.85486
2693, 752, -31.38519, -0.02766, 122.58334, 123.54248, 0.80, 0.80, 0.00, 1.00, 0.52069, 0.74537, 0.52069, 0.74537, 0.70437, -0.35441, 0.6137, -31.38519, -0.02766, 122.58334
2694, 739, -27.40578, -18.39612, 127.2821, 128.23967, 0.80, 0.80, 0.00, 1.00, 0.63385, 0.93945, 0.63385, 0.93945, 0.98795, -0.12349, 0.09327, -27.40578, -18.39612, 127.2821
2695, 745, -26.25874, -25.20995, 128.21385, 129.17111, 0.80, 0.80, 0.00, 1.00, 0.63385, 0.9943, 0.63385, 0.9943, 0.97199, -0.21636, 0.09176, -26.25874, -25.20995, 128.21385
2696, 778, -29.28796, -18.22724, 131.01022, 131.96655, 0.80, 0.80, 0.00, 1.00, 0.55637, 0.99147, 0.55637, 0.99147, 0.80672, 0.57688, -0.09689, -29.28796, -18.22724, 131.01022
2697, 779, -28.92105, -19.11233, 134.71182, 135.66692, 0.80, 0.80, 0.00, 1.00, 0.49104, 0.98035, 0.49104, 0.98035, 0.69055, 0.26228, -0.6736, -28.92105, -19.11233, 134.71182
2698, 773, -26.64588, -17.36331, 132.62462, 133.58041, 0.80, 0.80, 0.00, 1.00, 0.53314, 0.94095, 0.53314, 0.94095, 0.96629, -0.01881, -0.25677, -26.64588, -17.36331, 132.62462
2699, 778, -29.28796, -18.22724, 131.01022, 131.96655, 0.80, 0.80, 0.00, 1.00, 0.55637, 0.99147, 0.55637, 0.99147, 0.80672, 0.57688, -0.09689, -29.28796, -18.22724, 131.01022
2700, 779, -28.92105, -19.11233, 134.71182, 135.66692, 0.80, 0.80, 0.00, 1.00, 0.49104, 0.98035, 0.49104, 0.98035, 0.69055, 0.26228, -0.6736, -28.92105, -19.11233, 134.71182
2701, 776, -21.9992, -16.52412, 136.31703, 137.27159, 0.80, 0.80, 0.00, 1.00, 0.41671, 0.94573, 0.41671, 0.94573, 0.37578, 0.12069, -0.91881, -21.9992, -16.52412, 136.31703
2702, 774, -25.62228, -16.93967, 134.98062, 135.93562, 0.80, 0.80, 0.00, 1.00, 0.48999, 0.94186, 0.48999, 0.94186, 0.66175, 0.09134, -0.74413, -25.62228, -16.93967, 134.98062
2703, 773, -26.64588, -17.36331, 132.62462, 133.58041, 0.80, 0.80, 0.00, 1.00, 0.53314, 0.94095, 0.53314, 0.94095, 0.96629, -0.01881, -0.25677, -26.64588, -17.36331, 132.62462
2704, 779, -28.92105, -19.11233, 134.71182, 135.66692, 0.80, 0.80, 0.00, 1.00, 0.49104, 0.98035, 0.49104, 0.98035, 0.69055, 0.26228, -0.6736, -28.92105, -19.11233, 134.71182
2705, 774, -25.62228, -16.93967, 134.98062, 135.93562, 0.80, 0.80, 0.00, 1.00, 0.48999, 0.94186, 0.48999, 0.94186, 0.66175, 0.09134, -0.74413, -25.62228, -16.93967, 134.98062
2706, 776, -21.9992, -16.52412, 136.31703, 137.27159, 0.80, 0.80, 0.00, 1.00, 0.41671, 0.94573, 0.41671, 0.94573, 0.37578, 0.12069, -0.91881, -21.9992, -16.52412, 136.31703
2707, 779, -28.92105, -19.11233, 134.71182, 135.66692, 0.80, 0.80, 0.00, 1.00, 0.49104, 0.98035, 0.49104, 0.98035, 0.69055, 0.26228, -0.6736, -28.92105, -19.11233, 134.71182
2708, 780, -26.10637, -22.90042, 136.74448, 137.6989, 0.80, 0.80, 0.00, 1.00, 0.4093, 0.98167, 0.4093, 0.98167, 0.49338, 0.0038, -0.86965, -26.10637, -22.90042, 136.74448
2709, 773, -26.64588, -17.36331, 132.62462, 133.58041, 0.80, 0.80, 0.00, 1.00, 0.53314, 0.94095, 0.53314, 0.94095, 0.96629, -0.01881, -0.25677, -26.64588, -17.36331, 132.62462
2710, 739, -27.40578, -18.39612, 127.2821, 128.23967, 0.80, 0.80, 0.00, 1.00, 0.63385, 0.93945, 0.63385, 0.93945, 0.98795, -0.12349, 0.09327, -27.40578, -18.39612, 127.2821
2711, 778, -29.28796, -18.22724, 131.01022, 131.96655, 0.80, 0.80, 0.00, 1.00, 0.55637, 0.99147, 0.55637, 0.99147, 0.80672, 0.57688, -0.09689, -29.28796, -18.22724, 131.01022
